{"type":"FeatureCollection","name":"bag3d_pand","crs":{"type":"name","properties":{"name":"urn:ogc:def:crs:EPSG::28992"}},"features":[{"type":"Feature","properties":{"identificatie":"NL.IMBAG.Pand.0091100000018855","oorspronkelijkbouwjaar":1961,"status":"Pand in gebruik","b3_dak_type":"slanted","b3_bouwlagen":2,"b3_h_maaiveld":-0.703000009059906,"b3_h_nok":4.966889381408691,"b3_n_nok":1,"b3_n_vlakken":3,"b3_opp_grond":119.22000122070312,"b3_opp_dak_plat":33.36000061035156,"b3_opp_dak_schuin":100.86000061035156,"b3_volume_lod22":529.2081298828125,"b3_kwaliteitsindicator":1,"b3_pw_bron":"ahn5","b3_h_goot_nap":2.79,"b3_h_nok_nap":5.19,"goothoogte":3.49,"nokhoogte":5.89},"geometry":{"type":"Polygon","coordinates":[[[171890.453,559124.813],[171887.203,559122.063],[171888.344,559120.688],[171879.125,559112.75],[171883.656,559107.375],[171893.156,559115.563],[171892.484,559116.313],[171895.5,559118.875],[171890.453,559124.813]]]}},{"type":"Feature","properties":{"identificatie":"NL.IMBAG.Pand.0683100000288962","oorspronkelijkbouwjaar":1871,"status":"Pand in gebruik","b3_dak_type":"slanted","b3_h_maaiveld":-0.47600001096725464,"b3_h_nok":12.099912643432617,"b3_n_nok":1,"b3_n_vlakken":6,"b3_opp_grond":597.7899780273438,"b3_opp_dak_plat":0,"b3_opp_dak_schuin":900.5700073242188,"b3_volume_lod22":4287.88037109375,"b3_kwaliteitsindicator":1,"b3_pw_bron":"ahn5","b3_h_goot_nap":1.81,"b3_h_nok_nap":12.56,"goothoogte":2.28,"nokhoogte":13.03},"geometry":{"type":"Polygon","coordinates":[[[171985.594,558947.625],[171988.938,558950.75],[171976,558964.813],[171975.281,558964.188],[171971.453,558968.313],[171972.172,558968.938],[171968.594,558972.875],[171954.859,558960.5],[171959.453,558955.438],[171958.672,558954.688],[171975.156,558936.5],[171986.406,558946.75],[171985.594,558947.625]]]}},{"type":"Feature","properties":{"identificatie":"NL.IMBAG.Pand.0091100000002308","oorspronkelijkbouwjaar":1977,"status":"Pand in gebruik","b3_dak_type":"slanted","b3_h_maaiveld":-1.187000036239624,"b3_h_nok":2.7925314903259277,"b3_n_nok":1,"b3_n_vlakken":2,"b3_opp_grond":67.05999755859375,"b3_opp_dak_plat":0,"b3_opp_dak_schuin":71.08000183105469,"b3_volume_lod22":225.32081604003906,"b3_kwaliteitsindicator":1,"b3_pw_bron":"ahn5","b3_h_goot_nap":1.48,"b3_h_nok_nap":2.89,"goothoogte":2.67,"nokhoogte":4.08},"geometry":{"type":"Polygon","coordinates":[[[172004.031,558972.625],[171999.391,558977.625],[171992.063,558971.063],[171996.875,558966.125],[172004.031,558972.625]]]}},{"type":"Feature","properties":{"identificatie":"NL.IMBAG.Pand.0683100000296691","oorspronkelijkbouwjaar":1992,"status":"Pand in gebruik","b3_dak_type":"slanted","b3_h_maaiveld":-0.7160000205039978,"b3_h_nok":5.250139236450195,"b3_n_nok":1,"b3_n_vlakken":2,"b3_opp_grond":340.6300048828125,"b3_opp_dak_plat":0,"b3_opp_dak_schuin":363.0199890136719,"b3_volume_lod22":1560.9461669921875,"b3_kwaliteitsindicator":1,"b3_pw_bron":"ahn5","b3_h_goot_nap":2.27,"b3_h_nok_nap":5.39,"goothoogte":2.98,"nokhoogte":6.1},"geometry":{"type":"Polygon","coordinates":[[[171951.109,558914.625],[171967.766,558929.813],[171957.578,558940.938],[171940.922,558925.75],[171951.109,558914.625]]]}},{"type":"Feature","properties":{"identificatie":"NL.IMBAG.Pand.1900100000315224","oorspronkelijkbouwjaar":1999,"status":"Pand in gebruik","b3_dak_type":"slanted","b3_bouwlagen":2,"b3_h_maaiveld":-0.5870000123977661,"b3_h_nok":7.262424468994141,"b3_n_nok":1,"b3_n_vlakken":3,"b3_opp_grond":74.1500015258789,"b3_opp_dak_plat":2.4700000286102295,"b3_opp_dak_schuin":107.16000366210938,"b3_volume_lod22":423.4861755371094,"b3_kwaliteitsindicator":1,"b3_pw_bron":"ahn5","b3_h_goot_nap":2.85,"b3_h_nok_nap":7.64,"goothoogte":3.44,"nokhoogte":8.22},"geometry":{"type":"Polygon","coordinates":[[[171954.438,558944.188],[171947.703,558951.563],[171942.234,558946.688],[171949.031,558939.188],[171954.438,558944.188]]]}},{"type":"Feature","properties":{"identificatie":"NL.IMBAG.Pand.0091100000009588","oorspronkelijkbouwjaar":1989,"status":"Pand in gebruik","b3_dak_type":"slanted","b3_h_maaiveld":-0.4970000088214874,"b3_h_nok":2.5778541564941406,"b3_n_nok":1,"b3_n_vlakken":2,"b3_opp_grond":20.799999237060547,"b3_opp_dak_plat":0,"b3_opp_dak_schuin":24.170000076293945,"b3_volume_lod22":53.649024963378906,"b3_kwaliteitsindicator":1,"b3_pw_bron":"ahn5","b3_h_goot_nap":1.38,"b3_h_nok_nap":2.79,"goothoogte":1.87,"nokhoogte":3.28},"geometry":{"type":"Polygon","coordinates":[[[172068.891,559213],[172065.906,559214.688],[172062.953,559209.375],[172065.938,559207.688],[172068.891,559213]]]}},{"type":"Feature","properties":{"identificatie":"NL.IMBAG.Pand.0091100000006808","oorspronkelijkbouwjaar":1976,"status":"Pand in gebruik","b3_dak_type":"slanted","b3_bouwlagen":3,"b3_h_maaiveld":-0.5149999856948853,"b3_h_nok":8.168597221374512,"b3_n_nok":3,"b3_n_vlakken":5,"b3_opp_grond":62.41999816894531,"b3_opp_dak_plat":9.470000267028809,"b3_opp_dak_schuin":73.4000015258789,"b3_volume_lod22":372.09576416015625,"b3_kwaliteitsindicator":1,"b3_pw_bron":"ahn5","b3_h_goot_nap":2.59,"b3_h_nok_nap":8.4,"goothoogte":3.11,"nokhoogte":8.92},"geometry":{"type":"Polygon","coordinates":[[[172076.859,559340.813],[172073.203,559344.813],[172062.859,559335.25],[172064.5,559333.5],[172067.797,559336.563],[172069.828,559334.313],[172076.859,559340.813]]]}},{"type":"Feature","properties":{"identificatie":"NL.IMBAG.Pand.0091100000004598","oorspronkelijkbouwjaar":1976,"status":"Pand in gebruik","b3_dak_type":"slanted","b3_bouwlagen":3,"b3_h_maaiveld":-0.4350000023841858,"b3_h_nok":8.209863662719727,"b3_n_nok":1,"b3_n_vlakken":3,"b3_opp_grond":60.20000076293945,"b3_opp_dak_plat":7.920000076293945,"b3_opp_dak_schuin":60.84000015258789,"b3_volume_lod22":401.8135986328125,"b3_kwaliteitsindicator":1,"b3_pw_bron":"ahn5","b3_h_goot_nap":3.58,"b3_h_nok_nap":8.4,"goothoogte":4.02,"nokhoogte":8.83},"geometry":{"type":"Polygon","coordinates":[[[172020.328,559314.438],[172016.016,559311.188],[172021.766,559303.625],[172024.313,559305.625],[172026.828,559302.313],[172028.578,559303.688],[172020.328,559314.438]]]}},{"type":"Feature","properties":{"identificatie":"NL.IMBAG.Pand.0091100000009600","oorspronkelijkbouwjaar":1977,"status":"Pand in gebruik","b3_dak_type":"slanted","b3_h_maaiveld":-0.4959999918937683,"b3_h_nok":2.2602016925811768,"b3_n_nok":1,"b3_n_vlakken":2,"b3_opp_grond":11.3100004196167,"b3_opp_dak_plat":0,"b3_opp_dak_schuin":11.800000190734863,"b3_volume_lod22":28.140174865722656,"b3_kwaliteitsindicator":1,"b3_pw_bron":"ahn5","b3_h_goot_nap":1.59,"b3_h_nok_nap":2.3,"goothoogte":2.09,"nokhoogte":2.79},"geometry":{"type":"Polygon","coordinates":[[[172006.5,559362.438],[172005.5,559365.688],[172002.313,559364.688],[172003.297,559361.438],[172006.5,559362.438]]]}},{"type":"Feature","properties":{"identificatie":"NL.IMBAG.Pand.0091100000013745","oorspronkelijkbouwjaar":1978,"status":"Pand in gebruik","b3_dak_type":"slanted","b3_bouwlagen":3,"b3_h_maaiveld":-0.5870000123977661,"b3_h_nok":7.761181831359863,"b3_n_nok":1,"b3_n_vlakken":7,"b3_opp_grond":80.7300033569336,"b3_opp_dak_plat":19.84000015258789,"b3_opp_dak_schuin":73.30999755859375,"b3_volume_lod22":443.2313232421875,"b3_kwaliteitsindicator":1,"b3_pw_bron":"ahn5","b3_h_goot_nap":2.61,"b3_h_nok_nap":7.99,"goothoogte":3.2,"nokhoogte":8.58},"geometry":{"type":"Polygon","coordinates":[[[171999.484,559262.313],[172000.969,559260.938],[172002.734,559262.813],[172002.875,559262.688],[172004,559263.875],[172006.688,559261.25],[172009.188,559263.938],[172009.281,559263.813],[172014.938,559270],[172010.484,559274.063],[172004.875,559267.938],[172004.781,559268],[171999.484,559262.313]]]}},{"type":"Feature","properties":{"identificatie":"NL.IMBAG.Pand.0091100000011477","oorspronkelijkbouwjaar":1977,"status":"Pand in gebruik","b3_dak_type":"slanted","b3_bouwlagen":3,"b3_h_maaiveld":-0.5559999942779541,"b3_h_nok":8.292216300964355,"b3_n_nok":2,"b3_n_vlakken":4,"b3_opp_grond":62.97999954223633,"b3_opp_dak_plat":8.550000190734863,"b3_opp_dak_schuin":62.630001068115234,"b3_volume_lod22":435.3067626953125,"b3_kwaliteitsindicator":1,"b3_pw_bron":"ahn5","b3_h_goot_nap":5.26,"b3_h_nok_nap":8.51,"goothoogte":5.82,"nokhoogte":9.06},"geometry":{"type":"Polygon","coordinates":[[[172073.984,559271.563],[172070.766,559266.875],[172078.672,559261.438],[172080.578,559264.25],[172083.969,559261.875],[172085.234,559263.75],[172078.469,559268.375],[172073.984,559271.563]]]}},{"type":"Feature","properties":{"identificatie":"NL.IMBAG.Pand.0091100000006828","oorspronkelijkbouwjaar":1977,"status":"Pand in gebruik","b3_dak_type":"slanted","b3_bouwlagen":3,"b3_h_maaiveld":-0.7649999856948853,"b3_h_nok":8.368607521057129,"b3_n_nok":1,"b3_n_vlakken":3,"b3_opp_grond":62.709999084472656,"b3_opp_dak_plat":13.729999542236328,"b3_opp_dak_schuin":61.47999954223633,"b3_volume_lod22":445.5218200683594,"b3_kwaliteitsindicator":1,"b3_pw_bron":"ahn5","b3_h_goot_nap":5.43,"b3_h_nok_nap":8.54,"goothoogte":6.19,"nokhoogte":9.3},"geometry":{"type":"Polygon","coordinates":[[[172064.656,559258],[172061.484,559253.375],[172069.391,559247.938],[172071.406,559250.875],[172074.797,559248.563],[172076.047,559250.375],[172072.656,559252.688],[172072.563,559252.563],[172064.656,559258]]]}},{"type":"Feature","properties":{"identificatie":"NL.IMBAG.Pand.0091100000006386","oorspronkelijkbouwjaar":1978,"status":"Pand in gebruik","b3_dak_type":"slanted","b3_bouwlagen":3,"b3_h_maaiveld":-0.5870000123977661,"b3_h_nok":8.876709938049316,"b3_n_nok":1,"b3_n_vlakken":5,"b3_opp_grond":75.58999633789062,"b3_opp_dak_plat":20.6200008392334,"b3_opp_dak_schuin":67.98999786376953,"b3_volume_lod22":473.7563781738281,"b3_kwaliteitsindicator":1,"b3_pw_bron":"ahn5","b3_h_goot_nap":2.52,"b3_h_nok_nap":9.05,"goothoogte":3.11,"nokhoogte":9.63},"geometry":{"type":"Polygon","coordinates":[[[172058.859,559234.625],[172059.625,559235.75],[172054.516,559239.125],[172049.922,559232.125],[172049.813,559232.188],[172046.953,559227.875],[172048.781,559226.625],[172049.672,559228],[172052.781,559225.813],[172054.813,559228.875],[172054.922,559228.813],[172058.75,559234.688],[172058.859,559234.625]]]}},{"type":"Feature","properties":{"identificatie":"NL.IMBAG.Pand.0091100000018833","oorspronkelijkbouwjaar":1976,"status":"Pand in gebruik","b3_dak_type":"slanted","b3_bouwlagen":3,"b3_h_maaiveld":-0.44600000977516174,"b3_h_nok":8.178902626037598,"b3_n_nok":1,"b3_n_vlakken":4,"b3_opp_grond":60.40999984741211,"b3_opp_dak_plat":8.579999923706055,"b3_opp_dak_schuin":64.44000244140625,"b3_volume_lod22":397.87738037109375,"b3_kwaliteitsindicator":1,"b3_pw_bron":"ahn5","b3_h_goot_nap":3.24,"b3_h_nok_nap":8.32,"goothoogte":3.68,"nokhoogte":8.77},"geometry":{"type":"Polygon","coordinates":[[[171994.891,559370.563],[171994.719,559370.5],[171992.234,559377.75],[171987.203,559376.063],[171990.359,559366.938],[171993.422,559367.938],[171994.703,559364.063],[171996.813,559364.75],[171994.891,559370.563]]]}},{"type":"Feature","properties":{"identificatie":"NL.IMBAG.Pand.0091100000004108","oorspronkelijkbouwjaar":1977,"status":"Pand in gebruik","b3_dak_type":"slanted","b3_h_maaiveld":-0.4620000123977661,"b3_h_nok":2.6216466426849365,"b3_n_nok":1,"b3_n_vlakken":2,"b3_opp_grond":16.06999969482422,"b3_opp_dak_plat":0,"b3_opp_dak_schuin":17.459999084472656,"b3_volume_lod22":43.02710723876953,"b3_kwaliteitsindicator":1,"b3_pw_bron":"ahn5","b3_h_goot_nap":1.75,"b3_h_nok_nap":2.77,"goothoogte":2.21,"nokhoogte":3.23},"geometry":{"type":"Polygon","coordinates":[[[171930.234,559326.875],[171927.719,559329.75],[171924.594,559326.938],[171927.125,559324.063],[171930.234,559326.875]]]}},{"type":"Feature","properties":{"identificatie":"NL.IMBAG.Pand.0091100000018814","oorspronkelijkbouwjaar":1976,"status":"Pand in gebruik","b3_dak_type":"slanted","b3_bouwlagen":3,"b3_h_maaiveld":-0.49000000953674316,"b3_h_nok":8.19345474243164,"b3_n_nok":1,"b3_n_vlakken":3,"b3_opp_grond":61.2400016784668,"b3_opp_dak_plat":9.369999885559082,"b3_opp_dak_schuin":60.29999923706055,"b3_volume_lod22":406.0404357910156,"b3_kwaliteitsindicator":1,"b3_pw_bron":"ahn5","b3_h_goot_nap":5.33,"b3_h_nok_nap":8.35,"goothoogte":5.82,"nokhoogte":8.84},"geometry":{"type":"Polygon","coordinates":[[[172005.156,559374],[172002,559383.063],[171996.859,559381.375],[172000.016,559372.25],[172003.063,559373.25],[172004.359,559369.375],[172006.469,559370.063],[172005.156,559374]]]}},{"type":"Feature","properties":{"identificatie":"NL.IMBAG.Pand.0091100000013473","oorspronkelijkbouwjaar":1976,"status":"Pand in gebruik","b3_dak_type":"slanted","b3_bouwlagen":3,"b3_h_maaiveld":-0.3659999966621399,"b3_h_nok":8.26113224029541,"b3_n_nok":3,"b3_n_vlakken":6,"b3_opp_grond":62.56999969482422,"b3_opp_dak_plat":6.539999961853027,"b3_opp_dak_schuin":65.48999786376953,"b3_volume_lod22":367.6719665527344,"b3_kwaliteitsindicator":1,"b3_pw_bron":"ahn5","b3_h_goot_nap":2.85,"b3_h_nok_nap":8.52,"goothoogte":3.21,"nokhoogte":8.89},"geometry":{"type":"Polygon","coordinates":[[[171931.078,559347.125],[171927.438,559351.125],[171917.047,559341.688],[171918.656,559339.875],[171921.969,559342.875],[171923.984,559340.688],[171931.078,559347.125]]]}},{"type":"Feature","properties":{"identificatie":"NL.IMBAG.Pand.0091100000006696","oorspronkelijkbouwjaar":1976,"status":"Pand in gebruik","b3_dak_type":"slanted","b3_bouwlagen":3,"b3_h_maaiveld":-0.5350000262260437,"b3_h_nok":8.167808532714844,"b3_n_nok":3,"b3_n_vlakken":5,"b3_opp_grond":62.40999984741211,"b3_opp_dak_plat":10.319999694824219,"b3_opp_dak_schuin":66.58000183105469,"b3_volume_lod22":373.42041015625,"b3_kwaliteitsindicator":1,"b3_pw_bron":"ahn5","b3_h_goot_nap":2.69,"b3_h_nok_nap":8.42,"goothoogte":3.23,"nokhoogte":8.96},"geometry":{"type":"Polygon","coordinates":[[[172084.188,559332.875],[172080.516,559336.875],[172070.188,559327.313],[172071.813,559325.563],[172075.109,559328.625],[172077.141,559326.375],[172084.188,559332.875]]]}},{"type":"Feature","properties":{"identificatie":"NL.IMBAG.Pand.0091100000003056","oorspronkelijkbouwjaar":1977,"status":"Pand in gebruik","b3_dak_type":"slanted","b3_bouwlagen":3,"b3_h_maaiveld":-0.5329999923706055,"b3_h_nok":8.29409122467041,"b3_n_nok":1,"b3_n_vlakken":3,"b3_opp_grond":62.900001525878906,"b3_opp_dak_plat":8.819999694824219,"b3_opp_dak_schuin":62.279998779296875,"b3_volume_lod22":429.5391540527344,"b3_kwaliteitsindicator":1,"b3_pw_bron":"ahn5","b3_h_goot_nap":5.26,"b3_h_nok_nap":8.49,"goothoogte":5.79,"nokhoogte":9.03},"geometry":{"type":"Polygon","coordinates":[[[172047.047,559300.438],[172045.594,559298.813],[172048.703,559296.125],[172046.578,559293.625],[172050.594,559290],[172050.516,559289.875],[172053.656,559287.188],[172057.406,559291.5],[172047.047,559300.438]]]}},{"type":"Feature","properties":{"identificatie":"NL.IMBAG.Pand.0091100000003809","oorspronkelijkbouwjaar":1976,"status":"Pand in gebruik","b3_dak_type":"slanted","b3_bouwlagen":3,"b3_h_maaiveld":-0.4309999942779541,"b3_h_nok":8.224905967712402,"b3_n_nok":1,"b3_n_vlakken":3,"b3_opp_grond":60.709999084472656,"b3_opp_dak_plat":8.550000190734863,"b3_opp_dak_schuin":60.529998779296875,"b3_volume_lod22":404.27069091796875,"b3_kwaliteitsindicator":1,"b3_pw_bron":"ahn5","b3_h_goot_nap":5.28,"b3_h_nok_nap":8.71,"goothoogte":5.72,"nokhoogte":9.14},"geometry":{"type":"Polygon","coordinates":[[[172043.969,559337.375],[172039.641,559334.125],[172045.328,559326.5],[172047.891,559328.438],[172050.359,559325.125],[172052.125,559326.438],[172043.969,559337.375]]]}},{"type":"Feature","properties":{"identificatie":"NL.IMBAG.Pand.0091100000006351","oorspronkelijkbouwjaar":1976,"status":"Pand in gebruik","b3_dak_type":"slanted","b3_bouwlagen":3,"b3_h_maaiveld":-0.6309999823570251,"b3_h_nok":8.139932632446289,"b3_n_nok":3,"b3_n_vlakken":5,"b3_opp_grond":66.20999908447266,"b3_opp_dak_plat":9.649999618530273,"b3_opp_dak_schuin":80.08000183105469,"b3_volume_lod22":406.02667236328125,"b3_kwaliteitsindicator":1,"b3_pw_bron":"ahn5","b3_h_goot_nap":2.65,"b3_h_nok_nap":8.41,"goothoogte":3.28,"nokhoogte":9.04},"geometry":{"type":"Polygon","coordinates":[[[172040.906,559366.875],[172041.891,559364.688],[172045.922,559366.5],[172047.313,559363.438],[172056.078,559367.375],[172053.688,559372.625],[172040.906,559366.875]]]}},{"type":"Feature","properties":{"identificatie":"NL.IMBAG.Pand.0091100000009592","oorspronkelijkbouwjaar":1978,"status":"Pand in gebruik","b3_dak_type":"slanted","b3_h_maaiveld":-0.5019999742507935,"b3_h_nok":4.476581573486328,"b3_n_nok":1,"b3_n_vlakken":2,"b3_opp_grond":19.56999969482422,"b3_opp_dak_plat":0,"b3_opp_dak_schuin":30.229999542236328,"b3_volume_lod22":76.03997039794922,"b3_kwaliteitsindicator":1,"b3_pw_bron":"ahn5","b3_h_goot_nap":1.77,"b3_h_nok_nap":4.87,"goothoogte":2.27,"nokhoogte":5.37},"geometry":{"type":"Polygon","coordinates":[[[172072.625,559209.75],[172069.344,559211.563],[172066.813,559207],[172070.078,559205.188],[172072.625,559209.75]]]}},{"type":"Feature","properties":{"identificatie":"NL.IMBAG.Pand.0091100000006410","oorspronkelijkbouwjaar":1976,"status":"Pand in gebruik","b3_dak_type":"slanted","b3_bouwlagen":3,"b3_h_maaiveld":-0.5,"b3_h_nok":8.147671699523926,"b3_n_nok":3,"b3_n_vlakken":5,"b3_opp_grond":62.439998626708984,"b3_opp_dak_plat":10,"b3_opp_dak_schuin":72.04000091552734,"b3_volume_lod22":373.6482238769531,"b3_kwaliteitsindicator":1,"b3_pw_bron":"ahn5","b3_h_goot_nap":2.63,"b3_h_nok_nap":8.41,"goothoogte":3.13,"nokhoogte":8.91},"geometry":{"type":"Polygon","coordinates":[[[172073.203,559344.813],[172069.547,559348.75],[172059.203,559339.188],[172060.828,559337.438],[172064.141,559340.5],[172066.172,559338.313],[172073.203,559344.813]]]}},{"type":"Feature","properties":{"identificatie":"NL.IMBAG.Pand.0091100000013483","oorspronkelijkbouwjaar":1976,"status":"Pand in gebruik","b3_dak_type":"slanted","b3_bouwlagen":3,"b3_h_maaiveld":-0.453000009059906,"b3_h_nok":8.263991355895996,"b3_n_nok":3,"b3_n_vlakken":5,"b3_opp_grond":63.11000061035156,"b3_opp_dak_plat":9.989999771118164,"b3_opp_dak_schuin":68.02999877929688,"b3_volume_lod22":380.49151611328125,"b3_kwaliteitsindicator":1,"b3_pw_bron":"ahn5","b3_h_goot_nap":2.82,"b3_h_nok_nap":8.53,"goothoogte":3.27,"nokhoogte":8.99},"geometry":{"type":"Polygon","coordinates":[[[171927.438,559351.125],[171923.766,559355.188],[171913.375,559345.688],[171915,559343.938],[171918.297,559346.938],[171920.344,559344.688],[171927.438,559351.125]]]}},{"type":"Feature","properties":{"identificatie":"NL.IMBAG.Pand.1900100010090851","oorspronkelijkbouwjaar":2022,"status":"Pand in gebruik","b3_dak_type":"slanted","b3_h_maaiveld":-0.5180000066757202,"b3_n_nok":0,"b3_n_vlakken":1,"b3_opp_grond":6.789999961853027,"b3_opp_dak_plat":0,"b3_opp_dak_schuin":6.829999923706055,"b3_volume_lod22":16.219417572021484,"b3_kwaliteitsindicator":1,"b3_pw_bron":"ahn5","b3_h_goot_nap":1.65,"b3_h_nok_nap":2.07,"goothoogte":2.17,"nokhoogte":2.59},"geometry":{"type":"Polygon","coordinates":[[[172050.359,559304.313],[172047.906,559306.438],[172046.547,559304.813],[172048.984,559302.688],[172050.359,559304.313]]]}},{"type":"Feature","properties":{"identificatie":"NL.IMBAG.Pand.0091100000005741","oorspronkelijkbouwjaar":1976,"status":"Pand in gebruik","b3_dak_type":"slanted","b3_bouwlagen":3,"b3_h_maaiveld":-0.7120000123977661,"b3_h_nok":8.192646026611328,"b3_n_nok":3,"b3_n_vlakken":5,"b3_opp_grond":67.62000274658203,"b3_opp_dak_plat":9.880000114440918,"b3_opp_dak_schuin":74.08000183105469,"b3_volume_lod22":420.8182067871094,"b3_kwaliteitsindicator":1,"b3_pw_bron":"ahn5","b3_h_goot_nap":2.72,"b3_h_nok_nap":8.45,"goothoogte":3.43,"nokhoogte":9.16},"geometry":{"type":"Polygon","coordinates":[[[172073.844,559323.375],[172075.469,559321.563],[172078.828,559324.625],[172081.125,559322.063],[172088.25,559328.5],[172084.188,559332.875],[172073.844,559323.375]]]}},{"type":"Feature","properties":{"identificatie":"NL.IMBAG.Pand.0091100000019045","oorspronkelijkbouwjaar":1977,"status":"Pand in gebruik","b3_dak_type":"slanted","b3_bouwlagen":3,"b3_h_maaiveld":-0.41100001335144043,"b3_h_nok":8.279985427856445,"b3_n_nok":1,"b3_n_vlakken":3,"b3_opp_grond":61.04999923706055,"b3_opp_dak_plat":7.820000171661377,"b3_opp_dak_schuin":61.59000015258789,"b3_volume_lod22":410.5940856933594,"b3_kwaliteitsindicator":1,"b3_pw_bron":"ahn5","b3_h_goot_nap":4.7,"b3_h_nok_nap":8.49,"goothoogte":5.12,"nokhoogte":8.9},"geometry":{"type":"Polygon","coordinates":[[[172050.578,559304.563],[172049.125,559302.875],[172052.234,559300.188],[172050.156,559297.75],[172057.406,559291.5],[172060.938,559295.563],[172050.578,559304.563]]]}},{"type":"Feature","properties":{"identificatie":"NL.IMBAG.Pand.0091100000018859","oorspronkelijkbouwjaar":1977,"status":"Pand in gebruik","b3_dak_type":"horizontal","b3_h_maaiveld":-0.9089999794960022,"b3_n_nok":0,"b3_n_vlakken":1,"b3_opp_grond":15.710000038146973,"b3_opp_dak_plat":15.710000038146973,"b3_opp_dak_schuin":0,"b3_volume_lod22":43.784793853759766,"b3_kwaliteitsindicator":1,"b3_pw_bron":"ahn5","b3_h_goot_nap":1.85,"b3_h_nok_nap":1.9,"goothoogte":2.76,"nokhoogte":2.81},"geometry":{"type":"Polygon","coordinates":[[[171968.922,559201],[171966.734,559203.313],[171963.141,559199.75],[171965.266,559197.563],[171968.922,559201]]]}},{"type":"Feature","properties":{"identificatie":"NL.IMBAG.Pand.0091100000018863","oorspronkelijkbouwjaar":1976,"status":"Pand in gebruik","b3_dak_type":"slanted","b3_bouwlagen":3,"b3_h_maaiveld":-0.5170000195503235,"b3_h_nok":8.136819839477539,"b3_n_nok":3,"b3_n_vlakken":5,"b3_opp_grond":62.119998931884766,"b3_opp_dak_plat":9.319999694824219,"b3_opp_dak_schuin":72.95999908447266,"b3_volume_lod22":371.3764343261719,"b3_kwaliteitsindicator":1,"b3_pw_bron":"ahn5","b3_h_goot_nap":2.71,"b3_h_nok_nap":8.39,"goothoogte":3.22,"nokhoogte":8.91},"geometry":{"type":"Polygon","coordinates":[[[172053.688,559372.625],[172051.484,559377.563],[172038.703,559371.75],[172039.688,559369.625],[172043.719,559371.438],[172044.938,559368.688],[172053.688,559372.625]]]}},{"type":"Feature","properties":{"identificatie":"NL.IMBAG.Pand.0091100000009712","oorspronkelijkbouwjaar":1977,"status":"Pand in gebruik","b3_dak_type":"horizontal","b3_h_maaiveld":-0.8230000138282776,"b3_n_nok":0,"b3_n_vlakken":1,"b3_opp_grond":16.670000076293945,"b3_opp_dak_plat":16.670000076293945,"b3_opp_dak_schuin":0,"b3_volume_lod22":36.822845458984375,"b3_kwaliteitsindicator":1,"b3_pw_bron":"ahn5","b3_h_goot_nap":1.36,"b3_h_nok_nap":1.41,"goothoogte":2.18,"nokhoogte":2.24},"geometry":{"type":"Polygon","coordinates":[[[171993.031,559264.375],[171990.781,559266.625],[171987.094,559262.875],[171989.359,559260.625],[171993.031,559264.375]]]}},{"type":"Feature","properties":{"identificatie":"NL.IMBAG.Pand.0091100000009608","oorspronkelijkbouwjaar":1977,"status":"Pand in gebruik","b3_dak_type":"slanted","b3_h_maaiveld":-0.5440000295639038,"b3_n_nok":0,"b3_n_vlakken":1,"b3_opp_grond":10.15999984741211,"b3_opp_dak_plat":0,"b3_opp_dak_schuin":10.229999542236328,"b3_volume_lod22":22.204500198364258,"b3_kwaliteitsindicator":1,"b3_pw_bron":"ahn5","b3_h_goot_nap":1.47,"b3_h_nok_nap":1.75,"goothoogte":2.02,"nokhoogte":2.3},"geometry":{"type":"Polygon","coordinates":[[[171915.734,559374.813],[171911.797,559376.25],[171910.953,559374],[171914.891,559372.5],[171915.734,559374.813]]]}},{"type":"Feature","properties":{"identificatie":"NL.IMBAG.Pand.0091100000019097","oorspronkelijkbouwjaar":1977,"status":"Pand in gebruik","b3_dak_type":"slanted","b3_bouwlagen":3,"b3_h_maaiveld":-0.4569999873638153,"b3_h_nok":8.295466423034668,"b3_n_nok":1,"b3_n_vlakken":4,"b3_opp_grond":60.7599983215332,"b3_opp_dak_plat":8.300000190734863,"b3_opp_dak_schuin":61.11000061035156,"b3_volume_lod22":410.69586181640625,"b3_kwaliteitsindicator":1,"b3_pw_bron":"ahn5","b3_h_goot_nap":5.12,"b3_h_nok_nap":8.51,"goothoogte":5.58,"nokhoogte":8.97},"geometry":{"type":"Polygon","coordinates":[[[172033.234,559290.813],[172031.781,559289.188],[172034.906,559286.5],[172032.813,559284.063],[172040.047,559277.813],[172043.578,559281.875],[172033.234,559290.813]]]}},{"type":"Feature","properties":{"identificatie":"NL.IMBAG.Pand.0091100000017899","oorspronkelijkbouwjaar":1976,"status":"Pand in gebruik","b3_dak_type":"slanted","b3_bouwlagen":3,"b3_h_maaiveld":-0.609000027179718,"b3_h_nok":8.099905014038086,"b3_n_nok":3,"b3_n_vlakken":5,"b3_opp_grond":62.18000030517578,"b3_opp_dak_plat":10.260000228881836,"b3_opp_dak_schuin":66.37999725341797,"b3_volume_lod22":374.1018981933594,"b3_kwaliteitsindicator":1,"b3_pw_bron":"ahn5","b3_h_goot_nap":2.64,"b3_h_nok_nap":8.32,"goothoogte":3.25,"nokhoogte":8.93},"geometry":{"type":"Polygon","coordinates":[[[171998.141,559291.125],[171994.891,559295.375],[171983.641,559286.938],[171985.078,559285.063],[171988.734,559287.813],[171990.531,559285.375],[171998.141,559291.125]]]}},{"type":"Feature","properties":{"identificatie":"NL.IMBAG.Pand.0091100000006692","oorspronkelijkbouwjaar":1977,"status":"Pand in gebruik","b3_dak_type":"slanted","b3_bouwlagen":3,"b3_h_maaiveld":-0.4189999997615814,"b3_h_nok":8.300107955932617,"b3_n_nok":1,"b3_n_vlakken":3,"b3_opp_grond":60.88999938964844,"b3_opp_dak_plat":0,"b3_opp_dak_schuin":69.25,"b3_volume_lod22":407.615966796875,"b3_kwaliteitsindicator":1,"b3_pw_bron":"ahn5","b3_h_goot_nap":5.33,"b3_h_nok_nap":8.5,"goothoogte":5.75,"nokhoogte":8.92},"geometry":{"type":"Polygon","coordinates":[[[172084.609,559277.313],[172084.547,559277.25],[172076.641,559282.688],[172073.578,559278.188],[172081.484,559272.75],[172083.359,559275.5],[172086.75,559273.188],[172088,559275],[172084.609,559277.313]]]}},{"type":"Feature","properties":{"identificatie":"NL.IMBAG.Pand.1900100010090860","oorspronkelijkbouwjaar":2022,"status":"Pand in gebruik","b3_dak_type":"horizontal","b3_h_maaiveld":-0.6190000176429749,"b3_n_nok":0,"b3_n_vlakken":1,"b3_opp_grond":11.359999656677246,"b3_opp_dak_plat":11.359999656677246,"b3_opp_dak_schuin":0,"b3_volume_lod22":29.582387924194336,"b3_kwaliteitsindicator":1,"b3_pw_bron":"ahn5","b3_h_goot_nap":1.96,"b3_h_nok_nap":2.01,"goothoogte":2.58,"nokhoogte":2.63},"geometry":{"type":"Polygon","coordinates":[[[172092.047,559264.438],[172090.953,559261.625],[172094.5,559260.25],[172095.594,559263],[172092.047,559264.438]]]}},{"type":"Feature","properties":{"identificatie":"NL.IMBAG.Pand.0091100000006800","oorspronkelijkbouwjaar":1977,"status":"Pand in gebruik","b3_dak_type":"slanted","b3_bouwlagen":3,"b3_h_maaiveld":-0.5289999842643738,"b3_h_nok":8.29366683959961,"b3_n_nok":1,"b3_n_vlakken":3,"b3_opp_grond":61.349998474121094,"b3_opp_dak_plat":8.609999656677246,"b3_opp_dak_schuin":61.279998779296875,"b3_volume_lod22":418.2700500488281,"b3_kwaliteitsindicator":1,"b3_pw_bron":"ahn5","b3_h_goot_nap":5.15,"b3_h_nok_nap":8.5,"goothoogte":5.68,"nokhoogte":9.03},"geometry":{"type":"Polygon","coordinates":[[[172068.016,559303.75],[172071.578,559307.875],[172061.188,559316.813],[172059.734,559315.125],[172062.844,559312.438],[172060.75,559310.063],[172068.016,559303.75]]]}},{"type":"Feature","properties":{"identificatie":"NL.IMBAG.Pand.0091100000004124","oorspronkelijkbouwjaar":1976,"status":"Pand in gebruik","b3_dak_type":"slanted","b3_bouwlagen":3,"b3_h_maaiveld":-0.40400001406669617,"b3_h_nok":8.256985664367676,"b3_n_nok":1,"b3_n_vlakken":4,"b3_opp_grond":62.31999969482422,"b3_opp_dak_plat":9.850000381469727,"b3_opp_dak_schuin":67.33999633789062,"b3_volume_lod22":369.8426513671875,"b3_kwaliteitsindicator":1,"b3_pw_bron":"ahn5","b3_h_goot_nap":2.91,"b3_h_nok_nap":8.47,"goothoogte":3.31,"nokhoogte":8.88},"geometry":{"type":"Polygon","coordinates":[[[171918.234,559380.063],[171917.391,559377.875],[171921.578,559376.25],[171920.531,559373.438],[171929.469,559370.063],[171931.375,559375.125],[171918.234,559380.063]]]}},{"type":"Feature","properties":{"identificatie":"NL.IMBAG.Pand.0091100000006700","oorspronkelijkbouwjaar":1977,"status":"Pand in gebruik","b3_dak_type":"slanted","b3_bouwlagen":3,"b3_h_maaiveld":-0.4429999887943268,"b3_h_nok":8.286355972290039,"b3_n_nok":1,"b3_n_vlakken":3,"b3_opp_grond":62,"b3_opp_dak_plat":6.050000190734863,"b3_opp_dak_schuin":61.29999923706055,"b3_volume_lod22":415.7132568359375,"b3_kwaliteitsindicator":1,"b3_pw_bron":"ahn5","b3_h_goot_nap":5.33,"b3_h_nok_nap":8.48,"goothoogte":5.77,"nokhoogte":8.92},"geometry":{"type":"Polygon","coordinates":[[[172079.766,559287.188],[172076.641,559282.688],[172084.547,559277.25],[172086.422,559280],[172089.813,559277.625],[172091.063,559279.5],[172079.766,559287.188]]]}},{"type":"Feature","properties":{"identificatie":"NL.IMBAG.Pand.0091100000004602","oorspronkelijkbouwjaar":1976,"status":"Pand in gebruik","b3_dak_type":"slanted","b3_bouwlagen":3,"b3_h_maaiveld":-0.6000000238418579,"b3_h_nok":8.189970970153809,"b3_n_nok":1,"b3_n_vlakken":3,"b3_opp_grond":61.790000915527344,"b3_opp_dak_plat":8.890000343322754,"b3_opp_dak_schuin":61.41999816894531,"b3_volume_lod22":418.7436828613281,"b3_kwaliteitsindicator":1,"b3_pw_bron":"ahn5","b3_h_goot_nap":5.29,"b3_h_nok_nap":8.38,"goothoogte":5.89,"nokhoogte":8.98},"geometry":{"type":"Polygon","coordinates":[[[172020.547,559379.125],[172023.609,559380.188],[172024.906,559376.25],[172027.031,559377],[172022.688,559389.938],[172017.422,559388.188],[172020.547,559379.125]]]}},{"type":"Feature","properties":{"identificatie":"NL.IMBAG.Pand.0091100000019065","oorspronkelijkbouwjaar":1976,"status":"Pand in gebruik","b3_dak_type":"slanted","b3_bouwlagen":3,"b3_h_maaiveld":-0.5569999814033508,"b3_h_nok":8.252694129943848,"b3_n_nok":1,"b3_n_vlakken":3,"b3_opp_grond":61.099998474121094,"b3_opp_dak_plat":7.630000114440918,"b3_opp_dak_schuin":61.959999084472656,"b3_volume_lod22":417.7416076660156,"b3_kwaliteitsindicator":1,"b3_pw_bron":"ahn5","b3_h_goot_nap":4.92,"b3_h_nok_nap":8.4,"goothoogte":5.47,"nokhoogte":8.96},"geometry":{"type":"Polygon","coordinates":[[[172033.563,559352.813],[172038.219,559355.625],[172031.172,559367.313],[172029.266,559366.188],[172031.391,559362.625],[172028.641,559361],[172033.563,559352.813]]]}},{"type":"Feature","properties":{"identificatie":"NL.IMBAG.Pand.0091100000004618","oorspronkelijkbouwjaar":1976,"status":"Pand in gebruik","b3_dak_type":"slanted","b3_bouwlagen":3,"b3_h_maaiveld":-0.4790000021457672,"b3_h_nok":8.215499877929688,"b3_n_nok":2,"b3_n_vlakken":4,"b3_opp_grond":61.02000045776367,"b3_opp_dak_plat":8.430000305175781,"b3_opp_dak_schuin":60.959999084472656,"b3_volume_lod22":409.5854797363281,"b3_kwaliteitsindicator":1,"b3_pw_bron":"ahn5","b3_h_goot_nap":5.31,"b3_h_nok_nap":8.37,"goothoogte":5.79,"nokhoogte":8.84},"geometry":{"type":"Polygon","coordinates":[[[172024.766,559317.75],[172020.328,559314.438],[172026.063,559306.938],[172028.609,559308.875],[172031.125,559305.625],[172032.891,559306.938],[172024.766,559317.75]]]}},{"type":"Feature","properties":{"identificatie":"NL.IMBAG.Pand.0091100000012966","oorspronkelijkbouwjaar":1976,"status":"Pand in gebruik","b3_dak_type":"slanted","b3_bouwlagen":3,"b3_h_maaiveld":-0.42899999022483826,"b3_h_nok":8.21410083770752,"b3_n_nok":3,"b3_n_vlakken":5,"b3_opp_grond":62.459999084472656,"b3_opp_dak_plat":18.139999389648438,"b3_opp_dak_schuin":65,"b3_volume_lod22":368.94281005859375,"b3_kwaliteitsindicator":1,"b3_pw_bron":"ahn5","b3_h_goot_nap":2.92,"b3_h_nok_nap":8.37,"goothoogte":3.35,"nokhoogte":8.8},"geometry":{"type":"Polygon","coordinates":[[[171962.016,559332.125],[171956.625,559332.25],[171956.156,559318.188],[171958.547,559318.125],[171958.703,559322.625],[171961.703,559322.5],[171962.016,559332.125]]]}},{"type":"Feature","properties":{"identificatie":"NL.IMBAG.Pand.0091100000018792","oorspronkelijkbouwjaar":1976,"status":"Pand in gebruik","b3_dak_type":"slanted","b3_bouwlagen":3,"b3_h_maaiveld":-0.4620000123977661,"b3_h_nok":8.232295036315918,"b3_n_nok":1,"b3_n_vlakken":3,"b3_opp_grond":60.439998626708984,"b3_opp_dak_plat":8.010000228881836,"b3_opp_dak_schuin":60.779998779296875,"b3_volume_lod22":406.3054504394531,"b3_kwaliteitsindicator":1,"b3_pw_bron":"ahn5","b3_h_goot_nap":5.13,"b3_h_nok_nap":8.45,"goothoogte":5.6,"nokhoogte":8.91},"geometry":{"type":"Polygon","coordinates":[[[171991.938,559348.438],[171990.047,559347.313],[171992.172,559343.813],[171989.438,559342.125],[171994.359,559334],[171998.969,559336.75],[171991.938,559348.438]]]}},{"type":"Feature","properties":{"identificatie":"NL.IMBAG.Pand.0091100000006414","oorspronkelijkbouwjaar":1978,"status":"Pand in gebruik","b3_dak_type":"slanted","b3_bouwlagen":3,"b3_h_maaiveld":-0.4410000145435333,"b3_h_nok":8.84054183959961,"b3_n_nok":3,"b3_n_vlakken":8,"b3_opp_grond":80.9000015258789,"b3_opp_dak_plat":9.739999771118164,"b3_opp_dak_schuin":80.80000305175781,"b3_volume_lod22":485.03314208984375,"b3_kwaliteitsindicator":1,"b3_pw_bron":"ahn5","b3_h_goot_nap":1.94,"b3_h_nok_nap":9.08,"goothoogte":2.39,"nokhoogte":9.52},"geometry":{"type":"Polygon","coordinates":[[[172081.203,559202.688],[172083.156,559201.75],[172085.797,559207.375],[172089.297,559205.75],[172090.516,559208.313],[172090.625,559208.313],[172094.188,559215.813],[172088.734,559218.375],[172085.75,559212],[172085.625,559212.063],[172081.203,559202.688]]]}},{"type":"Feature","properties":{"identificatie":"NL.IMBAG.Pand.0091100000003824","oorspronkelijkbouwjaar":1978,"status":"Pand in gebruik","b3_dak_type":"slanted","b3_bouwlagen":3,"b3_h_maaiveld":-0.7009999752044678,"b3_h_nok":8.859918594360352,"b3_n_nok":2,"b3_n_vlakken":4,"b3_opp_grond":63.18000030517578,"b3_opp_dak_plat":4,"b3_opp_dak_schuin":70.69999694824219,"b3_volume_lod22":403.3323974609375,"b3_kwaliteitsindicator":1,"b3_pw_bron":"ahn5","b3_h_goot_nap":4.35,"b3_h_nok_nap":7.93,"goothoogte":5.05,"nokhoogte":8.63},"geometry":{"type":"Polygon","coordinates":[[[172049.5,559242.438],[172044.375,559245.813],[172036.938,559234.5],[172038.781,559233.25],[172041.656,559237.563],[172044.922,559235.438],[172049.5,559242.438]]]}},{"type":"Feature","properties":{"identificatie":"NL.IMBAG.Pand.1900100010087856","oorspronkelijkbouwjaar":2012,"status":"Pand in gebruik","b3_dak_type":"horizontal","b3_h_maaiveld":-0.47099998593330383,"b3_n_nok":0,"b3_n_vlakken":1,"b3_opp_grond":11.789999961853027,"b3_opp_dak_plat":11.789999961853027,"b3_opp_dak_schuin":0,"b3_volume_lod22":26.266225814819336,"b3_kwaliteitsindicator":1,"b3_pw_bron":"ahn5","b3_h_goot_nap":1.69,"b3_h_nok_nap":1.81,"goothoogte":2.16,"nokhoogte":2.28},"geometry":{"type":"Polygon","coordinates":[[[171916.5,559386.563],[171915.438,559383.563],[171918.938,559382.25],[171920.047,559385.188],[171916.5,559386.563]]]}},{"type":"Feature","properties":{"identificatie":"NL.IMBAG.Pand.0091100000005745","oorspronkelijkbouwjaar":1977,"status":"Pand in gebruik","b3_dak_type":"slanted","b3_bouwlagen":3,"b3_h_maaiveld":-0.4909999966621399,"b3_h_nok":8.381487846374512,"b3_n_nok":1,"b3_n_vlakken":4,"b3_opp_grond":60.83000183105469,"b3_opp_dak_plat":21.450000762939453,"b3_opp_dak_schuin":62.189998626708984,"b3_volume_lod22":416.6805725097656,"b3_kwaliteitsindicator":1,"b3_pw_bron":"ahn5","b3_h_goot_nap":5.32,"b3_h_nok_nap":8.54,"goothoogte":5.81,"nokhoogte":9.03},"geometry":{"type":"Polygon","coordinates":[[[172085.891,559296.125],[172082.828,559291.688],[172090.734,559286.25],[172092.547,559288.875],[172095.922,559286.563],[172097.172,559288.375],[172085.891,559296.125]]]}},{"type":"Feature","properties":{"identificatie":"NL.IMBAG.Pand.0091100000018867","oorspronkelijkbouwjaar":1976,"status":"Pand in gebruik","b3_dak_type":"slanted","b3_bouwlagen":3,"b3_h_maaiveld":-0.48500001430511475,"b3_h_nok":8.146062850952148,"b3_n_nok":3,"b3_n_vlakken":5,"b3_opp_grond":62.45000076293945,"b3_opp_dak_plat":10.130000114440918,"b3_opp_dak_schuin":67.12000274658203,"b3_volume_lod22":369.9331359863281,"b3_kwaliteitsindicator":1,"b3_pw_bron":"ahn5","b3_h_goot_nap":2.7,"b3_h_nok_nap":8.38,"goothoogte":3.19,"nokhoogte":8.87},"geometry":{"type":"Polygon","coordinates":[[[172047,559387.438],[172044.797,559392.375],[172031.984,559386.563],[172032.969,559384.438],[172037.016,559386.25],[172038.25,559383.5],[172047,559387.438]]]}},{"type":"Feature","properties":{"identificatie":"NL.IMBAG.Pand.0091100000005016","oorspronkelijkbouwjaar":1977,"status":"Pand in gebruik","b3_dak_type":"slanted","b3_bouwlagen":3,"b3_h_maaiveld":-0.7429999709129333,"b3_h_nok":8.271427154541016,"b3_n_nok":1,"b3_n_vlakken":3,"b3_opp_grond":64.11000061035156,"b3_opp_dak_plat":8.09000015258789,"b3_opp_dak_schuin":64.95999908447266,"b3_volume_lod22":452.62054443359375,"b3_kwaliteitsindicator":1,"b3_pw_bron":"ahn5","b3_h_goot_nap":5.06,"b3_h_nok_nap":8.44,"goothoogte":5.81,"nokhoogte":9.19},"geometry":{"type":"Polygon","coordinates":[[[172089.406,559242.5],[172088.609,559240.438],[172092.422,559238.938],[172091.125,559235.625],[172100.031,559232.125],[172102.141,559237.438],[172089.406,559242.5]]]}},{"type":"Feature","properties":{"identificatie":"NL.IMBAG.Pand.0091100000013702","oorspronkelijkbouwjaar":1977,"status":"Pand in gebruik","b3_dak_type":"slanted","b3_bouwlagen":3,"b3_h_maaiveld":-0.7699999809265137,"b3_h_nok":8.300897598266602,"b3_n_nok":2,"b3_n_vlakken":6,"b3_opp_grond":74.8499984741211,"b3_opp_dak_plat":7.739999771118164,"b3_opp_dak_schuin":76.12000274658203,"b3_volume_lod22":478.6527099609375,"b3_kwaliteitsindicator":1,"b3_pw_bron":"ahn5","b3_h_goot_nap":1.61,"b3_h_nok_nap":8.48,"goothoogte":2.38,"nokhoogte":9.25},"geometry":{"type":"Polygon","coordinates":[[[172029.703,559286.75],[172029.578,559286.625],[172025.281,559290.375],[172024.031,559288.938],[172028.266,559285.063],[172031.375,559282.375],[172029.078,559279.75],[172036.313,559273.5],[172040.047,559277.813],[172029.703,559286.75]]]}},{"type":"Feature","properties":{"identificatie":"NL.IMBAG.Pand.0091100000006832","oorspronkelijkbouwjaar":1976,"status":"Pand in gebruik","b3_dak_type":"slanted","b3_bouwlagen":3,"b3_h_maaiveld":-0.5479999780654907,"b3_h_nok":8.178526878356934,"b3_n_nok":3,"b3_n_vlakken":5,"b3_opp_grond":62.43000030517578,"b3_opp_dak_plat":10.260000228881836,"b3_opp_dak_schuin":66.81999969482422,"b3_volume_lod22":374.2806701660156,"b3_kwaliteitsindicator":1,"b3_pw_bron":"ahn5","b3_h_goot_nap":2.68,"b3_h_nok_nap":8.43,"goothoogte":3.23,"nokhoogte":8.98},"geometry":{"type":"Polygon","coordinates":[[[172080.516,559336.875],[172076.859,559340.813],[172066.531,559331.25],[172068.156,559329.5],[172071.453,559332.563],[172073.484,559330.375],[172080.516,559336.875]]]}},{"type":"Feature","properties":{"identificatie":"NL.IMBAG.Pand.0091100000011720","oorspronkelijkbouwjaar":1976,"status":"Pand in gebruik","b3_dak_type":"slanted","b3_bouwlagen":3,"b3_h_maaiveld":-0.4449999928474426,"b3_h_nok":8.250653266906738,"b3_n_nok":1,"b3_n_vlakken":4,"b3_opp_grond":62.290000915527344,"b3_opp_dak_plat":13.210000038146973,"b3_opp_dak_schuin":66.48999786376953,"b3_volume_lod22":376.23785400390625,"b3_kwaliteitsindicator":1,"b3_pw_bron":"ahn5","b3_h_goot_nap":2.83,"b3_h_nok_nap":8.46,"goothoogte":3.28,"nokhoogte":8.91},"geometry":{"type":"Polygon","coordinates":[[[171934.703,559343.188],[171931.078,559347.125],[171920.688,559337.688],[171922.281,559335.938],[171925.594,559338.938],[171927.609,559336.688],[171934.703,559343.188]]]}},{"type":"Feature","properties":{"identificatie":"NL.IMBAG.Pand.0091100000006390","oorspronkelijkbouwjaar":1977,"status":"Pand in gebruik","b3_dak_type":"slanted","b3_bouwlagen":3,"b3_h_maaiveld":-0.6259999871253967,"b3_h_nok":8.300288200378418,"b3_n_nok":1,"b3_n_vlakken":3,"b3_opp_grond":61.0099983215332,"b3_opp_dak_plat":8.680000305175781,"b3_opp_dak_schuin":60.5099983215332,"b3_volume_lod22":421.544677734375,"b3_kwaliteitsindicator":1,"b3_pw_bron":"ahn5","b3_h_goot_nap":5.29,"b3_h_nok_nap":8.5,"goothoogte":5.91,"nokhoogte":9.12},"geometry":{"type":"Polygon","coordinates":[[[172057.641,559312.75],[172056.203,559311.063],[172059.313,559308.375],[172057.219,559305.938],[172064.469,559299.688],[172068.016,559303.75],[172057.641,559312.75]]]}},{"type":"Feature","properties":{"identificatie":"NL.IMBAG.Pand.0091100000013710","oorspronkelijkbouwjaar":1976,"status":"Pand in gebruik","b3_dak_type":"slanted","b3_bouwlagen":3,"b3_h_maaiveld":-0.4300000071525574,"b3_h_nok":8.19469165802002,"b3_n_nok":1,"b3_n_vlakken":3,"b3_opp_grond":61,"b3_opp_dak_plat":9.34000015258789,"b3_opp_dak_schuin":54.27000045776367,"b3_volume_lod22":401.601318359375,"b3_kwaliteitsindicator":1,"b3_pw_bron":"ahn5","b3_h_goot_nap":5.33,"b3_h_nok_nap":8.54,"goothoogte":5.76,"nokhoogte":8.97},"geometry":{"type":"Polygon","coordinates":[[[171985.219,559365.25],[171982.063,559374.313],[171976.922,559372.625],[171980.094,559363.563],[171983.141,559364.563],[171984.422,559360.688],[171986.516,559361.375],[171985.219,559365.25]]]}},{"type":"Feature","properties":{"identificatie":"NL.IMBAG.Pand.0091100000013750","oorspronkelijkbouwjaar":1976,"status":"Pand in gebruik","b3_dak_type":"slanted","b3_bouwlagen":3,"b3_h_maaiveld":-0.4909999966621399,"b3_h_nok":8.250188827514648,"b3_n_nok":1,"b3_n_vlakken":3,"b3_opp_grond":60.779998779296875,"b3_opp_dak_plat":7.25,"b3_opp_dak_schuin":62.029998779296875,"b3_volume_lod22":412.4563903808594,"b3_kwaliteitsindicator":1,"b3_pw_bron":"ahn5","b3_h_goot_nap":4.81,"b3_h_nok_nap":8.4,"goothoogte":5.31,"nokhoogte":8.89},"geometry":{"type":"Polygon","coordinates":[[[172005.453,559347],[172001.219,559354],[171999.313,559352.875],[172001.422,559349.313],[171998.688,559347.688],[172003.594,559339.563],[172008.203,559342.313],[172005.453,559347]]]}},{"type":"Feature","properties":{"identificatie":"NL.IMBAG.Pand.0091100000006836","oorspronkelijkbouwjaar":1977,"status":"Pand in gebruik","b3_dak_type":"slanted","b3_bouwlagen":3,"b3_h_maaiveld":-0.5289999842643738,"b3_h_nok":8.282421112060547,"b3_n_nok":1,"b3_n_vlakken":3,"b3_opp_grond":60.93000030517578,"b3_opp_dak_plat":9.010000228881836,"b3_opp_dak_schuin":59.380001068115234,"b3_volume_lod22":413.4804382324219,"b3_kwaliteitsindicator":1,"b3_pw_bron":"ahn5","b3_h_goot_nap":5.35,"b3_h_nok_nap":8.46,"goothoogte":5.88,"nokhoogte":8.99},"geometry":{"type":"Polygon","coordinates":[[[172081.547,559272.875],[172081.484,559272.75],[172073.578,559278.188],[172070.422,559273.563],[172073.781,559271.25],[172073.984,559271.563],[172078.469,559268.375],[172080.313,559271.063],[172083.688,559268.75],[172084.938,559270.563],[172081.547,559272.875]]]}},{"type":"Feature","properties":{"identificatie":"NL.IMBAG.Pand.0091100000013490","oorspronkelijkbouwjaar":1976,"status":"Pand in gebruik","b3_dak_type":"slanted","b3_bouwlagen":3,"b3_h_maaiveld":-0.48399999737739563,"b3_h_nok":8.26092529296875,"b3_n_nok":1,"b3_n_vlakken":4,"b3_opp_grond":66.68000030517578,"b3_opp_dak_plat":10.119999885559082,"b3_opp_dak_schuin":72.13999938964844,"b3_volume_lod22":405.50103759765625,"b3_kwaliteitsindicator":1,"b3_pw_bron":"ahn5","b3_h_goot_nap":2.84,"b3_h_nok_nap":8.51,"goothoogte":3.32,"nokhoogte":9},"geometry":{"type":"Polygon","coordinates":[[[171927.953,559329.688],[171929.563,559327.938],[171932.875,559330.938],[171935.172,559328.375],[171942.281,559334.813],[171938.344,559339.188],[171927.953,559329.688]]]}},{"type":"Feature","properties":{"identificatie":"NL.IMBAG.Pand.0091100000019105","oorspronkelijkbouwjaar":1977,"status":"Pand in gebruik","b3_dak_type":"slanted","b3_bouwlagen":3,"b3_h_maaiveld":-0.4620000123977661,"b3_h_nok":8.318704605102539,"b3_n_nok":1,"b3_n_vlakken":3,"b3_opp_grond":73.93000030517578,"b3_opp_dak_plat":20.979999542236328,"b3_opp_dak_schuin":61.220001220703125,"b3_volume_lod22":455.59027099609375,"b3_kwaliteitsindicator":1,"b3_pw_bron":"ahn5","b3_h_goot_nap":2.62,"b3_h_nok_nap":8.49,"goothoogte":3.08,"nokhoogte":8.95},"geometry":{"type":"Polygon","coordinates":[[[172036.766,559294.938],[172033.234,559290.813],[172043.578,559281.875],[172047.109,559285.938],[172036.766,559294.938]]]}},{"type":"Feature","properties":{"identificatie":"NL.IMBAG.Pand.1900100010090862","oorspronkelijkbouwjaar":2022,"status":"Pand in gebruik","b3_dak_type":"horizontal","b3_h_maaiveld":-0.6759999990463257,"b3_n_nok":0,"b3_n_vlakken":1,"b3_opp_grond":9.90999984741211,"b3_opp_dak_plat":9.90999984741211,"b3_opp_dak_schuin":0,"b3_volume_lod22":25.70899200439453,"b3_kwaliteitsindicator":1,"b3_pw_bron":"ahn5","b3_h_goot_nap":1.91,"b3_h_nok_nap":1.92,"goothoogte":2.59,"nokhoogte":2.6},"geometry":{"type":"Polygon","coordinates":[[[172083.078,559244.688],[172081.984,559241.938],[172085.109,559240.688],[172086.188,559243.438],[172083.078,559244.688]]]}},{"type":"Feature","properties":{"identificatie":"NL.IMBAG.Pand.0091100000006583","oorspronkelijkbouwjaar":1976,"status":"Pand in gebruik","b3_dak_type":"slanted","b3_bouwlagen":3,"b3_h_maaiveld":-0.3869999945163727,"b3_h_nok":8.29409122467041,"b3_n_nok":1,"b3_n_vlakken":4,"b3_opp_grond":62.310001373291016,"b3_opp_dak_plat":9.640000343322754,"b3_opp_dak_schuin":67.80999755859375,"b3_volume_lod22":370.5845642089844,"b3_kwaliteitsindicator":1,"b3_pw_bron":"ahn5","b3_h_goot_nap":2.9,"b3_h_nok_nap":8.5,"goothoogte":3.29,"nokhoogte":8.89},"geometry":{"type":"Polygon","coordinates":[[[171916.344,559375.063],[171915.484,559372.813],[171919.672,559371.25],[171918.625,559368.438],[171927.563,559365.063],[171929.469,559370.063],[171916.344,559375.063]]]}},{"type":"Feature","properties":{"identificatie":"NL.IMBAG.Pand.0091100000004614","oorspronkelijkbouwjaar":1976,"status":"Pand in gebruik","b3_dak_type":"slanted","b3_bouwlagen":3,"b3_h_maaiveld":-0.4320000112056732,"b3_h_nok":8.240716934204102,"b3_n_nok":1,"b3_n_vlakken":3,"b3_opp_grond":60.29999923706055,"b3_opp_dak_plat":8.109999656677246,"b3_opp_dak_schuin":60.459999084472656,"b3_volume_lod22":403.3607482910156,"b3_kwaliteitsindicator":1,"b3_pw_bron":"ahn5","b3_h_goot_nap":5.02,"b3_h_nok_nap":8.41,"goothoogte":5.45,"nokhoogte":8.84},"geometry":{"type":"Polygon","coordinates":[[[172021.875,559361.75],[172019.984,559360.563],[172022.109,559357.063],[172019.406,559355.438],[172024.313,559347.25],[172028.922,559350],[172021.875,559361.75]]]}},{"type":"Feature","properties":{"identificatie":"NL.IMBAG.Pand.0091100000006394","oorspronkelijkbouwjaar":1978,"status":"Pand in gebruik","b3_dak_type":"slanted","b3_bouwlagen":3,"b3_h_maaiveld":-0.5370000004768372,"b3_h_nok":7.711712837219238,"b3_n_nok":1,"b3_n_vlakken":4,"b3_opp_grond":62.290000915527344,"b3_opp_dak_plat":0,"b3_opp_dak_schuin":77.7300033569336,"b3_volume_lod22":387.8259582519531,"b3_kwaliteitsindicator":1,"b3_pw_bron":"ahn5","b3_h_goot_nap":2,"b3_h_nok_nap":7.9,"goothoogte":2.54,"nokhoogte":8.43},"geometry":{"type":"Polygon","coordinates":[[[172058.75,559234.688],[172054.922,559228.813],[172054.813,559228.875],[172051.188,559223.375],[172053.031,559222.188],[172055.891,559226.5],[172059.172,559224.313],[172063.781,559231.375],[172058.75,559234.688]]]}},{"type":"Feature","properties":{"identificatie":"NL.IMBAG.Pand.0091100000003048","oorspronkelijkbouwjaar":1976,"status":"Pand in gebruik","b3_dak_type":"slanted","b3_bouwlagen":3,"b3_h_maaiveld":-0.5899999737739563,"b3_h_nok":8.223870277404785,"b3_n_nok":1,"b3_n_vlakken":3,"b3_opp_grond":59.25,"b3_opp_dak_plat":8.8100004196167,"b3_opp_dak_schuin":58.619998931884766,"b3_volume_lod22":401.7864074707031,"b3_kwaliteitsindicator":1,"b3_pw_bron":"ahn5","b3_h_goot_nap":5.31,"b3_h_nok_nap":8.4,"goothoogte":5.9,"nokhoogte":8.99},"geometry":{"type":"Polygon","coordinates":[[[172049.672,559329.75],[172052.234,559331.625],[172054.688,559328.375],[172056.484,559329.688],[172048.094,559340.5],[172043.969,559337.375],[172049.672,559329.75]]]}},{"type":"Feature","properties":{"identificatie":"NL.IMBAG.Pand.0091100000002310","oorspronkelijkbouwjaar":1976,"status":"Pand in gebruik","b3_dak_type":"slanted","b3_bouwlagen":3,"b3_h_maaiveld":-0.5440000295639038,"b3_h_nok":8.147542953491211,"b3_n_nok":3,"b3_n_vlakken":5,"b3_opp_grond":63.20000076293945,"b3_opp_dak_plat":9.670000076293945,"b3_opp_dak_schuin":74.54000091552734,"b3_volume_lod22":377.3223876953125,"b3_kwaliteitsindicator":1,"b3_pw_bron":"ahn5","b3_h_goot_nap":2.7,"b3_h_nok_nap":8.4,"goothoogte":3.24,"nokhoogte":8.94},"geometry":{"type":"Polygon","coordinates":[[[172051.484,559377.563],[172049.234,559382.5],[172036.469,559376.75],[172037.484,559374.5],[172041.516,559376.313],[172042.734,559373.625],[172051.484,559377.563]]]}},{"type":"Feature","properties":{"identificatie":"NL.IMBAG.Pand.0091100000006406","oorspronkelijkbouwjaar":1978,"status":"Pand in gebruik","b3_dak_type":"slanted","b3_bouwlagen":3,"b3_h_maaiveld":-0.5600000023841858,"b3_h_nok":7.7132110595703125,"b3_n_nok":1,"b3_n_vlakken":3,"b3_opp_grond":63.099998474121094,"b3_opp_dak_plat":4.840000152587891,"b3_opp_dak_schuin":69.5,"b3_volume_lod22":392.072509765625,"b3_kwaliteitsindicator":1,"b3_pw_bron":"ahn5","b3_h_goot_nap":4.43,"b3_h_nok_nap":7.87,"goothoogte":4.99,"nokhoogte":8.43},"geometry":{"type":"Polygon","coordinates":[[[172064.063,559221.063],[172061.188,559216.75],[172063.016,559215.563],[172065.891,559219.875],[172069.25,559217.625],[172073.906,559224.688],[172068.766,559228.125],[172064.172,559221],[172064.063,559221.063]]]}},{"type":"Feature","properties":{"identificatie":"NL.IMBAG.Pand.0091100000003052","oorspronkelijkbouwjaar":1978,"status":"Pand in gebruik","b3_dak_type":"slanted","b3_bouwlagen":3,"b3_h_maaiveld":-0.5460000038146973,"b3_h_nok":8.849339485168457,"b3_n_nok":1,"b3_n_vlakken":4,"b3_opp_grond":61.88999938964844,"b3_opp_dak_plat":4.900000095367432,"b3_opp_dak_schuin":68.33000183105469,"b3_volume_lod22":425.1748352050781,"b3_kwaliteitsindicator":1,"b3_pw_bron":"ahn5","b3_h_goot_nap":5.34,"b3_h_nok_nap":9,"goothoogte":5.88,"nokhoogte":9.55},"geometry":{"type":"Polygon","coordinates":[[[172054.516,559239.125],[172049.5,559242.438],[172044.922,559235.438],[172044.813,559235.5],[172041.938,559231.188],[172043.797,559229.938],[172046.656,559234.25],[172049.922,559232.125],[172054.516,559239.125]]]}},{"type":"Feature","properties":{"identificatie":"NL.IMBAG.Pand.0091100000013622","oorspronkelijkbouwjaar":1976,"status":"Pand in gebruik","b3_dak_type":"slanted","b3_bouwlagen":3,"b3_h_maaiveld":-0.48899999260902405,"b3_h_nok":8.218018531799316,"b3_n_nok":3,"b3_n_vlakken":5,"b3_opp_grond":63.400001525878906,"b3_opp_dak_plat":9.59000015258789,"b3_opp_dak_schuin":68.87999725341797,"b3_volume_lod22":383.8440856933594,"b3_kwaliteitsindicator":1,"b3_pw_bron":"ahn5","b3_h_goot_nap":2.93,"b3_h_nok_nap":8.34,"goothoogte":3.42,"nokhoogte":8.83},"geometry":{"type":"Polygon","coordinates":[[[171951.375,559332.438],[171945.813,559332.625],[171945.328,559318.563],[171947.719,559318.5],[171947.875,559323],[171950.922,559322.875],[171951.375,559332.438]]]}},{"type":"Feature","properties":{"identificatie":"NL.IMBAG.Pand.0091100000019049","oorspronkelijkbouwjaar":1976,"status":"Pand in gebruik","b3_dak_type":"slanted","b3_bouwlagen":3,"b3_h_maaiveld":-0.4269999861717224,"b3_h_nok":8.241568565368652,"b3_n_nok":1,"b3_n_vlakken":3,"b3_opp_grond":60.75,"b3_opp_dak_plat":8.640000343322754,"b3_opp_dak_schuin":60.41999816894531,"b3_volume_lod22":404.6761779785156,"b3_kwaliteitsindicator":1,"b3_pw_bron":"ahn5","b3_h_goot_nap":5.21,"b3_h_nok_nap":8.42,"goothoogte":5.64,"nokhoogte":8.84},"geometry":{"type":"Polygon","coordinates":[[[172026.516,559364.5],[172024.609,559363.375],[172026.734,559359.813],[172024.016,559358.188],[172028.922,559350],[172033.563,559352.813],[172026.516,559364.5]]]}},{"type":"Feature","properties":{"identificatie":"NL.IMBAG.Pand.0091100000013448","oorspronkelijkbouwjaar":1976,"status":"Pand in gebruik","b3_dak_type":"slanted","b3_bouwlagen":3,"b3_h_maaiveld":-0.5889999866485596,"b3_h_nok":8.225939750671387,"b3_n_nok":3,"b3_n_vlakken":5,"b3_opp_grond":66.41000366210938,"b3_opp_dak_plat":10.220000267028809,"b3_opp_dak_schuin":72.11000061035156,"b3_volume_lod22":408.2057800292969,"b3_kwaliteitsindicator":1,"b3_pw_bron":"ahn5","b3_h_goot_nap":2.91,"b3_h_nok_nap":8.28,"goothoogte":3.5,"nokhoogte":8.87},"geometry":{"type":"Polygon","coordinates":[[[171966.938,559317.813],[171969.328,559317.75],[171969.484,559322.25],[171972.891,559322.125],[171973.219,559331.75],[171967.406,559331.938],[171966.938,559317.813]]]}},{"type":"Feature","properties":{"identificatie":"NL.IMBAG.Pand.0091100000004128","oorspronkelijkbouwjaar":1978,"status":"Pand in gebruik","b3_dak_type":"slanted","b3_bouwlagen":3,"b3_h_maaiveld":-0.5920000076293945,"b3_h_nok":8.853614807128906,"b3_n_nok":1,"b3_n_vlakken":6,"b3_opp_grond":86.05000305175781,"b3_opp_dak_plat":30.889999389648438,"b3_opp_dak_schuin":69.0199966430664,"b3_volume_lod22":495.2766418457031,"b3_kwaliteitsindicator":1,"b3_pw_bron":"ahn5","b3_h_goot_nap":2.53,"b3_h_nok_nap":9.07,"goothoogte":3.12,"nokhoogte":9.66},"geometry":{"type":"Polygon","coordinates":[[[172020.234,559266.938],[172019.359,559265.875],[172013.688,559259.75],[172013.594,559259.813],[172011.203,559257.313],[172006.766,559252.625],[172008.391,559251],[172014.203,559257.313],[172016.969,559254.688],[172018.891,559256.75],[172018.984,559256.688],[172024.719,559262.75],[172020.234,559266.938]]]}},{"type":"Feature","properties":{"identificatie":"NL.IMBAG.Pand.0091100000013735","oorspronkelijkbouwjaar":1976,"status":"Pand in gebruik","b3_dak_type":"slanted","b3_bouwlagen":3,"b3_h_maaiveld":-0.492000013589859,"b3_h_nok":8.189007759094238,"b3_n_nok":1,"b3_n_vlakken":4,"b3_opp_grond":61.0099983215332,"b3_opp_dak_plat":7.949999809265137,"b3_opp_dak_schuin":65.29000091552734,"b3_volume_lod22":407.1937561035156,"b3_kwaliteitsindicator":1,"b3_pw_bron":"ahn5","b3_h_goot_nap":3.25,"b3_h_nok_nap":8.78,"goothoogte":3.74,"nokhoogte":9.28},"geometry":{"type":"Polygon","coordinates":[[[171990.359,559366.938],[171987.203,559376.063],[171982.063,559374.313],[171985.219,559365.25],[171988.266,559366.25],[171989.563,559362.375],[171991.656,559363.063],[171990.359,559366.938]]]}},{"type":"Feature","properties":{"identificatie":"NL.IMBAG.Pand.0091100000013416","oorspronkelijkbouwjaar":1976,"status":"Pand in gebruik","b3_dak_type":"slanted","b3_bouwlagen":3,"b3_h_maaiveld":-0.38199999928474426,"b3_h_nok":8.210485458374023,"b3_n_nok":3,"b3_n_vlakken":6,"b3_opp_grond":61.7400016784668,"b3_opp_dak_plat":10.4399995803833,"b3_opp_dak_schuin":68.87000274658203,"b3_volume_lod22":368.24505615234375,"b3_kwaliteitsindicator":1,"b3_pw_bron":"ahn5","b3_h_goot_nap":2.89,"b3_h_nok_nap":8.36,"goothoogte":3.27,"nokhoogte":8.74},"geometry":{"type":"Polygon","coordinates":[[[171956.625,559332.25],[171951.375,559332.438],[171950.922,559322.875],[171950.766,559318.375],[171953.156,559318.313],[171953.313,559322.813],[171956.313,559322.688],[171956.625,559332.25]]]}},{"type":"Feature","properties":{"identificatie":"NL.IMBAG.Pand.0091100000005737","oorspronkelijkbouwjaar":1978,"status":"Pand in gebruik","b3_dak_type":"slanted","b3_bouwlagen":3,"b3_h_maaiveld":-0.5879999995231628,"b3_h_nok":7.717670917510986,"b3_n_nok":2,"b3_n_vlakken":5,"b3_opp_grond":62.47999954223633,"b3_opp_dak_plat":0,"b3_opp_dak_schuin":73.8499984741211,"b3_volume_lod22":390.7679443359375,"b3_kwaliteitsindicator":1,"b3_pw_bron":"ahn5","b3_h_goot_nap":4.37,"b3_h_nok_nap":7.92,"goothoogte":4.95,"nokhoogte":8.51},"geometry":{"type":"Polygon","coordinates":[[[172083.859,559222.125],[172078.313,559224.688],[172072.563,559212.5],[172074.563,559211.563],[172076.766,559216.25],[172080.313,559214.563],[172083.859,559222.125]]]}},{"type":"Feature","properties":{"identificatie":"NL.IMBAG.Pand.0091100000011715","oorspronkelijkbouwjaar":1976,"status":"Pand in gebruik","b3_dak_type":"slanted","b3_bouwlagen":3,"b3_h_maaiveld":-0.4959999918937683,"b3_h_nok":8.280500411987305,"b3_n_nok":1,"b3_n_vlakken":4,"b3_opp_grond":73.9800033569336,"b3_opp_dak_plat":0,"b3_opp_dak_schuin":90.54000091552734,"b3_volume_lod22":423.0054931640625,"b3_kwaliteitsindicator":1,"b3_pw_bron":"ahn5","b3_h_goot_nap":1.79,"b3_h_nok_nap":8.51,"goothoogte":2.28,"nokhoogte":9},"geometry":{"type":"Polygon","coordinates":[[[171914.438,559370],[171911.422,559371.188],[171910.625,559368.938],[171913.594,559367.75],[171917.766,559366.188],[171916.563,559363],[171925.516,559359.625],[171927.563,559365.063],[171914.438,559370]]]}},{"type":"Feature","properties":{"identificatie":"NL.IMBAG.Pand.0091100000004590","oorspronkelijkbouwjaar":1976,"status":"Pand in gebruik","b3_dak_type":"slanted","b3_bouwlagen":3,"b3_h_maaiveld":-0.5950000286102295,"b3_h_nok":8.275384902954102,"b3_n_nok":1,"b3_n_vlakken":3,"b3_opp_grond":73.19000244140625,"b3_opp_dak_plat":20.850000381469727,"b3_opp_dak_schuin":60.54999923706055,"b3_volume_lod22":456.55804443359375,"b3_kwaliteitsindicator":1,"b3_pw_bron":"ahn5","b3_h_goot_nap":2.44,"b3_h_nok_nap":8.45,"goothoogte":3.03,"nokhoogte":9.04},"geometry":{"type":"Polygon","coordinates":[[[172014.859,559362.938],[172012.563,559361.563],[172014.984,559357.563],[172015.391,559357.813],[172017.516,559354.25],[172014.766,559352.625],[172019.672,559344.438],[172024.313,559347.25],[172014.859,559362.938]]]}},{"type":"Feature","properties":{"identificatie":"NL.IMBAG.Pand.0091100000019101","oorspronkelijkbouwjaar":1976,"status":"Pand in gebruik","b3_dak_type":"slanted","b3_bouwlagen":3,"b3_h_maaiveld":-0.4230000078678131,"b3_h_nok":8.217082977294922,"b3_n_nok":1,"b3_n_vlakken":4,"b3_opp_grond":64.08000183105469,"b3_opp_dak_plat":9.140000343322754,"b3_opp_dak_schuin":63.720001220703125,"b3_volume_lod22":426.38421630859375,"b3_kwaliteitsindicator":1,"b3_pw_bron":"ahn5","b3_h_goot_nap":5.33,"b3_h_nok_nap":8.4,"goothoogte":5.75,"nokhoogte":8.82},"geometry":{"type":"Polygon","coordinates":[[[172039.641,559334.125],[172034.984,559330.625],[172040.688,559323.063],[172043.563,559325.188],[172046.016,559321.875],[172047.781,559323.188],[172039.641,559334.125]]]}},{"type":"Feature","properties":{"identificatie":"NL.IMBAG.Pand.0091100000013321","oorspronkelijkbouwjaar":1976,"status":"Pand in gebruik","b3_dak_type":"slanted","b3_bouwlagen":3,"b3_h_maaiveld":-0.3959999978542328,"b3_h_nok":8.288816452026367,"b3_n_nok":1,"b3_n_vlakken":4,"b3_opp_grond":62.34000015258789,"b3_opp_dak_plat":9.819999694824219,"b3_opp_dak_schuin":67.58000183105469,"b3_volume_lod22":370.3434143066406,"b3_kwaliteitsindicator":1,"b3_pw_bron":"ahn5","b3_h_goot_nap":2.91,"b3_h_nok_nap":8.5,"goothoogte":3.3,"nokhoogte":8.9},"geometry":{"type":"Polygon","coordinates":[[[171920.141,559385.125],[171919.297,559382.875],[171923.484,559381.313],[171922.422,559378.5],[171931.375,559375.125],[171933.281,559380.188],[171920.141,559385.125]]]}},{"type":"Feature","properties":{"identificatie":"NL.IMBAG.Pand.0091100000006796","oorspronkelijkbouwjaar":1977,"status":"Pand in gebruik","b3_dak_type":"slanted","b3_bouwlagen":3,"b3_h_maaiveld":-0.527999997138977,"b3_h_nok":8.289568901062012,"b3_n_nok":1,"b3_n_vlakken":3,"b3_opp_grond":60.779998779296875,"b3_opp_dak_plat":8.09000015258789,"b3_opp_dak_schuin":61.029998779296875,"b3_volume_lod22":415.6098327636719,"b3_kwaliteitsindicator":1,"b3_pw_bron":"ahn5","b3_h_goot_nap":5.26,"b3_h_nok_nap":8.48,"goothoogte":5.79,"nokhoogte":9.01},"geometry":{"type":"Polygon","coordinates":[[[172067.703,559262.438],[172064.656,559258],[172072.563,559252.563],[172074.453,559255.313],[172077.859,559253],[172079.109,559254.813],[172075.703,559257.125],[172075.609,559257],[172067.703,559262.438]]]}},{"type":"Feature","properties":{"identificatie":"NL.IMBAG.Pand.0091100000013755","oorspronkelijkbouwjaar":1976,"status":"Pand in gebruik","b3_dak_type":"slanted","b3_bouwlagen":3,"b3_h_maaiveld":-0.5889999866485596,"b3_h_nok":8.197531700134277,"b3_n_nok":1,"b3_n_vlakken":3,"b3_opp_grond":69.56999969482422,"b3_opp_dak_plat":0,"b3_opp_dak_schuin":78.05000305175781,"b3_volume_lod22":429.54718017578125,"b3_kwaliteitsindicator":1,"b3_pw_bron":"ahn5","b3_h_goot_nap":1.74,"b3_h_nok_nap":8.34,"goothoogte":2.32,"nokhoogte":8.93},"geometry":{"type":"Polygon","coordinates":[[[172010.266,559375.688],[172007.141,559384.75],[172002,559383.063],[172005.156,559374],[172008.188,559375],[172009.484,559371.063],[172010.688,559367.438],[172012.75,559368.125],[172011.578,559371.813],[172010.266,559375.688]]]}},{"type":"Feature","properties":{"identificatie":"NL.IMBAG.Pand.0091100000006382","oorspronkelijkbouwjaar":1977,"status":"Pand in gebruik","b3_dak_type":"slanted","b3_bouwlagen":3,"b3_h_maaiveld":-0.6100000143051147,"b3_h_nok":8.293014526367188,"b3_n_nok":1,"b3_n_vlakken":3,"b3_opp_grond":60.869998931884766,"b3_opp_dak_plat":8.279999732971191,"b3_opp_dak_schuin":60.40999984741211,"b3_volume_lod22":422.3089294433594,"b3_kwaliteitsindicator":1,"b3_pw_bron":"ahn5","b3_h_goot_nap":5.11,"b3_h_nok_nap":8.49,"goothoogte":5.72,"nokhoogte":9.1},"geometry":{"type":"Polygon","coordinates":[[[172054.109,559308.625],[172052.656,559306.938],[172055.766,559304.25],[172053.688,559301.875],[172060.938,559295.563],[172064.469,559299.688],[172054.109,559308.625]]]}},{"type":"Feature","properties":{"identificatie":"NL.IMBAG.Pand.0091100000018835","oorspronkelijkbouwjaar":1976,"status":"Pand in gebruik","b3_dak_type":"slanted","b3_bouwlagen":3,"b3_h_maaiveld":-0.5979999899864197,"b3_h_nok":8.111772537231445,"b3_n_nok":3,"b3_n_vlakken":5,"b3_opp_grond":62.290000915527344,"b3_opp_dak_plat":9.779999732971191,"b3_opp_dak_schuin":67.5199966430664,"b3_volume_lod22":373.9242858886719,"b3_kwaliteitsindicator":1,"b3_pw_bron":"ahn5","b3_h_goot_nap":2.66,"b3_h_nok_nap":8.37,"goothoogte":3.25,"nokhoogte":8.96},"geometry":{"type":"Polygon","coordinates":[[[172001.406,559286.813],[171998.141,559291.125],[171986.875,559282.625],[171988.313,559280.75],[171991.969,559283.5],[171993.766,559281.063],[172001.406,559286.813]]]}},{"type":"Feature","properties":{"identificatie":"NL.IMBAG.Pand.0091100000011287","oorspronkelijkbouwjaar":1978,"status":"Pand in gebruik","b3_dak_type":"slanted","b3_bouwlagen":3,"b3_h_maaiveld":-0.5299999713897705,"b3_h_nok":7.74785852432251,"b3_n_nok":2,"b3_n_vlakken":6,"b3_opp_grond":79.6500015258789,"b3_opp_dak_plat":27.780000686645508,"b3_opp_dak_schuin":63.81999969482422,"b3_volume_lod22":454.31573486328125,"b3_kwaliteitsindicator":1,"b3_pw_bron":"ahn5","b3_h_goot_nap":1.88,"b3_h_nok_nap":7.82,"goothoogte":2.41,"nokhoogte":8.35},"geometry":{"type":"Polygon","coordinates":[[[172003.969,559258.313],[172005.438,559256.938],[172007.125,559258.75],[172007.266,559258.625],[172008.484,559259.938],[172011.203,559257.313],[172013.594,559259.813],[172013.688,559259.75],[172019.359,559265.875],[172014.938,559270],[172009.281,559263.813],[172009.188,559263.938],[172003.969,559258.313]]]}},{"type":"Feature","properties":{"identificatie":"NL.IMBAG.Pand.0091100000004621","oorspronkelijkbouwjaar":1978,"status":"Pand in gebruik","b3_dak_type":"slanted","b3_bouwlagen":3,"b3_h_maaiveld":-0.625,"b3_h_nok":8.824219703674316,"b3_n_nok":1,"b3_n_vlakken":5,"b3_opp_grond":93.31999969482422,"b3_opp_dak_plat":0,"b3_opp_dak_schuin":107.1500015258789,"b3_volume_lod22":557.3482055664062,"b3_kwaliteitsindicator":1,"b3_pw_bron":"ahn5","b3_h_goot_nap":1.94,"b3_h_nok_nap":9,"goothoogte":2.56,"nokhoogte":9.62},"geometry":{"type":"Polygon","coordinates":[[[172018.891,559256.75],[172015.344,559253],[172016.969,559251.438],[172020.531,559255.25],[172023.25,559252.75],[172021.313,559250.625],[172024.047,559248.125],[172030.031,559254.625],[172027.531,559256.875],[172029.141,559258.688],[172024.719,559262.75],[172018.984,559256.688],[172018.891,559256.75]]]}},{"type":"Feature","properties":{"identificatie":"NL.IMBAG.Pand.1900100010090842","oorspronkelijkbouwjaar":2022,"status":"Pand in gebruik","b3_dak_type":"horizontal","b3_h_maaiveld":-0.48100000619888306,"b3_n_nok":0,"b3_n_vlakken":1,"b3_opp_grond":8.119999885559082,"b3_opp_dak_plat":0,"b3_opp_dak_schuin":8.15999984741211,"b3_volume_lod22":18.438217163085938,"b3_kwaliteitsindicator":1,"b3_pw_bron":"ahn5","b3_h_goot_nap":1.68,"b3_h_nok_nap":1.94,"goothoogte":2.16,"nokhoogte":2.42},"geometry":{"type":"Polygon","coordinates":[[[171953.375,559318.313],[171950.766,559318.375],[171950.656,559315.313],[171953.266,559315.188],[171953.375,559318.313]]]}},{"type":"Feature","properties":{"identificatie":"NL.IMBAG.Pand.0091100000006402","oorspronkelijkbouwjaar":1978,"status":"Pand in gebruik","b3_dak_type":"slanted","b3_bouwlagen":3,"b3_h_maaiveld":-0.49300000071525574,"b3_h_nok":7.741565227508545,"b3_n_nok":1,"b3_n_vlakken":6,"b3_opp_grond":68.47000122070312,"b3_opp_dak_plat":4.739999771118164,"b3_opp_dak_schuin":75.1500015258789,"b3_volume_lod22":395.2057800292969,"b3_kwaliteitsindicator":1,"b3_pw_bron":"ahn5","b3_h_goot_nap":4.41,"b3_h_nok_nap":7.97,"goothoogte":4.9,"nokhoogte":8.46},"geometry":{"type":"Polygon","coordinates":[[[172054.594,559217.688],[172056.438,559216.438],[172060.906,559223.188],[172064.172,559221],[172068.766,559228.125],[172063.781,559231.375],[172059.172,559224.313],[172059.063,559224.375],[172054.594,559217.688]]]}},{"type":"Feature","properties":{"identificatie":"NL.IMBAG.Pand.0091100000003766","oorspronkelijkbouwjaar":1976,"status":"Pand in gebruik","b3_dak_type":"slanted","b3_bouwlagen":3,"b3_h_maaiveld":-0.5199999809265137,"b3_h_nok":8.200277328491211,"b3_n_nok":1,"b3_n_vlakken":3,"b3_opp_grond":61.029998779296875,"b3_opp_dak_plat":9.550000190734863,"b3_opp_dak_schuin":59.86000061035156,"b3_volume_lod22":406.3252258300781,"b3_kwaliteitsindicator":1,"b3_pw_bron":"ahn5","b3_h_goot_nap":5.31,"b3_h_nok_nap":8.36,"goothoogte":5.83,"nokhoogte":8.88},"geometry":{"type":"Polygon","coordinates":[[[172020.547,559379.125],[172017.422,559388.188],[172012.281,559386.5],[172015.406,559377.438],[172018.453,559378.438],[172019.75,559374.563],[172021.859,559375.25],[172020.547,559379.125]]]}},{"type":"Feature","properties":{"identificatie":"NL.IMBAG.Pand.0091100000011735","oorspronkelijkbouwjaar":1976,"status":"Pand in gebruik","b3_dak_type":"slanted","b3_bouwlagen":3,"b3_h_maaiveld":-0.4480000138282776,"b3_h_nok":8.239116668701172,"b3_n_nok":3,"b3_n_vlakken":6,"b3_opp_grond":62.56999969482422,"b3_opp_dak_plat":8.90999984741211,"b3_opp_dak_schuin":73.19999694824219,"b3_volume_lod22":377.7213134765625,"b3_kwaliteitsindicator":1,"b3_pw_bron":"ahn5","b3_h_goot_nap":2.83,"b3_h_nok_nap":8.52,"goothoogte":3.28,"nokhoogte":8.97},"geometry":{"type":"Polygon","coordinates":[[[171938.344,559339.188],[171934.703,559343.188],[171924.313,559333.688],[171925.922,559331.938],[171929.234,559334.938],[171931.25,559332.688],[171938.344,559339.188]]]}},{"type":"Feature","properties":{"identificatie":"NL.IMBAG.Pand.0091100000013700","oorspronkelijkbouwjaar":1976,"status":"Pand in gebruik","b3_dak_type":"slanted","b3_bouwlagen":3,"b3_h_maaiveld":-0.5109999775886536,"b3_h_nok":8.201319694519043,"b3_n_nok":1,"b3_n_vlakken":3,"b3_opp_grond":63.119998931884766,"b3_opp_dak_plat":9.479999542236328,"b3_opp_dak_schuin":62.599998474121094,"b3_volume_lod22":422.6877136230469,"b3_kwaliteitsindicator":1,"b3_pw_bron":"ahn5","b3_h_goot_nap":5.3,"b3_h_nok_nap":8.3,"goothoogte":5.81,"nokhoogte":8.81},"geometry":{"type":"Polygon","coordinates":[[[171980.094,559363.563],[171976.922,559372.625],[171971.656,559370.875],[171974.656,559361.75],[171978,559362.875],[171979.297,559358.938],[171981.375,559359.688],[171980.094,559363.563]]]}},{"type":"Feature","properties":{"identificatie":"NL.IMBAG.Pand.0091100000004720","oorspronkelijkbouwjaar":1976,"status":"Pand in gebruik","b3_dak_type":"slanted","b3_bouwlagen":2,"b3_h_maaiveld":-0.5199999809265137,"b3_h_nok":8.148015975952148,"b3_n_nok":3,"b3_n_vlakken":5,"b3_opp_grond":62.810001373291016,"b3_opp_dak_plat":10.229999542236328,"b3_opp_dak_schuin":71.70999908447266,"b3_volume_lod22":377.8070373535156,"b3_kwaliteitsindicator":1,"b3_pw_bron":"ahn5","b3_h_goot_nap":2.69,"b3_h_nok_nap":8.41,"goothoogte":3.21,"nokhoogte":8.93},"geometry":{"type":"Polygon","coordinates":[[[172049.234,559382.5],[172047,559387.438],[172034.188,559381.688],[172035.172,559379.5],[172039.266,559381.313],[172040.484,559378.563],[172049.234,559382.5]]]}},{"type":"Feature","properties":{"identificatie":"NL.IMBAG.Pand.0091100000006704","oorspronkelijkbouwjaar":1977,"status":"Pand in gebruik","b3_dak_type":"slanted","b3_bouwlagen":3,"b3_h_maaiveld":-0.46000000834465027,"b3_h_nok":8.275469779968262,"b3_n_nok":1,"b3_n_vlakken":3,"b3_opp_grond":60.810001373291016,"b3_opp_dak_plat":8.579999923706055,"b3_opp_dak_schuin":60.5,"b3_volume_lod22":409.8668212890625,"b3_kwaliteitsindicator":1,"b3_pw_bron":"ahn5","b3_h_goot_nap":5.27,"b3_h_nok_nap":8.48,"goothoogte":5.73,"nokhoogte":8.94},"geometry":{"type":"Polygon","coordinates":[[[172082.828,559291.688],[172079.766,559287.188],[172087.672,559281.813],[172089.484,559284.438],[172092.875,559282.125],[172094.109,559283.938],[172082.828,559291.688]]]}},{"type":"Feature","properties":{"identificatie":"NL.IMBAG.Pand.0091100000005261","oorspronkelijkbouwjaar":1976,"status":"Pand in gebruik","b3_dak_type":"slanted","b3_bouwlagen":3,"b3_h_maaiveld":-0.4749999940395355,"b3_h_nok":8.227289199829102,"b3_n_nok":1,"b3_n_vlakken":3,"b3_opp_grond":60.41999816894531,"b3_opp_dak_plat":8.569999694824219,"b3_opp_dak_schuin":60.09000015258789,"b3_volume_lod22":404.8105773925781,"b3_kwaliteitsindicator":1,"b3_pw_bron":"ahn5","b3_h_goot_nap":5.27,"b3_h_nok_nap":8.42,"goothoogte":5.75,"nokhoogte":8.89},"geometry":{"type":"Polygon","coordinates":[[[172016.016,559311.188],[172011.688,559307.938],[172017.469,559300.375],[172020.016,559302.313],[172022.531,559299.063],[172024.281,559300.375],[172016.016,559311.188]]]}},{"type":"Feature","properties":{"identificatie":"NL.IMBAG.Pand.0091100000018806","oorspronkelijkbouwjaar":1976,"status":"Pand in gebruik","b3_dak_type":"slanted","b3_bouwlagen":3,"b3_h_maaiveld":-0.49399998784065247,"b3_h_nok":8.250232696533203,"b3_n_nok":1,"b3_n_vlakken":3,"b3_opp_grond":60.63999938964844,"b3_opp_dak_plat":6.920000076293945,"b3_opp_dak_schuin":62.68000030517578,"b3_volume_lod22":412.51141357421875,"b3_kwaliteitsindicator":1,"b3_pw_bron":"ahn5","b3_h_goot_nap":4.82,"b3_h_nok_nap":8.45,"goothoogte":5.31,"nokhoogte":8.94},"geometry":{"type":"Polygon","coordinates":[[[171996.578,559351.25],[171994.688,559350.125],[171996.797,559346.563],[171994.063,559344.938],[171998.969,559336.75],[172003.594,559339.563],[171996.578,559351.25]]]}},{"type":"Feature","properties":{"identificatie":"NL.IMBAG.Pand.0091100000019085","oorspronkelijkbouwjaar":1976,"status":"Pand in gebruik","b3_dak_type":"slanted","b3_bouwlagen":3,"b3_h_maaiveld":-0.382999986410141,"b3_h_nok":8.221524238586426,"b3_n_nok":1,"b3_n_vlakken":3,"b3_opp_grond":60.119998931884766,"b3_opp_dak_plat":8.180000305175781,"b3_opp_dak_schuin":60.349998474121094,"b3_volume_lod22":396.7680969238281,"b3_kwaliteitsindicator":1,"b3_pw_bron":"ahn5","b3_h_goot_nap":3.45,"b3_h_nok_nap":8.4,"goothoogte":3.83,"nokhoogte":8.79},"geometry":{"type":"Polygon","coordinates":[[[172040.984,559323.25],[172040.688,559323.063],[172034.984,559330.625],[172030.672,559327.375],[172036.359,559319.813],[172039.219,559321.938],[172041.688,559318.625],[172043.438,559319.938],[172040.984,559323.25]]]}},{"type":"Feature","properties":{"identificatie":"NL.IMBAG.Pand.0091100000003885","oorspronkelijkbouwjaar":1978,"status":"Pand in gebruik","b3_dak_type":"slanted","b3_bouwlagen":3,"b3_h_maaiveld":-0.44999998807907104,"b3_h_nok":8.8865385055542,"b3_n_nok":1,"b3_n_vlakken":6,"b3_opp_grond":61.7599983215332,"b3_opp_dak_plat":8.789999961853027,"b3_opp_dak_schuin":72.73999786376953,"b3_volume_lod22":430.8907165527344,"b3_kwaliteitsindicator":1,"b3_pw_bron":"ahn5","b3_h_goot_nap":5.48,"b3_h_nok_nap":9.08,"goothoogte":5.93,"nokhoogte":9.53},"geometry":{"type":"Polygon","coordinates":[[[172094.188,559215.813],[172089.406,559205.688],[172089.297,559205.75],[172088.313,559203.625],[172090.297,559202.688],[172092.5,559207.438],[172096.156,559205.688],[172099.688,559213.25],[172094.188,559215.813]]]}},{"type":"Feature","properties":{"identificatie":"NL.IMBAG.Pand.1900100010088448","oorspronkelijkbouwjaar":2024,"status":"Pand in gebruik","b3_dak_type":"horizontal","b3_h_maaiveld":-0.8320000171661377,"b3_n_nok":0,"b3_n_vlakken":1,"b3_opp_grond":32.72999954223633,"b3_opp_dak_plat":32.72999954223633,"b3_opp_dak_schuin":0,"b3_volume_lod22":99.90447998046875,"b3_kwaliteitsindicator":1,"b3_pw_bron":"ahn5","b3_h_goot_nap":2.2,"b3_h_nok_nap":2.25,"goothoogte":3.03,"nokhoogte":3.08},"geometry":{"type":"Polygon","coordinates":[[[172022.719,559247.5],[172017.734,559241.125],[172021.078,559238.5],[172026.078,559244.813],[172022.719,559247.5]]]}},{"type":"Feature","properties":{"identificatie":"NL.IMBAG.Pand.0091100000018812","oorspronkelijkbouwjaar":1976,"status":"Pand in gebruik","b3_dak_type":"slanted","b3_bouwlagen":3,"b3_h_maaiveld":-0.6430000066757202,"b3_h_nok":8.106118202209473,"b3_n_nok":3,"b3_n_vlakken":5,"b3_opp_grond":66.16000366210938,"b3_opp_dak_plat":18.690000534057617,"b3_opp_dak_schuin":70,"b3_volume_lod22":397.24664306640625,"b3_kwaliteitsindicator":1,"b3_pw_bron":"ahn5","b3_h_goot_nap":2.69,"b3_h_nok_nap":8.36,"goothoogte":3.33,"nokhoogte":9},"geometry":{"type":"Polygon","coordinates":[[[171990.109,559278.313],[171991.547,559276.438],[171995.203,559279.188],[171997.25,559276.438],[172004.891,559282.25],[172001.406,559286.813],[171990.109,559278.313]]]}},{"type":"Feature","properties":{"identificatie":"NL.IMBAG.Pand.0091100000006816","oorspronkelijkbouwjaar":1977,"status":"Pand in gebruik","b3_dak_type":"slanted","b3_bouwlagen":3,"b3_h_maaiveld":-0.5090000033378601,"b3_h_nok":8.288338661193848,"b3_n_nok":1,"b3_n_vlakken":3,"b3_opp_grond":60.84000015258789,"b3_opp_dak_plat":8.8100004196167,"b3_opp_dak_schuin":60.2599983215332,"b3_volume_lod22":412.25152587890625,"b3_kwaliteitsindicator":1,"b3_pw_bron":"ahn5","b3_h_goot_nap":5.32,"b3_h_nok_nap":8.46,"goothoogte":5.83,"nokhoogte":8.97},"geometry":{"type":"Polygon","coordinates":[[[172070.766,559266.875],[172067.703,559262.438],[172075.609,559257],[172077.516,559259.75],[172080.906,559257.438],[172082.156,559259.25],[172078.766,559261.625],[172078.672,559261.438],[172070.766,559266.875]]]}},{"type":"Feature","properties":{"identificatie":"NL.IMBAG.Pand.0091100000013760","oorspronkelijkbouwjaar":1976,"status":"Pand in gebruik","b3_dak_type":"slanted","b3_bouwlagen":3,"b3_h_maaiveld":-0.5099999904632568,"b3_h_nok":8.240817070007324,"b3_n_nok":1,"b3_n_vlakken":4,"b3_opp_grond":70.80000305175781,"b3_opp_dak_plat":8.119999885559082,"b3_opp_dak_schuin":70.69999694824219,"b3_volume_lod22":443.38787841796875,"b3_kwaliteitsindicator":1,"b3_pw_bron":"ahn5","b3_h_goot_nap":5,"b3_h_nok_nap":8.44,"goothoogte":5.51,"nokhoogte":8.95},"geometry":{"type":"Polygon","coordinates":[[[172008,559353.375],[172006.031,559356.688],[172004.172,559355.5],[172006.109,559352.188],[172008.234,559348.688],[172005.453,559347],[172008.203,559342.313],[172008,559342.188],[172010.094,559338.688],[172015.031,559341.688],[172008,559353.375]]]}},{"type":"Feature","properties":{"identificatie":"NL.IMBAG.Pand.0091100000018794","oorspronkelijkbouwjaar":1976,"status":"Pand in gebruik","b3_dak_type":"slanted","b3_bouwlagen":3,"b3_h_maaiveld":-0.6510000228881836,"b3_h_nok":8.24316692352295,"b3_n_nok":1,"b3_n_vlakken":4,"b3_opp_grond":63.97999954223633,"b3_opp_dak_plat":8.420000076293945,"b3_opp_dak_schuin":64.44999694824219,"b3_volume_lod22":443.1728210449219,"b3_kwaliteitsindicator":1,"b3_pw_bron":"ahn5","b3_h_goot_nap":5.16,"b3_h_nok_nap":8.4,"goothoogte":5.81,"nokhoogte":9.06},"geometry":{"type":"Polygon","coordinates":[[[171987.313,559345.688],[171985.438,559344.563],[171987.547,559341],[171984.5,559339.188],[171989.438,559331],[171994.359,559334],[171987.313,559345.688]]]}},{"type":"Feature","properties":{"identificatie":"NL.IMBAG.Pand.0091100000005749","oorspronkelijkbouwjaar":1978,"status":"Pand in gebruik","b3_dak_type":"slanted","b3_bouwlagen":3,"b3_h_maaiveld":-0.5249999761581421,"b3_n_nok":0,"b3_n_vlakken":5,"b3_opp_grond":75.29000091552734,"b3_opp_dak_plat":7.179999828338623,"b3_opp_dak_schuin":77.01000213623047,"b3_volume_lod22":436.0731201171875,"b3_kwaliteitsindicator":1,"b3_pw_bron":"ahn5","b3_h_goot_nap":2.56,"b3_h_nok_nap":7.79,"goothoogte":3.08,"nokhoogte":8.31},"geometry":{"type":"Polygon","coordinates":[[[172088.844,559218.313],[172089.406,559219.5],[172083.859,559222.125],[172080.313,559214.563],[172080.203,559214.625],[172078,559209.938],[172080,559209],[172080.672,559210.438],[172084.063,559208.75],[172085.625,559212.063],[172085.75,559212],[172088.734,559218.375],[172088.844,559218.313]]]}},{"type":"Feature","properties":{"identificatie":"NL.IMBAG.Pand.0091100000004629","oorspronkelijkbouwjaar":1976,"status":"Pand in gebruik","b3_dak_type":"slanted","b3_bouwlagen":3,"b3_h_maaiveld":-0.4950000047683716,"b3_h_nok":8.22351360321045,"b3_n_nok":1,"b3_n_vlakken":4,"b3_opp_grond":62.880001068115234,"b3_opp_dak_plat":8.65999984741211,"b3_opp_dak_schuin":61.849998474121094,"b3_volume_lod22":423.69281005859375,"b3_kwaliteitsindicator":1,"b3_pw_bron":"ahn5","b3_h_goot_nap":5.28,"b3_h_nok_nap":8.39,"goothoogte":5.78,"nokhoogte":8.88},"geometry":{"type":"Polygon","coordinates":[[[172026.703,559324.375],[172021.875,559320.75],[172024.344,559317.438],[172024.766,559317.75],[172027.938,559313.563],[172030.563,559315.5],[172033.016,559312.188],[172034.781,559313.5],[172026.703,559324.375]]]}},{"type":"Feature","properties":{"identificatie":"NL.IMBAG.Pand.0091100000006804","oorspronkelijkbouwjaar":1976,"status":"Pand in gebruik","b3_dak_type":"slanted","b3_bouwlagen":3,"b3_h_maaiveld":-0.6579999923706055,"b3_h_nok":8.170385360717773,"b3_n_nok":3,"b3_n_vlakken":5,"b3_opp_grond":61.560001373291016,"b3_opp_dak_plat":9.229999542236328,"b3_opp_dak_schuin":67.44000244140625,"b3_volume_lod22":375.3797607421875,"b3_kwaliteitsindicator":1,"b3_pw_bron":"ahn5","b3_h_goot_nap":2.59,"b3_h_nok_nap":8.47,"goothoogte":3.24,"nokhoogte":9.13},"geometry":{"type":"Polygon","coordinates":[[[172069.547,559348.75],[172065.984,559352.625],[172055.516,559343.188],[172057.141,559341.438],[172060.438,559344.5],[172062.516,559342.25],[172069.547,559348.75]]]}},{"type":"Feature","properties":{"identificatie":"NL.IMBAG.Pand.0091100000005257","oorspronkelijkbouwjaar":1976,"status":"Pand in gebruik","b3_dak_type":"slanted","b3_bouwlagen":3,"b3_h_maaiveld":-0.3840000033378601,"b3_h_nok":8.234394073486328,"b3_n_nok":1,"b3_n_vlakken":3,"b3_opp_grond":60.56999969482422,"b3_opp_dak_plat":8.050000190734863,"b3_opp_dak_schuin":61.650001525878906,"b3_volume_lod22":402.62127685546875,"b3_kwaliteitsindicator":1,"b3_pw_bron":"ahn5","b3_h_goot_nap":5.06,"b3_h_nok_nap":8.4,"goothoogte":5.45,"nokhoogte":8.78},"geometry":{"type":"Polygon","coordinates":[[[172012.641,559356.125],[172010.75,559355],[172012.875,559351.5],[172010.141,559349.813],[172015.031,559341.688],[172019.672,559344.438],[172012.641,559356.125]]]}},{"type":"Feature","properties":{"identificatie":"NL.IMBAG.Pand.0091100000013478","oorspronkelijkbouwjaar":1976,"status":"Pand in gebruik","b3_dak_type":"slanted","b3_bouwlagen":3,"b3_h_maaiveld":-0.41600000858306885,"b3_h_nok":8.318771362304688,"b3_n_nok":1,"b3_n_vlakken":4,"b3_opp_grond":62.34000015258789,"b3_opp_dak_plat":12.550000190734863,"b3_opp_dak_schuin":67.18000030517578,"b3_volume_lod22":373.40081787109375,"b3_kwaliteitsindicator":1,"b3_pw_bron":"ahn5","b3_h_goot_nap":2.88,"b3_h_nok_nap":8.52,"goothoogte":3.3,"nokhoogte":8.93},"geometry":{"type":"Polygon","coordinates":[[[171922.047,559390.188],[171921.203,559387.938],[171925.391,559386.375],[171924.328,559383.563],[171933.281,559380.188],[171935.188,559385.25],[171922.047,559390.188]]]}},{"type":"Feature","properties":{"identificatie":"NL.IMBAG.Pand.0091100000007707","oorspronkelijkbouwjaar":1976,"status":"Pand in gebruik","b3_dak_type":"slanted","b3_bouwlagen":3,"b3_h_maaiveld":-0.7450000047683716,"b3_h_nok":8.227973937988281,"b3_n_nok":1,"b3_n_vlakken":3,"b3_opp_grond":64.70999908447266,"b3_opp_dak_plat":8.739999771118164,"b3_opp_dak_schuin":65.25,"b3_volume_lod22":452.7712707519531,"b3_kwaliteitsindicator":1,"b3_pw_bron":"ahn5","b3_h_goot_nap":5.26,"b3_h_nok_nap":8.43,"goothoogte":6,"nokhoogte":9.17},"geometry":{"type":"Polygon","coordinates":[[[172011.688,559307.938],[172006.984,559304.375],[172012.891,559296.875],[172015.719,559299],[172018.234,559295.75],[172019.984,559297.063],[172011.688,559307.938]]]}},{"type":"Feature","properties":{"identificatie":"NL.IMBAG.Pand.0091100000018804","oorspronkelijkbouwjaar":1976,"status":"Pand in gebruik","b3_dak_type":"slanted","b3_bouwlagen":3,"b3_h_maaiveld":-0.4959999918937683,"b3_h_nok":8.21467113494873,"b3_n_nok":1,"b3_n_vlakken":4,"b3_opp_grond":62.689998626708984,"b3_opp_dak_plat":14.880000114440918,"b3_opp_dak_schuin":62.16999816894531,"b3_volume_lod22":418.2008056640625,"b3_kwaliteitsindicator":1,"b3_pw_bron":"ahn5","b3_h_goot_nap":5.31,"b3_h_nok_nap":8.87,"goothoogte":5.81,"nokhoogte":9.37},"geometry":{"type":"Polygon","coordinates":[[[172000.016,559372.25],[171996.859,559381.375],[171991.609,559379.625],[171994.719,559370.5],[171997.938,559371.563],[171999.234,559367.688],[172001.328,559368.375],[172000.016,559372.25]]]}},{"type":"Feature","properties":{"identificatie":"NL.IMBAG.Pand.0091100000013632","oorspronkelijkbouwjaar":1978,"status":"Pand in gebruik","b3_dak_type":"slanted","b3_bouwlagen":3,"b3_h_maaiveld":-0.6259999871253967,"b3_h_nok":7.78490686416626,"b3_n_nok":1,"b3_n_vlakken":4,"b3_opp_grond":62.869998931884766,"b3_opp_dak_plat":2.4600000381469727,"b3_opp_dak_schuin":71.81999969482422,"b3_volume_lod22":406.04193115234375,"b3_kwaliteitsindicator":1,"b3_pw_bron":"ahn4","b3_h_goot_nap":4.43,"b3_h_nok_nap":8.01,"goothoogte":5.06,"nokhoogte":8.63},"geometry":{"type":"Polygon","coordinates":[[[171998.469,559266.75],[171999.141,559267.5],[172001.922,559264.938],[172004.781,559268],[172004.875,559267.938],[172010.484,559274.063],[172006.031,559278.188],[171996.844,559268.25],[171998.469,559266.75]]]}},{"type":"Feature","properties":{"identificatie":"NL.IMBAG.Pand.0091100000013438","oorspronkelijkbouwjaar":1976,"status":"Pand in gebruik","b3_dak_type":"slanted","b3_bouwlagen":3,"b3_h_maaiveld":-0.5149999856948853,"b3_h_nok":8.236061096191406,"b3_n_nok":1,"b3_n_vlakken":5,"b3_opp_grond":71.26000213623047,"b3_opp_dak_plat":18.760000228881836,"b3_opp_dak_schuin":67.04000091552734,"b3_volume_lod22":399.24285888671875,"b3_kwaliteitsindicator":1,"b3_pw_bron":"ahn5","b3_h_goot_nap":2.75,"b3_h_nok_nap":8.32,"goothoogte":3.27,"nokhoogte":8.83},"geometry":{"type":"Polygon","coordinates":[[[171962.016,559332.125],[171961.547,559318],[171961.703,559318],[171961.563,559314],[171963.719,559313.938],[171963.859,559317.938],[171963.938,559317.938],[171964.094,559322.438],[171967.094,559322.313],[171967.406,559331.938],[171962.016,559332.125]]]}},{"type":"Feature","properties":{"identificatie":"NL.IMBAG.Pand.0091100000019053","oorspronkelijkbouwjaar":1976,"status":"Pand in gebruik","b3_dak_type":"slanted","b3_bouwlagen":3,"b3_h_maaiveld":-0.4059999883174896,"b3_h_nok":8.249414443969727,"b3_n_nok":1,"b3_n_vlakken":3,"b3_opp_grond":56.290000915527344,"b3_opp_dak_plat":5.190000057220459,"b3_opp_dak_schuin":54.650001525878906,"b3_volume_lod22":371.9517517089844,"b3_kwaliteitsindicator":1,"b3_pw_bron":"ahn5","b3_h_goot_nap":5.3,"b3_h_nok_nap":8.43,"goothoogte":5.71,"nokhoogte":8.83},"geometry":{"type":"Polygon","coordinates":[[[172036.656,559320.063],[172036.359,559319.813],[172030.672,559327.375],[172026.703,559324.375],[172032.328,559316.813],[172034.891,559318.75],[172037.344,559315.438],[172039.109,559316.75],[172036.656,559320.063]]]}},{"type":"Feature","properties":{"identificatie":"NL.IMBAG.Pand.0091100000002318","oorspronkelijkbouwjaar":1977,"status":"Pand in gebruik","b3_dak_type":"horizontal","b3_h_maaiveld":-0.5899999737739563,"b3_n_nok":0,"b3_n_vlakken":1,"b3_opp_grond":8.779999732971191,"b3_opp_dak_plat":8.699999809265137,"b3_opp_dak_schuin":0,"b3_volume_lod22":25.49847412109375,"b3_kwaliteitsindicator":1,"b3_pw_bron":"ahn5","b3_h_goot_nap":2.3,"b3_h_nok_nap":2.33,"goothoogte":2.89,"nokhoogte":2.92},"geometry":{"type":"Polygon","coordinates":[[[172073.094,559311.75],[172070.422,559314],[172068.781,559312.125],[172071.453,559309.813],[172073.094,559311.75]]]}},{"type":"Feature","properties":{"identificatie":"NL.IMBAG.Pand.0091100000005249","oorspronkelijkbouwjaar":1976,"status":"Pand in gebruik","b3_dak_type":"slanted","b3_bouwlagen":3,"b3_h_maaiveld":-0.5009999871253967,"b3_h_nok":8.97736644744873,"b3_n_nok":2,"b3_n_vlakken":4,"b3_opp_grond":61.06999969482422,"b3_opp_dak_plat":8.789999961853027,"b3_opp_dak_schuin":60.630001068115234,"b3_volume_lod22":408.4355163574219,"b3_kwaliteitsindicator":1,"b3_pw_bron":"ahn5","b3_h_goot_nap":5.32,"b3_h_nok_nap":9.08,"goothoogte":5.82,"nokhoogte":9.58},"geometry":{"type":"Polygon","coordinates":[[[172015.406,559377.438],[172012.281,559386.5],[172007.141,559384.75],[172010.266,559375.688],[172013.313,559376.75],[172014.625,559372.813],[172016.719,559373.5],[172015.406,559377.438]]]}},{"type":"Feature","properties":{"identificatie":"NL.IMBAG.Pand.0091100000013740","oorspronkelijkbouwjaar":1976,"status":"Pand in gebruik","b3_dak_type":"slanted","b3_bouwlagen":3,"b3_h_maaiveld":-0.6610000133514404,"b3_h_nok":8.09152889251709,"b3_n_nok":3,"b3_n_vlakken":5,"b3_opp_grond":62.88999938964844,"b3_opp_dak_plat":9.84000015258789,"b3_opp_dak_schuin":67.9000015258789,"b3_volume_lod22":382.6909484863281,"b3_kwaliteitsindicator":1,"b3_pw_bron":"ahn5","b3_h_goot_nap":2.61,"b3_h_nok_nap":8.36,"goothoogte":3.27,"nokhoogte":9.02},"geometry":{"type":"Polygon","coordinates":[[[171994.891,559295.375],[171991.563,559299.75],[171980.375,559291.313],[171981.828,559289.375],[171985.484,559292.125],[171987.297,559289.688],[171994.891,559295.375]]]}},{"type":"Feature","properties":{"identificatie":"NL.IMBAG.Pand.0091100000003820","oorspronkelijkbouwjaar":1977,"status":"Pand in gebruik","b3_dak_type":"slanted","b3_bouwlagen":3,"b3_h_maaiveld":-0.46299999952316284,"b3_h_nok":8.291616439819336,"b3_n_nok":1,"b3_n_vlakken":4,"b3_opp_grond":60.9900016784668,"b3_opp_dak_plat":6.010000228881836,"b3_opp_dak_schuin":63.7599983215332,"b3_volume_lod22":416.97509765625,"b3_kwaliteitsindicator":1,"b3_pw_bron":"ahn5","b3_h_goot_nap":3.46,"b3_h_nok_nap":8.5,"goothoogte":3.92,"nokhoogte":8.96},"geometry":{"type":"Polygon","coordinates":[[[172046.578,559293.625],[172040.313,559299],[172038.859,559297.313],[172041.969,559294.625],[172039.875,559292.25],[172047.109,559285.938],[172050.594,559290],[172046.578,559293.625]]]}},{"type":"Feature","properties":{"identificatie":"NL.IMBAG.Pand.0091100000018798","oorspronkelijkbouwjaar":1976,"status":"Pand in gebruik","b3_dak_type":"slanted","b3_bouwlagen":3,"b3_h_maaiveld":-0.5019999742507935,"b3_h_nok":8.25788402557373,"b3_n_nok":1,"b3_n_vlakken":4,"b3_opp_grond":62.18000030517578,"b3_opp_dak_plat":8.15999984741211,"b3_opp_dak_schuin":69.51000213623047,"b3_volume_lod22":378.1172180175781,"b3_kwaliteitsindicator":1,"b3_pw_bron":"ahn5","b3_h_goot_nap":3.17,"b3_h_nok_nap":8.49,"goothoogte":3.67,"nokhoogte":8.99},"geometry":{"type":"Polygon","coordinates":[[[171995.313,559418.25],[171992.984,559417.75],[171993.984,559413.438],[171991.063,559412.75],[171993.266,559403.438],[171998.5,559404.625],[171995.313,559418.25]]]}},{"type":"Feature","properties":{"identificatie":"NL.IMBAG.Pand.0091100000011469","oorspronkelijkbouwjaar":1976,"status":"Pand in gebruik","b3_dak_type":"slanted","b3_bouwlagen":3,"b3_h_maaiveld":-0.5239999890327454,"b3_h_nok":8.207413673400879,"b3_n_nok":1,"b3_n_vlakken":5,"b3_opp_grond":67.43000030517578,"b3_opp_dak_plat":10.90999984741211,"b3_opp_dak_schuin":74.01000213623047,"b3_volume_lod22":392.3013000488281,"b3_kwaliteitsindicator":1,"b3_pw_bron":"ahn5","b3_h_goot_nap":3.18,"b3_h_nok_nap":8.43,"goothoogte":3.7,"nokhoogte":8.96},"geometry":{"type":"Polygon","coordinates":[[[172000.563,559419.5],[172000.109,559421.563],[171997.75,559421],[171999.234,559414.688],[171996.313,559414],[171998.5,559404.625],[172003.75,559405.875],[172000.563,559419.5]]]}},{"type":"Feature","properties":{"identificatie":"NL.IMBAG.Pand.0091100000013421","oorspronkelijkbouwjaar":1976,"status":"Pand in gebruik","b3_dak_type":"slanted","b3_bouwlagen":3,"b3_h_maaiveld":-0.41999998688697815,"b3_h_nok":8.226181030273438,"b3_n_nok":3,"b3_n_vlakken":5,"b3_opp_grond":62.2599983215332,"b3_opp_dak_plat":8.350000381469727,"b3_opp_dak_schuin":69.44000244140625,"b3_volume_lod22":373.3260803222656,"b3_kwaliteitsindicator":1,"b3_pw_bron":"ahn5","b3_h_goot_nap":3.17,"b3_h_nok_nap":8.5,"goothoogte":3.59,"nokhoogte":8.92},"geometry":{"type":"Polygon","coordinates":[[[171958.766,559412.813],[171956.438,559412.25],[171957.469,559407.938],[171954.547,559407.25],[171956.75,559397.938],[171962,559399.188],[171958.766,559412.813]]]}},{"type":"Feature","properties":{"identificatie":"NL.IMBAG.Pand.0091100000019731","oorspronkelijkbouwjaar":2011,"status":"Pand in gebruik","b3_dak_type":"slanted","b3_h_maaiveld":-0.8859999775886536,"b3_h_nok":3.831470489501953,"b3_n_nok":1,"b3_n_vlakken":2,"b3_opp_grond":83.69999694824219,"b3_opp_dak_plat":0,"b3_opp_dak_schuin":89.81999969482422,"b3_volume_lod22":346.1575012207031,"b3_kwaliteitsindicator":1,"b3_pw_bron":"ahn5","b3_h_goot_nap":2.56,"b3_h_nok_nap":3.95,"goothoogte":3.45,"nokhoogte":4.83},"geometry":{"type":"Polygon","coordinates":[[[171958.313,559494.375],[171968.078,559483.188],[171972.375,559487],[171962.781,559497.938],[171958.313,559494.375]]]}},{"type":"Feature","properties":{"identificatie":"NL.IMBAG.Pand.0091100000004625","oorspronkelijkbouwjaar":1976,"status":"Pand in gebruik","b3_dak_type":"slanted","b3_bouwlagen":3,"b3_h_maaiveld":-0.5199999809265137,"b3_h_nok":8.218424797058105,"b3_n_nok":3,"b3_n_vlakken":5,"b3_opp_grond":62.209999084472656,"b3_opp_dak_plat":9.34000015258789,"b3_opp_dak_schuin":68.0999984741211,"b3_volume_lod22":376.2699279785156,"b3_kwaliteitsindicator":1,"b3_pw_bron":"ahn5","b3_h_goot_nap":3.17,"b3_h_nok_nap":8.5,"goothoogte":3.69,"nokhoogte":9.02},"geometry":{"type":"Polygon","coordinates":[[[172025.219,559428.25],[172022.891,559427.75],[172023.906,559423.375],[172020.984,559422.688],[172023.172,559413.375],[172028.422,559414.625],[172025.219,559428.25]]]}},{"type":"Feature","properties":{"identificatie":"NL.IMBAG.Pand.0091100000019069","oorspronkelijkbouwjaar":1976,"status":"Pand in gebruik","b3_dak_type":"slanted","b3_bouwlagen":3,"b3_h_maaiveld":-0.49900001287460327,"b3_h_nok":8.245302200317383,"b3_n_nok":1,"b3_n_vlakken":4,"b3_opp_grond":62.93000030517578,"b3_opp_dak_plat":9.710000038146973,"b3_opp_dak_schuin":68.48999786376953,"b3_volume_lod22":378.701904296875,"b3_kwaliteitsindicator":1,"b3_pw_bron":"ahn5","b3_h_goot_nap":3.17,"b3_h_nok_nap":8.48,"goothoogte":3.66,"nokhoogte":8.98},"geometry":{"type":"Polygon","coordinates":[[[172033.672,559415.875],[172038.984,559417.125],[172035.766,559430.75],[172033.422,559430.188],[172034.438,559425.875],[172031.484,559425.188],[172033.672,559415.875]]]}},{"type":"Feature","properties":{"identificatie":"NL.IMBAG.Pand.0091100000018818","oorspronkelijkbouwjaar":1976,"status":"Pand in gebruik","b3_dak_type":"slanted","b3_bouwlagen":3,"b3_h_maaiveld":-0.5580000281333923,"b3_h_nok":8.228687286376953,"b3_n_nok":3,"b3_n_vlakken":6,"b3_opp_grond":69.54000091552734,"b3_opp_dak_plat":14.770000457763672,"b3_opp_dak_schuin":70.62000274658203,"b3_volume_lod22":408.5876770019531,"b3_kwaliteitsindicator":1,"b3_pw_bron":"ahn5","b3_h_goot_nap":2.6,"b3_h_nok_nap":8.52,"goothoogte":3.16,"nokhoogte":9.08},"geometry":{"type":"Polygon","coordinates":[[[172007.188,559421.063],[172003.531,559420.188],[172004.531,559415.875],[172001.563,559415.188],[172003.75,559405.875],[172009.063,559407.125],[172007,559415.875],[172008.313,559416.188],[172007.188,559421.063]]]}},{"type":"Feature","properties":{"identificatie":"NL.IMBAG.Pand.0091100000013411","oorspronkelijkbouwjaar":1976,"status":"Pand in gebruik","b3_dak_type":"slanted","b3_bouwlagen":3,"b3_h_maaiveld":-0.4090000092983246,"b3_h_nok":8.267485618591309,"b3_n_nok":1,"b3_n_vlakken":4,"b3_opp_grond":62.11000061035156,"b3_opp_dak_plat":12.170000076293945,"b3_opp_dak_schuin":66.91000366210938,"b3_volume_lod22":369.1627197265625,"b3_kwaliteitsindicator":1,"b3_pw_bron":"ahn5","b3_h_goot_nap":3.18,"b3_h_nok_nap":8.46,"goothoogte":3.59,"nokhoogte":8.87},"geometry":{"type":"Polygon","coordinates":[[[171953.516,559411.563],[171951.203,559411],[171952.219,559406.688],[171949.313,559406],[171951.516,559396.688],[171956.75,559397.938],[171953.516,559411.563]]]}},{"type":"Feature","properties":{"identificatie":"NL.IMBAG.Pand.0091100000003846","oorspronkelijkbouwjaar":1987,"status":"Pand in gebruik","b3_dak_type":"slanted","b3_h_maaiveld":-0.3799999952316284,"b3_h_nok":3.642491340637207,"b3_n_nok":4,"b3_n_vlakken":12,"b3_opp_grond":688.8200073242188,"b3_opp_dak_plat":641.5599975585938,"b3_opp_dak_schuin":51.439998626708984,"b3_volume_lod22":1568.619873046875,"b3_kwaliteitsindicator":1,"b3_pw_bron":"ahn5","b3_h_goot_nap":1.58,"b3_h_nok_nap":5.34,"goothoogte":1.96,"nokhoogte":5.72},"geometry":{"type":"Polygon","coordinates":[[[172042.047,559611.25],[172034.234,559604],[172036.797,559601.25],[172032.109,559596.813],[172035.109,559593.563],[172034.094,559592.5],[172053.109,559572.188],[172061.469,559580],[172058.391,559583.5],[172065.75,559590.438],[172046.563,559610.938],[172044.328,559608.875],[172042.047,559611.25]]]}},{"type":"Feature","properties":{"identificatie":"NL.IMBAG.Pand.0091100000004226","oorspronkelijkbouwjaar":1975,"status":"Pand in gebruik","b3_dak_type":"slanted","b3_h_maaiveld":-0.6439999938011169,"b3_n_nok":0,"b3_n_vlakken":5,"b3_opp_grond":285.3500061035156,"b3_opp_dak_plat":285.8599853515625,"b3_opp_dak_schuin":0,"b3_volume_lod22":1245.00341796875,"b3_kwaliteitsindicator":1,"b3_pw_bron":"ahn5","b3_h_goot_nap":2.83,"b3_h_nok_nap":4.92,"goothoogte":3.47,"nokhoogte":5.57},"geometry":{"type":"Polygon","coordinates":[[[172072.484,559612.063],[172074.469,559609.938],[172089.828,559624.313],[172084.141,559630.438],[172071.938,559619],[172067.406,559623.813],[172065.719,559623.875],[172059.344,559617.938],[172064.703,559612.188],[172064.313,559611.813],[172067.984,559607.875],[172072.484,559612.063]]]}},{"type":"Feature","properties":{"identificatie":"NL.IMBAG.Pand.0091100000013725","oorspronkelijkbouwjaar":1976,"status":"Pand in gebruik","b3_dak_type":"slanted","b3_bouwlagen":3,"b3_h_maaiveld":-0.5440000295639038,"b3_h_nok":8.207974433898926,"b3_n_nok":1,"b3_n_vlakken":4,"b3_opp_grond":62.34000015258789,"b3_opp_dak_plat":7.960000038146973,"b3_opp_dak_schuin":69.68000030517578,"b3_volume_lod22":380.75335693359375,"b3_kwaliteitsindicator":1,"b3_pw_bron":"ahn5","b3_h_goot_nap":3.18,"b3_h_nok_nap":8.42,"goothoogte":3.72,"nokhoogte":8.97},"geometry":{"type":"Polygon","coordinates":[[[171984.828,559415.813],[171982.484,559415.25],[171983.484,559411],[171980.578,559410.313],[171982.766,559400.938],[171988.016,559402.188],[171984.828,559415.813]]]}},{"type":"Feature","properties":{"identificatie":"NL.IMBAG.Pand.0091100000007711","oorspronkelijkbouwjaar":1976,"status":"Pand in gebruik","b3_dak_type":"slanted","b3_bouwlagen":3,"b3_h_maaiveld":-0.5059999823570251,"b3_h_nok":8.2844877243042,"b3_n_nok":1,"b3_n_vlakken":4,"b3_opp_grond":66.08999633789062,"b3_opp_dak_plat":9.649999618530273,"b3_opp_dak_schuin":73.08999633789062,"b3_volume_lod22":401.64947509765625,"b3_kwaliteitsindicator":1,"b3_pw_bron":"ahn5","b3_h_goot_nap":3.17,"b3_h_nok_nap":8.5,"goothoogte":3.68,"nokhoogte":9.01},"geometry":{"type":"Polygon","coordinates":[[[172014.719,559425.813],[172012.391,559425.25],[172013.406,559420.938],[172010.109,559420.188],[172012.281,559410.813],[172017.922,559412.188],[172014.719,559425.813]]]}},{"type":"Feature","properties":{"identificatie":"NL.IMBAG.Pand.0091100000004120","oorspronkelijkbouwjaar":1976,"status":"Pand in gebruik","b3_dak_type":"slanted","b3_bouwlagen":3,"b3_h_maaiveld":-0.4740000069141388,"b3_h_nok":8.26788330078125,"b3_n_nok":1,"b3_n_vlakken":4,"b3_opp_grond":66.27999877929688,"b3_opp_dak_plat":9.1899995803833,"b3_opp_dak_schuin":73.7300033569336,"b3_volume_lod22":400.2275085449219,"b3_kwaliteitsindicator":1,"b3_pw_bron":"ahn5","b3_h_goot_nap":3.14,"b3_h_nok_nap":8.48,"goothoogte":3.62,"nokhoogte":8.95},"geometry":{"type":"Polygon","coordinates":[[[171940.703,559408.563],[171941.719,559404.188],[171938.391,559403.438],[171940.594,559394.125],[171946.266,559395.438],[171943.031,559409.125],[171940.703,559408.563]]]}},{"type":"Feature","properties":{"identificatie":"NL.IMBAG.Pand.0091100000013720","oorspronkelijkbouwjaar":1976,"status":"Pand in gebruik","b3_dak_type":"slanted","b3_bouwlagen":3,"b3_h_maaiveld":-0.5109999775886536,"b3_h_nok":8.22131633758545,"b3_n_nok":3,"b3_n_vlakken":5,"b3_opp_grond":66.01000213623047,"b3_opp_dak_plat":10.220000267028809,"b3_opp_dak_schuin":71.9000015258789,"b3_volume_lod22":397.71502685546875,"b3_kwaliteitsindicator":1,"b3_pw_bron":"ahn5","b3_h_goot_nap":3.14,"b3_h_nok_nap":8.5,"goothoogte":3.65,"nokhoogte":9.01},"geometry":{"type":"Polygon","coordinates":[[[171979.563,559414.563],[171977.234,559414.063],[171978.234,559409.75],[171974.953,559409],[171977.141,559399.625],[171982.766,559400.938],[171979.563,559414.563]]]}},{"type":"Feature","properties":{"identificatie":"NL.IMBAG.Pand.0091100000012976","oorspronkelijkbouwjaar":1976,"status":"Pand in gebruik","b3_dak_type":"slanted","b3_bouwlagen":3,"b3_h_maaiveld":-0.41600000858306885,"b3_h_nok":8.274863243103027,"b3_n_nok":1,"b3_n_vlakken":4,"b3_opp_grond":62.25,"b3_opp_dak_plat":10.3100004196167,"b3_opp_dak_schuin":66.95999908447266,"b3_volume_lod22":368.8234558105469,"b3_kwaliteitsindicator":1,"b3_pw_bron":"ahn5","b3_h_goot_nap":3.2,"b3_h_nok_nap":8.49,"goothoogte":3.62,"nokhoogte":8.91},"geometry":{"type":"Polygon","coordinates":[[[171964.016,559414.063],[171961.688,559413.5],[171962.719,559409.188],[171959.797,559408.5],[171962,559399.188],[171967.25,559400.438],[171964.016,559414.063]]]}},{"type":"Feature","properties":{"identificatie":"NL.IMBAG.Pand.0091100000009624","oorspronkelijkbouwjaar":1977,"status":"Pand in gebruik","b3_dak_type":"slanted","b3_h_maaiveld":-1.1009999513626099,"b3_h_nok":2.567495107650757,"b3_n_nok":1,"b3_n_vlakken":2,"b3_opp_grond":18.809999465942383,"b3_opp_dak_plat":0,"b3_opp_dak_schuin":20.790000915527344,"b3_volume_lod22":60.317726135253906,"b3_kwaliteitsindicator":1,"b3_pw_bron":"ahn5","b3_h_goot_nap":1.5,"b3_h_nok_nap":2.71,"goothoogte":2.6,"nokhoogte":3.81},"geometry":{"type":"Polygon","coordinates":[[[171904.266,559466.813],[171901.016,559470.125],[171898.125,559467.25],[171901.359,559463.938],[171904.266,559466.813]]]}},{"type":"Feature","properties":{"identificatie":"NL.IMBAG.Pand.0091100000003813","oorspronkelijkbouwjaar":1976,"status":"Pand in gebruik","b3_dak_type":"slanted","b3_bouwlagen":3,"b3_h_maaiveld":-0.6430000066757202,"b3_h_nok":8.15465259552002,"b3_n_nok":3,"b3_n_vlakken":5,"b3_opp_grond":62.45000076293945,"b3_opp_dak_plat":9.779999732971191,"b3_opp_dak_schuin":67.62999725341797,"b3_volume_lod22":380.71820068359375,"b3_kwaliteitsindicator":1,"b3_pw_bron":"ahn5","b3_h_goot_nap":2.69,"b3_h_nok_nap":8.41,"goothoogte":3.33,"nokhoogte":9.05},"geometry":{"type":"Polygon","coordinates":[[[172044.797,559392.375],[172042.578,559397.25],[172029.766,559391.563],[172030.766,559389.313],[172034.813,559391.125],[172036.031,559388.438],[172044.797,559392.375]]]}},{"type":"Feature","properties":{"identificatie":"NL.IMBAG.Pand.0091100000013603","oorspronkelijkbouwjaar":1976,"status":"Pand in gebruik","b3_dak_type":"slanted","b3_bouwlagen":3,"b3_h_maaiveld":-0.4959999918937683,"b3_h_nok":8.332429885864258,"b3_n_nok":1,"b3_n_vlakken":4,"b3_opp_grond":62.709999084472656,"b3_opp_dak_plat":9.75,"b3_opp_dak_schuin":68.47000122070312,"b3_volume_lod22":380.7987365722656,"b3_kwaliteitsindicator":1,"b3_pw_bron":"ahn5","b3_h_goot_nap":2.86,"b3_h_nok_nap":8.53,"goothoogte":3.36,"nokhoogte":9.03},"geometry":{"type":"Polygon","coordinates":[[[171935.188,559385.25],[171937.109,559390.313],[171923.969,559395.25],[171923.125,559393],[171927.313,559391.438],[171926.234,559388.625],[171935.188,559385.25]]]}},{"type":"Feature","properties":{"identificatie":"NL.IMBAG.Pand.0091100000013443","oorspronkelijkbouwjaar":1976,"status":"Pand in gebruik","b3_dak_type":"slanted","b3_bouwlagen":3,"b3_h_maaiveld":-0.5509999990463257,"b3_h_nok":8.26823902130127,"b3_n_nok":1,"b3_n_vlakken":4,"b3_opp_grond":62.2400016784668,"b3_opp_dak_plat":9.600000381469727,"b3_opp_dak_schuin":67.97000122070312,"b3_volume_lod22":379.0126953125,"b3_kwaliteitsindicator":1,"b3_pw_bron":"ahn5","b3_h_goot_nap":3.19,"b3_h_nok_nap":8.5,"goothoogte":3.74,"nokhoogte":9.06},"geometry":{"type":"Polygon","coordinates":[[[171966.938,559414.75],[171967.969,559410.438],[171965.047,559409.75],[171967.25,559400.438],[171972.5,559401.688],[171969.266,559415.313],[171966.938,559414.75]]]}},{"type":"Feature","properties":{"identificatie":"NL.IMBAG.Pand.0091100000013617","oorspronkelijkbouwjaar":1976,"status":"Pand in gebruik","b3_dak_type":"slanted","b3_bouwlagen":3,"b3_h_maaiveld":-0.39100000262260437,"b3_h_nok":8.228757858276367,"b3_n_nok":3,"b3_n_vlakken":6,"b3_opp_grond":62.25,"b3_opp_dak_plat":9.460000038146973,"b3_opp_dak_schuin":68.08000183105469,"b3_volume_lod22":368.1368103027344,"b3_kwaliteitsindicator":1,"b3_pw_bron":"ahn5","b3_h_goot_nap":3.15,"b3_h_nok_nap":8.52,"goothoogte":3.54,"nokhoogte":8.91},"geometry":{"type":"Polygon","coordinates":[[[171948.281,559410.313],[171945.953,559409.813],[171946.969,559405.438],[171944.063,559404.75],[171946.266,559395.438],[171951.516,559396.688],[171948.281,559410.313]]]}},{"type":"Feature","properties":{"identificatie":"NL.IMBAG.Pand.0091100000017903","oorspronkelijkbouwjaar":1976,"status":"Pand in gebruik","b3_dak_type":"slanted","b3_bouwlagen":3,"b3_h_maaiveld":-0.550000011920929,"b3_h_nok":8.2493257522583,"b3_n_nok":1,"b3_n_vlakken":4,"b3_opp_grond":62.189998626708984,"b3_opp_dak_plat":10.1899995803833,"b3_opp_dak_schuin":66.93000030517578,"b3_volume_lod22":375.4704284667969,"b3_kwaliteitsindicator":1,"b3_pw_bron":"ahn5","b3_h_goot_nap":3.17,"b3_h_nok_nap":8.47,"goothoogte":3.72,"nokhoogte":9.02},"geometry":{"type":"Polygon","coordinates":[[[171987.734,559416.5],[171988.75,559412.188],[171985.828,559411.5],[171988.016,559402.188],[171993.266,559403.438],[171990.063,559417.063],[171987.734,559416.5]]]}},{"type":"Feature","properties":{"identificatie":"NL.IMBAG.Pand.0091100000019061","oorspronkelijkbouwjaar":1976,"status":"Pand in gebruik","b3_dak_type":"slanted","b3_bouwlagen":3,"b3_h_maaiveld":-0.4659999907016754,"b3_h_nok":8.212801933288574,"b3_n_nok":1,"b3_n_vlakken":4,"b3_opp_grond":62.33000183105469,"b3_opp_dak_plat":9.920000076293945,"b3_opp_dak_schuin":67.12000274658203,"b3_volume_lod22":370.9674987792969,"b3_kwaliteitsindicator":1,"b3_pw_bron":"ahn5","b3_h_goot_nap":3.18,"b3_h_nok_nap":8.45,"goothoogte":3.64,"nokhoogte":8.91},"geometry":{"type":"Polygon","coordinates":[[[172030.469,559429.5],[172028.141,559428.938],[172029.156,559424.625],[172026.234,559423.938],[172028.422,559414.625],[172033.672,559415.875],[172030.469,559429.5]]]}},{"type":"Feature","properties":{"identificatie":"NL.IMBAG.Pand.0091100000004606","oorspronkelijkbouwjaar":1976,"status":"Pand in gebruik","b3_dak_type":"slanted","b3_bouwlagen":3,"b3_h_maaiveld":-0.5090000033378601,"b3_h_nok":8.240761756896973,"b3_n_nok":3,"b3_n_vlakken":5,"b3_opp_grond":62.36000061035156,"b3_opp_dak_plat":9.279999732971191,"b3_opp_dak_schuin":68.5999984741211,"b3_volume_lod22":377.9530334472656,"b3_kwaliteitsindicator":1,"b3_pw_bron":"ahn5","b3_h_goot_nap":3.17,"b3_h_nok_nap":8.55,"goothoogte":3.67,"nokhoogte":9.06},"geometry":{"type":"Polygon","coordinates":[[[172019.969,559427.063],[172017.641,559426.5],[172018.656,559422.188],[172015.734,559421.5],[172017.922,559412.188],[172023.172,559413.375],[172019.969,559427.063]]]}},{"type":"Feature","properties":{"identificatie":"NL.IMBAG.Pand.1900100010090848","oorspronkelijkbouwjaar":2022,"status":"Pand in gebruik","b3_dak_type":"slanted","b3_h_maaiveld":-0.6039999723434448,"b3_n_nok":0,"b3_n_vlakken":1,"b3_opp_grond":6.489999771118164,"b3_opp_dak_plat":0,"b3_opp_dak_schuin":6.570000171661377,"b3_volume_lod22":22.654537200927734,"b3_kwaliteitsindicator":1,"b3_pw_bron":"ahn5","b3_h_goot_nap":2.69,"b3_h_nok_nap":3.17,"goothoogte":3.29,"nokhoogte":3.77},"geometry":{"type":"Polygon","coordinates":[[[172025.219,559428.25],[172024.531,559431.188],[172022.422,559430.688],[172023.094,559427.813],[172025.219,559428.25]]]}},{"type":"Feature","properties":{"identificatie":"NL.IMBAG.Pand.0091100000004238","oorspronkelijkbouwjaar":1987,"status":"Pand in gebruik","b3_dak_type":"slanted","b3_h_maaiveld":-0.5720000267028809,"b3_n_nok":0,"b3_n_vlakken":7,"b3_opp_grond":225.61000061035156,"b3_opp_dak_plat":141.02000427246094,"b3_opp_dak_schuin":92.81999969482422,"b3_volume_lod22":699.5364990234375,"b3_kwaliteitsindicator":1,"b3_pw_bron":"ahn5","b3_h_goot_nap":0.62,"b3_h_nok_nap":5.4,"goothoogte":1.2,"nokhoogte":5.98},"geometry":{"type":"Polygon","coordinates":[[[172095.25,559682.125],[172094.859,559682.188],[172092.484,559684.813],[172094.875,559687],[172086.781,559695.75],[172081.766,559691],[172082.453,559690.313],[172076.75,559685],[172084.109,559677.063],[172082.219,559675.188],[172082.266,559674.625],[172084.375,559674.75],[172084.391,559675.188],[172085.172,559675.938],[172086.109,559675],[172084.516,559673.5],[172084.484,559673],[172086.5,559672.813],[172086.563,559673.375],[172087.141,559673.875],[172087.969,559673],[172092.672,559677.313],[172090.656,559679.5],[172093.063,559681.688],[172094.656,559680.063],[172094.875,559680],[172094.906,559680.25],[172095.25,559682.125]]]}},{"type":"Feature","properties":{"identificatie":"NL.IMBAG.Pand.0091100000004234","oorspronkelijkbouwjaar":1987,"status":"Pand in gebruik","b3_dak_type":"multiple horizontal","b3_h_maaiveld":-0.5979999899864197,"b3_n_nok":0,"b3_n_vlakken":3,"b3_opp_grond":428.2300109863281,"b3_opp_dak_plat":442.5899963378906,"b3_opp_dak_schuin":0,"b3_volume_lod22":675.3529663085938,"b3_kwaliteitsindicator":1,"b3_pw_bron":"ahn5","b3_h_goot_nap":0.88,"b3_h_nok_nap":3.58,"goothoogte":1.48,"nokhoogte":4.18},"geometry":{"type":"Polygon","coordinates":[[[172054.266,559715.5],[172048.766,559710.125],[172048.125,559709.5],[172047.875,559708.938],[172047.344,559707.25],[172047.203,559706.125],[172047.125,559705.25],[172047.266,559704.25],[172047.406,559703.438],[172047.703,559702.5],[172048.063,559701.563],[172048.594,559700.688],[172048.422,559700.375],[172050.344,559698.313],[172050.469,559698.5],[172051.047,559698],[172051.703,559697.75],[172052.266,559697.438],[172053.297,559697.188],[172055.125,559696.875],[172056.125,559696.938],[172057.234,559697.188],[172058.5,559697.313],[172058.969,559696.688],[172058.688,559696.313],[172058.453,559694.688],[172058.406,559693.875],[172058.406,559692.938],[172058.453,559692.063],[172058.547,559691.25],[172058.672,559690.5],[172059.156,559689.563],[172059.766,559688.75],[172059.484,559688.313],[172061.547,559686.25],[172061.781,559686.438],[172062.438,559686.063],[172063.172,559685.625],[172064.234,559685.188],[172065.188,559685],[172065.984,559684.875],[172067.063,559684.875],[172068.406,559685],[172069.422,559685.188],[172070.109,559685.5],[172070.75,559685.5],[172072.688,559685.5],[172074.281,559686.875],[172073.406,559687.875],[172076.922,559691.25],[172054.266,559715.5]]]}},{"type":"Feature","properties":{"identificatie":"NL.IMBAG.Pand.0091100000003842","oorspronkelijkbouwjaar":1987,"status":"Pand in gebruik","b3_dak_type":"slanted","b3_h_maaiveld":-0.6299999952316284,"b3_n_nok":0,"b3_n_vlakken":6,"b3_opp_grond":158.00999450683594,"b3_opp_dak_plat":157.0800018310547,"b3_opp_dak_schuin":0,"b3_volume_lod22":797.3051147460938,"b3_kwaliteitsindicator":1,"b3_pw_bron":"ahn5","b3_h_goot_nap":3.14,"b3_h_nok_nap":6.42,"goothoogte":3.77,"nokhoogte":7.05},"geometry":{"type":"Polygon","coordinates":[[[172080.438,559656.438],[172073.391,559664],[172062.203,559653.5],[172069.25,559646],[172080.438,559656.438]]]}},{"type":"Feature","properties":{"identificatie":"NL.IMBAG.Pand.0091100000006407","oorspronkelijkbouwjaar":1987,"status":"Pand in gebruik","b3_dak_type":"horizontal","b3_h_maaiveld":-0.5619999766349792,"b3_n_nok":0,"b3_n_vlakken":1,"b3_opp_grond":12.050000190734863,"b3_opp_dak_plat":12.050000190734863,"b3_opp_dak_schuin":0,"b3_volume_lod22":32.35144805908203,"b3_kwaliteitsindicator":1,"b3_pw_bron":"ahn5","b3_h_goot_nap":2.11,"b3_h_nok_nap":2.13,"goothoogte":2.68,"nokhoogte":2.69},"geometry":{"type":"Polygon","coordinates":[[[172042.344,559702.688],[172040.563,559704.5],[172037.203,559701.375],[172038.984,559699.438],[172042.344,559702.688]]]}},{"type":"Feature","properties":{"identificatie":"NL.IMBAG.Pand.0091100000010018","oorspronkelijkbouwjaar":1976,"status":"Pand in gebruik","b3_dak_type":"horizontal","b3_h_maaiveld":-0.38600000739097595,"b3_n_nok":0,"b3_n_vlakken":1,"b3_opp_grond":9.460000038146973,"b3_opp_dak_plat":0,"b3_opp_dak_schuin":9.479999542236328,"b3_volume_lod22":21.513364791870117,"b3_kwaliteitsindicator":1,"b3_pw_bron":"ahn5","b3_h_goot_nap":1.79,"b3_h_nok_nap":1.98,"goothoogte":2.17,"nokhoogte":2.37},"geometry":{"type":"Polygon","coordinates":[[[172174.188,559127.75],[172171.641,559129.5],[172169.922,559126.938],[172172.469,559125.188],[172174.188,559127.75]]]}},{"type":"Feature","properties":{"identificatie":"NL.IMBAG.Pand.0091100000013752","oorspronkelijkbouwjaar":1977,"status":"Pand in gebruik","b3_dak_type":"horizontal","b3_h_maaiveld":-0.382999986410141,"b3_n_nok":0,"b3_n_vlakken":1,"b3_opp_grond":8.720000267028809,"b3_opp_dak_plat":8.720000267028809,"b3_opp_dak_schuin":0,"b3_volume_lod22":24.058820724487305,"b3_kwaliteitsindicator":1,"b3_pw_bron":"ahn5","b3_h_goot_nap":2.36,"b3_h_nok_nap":2.38,"goothoogte":2.75,"nokhoogte":2.77},"geometry":{"type":"Polygon","coordinates":[[[172259.641,559130.75],[172257.531,559132.125],[172255.656,559129.188],[172257.766,559127.813],[172259.641,559130.75]]]}},{"type":"Feature","properties":{"identificatie":"NL.IMBAG.Pand.0091100000006373","oorspronkelijkbouwjaar":1978,"status":"Pand in gebruik","b3_dak_type":"slanted","b3_bouwlagen":2,"b3_h_maaiveld":-0.5149999856948853,"b3_h_nok":6.561977863311768,"b3_n_nok":4,"b3_n_vlakken":6,"b3_opp_grond":91.5199966430664,"b3_opp_dak_plat":6.019999980926514,"b3_opp_dak_schuin":113.81999969482422,"b3_volume_lod22":461.1451416015625,"b3_kwaliteitsindicator":1,"b3_pw_bron":"ahn5","b3_h_goot_nap":1.93,"b3_h_nok_nap":6.77,"goothoogte":2.45,"nokhoogte":7.29},"geometry":{"type":"Polygon","coordinates":[[[172253.594,559102.188],[172251.563,559109],[172247.359,559107.813],[172246.547,559110.563],[172239.828,559108.563],[172240.719,559105.563],[172242.094,559105.938],[172244.047,559099.375],[172253.594,559102.188]]]}},{"type":"Feature","properties":{"identificatie":"NL.IMBAG.Pand.0091100000006438","oorspronkelijkbouwjaar":1978,"status":"Pand in gebruik","b3_dak_type":"slanted","b3_bouwlagen":2,"b3_h_maaiveld":-0.5230000019073486,"b3_h_nok":6.558565139770508,"b3_n_nok":4,"b3_n_vlakken":6,"b3_opp_grond":91.69999694824219,"b3_opp_dak_plat":6.03000020980835,"b3_opp_dak_schuin":121.44999694824219,"b3_volume_lod22":469.8055725097656,"b3_kwaliteitsindicator":1,"b3_pw_bron":"ahn5","b3_h_goot_nap":1.99,"b3_h_nok_nap":6.82,"goothoogte":2.51,"nokhoogte":7.34},"geometry":{"type":"Polygon","coordinates":[[[172260.797,559077.625],[172266.609,559074],[172265.844,559072.813],[172268.5,559071.125],[172272.219,559077.063],[172269.797,559078.563],[172272.109,559082.25],[172265.953,559086.125],[172260.797,559077.625]]]}},{"type":"Feature","properties":{"identificatie":"NL.IMBAG.Pand.0091100000008546","oorspronkelijkbouwjaar":1977,"status":"Pand in gebruik","b3_dak_type":"slanted","b3_bouwlagen":3,"b3_h_maaiveld":-0.3199999928474426,"b3_h_nok":8.171091079711914,"b3_n_nok":3,"b3_n_vlakken":6,"b3_opp_grond":84.9000015258789,"b3_opp_dak_plat":21.860000610351562,"b3_opp_dak_schuin":90.94999694824219,"b3_volume_lod22":444.567626953125,"b3_kwaliteitsindicator":1,"b3_pw_bron":"ahn5","b3_h_goot_nap":2.64,"b3_h_nok_nap":8.5,"goothoogte":2.96,"nokhoogte":8.82},"geometry":{"type":"Polygon","coordinates":[[[172333.766,559132.313],[172329.422,559135],[172330.063,559136.063],[172326.563,559138.25],[172323.109,559132.75],[172325.516,559131.25],[172322.969,559127.125],[172328.422,559123.75],[172333.766,559132.313]]]}},{"type":"Feature","properties":{"identificatie":"NL.IMBAG.Pand.0091100000010844","oorspronkelijkbouwjaar":1978,"status":"Pand in gebruik","b3_dak_type":"slanted","b3_bouwlagen":2,"b3_h_maaiveld":-0.5149999856948853,"b3_h_nok":6.5333476066589355,"b3_n_nok":4,"b3_n_vlakken":6,"b3_opp_grond":91.94000244140625,"b3_opp_dak_plat":7.230000019073486,"b3_opp_dak_schuin":125.30999755859375,"b3_volume_lod22":471.9325866699219,"b3_kwaliteitsindicator":1,"b3_pw_bron":"ahn5","b3_h_goot_nap":2.02,"b3_h_nok_nap":6.77,"goothoogte":2.54,"nokhoogte":7.28},"geometry":{"type":"Polygon","coordinates":[[[172298.203,559054.375],[172304.109,559050.688],[172303.344,559049.438],[172306,559047.813],[172309.688,559053.688],[172307.266,559055.25],[172309.563,559058.938],[172303.391,559062.75],[172298.203,559054.375]]]}},{"type":"Feature","properties":{"identificatie":"NL.IMBAG.Pand.0091100000004972","oorspronkelijkbouwjaar":1978,"status":"Pand in gebruik","b3_dak_type":"slanted","b3_bouwlagen":3,"b3_h_maaiveld":-0.48899999260902405,"b3_h_nok":8.828773498535156,"b3_n_nok":1,"b3_n_vlakken":4,"b3_opp_grond":62.650001525878906,"b3_opp_dak_plat":0,"b3_opp_dak_schuin":76.01000213623047,"b3_volume_lod22":432.497802734375,"b3_kwaliteitsindicator":1,"b3_pw_bron":"ahn5","b3_h_goot_nap":2,"b3_h_nok_nap":9.04,"goothoogte":2.49,"nokhoogte":9.53},"geometry":{"type":"Polygon","coordinates":[[[172188.938,559122.438],[172185.906,559118.188],[172187.703,559116.875],[172190.734,559121.125],[172194.016,559118.75],[172198.906,559125.563],[172193.922,559129.125],[172189.047,559122.313],[172188.938,559122.438]]]}},{"type":"Feature","properties":{"identificatie":"NL.IMBAG.Pand.0091100000008628","oorspronkelijkbouwjaar":1978,"status":"Pand in gebruik","b3_dak_type":"slanted","b3_bouwlagen":2,"b3_h_maaiveld":-0.3799999952316284,"b3_h_nok":6.471989154815674,"b3_n_nok":4,"b3_n_vlakken":6,"b3_opp_grond":90.79000091552734,"b3_opp_dak_plat":5.190000057220459,"b3_opp_dak_schuin":122.05999755859375,"b3_volume_lod22":450.5513610839844,"b3_kwaliteitsindicator":1,"b3_pw_bron":"ahn5","b3_h_goot_nap":2.1,"b3_h_nok_nap":6.71,"goothoogte":2.48,"nokhoogte":7.09},"geometry":{"type":"Polygon","coordinates":[[[172273.969,559128.188],[172267.938,559132],[172265.625,559128.313],[172263.234,559129.938],[172259.484,559124],[172262.141,559122.313],[172262.906,559123.563],[172268.766,559119.875],[172273.969,559128.188]]]}},{"type":"Feature","properties":{"identificatie":"NL.IMBAG.Pand.1900100010086642","oorspronkelijkbouwjaar":2018,"status":"Pand in gebruik","b3_dak_type":"horizontal","b3_h_maaiveld":-0.5199999809265137,"b3_n_nok":0,"b3_n_vlakken":1,"b3_opp_grond":7.46999979019165,"b3_opp_dak_plat":7.46999979019165,"b3_opp_dak_schuin":0,"b3_volume_lod22":19.743337631225586,"b3_kwaliteitsindicator":1,"b3_pw_bron":"ahn5","b3_h_goot_nap":2.1,"b3_h_nok_nap":2.13,"goothoogte":2.62,"nokhoogte":2.65},"geometry":{"type":"Polygon","coordinates":[[[172234.141,559107.625],[172235.016,559104.75],[172237.406,559105.438],[172236.531,559108.313],[172234.141,559107.625]]]}},{"type":"Feature","properties":{"identificatie":"NL.IMBAG.Pand.0091100000006509","oorspronkelijkbouwjaar":1978,"status":"Pand in gebruik","b3_dak_type":"slanted","b3_bouwlagen":3,"b3_h_maaiveld":-0.35600000619888306,"b3_h_nok":7.6839599609375,"b3_n_nok":1,"b3_n_vlakken":4,"b3_opp_grond":61.70000076293945,"b3_opp_dak_plat":5.309999942779541,"b3_opp_dak_schuin":67.36000061035156,"b3_volume_lod22":369.8713684082031,"b3_kwaliteitsindicator":1,"b3_pw_bron":"ahn5","b3_h_goot_nap":4.31,"b3_h_nok_nap":7.92,"goothoogte":4.66,"nokhoogte":8.27},"geometry":{"type":"Polygon","coordinates":[[[172175.203,559144.188],[172171.172,559138.5],[172171.078,559138.563],[172167.234,559133.25],[172169.031,559131.938],[172172.078,559136.188],[172175.234,559133.875],[172180.078,559140.688],[172175.203,559144.188]]]}},{"type":"Feature","properties":{"identificatie":"NL.IMBAG.Pand.0091100000012934","oorspronkelijkbouwjaar":1978,"status":"Pand in gebruik","b3_dak_type":"slanted","b3_bouwlagen":3,"b3_h_maaiveld":-0.4359999895095825,"b3_h_nok":7.695913791656494,"b3_n_nok":1,"b3_n_vlakken":3,"b3_opp_grond":62.400001525878906,"b3_opp_dak_plat":3.119999885559082,"b3_opp_dak_schuin":70.83000183105469,"b3_volume_lod22":381.8524169921875,"b3_kwaliteitsindicator":1,"b3_pw_bron":"ahn5","b3_h_goot_nap":4.41,"b3_h_nok_nap":7.88,"goothoogte":4.84,"nokhoogte":8.31},"geometry":{"type":"Polygon","coordinates":[[[172216.594,559117.813],[172214.297,559125.813],[172208.422,559124.063],[172212.281,559111.063],[172214.406,559111.688],[172212.922,559116.688],[172216.594,559117.813]]]}},{"type":"Feature","properties":{"identificatie":"NL.IMBAG.Pand.0091100000012506","oorspronkelijkbouwjaar":2005,"status":"Pand in gebruik","b3_dak_type":"horizontal","b3_h_maaiveld":-0.5049999952316284,"b3_n_nok":0,"b3_n_vlakken":1,"b3_opp_grond":9.739999771118164,"b3_opp_dak_plat":9.75,"b3_opp_dak_schuin":0,"b3_volume_lod22":21.369476318359375,"b3_kwaliteitsindicator":1,"b3_pw_bron":"ahn5","b3_h_goot_nap":1.62,"b3_h_nok_nap":1.75,"goothoogte":2.13,"nokhoogte":2.25},"geometry":{"type":"Polygon","coordinates":[[[172245.063,559114.813],[172243.859,559118.563],[172241.516,559117.813],[172242.719,559114.063],[172245.063,559114.813]]]}},{"type":"Feature","properties":{"identificatie":"NL.IMBAG.Pand.0091100000005973","oorspronkelijkbouwjaar":1978,"status":"Pand in gebruik","b3_dak_type":"slanted","b3_bouwlagen":3,"b3_h_maaiveld":-0.4690000116825104,"b3_h_nok":7.353405475616455,"b3_n_nok":2,"b3_n_vlakken":6,"b3_opp_grond":72.8499984741211,"b3_opp_dak_plat":8.430000305175781,"b3_opp_dak_schuin":59.90999984741211,"b3_volume_lod22":405.6363220214844,"b3_kwaliteitsindicator":1,"b3_pw_bron":"ahn5","b3_h_goot_nap":2.2,"b3_h_nok_nap":7.51,"goothoogte":2.67,"nokhoogte":7.98},"geometry":{"type":"Polygon","coordinates":[[[172324.938,559053.625],[172327.703,559044.5],[172333.422,559046.25],[172328.906,559061.063],[172326.359,559060.313],[172328.094,559054.625],[172324.938,559053.625]]]}},{"type":"Feature","properties":{"identificatie":"NL.IMBAG.Pand.0091100000015035","oorspronkelijkbouwjaar":1978,"status":"Pand in gebruik","b3_dak_type":"slanted","b3_bouwlagen":3,"b3_h_maaiveld":-0.45100000500679016,"b3_h_nok":8.789861679077148,"b3_n_nok":3,"b3_n_vlakken":7,"b3_opp_grond":62.060001373291016,"b3_opp_dak_plat":4.789999961853027,"b3_opp_dak_schuin":75.1500015258789,"b3_volume_lod22":424.8251953125,"b3_kwaliteitsindicator":1,"b3_pw_bron":"ahn5","b3_h_goot_nap":5.38,"b3_h_nok_nap":9.06,"goothoogte":5.83,"nokhoogte":9.51},"geometry":{"type":"Polygon","coordinates":[[[172239.063,559126.688],[172236.688,559134.75],[172230.938,559133],[172233.297,559124.938],[172233.172,559124.938],[172234.641,559119.938],[172236.781,559120.563],[172235.297,559125.563],[172239.063,559126.688]]]}},{"type":"Feature","properties":{"identificatie":"NL.IMBAG.Pand.0091100000008443","oorspronkelijkbouwjaar":1978,"status":"Pand in gebruik","b3_dak_type":"slanted","b3_bouwlagen":3,"b3_h_maaiveld":-0.44999998807907104,"b3_n_nok":0,"b3_n_vlakken":5,"b3_opp_grond":61.529998779296875,"b3_opp_dak_plat":0,"b3_opp_dak_schuin":70.19000244140625,"b3_volume_lod22":391.1029052734375,"b3_kwaliteitsindicator":1,"b3_pw_bron":"ahn5","b3_h_goot_nap":1.99,"b3_h_nok_nap":7.74,"goothoogte":2.44,"nokhoogte":8.19},"geometry":{"type":"Polygon","coordinates":[[[172227.547,559123.25],[172225.188,559131.313],[172219.313,559129.563],[172219.922,559127.5],[172220.063,559127.563],[172222.438,559119.563],[172222.297,559119.5],[172223.188,559116.5],[172225.281,559117.125],[172223.797,559122.125],[172227.547,559123.25]]]}},{"type":"Feature","properties":{"identificatie":"NL.IMBAG.Pand.0091100000008582","oorspronkelijkbouwjaar":1978,"status":"Pand in gebruik","b3_dak_type":"slanted","b3_bouwlagen":3,"b3_h_maaiveld":-0.46399998664855957,"b3_h_nok":7.347336292266846,"b3_n_nok":1,"b3_n_vlakken":6,"b3_opp_grond":73.77999877929688,"b3_opp_dak_plat":26.31999969482422,"b3_opp_dak_schuin":65.2300033569336,"b3_volume_lod22":409.80609130859375,"b3_kwaliteitsindicator":1,"b3_pw_bron":"ahn5","b3_h_goot_nap":2.21,"b3_h_nok_nap":7.51,"goothoogte":2.68,"nokhoogte":7.98},"geometry":{"type":"Polygon","coordinates":[[[172328.906,559061.063],[172333.422,559046.25],[172339.297,559048.063],[172338.531,559050.563],[172338.391,559050.5],[172336.375,559057.188],[172333.25,559056.188],[172331.531,559061.875],[172328.906,559061.063]]]}},{"type":"Feature","properties":{"identificatie":"NL.IMBAG.Pand.0091100000009448","oorspronkelijkbouwjaar":1977,"status":"Pand in gebruik","b3_dak_type":"slanted","b3_bouwlagen":3,"b3_h_maaiveld":-0.28600001335144043,"b3_h_nok":8.235265731811523,"b3_n_nok":1,"b3_n_vlakken":5,"b3_opp_grond":84.6500015258789,"b3_opp_dak_plat":25.030000686645508,"b3_opp_dak_schuin":84.06999969482422,"b3_volume_lod22":444.08380126953125,"b3_kwaliteitsindicator":1,"b3_pw_bron":"ahn5","b3_h_goot_nap":2.74,"b3_h_nok_nap":8.56,"goothoogte":3.02,"nokhoogte":8.85},"geometry":{"type":"Polygon","coordinates":[[[172310.109,559138.688],[172315.563,559135.313],[172318.109,559139.375],[172320.5,559137.938],[172323.922,559143.438],[172320.406,559145.625],[172319.75,559144.563],[172315.438,559147.25],[172310.109,559138.688]]]}},{"type":"Feature","properties":{"identificatie":"NL.IMBAG.Pand.0091100000009063","oorspronkelijkbouwjaar":1978,"status":"Pand in gebruik","b3_dak_type":"slanted","b3_bouwlagen":2,"b3_h_maaiveld":-0.45100000500679016,"b3_h_nok":7.251239776611328,"b3_n_nok":1,"b3_n_vlakken":5,"b3_opp_grond":67.5,"b3_opp_dak_plat":6.389999866485596,"b3_opp_dak_schuin":63.25,"b3_volume_lod22":395.34857177734375,"b3_kwaliteitsindicator":1,"b3_pw_bron":"ahn5","b3_h_goot_nap":4.28,"b3_h_nok_nap":7.38,"goothoogte":4.73,"nokhoogte":7.83},"geometry":{"type":"Polygon","coordinates":[[[172344.094,559052.25],[172340.25,559064.938],[172337.625,559064.125],[172338.719,559060.625],[172335.438,559059.625],[172336.234,559057.125],[172336.375,559057.188],[172338.391,559050.5],[172344.094,559052.25]]]}},{"type":"Feature","properties":{"identificatie":"NL.IMBAG.Pand.0091100000010848","oorspronkelijkbouwjaar":1978,"status":"Pand in gebruik","b3_dak_type":"slanted","b3_bouwlagen":2,"b3_h_maaiveld":-0.5289999842643738,"b3_h_nok":6.5946831703186035,"b3_n_nok":4,"b3_n_vlakken":6,"b3_opp_grond":89.55999755859375,"b3_opp_dak_plat":12.380000114440918,"b3_opp_dak_schuin":120,"b3_volume_lod22":470.4235534667969,"b3_kwaliteitsindicator":1,"b3_pw_bron":"ahn5","b3_h_goot_nap":2.11,"b3_h_nok_nap":6.86,"goothoogte":2.64,"nokhoogte":7.39},"geometry":{"type":"Polygon","coordinates":[[[172303.391,559062.75],[172297.453,559066.5],[172295.141,559062.813],[172292.75,559064.313],[172289.063,559058.375],[172291.719,559056.75],[172292.484,559057.938],[172298.203,559054.375],[172303.391,559062.75]]]}},{"type":"Feature","properties":{"identificatie":"NL.IMBAG.Pand.0091100000012938","oorspronkelijkbouwjaar":1978,"status":"Pand in gebruik","b3_dak_type":"slanted","b3_bouwlagen":3,"b3_h_maaiveld":-0.4429999887943268,"b3_h_nok":7.666456699371338,"b3_n_nok":1,"b3_n_vlakken":4,"b3_opp_grond":67.66999816894531,"b3_opp_dak_plat":0,"b3_opp_dak_schuin":77.73999786376953,"b3_volume_lod22":388.5048522949219,"b3_kwaliteitsindicator":1,"b3_pw_bron":"ahn5","b3_h_goot_nap":4.42,"b3_h_nok_nap":7.87,"goothoogte":4.87,"nokhoogte":8.31},"geometry":{"type":"Polygon","coordinates":[[[172222.438,559119.563],[172220.063,559127.563],[172214.297,559125.813],[172216.594,559117.813],[172216.547,559117.75],[172218.75,559110.375],[172220.828,559111],[172220.156,559113.438],[172218.672,559118.438],[172222.438,559119.563]]]}},{"type":"Feature","properties":{"identificatie":"NL.IMBAG.Pand.0091100000002312","oorspronkelijkbouwjaar":1978,"status":"Pand in gebruik","b3_dak_type":"slanted","b3_bouwlagen":3,"b3_h_maaiveld":-0.49000000953674316,"b3_h_nok":8.887869834899902,"b3_n_nok":1,"b3_n_vlakken":5,"b3_opp_grond":98.98999786376953,"b3_opp_dak_plat":22.010000228881836,"b3_opp_dak_schuin":83.36000061035156,"b3_volume_lod22":541.364990234375,"b3_kwaliteitsindicator":1,"b3_pw_bron":"ahn5","b3_h_goot_nap":2.04,"b3_h_nok_nap":9.09,"goothoogte":2.53,"nokhoogte":9.58},"geometry":{"type":"Polygon","coordinates":[[[172238.938,559126.625],[172240.406,559121.688],[172242.547,559122.313],[172242.141,559123.625],[172246,559124.813],[172245.328,559127.188],[172248.234,559128.063],[172246.313,559134.5],[172243.391,559133.688],[172242.563,559136.5],[172236.688,559134.75],[172239.063,559126.688],[172238.938,559126.625]]]}},{"type":"Feature","properties":{"identificatie":"NL.IMBAG.Pand.0091100000008550","oorspronkelijkbouwjaar":1977,"status":"Pand in gebruik","b3_dak_type":"slanted","b3_bouwlagen":2,"b3_h_maaiveld":-0.37299999594688416,"b3_h_nok":8.07457447052002,"b3_n_nok":4,"b3_n_vlakken":7,"b3_opp_grond":113.12000274658203,"b3_opp_dak_plat":49.41999816894531,"b3_opp_dak_schuin":87.19999694824219,"b3_volume_lod22":543.1388549804688,"b3_kwaliteitsindicator":1,"b3_pw_bron":"ahn5","b3_h_goot_nap":2.73,"b3_h_nok_nap":8.35,"goothoogte":3.1,"nokhoogte":8.72},"geometry":{"type":"Polygon","coordinates":[[[172342.203,559128.5],[172342.141,559128.563],[172345.766,559134.688],[172342.406,559136.813],[172338.719,559130.688],[172338.078,559129.625],[172333.766,559132.313],[172328.422,559123.75],[172333.875,559120.375],[172336.422,559124.438],[172338.766,559122.938],[172342.203,559128.5]]]}},{"type":"Feature","properties":{"identificatie":"NL.IMBAG.Pand.1900100010090832","oorspronkelijkbouwjaar":2022,"status":"Pand in gebruik","b3_dak_type":"horizontal","b3_h_maaiveld":-0.39800000190734863,"b3_n_nok":0,"b3_n_vlakken":1,"b3_opp_grond":4.289999961853027,"b3_opp_dak_plat":4.289999961853027,"b3_opp_dak_schuin":0,"b3_volume_lod22":8.830857276916504,"b3_kwaliteitsindicator":1,"b3_pw_bron":"ahn5","b3_h_goot_nap":1.65,"b3_h_nok_nap":1.67,"goothoogte":2.04,"nokhoogte":2.07},"geometry":{"type":"Polygon","coordinates":[[[172175.422,559124.188],[172174.031,559122.375],[172175.516,559121.25],[172176.906,559123.063],[172175.422,559124.188]]]}},{"type":"Feature","properties":{"identificatie":"NL.IMBAG.Pand.0091100000018886","oorspronkelijkbouwjaar":1978,"status":"Pand in gebruik","b3_dak_type":"slanted","b3_bouwlagen":3,"b3_h_maaiveld":-0.43700000643730164,"b3_h_nok":7.343186378479004,"b3_n_nok":1,"b3_n_vlakken":4,"b3_opp_grond":69.19999694824219,"b3_opp_dak_plat":10.869999885559082,"b3_opp_dak_schuin":66.94999694824219,"b3_volume_lod22":400.49334716796875,"b3_kwaliteitsindicator":1,"b3_pw_bron":"ahn5","b3_h_goot_nap":4.03,"b3_h_nok_nap":7.52,"goothoogte":4.46,"nokhoogte":7.96},"geometry":{"type":"Polygon","coordinates":[[[172324.938,559053.625],[172321.797,559052.688],[172320.75,559056.188],[172317.984,559055.375],[172321.844,559042.688],[172327.703,559044.5],[172324.938,559053.625]]]}},{"type":"Feature","properties":{"identificatie":"NL.IMBAG.Pand.0091100000006166","oorspronkelijkbouwjaar":1978,"status":"Pand in gebruik","b3_dak_type":"slanted","b3_bouwlagen":3,"b3_h_maaiveld":-0.4449999928474426,"b3_h_nok":7.738802433013916,"b3_n_nok":2,"b3_n_vlakken":7,"b3_opp_grond":79.52999877929688,"b3_opp_dak_plat":16.700000762939453,"b3_opp_dak_schuin":70.87999725341797,"b3_volume_lod22":434.5618591308594,"b3_kwaliteitsindicator":1,"b3_pw_bron":"ahn5","b3_h_goot_nap":2.52,"b3_h_nok_nap":7.85,"goothoogte":2.97,"nokhoogte":8.29},"geometry":{"type":"Polygon","coordinates":[[[172189.156,559132.563],[172189.922,559133.625],[172184.953,559137.188],[172180.125,559130.375],[172180.016,559130.438],[172175.578,559124.313],[172177.328,559123],[172178.781,559124.938],[172179.828,559126.375],[172182.797,559124.188],[172184.813,559127],[172184.938,559126.938],[172189.063,559132.625],[172189.156,559132.563]]]}},{"type":"Feature","properties":{"identificatie":"NL.IMBAG.Pand.1900100010090890","oorspronkelijkbouwjaar":2022,"status":"Pand in gebruik","b3_dak_type":"horizontal","b3_h_maaiveld":-0.5109999775886536,"b3_n_nok":0,"b3_n_vlakken":1,"b3_opp_grond":15.220000267028809,"b3_opp_dak_plat":15.229999542236328,"b3_opp_dak_schuin":0,"b3_volume_lod22":40.985679626464844,"b3_kwaliteitsindicator":1,"b3_pw_bron":"ahn5","b3_h_goot_nap":2.12,"b3_h_nok_nap":2.28,"goothoogte":2.63,"nokhoogte":2.79},"geometry":{"type":"Polygon","coordinates":[[[172239.391,559116.75],[172235.969,559115.688],[172237.234,559111.625],[172240.609,559112.625],[172239.391,559116.75]]]}},{"type":"Feature","properties":{"identificatie":"NL.IMBAG.Pand.0091100000007278","oorspronkelijkbouwjaar":1978,"status":"Pand in gebruik","b3_dak_type":"slanted","b3_bouwlagen":2,"b3_h_maaiveld":-0.4050000011920929,"b3_h_nok":6.4904046058654785,"b3_n_nok":4,"b3_n_vlakken":6,"b3_opp_grond":90.94999694824219,"b3_opp_dak_plat":6.25,"b3_opp_dak_schuin":119.08000183105469,"b3_volume_lod22":450.03009033203125,"b3_kwaliteitsindicator":1,"b3_pw_bron":"ahn5","b3_h_goot_nap":1.98,"b3_h_nok_nap":6.73,"goothoogte":2.39,"nokhoogte":7.13},"geometry":{"type":"Polygon","coordinates":[[[172289.094,559107.063],[172294.906,559103.438],[172294.156,559102.188],[172296.813,559100.563],[172300.5,559106.5],[172298.047,559108],[172300.344,559111.688],[172294.344,559115.438],[172289.094,559107.063]]]}},{"type":"Feature","properties":{"identificatie":"NL.IMBAG.Pand.0091100000006469","oorspronkelijkbouwjaar":1978,"status":"Pand in gebruik","b3_dak_type":"slanted","b3_bouwlagen":2,"b3_h_maaiveld":-0.531000018119812,"b3_h_nok":6.567590236663818,"b3_n_nok":4,"b3_n_vlakken":6,"b3_opp_grond":90.4800033569336,"b3_opp_dak_plat":13.109999656677246,"b3_opp_dak_schuin":112.5,"b3_volume_lod22":464.1111145019531,"b3_kwaliteitsindicator":1,"b3_pw_bron":"ahn5","b3_h_goot_nap":1.98,"b3_h_nok_nap":6.84,"goothoogte":2.51,"nokhoogte":7.38},"geometry":{"type":"Polygon","coordinates":[[[172265.953,559086.125],[172260,559089.813],[172257.688,559086.125],[172255.266,559087.688],[172251.563,559081.75],[172254.219,559080.063],[172254.969,559081.313],[172260.797,559077.625],[172265.953,559086.125]]]}},{"type":"Feature","properties":{"identificatie":"NL.IMBAG.Pand.0091100000010022","oorspronkelijkbouwjaar":1976,"status":"Pand in gebruik","b3_dak_type":"slanted","b3_h_maaiveld":-0.4359999895095825,"b3_h_nok":2.2218213081359863,"b3_n_nok":1,"b3_n_vlakken":2,"b3_opp_grond":11.180000305175781,"b3_opp_dak_plat":0,"b3_opp_dak_schuin":11.789999961853027,"b3_volume_lod22":25.15999984741211,"b3_kwaliteitsindicator":1,"b3_pw_bron":"ahn5","b3_h_goot_nap":1.39,"b3_h_nok_nap":2.32,"goothoogte":1.82,"nokhoogte":2.75},"geometry":{"type":"Polygon","coordinates":[[[172159.75,559139.75],[172157.766,559141.125],[172155.141,559137.25],[172157.125,559135.875],[172159.75,559139.75]]]}},{"type":"Feature","properties":{"identificatie":"NL.IMBAG.Pand.0091100000006377","oorspronkelijkbouwjaar":1978,"status":"Pand in gebruik","b3_dak_type":"slanted","b3_bouwlagen":2,"b3_h_maaiveld":-0.5320000052452087,"b3_h_nok":6.649240970611572,"b3_n_nok":2,"b3_n_vlakken":5,"b3_opp_grond":91.33999633789062,"b3_opp_dak_plat":10.300000190734863,"b3_opp_dak_schuin":115.33999633789062,"b3_volume_lod22":468.78094482421875,"b3_kwaliteitsindicator":1,"b3_pw_bron":"ahn5","b3_h_goot_nap":1.9,"b3_h_nok_nap":6.85,"goothoogte":2.43,"nokhoogte":7.39},"geometry":{"type":"Polygon","coordinates":[[[172244.047,559099.375],[172246,559092.75],[172244.625,559092.375],[172245.5,559089.375],[172252.219,559091.375],[172251.406,559094.125],[172255.609,559095.375],[172253.594,559102.188],[172244.047,559099.375]]]}},{"type":"Feature","properties":{"identificatie":"NL.IMBAG.Pand.0091100000007250","oorspronkelijkbouwjaar":1978,"status":"Pand in gebruik","b3_dak_type":"slanted","b3_bouwlagen":2,"b3_h_maaiveld":-0.5180000066757202,"b3_h_nok":6.5824055671691895,"b3_n_nok":4,"b3_n_vlakken":6,"b3_opp_grond":90.20999908447266,"b3_opp_dak_plat":18.290000915527344,"b3_opp_dak_schuin":111.37000274658203,"b3_volume_lod22":466.3664855957031,"b3_kwaliteitsindicator":1,"b3_pw_bron":"ahn5","b3_h_goot_nap":2.05,"b3_h_nok_nap":6.79,"goothoogte":2.57,"nokhoogte":7.31},"geometry":{"type":"Polygon","coordinates":[[[172284.641,559074.438],[172278.688,559078.125],[172276.391,559074.438],[172273.969,559075.938],[172270.266,559070.063],[172272.938,559068.375],[172273.703,559069.563],[172279.484,559066],[172284.641,559074.438]]]}},{"type":"Feature","properties":{"identificatie":"NL.IMBAG.Pand.0091100000006609","oorspronkelijkbouwjaar":1978,"status":"Pand in gebruik","b3_dak_type":"slanted","b3_bouwlagen":2,"b3_h_maaiveld":-0.39399999380111694,"b3_h_nok":6.463192462921143,"b3_n_nok":4,"b3_n_vlakken":6,"b3_opp_grond":90.68000030517578,"b3_opp_dak_plat":8.109999656677246,"b3_opp_dak_schuin":107.47000122070312,"b3_volume_lod22":439.7406311035156,"b3_kwaliteitsindicator":1,"b3_pw_bron":"ahn5","b3_h_goot_nap":2.02,"b3_h_nok_nap":6.7,"goothoogte":2.41,"nokhoogte":7.09},"geometry":{"type":"Polygon","coordinates":[[[172268.766,559119.875],[172274.5,559116.188],[172273.734,559115],[172276.375,559113.313],[172280.125,559119.188],[172277.703,559120.75],[172280.031,559124.438],[172273.969,559128.188],[172268.766,559119.875]]]}},{"type":"Feature","properties":{"identificatie":"NL.IMBAG.Pand.0091100000012514","oorspronkelijkbouwjaar":1978,"status":"Pand in gebruik","b3_dak_type":"slanted","b3_h_maaiveld":-0.5149999856948853,"b3_h_nok":2.0374538898468018,"b3_n_nok":1,"b3_n_vlakken":2,"b3_opp_grond":7.809999942779541,"b3_opp_dak_plat":0,"b3_opp_dak_schuin":8.630000114440918,"b3_volume_lod22":17.89609718322754,"b3_kwaliteitsindicator":1,"b3_pw_bron":"ahn5","b3_h_goot_nap":1.45,"b3_h_nok_nap":2.17,"goothoogte":1.96,"nokhoogte":2.69},"geometry":{"type":"Polygon","coordinates":[[[172215.453,559107.688],[172214.438,559111],[172212.281,559110.375],[172213.297,559107],[172215.453,559107.688]]]}},{"type":"Feature","properties":{"identificatie":"NL.IMBAG.Pand.0091100000005981","oorspronkelijkbouwjaar":1978,"status":"Pand in gebruik","b3_dak_type":"slanted","b3_bouwlagen":3,"b3_h_maaiveld":-0.3930000066757202,"b3_h_nok":7.682263374328613,"b3_n_nok":1,"b3_n_vlakken":4,"b3_opp_grond":61.72999954223633,"b3_opp_dak_plat":3.6500000953674316,"b3_opp_dak_schuin":69.31999969482422,"b3_volume_lod22":375.3765563964844,"b3_kwaliteitsindicator":1,"b3_pw_bron":"ahn5","b3_h_goot_nap":4.33,"b3_h_nok_nap":7.9,"goothoogte":4.72,"nokhoogte":8.3},"geometry":{"type":"Polygon","coordinates":[[[172184.953,559137.188],[172180.078,559140.688],[172175.234,559133.875],[172175.141,559134],[172172.094,559129.75],[172173.906,559128.438],[172176.938,559132.688],[172180.125,559130.375],[172184.953,559137.188]]]}},{"type":"Feature","properties":{"identificatie":"NL.IMBAG.Pand.0091100000012502","oorspronkelijkbouwjaar":1977,"status":"Pand in gebruik","b3_dak_type":"horizontal","b3_h_maaiveld":-0.4650000035762787,"b3_n_nok":0,"b3_n_vlakken":1,"b3_opp_grond":17.489999771118164,"b3_opp_dak_plat":17.489999771118164,"b3_opp_dak_schuin":0,"b3_volume_lod22":41.04630661010742,"b3_kwaliteitsindicator":1,"b3_pw_bron":"ahn5","b3_h_goot_nap":1.84,"b3_h_nok_nap":1.91,"goothoogte":2.3,"nokhoogte":2.38},"geometry":{"type":"Polygon","coordinates":[[[172268.359,559069.625],[172264.859,559071.75],[172262.641,559068.063],[172266.125,559065.938],[172268.359,559069.625]]]}},{"type":"Feature","properties":{"identificatie":"NL.IMBAG.Pand.0091100000011489","oorspronkelijkbouwjaar":1978,"status":"Pand in gebruik","b3_dak_type":"slanted","b3_bouwlagen":3,"b3_h_maaiveld":-0.3869999945163727,"b3_h_nok":8.832098960876465,"b3_n_nok":1,"b3_n_vlakken":5,"b3_opp_grond":61.95000076293945,"b3_opp_dak_plat":2.809999942779541,"b3_opp_dak_schuin":74.77999877929688,"b3_volume_lod22":420.9109802246094,"b3_kwaliteitsindicator":1,"b3_pw_bron":"ahn5","b3_h_goot_nap":2.03,"b3_h_nok_nap":9.04,"goothoogte":2.41,"nokhoogte":9.42},"geometry":{"type":"Polygon","coordinates":[[[172189.063,559132.625],[172184.938,559126.938],[172184.813,559127],[172181.031,559121.688],[172182.828,559120.375],[172185.859,559124.625],[172189.047,559122.313],[172193.922,559129.125],[172189.063,559132.625]]]}},{"type":"Feature","properties":{"identificatie":"NL.IMBAG.Pand.0091100000014851","oorspronkelijkbouwjaar":1978,"status":"Pand in gebruik","b3_dak_type":"slanted","b3_bouwlagen":3,"b3_h_maaiveld":-0.44999998807907104,"b3_h_nok":7.6619110107421875,"b3_n_nok":1,"b3_n_vlakken":4,"b3_opp_grond":61.970001220703125,"b3_opp_dak_plat":0,"b3_opp_dak_schuin":73.41999816894531,"b3_volume_lod22":380.8201599121094,"b3_kwaliteitsindicator":1,"b3_pw_bron":"ahn5","b3_h_goot_nap":2.09,"b3_h_nok_nap":7.85,"goothoogte":2.54,"nokhoogte":8.3},"geometry":{"type":"Polygon","coordinates":[[[172233.297,559124.938],[172230.938,559133],[172225.188,559131.313],[172227.547,559123.25],[172227.422,559123.188],[172228.891,559118.25],[172231.031,559118.875],[172229.563,559123.875],[172233.297,559124.938]]]}},{"type":"Feature","properties":{"identificatie":"NL.IMBAG.Pand.0091100000007050","oorspronkelijkbouwjaar":1978,"status":"Pand in gebruik","b3_dak_type":"slanted","b3_bouwlagen":2,"b3_h_maaiveld":-0.43799999356269836,"b3_h_nok":6.507837772369385,"b3_n_nok":4,"b3_n_vlakken":6,"b3_opp_grond":91.4800033569336,"b3_opp_dak_plat":5.480000019073486,"b3_opp_dak_schuin":113.37000274658203,"b3_volume_lod22":451.0759582519531,"b3_kwaliteitsindicator":1,"b3_pw_bron":"ahn5","b3_h_goot_nap":1.97,"b3_h_nok_nap":6.77,"goothoogte":2.41,"nokhoogte":7.21},"geometry":{"type":"Polygon","coordinates":[[[172294.344,559115.438],[172288.281,559119.25],[172285.969,559115.563],[172283.531,559117.063],[172279.828,559111.125],[172282.484,559109.438],[172283.234,559110.688],[172289.094,559107.063],[172294.344,559115.438]]]}},{"type":"Feature","properties":{"identificatie":"NL.IMBAG.Pand.0091100000012510","oorspronkelijkbouwjaar":1976,"status":"Pand in gebruik","b3_dak_type":"slanted","b3_h_maaiveld":-0.5180000066757202,"b3_h_nok":2.300323724746704,"b3_n_nok":1,"b3_n_vlakken":2,"b3_opp_grond":12,"b3_opp_dak_plat":0,"b3_opp_dak_schuin":13.119999885559082,"b3_volume_lod22":29.679941177368164,"b3_kwaliteitsindicator":1,"b3_pw_bron":"ahn5","b3_h_goot_nap":1.53,"b3_h_nok_nap":2.43,"goothoogte":2.05,"nokhoogte":2.94},"geometry":{"type":"Polygon","coordinates":[[[172236.984,559112.438],[172235.828,559116.188],[172232.922,559115.313],[172234.078,559111.5],[172236.984,559112.438]]]}},{"type":"Feature","properties":{"identificatie":"NL.IMBAG.Pand.0091100000007246","oorspronkelijkbouwjaar":1978,"status":"Pand in gebruik","b3_dak_type":"slanted","b3_bouwlagen":2,"b3_h_maaiveld":-0.531000018119812,"b3_h_nok":6.584888458251953,"b3_n_nok":4,"b3_n_vlakken":6,"b3_opp_grond":91.79000091552734,"b3_opp_dak_plat":6.170000076293945,"b3_opp_dak_schuin":121.73999786376953,"b3_volume_lod22":473.92218017578125,"b3_kwaliteitsindicator":1,"b3_pw_bron":"ahn5","b3_h_goot_nap":2.06,"b3_h_nok_nap":6.8,"goothoogte":2.59,"nokhoogte":7.33},"geometry":{"type":"Polygon","coordinates":[[[172279.484,559066],[172285.328,559062.313],[172284.578,559061.125],[172287.234,559059.438],[172290.922,559065.375],[172288.5,559066.875],[172290.813,559070.563],[172284.641,559074.438],[172279.484,559066]]]}},{"type":"Feature","properties":{"identificatie":"NL.IMBAG.Pand.1900100010084261","oorspronkelijkbouwjaar":2017,"status":"Pand in gebruik","b3_dak_type":"horizontal","b3_h_maaiveld":-0.5260000228881836,"b3_n_nok":0,"b3_n_vlakken":1,"b3_opp_grond":6.630000114440918,"b3_opp_dak_plat":6.630000114440918,"b3_opp_dak_schuin":0,"b3_volume_lod22":18.796037673950195,"b3_kwaliteitsindicator":1,"b3_pw_bron":"ahn5","b3_h_goot_nap":2.26,"b3_h_nok_nap":2.36,"goothoogte":2.78,"nokhoogte":2.88},"geometry":{"type":"Polygon","coordinates":[[[172317.984,559055.375],[172320.75,559056.188],[172320.109,559058.375],[172317.313,559057.563],[172317.984,559055.375]]]}},{"type":"Feature","properties":{"identificatie":"NL.IMBAG.Pand.0091100000014355","oorspronkelijkbouwjaar":1977,"status":"Pand in gebruik","b3_dak_type":"slanted","b3_bouwlagen":2,"b3_h_maaiveld":-0.46399998664855957,"b3_h_nok":6.053715705871582,"b3_n_nok":1,"b3_n_vlakken":4,"b3_opp_grond":65.55999755859375,"b3_opp_dak_plat":5.159999847412109,"b3_opp_dak_schuin":72,"b3_volume_lod22":310.0202941894531,"b3_kwaliteitsindicator":1,"b3_pw_bron":"ahn5","b3_h_goot_nap":2.32,"b3_h_nok_nap":6.21,"goothoogte":2.79,"nokhoogte":6.67},"geometry":{"type":"Polygon","coordinates":[[[172163.734,559243.688],[172163.563,559241.438],[172167.219,559241.063],[172166.828,559236.125],[172176.203,559235.375],[172176.703,559241.438],[172167.313,559242.188],[172167.406,559243.313],[172163.734,559243.688]]]}},{"type":"Feature","properties":{"identificatie":"NL.IMBAG.Pand.0091100000017673","oorspronkelijkbouwjaar":1977,"status":"Pand in gebruik","b3_dak_type":"slanted","b3_bouwlagen":3,"b3_h_maaiveld":-0.6019999980926514,"b3_h_nok":8.082890510559082,"b3_n_nok":3,"b3_n_vlakken":5,"b3_opp_grond":62.939998626708984,"b3_opp_dak_plat":9.970000267028809,"b3_opp_dak_schuin":69.1500015258789,"b3_volume_lod22":382.96746826171875,"b3_kwaliteitsindicator":1,"b3_pw_bron":"ahn5","b3_h_goot_nap":2.76,"b3_h_nok_nap":8.33,"goothoogte":3.37,"nokhoogte":8.93},"geometry":{"type":"Polygon","coordinates":[[[172154.797,559293.125],[172149.484,559294.188],[172146.672,559280.438],[172149.047,559279.938],[172149.938,559284.313],[172152.891,559283.688],[172154.797,559293.125]]]}},{"type":"Feature","properties":{"identificatie":"NL.IMBAG.Pand.0091100000006442","oorspronkelijkbouwjaar":1980,"status":"Pand in gebruik","b3_dak_type":"slanted","b3_bouwlagen":3,"b3_h_maaiveld":-0.5550000071525574,"b3_h_nok":8.982043266296387,"b3_n_nok":1,"b3_n_vlakken":4,"b3_opp_grond":103.4800033569336,"b3_opp_dak_plat":0,"b3_opp_dak_schuin":113.73999786376953,"b3_volume_lod22":569.8236083984375,"b3_kwaliteitsindicator":1,"b3_pw_bron":"ahn5","b3_h_goot_nap":2.27,"b3_h_nok_nap":9.2,"goothoogte":2.82,"nokhoogte":9.75},"geometry":{"type":"Polygon","coordinates":[[[172261.266,559212.938],[172256.172,559216.25],[172254.266,559213.25],[172251.563,559215],[172246.375,559209.313],[172250.141,559206.875],[172248.828,559204.875],[172250.703,559203.625],[172251.766,559205.313],[172254.859,559203.188],[172256.641,559206],[172256.719,559205.938],[172261.266,559212.938]]]}},{"type":"Feature","properties":{"identificatie":"NL.IMBAG.Pand.0091100000008646","oorspronkelijkbouwjaar":1978,"status":"Pand in gebruik","b3_dak_type":"horizontal","b3_bouwlagen":2,"b3_h_maaiveld":-0.31299999356269836,"b3_n_nok":0,"b3_n_vlakken":1,"b3_opp_grond":52.65999984741211,"b3_opp_dak_plat":52.65999984741211,"b3_opp_dak_schuin":0,"b3_volume_lod22":299.864501953125,"b3_kwaliteitsindicator":1,"b3_pw_bron":"ahn5","b3_h_goot_nap":5.36,"b3_h_nok_nap":5.4,"goothoogte":5.67,"nokhoogte":5.71},"geometry":{"type":"Polygon","coordinates":[[[172344.188,559259.875],[172332.594,559260.875],[172332.188,559256.375],[172343.781,559255.375],[172344.188,559259.875]]]}},{"type":"Feature","properties":{"identificatie":"NL.IMBAG.Pand.0091100000014673","oorspronkelijkbouwjaar":1976,"status":"Pand in gebruik","b3_dak_type":"slanted","b3_bouwlagen":3,"b3_h_maaiveld":-0.5770000219345093,"b3_h_nok":8.194310188293457,"b3_n_nok":3,"b3_n_vlakken":5,"b3_opp_grond":62.290000915527344,"b3_opp_dak_plat":9.369999885559082,"b3_opp_dak_schuin":72.76000213623047,"b3_volume_lod22":377.68878173828125,"b3_kwaliteitsindicator":1,"b3_pw_bron":"ahn5","b3_h_goot_nap":2.59,"b3_h_nok_nap":8.4,"goothoogte":3.17,"nokhoogte":8.98},"geometry":{"type":"Polygon","coordinates":[[[172241.938,559363.5],[172238,559359.813],[172244.5,559352.875],[172246.672,559354.938],[172249.781,559351.625],[172251.547,559353.25],[172241.938,559363.5]]]}},{"type":"Feature","properties":{"identificatie":"NL.IMBAG.Pand.0091100000006105","oorspronkelijkbouwjaar":1974,"status":"Pand in gebruik","b3_dak_type":"slanted","b3_bouwlagen":3,"b3_h_maaiveld":-0.45899999141693115,"b3_h_nok":8.220635414123535,"b3_n_nok":1,"b3_n_vlakken":2,"b3_opp_grond":51.79999923706055,"b3_opp_dak_plat":0,"b3_opp_dak_schuin":59.97999954223633,"b3_volume_lod22":377.2374267578125,"b3_kwaliteitsindicator":1,"b3_pw_bron":"ahn5","b3_h_goot_nap":5.38,"b3_h_nok_nap":8.36,"goothoogte":5.84,"nokhoogte":8.82},"geometry":{"type":"Polygon","coordinates":[[[172186.219,559358.25],[172179.688,559365.25],[172175.734,559361.563],[172182.266,559354.563],[172186.219,559358.25]]]}},{"type":"Feature","properties":{"identificatie":"NL.IMBAG.Pand.0091100000014206","oorspronkelijkbouwjaar":1980,"status":"Pand in gebruik","b3_dak_type":"slanted","b3_bouwlagen":3,"b3_h_maaiveld":-0.47200000286102295,"b3_h_nok":9.064254760742188,"b3_n_nok":1,"b3_n_vlakken":5,"b3_opp_grond":65.55000305175781,"b3_opp_dak_plat":5.03000020980835,"b3_opp_dak_schuin":72.87999725341797,"b3_volume_lod22":442.892578125,"b3_kwaliteitsindicator":1,"b3_pw_bron":"ahn5","b3_h_goot_nap":5.39,"b3_h_nok_nap":9.28,"goothoogte":5.86,"nokhoogte":9.75},"geometry":{"type":"Polygon","coordinates":[[[172248.828,559193.438],[172245.125,559187.688],[172245.109,559187.688],[172245.156,559187.625],[172240.609,559180.625],[172245.641,559177.375],[172250.219,559184.375],[172250.156,559184.438],[172250.172,559184.438],[172247,559186.5],[172250.703,559192.25],[172248.828,559193.438]]]}},{"type":"Feature","properties":{"identificatie":"NL.IMBAG.Pand.0091100000011485","oorspronkelijkbouwjaar":1978,"status":"Pand in gebruik","b3_dak_type":"slanted","b3_bouwlagen":3,"b3_h_maaiveld":-0.6029999852180481,"b3_h_nok":7.668190956115723,"b3_n_nok":1,"b3_n_vlakken":4,"b3_opp_grond":68.51000213623047,"b3_opp_dak_plat":5.349999904632568,"b3_opp_dak_schuin":76.1500015258789,"b3_volume_lod22":410.615966796875,"b3_kwaliteitsindicator":1,"b3_pw_bron":"ahn5","b3_h_goot_nap":1.93,"b3_h_nok_nap":7.89,"goothoogte":2.53,"nokhoogte":8.49},"geometry":{"type":"Polygon","coordinates":[[[172166.266,559152.313],[172161.313,559155.875],[172151.906,559142.813],[172153.703,559141.5],[172158.234,559147.813],[172161.422,559145.5],[172166.266,559152.313]]]}},{"type":"Feature","properties":{"identificatie":"NL.IMBAG.Pand.0091100000018267","oorspronkelijkbouwjaar":1977,"status":"Pand in gebruik","b3_dak_type":"horizontal","b3_h_maaiveld":-0.7020000219345093,"b3_n_nok":0,"b3_n_vlakken":1,"b3_opp_grond":6.559999942779541,"b3_opp_dak_plat":6.559999942779541,"b3_opp_dak_schuin":0,"b3_volume_lod22":19.096925735473633,"b3_kwaliteitsindicator":1,"b3_pw_bron":"ahn5","b3_h_goot_nap":2.19,"b3_h_nok_nap":2.22,"goothoogte":2.89,"nokhoogte":2.92},"geometry":{"type":"Polygon","coordinates":[[[172137.516,559371.313],[172139.016,559369.688],[172141.203,559371.75],[172139.719,559373.313],[172137.516,559371.313]]]}},{"type":"Feature","properties":{"identificatie":"NL.IMBAG.Pand.0091100000002316","oorspronkelijkbouwjaar":1980,"status":"Pand in gebruik","b3_dak_type":"slanted","b3_bouwlagen":3,"b3_h_maaiveld":-0.46399998664855957,"b3_h_nok":8.929304122924805,"b3_n_nok":2,"b3_n_vlakken":5,"b3_opp_grond":87.55999755859375,"b3_opp_dak_plat":0,"b3_opp_dak_schuin":103.68000030517578,"b3_volume_lod22":541.9508056640625,"b3_kwaliteitsindicator":1,"b3_pw_bron":"ahn5","b3_h_goot_nap":1.87,"b3_h_nok_nap":9.15,"goothoogte":2.33,"nokhoogte":9.62},"geometry":{"type":"Polygon","coordinates":[[[172214.172,559204.688],[172217.344,559199.438],[172220.141,559201.125],[172221.938,559198.125],[172226.047,559200.625],[172227.844,559202.125],[172226.188,559204.875],[172224.453,559203.875],[172222.422,559207.25],[172226.859,559209.938],[172225.703,559211.813],[172221.234,559209.125],[172221.266,559209.063],[172214.172,559204.688]]]}},{"type":"Feature","properties":{"identificatie":"NL.IMBAG.Pand.0091100000003893","oorspronkelijkbouwjaar":1977,"status":"Pand in gebruik","b3_dak_type":"slanted","b3_bouwlagen":3,"b3_h_maaiveld":-0.5239999890327454,"b3_h_nok":8.25277042388916,"b3_n_nok":1,"b3_n_vlakken":3,"b3_opp_grond":60.70000076293945,"b3_opp_dak_plat":8.050000190734863,"b3_opp_dak_schuin":60.31999969482422,"b3_volume_lod22":412.8435974121094,"b3_kwaliteitsindicator":1,"b3_pw_bron":"ahn5","b3_h_goot_nap":5.06,"b3_h_nok_nap":8.44,"goothoogte":5.58,"nokhoogte":8.96},"geometry":{"type":"Polygon","coordinates":[[[172093.359,559252.5],[172092.547,559250.438],[172096.375,559248.938],[172095.203,559246],[172104.125,559242.5],[172106.094,559247.5],[172093.359,559252.5]]]}},{"type":"Feature","properties":{"identificatie":"NL.IMBAG.Pand.0091100000013021","oorspronkelijkbouwjaar":1976,"status":"Pand in gebruik","b3_dak_type":"slanted","b3_bouwlagen":3,"b3_h_maaiveld":-0.746999979019165,"b3_h_nok":8.19878101348877,"b3_n_nok":3,"b3_n_vlakken":6,"b3_opp_grond":72.58000183105469,"b3_opp_dak_plat":10.289999961853027,"b3_opp_dak_schuin":82.23999786376953,"b3_volume_lod22":431.2279968261719,"b3_kwaliteitsindicator":0,"b3_pw_bron":"ahn5","b3_h_goot_nap":2.8,"b3_h_nok_nap":8.46,"goothoogte":3.54,"nokhoogte":9.2},"geometry":{"type":"Polygon","coordinates":[[[172238,559359.813],[172233.813,559355.875],[172240.391,559348.875],[172242.813,559351.125],[172245.859,559347.938],[172247.719,559345.813],[172249.469,559347.438],[172247.609,559349.563],[172238,559359.813]]]}},{"type":"Feature","properties":{"identificatie":"NL.IMBAG.Pand.0091100000008341","oorspronkelijkbouwjaar":1976,"status":"Pand in gebruik","b3_dak_type":"slanted","b3_bouwlagen":3,"b3_h_maaiveld":-0.6380000114440918,"b3_h_nok":8.152322769165039,"b3_n_nok":3,"b3_n_vlakken":5,"b3_opp_grond":65.58999633789062,"b3_opp_dak_plat":10.779999732971191,"b3_opp_dak_schuin":70.25,"b3_volume_lod22":400.7934265136719,"b3_kwaliteitsindicator":1,"b3_pw_bron":"ahn5","b3_h_goot_nap":2.89,"b3_h_nok_nap":8.28,"goothoogte":3.52,"nokhoogte":8.92},"geometry":{"type":"Polygon","coordinates":[[[172274.703,559390.188],[172270.484,559386.25],[172277.063,559379.25],[172279.391,559381.688],[172282.531,559378.313],[172284.281,559379.938],[172274.703,559390.188]]]}},{"type":"Feature","properties":{"identificatie":"NL.IMBAG.Pand.0091100000006942","oorspronkelijkbouwjaar":1977,"status":"Pand in gebruik","b3_dak_type":"slanted","b3_bouwlagen":3,"b3_h_maaiveld":-0.6899999976158142,"b3_h_nok":8.097177505493164,"b3_n_nok":1,"b3_n_vlakken":4,"b3_opp_grond":62.52000045776367,"b3_opp_dak_plat":9.510000228881836,"b3_opp_dak_schuin":72.66000366210938,"b3_volume_lod22":384.5540771484375,"b3_kwaliteitsindicator":1,"b3_pw_bron":"ahn5","b3_h_goot_nap":2.74,"b3_h_nok_nap":8.31,"goothoogte":3.43,"nokhoogte":9},"geometry":{"type":"Polygon","coordinates":[[[172106.313,559314.938],[172101.656,559317.625],[172094.594,559305.438],[172096.672,559304.25],[172098.891,559308.063],[172101.484,559306.563],[172106.313,559314.938]]]}},{"type":"Feature","properties":{"identificatie":"NL.IMBAG.Pand.0091100000006399","oorspronkelijkbouwjaar":1977,"status":"Pand in gebruik","b3_dak_type":"horizontal","b3_h_maaiveld":-0.5720000267028809,"b3_n_nok":0,"b3_n_vlakken":1,"b3_opp_grond":6.550000190734863,"b3_opp_dak_plat":6.550000190734863,"b3_opp_dak_schuin":0,"b3_volume_lod22":18.26015281677246,"b3_kwaliteitsindicator":1,"b3_pw_bron":"ahn5","b3_h_goot_nap":2.21,"b3_h_nok_nap":2.22,"goothoogte":2.78,"nokhoogte":2.79},"geometry":{"type":"Polygon","coordinates":[[[172177.641,559367.438],[172175.594,559369.625],[172173.984,559368.188],[172176.031,559366],[172177.641,559367.438]]]}},{"type":"Feature","properties":{"identificatie":"NL.IMBAG.Pand.0091100000006101","oorspronkelijkbouwjaar":1977,"status":"Pand in gebruik","b3_dak_type":"slanted","b3_bouwlagen":2,"b3_h_maaiveld":-0.6439999938011169,"b3_h_nok":6.041969299316406,"b3_n_nok":1,"b3_n_vlakken":3,"b3_opp_grond":67.94999694824219,"b3_opp_dak_plat":5.090000152587891,"b3_opp_dak_schuin":74.97000122070312,"b3_volume_lod22":334.38702392578125,"b3_kwaliteitsindicator":1,"b3_pw_bron":"ahn5","b3_h_goot_nap":2.32,"b3_h_nok_nap":6.21,"goothoogte":2.96,"nokhoogte":6.86},"geometry":{"type":"Polygon","coordinates":[[[172165.672,559267.875],[172165.516,559265.813],[172169.172,559265.438],[172168.766,559260.375],[172178.188,559259.625],[172178.703,559266],[172169.453,559266.688],[172169.531,559267.563],[172165.672,559267.875]]]}},{"type":"Feature","properties":{"identificatie":"NL.IMBAG.Pand.0091100000008574","oorspronkelijkbouwjaar":1977,"status":"Pand in gebruik","b3_dak_type":"slanted","b3_bouwlagen":3,"b3_h_maaiveld":-0.47600001096725464,"b3_h_nok":8.359679222106934,"b3_n_nok":1,"b3_n_vlakken":4,"b3_opp_grond":83.91000366210938,"b3_opp_dak_plat":27.190000534057617,"b3_opp_dak_schuin":76.5,"b3_volume_lod22":511.0689697265625,"b3_kwaliteitsindicator":1,"b3_pw_bron":"ahn5","b3_h_goot_nap":2.57,"b3_h_nok_nap":8.75,"goothoogte":3.04,"nokhoogte":9.23},"geometry":{"type":"Polygon","coordinates":[[[172336.531,559180],[172330.375,559180.563],[172329.781,559173.688],[172326.844,559173.938],[172326.344,559167.938],[172331.969,559167.5],[172332.297,559171.313],[172335.766,559171.063],[172336.531,559180]]]}},{"type":"Feature","properties":{"identificatie":"NL.IMBAG.Pand.0091100000009676","oorspronkelijkbouwjaar":1979,"status":"Pand in gebruik","b3_dak_type":"slanted","b3_h_maaiveld":-0.7099999785423279,"b3_h_nok":2.5300233364105225,"b3_n_nok":1,"b3_n_vlakken":2,"b3_opp_grond":16.809999465942383,"b3_opp_dak_plat":0,"b3_opp_dak_schuin":19.149999618530273,"b3_volume_lod22":45.83537673950195,"b3_kwaliteitsindicator":1,"b3_pw_bron":"ahn5","b3_h_goot_nap":1.33,"b3_h_nok_nap":2.65,"goothoogte":2.04,"nokhoogte":3.36},"geometry":{"type":"Polygon","coordinates":[[[172333.688,559347.438],[172329.797,559347.813],[172329.391,559343.5],[172333.266,559343.125],[172333.688,559347.438]]]}},{"type":"Feature","properties":{"identificatie":"NL.IMBAG.Pand.0091100000008630","oorspronkelijkbouwjaar":1979,"status":"Pand in gebruik","b3_dak_type":"multiple horizontal","b3_bouwlagen":2,"b3_h_maaiveld":-0.5989999771118164,"b3_n_nok":0,"b3_n_vlakken":2,"b3_opp_grond":68.37999725341797,"b3_opp_dak_plat":68.37999725341797,"b3_opp_dak_schuin":0,"b3_volume_lod22":368.2480163574219,"b3_kwaliteitsindicator":1,"b3_pw_bron":"ahn5","b3_h_goot_nap":5.4,"b3_h_nok_nap":5.54,"goothoogte":5.99,"nokhoogte":6.13},"geometry":{"type":"Polygon","coordinates":[[[172331.781,559252.063],[172321.172,559253],[172320.969,559250.625],[172327.297,559249.938],[172327.063,559247.75],[172338.5,559246.688],[172338.906,559251.25],[172331.781,559251.875],[172331.781,559252.063]]]}},{"type":"Feature","properties":{"identificatie":"NL.IMBAG.Pand.0091100000006338","oorspronkelijkbouwjaar":1980,"status":"Pand in gebruik","b3_dak_type":"slanted","b3_bouwlagen":3,"b3_h_maaiveld":-0.3610000014305115,"b3_h_nok":8.947643280029297,"b3_n_nok":1,"b3_n_vlakken":5,"b3_opp_grond":61.58000183105469,"b3_opp_dak_plat":10.149999618530273,"b3_opp_dak_schuin":68.6500015258789,"b3_volume_lod22":424.1428527832031,"b3_kwaliteitsindicator":1,"b3_pw_bron":"ahn5","b3_h_goot_nap":5.31,"b3_h_nok_nap":9.02,"goothoogte":5.67,"nokhoogte":9.38},"geometry":{"type":"Polygon","coordinates":[[[172212.266,559245.75],[172212.25,559245.688],[172203.953,559245.938],[172203.766,559239.938],[172212.063,559239.688],[172212.063,559239.75],[172212.094,559239.75],[172212.219,559243.563],[172217.422,559243.375],[172217.484,559245.625],[172212.266,559245.75]]]}},{"type":"Feature","properties":{"identificatie":"NL.IMBAG.Pand.0091100000009067","oorspronkelijkbouwjaar":1979,"status":"Pand in gebruik","b3_dak_type":"slanted","b3_bouwlagen":2,"b3_h_maaiveld":-0.7329999804496765,"b3_n_nok":0,"b3_n_vlakken":3,"b3_opp_grond":69.22000122070312,"b3_opp_dak_plat":69.22000122070312,"b3_opp_dak_schuin":0,"b3_volume_lod22":379.1620178222656,"b3_kwaliteitsindicator":1,"b3_pw_bron":"ahn5","b3_h_goot_nap":5.36,"b3_h_nok_nap":5.37,"goothoogte":6.09,"nokhoogte":6.1},"geometry":{"type":"Polygon","coordinates":[[[172340.953,559273.813],[172341.391,559278.5],[172323.609,559280.125],[172323.375,559277.75],[172329.547,559277.25],[172329.344,559274.938],[172340.953,559273.813]]]}},{"type":"Feature","properties":{"identificatie":"NL.IMBAG.Pand.0091100000007206","oorspronkelijkbouwjaar":1977,"status":"Pand in gebruik","b3_dak_type":"slanted","b3_bouwlagen":3,"b3_h_maaiveld":-0.4189999997615814,"b3_h_nok":8.563257217407227,"b3_n_nok":1,"b3_n_vlakken":3,"b3_opp_grond":67.86000061035156,"b3_opp_dak_plat":12.970000267028809,"b3_opp_dak_schuin":66.93000030517578,"b3_volume_lod22":445.7763366699219,"b3_kwaliteitsindicator":1,"b3_pw_bron":"ahn5","b3_h_goot_nap":2.61,"b3_h_nok_nap":8.77,"goothoogte":3.03,"nokhoogte":9.19},"geometry":{"type":"Polygon","coordinates":[[[172299.703,559188.5],[172294.578,559191.75],[172289.813,559184.188],[172292.703,559182.313],[172289.969,559178.063],[172292.266,559176.563],[172295,559180.875],[172294.844,559180.938],[172299.703,559188.5]]]}},{"type":"Feature","properties":{"identificatie":"NL.IMBAG.Pand.0091100000008612","oorspronkelijkbouwjaar":1976,"status":"Pand in gebruik","b3_dak_type":"slanted","b3_bouwlagen":3,"b3_h_maaiveld":-0.5899999737739563,"b3_h_nok":8.188393592834473,"b3_n_nok":1,"b3_n_vlakken":4,"b3_opp_grond":62.290000915527344,"b3_opp_dak_plat":10.710000038146973,"b3_opp_dak_schuin":68.51000213623047,"b3_volume_lod22":381.0802307128906,"b3_kwaliteitsindicator":1,"b3_pw_bron":"ahn5","b3_h_goot_nap":2.98,"b3_h_nok_nap":8.4,"goothoogte":3.57,"nokhoogte":8.99},"geometry":{"type":"Polygon","coordinates":[[[172271.484,559347.438],[172268.344,559350.75],[172266.609,559349.063],[172269.75,559345.813],[172267.578,559343.75],[172274.063,559336.75],[172277.984,559340.5],[172271.484,559347.438]]]}},{"type":"Feature","properties":{"identificatie":"NL.IMBAG.Pand.0091100000014240","oorspronkelijkbouwjaar":1977,"status":"Pand in gebruik","b3_dak_type":"slanted","b3_bouwlagen":3,"b3_h_maaiveld":-0.5730000138282776,"b3_h_nok":8.105325698852539,"b3_n_nok":3,"b3_n_vlakken":5,"b3_opp_grond":62.88999938964844,"b3_opp_dak_plat":10.029999732971191,"b3_opp_dak_schuin":67.3499984741211,"b3_volume_lod22":379.21185302734375,"b3_kwaliteitsindicator":1,"b3_pw_bron":"ahn5","b3_h_goot_nap":2.78,"b3_h_nok_nap":8.31,"goothoogte":3.35,"nokhoogte":8.89},"geometry":{"type":"Polygon","coordinates":[[[172170.688,559289.875],[172165.391,559291],[172162.578,559277.188],[172164.953,559276.688],[172165.844,559281.063],[172168.781,559280.5],[172170.688,559289.875]]]}},{"type":"Feature","properties":{"identificatie":"NL.IMBAG.Pand.0091100000015060","oorspronkelijkbouwjaar":1980,"status":"Pand in gebruik","b3_dak_type":"slanted","b3_bouwlagen":3,"b3_h_maaiveld":-0.3330000042915344,"b3_h_nok":8.937653541564941,"b3_n_nok":1,"b3_n_vlakken":5,"b3_opp_grond":61.90999984741211,"b3_opp_dak_plat":4.800000190734863,"b3_opp_dak_schuin":68.31999969482422,"b3_volume_lod22":420.4229736328125,"b3_kwaliteitsindicator":1,"b3_pw_bron":"ahn5","b3_h_goot_nap":5.43,"b3_h_nok_nap":9.12,"goothoogte":5.77,"nokhoogte":9.45},"geometry":{"type":"Polygon","coordinates":[[[172246.125,559237.875],[172244.891,559243.75],[172236.672,559242.063],[172236.656,559242.125],[172231.563,559241.063],[172232.016,559238.875],[172237.109,559239.938],[172237.906,559236.188],[172246.125,559237.875]]]}},{"type":"Feature","properties":{"identificatie":"NL.IMBAG.Pand.0091100000003928","oorspronkelijkbouwjaar":1977,"status":"Pand in gebruik","b3_dak_type":"slanted","b3_bouwlagen":3,"b3_h_maaiveld":-0.5149999856948853,"b3_h_nok":8.095939636230469,"b3_n_nok":3,"b3_n_vlakken":5,"b3_opp_grond":62.720001220703125,"b3_opp_dak_plat":10.050000190734863,"b3_opp_dak_schuin":66.95999908447266,"b3_volume_lod22":374.100830078125,"b3_kwaliteitsindicator":1,"b3_pw_bron":"ahn5","b3_h_goot_nap":2.72,"b3_h_nok_nap":8.36,"goothoogte":3.24,"nokhoogte":8.87},"geometry":{"type":"Polygon","coordinates":[[[172115.672,559309.5],[172111,559312.188],[172103.969,559300.063],[172106.047,559298.813],[172108.25,559302.688],[172110.859,559301.125],[172115.672,559309.5]]]}},{"type":"Feature","properties":{"identificatie":"NL.IMBAG.Pand.0091100000003917","oorspronkelijkbouwjaar":1977,"status":"Pand in gebruik","b3_dak_type":"slanted","b3_bouwlagen":3,"b3_h_maaiveld":-0.550000011920929,"b3_h_nok":8.260868072509766,"b3_n_nok":1,"b3_n_vlakken":4,"b3_opp_grond":59.11000061035156,"b3_opp_dak_plat":8.609999656677246,"b3_opp_dak_schuin":58.34000015258789,"b3_volume_lod22":401.5395812988281,"b3_kwaliteitsindicator":1,"b3_pw_bron":"ahn5","b3_h_goot_nap":5.28,"b3_h_nok_nap":8.44,"goothoogte":5.83,"nokhoogte":8.99},"geometry":{"type":"Polygon","coordinates":[[[172108.984,559275.375],[172109.047,559275.5],[172105.188,559277],[172104.391,559275],[172108.234,559273.438],[172107.063,559270.438],[172115.953,559267],[172117.875,559271.875],[172108.984,559275.375]]]}},{"type":"Feature","properties":{"identificatie":"NL.IMBAG.Pand.0091100000009231","oorspronkelijkbouwjaar":1977,"status":"Pand in gebruik","b3_dak_type":"slanted","b3_bouwlagen":3,"b3_h_maaiveld":-0.296999990940094,"b3_h_nok":8.193105697631836,"b3_n_nok":3,"b3_n_vlakken":6,"b3_opp_grond":84.22000122070312,"b3_opp_dak_plat":23,"b3_opp_dak_schuin":89.26000213623047,"b3_volume_lod22":447.9097900390625,"b3_kwaliteitsindicator":1,"b3_pw_bron":"ahn5","b3_h_goot_nap":2.79,"b3_h_nok_nap":8.52,"goothoogte":3.09,"nokhoogte":8.82},"geometry":{"type":"Polygon","coordinates":[[[172315.438,559147.25],[172311.141,559149.938],[172311.797,559151],[172308.297,559153.125],[172304.859,559147.625],[172307.188,559146.188],[172304.656,559142.125],[172310.109,559138.688],[172315.438,559147.25]]]}},{"type":"Feature","properties":{"identificatie":"NL.IMBAG.Pand.0091100000007030","oorspronkelijkbouwjaar":1978,"status":"Pand in gebruik","b3_dak_type":"slanted","b3_bouwlagen":3,"b3_h_maaiveld":-0.2709999978542328,"b3_n_nok":0,"b3_n_vlakken":3,"b3_opp_grond":52.93000030517578,"b3_opp_dak_plat":44.40999984741211,"b3_opp_dak_schuin":12.25,"b3_volume_lod22":378.65338134765625,"b3_kwaliteitsindicator":1,"b3_pw_bron":"ahn5","b3_h_goot_nap":5.31,"b3_h_nok_nap":8.02,"goothoogte":5.58,"nokhoogte":8.29},"geometry":{"type":"Polygon","coordinates":[[[172303.266,559263.625],[172291.688,559264.688],[172291.266,559260.125],[172302.859,559259.063],[172303.266,559263.625]]]}},{"type":"Feature","properties":{"identificatie":"NL.IMBAG.Pand.0091100000008634","oorspronkelijkbouwjaar":1978,"status":"Pand in gebruik","b3_dak_type":"horizontal","b3_bouwlagen":2,"b3_h_maaiveld":-0.3269999921321869,"b3_n_nok":0,"b3_n_vlakken":1,"b3_opp_grond":53.5,"b3_opp_dak_plat":53.5,"b3_opp_dak_schuin":0,"b3_volume_lod22":309.65826416015625,"b3_kwaliteitsindicator":1,"b3_pw_bron":"ahn5","b3_h_goot_nap":5.43,"b3_h_nok_nap":5.51,"goothoogte":5.75,"nokhoogte":5.83},"geometry":{"type":"Polygon","coordinates":[[[172343.781,559255.375],[172332.188,559256.375],[172331.781,559251.875],[172338.906,559251.25],[172338.891,559251.125],[172343.375,559250.688],[172343.781,559255.375]]]}},{"type":"Feature","properties":{"identificatie":"NL.IMBAG.Pand.0091100000007218","oorspronkelijkbouwjaar":1979,"status":"Pand in gebruik","b3_dak_type":"slanted","b3_bouwlagen":2,"b3_h_maaiveld":-0.7490000128746033,"b3_n_nok":0,"b3_n_vlakken":2,"b3_opp_grond":131.75999450683594,"b3_opp_dak_plat":131.80999755859375,"b3_opp_dak_schuin":0,"b3_volume_lod22":461.380126953125,"b3_kwaliteitsindicator":1,"b3_pw_bron":"ahn5","b3_h_goot_nap":2.45,"b3_h_nok_nap":3,"goothoogte":3.2,"nokhoogte":3.75},"geometry":{"type":"Polygon","coordinates":[[[172309.266,559276.563],[172313.578,559276.188],[172314.031,559281],[172297.781,559282.438],[172296.984,559273.25],[172304.078,559272.625],[172304.063,559272.5],[172308.844,559272.063],[172309.266,559276.563]]]}},{"type":"Feature","properties":{"identificatie":"NL.IMBAG.Pand.0091100000007400","oorspronkelijkbouwjaar":1976,"status":"Pand in gebruik","b3_dak_type":"slanted","b3_bouwlagen":3,"b3_h_maaiveld":-0.5910000205039978,"b3_h_nok":8.143397331237793,"b3_n_nok":3,"b3_n_vlakken":5,"b3_opp_grond":64.36000061035156,"b3_opp_dak_plat":9.989999771118164,"b3_opp_dak_schuin":85.0999984741211,"b3_volume_lod22":388.8867492675781,"b3_kwaliteitsindicator":1,"b3_pw_bron":"ahn5","b3_h_goot_nap":2.66,"b3_h_nok_nap":8.38,"goothoogte":3.25,"nokhoogte":8.97},"geometry":{"type":"Polygon","coordinates":[[[172299.469,559371.438],[172296.313,559374.75],[172294.563,559373.063],[172297.719,559369.75],[172295.594,559367.75],[172292.453,559371],[172292.297,559370.875],[172302.031,559360.688],[172305.953,559364.438],[172299.469,559371.438]]]}},{"type":"Feature","properties":{"identificatie":"NL.IMBAG.Pand.0091100000015901","oorspronkelijkbouwjaar":1974,"status":"Pand in gebruik","b3_dak_type":"slanted","b3_bouwlagen":3,"b3_h_maaiveld":-0.4880000054836273,"b3_h_nok":8.217679977416992,"b3_n_nok":1,"b3_n_vlakken":2,"b3_opp_grond":51.790000915527344,"b3_opp_dak_plat":0,"b3_opp_dak_schuin":59.939998626708984,"b3_volume_lod22":378.8571472167969,"b3_kwaliteitsindicator":1,"b3_pw_bron":"ahn5","b3_h_goot_nap":5.38,"b3_h_nok_nap":8.35,"goothoogte":5.87,"nokhoogte":8.84},"geometry":{"type":"Polygon","coordinates":[[[172194.125,559365.625],[172187.594,559372.625],[172183.641,559368.938],[172190.172,559361.938],[172194.125,559365.625]]]}},{"type":"Feature","properties":{"identificatie":"NL.IMBAG.Pand.0091100000004964","oorspronkelijkbouwjaar":1978,"status":"Pand in gebruik","b3_dak_type":"horizontal","b3_h_maaiveld":-0.578000009059906,"b3_n_nok":0,"b3_n_vlakken":1,"b3_opp_grond":10.5,"b3_opp_dak_plat":10.5,"b3_opp_dak_schuin":0,"b3_volume_lod22":31.31584358215332,"b3_kwaliteitsindicator":1,"b3_pw_bron":"ahn5","b3_h_goot_nap":2.35,"b3_h_nok_nap":2.44,"goothoogte":2.93,"nokhoogte":3.01},"geometry":{"type":"Polygon","coordinates":[[[172328.938,559256.875],[172325.734,559257.125],[172325.453,559253.875],[172328.625,559253.563],[172328.938,559256.875]]]}},{"type":"Feature","properties":{"identificatie":"NL.IMBAG.Pand.0091100000005609","oorspronkelijkbouwjaar":1978,"status":"Pand in gebruik","b3_dak_type":"horizontal","b3_h_maaiveld":-0.5789999961853027,"b3_n_nok":0,"b3_n_vlakken":1,"b3_opp_grond":10.1899995803833,"b3_opp_dak_plat":10.069999694824219,"b3_opp_dak_schuin":0,"b3_volume_lod22":30.129676818847656,"b3_kwaliteitsindicator":1,"b3_pw_bron":"ahn5","b3_h_goot_nap":2.37,"b3_h_nok_nap":2.39,"goothoogte":2.95,"nokhoogte":2.97},"geometry":{"type":"Polygon","coordinates":[[[172307.656,559272.125],[172307.391,559269.125],[172310.563,559268.875],[172310.875,559272.125],[172308.875,559272.313],[172308.844,559272.063],[172307.656,559272.125]]]}},{"type":"Feature","properties":{"identificatie":"NL.IMBAG.Pand.0091100000018619","oorspronkelijkbouwjaar":1978,"status":"Pand in gebruik","b3_dak_type":"slanted","b3_bouwlagen":3,"b3_h_maaiveld":-0.45399999618530273,"b3_h_nok":8.835480690002441,"b3_n_nok":1,"b3_n_vlakken":4,"b3_opp_grond":61.869998931884766,"b3_opp_dak_plat":0,"b3_opp_dak_schuin":73.47000122070312,"b3_volume_lod22":421.30682373046875,"b3_kwaliteitsindicator":1,"b3_pw_bron":"ahn5","b3_h_goot_nap":5.33,"b3_h_nok_nap":9.05,"goothoogte":5.79,"nokhoogte":9.51},"geometry":{"type":"Polygon","coordinates":[[[172175.313,559144.125],[172176.125,559145.25],[172171.141,559148.813],[172166.281,559142],[172166.188,559142.125],[172163.141,559137.875],[172164.953,559136.563],[172167.984,559140.813],[172171.172,559138.5],[172175.203,559144.188],[172175.313,559144.125]]]}},{"type":"Feature","properties":{"identificatie":"NL.IMBAG.Pand.0091100000002264","oorspronkelijkbouwjaar":1977,"status":"Pand in gebruik","b3_dak_type":"slanted","b3_h_maaiveld":-0.5910000205039978,"b3_n_nok":0,"b3_n_vlakken":2,"b3_opp_grond":37.08000183105469,"b3_opp_dak_plat":37.08000183105469,"b3_opp_dak_schuin":0,"b3_volume_lod22":123.64029693603516,"b3_kwaliteitsindicator":1,"b3_pw_bron":"ahn5","b3_h_goot_nap":2.73,"b3_h_nok_nap":2.75,"goothoogte":3.33,"nokhoogte":3.34},"geometry":{"type":"Polygon","coordinates":[[[172125.734,559375.313],[172122.813,559378.5],[172116.578,559372.688],[172119.719,559369.313],[172121.047,559370.563],[172120.844,559370.75],[172125.734,559375.313]]]}},{"type":"Feature","properties":{"identificatie":"NL.IMBAG.Pand.0091100000015909","oorspronkelijkbouwjaar":1980,"status":"Pand in gebruik","b3_dak_type":"slanted","b3_bouwlagen":3,"b3_h_maaiveld":-0.6259999871253967,"b3_h_nok":8.998888969421387,"b3_n_nok":1,"b3_n_vlakken":5,"b3_opp_grond":67.62000274658203,"b3_opp_dak_plat":0,"b3_opp_dak_schuin":79.2300033569336,"b3_volume_lod22":455.4599609375,"b3_kwaliteitsindicator":1,"b3_pw_bron":"ahn5","b3_h_goot_nap":5.36,"b3_h_nok_nap":9.06,"goothoogte":5.99,"nokhoogte":9.69},"geometry":{"type":"Polygon","coordinates":[[[172213.141,559271.813],[172221.078,559271.563],[172221.141,559273.813],[172213.203,559274.063],[172213.172,559274.063],[172213.172,559273.938],[172204.875,559274.25],[172204.688,559268.25],[172212.984,559267.938],[172212.984,559268.063],[172213.016,559268.063],[172213.141,559271.813]]]}},{"type":"Feature","properties":{"identificatie":"NL.IMBAG.Pand.0091100000007214","oorspronkelijkbouwjaar":1978,"status":"Pand in gebruik","b3_dak_type":"horizontal","b3_bouwlagen":2,"b3_h_maaiveld":-0.3959999978542328,"b3_n_nok":0,"b3_n_vlakken":1,"b3_opp_grond":52.58000183105469,"b3_opp_dak_plat":52.58000183105469,"b3_opp_dak_schuin":0,"b3_volume_lod22":302.98248291015625,"b3_kwaliteitsindicator":1,"b3_pw_bron":"ahn5","b3_h_goot_nap":5.35,"b3_h_nok_nap":5.38,"goothoogte":5.75,"nokhoogte":5.77},"geometry":{"type":"Polygon","coordinates":[[[172297,559273.375],[172292.516,559273.813],[172292.094,559269.188],[172303.672,559268.188],[172304.078,559272.625],[172296.984,559273.25],[172297,559273.375]]]}},{"type":"Feature","properties":{"identificatie":"NL.IMBAG.Pand.0091100000006081","oorspronkelijkbouwjaar":1977,"status":"Pand in gebruik","b3_dak_type":"slanted","b3_bouwlagen":2,"b3_h_maaiveld":-0.5460000038146973,"b3_h_nok":6.171972751617432,"b3_n_nok":1,"b3_n_vlakken":4,"b3_opp_grond":65.62999725341797,"b3_opp_dak_plat":5.389999866485596,"b3_opp_dak_schuin":70.16000366210938,"b3_volume_lod22":323.5501403808594,"b3_kwaliteitsindicator":1,"b3_pw_bron":"ahn5","b3_h_goot_nap":2.32,"b3_h_nok_nap":6.35,"goothoogte":2.87,"nokhoogte":6.9},"geometry":{"type":"Polygon","coordinates":[[[172142.906,559249.625],[172142.609,559248.625],[172133.563,559251.313],[172131.781,559245.313],[172135.641,559244.188],[172135.703,559244.438],[172140.906,559242.875],[172142.281,559247.5],[172145.797,559246.438],[172146.422,559248.563],[172142.906,559249.625]]]}},{"type":"Feature","properties":{"identificatie":"NL.IMBAG.Pand.0091100000006934","oorspronkelijkbouwjaar":1978,"status":"Pand in gebruik","b3_dak_type":"slanted","b3_bouwlagen":3,"b3_h_maaiveld":-0.5040000081062317,"b3_h_nok":8.887751579284668,"b3_n_nok":1,"b3_n_vlakken":6,"b3_opp_grond":83.08999633789062,"b3_opp_dak_plat":30.34000015258789,"b3_opp_dak_schuin":70.98999786376953,"b3_volume_lod22":494.1680908203125,"b3_kwaliteitsindicator":1,"b3_pw_bron":"ahn5","b3_h_goot_nap":5.35,"b3_h_nok_nap":9.07,"goothoogte":5.86,"nokhoogte":9.58},"geometry":{"type":"Polygon","coordinates":[[[172100.297,559197.375],[172097.25,559193.125],[172095.594,559194.313],[172092.156,559189.563],[172093.813,559188.375],[172092.375,559186.375],[172094.172,559185.063],[172095.969,559187.563],[172099,559185.313],[172100.297,559187.063],[172100.406,559187],[172105.266,559193.813],[172100.297,559197.375]]]}},{"type":"Feature","properties":{"identificatie":"NL.IMBAG.Pand.0091100000014220","oorspronkelijkbouwjaar":1977,"status":"Pand in gebruik","b3_dak_type":"slanted","b3_bouwlagen":2,"b3_h_maaiveld":-0.5320000052452087,"b3_h_nok":6.048090934753418,"b3_n_nok":1,"b3_n_vlakken":4,"b3_opp_grond":66,"b3_opp_dak_plat":5.710000038146973,"b3_opp_dak_schuin":71,"b3_volume_lod22":316.0080871582031,"b3_kwaliteitsindicator":1,"b3_pw_bron":"ahn5","b3_h_goot_nap":2.53,"b3_h_nok_nap":6.19,"goothoogte":3.06,"nokhoogte":6.72},"geometry":{"type":"Polygon","coordinates":[[[172164.531,559255.813],[172164.344,559253.625],[172168.203,559253.25],[172167.797,559248.25],[172177.203,559247.5],[172177.703,559253.563],[172168.281,559254.313],[172168.375,559255.438],[172164.531,559255.813]]]}},{"type":"Feature","properties":{"identificatie":"NL.IMBAG.Pand.0091100000014798","oorspronkelijkbouwjaar":1980,"status":"Pand in gebruik","b3_dak_type":"slanted","b3_bouwlagen":3,"b3_h_maaiveld":-0.4959999918937683,"b3_h_nok":9.066829681396484,"b3_n_nok":1,"b3_n_vlakken":4,"b3_opp_grond":64.43000030517578,"b3_opp_dak_plat":4.239999771118164,"b3_opp_dak_schuin":72,"b3_volume_lod22":443.35357666015625,"b3_kwaliteitsindicator":1,"b3_pw_bron":"ahn5","b3_h_goot_nap":5.35,"b3_h_nok_nap":9.3,"goothoogte":5.84,"nokhoogte":9.8},"geometry":{"type":"Polygon","coordinates":[[[172243.781,559196.688],[172241.266,559192.813],[172241.234,559192.813],[172240.031,559190.938],[172240.109,559190.875],[172235.563,559183.875],[172240.609,559180.625],[172245.156,559187.625],[172245.109,559187.688],[172245.125,559187.688],[172241.938,559189.75],[172244.75,559194.125],[172244.219,559194.438],[172245.109,559195.813],[172243.781,559196.688]]]}},{"type":"Feature","properties":{"identificatie":"NL.IMBAG.Pand.0091100000006593","oorspronkelijkbouwjaar":1976,"status":"Pand in gebruik","b3_dak_type":"slanted","b3_bouwlagen":3,"b3_h_maaiveld":-0.6600000262260437,"b3_h_nok":8.190047264099121,"b3_n_nok":3,"b3_n_vlakken":5,"b3_opp_grond":62.869998931884766,"b3_opp_dak_plat":9.890000343322754,"b3_opp_dak_schuin":67.05999755859375,"b3_volume_lod22":385.15863037109375,"b3_kwaliteitsindicator":1,"b3_pw_bron":"ahn5","b3_h_goot_nap":2.78,"b3_h_nok_nap":8.46,"goothoogte":3.44,"nokhoogte":9.12},"geometry":{"type":"Polygon","coordinates":[[[172268.078,559375.125],[172270.266,559377.188],[172273.375,559373.875],[172275.141,559375.563],[172265.594,559385.75],[172261.531,559381.938],[172268.078,559375.125]]]}},{"type":"Feature","properties":{"identificatie":"NL.IMBAG.Pand.0091100000006938","oorspronkelijkbouwjaar":1977,"status":"Pand in gebruik","b3_dak_type":"slanted","b3_bouwlagen":3,"b3_h_maaiveld":-0.5429999828338623,"b3_h_nok":8.093047142028809,"b3_n_nok":1,"b3_n_vlakken":5,"b3_opp_grond":68.05999755859375,"b3_opp_dak_plat":9.899999618530273,"b3_opp_dak_schuin":73.26000213623047,"b3_volume_lod22":390.2681884765625,"b3_kwaliteitsindicator":1,"b3_pw_bron":"ahn5","b3_h_goot_nap":2.75,"b3_h_nok_nap":8.33,"goothoogte":3.3,"nokhoogte":8.88},"geometry":{"type":"Polygon","coordinates":[[[172111,559312.188],[172106.313,559314.938],[172098.063,559300.625],[172099.906,559299.5],[172101.156,559301.688],[172101.359,559301.563],[172103.578,559305.375],[172106.172,559303.875],[172111,559312.188]]]}},{"type":"Feature","properties":{"identificatie":"NL.IMBAG.Pand.0091100000017870","oorspronkelijkbouwjaar":1974,"status":"Pand in gebruik","b3_dak_type":"slanted","b3_bouwlagen":3,"b3_h_maaiveld":-0.4830000102519989,"b3_h_nok":8.227499961853027,"b3_n_nok":1,"b3_n_vlakken":2,"b3_opp_grond":53.290000915527344,"b3_opp_dak_plat":0,"b3_opp_dak_schuin":61.63999938964844,"b3_volume_lod22":390.630615234375,"b3_kwaliteitsindicator":1,"b3_pw_bron":"ahn5","b3_h_goot_nap":5.3,"b3_h_nok_nap":8.44,"goothoogte":5.78,"nokhoogte":8.92},"geometry":{"type":"Polygon","coordinates":[[[172143.047,559346.875],[172146.844,559342.813],[172153.859,559349.313],[172150.063,559353.438],[172143.047,559346.875]]]}},{"type":"Feature","properties":{"identificatie":"NL.IMBAG.Pand.0091100000004661","oorspronkelijkbouwjaar":1977,"status":"Pand in gebruik","b3_dak_type":"slanted","b3_bouwlagen":2,"b3_h_maaiveld":-0.5,"b3_h_nok":6.053982734680176,"b3_n_nok":1,"b3_n_vlakken":3,"b3_opp_grond":65.08999633789062,"b3_opp_dak_plat":5.199999809265137,"b3_opp_dak_schuin":71.30999755859375,"b3_volume_lod22":311.613037109375,"b3_kwaliteitsindicator":1,"b3_pw_bron":"ahn5","b3_h_goot_nap":2.36,"b3_h_nok_nap":6.21,"goothoogte":2.86,"nokhoogte":6.71},"geometry":{"type":"Polygon","coordinates":[[[172158.063,559197.438],[172157.891,559195.25],[172161.531,559194.875],[172161.125,559189.813],[172170.469,559189.063],[172170.938,559195.125],[172161.609,559195.875],[172161.703,559197.063],[172158.063,559197.438]]]}},{"type":"Feature","properties":{"identificatie":"NL.IMBAG.Pand.0091100000006585","oorspronkelijkbouwjaar":1976,"status":"Pand in gebruik","b3_dak_type":"slanted","b3_bouwlagen":3,"b3_h_maaiveld":-0.5899999737739563,"b3_h_nok":8.192389488220215,"b3_n_nok":1,"b3_n_vlakken":4,"b3_opp_grond":62.369998931884766,"b3_opp_dak_plat":9.960000038146973,"b3_opp_dak_schuin":67.27999877929688,"b3_volume_lod22":377.006591796875,"b3_kwaliteitsindicator":1,"b3_pw_bron":"ahn5","b3_h_goot_nap":2.96,"b3_h_nok_nap":8.4,"goothoogte":3.55,"nokhoogte":8.99},"geometry":{"type":"Polygon","coordinates":[[[172267.578,559343.75],[172264.438,559347],[172262.703,559345.375],[172265.844,559342.063],[172263.688,559340],[172270.156,559333.063],[172274.063,559336.75],[172267.578,559343.75]]]}},{"type":"Feature","properties":{"identificatie":"NL.IMBAG.Pand.0091100000012074","oorspronkelijkbouwjaar":1980,"status":"Pand in gebruik","b3_dak_type":"slanted","b3_bouwlagen":3,"b3_h_maaiveld":-0.44200000166893005,"b3_h_nok":8.986043930053711,"b3_n_nok":1,"b3_n_vlakken":5,"b3_opp_grond":83.62000274658203,"b3_opp_dak_plat":4.96999979019165,"b3_opp_dak_schuin":90.04000091552734,"b3_volume_lod22":492.092041015625,"b3_kwaliteitsindicator":1,"b3_pw_bron":"ahn5","b3_h_goot_nap":2.44,"b3_h_nok_nap":9.11,"goothoogte":2.88,"nokhoogte":9.55},"geometry":{"type":"Polygon","coordinates":[[[172211.875,559233.813],[172211.859,559233.688],[172203.563,559233.938],[172203.359,559227.813],[172204.859,559227.75],[172204.766,559224.688],[172211.594,559224.5],[172211.844,559231.563],[172217.031,559231.375],[172217.094,559233.625],[172211.875,559233.813]]]}},{"type":"Feature","properties":{"identificatie":"NL.IMBAG.Pand.0091100000009876","oorspronkelijkbouwjaar":1980,"status":"Pand in gebruik","b3_dak_type":"slanted","b3_bouwlagen":3,"b3_h_maaiveld":-0.5460000038146973,"b3_h_nok":7.887180328369141,"b3_n_nok":1,"b3_n_vlakken":4,"b3_opp_grond":63.18000030517578,"b3_opp_dak_plat":0,"b3_opp_dak_schuin":76.02999877929688,"b3_volume_lod22":407.45513916015625,"b3_kwaliteitsindicator":1,"b3_pw_bron":"ahn5","b3_h_goot_nap":4.58,"b3_h_nok_nap":8.08,"goothoogte":5.12,"nokhoogte":8.63},"geometry":{"type":"Polygon","coordinates":[[[172245.641,559177.375],[172250.859,559174],[172255.375,559181.063],[172252.047,559183.25],[172254.859,559187.625],[172253,559188.813],[172250.156,559184.438],[172250.219,559184.375],[172245.641,559177.375]]]}},{"type":"Feature","properties":{"identificatie":"NL.IMBAG.Pand.0091100000007408","oorspronkelijkbouwjaar":1978,"status":"Pand in gebruik","b3_dak_type":"slanted","b3_bouwlagen":3,"b3_h_maaiveld":-0.25999999046325684,"b3_h_nok":8.226766586303711,"b3_n_nok":3,"b3_n_vlakken":8,"b3_opp_grond":98.22000122070312,"b3_opp_dak_plat":23.149999618530273,"b3_opp_dak_schuin":100.95999908447266,"b3_volume_lod22":485.0654296875,"b3_kwaliteitsindicator":1,"b3_pw_bron":"ahn5","b3_h_goot_nap":1.79,"b3_h_nok_nap":8.54,"goothoogte":2.05,"nokhoogte":8.8},"geometry":{"type":"Polygon","coordinates":[[[172290.609,559164.188],[172287.656,559159.438],[172289.75,559158.125],[172289.281,559157.375],[172291.656,559155.875],[172289.109,559151.813],[172294.531,559148.438],[172299.875,559156.938],[172295.578,559159.625],[172296.234,559160.688],[172290.609,559164.188]]]}},{"type":"Feature","properties":{"identificatie":"NL.IMBAG.Pand.0091100000014215","oorspronkelijkbouwjaar":1977,"status":"Pand in gebruik","b3_dak_type":"slanted","b3_bouwlagen":2,"b3_h_maaiveld":-0.49900001287460327,"b3_h_nok":6.044168949127197,"b3_n_nok":1,"b3_n_vlakken":3,"b3_opp_grond":65.70999908447266,"b3_opp_dak_plat":5.349999904632568,"b3_opp_dak_schuin":70.95999908447266,"b3_volume_lod22":313.1029052734375,"b3_kwaliteitsindicator":1,"b3_pw_bron":"ahn5","b3_h_goot_nap":2.32,"b3_h_nok_nap":6.22,"goothoogte":2.82,"nokhoogte":6.72},"geometry":{"type":"Polygon","coordinates":[[[172164.219,559249.75],[172164.031,559247.5],[172167.703,559247.125],[172167.313,559242.188],[172176.703,559241.438],[172177.203,559247.5],[172167.797,559248.25],[172167.891,559249.375],[172164.219,559249.75]]]}},{"type":"Feature","properties":{"identificatie":"NL.IMBAG.Pand.0091100000006352","oorspronkelijkbouwjaar":1978,"status":"Pand in gebruik","b3_dak_type":"horizontal","b3_h_maaiveld":-0.5789999961853027,"b3_n_nok":0,"b3_n_vlakken":1,"b3_opp_grond":10.529999732971191,"b3_opp_dak_plat":10.529999732971191,"b3_opp_dak_schuin":0,"b3_volume_lod22":31.233009338378906,"b3_kwaliteitsindicator":1,"b3_pw_bron":"ahn5","b3_h_goot_nap":2.38,"b3_h_nok_nap":2.39,"goothoogte":2.96,"nokhoogte":2.97},"geometry":{"type":"Polygon","coordinates":[[[172309.625,559258.625],[172306.453,559258.938],[172306.156,559255.625],[172309.328,559255.313],[172309.625,559258.625]]]}},{"type":"Feature","properties":{"identificatie":"NL.IMBAG.Pand.0091100000008650","oorspronkelijkbouwjaar":1979,"status":"Pand in gebruik","b3_dak_type":"horizontal","b3_bouwlagen":2,"b3_h_maaiveld":-0.36399999260902405,"b3_n_nok":0,"b3_n_vlakken":1,"b3_opp_grond":52.72999954223633,"b3_opp_dak_plat":52.72999954223633,"b3_opp_dak_schuin":0,"b3_volume_lod22":302.508056640625,"b3_kwaliteitsindicator":1,"b3_pw_bron":"ahn5","b3_h_goot_nap":5.37,"b3_h_nok_nap":5.38,"goothoogte":5.73,"nokhoogte":5.74},"geometry":{"type":"Polygon","coordinates":[[[172344.594,559264.375],[172333,559265.438],[172332.594,559260.875],[172344.188,559259.875],[172344.594,559264.375]]]}},{"type":"Feature","properties":{"identificatie":"NL.IMBAG.Pand.0091100000007034","oorspronkelijkbouwjaar":1978,"status":"Pand in gebruik","b3_dak_type":"horizontal","b3_bouwlagen":2,"b3_h_maaiveld":-0.26899999380111694,"b3_n_nok":0,"b3_n_vlakken":1,"b3_opp_grond":52.9900016784668,"b3_opp_dak_plat":53,"b3_opp_dak_schuin":0,"b3_volume_lod22":299.2304992675781,"b3_kwaliteitsindicator":1,"b3_pw_bron":"ahn5","b3_h_goot_nap":5.34,"b3_h_nok_nap":5.41,"goothoogte":5.61,"nokhoogte":5.67},"geometry":{"type":"Polygon","coordinates":[[[172303.672,559268.188],[172292.094,559269.188],[172291.688,559264.688],[172303.266,559263.625],[172303.672,559268.188]]]}},{"type":"Feature","properties":{"identificatie":"NL.IMBAG.Pand.0091100000006045","oorspronkelijkbouwjaar":1974,"status":"Pand in gebruik","b3_dak_type":"slanted","b3_bouwlagen":3,"b3_h_maaiveld":-0.44200000166893005,"b3_h_nok":8.236764907836914,"b3_n_nok":1,"b3_n_vlakken":2,"b3_opp_grond":51.849998474121094,"b3_opp_dak_plat":0,"b3_opp_dak_schuin":60.0099983215332,"b3_volume_lod22":377.5439758300781,"b3_kwaliteitsindicator":1,"b3_pw_bron":"ahn5","b3_h_goot_nap":5.31,"b3_h_nok_nap":8.44,"goothoogte":5.75,"nokhoogte":8.88},"geometry":{"type":"Polygon","coordinates":[[[172139.016,559365.313],[172135.344,559369.25],[172128.313,559362.75],[172132,559358.75],[172139.016,559365.313]]]}},{"type":"Feature","properties":{"identificatie":"NL.IMBAG.Pand.0091100000008995","oorspronkelijkbouwjaar":1978,"status":"Pand in gebruik","b3_dak_type":"horizontal","b3_h_maaiveld":-0.5139999985694885,"b3_n_nok":0,"b3_n_vlakken":1,"b3_opp_grond":10.279999732971191,"b3_opp_dak_plat":10.289999961853027,"b3_opp_dak_schuin":0,"b3_volume_lod22":29.83674430847168,"b3_kwaliteitsindicator":1,"b3_pw_bron":"ahn5","b3_h_goot_nap":2.35,"b3_h_nok_nap":2.42,"goothoogte":2.87,"nokhoogte":2.93},"geometry":{"type":"Polygon","coordinates":[[[172312.672,559249.063],[172309.5,559249.375],[172309.203,559246.188],[172312.375,559245.875],[172312.672,559249.063]]]}},{"type":"Feature","properties":{"identificatie":"NL.IMBAG.Pand.0091100000008632","oorspronkelijkbouwjaar":1976,"status":"Pand in gebruik","b3_dak_type":"slanted","b3_bouwlagen":3,"b3_h_maaiveld":-0.6200000047683716,"b3_h_nok":8.156673431396484,"b3_n_nok":3,"b3_n_vlakken":5,"b3_opp_grond":62.439998626708984,"b3_opp_dak_plat":9.539999961853027,"b3_opp_dak_schuin":68.55000305175781,"b3_volume_lod22":382.0623779296875,"b3_kwaliteitsindicator":1,"b3_pw_bron":"ahn5","b3_h_goot_nap":2.92,"b3_h_nok_nap":8.56,"goothoogte":3.54,"nokhoogte":9.18},"geometry":{"type":"Polygon","coordinates":[[[172275.406,559351.188],[172272.266,559354.5],[172270.516,559352.813],[172273.656,559349.5],[172271.484,559347.438],[172277.984,559340.5],[172281.891,559344.25],[172275.406,559351.188]]]}},{"type":"Feature","properties":{"identificatie":"NL.IMBAG.Pand.0091100000014141","oorspronkelijkbouwjaar":1977,"status":"Pand in gebruik","b3_dak_type":"slanted","b3_bouwlagen":3,"b3_h_maaiveld":-0.46000000834465027,"b3_h_nok":8.55856990814209,"b3_n_nok":1,"b3_n_vlakken":3,"b3_opp_grond":84.27999877929688,"b3_opp_dak_plat":26.979999542236328,"b3_opp_dak_schuin":69.69000244140625,"b3_volume_lod22":506.7623596191406,"b3_kwaliteitsindicator":1,"b3_pw_bron":"ahn5","b3_h_goot_nap":2.52,"b3_h_nok_nap":8.72,"goothoogte":2.98,"nokhoogte":9.18},"geometry":{"type":"Polygon","coordinates":[[[172318.344,559181.563],[172312.188,559182.125],[172311.594,559175.25],[172308.594,559175.5],[172308.078,559169.5],[172313.766,559169.063],[172314.109,559172.875],[172317.563,559172.563],[172318.344,559181.563]]]}},{"type":"Feature","properties":{"identificatie":"NL.IMBAG.Pand.0091100000010864","oorspronkelijkbouwjaar":1977,"status":"Pand in gebruik","b3_dak_type":"slanted","b3_bouwlagen":3,"b3_h_maaiveld":-0.30799999833106995,"b3_h_nok":8.545370101928711,"b3_n_nok":2,"b3_n_vlakken":6,"b3_opp_grond":84.12999725341797,"b3_opp_dak_plat":22.809999465942383,"b3_opp_dak_schuin":91.4800033569336,"b3_volume_lod22":443.2786560058594,"b3_kwaliteitsindicator":1,"b3_pw_bron":"ahn5","b3_h_goot_nap":2.7,"b3_h_nok_nap":8.59,"goothoogte":3,"nokhoogte":8.9},"geometry":{"type":"Polygon","coordinates":[[[172308.297,559153.125],[172304.859,559155.313],[172304.203,559154.25],[172299.875,559156.938],[172294.531,559148.438],[172300,559145],[172302.531,559149.063],[172304.859,559147.625],[172308.297,559153.125]]]}},{"type":"Feature","properties":{"identificatie":"NL.IMBAG.Pand.0091100000011380","oorspronkelijkbouwjaar":1978,"status":"Pand in gebruik","b3_dak_type":"slanted","b3_h_maaiveld":-0.5789999961853027,"b3_n_nok":0,"b3_n_vlakken":1,"b3_opp_grond":17.18000030517578,"b3_opp_dak_plat":0,"b3_opp_dak_schuin":17.329999923706055,"b3_volume_lod22":47.942970275878906,"b3_kwaliteitsindicator":1,"b3_pw_bron":"ahn5","b3_h_goot_nap":1.82,"b3_h_nok_nap":2.56,"goothoogte":2.39,"nokhoogte":3.14},"geometry":{"type":"Polygon","coordinates":[[[172323.828,559243.5],[172324.156,559246.625],[172318.875,559247.188],[172318.563,559243.875],[172321.75,559243.625],[172321.766,559243.75],[172323.828,559243.5]]]}},{"type":"Feature","properties":{"identificatie":"NL.IMBAG.Pand.0091100000006049","oorspronkelijkbouwjaar":1977,"status":"Pand in gebruik","b3_dak_type":"slanted","b3_bouwlagen":2,"b3_h_maaiveld":-0.4699999988079071,"b3_h_nok":6.185403823852539,"b3_n_nok":1,"b3_n_vlakken":4,"b3_opp_grond":65.58000183105469,"b3_opp_dak_plat":8.119999885559082,"b3_opp_dak_schuin":68.69000244140625,"b3_volume_lod22":317.4623107910156,"b3_kwaliteitsindicator":1,"b3_pw_bron":"ahn5","b3_h_goot_nap":2.83,"b3_h_nok_nap":6.38,"goothoogte":3.3,"nokhoogte":6.85},"geometry":{"type":"Polygon","coordinates":[[[172141.484,559230.875],[172141.203,559229.938],[172132.172,559232.625],[172130.422,559226.813],[172139.453,559224.125],[172140.859,559228.75],[172144.375,559227.688],[172145.016,559229.875],[172141.484,559230.875]]]}},{"type":"Feature","properties":{"identificatie":"NL.IMBAG.Pand.0091100000004979","oorspronkelijkbouwjaar":1976,"status":"Pand in gebruik","b3_dak_type":"slanted","b3_bouwlagen":3,"b3_h_maaiveld":-0.6570000052452087,"b3_h_nok":8.206403732299805,"b3_n_nok":1,"b3_n_vlakken":4,"b3_opp_grond":64.87000274658203,"b3_opp_dak_plat":10.25,"b3_opp_dak_schuin":72.19000244140625,"b3_volume_lod22":400.1170654296875,"b3_kwaliteitsindicator":1,"b3_pw_bron":"ahn5","b3_h_goot_nap":2.93,"b3_h_nok_nap":8.36,"goothoogte":3.59,"nokhoogte":9.01},"geometry":{"type":"Polygon","coordinates":[[[172259.766,559336.25],[172256.625,559339.563],[172254.891,559337.875],[172257.953,559334.688],[172255.563,559332.375],[172262.25,559325.438],[172266.25,559329.313],[172259.766,559336.25]]]}},{"type":"Feature","properties":{"identificatie":"NL.IMBAG.Pand.0091100000015025","oorspronkelijkbouwjaar":1980,"status":"Pand in gebruik","b3_dak_type":"slanted","b3_bouwlagen":3,"b3_h_maaiveld":-0.4180000126361847,"b3_h_nok":8.924944877624512,"b3_n_nok":2,"b3_n_vlakken":6,"b3_opp_grond":61.9900016784668,"b3_opp_dak_plat":0,"b3_opp_dak_schuin":72.98999786376953,"b3_volume_lod22":426.1236877441406,"b3_kwaliteitsindicator":1,"b3_pw_bron":"ahn5","b3_h_goot_nap":5.5,"b3_h_nok_nap":8.92,"goothoogte":5.92,"nokhoogte":9.34},"geometry":{"type":"Polygon","coordinates":[[[172236.156,559279.375],[172230.953,559279.563],[172230.891,559277.375],[172236.078,559277.188],[172235.953,559273.313],[172244.359,559273],[172244.563,559279],[172236.141,559279.313],[172236.156,559279.375]]]}},{"type":"Feature","properties":{"identificatie":"NL.IMBAG.Pand.0091100000014236","oorspronkelijkbouwjaar":1980,"status":"Pand in gebruik","b3_dak_type":"slanted","b3_bouwlagen":3,"b3_h_maaiveld":-0.3799999952316284,"b3_h_nok":8.938403129577637,"b3_n_nok":1,"b3_n_vlakken":5,"b3_opp_grond":72.01000213623047,"b3_opp_dak_plat":17.760000228881836,"b3_opp_dak_schuin":67.31999969482422,"b3_volume_lod22":454.52911376953125,"b3_kwaliteitsindicator":1,"b3_pw_bron":"ahn5","b3_h_goot_nap":2.64,"b3_h_nok_nap":9.13,"goothoogte":3.02,"nokhoogte":9.51},"geometry":{"type":"Polygon","coordinates":[[[172247.375,559232],[172246.125,559237.875],[172237.906,559236.188],[172237.891,559236.25],[172232.797,559235.188],[172233.266,559233],[172235.75,559233.563],[172236.5,559229.875],[172239.094,559230.375],[172239.109,559230.313],[172247.375,559232]]]}},{"type":"Feature","properties":{"identificatie":"NL.IMBAG.Pand.0091100000016146","oorspronkelijkbouwjaar":1980,"status":"Pand in gebruik","b3_dak_type":"slanted","b3_bouwlagen":3,"b3_h_maaiveld":-0.6299999952316284,"b3_h_nok":8.61736011505127,"b3_n_nok":1,"b3_n_vlakken":3,"b3_opp_grond":58.27000045776367,"b3_opp_dak_plat":10.170000076293945,"b3_opp_dak_schuin":60.380001068115234,"b3_volume_lod22":400.27496337890625,"b3_kwaliteitsindicator":1,"b3_pw_bron":"ahn5","b3_h_goot_nap":2.37,"b3_h_nok_nap":8.75,"goothoogte":3,"nokhoogte":9.38},"geometry":{"type":"Polygon","coordinates":[[[172337.281,559329.563],[172333.047,559330],[172332.797,559327.5],[172337.047,559327.188],[172336.719,559323.75],[172345.109,559322.938],[172345.672,559328.563],[172337.266,559329.375],[172337.281,559329.563]]]}},{"type":"Feature","properties":{"identificatie":"NL.IMBAG.Pand.0091100000006446","oorspronkelijkbouwjaar":1976,"status":"Pand in gebruik","b3_dak_type":"slanted","b3_bouwlagen":3,"b3_h_maaiveld":-0.5180000066757202,"b3_h_nok":8.18426513671875,"b3_n_nok":3,"b3_n_vlakken":5,"b3_opp_grond":61.970001220703125,"b3_opp_dak_plat":11.25,"b3_opp_dak_schuin":69.54000091552734,"b3_volume_lod22":372.0846252441406,"b3_kwaliteitsindicator":1,"b3_pw_bron":"ahn5","b3_h_goot_nap":2.8,"b3_h_nok_nap":8.44,"goothoogte":3.32,"nokhoogte":8.96},"geometry":{"type":"Polygon","coordinates":[[[172268.078,559375.125],[172261.531,559381.938],[172257.594,559378.188],[172264.156,559371.438],[172266.328,559373.5],[172269.453,559370.188],[172271.203,559371.813],[172268.078,559375.125]]]}},{"type":"Feature","properties":{"identificatie":"NL.IMBAG.Pand.0091100000008606","oorspronkelijkbouwjaar":1978,"status":"Pand in gebruik","b3_dak_type":"slanted","b3_bouwlagen":3,"b3_h_maaiveld":-0.7160000205039978,"b3_n_nok":0,"b3_n_vlakken":4,"b3_opp_grond":68.41000366210938,"b3_opp_dak_plat":60.75,"b3_opp_dak_schuin":11.220000267028809,"b3_volume_lod22":448.81048583984375,"b3_kwaliteitsindicator":1,"b3_pw_bron":"ahn5","b3_h_goot_nap":2.38,"b3_h_nok_nap":8.19,"goothoogte":3.1,"nokhoogte":8.91},"geometry":{"type":"Polygon","coordinates":[[[172329.359,559275.063],[172323.203,559275.625],[172322.984,559273.25],[172329.156,559272.688],[172328.953,559270.375],[172330.109,559270.25],[172330.094,559270.125],[172333.406,559269.813],[172333.406,559269.938],[172340.531,559269.313],[172340.953,559273.813],[172329.344,559274.938],[172329.359,559275.063]]]}},{"type":"Feature","properties":{"identificatie":"NL.IMBAG.Pand.0091100000006959","oorspronkelijkbouwjaar":1977,"status":"Pand in gebruik","b3_dak_type":"slanted","b3_bouwlagen":3,"b3_h_maaiveld":-0.5019999742507935,"b3_h_nok":8.127509117126465,"b3_n_nok":3,"b3_n_vlakken":5,"b3_opp_grond":62.72999954223633,"b3_opp_dak_plat":9.300000190734863,"b3_opp_dak_schuin":67.77999877929688,"b3_volume_lod22":375.83404541015625,"b3_kwaliteitsindicator":1,"b3_pw_bron":"ahn5","b3_h_goot_nap":2.76,"b3_h_nok_nap":8.3,"goothoogte":3.26,"nokhoogte":8.81},"geometry":{"type":"Polygon","coordinates":[[[172120.359,559306.75],[172115.672,559309.5],[172108.641,559297.313],[172110.734,559296.125],[172112.938,559299.938],[172115.547,559298.438],[172120.359,559306.75]]]}},{"type":"Feature","properties":{"identificatie":"NL.IMBAG.Pand.1900100010090871","oorspronkelijkbouwjaar":2022,"status":"Pand in gebruik","b3_dak_type":"horizontal","b3_h_maaiveld":-0.4560000002384186,"b3_n_nok":0,"b3_n_vlakken":1,"b3_opp_grond":4.53000020980835,"b3_opp_dak_plat":4.53000020980835,"b3_opp_dak_schuin":0,"b3_volume_lod22":9.234853744506836,"b3_kwaliteitsindicator":1,"b3_pw_bron":"ahn5","b3_h_goot_nap":1.57,"b3_h_nok_nap":1.63,"goothoogte":2.03,"nokhoogte":2.08},"geometry":{"type":"Polygon","coordinates":[[[172222.391,559287.75],[172222.359,559285.938],[172224.844,559285.875],[172224.875,559287.75],[172222.391,559287.75]]]}},{"type":"Feature","properties":{"identificatie":"NL.IMBAG.Pand.0091100000007444","oorspronkelijkbouwjaar":1979,"status":"Pand in gebruik","b3_dak_type":"multiple horizontal","b3_bouwlagen":2,"b3_h_maaiveld":-0.47200000286102295,"b3_n_nok":0,"b3_n_vlakken":2,"b3_opp_grond":94.75,"b3_opp_dak_plat":94.63999938964844,"b3_opp_dak_schuin":0,"b3_volume_lod22":452.4371032714844,"b3_kwaliteitsindicator":1,"b3_pw_bron":"ahn5","b3_h_goot_nap":2.78,"b3_h_nok_nap":5.41,"goothoogte":3.25,"nokhoogte":5.88},"geometry":{"type":"Polygon","coordinates":[[[172302.047,559250.188],[172302.031,559250.063],[172294.922,559250.688],[172294.469,559246],[172297.406,559245.75],[172297.016,559241.25],[172305.703,559240.5],[172306.547,559249.75],[172302.047,559250.188]]]}},{"type":"Feature","properties":{"identificatie":"NL.IMBAG.Pand.0091100000015030","oorspronkelijkbouwjaar":1980,"status":"Pand in gebruik","b3_dak_type":"slanted","b3_bouwlagen":3,"b3_h_maaiveld":-0.44699999690055847,"b3_h_nok":7.797893047332764,"b3_n_nok":1,"b3_n_vlakken":4,"b3_opp_grond":76.08000183105469,"b3_opp_dak_plat":0,"b3_opp_dak_schuin":87.36000061035156,"b3_volume_lod22":425.7076721191406,"b3_kwaliteitsindicator":1,"b3_pw_bron":"ahn5","b3_h_goot_nap":2.62,"b3_h_nok_nap":7.95,"goothoogte":3.07,"nokhoogte":8.39},"geometry":{"type":"Polygon","coordinates":[[[172233.688,559283.25],[172233.563,559279.5],[172236.156,559279.375],[172236.141,559279.313],[172244.563,559279],[172244.766,559285],[172236.344,559285.25],[172236.344,559285.375],[172229.219,559285.625],[172229.141,559283.375],[172233.688,559283.25]]]}},{"type":"Feature","properties":{"identificatie":"NL.IMBAG.Pand.0091100000015834","oorspronkelijkbouwjaar":1977,"status":"Pand in gebruik","b3_dak_type":"horizontal","b3_h_maaiveld":-0.5709999799728394,"b3_n_nok":0,"b3_n_vlakken":1,"b3_opp_grond":6.449999809265137,"b3_opp_dak_plat":6.449999809265137,"b3_opp_dak_schuin":0,"b3_volume_lod22":17.93516731262207,"b3_kwaliteitsindicator":1,"b3_pw_bron":"ahn5","b3_h_goot_nap":2.19,"b3_h_nok_nap":2.24,"goothoogte":2.77,"nokhoogte":2.81},"geometry":{"type":"Polygon","coordinates":[[[172177.641,559367.438],[172179.219,559368.938],[172177.172,559371.125],[172175.594,559369.625],[172177.641,559367.438]]]}},{"type":"Feature","properties":{"identificatie":"NL.IMBAG.Pand.0091100000007058","oorspronkelijkbouwjaar":1977,"status":"Pand in gebruik","b3_dak_type":"slanted","b3_bouwlagen":3,"b3_h_maaiveld":-0.5199999809265137,"b3_h_nok":8.530725479125977,"b3_n_nok":1,"b3_n_vlakken":3,"b3_opp_grond":84.0199966430664,"b3_opp_dak_plat":29.850000381469727,"b3_opp_dak_schuin":69.11000061035156,"b3_volume_lod22":513.9514770507812,"b3_kwaliteitsindicator":1,"b3_pw_bron":"ahn5","b3_h_goot_nap":2.5,"b3_h_nok_nap":8.74,"goothoogte":3.02,"nokhoogte":9.26},"geometry":{"type":"Polygon","coordinates":[[[172294.578,559191.75],[172289.375,559195.125],[172285.688,559189.375],[172283.172,559190.938],[172279.953,559185.938],[172284.75,559182.875],[172286.813,559186.063],[172289.813,559184.188],[172294.578,559191.75]]]}},{"type":"Feature","properties":{"identificatie":"NL.IMBAG.Pand.0091100000017263","oorspronkelijkbouwjaar":1974,"status":"Pand in gebruik","b3_dak_type":"slanted","b3_bouwlagen":3,"b3_h_maaiveld":-0.4350000023841858,"b3_h_nok":8.227307319641113,"b3_n_nok":1,"b3_n_vlakken":2,"b3_opp_grond":53.400001525878906,"b3_opp_dak_plat":0,"b3_opp_dak_schuin":61.7599983215332,"b3_volume_lod22":388.4036560058594,"b3_kwaliteitsindicator":1,"b3_pw_bron":"ahn5","b3_h_goot_nap":5.23,"b3_h_nok_nap":8.4,"goothoogte":5.67,"nokhoogte":8.84},"geometry":{"type":"Polygon","coordinates":[[[172131.656,559373.25],[172127.859,559377.313],[172120.844,559370.75],[172124.625,559366.688],[172131.656,559373.25]]]}},{"type":"Feature","properties":{"identificatie":"NL.IMBAG.Pand.0091100000003465","oorspronkelijkbouwjaar":1980,"status":"Pand in gebruik","b3_dak_type":"slanted","b3_bouwlagen":3,"b3_h_maaiveld":-0.6850000023841858,"b3_h_nok":8.585251808166504,"b3_n_nok":1,"b3_n_vlakken":3,"b3_opp_grond":58.810001373291016,"b3_opp_dak_plat":8.819999694824219,"b3_opp_dak_schuin":62.56999969482422,"b3_volume_lod22":407.3760681152344,"b3_kwaliteitsindicator":1,"b3_pw_bron":"ahn5","b3_h_goot_nap":2.38,"b3_h_nok_nap":8.74,"goothoogte":3.07,"nokhoogte":9.42},"geometry":{"type":"Polygon","coordinates":[[[172307.844,559302.625],[172307.828,559302.5],[172299.453,559303.313],[172298.906,559297.5],[172307.281,559296.75],[172307.625,559300.25],[172311.859,559299.875],[172312.078,559302.25],[172307.844,559302.625]]]}},{"type":"Feature","properties":{"identificatie":"NL.IMBAG.Pand.0091100000008656","oorspronkelijkbouwjaar":1976,"status":"Pand in gebruik","b3_dak_type":"slanted","b3_bouwlagen":3,"b3_h_maaiveld":-0.6600000262260437,"b3_h_nok":8.171121597290039,"b3_n_nok":3,"b3_n_vlakken":5,"b3_opp_grond":62.02000045776367,"b3_opp_dak_plat":10.180000305175781,"b3_opp_dak_schuin":66.22000122070312,"b3_volume_lod22":380.7696533203125,"b3_kwaliteitsindicator":1,"b3_pw_bron":"ahn5","b3_h_goot_nap":2.78,"b3_h_nok_nap":8.41,"goothoogte":3.44,"nokhoogte":9.07},"geometry":{"type":"Polygon","coordinates":[[[172278.656,559393.875],[172274.703,559390.188],[172281.141,559383.313],[172283.328,559385.375],[172286.484,559382],[172288.234,559383.688],[172278.656,559393.875]]]}},{"type":"Feature","properties":{"identificatie":"NL.IMBAG.Pand.0091100000014200","oorspronkelijkbouwjaar":1977,"status":"Pand in gebruik","b3_dak_type":"horizontal","b3_h_maaiveld":-0.5299999713897705,"b3_n_nok":0,"b3_n_vlakken":1,"b3_opp_grond":6.5,"b3_opp_dak_plat":6.5,"b3_opp_dak_schuin":0,"b3_volume_lod22":17.80742645263672,"b3_kwaliteitsindicator":1,"b3_pw_bron":"ahn5","b3_h_goot_nap":2.2,"b3_h_nok_nap":2.21,"goothoogte":2.73,"nokhoogte":2.74},"geometry":{"type":"Polygon","coordinates":[[[172169.719,559360.063],[172167.688,559362.25],[172166.094,559360.813],[172168.141,559358.563],[172169.719,559360.063]]]}},{"type":"Feature","properties":{"identificatie":"NL.IMBAG.Pand.0091100000016135","oorspronkelijkbouwjaar":1976,"status":"Pand in gebruik","b3_dak_type":"slanted","b3_bouwlagen":3,"b3_h_maaiveld":-0.574999988079071,"b3_h_nok":8.117974281311035,"b3_n_nok":3,"b3_n_vlakken":5,"b3_opp_grond":62.349998474121094,"b3_opp_dak_plat":9.210000038146973,"b3_opp_dak_schuin":72.68000030517578,"b3_volume_lod22":381.0441589355469,"b3_kwaliteitsindicator":1,"b3_pw_bron":"ahn5","b3_h_goot_nap":2.91,"b3_h_nok_nap":8.49,"goothoogte":3.49,"nokhoogte":9.06},"geometry":{"type":"Polygon","coordinates":[[[172276.188,559358.25],[172274.422,559356.563],[172277.563,559353.25],[172275.406,559351.188],[172281.891,559344.25],[172285.797,559348],[172276.188,559358.25]]]}},{"type":"Feature","properties":{"identificatie":"NL.IMBAG.Pand.0091100000014619","oorspronkelijkbouwjaar":1977,"status":"Pand in gebruik","b3_dak_type":"slanted","b3_bouwlagen":3,"b3_h_maaiveld":-0.47600001096725464,"b3_h_nok":8.594464302062988,"b3_n_nok":1,"b3_n_vlakken":3,"b3_opp_grond":84.44999694824219,"b3_opp_dak_plat":27.299999237060547,"b3_opp_dak_schuin":69.66999816894531,"b3_volume_lod22":510.56561279296875,"b3_kwaliteitsindicator":1,"b3_pw_bron":"ahn5","b3_h_goot_nap":2.58,"b3_h_nok_nap":8.75,"goothoogte":3.05,"nokhoogte":9.23},"geometry":{"type":"Polygon","coordinates":[[[172345.109,559173.313],[172342.188,559173.563],[172342.703,559179.5],[172336.531,559180],[172335.766,559171.063],[172339.234,559170.75],[172338.938,559167.25],[172344.547,559166.75],[172345.109,559173.313]]]}},{"type":"Feature","properties":{"identificatie":"NL.IMBAG.Pand.0091100000006920","oorspronkelijkbouwjaar":1977,"status":"Pand in gebruik","b3_dak_type":"slanted","b3_bouwlagen":3,"b3_h_maaiveld":-0.4819999933242798,"b3_h_nok":8.266151428222656,"b3_n_nok":1,"b3_n_vlakken":3,"b3_opp_grond":63.630001068115234,"b3_opp_dak_plat":8.979999542236328,"b3_opp_dak_schuin":63.36000061035156,"b3_volume_lod22":429.31610107421875,"b3_kwaliteitsindicator":1,"b3_pw_bron":"ahn5","b3_h_goot_nap":5.31,"b3_h_nok_nap":8.44,"goothoogte":5.8,"nokhoogte":8.93},"geometry":{"type":"Polygon","coordinates":[[[172099.266,559261.938],[172098.453,559259.875],[172102.313,559258.375],[172101.063,559255.188],[172107.984,559252.313],[172109.906,559251.563],[172112.016,559256.938],[172099.266,559261.938]]]}},{"type":"Feature","properties":{"identificatie":"NL.IMBAG.Pand.0091100000006970","oorspronkelijkbouwjaar":1974,"status":"Pand in gebruik","b3_dak_type":"slanted","b3_bouwlagen":3,"b3_h_maaiveld":-0.5600000023841858,"b3_h_nok":8.197236061096191,"b3_n_nok":1,"b3_n_vlakken":3,"b3_opp_grond":63.36000061035156,"b3_opp_dak_plat":8.4399995803833,"b3_opp_dak_schuin":63.119998931884766,"b3_volume_lod22":430.00616455078125,"b3_kwaliteitsindicator":1,"b3_pw_bron":"ahn5","b3_h_goot_nap":3.86,"b3_h_nok_nap":8.39,"goothoogte":4.42,"nokhoogte":8.95},"geometry":{"type":"Polygon","coordinates":[[[172109.828,559386.813],[172105.781,559385.813],[172106.297,559383.688],[172110.313,559384.688],[172111.141,559381.188],[172120.453,559383.438],[172119.188,559388.813],[172109.828,559386.813]]]}},{"type":"Feature","properties":{"identificatie":"NL.IMBAG.Pand.0091100000006930","oorspronkelijkbouwjaar":1977,"status":"Pand in gebruik","b3_dak_type":"slanted","b3_bouwlagen":3,"b3_h_maaiveld":-0.43700000643730164,"b3_h_nok":8.257054328918457,"b3_n_nok":2,"b3_n_vlakken":4,"b3_opp_grond":60.689998626708984,"b3_opp_dak_plat":0,"b3_opp_dak_schuin":69.0199966430664,"b3_volume_lod22":406.9639892578125,"b3_kwaliteitsindicator":1,"b3_pw_bron":"ahn5","b3_h_goot_nap":5.25,"b3_h_nok_nap":8.46,"goothoogte":5.69,"nokhoogte":8.9},"geometry":{"type":"Polygon","coordinates":[[[172101.234,559266.938],[172100.438,559264.938],[172104.281,559263.375],[172103.125,559260.438],[172112.016,559256.938],[172113.984,559261.938],[172101.234,559266.938]]]}},{"type":"Feature","properties":{"identificatie":"NL.IMBAG.Pand.0091100000018894","oorspronkelijkbouwjaar":1978,"status":"Pand in gebruik","b3_dak_type":"slanted","b3_bouwlagen":3,"b3_h_maaiveld":-0.47600001096725464,"b3_h_nok":7.699244022369385,"b3_n_nok":1,"b3_n_vlakken":3,"b3_opp_grond":61.93000030517578,"b3_opp_dak_plat":0,"b3_opp_dak_schuin":78.05000305175781,"b3_volume_lod22":380.69671630859375,"b3_kwaliteitsindicator":1,"b3_pw_bron":"ahn5","b3_h_goot_nap":2.01,"b3_h_nok_nap":7.93,"goothoogte":2.49,"nokhoogte":8.41},"geometry":{"type":"Polygon","coordinates":[[[172124.031,559178.563],[172124.844,559179.688],[172119.875,559183.25],[172115,559176.5],[172114.891,559176.563],[172111.859,559172.313],[172113.672,559171],[172116.719,559175.25],[172119.875,559172.938],[172123.938,559178.625],[172124.031,559178.563]]]}},{"type":"Feature","properties":{"identificatie":"NL.IMBAG.Pand.0091100000002906","oorspronkelijkbouwjaar":1978,"status":"Pand in gebruik","b3_dak_type":"slanted","b3_bouwlagen":3,"b3_h_maaiveld":-0.4959999918937683,"b3_h_nok":8.838791847229004,"b3_n_nok":1,"b3_n_vlakken":4,"b3_opp_grond":61.58000183105469,"b3_opp_dak_plat":0,"b3_opp_dak_schuin":75.5,"b3_volume_lod22":423.6647033691406,"b3_kwaliteitsindicator":1,"b3_pw_bron":"ahn5","b3_h_goot_nap":2.02,"b3_h_nok_nap":9.07,"goothoogte":2.52,"nokhoogte":9.57},"geometry":{"type":"Polygon","coordinates":[[[172171.141,559148.813],[172166.266,559152.313],[172161.422,559145.5],[172161.313,559145.625],[172158.281,559141.375],[172160.078,559140.063],[172163.109,559144.313],[172166.281,559142],[172171.141,559148.813]]]}},{"type":"Feature","properties":{"identificatie":"NL.IMBAG.Pand.0091100000004641","oorspronkelijkbouwjaar":1977,"status":"Pand in gebruik","b3_dak_type":"slanted","b3_bouwlagen":2,"b3_h_maaiveld":-0.49000000953674316,"b3_h_nok":6.142915725708008,"b3_n_nok":1,"b3_n_vlakken":4,"b3_opp_grond":65.62000274658203,"b3_opp_dak_plat":5.659999847412109,"b3_opp_dak_schuin":70.51000213623047,"b3_volume_lod22":318.51171875,"b3_kwaliteitsindicator":1,"b3_pw_bron":"ahn5","b3_h_goot_nap":2.31,"b3_h_nok_nap":6.31,"goothoogte":2.8,"nokhoogte":6.8},"geometry":{"type":"Polygon","coordinates":[[[172137.016,559263],[172135.281,559257.125],[172144.344,559254.438],[172145.719,559259.188],[172149.25,559258.125],[172149.875,559260.25],[172146.344,559261.313],[172146.063,559260.313],[172137.016,559263]]]}},{"type":"Feature","properties":{"identificatie":"NL.IMBAG.Pand.0091100000002258","oorspronkelijkbouwjaar":1977,"status":"Pand in gebruik","b3_dak_type":"horizontal","b3_h_maaiveld":-0.6010000109672546,"b3_n_nok":0,"b3_n_vlakken":1,"b3_opp_grond":6.5,"b3_opp_dak_plat":6.5,"b3_opp_dak_schuin":0,"b3_volume_lod22":18.27928924560547,"b3_kwaliteitsindicator":1,"b3_pw_bron":"ahn5","b3_h_goot_nap":2.2,"b3_h_nok_nap":2.24,"goothoogte":2.8,"nokhoogte":2.84},"geometry":{"type":"Polygon","coordinates":[[[172147.094,559365.438],[172145.609,559367],[172143.406,559364.938],[172144.891,559363.375],[172147.094,559365.438]]]}},{"type":"Feature","properties":{"identificatie":"NL.IMBAG.Pand.0091100000018874","oorspronkelijkbouwjaar":1977,"status":"Pand in gebruik","b3_dak_type":"slanted","b3_bouwlagen":3,"b3_h_maaiveld":-0.4959999918937683,"b3_h_nok":8.51187801361084,"b3_n_nok":1,"b3_n_vlakken":3,"b3_opp_grond":83.87999725341797,"b3_opp_dak_plat":30.34000015258789,"b3_opp_dak_schuin":68.43000030517578,"b3_volume_lod22":504.4540100097656,"b3_kwaliteitsindicator":1,"b3_pw_bron":"ahn5","b3_h_goot_nap":2.56,"b3_h_nok_nap":8.7,"goothoogte":3.05,"nokhoogte":9.19},"geometry":{"type":"Polygon","coordinates":[[[172326.844,559173.938],[172323.906,559174.188],[172324.5,559181.063],[172318.344,559181.563],[172317.563,559172.563],[172321.031,559172.313],[172320.703,559168.438],[172326.344,559167.938],[172326.844,559173.938]]]}},{"type":"Feature","properties":{"identificatie":"NL.IMBAG.Pand.0091100000015838","oorspronkelijkbouwjaar":1974,"status":"Pand in gebruik","b3_dak_type":"slanted","b3_bouwlagen":3,"b3_h_maaiveld":-0.45399999618530273,"b3_h_nok":8.217313766479492,"b3_n_nok":1,"b3_n_vlakken":2,"b3_opp_grond":51.79999923706055,"b3_opp_dak_plat":0,"b3_opp_dak_schuin":60,"b3_volume_lod22":376.71258544921875,"b3_kwaliteitsindicator":1,"b3_pw_bron":"ahn5","b3_h_goot_nap":5.39,"b3_h_nok_nap":8.36,"goothoogte":5.84,"nokhoogte":8.82},"geometry":{"type":"Polygon","coordinates":[[[172182.266,559354.563],[172175.734,559361.563],[172171.781,559357.875],[172178.313,559350.875],[172182.266,559354.563]]]}},{"type":"Feature","properties":{"identificatie":"NL.IMBAG.Pand.0091100000012663","oorspronkelijkbouwjaar":1980,"status":"Pand in gebruik","b3_dak_type":"slanted","b3_bouwlagen":3,"b3_h_maaiveld":-0.5490000247955322,"b3_h_nok":8.94347095489502,"b3_n_nok":1,"b3_n_vlakken":5,"b3_opp_grond":81.44999694824219,"b3_opp_dak_plat":17.670000076293945,"b3_opp_dak_schuin":75.5199966430664,"b3_volume_lod22":499.4915771484375,"b3_kwaliteitsindicator":1,"b3_pw_bron":"ahn5","b3_h_goot_nap":2.04,"b3_h_nok_nap":9.08,"goothoogte":2.58,"nokhoogte":9.63},"geometry":{"type":"Polygon","coordinates":[[[172248.625,559226.125],[172240.406,559224.438],[172240.391,559224.5],[172235.297,559223.438],[172235.766,559221.25],[172240.859,559222.375],[172241.703,559218.375],[172242.469,559218.563],[172243.094,559215.625],[172248.984,559216.813],[172248.406,559219.813],[172249.906,559220.125],[172248.625,559226.125]]]}},{"type":"Feature","properties":{"identificatie":"NL.IMBAG.Pand.0091100000018898","oorspronkelijkbouwjaar":1977,"status":"Pand in gebruik","b3_dak_type":"slanted","b3_bouwlagen":3,"b3_h_maaiveld":-0.5260000228881836,"b3_h_nok":8.117552757263184,"b3_n_nok":3,"b3_n_vlakken":5,"b3_opp_grond":62.709999084472656,"b3_opp_dak_plat":9.960000038146973,"b3_opp_dak_schuin":71.54000091552734,"b3_volume_lod22":376.978759765625,"b3_kwaliteitsindicator":1,"b3_pw_bron":"ahn5","b3_h_goot_nap":2.7,"b3_h_nok_nap":8.35,"goothoogte":3.22,"nokhoogte":8.88},"geometry":{"type":"Polygon","coordinates":[[[172125.047,559304.063],[172120.359,559306.75],[172113.328,559294.625],[172115.422,559293.438],[172117.625,559297.25],[172120.234,559295.75],[172125.047,559304.063]]]}},{"type":"Feature","properties":{"identificatie":"NL.IMBAG.Pand.0091100000003065","oorspronkelijkbouwjaar":1978,"status":"Pand in gebruik","b3_dak_type":"horizontal","b3_h_maaiveld":-0.5920000076293945,"b3_n_nok":0,"b3_n_vlakken":1,"b3_opp_grond":10.5600004196167,"b3_opp_dak_plat":10.5600004196167,"b3_opp_dak_schuin":0,"b3_volume_lod22":31.32818031311035,"b3_kwaliteitsindicator":1,"b3_pw_bron":"ahn5","b3_h_goot_nap":2.35,"b3_h_nok_nap":2.41,"goothoogte":2.94,"nokhoogte":3},"geometry":{"type":"Polygon","coordinates":[[[172329.328,559261.375],[172326.156,559261.688],[172325.844,559258.375],[172329.031,559258.063],[172329.328,559261.375]]]}},{"type":"Feature","properties":{"identificatie":"NL.IMBAG.Pand.0091100000016133","oorspronkelijkbouwjaar":1978,"status":"Pand in gebruik","b3_dak_type":"horizontal","b3_bouwlagen":2,"b3_h_maaiveld":-0.34700000286102295,"b3_n_nok":0,"b3_n_vlakken":1,"b3_opp_grond":53.650001525878906,"b3_opp_dak_plat":53.68000030517578,"b3_opp_dak_schuin":0,"b3_volume_lod22":310.68035888671875,"b3_kwaliteitsindicator":1,"b3_pw_bron":"ahn5","b3_h_goot_nap":5.38,"b3_h_nok_nap":5.53,"goothoogte":5.73,"nokhoogte":5.87},"geometry":{"type":"Polygon","coordinates":[[[172340.547,559269.5],[172340.531,559269.313],[172333.406,559269.938],[172333,559265.438],[172344.594,559264.375],[172345.016,559269.063],[172340.547,559269.5]]]}},{"type":"Feature","properties":{"identificatie":"NL.IMBAG.Pand.0091100000019030","oorspronkelijkbouwjaar":1977,"status":"Pand in gebruik","b3_dak_type":"slanted","b3_bouwlagen":2,"b3_h_maaiveld":-0.492000013589859,"b3_h_nok":6.194697856903076,"b3_n_nok":1,"b3_n_vlakken":4,"b3_opp_grond":65.6500015258789,"b3_opp_dak_plat":6.019999980926514,"b3_opp_dak_schuin":71.06999969482422,"b3_volume_lod22":320.4679260253906,"b3_kwaliteitsindicator":1,"b3_pw_bron":"ahn5","b3_h_goot_nap":2.34,"b3_h_nok_nap":6.36,"goothoogte":2.83,"nokhoogte":6.86},"geometry":{"type":"Polygon","coordinates":[[[172139.75,559225.063],[172139.453,559224.125],[172130.422,559226.813],[172128.672,559221],[172137.719,559218.25],[172139.109,559222.938],[172142.641,559221.875],[172143.266,559224],[172139.75,559225.063]]]}},{"type":"Feature","properties":{"identificatie":"NL.IMBAG.Pand.0091100000014211","oorspronkelijkbouwjaar":1976,"status":"Pand in gebruik","b3_dak_type":"slanted","b3_bouwlagen":3,"b3_h_maaiveld":-0.5870000123977661,"b3_h_nok":8.185530662536621,"b3_n_nok":3,"b3_n_vlakken":5,"b3_opp_grond":62.0099983215332,"b3_opp_dak_plat":16.899999618530273,"b3_opp_dak_schuin":65.33999633789062,"b3_volume_lod22":373.1488037109375,"b3_kwaliteitsindicator":1,"b3_pw_bron":"ahn5","b3_h_goot_nap":2.81,"b3_h_nok_nap":8.36,"goothoogte":3.4,"nokhoogte":8.95},"geometry":{"type":"Polygon","coordinates":[[[172252.344,559360.313],[172245.859,559367.188],[172241.938,559363.5],[172248.422,559356.563],[172250.609,559358.625],[172253.734,559355.313],[172255.484,559357],[172252.344,559360.313]]]}},{"type":"Feature","properties":{"identificatie":"NL.IMBAG.Pand.0091100000006403","oorspronkelijkbouwjaar":1977,"status":"Pand in gebruik","b3_dak_type":"horizontal","b3_h_maaiveld":-0.546999990940094,"b3_n_nok":0,"b3_n_vlakken":1,"b3_opp_grond":6.480000019073486,"b3_opp_dak_plat":6.480000019073486,"b3_opp_dak_schuin":0,"b3_volume_lod22":17.880796432495117,"b3_kwaliteitsindicator":1,"b3_pw_bron":"ahn5","b3_h_goot_nap":2.2,"b3_h_nok_nap":2.23,"goothoogte":2.75,"nokhoogte":2.78},"geometry":{"type":"Polygon","coordinates":[[[172169.719,559360.063],[172171.297,559361.563],[172169.266,559363.75],[172167.688,559362.25],[172169.719,559360.063]]]}},{"type":"Feature","properties":{"identificatie":"NL.IMBAG.Pand.0091100000015231","oorspronkelijkbouwjaar":1980,"status":"Pand in gebruik","b3_dak_type":"slanted","b3_bouwlagen":3,"b3_h_maaiveld":-0.531000018119812,"b3_h_nok":8.998284339904785,"b3_n_nok":2,"b3_n_vlakken":7,"b3_opp_grond":112.9800033569336,"b3_opp_dak_plat":14.899999618530273,"b3_opp_dak_schuin":110.5,"b3_volume_lod22":586.328857421875,"b3_kwaliteitsindicator":1,"b3_pw_bron":"ahn5","b3_h_goot_nap":1.5,"b3_h_nok_nap":9.21,"goothoogte":2.03,"nokhoogte":9.74},"geometry":{"type":"Polygon","coordinates":[[[172218.172,559214.25],[172216.203,559217.5],[172220.656,559220.188],[172219.516,559222.063],[172221.453,559223.25],[172220.281,559225.188],[172214.969,559223.25],[172215.156,559223],[172210.938,559220.375],[172209.906,559222.125],[172206.516,559220.875],[172207.953,559218.563],[172207.656,559218.375],[172209.25,559215.75],[172207.906,559214.938],[172211.078,559209.75],[172218.172,559214.188],[172218.125,559214.25],[172218.172,559214.25]]]}},{"type":"Feature","properties":{"identificatie":"NL.IMBAG.Pand.0091100000010030","oorspronkelijkbouwjaar":1977,"status":"Pand in gebruik","b3_dak_type":"horizontal","b3_h_maaiveld":-0.5640000104904175,"b3_n_nok":0,"b3_n_vlakken":1,"b3_opp_grond":9.239999771118164,"b3_opp_dak_plat":0,"b3_opp_dak_schuin":9.279999732971191,"b3_volume_lod22":20.845806121826172,"b3_kwaliteitsindicator":1,"b3_pw_bron":"ahn5","b3_h_goot_nap":1.54,"b3_h_nok_nap":1.91,"goothoogte":2.1,"nokhoogte":2.47},"geometry":{"type":"Polygon","coordinates":[[[172115.359,559155.5],[172112.297,559157.563],[172110.891,559155.5],[172113.938,559153.438],[172115.359,559155.5]]]}},{"type":"Feature","properties":{"identificatie":"NL.IMBAG.Pand.0091100000007440","oorspronkelijkbouwjaar":1976,"status":"Pand in gebruik","b3_dak_type":"slanted","b3_bouwlagen":3,"b3_h_maaiveld":-0.671999990940094,"b3_h_nok":8.211668968200684,"b3_n_nok":1,"b3_n_vlakken":4,"b3_opp_grond":63.459999084472656,"b3_opp_dak_plat":8.6899995803833,"b3_opp_dak_schuin":70.41999816894531,"b3_volume_lod22":393.2188415527344,"b3_kwaliteitsindicator":1,"b3_pw_bron":"ahn5","b3_h_goot_nap":3.14,"b3_h_nok_nap":8.3,"goothoogte":3.81,"nokhoogte":8.98},"geometry":{"type":"Polygon","coordinates":[[[172302.031,559360.688],[172292.297,559370.875],[172290.703,559369.375],[172293.781,559366.125],[172291.359,559363.813],[172298.016,559356.813],[172302.031,559360.688]]]}},{"type":"Feature","properties":{"identificatie":"NL.IMBAG.Pand.0091100000004633","oorspronkelijkbouwjaar":1978,"status":"Pand in gebruik","b3_dak_type":"slanted","b3_bouwlagen":3,"b3_h_maaiveld":-0.40799999237060547,"b3_h_nok":8.851374626159668,"b3_n_nok":1,"b3_n_vlakken":6,"b3_opp_grond":75.97000122070312,"b3_opp_dak_plat":18.75,"b3_opp_dak_schuin":73.75,"b3_volume_lod22":470.8611755371094,"b3_kwaliteitsindicator":1,"b3_pw_bron":"ahn5","b3_h_goot_nap":2.69,"b3_h_nok_nap":9.08,"goothoogte":3.1,"nokhoogte":9.49},"geometry":{"type":"Polygon","coordinates":[[[172141.766,559165.938],[172136.922,559159.125],[172136.813,559159.188],[172133.781,559155],[172135.563,559153.688],[172136.375,559154.813],[172139.375,559152.563],[172141.656,559155.75],[172141.766,559155.625],[172146.641,559162.375],[172141.766,559165.938]]]}},{"type":"Feature","properties":{"identificatie":"NL.IMBAG.Pand.0091100000008578","oorspronkelijkbouwjaar":1980,"status":"Pand in gebruik","b3_dak_type":"slanted","b3_bouwlagen":3,"b3_h_maaiveld":-0.6389999985694885,"b3_h_nok":8.586403846740723,"b3_n_nok":1,"b3_n_vlakken":3,"b3_opp_grond":58.189998626708984,"b3_opp_dak_plat":9.289999961853027,"b3_opp_dak_schuin":61.290000915527344,"b3_volume_lod22":400.39337158203125,"b3_kwaliteitsindicator":1,"b3_pw_bron":"ahn5","b3_h_goot_nap":5.17,"b3_h_nok_nap":8.77,"goothoogte":5.81,"nokhoogte":9.41},"geometry":{"type":"Polygon","coordinates":[[[172336.172,559318.25],[172331.953,559318.625],[172331.719,559316.313],[172335.938,559315.875],[172335.609,559312.438],[172343.984,559311.5],[172344.547,559317.25],[172336.156,559318.063],[172336.172,559318.25]]]}},{"type":"Feature","properties":{"identificatie":"NL.IMBAG.Pand.0091100000015010","oorspronkelijkbouwjaar":1980,"status":"Pand in gebruik","b3_dak_type":"slanted","b3_bouwlagen":3,"b3_h_maaiveld":-0.38600000739097595,"b3_h_nok":8.941681861877441,"b3_n_nok":1,"b3_n_vlakken":6,"b3_opp_grond":62.09000015258789,"b3_opp_dak_plat":3.9100000858306885,"b3_opp_dak_schuin":72.93000030517578,"b3_volume_lod22":432.91009521484375,"b3_kwaliteitsindicator":1,"b3_pw_bron":"ahn5","b3_h_goot_nap":5.55,"b3_h_nok_nap":9.08,"goothoogte":5.94,"nokhoogte":9.47},"geometry":{"type":"Polygon","coordinates":[[[172235.75,559267.438],[172230.563,559267.563],[172230.484,559265.375],[172235.672,559265.188],[172235.547,559261.313],[172243.969,559261],[172244.156,559267],[172235.75,559267.313],[172235.75,559267.438]]]}},{"type":"Feature","properties":{"identificatie":"NL.IMBAG.Pand.0091100000016141","oorspronkelijkbouwjaar":1978,"status":"Pand in gebruik","b3_dak_type":"multiple horizontal","b3_bouwlagen":2,"b3_h_maaiveld":-0.7390000224113464,"b3_n_nok":0,"b3_n_vlakken":3,"b3_opp_grond":69.6500015258789,"b3_opp_dak_plat":69.66000366210938,"b3_opp_dak_schuin":0,"b3_volume_lod22":356.8528747558594,"b3_kwaliteitsindicator":1,"b3_pw_bron":"ahn5","b3_h_goot_nap":5.35,"b3_h_nok_nap":5.4,"goothoogte":6.09,"nokhoogte":6.14},"geometry":{"type":"Polygon","coordinates":[[[172333.688,559233.5],[172322.047,559234.5],[172321.844,559232.25],[172315.734,559232.813],[172315.516,559230.375],[172333.281,559228.813],[172333.688,559233.5]]]}},{"type":"Feature","properties":{"identificatie":"NL.IMBAG.Pand.0091100000014629","oorspronkelijkbouwjaar":1981,"status":"Pand in gebruik","b3_dak_type":"slanted","b3_bouwlagen":3,"b3_h_maaiveld":-0.7440000176429749,"b3_h_nok":8.58512020111084,"b3_n_nok":1,"b3_n_vlakken":3,"b3_opp_grond":59.810001373291016,"b3_opp_dak_plat":9.430000305175781,"b3_opp_dak_schuin":62.970001220703125,"b3_volume_lod22":418.7196044921875,"b3_kwaliteitsindicator":1,"b3_pw_bron":"ahn5","b3_h_goot_nap":5.2,"b3_h_nok_nap":8.76,"goothoogte":5.94,"nokhoogte":9.5},"geometry":{"type":"Polygon","coordinates":[[[172345.672,559328.563],[172346.25,559334.438],[172333.594,559335.625],[172333.375,559333.25],[172337.594,559332.875],[172337.266,559329.375],[172345.672,559328.563]]]}},{"type":"Feature","properties":{"identificatie":"NL.IMBAG.Pand.0091100000015897","oorspronkelijkbouwjaar":1974,"status":"Pand in gebruik","b3_dak_type":"slanted","b3_bouwlagen":3,"b3_h_maaiveld":-0.6740000247955322,"b3_h_nok":8.222023010253906,"b3_n_nok":1,"b3_n_vlakken":2,"b3_opp_grond":53.31999969482422,"b3_opp_dak_plat":0,"b3_opp_dak_schuin":61.689998626708984,"b3_volume_lod22":399.94952392578125,"b3_kwaliteitsindicator":1,"b3_pw_bron":"ahn5","b3_h_goot_nap":5.4,"b3_h_nok_nap":8.36,"goothoogte":6.07,"nokhoogte":9.03},"geometry":{"type":"Polygon","coordinates":[[[172194.125,559365.625],[172198.203,559369.438],[172191.672,559376.438],[172187.594,559372.625],[172194.125,559365.625]]]}},{"type":"Feature","properties":{"identificatie":"NL.IMBAG.Pand.0091100000014166","oorspronkelijkbouwjaar":1979,"status":"Pand in gebruik","b3_dak_type":"multiple horizontal","b3_bouwlagen":2,"b3_h_maaiveld":-0.5590000152587891,"b3_n_nok":0,"b3_n_vlakken":2,"b3_opp_grond":67.95999908447266,"b3_opp_dak_plat":67.95999908447266,"b3_opp_dak_schuin":0,"b3_volume_lod22":362.1341247558594,"b3_kwaliteitsindicator":1,"b3_pw_bron":"ahn5","b3_h_goot_nap":5.37,"b3_h_nok_nap":5.38,"goothoogte":5.92,"nokhoogte":5.94},"geometry":{"type":"Polygon","coordinates":[[[172324.313,559239],[172316.344,559239.75],[172316.141,559237.375],[172322.25,559236.813],[172322.047,559234.5],[172333.688,559233.5],[172334.078,559238],[172324.313,559238.875],[172324.313,559239]]]}},{"type":"Feature","properties":{"identificatie":"NL.IMBAG.Pand.0091100000014881","oorspronkelijkbouwjaar":1980,"status":"Pand in gebruik","b3_dak_type":"slanted","b3_bouwlagen":3,"b3_h_maaiveld":-0.46399998664855957,"b3_h_nok":9.132107734680176,"b3_n_nok":1,"b3_n_vlakken":4,"b3_opp_grond":70.27999877929688,"b3_opp_dak_plat":0,"b3_opp_dak_schuin":81.37999725341797,"b3_volume_lod22":467.9114990234375,"b3_kwaliteitsindicator":1,"b3_pw_bron":"ahn5","b3_h_goot_nap":5.27,"b3_h_nok_nap":9.32,"goothoogte":5.73,"nokhoogte":9.78},"geometry":{"type":"Polygon","coordinates":[[[172241.234,559192.813],[172238.094,559194.875],[172239.688,559197.375],[172237.828,559198.563],[172236.875,559197.063],[172236.844,559197.063],[172234.969,559194.188],[172235.063,559194.125],[172230.531,559187.125],[172235.563,559183.875],[172240.109,559190.875],[172240.031,559190.938],[172241.234,559192.813]]]}},{"type":"Feature","properties":{"identificatie":"NL.IMBAG.Pand.0091100000009235","oorspronkelijkbouwjaar":1976,"status":"Pand in gebruik","b3_dak_type":"slanted","b3_bouwlagen":3,"b3_h_maaiveld":-0.7139999866485596,"b3_h_nok":8.159436225891113,"b3_n_nok":3,"b3_n_vlakken":5,"b3_opp_grond":62.459999084472656,"b3_opp_dak_plat":9.609999656677246,"b3_opp_dak_schuin":72.37000274658203,"b3_volume_lod22":390.00140380859375,"b3_kwaliteitsindicator":1,"b3_pw_bron":"ahn5","b3_h_goot_nap":2.92,"b3_h_nok_nap":8.49,"goothoogte":3.63,"nokhoogte":9.2},"geometry":{"type":"Polygon","coordinates":[[[172311.203,559382.625],[172308.047,559385.938],[172306.313,559384.25],[172309.453,559380.938],[172307.297,559378.875],[172313.781,559371.938],[172317.703,559375.625],[172311.203,559382.625]]]}},{"type":"Feature","properties":{"identificatie":"NL.IMBAG.Pand.0091100000011481","oorspronkelijkbouwjaar":1977,"status":"Pand in gebruik","b3_dak_type":"slanted","b3_bouwlagen":3,"b3_h_maaiveld":-0.6549999713897705,"b3_h_nok":8.247313499450684,"b3_n_nok":1,"b3_n_vlakken":4,"b3_opp_grond":66.75,"b3_opp_dak_plat":8.739999771118164,"b3_opp_dak_schuin":66.66000366210938,"b3_volume_lod22":443.75677490234375,"b3_kwaliteitsindicator":1,"b3_pw_bron":"ahn5","b3_h_goot_nap":5.1,"b3_h_nok_nap":8.43,"goothoogte":5.76,"nokhoogte":9.08},"geometry":{"type":"Polygon","coordinates":[[[172107.266,559287.813],[172106.484,559285.75],[172112.188,559283.5],[172110.969,559280.375],[172119.844,559276.875],[172121.891,559282.063],[172107.266,559287.813]]]}},{"type":"Feature","properties":{"identificatie":"NL.IMBAG.Pand.0091100000010840","oorspronkelijkbouwjaar":1976,"status":"Pand in gebruik","b3_dak_type":"slanted","b3_bouwlagen":3,"b3_h_maaiveld":-0.6039999723434448,"b3_h_nok":8.157004356384277,"b3_n_nok":3,"b3_n_vlakken":5,"b3_opp_grond":62.5099983215332,"b3_opp_dak_plat":8.680000305175781,"b3_opp_dak_schuin":69.87999725341797,"b3_volume_lod22":383.750244140625,"b3_kwaliteitsindicator":1,"b3_pw_bron":"ahn5","b3_h_goot_nap":2.9,"b3_h_nok_nap":8.57,"goothoogte":3.5,"nokhoogte":9.18},"geometry":{"type":"Polygon","coordinates":[[[172303.375,559375.125],[172300.234,559378.438],[172298.484,559376.75],[172301.625,559373.5],[172299.469,559371.438],[172305.953,559364.438],[172309.875,559368.188],[172303.375,559375.125]]]}},{"type":"Feature","properties":{"identificatie":"NL.IMBAG.Pand.0091100000008648","oorspronkelijkbouwjaar":1977,"status":"Pand in gebruik","b3_dak_type":"slanted","b3_bouwlagen":3,"b3_h_maaiveld":-0.41600000858306885,"b3_h_nok":8.333041191101074,"b3_n_nok":5,"b3_n_vlakken":9,"b3_opp_grond":84.61000061035156,"b3_opp_dak_plat":3.4800000190734863,"b3_opp_dak_schuin":116.83000183105469,"b3_volume_lod22":504.4220275878906,"b3_kwaliteitsindicator":1,"b3_pw_bron":"ahn5","b3_h_goot_nap":2.04,"b3_h_nok_nap":8.66,"goothoogte":2.46,"nokhoogte":9.07},"geometry":{"type":"Polygon","coordinates":[[[172278.469,559166.75],[172274.141,559169.438],[172274.781,559170.5],[172271.266,559172.688],[172267.844,559167.188],[172270.234,559165.688],[172267.703,559161.625],[172273.156,559158.188],[172278.469,559166.75]]]}},{"type":"Feature","properties":{"identificatie":"NL.IMBAG.Pand.0091100000010038","oorspronkelijkbouwjaar":1977,"status":"Pand in gebruik","b3_dak_type":"horizontal","b3_h_maaiveld":-0.5350000262260437,"b3_n_nok":0,"b3_n_vlakken":1,"b3_opp_grond":9.739999771118164,"b3_opp_dak_plat":9.75,"b3_opp_dak_schuin":0,"b3_volume_lod22":21.796859741210938,"b3_kwaliteitsindicator":1,"b3_pw_bron":"ahn5","b3_h_goot_nap":1.62,"b3_h_nok_nap":1.8,"goothoogte":2.15,"nokhoogte":2.34},"geometry":{"type":"Polygon","coordinates":[[[172099.75,559166.938],[172096.828,559169.063],[172095.25,559166.813],[172098.156,559164.75],[172099.75,559166.938]]]}},{"type":"Feature","properties":{"identificatie":"NL.IMBAG.Pand.0091100000015826","oorspronkelijkbouwjaar":1977,"status":"Pand in gebruik","b3_dak_type":"slanted","b3_bouwlagen":3,"b3_h_maaiveld":-0.5720000267028809,"b3_h_nok":8.079171180725098,"b3_n_nok":3,"b3_n_vlakken":5,"b3_opp_grond":62.79999923706055,"b3_opp_dak_plat":9.819999694824219,"b3_opp_dak_schuin":67.37000274658203,"b3_volume_lod22":377.4910583496094,"b3_kwaliteitsindicator":1,"b3_pw_bron":"ahn5","b3_h_goot_nap":2.79,"b3_h_nok_nap":8.3,"goothoogte":3.36,"nokhoogte":8.87},"geometry":{"type":"Polygon","coordinates":[[[172165.391,559291],[172160.078,559292.063],[172157.281,559278.25],[172159.641,559277.813],[172160.531,559282.125],[172163.469,559281.563],[172165.391,559291]]]}},{"type":"Feature","properties":{"identificatie":"NL.IMBAG.Pand.0091100000009530","oorspronkelijkbouwjaar":1978,"status":"Pand in gebruik","b3_dak_type":"unknown","b3_h_maaiveld":-0.6179999709129333,"b3_opp_grond":9.09000015258789,"b3_opp_dak_plat":9.09000015258789,"b3_opp_dak_schuin":0,"b3_volume_lod22":24.64745330810547,"b3_kwaliteitsindicator":1,"b3_pw_bron":"ahn5","b3_h_goot_nap":2.1,"b3_h_nok_nap":2.1,"goothoogte":2.71,"nokhoogte":2.71},"geometry":{"type":"Polygon","coordinates":[[[172230.016,559230.438],[172229.391,559233.688],[172226.703,559233.125],[172227.344,559229.875],[172230.016,559230.438]]]}},{"type":"Feature","properties":{"identificatie":"NL.IMBAG.Pand.0091100000009668","oorspronkelijkbouwjaar":1979,"status":"Pand in gebruik","b3_dak_type":"horizontal","b3_h_maaiveld":-0.7200000286102295,"b3_n_nok":0,"b3_n_vlakken":1,"b3_opp_grond":12.819999694824219,"b3_opp_dak_plat":12.819999694824219,"b3_opp_dak_schuin":0,"b3_volume_lod22":31.52823257446289,"b3_kwaliteitsindicator":1,"b3_pw_bron":"ahn5","b3_h_goot_nap":1.73,"b3_h_nok_nap":1.75,"goothoogte":2.45,"nokhoogte":2.47},"geometry":{"type":"Polygon","coordinates":[[[172290.906,559310.063],[172286.969,559310.5],[172286.656,559307.25],[172290.594,559306.875],[172290.906,559310.063]]]}},{"type":"Feature","properties":{"identificatie":"NL.IMBAG.Pand.0091100000009278","oorspronkelijkbouwjaar":1974,"status":"Pand in gebruik","b3_dak_type":"slanted","b3_bouwlagen":3,"b3_h_maaiveld":-0.4269999861717224,"b3_h_nok":8.239432334899902,"b3_n_nok":1,"b3_n_vlakken":2,"b3_opp_grond":51.81999969482422,"b3_opp_dak_plat":0,"b3_opp_dak_schuin":59.97999954223633,"b3_volume_lod22":376.7437744140625,"b3_kwaliteitsindicator":1,"b3_pw_bron":"ahn5","b3_h_goot_nap":5.3,"b3_h_nok_nap":8.43,"goothoogte":5.73,"nokhoogte":8.86},"geometry":{"type":"Polygon","coordinates":[[[172150.063,559353.438],[172146.391,559357.375],[172139.375,559350.875],[172143.047,559346.875],[172150.063,559353.438]]]}},{"type":"Feature","properties":{"identificatie":"NL.IMBAG.Pand.0091100000015015","oorspronkelijkbouwjaar":1980,"status":"Pand in gebruik","b3_dak_type":"slanted","b3_bouwlagen":3,"b3_h_maaiveld":-0.34200000762939453,"b3_h_nok":8.926363945007324,"b3_n_nok":1,"b3_n_vlakken":5,"b3_opp_grond":61.959999084472656,"b3_opp_dak_plat":0,"b3_opp_dak_schuin":73.08000183105469,"b3_volume_lod22":419.7108154296875,"b3_kwaliteitsindicator":1,"b3_pw_bron":"ahn5","b3_h_goot_nap":5.83,"b3_h_nok_nap":8.91,"goothoogte":6.17,"nokhoogte":9.25},"geometry":{"type":"Polygon","coordinates":[[[172235.953,559273.375],[172230.766,559273.563],[172230.688,559271.375],[172235.875,559271.188],[172235.75,559267.313],[172244.156,559267],[172244.359,559273],[172235.953,559273.313],[172235.953,559273.375]]]}},{"type":"Feature","properties":{"identificatie":"NL.IMBAG.Pand.0091100000019588","oorspronkelijkbouwjaar":1975,"status":"Pand in gebruik","b3_dak_type":"horizontal","b3_h_maaiveld":-0.4880000054836273,"b3_n_nok":0,"b3_n_vlakken":1,"b3_opp_grond":18.450000762939453,"b3_opp_dak_plat":18.450000762939453,"b3_opp_dak_schuin":0,"b3_volume_lod22":50.507869720458984,"b3_kwaliteitsindicator":1,"b3_pw_bron":"ahn5","b3_h_goot_nap":2.19,"b3_h_nok_nap":2.32,"goothoogte":2.68,"nokhoogte":2.8},"geometry":{"type":"Polygon","coordinates":[[[172345.406,559150.688],[172340.203,559153.75],[172338.641,559151.125],[172343.844,559148.063],[172345.406,559150.688]]]}},{"type":"Feature","properties":{"identificatie":"NL.IMBAG.Pand.0091100000004987","oorspronkelijkbouwjaar":1980,"status":"Pand in gebruik","b3_dak_type":"slanted","b3_bouwlagen":3,"b3_h_maaiveld":-0.3319999873638153,"b3_h_nok":8.992813110351562,"b3_n_nok":1,"b3_n_vlakken":5,"b3_opp_grond":61.65999984741211,"b3_opp_dak_plat":13.630000114440918,"b3_opp_dak_schuin":57.619998931884766,"b3_volume_lod22":442.1195373535156,"b3_kwaliteitsindicator":1,"b3_pw_bron":"ahn5","b3_h_goot_nap":2.24,"b3_h_nok_nap":9.22,"goothoogte":2.57,"nokhoogte":9.55},"geometry":{"type":"Polygon","coordinates":[[[172266.313,559209.688],[172261.266,559212.938],[172256.719,559205.938],[172256.641,559206],[172254.859,559203.188],[172254.906,559203.188],[172253.875,559201.625],[172255.734,559200.375],[172258.547,559204.75],[172261.781,559202.688],[172266.313,559209.688]]]}},{"type":"Feature","properties":{"identificatie":"NL.IMBAG.Pand.0091100000018625","oorspronkelijkbouwjaar":1974,"status":"Pand in gebruik","b3_dak_type":"slanted","b3_bouwlagen":3,"b3_h_maaiveld":-0.4169999957084656,"b3_h_nok":8.218086242675781,"b3_n_nok":1,"b3_n_vlakken":3,"b3_opp_grond":51.79999923706055,"b3_opp_dak_plat":0,"b3_opp_dak_schuin":59.93000030517578,"b3_volume_lod22":375.0456848144531,"b3_kwaliteitsindicator":1,"b3_pw_bron":"ahn5","b3_h_goot_nap":5.39,"b3_h_nok_nap":8.37,"goothoogte":5.8,"nokhoogte":8.78},"geometry":{"type":"Polygon","coordinates":[[[172178.313,559350.875],[172171.781,559357.875],[172167.828,559354.188],[172174.359,559347.188],[172178.313,559350.875]]]}},{"type":"Feature","properties":{"identificatie":"NL.IMBAG.Pand.0091100000004983","oorspronkelijkbouwjaar":1980,"status":"Pand in gebruik","b3_dak_type":"slanted","b3_bouwlagen":3,"b3_h_maaiveld":-0.6060000061988831,"b3_h_nok":7.859638214111328,"b3_n_nok":1,"b3_n_vlakken":4,"b3_opp_grond":63.380001068115234,"b3_opp_dak_plat":0,"b3_opp_dak_schuin":74.66000366210938,"b3_volume_lod22":410.8545837402344,"b3_kwaliteitsindicator":1,"b3_pw_bron":"ahn5","b3_h_goot_nap":4.52,"b3_h_nok_nap":8.09,"goothoogte":5.12,"nokhoogte":8.69},"geometry":{"type":"Polygon","coordinates":[[[172261.734,559202.75],[172258.922,559198.375],[172260.781,559197.188],[172263.609,559201.563],[172267.016,559199.313],[172271.531,559206.375],[172266.313,559209.688],[172261.781,559202.688],[172261.734,559202.75]]]}},{"type":"Feature","properties":{"identificatie":"NL.IMBAG.Pand.0091100000017688","oorspronkelijkbouwjaar":1977,"status":"Pand in gebruik","b3_dak_type":"slanted","b3_bouwlagen":3,"b3_h_maaiveld":-0.5770000219345093,"b3_h_nok":8.079580307006836,"b3_n_nok":3,"b3_n_vlakken":5,"b3_opp_grond":62.52000045776367,"b3_opp_dak_plat":9.720000267028809,"b3_opp_dak_schuin":66.80999755859375,"b3_volume_lod22":377.26220703125,"b3_kwaliteitsindicator":1,"b3_pw_bron":"ahn5","b3_h_goot_nap":2.82,"b3_h_nok_nap":8.32,"goothoogte":3.39,"nokhoogte":8.89},"geometry":{"type":"Polygon","coordinates":[[[172160.078,559292.063],[172154.797,559293.125],[172152,559279.313],[172154.344,559278.875],[172155.234,559283.25],[172158.172,559282.625],[172160.078,559292.063]]]}},{"type":"Feature","properties":{"identificatie":"NL.IMBAG.Pand.0091100000017275","oorspronkelijkbouwjaar":1974,"status":"Pand in gebruik","b3_dak_type":"slanted","b3_bouwlagen":3,"b3_h_maaiveld":-0.42100000381469727,"b3_h_nok":8.236680030822754,"b3_n_nok":1,"b3_n_vlakken":2,"b3_opp_grond":51.86000061035156,"b3_opp_dak_plat":0,"b3_opp_dak_schuin":59.9900016784668,"b3_volume_lod22":376.9117431640625,"b3_kwaliteitsindicator":1,"b3_pw_bron":"ahn5","b3_h_goot_nap":5.32,"b3_h_nok_nap":8.43,"goothoogte":5.74,"nokhoogte":8.85},"geometry":{"type":"Polygon","coordinates":[[[172135.344,559369.25],[172131.656,559373.25],[172124.625,559366.688],[172128.313,559362.75],[172135.344,559369.25]]]}},{"type":"Feature","properties":{"identificatie":"NL.IMBAG.Pand.0091100000008590","oorspronkelijkbouwjaar":1980,"status":"Pand in gebruik","b3_dak_type":"slanted","b3_bouwlagen":3,"b3_h_maaiveld":-0.6340000033378601,"b3_h_nok":8.586036682128906,"b3_n_nok":1,"b3_n_vlakken":3,"b3_opp_grond":58.16999816894531,"b3_opp_dak_plat":9.369999885559082,"b3_opp_dak_schuin":60.869998931884766,"b3_volume_lod22":399.66351318359375,"b3_kwaliteitsindicator":1,"b3_pw_bron":"ahn5","b3_h_goot_nap":5.21,"b3_h_nok_nap":8.78,"goothoogte":5.84,"nokhoogte":9.41},"geometry":{"type":"Polygon","coordinates":[[[172336.734,559323.875],[172332.5,559324.313],[172332.266,559321.938],[172336.5,559321.5],[172336.156,559318.063],[172344.547,559317.25],[172345.109,559322.938],[172336.719,559323.75],[172336.734,559323.875]]]}},{"type":"Feature","properties":{"identificatie":"NL.IMBAG.Pand.0091100000006356","oorspronkelijkbouwjaar":1981,"status":"Pand in gebruik","b3_dak_type":"slanted","b3_bouwlagen":3,"b3_h_maaiveld":-0.6370000243186951,"b3_h_nok":8.607935905456543,"b3_n_nok":1,"b3_n_vlakken":3,"b3_opp_grond":57.93000030517578,"b3_opp_dak_plat":8.84000015258789,"b3_opp_dak_schuin":61.40999984741211,"b3_volume_lod22":399.978271484375,"b3_kwaliteitsindicator":1,"b3_pw_bron":"ahn5","b3_h_goot_nap":4.65,"b3_h_nok_nap":8.75,"goothoogte":5.29,"nokhoogte":9.39},"geometry":{"type":"Polygon","coordinates":[[[172308.922,559314],[172308.906,559313.813],[172300.516,559314.688],[172299.984,559309],[172308.359,559308.188],[172308.688,559311.625],[172312.922,559311.25],[172313.156,559313.563],[172308.922,559314]]]}},{"type":"Feature","properties":{"identificatie":"NL.IMBAG.Pand.0091100000009664","oorspronkelijkbouwjaar":1978,"status":"Pand in gebruik","b3_dak_type":"horizontal","b3_h_maaiveld":-0.4569999873638153,"b3_n_nok":0,"b3_n_vlakken":1,"b3_opp_grond":13.829999923706055,"b3_opp_dak_plat":13.829999923706055,"b3_opp_dak_schuin":0,"b3_volume_lod22":30.348316192626953,"b3_kwaliteitsindicator":1,"b3_pw_bron":"ahn5","b3_h_goot_nap":1.69,"b3_h_nok_nap":1.81,"goothoogte":2.14,"nokhoogte":2.27},"geometry":{"type":"Polygon","coordinates":[[[172229.141,559289.313],[172225.141,559289.313],[172225.094,559285.875],[172229.094,559285.813],[172229.141,559289.313]]]}},{"type":"Feature","properties":{"identificatie":"NL.IMBAG.Pand.0091100000006017","oorspronkelijkbouwjaar":1974,"status":"Pand in gebruik","b3_dak_type":"slanted","b3_bouwlagen":3,"b3_h_maaiveld":-0.45100000500679016,"b3_h_nok":8.22661304473877,"b3_n_nok":1,"b3_n_vlakken":2,"b3_opp_grond":51.790000915527344,"b3_opp_dak_plat":0,"b3_opp_dak_schuin":59.959999084472656,"b3_volume_lod22":376.8232421875,"b3_kwaliteitsindicator":1,"b3_pw_bron":"ahn5","b3_h_goot_nap":5.4,"b3_h_nok_nap":8.36,"goothoogte":5.85,"nokhoogte":8.82},"geometry":{"type":"Polygon","coordinates":[[[172190.172,559361.938],[172183.641,559368.938],[172179.688,559365.25],[172186.219,559358.25],[172190.172,559361.938]]]}},{"type":"Feature","properties":{"identificatie":"NL.IMBAG.Pand.0091100000010034","oorspronkelijkbouwjaar":1977,"status":"Pand in gebruik","b3_dak_type":"horizontal","b3_h_maaiveld":-0.5479999780654907,"b3_n_nok":0,"b3_n_vlakken":1,"b3_opp_grond":9.369999885559082,"b3_opp_dak_plat":0,"b3_opp_dak_schuin":9.380000114440918,"b3_volume_lod22":21.715286254882812,"b3_kwaliteitsindicator":1,"b3_pw_bron":"ahn5","b3_h_goot_nap":1.66,"b3_h_nok_nap":1.9,"goothoogte":2.21,"nokhoogte":2.45},"geometry":{"type":"Polygon","coordinates":[[[172109.625,559159.5],[172106.656,559161.688],[172105.141,559159.688],[172108.109,559157.438],[172109.625,559159.5]]]}},{"type":"Feature","properties":{"identificatie":"NL.IMBAG.Pand.0091100000009652","oorspronkelijkbouwjaar":1988,"status":"Pand in gebruik","b3_dak_type":"horizontal","b3_h_maaiveld":-0.7059999704360962,"b3_n_nok":0,"b3_n_vlakken":1,"b3_opp_grond":10.199999809265137,"b3_opp_dak_plat":10.199999809265137,"b3_opp_dak_schuin":0,"b3_volume_lod22":25.507417678833008,"b3_kwaliteitsindicator":1,"b3_pw_bron":"ahn5","b3_h_goot_nap":1.78,"b3_h_nok_nap":1.81,"goothoogte":2.49,"nokhoogte":2.51},"geometry":{"type":"Polygon","coordinates":[[[172223.203,559248.438],[172219.781,559248.563],[172219.672,559245.625],[172223.094,559245.5],[172223.203,559248.438]]]}},{"type":"Feature","properties":{"identificatie":"NL.IMBAG.Pand.0091100000017013","oorspronkelijkbouwjaar":1977,"status":"Pand in gebruik","b3_dak_type":"slanted","b3_bouwlagen":2,"b3_h_maaiveld":-0.5989999771118164,"b3_h_nok":6.163627624511719,"b3_n_nok":1,"b3_n_vlakken":4,"b3_opp_grond":67.41000366210938,"b3_opp_dak_plat":5.739999771118164,"b3_opp_dak_schuin":73.44000244140625,"b3_volume_lod22":336.1440734863281,"b3_kwaliteitsindicator":1,"b3_pw_bron":"ahn5","b3_h_goot_nap":2.33,"b3_h_nok_nap":6.37,"goothoogte":2.93,"nokhoogte":6.97},"geometry":{"type":"Polygon","coordinates":[[[172137.984,559219.188],[172137.719,559218.25],[172128.672,559221],[172126.875,559214.938],[172135.906,559212.25],[172137.359,559217.063],[172140.891,559216],[172141.516,559218.125],[172137.984,559219.188]]]}},{"type":"Feature","properties":{"identificatie":"NL.IMBAG.Pand.0091100000011473","oorspronkelijkbouwjaar":1977,"status":"Pand in gebruik","b3_dak_type":"slanted","b3_bouwlagen":2,"b3_h_maaiveld":-0.45399999618530273,"b3_h_nok":6.198305606842041,"b3_n_nok":1,"b3_n_vlakken":3,"b3_opp_grond":66.88999938964844,"b3_opp_dak_plat":8.279999732971191,"b3_opp_dak_schuin":70.19999694824219,"b3_volume_lod22":322.3847961425781,"b3_kwaliteitsindicator":1,"b3_pw_bron":"ahn5","b3_h_goot_nap":2.96,"b3_h_nok_nap":6.38,"goothoogte":3.41,"nokhoogte":6.83},"geometry":{"type":"Polygon","coordinates":[[[172144.859,559242.625],[172144.609,559241.75],[172135.703,559244.438],[172133.922,559238.438],[172142.938,559235.75],[172144.359,559240.5],[172147.891,559239.438],[172148.516,559241.563],[172144.859,559242.625]]]}},{"type":"Feature","properties":{"identificatie":"NL.IMBAG.Pand.0091100000006033","oorspronkelijkbouwjaar":1977,"status":"Pand in gebruik","b3_dak_type":"horizontal","b3_h_maaiveld":-0.6470000147819519,"b3_n_nok":0,"b3_n_vlakken":1,"b3_opp_grond":6.53000020980835,"b3_opp_dak_plat":6.53000020980835,"b3_opp_dak_schuin":0,"b3_volume_lod22":18.73113250732422,"b3_kwaliteitsindicator":1,"b3_pw_bron":"ahn5","b3_h_goot_nap":2.22,"b3_h_nok_nap":2.23,"goothoogte":2.86,"nokhoogte":2.88},"geometry":{"type":"Polygon","coordinates":[[[172185.547,559374.813],[172183.5,559377],[172181.906,559375.563],[172183.953,559373.375],[172185.547,559374.813]]]}},{"type":"Feature","properties":{"identificatie":"NL.IMBAG.Pand.0091100000008558","oorspronkelijkbouwjaar":1980,"status":"Pand in gebruik","b3_dak_type":"slanted","b3_bouwlagen":3,"b3_h_maaiveld":-0.6349999904632568,"b3_h_nok":8.581326484680176,"b3_n_nok":1,"b3_n_vlakken":3,"b3_opp_grond":58.29999923706055,"b3_opp_dak_plat":9.739999771118164,"b3_opp_dak_schuin":60.439998626708984,"b3_volume_lod22":402.6359558105469,"b3_kwaliteitsindicator":1,"b3_pw_bron":"ahn5","b3_h_goot_nap":2.31,"b3_h_nok_nap":8.82,"goothoogte":2.95,"nokhoogte":9.45},"geometry":{"type":"Polygon","coordinates":[[[172335.063,559306.875],[172330.844,559307.313],[172330.609,559304.938],[172334.828,559304.5],[172334.5,559301.063],[172342.875,559300.188],[172343.438,559305.938],[172335.063,559306.75],[172335.063,559306.875]]]}},{"type":"Feature","properties":{"identificatie":"NL.IMBAG.Pand.0091100000007416","oorspronkelijkbouwjaar":1980,"status":"Pand in gebruik","b3_dak_type":"slanted","b3_bouwlagen":3,"b3_h_maaiveld":-0.6370000243186951,"b3_h_nok":8.609094619750977,"b3_n_nok":1,"b3_n_vlakken":3,"b3_opp_grond":58.06999969482422,"b3_opp_dak_plat":9.199999809265137,"b3_opp_dak_schuin":61.20000076293945,"b3_volume_lod22":398.4518737792969,"b3_kwaliteitsindicator":1,"b3_pw_bron":"ahn5","b3_h_goot_nap":3.45,"b3_h_nok_nap":8.75,"goothoogte":4.09,"nokhoogte":9.38},"geometry":{"type":"Polygon","coordinates":[[[172308.375,559308.313],[172308.359,559308.188],[172299.984,559309],[172299.453,559303.313],[172307.828,559302.5],[172308.156,559305.938],[172312.391,559305.563],[172312.625,559307.938],[172308.375,559308.313]]]}},{"type":"Feature","properties":{"identificatie":"NL.IMBAG.Pand.0091100000003889","oorspronkelijkbouwjaar":1977,"status":"Pand in gebruik","b3_dak_type":"slanted","b3_bouwlagen":3,"b3_h_maaiveld":-0.46000000834465027,"b3_h_nok":8.273283958435059,"b3_n_nok":1,"b3_n_vlakken":3,"b3_opp_grond":60.70000076293945,"b3_opp_dak_plat":8.15999984741211,"b3_opp_dak_schuin":60.900001525878906,"b3_volume_lod22":409.1521301269531,"b3_kwaliteitsindicator":1,"b3_pw_bron":"ahn5","b3_h_goot_nap":5.1,"b3_h_nok_nap":8.46,"goothoogte":5.56,"nokhoogte":8.92},"geometry":{"type":"Polygon","coordinates":[[[172091.391,559247.5],[172090.578,559245.438],[172094.406,559243.938],[172093.234,559240.938],[172102.141,559237.438],[172104.125,559242.5],[172091.391,559247.5]]]}},{"type":"Feature","properties":{"identificatie":"NL.IMBAG.Pand.0091100000009434","oorspronkelijkbouwjaar":1978,"status":"Pand in gebruik","b3_dak_type":"slanted","b3_bouwlagen":3,"b3_h_maaiveld":-0.5519999861717224,"b3_h_nok":7.6891279220581055,"b3_n_nok":3,"b3_n_vlakken":5,"b3_opp_grond":69.13999938964844,"b3_opp_dak_plat":0,"b3_opp_dak_schuin":81.47000122070312,"b3_volume_lod22":413.0254821777344,"b3_kwaliteitsindicator":1,"b3_pw_bron":"ahn5","b3_h_goot_nap":1.91,"b3_h_nok_nap":7.9,"goothoogte":2.46,"nokhoogte":8.45},"geometry":{"type":"Polygon","coordinates":[[[172147.281,559153.25],[172144.234,559149.063],[172142.516,559146.625],[172144.297,559145.313],[172149.078,559152],[172152.359,559149.625],[172157.234,559156.375],[172152.266,559159.938],[172147.391,559153.188],[172147.281,559153.25]]]}},{"type":"Feature","properties":{"identificatie":"NL.IMBAG.Pand.0091100000006951","oorspronkelijkbouwjaar":1978,"status":"Pand in gebruik","b3_dak_type":"slanted","b3_bouwlagen":3,"b3_h_maaiveld":-0.43799999356269836,"b3_h_nok":7.694272518157959,"b3_n_nok":2,"b3_n_vlakken":5,"b3_opp_grond":68.55999755859375,"b3_opp_dak_plat":0,"b3_opp_dak_schuin":79.72000122070312,"b3_volume_lod22":390.0831298828125,"b3_kwaliteitsindicator":1,"b3_pw_bron":"ahn5","b3_h_goot_nap":4.33,"b3_h_nok_nap":7.91,"goothoogte":4.77,"nokhoogte":8.35},"geometry":{"type":"Polygon","coordinates":[[[172115,559186.75],[172110.141,559180],[172110.047,559180.063],[172105.188,559173.313],[172106.984,559172],[172111.844,559178.75],[172115,559176.5],[172119.875,559183.25],[172115,559186.75]]]}},{"type":"Feature","properties":{"identificatie":"NL.IMBAG.Pand.0091100000004669","oorspronkelijkbouwjaar":1977,"status":"Pand in gebruik","b3_dak_type":"slanted","b3_bouwlagen":2,"b3_h_maaiveld":-0.5239999890327454,"b3_h_nok":6.047764301300049,"b3_n_nok":1,"b3_n_vlakken":4,"b3_opp_grond":65.16000366210938,"b3_opp_dak_plat":5.650000095367432,"b3_opp_dak_schuin":68.05000305175781,"b3_volume_lod22":312.98651123046875,"b3_kwaliteitsindicator":1,"b3_pw_bron":"ahn5","b3_h_goot_nap":2.38,"b3_h_nok_nap":6.2,"goothoogte":2.91,"nokhoogte":6.72},"geometry":{"type":"Polygon","coordinates":[[[172158.547,559203.563],[172158.375,559201.313],[172162.016,559201],[172161.609,559195.875],[172170.938,559195.125],[172171.422,559201.25],[172162.094,559201.938],[172162.188,559203.188],[172158.547,559203.563]]]}},{"type":"Feature","properties":{"identificatie":"NL.IMBAG.Pand.0091100000012084","oorspronkelijkbouwjaar":1980,"status":"Pand in gebruik","b3_dak_type":"slanted","b3_bouwlagen":3,"b3_h_maaiveld":-0.4790000021457672,"b3_h_nok":8.957139015197754,"b3_n_nok":1,"b3_n_vlakken":4,"b3_opp_grond":62.7599983215332,"b3_opp_dak_plat":4.230000019073486,"b3_opp_dak_schuin":70.0999984741211,"b3_volume_lod22":436.41534423828125,"b3_kwaliteitsindicator":1,"b3_pw_bron":"ahn5","b3_h_goot_nap":2,"b3_h_nok_nap":9.06,"goothoogte":2.48,"nokhoogte":9.54},"geometry":{"type":"Polygon","coordinates":[[[172212.984,559268.063],[172212.984,559267.938],[172204.688,559268.25],[172204.484,559262.063],[172212.813,559261.813],[172212.953,559265.813],[172218.141,559265.688],[172218.203,559267.875],[172212.984,559268.063]]]}},{"type":"Feature","properties":{"identificatie":"NL.IMBAG.Pand.0091100000002314","oorspronkelijkbouwjaar":1980,"status":"Pand in gebruik","b3_dak_type":"slanted","b3_bouwlagen":3,"b3_h_maaiveld":-0.5339999794960022,"b3_h_nok":9.010111808776855,"b3_n_nok":1,"b3_n_vlakken":6,"b3_opp_grond":105.36000061035156,"b3_opp_dak_plat":0,"b3_opp_dak_schuin":117.05999755859375,"b3_volume_lod22":580.3236694335938,"b3_kwaliteitsindicator":1,"b3_pw_bron":"ahn5","b3_h_goot_nap":2.42,"b3_h_nok_nap":9.23,"goothoogte":2.95,"nokhoogte":9.77},"geometry":{"type":"Polygon","coordinates":[[[172236.844,559197.063],[172233.688,559199.125],[172234.641,559200.625],[172230.844,559203],[172228.859,559201.188],[172224.609,559194.563],[172227.109,559192.938],[172225.438,559190.375],[172230.531,559187.125],[172235.063,559194.125],[172234.969,559194.188],[172236.844,559197.063]]]}},{"type":"Feature","properties":{"identificatie":"NL.IMBAG.Pand.0091100000015925","oorspronkelijkbouwjaar":1980,"status":"Pand in gebruik","b3_dak_type":"slanted","b3_bouwlagen":3,"b3_h_maaiveld":-0.5120000243186951,"b3_h_nok":7.872452735900879,"b3_n_nok":1,"b3_n_vlakken":3,"b3_opp_grond":62.45000076293945,"b3_opp_dak_plat":3.5399999618530273,"b3_opp_dak_schuin":69.37999725341797,"b3_volume_lod22":397.0745849609375,"b3_kwaliteitsindicator":1,"b3_pw_bron":"ahn5","b3_h_goot_nap":2.03,"b3_h_nok_nap":7.83,"goothoogte":2.54,"nokhoogte":8.34},"geometry":{"type":"Polygon","coordinates":[[[172213.594,559286.063],[172213.719,559289.813],[172218.906,559289.625],[172218.984,559291.875],[172205.453,559292.313],[172205.266,559286.188],[172213.563,559285.938],[172213.563,559286.063],[172213.594,559286.063]]]}},{"type":"Feature","properties":{"identificatie":"NL.IMBAG.Pand.0091100000004657","oorspronkelijkbouwjaar":1977,"status":"Pand in gebruik","b3_dak_type":"slanted","b3_bouwlagen":2,"b3_h_maaiveld":-0.46700000762939453,"b3_h_nok":6.055899143218994,"b3_n_nok":1,"b3_n_vlakken":3,"b3_opp_grond":65.13999938964844,"b3_opp_dak_plat":5.590000152587891,"b3_opp_dak_schuin":70.93000030517578,"b3_volume_lod22":309.286376953125,"b3_kwaliteitsindicator":1,"b3_pw_bron":"ahn5","b3_h_goot_nap":2.35,"b3_h_nok_nap":6.2,"goothoogte":2.81,"nokhoogte":6.66},"geometry":{"type":"Polygon","coordinates":[[[172157.578,559191.375],[172157.406,559189.188],[172161.047,559188.813],[172160.641,559183.75],[172169.984,559183],[172170.469,559189.063],[172161.125,559189.813],[172161.219,559191],[172157.578,559191.375]]]}},{"type":"Feature","properties":{"identificatie":"NL.IMBAG.Pand.0091100000012679","oorspronkelijkbouwjaar":1980,"status":"Pand in gebruik","b3_dak_type":"slanted","b3_bouwlagen":3,"b3_h_maaiveld":-0.5540000200271606,"b3_h_nok":7.810999393463135,"b3_n_nok":2,"b3_n_vlakken":3,"b3_opp_grond":82.26000213623047,"b3_opp_dak_plat":0,"b3_opp_dak_schuin":93.75,"b3_volume_lod22":456.5322570800781,"b3_kwaliteitsindicator":1,"b3_pw_bron":"ahn5","b3_h_goot_nap":1.99,"b3_h_nok_nap":8.13,"goothoogte":2.54,"nokhoogte":8.68},"geometry":{"type":"Polygon","coordinates":[[[172244.891,559243.75],[172243.625,559249.75],[172230.313,559246.938],[172231.563,559241.063],[172236.656,559242.125],[172236.672,559242.063],[172244.891,559243.75]]]}},{"type":"Feature","properties":{"identificatie":"NL.IMBAG.Pand.0091100000006085","oorspronkelijkbouwjaar":1974,"status":"Pand in gebruik","b3_dak_type":"slanted","b3_bouwlagen":3,"b3_h_maaiveld":-0.46299999952316284,"b3_h_nok":8.240752220153809,"b3_n_nok":1,"b3_n_vlakken":2,"b3_opp_grond":51.849998474121094,"b3_opp_dak_plat":0,"b3_opp_dak_schuin":59.939998626708984,"b3_volume_lod22":378.8377380371094,"b3_kwaliteitsindicator":1,"b3_pw_bron":"ahn5","b3_h_goot_nap":5.33,"b3_h_nok_nap":8.43,"goothoogte":5.79,"nokhoogte":8.89},"geometry":{"type":"Polygon","coordinates":[[[172142.703,559361.313],[172139.016,559365.313],[172132,559358.75],[172135.688,559354.813],[172142.703,559361.313]]]}},{"type":"Feature","properties":{"identificatie":"NL.IMBAG.Pand.0091100000006342","oorspronkelijkbouwjaar":1980,"status":"Pand in gebruik","b3_dak_type":"slanted","b3_bouwlagen":3,"b3_h_maaiveld":-0.34700000286102295,"b3_h_nok":7.862791061401367,"b3_n_nok":1,"b3_n_vlakken":5,"b3_opp_grond":71.19999694824219,"b3_opp_dak_plat":12.739999771118164,"b3_opp_dak_schuin":69.73999786376953,"b3_volume_lod22":412.14544677734375,"b3_kwaliteitsindicator":1,"b3_pw_bron":"ahn5","b3_h_goot_nap":2.66,"b3_h_nok_nap":7.82,"goothoogte":3.01,"nokhoogte":8.17},"geometry":{"type":"Polygon","coordinates":[[[172212.453,559251.75],[172212.453,559251.688],[172204.156,559251.938],[172203.953,559245.938],[172212.25,559245.688],[172212.266,559245.75],[172214.844,559245.688],[172215,559249.438],[172217.609,559249.375],[172217.672,559251.563],[172212.453,559251.75]]]}},{"type":"Feature","properties":{"identificatie":"NL.IMBAG.Pand.0091100000007428","oorspronkelijkbouwjaar":1980,"status":"Pand in gebruik","b3_dak_type":"slanted","b3_bouwlagen":3,"b3_h_maaiveld":-0.6309999823570251,"b3_h_nok":8.598001480102539,"b3_n_nok":1,"b3_n_vlakken":3,"b3_opp_grond":57.90999984741211,"b3_opp_dak_plat":10.09000015258789,"b3_opp_dak_schuin":60.16999816894531,"b3_volume_lod22":396.2588806152344,"b3_kwaliteitsindicator":1,"b3_pw_bron":"ahn5","b3_h_goot_nap":2.35,"b3_h_nok_nap":8.74,"goothoogte":2.98,"nokhoogte":9.37},"geometry":{"type":"Polygon","coordinates":[[[172309.453,559319.688],[172309.438,559319.5],[172301.047,559320.25],[172300.516,559314.688],[172308.906,559313.813],[172309.234,559317.313],[172313.469,559316.875],[172313.688,559319.25],[172309.453,559319.688]]]}},{"type":"Feature","properties":{"identificatie":"NL.IMBAG.Pand.0091100000007293","oorspronkelijkbouwjaar":1979,"status":"Pand in gebruik","b3_dak_type":"horizontal","b3_bouwlagen":2,"b3_h_maaiveld":-0.2639999985694885,"b3_n_nok":0,"b3_n_vlakken":1,"b3_opp_grond":52.970001220703125,"b3_opp_dak_plat":52.970001220703125,"b3_opp_dak_schuin":0,"b3_volume_lod22":298.8023681640625,"b3_kwaliteitsindicator":1,"b3_pw_bron":"ahn5","b3_h_goot_nap":5.35,"b3_h_nok_nap":5.4,"goothoogte":5.62,"nokhoogte":5.66},"geometry":{"type":"Polygon","coordinates":[[[172302.859,559259.063],[172291.266,559260.125],[172290.844,559255.625],[172302.438,559254.563],[172302.859,559259.063]]]}},{"type":"Feature","properties":{"identificatie":"NL.IMBAG.Pand.0091100000013498","oorspronkelijkbouwjaar":1978,"status":"Pand in gebruik","b3_dak_type":"multiple horizontal","b3_bouwlagen":2,"b3_h_maaiveld":-0.5569999814033508,"b3_n_nok":0,"b3_n_vlakken":2,"b3_opp_grond":66.5999984741211,"b3_opp_dak_plat":65.4000015258789,"b3_opp_dak_schuin":0,"b3_volume_lod22":355.1549072265625,"b3_kwaliteitsindicator":1,"b3_pw_bron":"ahn5","b3_h_goot_nap":5.36,"b3_h_nok_nap":5.37,"goothoogte":5.92,"nokhoogte":5.93},"geometry":{"type":"Polygon","coordinates":[[[172321.766,559243.75],[172321.75,559243.625],[172318.563,559243.875],[172318.375,559241.75],[172324.516,559241.188],[172324.313,559238.875],[172334.078,559238],[172334.063,559237.875],[172335.875,559237.688],[172336.313,559242.375],[172326.578,559243.188],[172321.766,559243.75]]]}},{"type":"Feature","properties":{"identificatie":"NL.IMBAG.Pand.0091100000009538","oorspronkelijkbouwjaar":1999,"status":"Pand in gebruik","b3_dak_type":"slanted","b3_h_maaiveld":-0.5789999961853027,"b3_h_nok":2.333247661590576,"b3_n_nok":1,"b3_n_vlakken":2,"b3_opp_grond":10.739999771118164,"b3_opp_dak_plat":0,"b3_opp_dak_schuin":12.229999542236328,"b3_volume_lod22":27.477365493774414,"b3_kwaliteitsindicator":1,"b3_pw_bron":"ahn5","b3_h_goot_nap":1.5,"b3_h_nok_nap":2.32,"goothoogte":2.08,"nokhoogte":2.9},"geometry":{"type":"Polygon","coordinates":[[[172223.297,559241.75],[172219.063,559241.938],[172218.953,559239.375],[172223.188,559239.25],[172223.297,559241.75]]]}},{"type":"Feature","properties":{"identificatie":"NL.IMBAG.Pand.0091100000016526","oorspronkelijkbouwjaar":1980,"status":"Pand in gebruik","b3_dak_type":"slanted","b3_bouwlagen":3,"b3_h_maaiveld":-0.41200000047683716,"b3_h_nok":8.941768646240234,"b3_n_nok":1,"b3_n_vlakken":5,"b3_opp_grond":61.900001525878906,"b3_opp_dak_plat":0,"b3_opp_dak_schuin":73.0999984741211,"b3_volume_lod22":427.3350524902344,"b3_kwaliteitsindicator":1,"b3_pw_bron":"ahn5","b3_h_goot_nap":4.43,"b3_h_nok_nap":9.12,"goothoogte":4.84,"nokhoogte":9.53},"geometry":{"type":"Polygon","coordinates":[[[172248.625,559226.125],[172247.375,559232],[172239.109,559230.313],[172239.094,559230.375],[172234.063,559229.313],[172234.516,559227.125],[172239.594,559228.25],[172240.406,559224.438],[172248.625,559226.125]]]}},{"type":"Feature","properties":{"identificatie":"NL.IMBAG.Pand.0091100000002320","oorspronkelijkbouwjaar":1977,"status":"Pand in gebruik","b3_dak_type":"horizontal","b3_h_maaiveld":-0.49799999594688416,"b3_n_nok":0,"b3_n_vlakken":1,"b3_opp_grond":6.519999980926514,"b3_opp_dak_plat":6.519999980926514,"b3_opp_dak_schuin":0,"b3_volume_lod22":18.058303833007812,"b3_kwaliteitsindicator":0,"b3_pw_bron":"ahn3","b3_h_goot_nap":2.26,"b3_h_nok_nap":2.29,"goothoogte":2.76,"nokhoogte":2.78},"geometry":{"type":"Polygon","coordinates":[[[172144.891,559363.375],[172146.375,559361.75],[172148.563,559363.813],[172147.094,559365.438],[172144.891,559363.375]]]}},{"type":"Feature","properties":{"identificatie":"NL.IMBAG.Pand.0091100000012354","oorspronkelijkbouwjaar":1978,"status":"Pand in gebruik","b3_dak_type":"slanted","b3_bouwlagen":3,"b3_h_maaiveld":-0.6010000109672546,"b3_h_nok":8.878288269042969,"b3_n_nok":1,"b3_n_vlakken":4,"b3_opp_grond":77.55999755859375,"b3_opp_dak_plat":0,"b3_opp_dak_schuin":89.48999786376953,"b3_volume_lod22":486.4984436035156,"b3_kwaliteitsindicator":1,"b3_pw_bron":"ahn5","b3_h_goot_nap":2.54,"b3_h_nok_nap":9.05,"goothoogte":3.14,"nokhoogte":9.65},"geometry":{"type":"Polygon","coordinates":[[[172136.906,559169.438],[172131.922,559173],[172124.016,559162],[172125.828,559160.75],[172126.578,559161.75],[172129.609,559159.5],[172131.938,559162.75],[172132.047,559162.625],[172136.906,559169.438]]]}},{"type":"Feature","properties":{"identificatie":"NL.IMBAG.Pand.0091100000002260","oorspronkelijkbouwjaar":1977,"status":"Pand in gebruik","b3_dak_type":"horizontal","b3_h_maaiveld":-0.8140000104904175,"b3_n_nok":0,"b3_n_vlakken":1,"b3_opp_grond":6.429999828338623,"b3_opp_dak_plat":6.429999828338623,"b3_opp_dak_schuin":0,"b3_volume_lod22":19.372718811035156,"b3_kwaliteitsindicator":1,"b3_pw_bron":"ahn5","b3_h_goot_nap":2.18,"b3_h_nok_nap":2.23,"goothoogte":3,"nokhoogte":3.04},"geometry":{"type":"Polygon","coordinates":[[[172139.719,559373.313],[172138.266,559374.875],[172136.063,559372.875],[172137.516,559371.313],[172139.719,559373.313]]]}},{"type":"Feature","properties":{"identificatie":"NL.IMBAG.Pand.0091100000006497","oorspronkelijkbouwjaar":1977,"status":"Pand in gebruik","b3_dak_type":"slanted","b3_bouwlagen":2,"b3_h_maaiveld":-0.5170000195503235,"b3_h_nok":6.061904430389404,"b3_n_nok":1,"b3_n_vlakken":4,"b3_opp_grond":67.44000244140625,"b3_opp_dak_plat":8.1899995803833,"b3_opp_dak_schuin":71.05000305175781,"b3_volume_lod22":323.1507568359375,"b3_kwaliteitsindicator":1,"b3_pw_bron":"ahn5","b3_h_goot_nap":2.83,"b3_h_nok_nap":6.22,"goothoogte":3.35,"nokhoogte":6.73},"geometry":{"type":"Polygon","coordinates":[[[172159.516,559215.688],[172159.344,559213.438],[172162.984,559213.125],[172162.578,559208.063],[172171.906,559207.313],[172172.391,559213.563],[172163.266,559214.375],[172163.344,559215.313],[172159.516,559215.688]]]}},{"type":"Feature","properties":{"identificatie":"NL.IMBAG.Pand.0091100000009846","oorspronkelijkbouwjaar":1977,"status":"Pand in gebruik","b3_dak_type":"horizontal","b3_h_maaiveld":-0.7089999914169312,"b3_n_nok":0,"b3_n_vlakken":1,"b3_opp_grond":7.429999828338623,"b3_opp_dak_plat":7.429999828338623,"b3_opp_dak_schuin":0,"b3_volume_lod22":18.89004135131836,"b3_kwaliteitsindicator":1,"b3_pw_bron":"ahn3","b3_h_goot_nap":1.81,"b3_h_nok_nap":1.85,"goothoogte":2.52,"nokhoogte":2.56},"geometry":{"type":"Polygon","coordinates":[[[172295.859,559298.688],[172292.844,559298.938],[172292.641,559296.5],[172295.672,559296.25],[172295.859,559298.688]]]}},{"type":"Feature","properties":{"identificatie":"NL.IMBAG.Pand.0091100000015921","oorspronkelijkbouwjaar":1980,"status":"Pand in gebruik","b3_dak_type":"slanted","b3_bouwlagen":3,"b3_h_maaiveld":-0.43799999356269836,"b3_h_nok":7.82009744644165,"b3_n_nok":1,"b3_n_vlakken":5,"b3_opp_grond":67.4000015258789,"b3_opp_dak_plat":4.25,"b3_opp_dak_schuin":74.62999725341797,"b3_volume_lod22":398.9853820800781,"b3_kwaliteitsindicator":1,"b3_pw_bron":"ahn5","b3_h_goot_nap":1.49,"b3_h_nok_nap":7.96,"goothoogte":1.93,"nokhoogte":8.4},"geometry":{"type":"Polygon","coordinates":[[[172221.281,559285.813],[172213.594,559286.063],[172213.563,559286.063],[172213.563,559285.938],[172205.266,559286.188],[172205.078,559280.188],[172213.375,559279.938],[172213.375,559280.063],[172213.406,559280.063],[172213.516,559283.813],[172218.734,559283.625],[172218.719,559283.5],[172221.203,559283.438],[172221.281,559285.813]]]}},{"type":"Feature","properties":{"identificatie":"NL.IMBAG.Pand.0091100000006478","oorspronkelijkbouwjaar":1976,"status":"Pand in gebruik","b3_dak_type":"slanted","b3_bouwlagen":3,"b3_h_maaiveld":-0.5659999847412109,"b3_h_nok":8.17328929901123,"b3_n_nok":1,"b3_n_vlakken":5,"b3_opp_grond":62.0099983215332,"b3_opp_dak_plat":10.199999809265137,"b3_opp_dak_schuin":66.16000366210938,"b3_volume_lod22":375.0624694824219,"b3_kwaliteitsindicator":1,"b3_pw_bron":"ahn5","b3_h_goot_nap":2.81,"b3_h_nok_nap":8.43,"goothoogte":3.37,"nokhoogte":8.99},"geometry":{"type":"Polygon","coordinates":[[[172260.219,559367.688],[172253.641,559374.5],[172249.703,559370.813],[172256.281,559364],[172258.469,559366.063],[172261.594,559362.75],[172263.344,559364.375],[172260.219,559367.688]]]}},{"type":"Feature","properties":{"identificatie":"NL.IMBAG.Pand.0091100000010767","oorspronkelijkbouwjaar":1980,"status":"Pand in gebruik","b3_dak_type":"slanted","b3_bouwlagen":3,"b3_h_maaiveld":-0.5809999704360962,"b3_h_nok":8.584552764892578,"b3_n_nok":1,"b3_n_vlakken":3,"b3_opp_grond":58.689998626708984,"b3_opp_dak_plat":9.420000076293945,"b3_opp_dak_schuin":61.630001068115234,"b3_volume_lod22":401.7869567871094,"b3_kwaliteitsindicator":1,"b3_pw_bron":"ahn5","b3_h_goot_nap":5.13,"b3_h_nok_nap":8.73,"goothoogte":5.72,"nokhoogte":9.31},"geometry":{"type":"Polygon","coordinates":[[[172307.578,559325.563],[172301.594,559326.125],[172301.047,559320.25],[172309.438,559319.5],[172309.766,559323],[172313.984,559322.563],[172314.203,559324.875],[172307.563,559325.438],[172307.578,559325.563]]]}},{"type":"Feature","properties":{"identificatie":"NL.IMBAG.Pand.0091100000018882","oorspronkelijkbouwjaar":1978,"status":"Pand in gebruik","b3_dak_type":"multiple horizontal","b3_bouwlagen":2,"b3_h_maaiveld":-0.3779999911785126,"b3_n_nok":0,"b3_n_vlakken":2,"b3_opp_grond":52.5,"b3_opp_dak_plat":52.380001068115234,"b3_opp_dak_schuin":0,"b3_volume_lod22":277.3469543457031,"b3_kwaliteitsindicator":1,"b3_pw_bron":"ahn5","b3_h_goot_nap":5.35,"b3_h_nok_nap":5.4,"goothoogte":5.73,"nokhoogte":5.78},"geometry":{"type":"Polygon","coordinates":[[[172338.5,559246.688],[172327.063,559247.75],[172326.578,559243.188],[172336.313,559242.375],[172336.297,559242.25],[172338.094,559242.063],[172338.5,559246.688]]]}},{"type":"Feature","properties":{"identificatie":"NL.IMBAG.Pand.0091100000009656","oorspronkelijkbouwjaar":1978,"status":"Pand in gebruik","b3_dak_type":"slanted","b3_h_maaiveld":-0.6970000267028809,"b3_n_nok":0,"b3_n_vlakken":2,"b3_opp_grond":14.859999656677246,"b3_opp_dak_plat":14.869999885559082,"b3_opp_dak_schuin":0,"b3_volume_lod22":45.685829162597656,"b3_kwaliteitsindicator":1,"b3_pw_bron":"ahn5","b3_h_goot_nap":2.34,"b3_h_nok_nap":2.44,"goothoogte":3.04,"nokhoogte":3.14},"geometry":{"type":"Polygon","coordinates":[[[172233.844,559251.375],[172229.141,559251.375],[172229.109,559248.25],[172233.813,559248.188],[172233.844,559251.375]]]}},{"type":"Feature","properties":{"identificatie":"NL.IMBAG.Pand.0091100000003481","oorspronkelijkbouwjaar":1981,"status":"Pand in gebruik","b3_dak_type":"slanted","b3_bouwlagen":3,"b3_h_maaiveld":-0.6150000095367432,"b3_h_nok":8.572677612304688,"b3_n_nok":1,"b3_n_vlakken":3,"b3_opp_grond":57.45000076293945,"b3_opp_dak_plat":9.819999694824219,"b3_opp_dak_schuin":59.099998474121094,"b3_volume_lod22":394.80010986328125,"b3_kwaliteitsindicator":1,"b3_pw_bron":"ahn5","b3_h_goot_nap":4.74,"b3_h_nok_nap":8.72,"goothoogte":5.35,"nokhoogte":9.34},"geometry":{"type":"Polygon","coordinates":[[[172317.031,559336.125],[172317.016,559336],[172308.625,559336.813],[172308.109,559331.188],[172316.5,559330.438],[172316.813,559333.75],[172321.031,559333.375],[172321.266,559335.75],[172317.031,559336.125]]]}},{"type":"Feature","properties":{"identificatie":"NL.IMBAG.Pand.0091100000009091","oorspronkelijkbouwjaar":1980,"status":"Pand in gebruik","b3_dak_type":"slanted","b3_bouwlagen":3,"b3_h_maaiveld":-0.7409999966621399,"b3_h_nok":8.589056968688965,"b3_n_nok":1,"b3_n_vlakken":3,"b3_opp_grond":58.91999816894531,"b3_opp_dak_plat":9.59000015258789,"b3_opp_dak_schuin":61.16999816894531,"b3_volume_lod22":411.1457214355469,"b3_kwaliteitsindicator":1,"b3_pw_bron":"ahn5","b3_h_goot_nap":5.22,"b3_h_nok_nap":8.77,"goothoogte":5.96,"nokhoogte":9.51},"geometry":{"type":"Polygon","coordinates":[[[172334.516,559301.188],[172330.281,559301.625],[172330.047,559299.25],[172334.281,559298.813],[172333.891,559295.25],[172342.297,559294.438],[172342.875,559300.188],[172334.5,559301.063],[172334.516,559301.188]]]}},{"type":"Feature","properties":{"identificatie":"NL.IMBAG.Pand.0091100000003924","oorspronkelijkbouwjaar":1978,"status":"Pand in gebruik","b3_dak_type":"slanted","b3_bouwlagen":3,"b3_h_maaiveld":-0.4399999976158142,"b3_h_nok":8.85038948059082,"b3_n_nok":1,"b3_n_vlakken":6,"b3_opp_grond":75.51000213623047,"b3_opp_dak_plat":22.239999771118164,"b3_opp_dak_schuin":69.33000183105469,"b3_volume_lod22":467.73016357421875,"b3_kwaliteitsindicator":1,"b3_pw_bron":"ahn5","b3_h_goot_nap":2.5,"b3_h_nok_nap":9.05,"goothoogte":2.94,"nokhoogte":9.49},"geometry":{"type":"Polygon","coordinates":[[[172110.172,559190.25],[172105.266,559193.813],[172100.406,559187],[172100.297,559187.063],[172097.266,559182.875],[172099.047,559181.563],[172100,559182.875],[172103.031,559180.625],[172105.172,559183.563],[172105.281,559183.5],[172110.172,559190.25]]]}},{"type":"Feature","properties":{"identificatie":"NL.IMBAG.Pand.0091100000009878","oorspronkelijkbouwjaar":1977,"status":"Pand in gebruik","b3_dak_type":"horizontal","b3_h_maaiveld":-0.5860000252723694,"b3_n_nok":0,"b3_n_vlakken":1,"b3_opp_grond":8.6899995803833,"b3_opp_dak_plat":0,"b3_opp_dak_schuin":8.699999809265137,"b3_volume_lod22":19.590551376342773,"b3_kwaliteitsindicator":1,"b3_pw_bron":"ahn5","b3_h_goot_nap":1.57,"b3_h_nok_nap":1.78,"goothoogte":2.16,"nokhoogte":2.37},"geometry":{"type":"Polygon","coordinates":[[[172150.75,559221.188],[172147.734,559222.063],[172146.984,559219.375],[172150,559218.5],[172150.75,559221.188]]]}},{"type":"Feature","properties":{"identificatie":"NL.IMBAG.Pand.0091100000008560","oorspronkelijkbouwjaar":1976,"status":"Pand in gebruik","b3_dak_type":"slanted","b3_bouwlagen":3,"b3_h_maaiveld":-0.6150000095367432,"b3_h_nok":8.165487289428711,"b3_n_nok":1,"b3_n_vlakken":5,"b3_opp_grond":62.45000076293945,"b3_opp_dak_plat":10.140000343322754,"b3_opp_dak_schuin":67.80000305175781,"b3_volume_lod22":380.04547119140625,"b3_kwaliteitsindicator":1,"b3_pw_bron":"ahn5","b3_h_goot_nap":2.9,"b3_h_nok_nap":8.51,"goothoogte":3.51,"nokhoogte":9.12},"geometry":{"type":"Polygon","coordinates":[[[172283.219,559358.688],[172280.094,559362],[172278.344,559360.313],[172281.484,559357],[172279.297,559354.938],[172285.797,559348],[172289.703,559351.75],[172283.219,559358.688]]]}},{"type":"Feature","properties":{"identificatie":"NL.IMBAG.Pand.0091100000018252","oorspronkelijkbouwjaar":1977,"status":"Pand in gebruik","b3_dak_type":"slanted","b3_bouwlagen":2,"b3_h_maaiveld":-0.4909999966621399,"b3_h_nok":6.16640567779541,"b3_n_nok":1,"b3_n_vlakken":4,"b3_opp_grond":65.61000061035156,"b3_opp_dak_plat":5.670000076293945,"b3_opp_dak_schuin":71.37000274658203,"b3_volume_lod22":318.60577392578125,"b3_kwaliteitsindicator":1,"b3_pw_bron":"ahn5","b3_h_goot_nap":2.26,"b3_h_nok_nap":6.34,"goothoogte":2.75,"nokhoogte":6.83},"geometry":{"type":"Polygon","coordinates":[[[172148.078,559267.125],[172147.781,559266.125],[172138.734,559268.813],[172137.016,559263],[172146.063,559260.313],[172147.453,559265],[172150.969,559263.938],[172151.594,559266.063],[172148.078,559267.125]]]}},{"type":"Feature","properties":{"identificatie":"NL.IMBAG.Pand.0091100000018257","oorspronkelijkbouwjaar":1974,"status":"Pand in gebruik","b3_dak_type":"slanted","b3_bouwlagen":3,"b3_h_maaiveld":-0.49300000071525574,"b3_h_nok":8.239799499511719,"b3_n_nok":1,"b3_n_vlakken":2,"b3_opp_grond":51.83000183105469,"b3_opp_dak_plat":0,"b3_opp_dak_schuin":59.959999084472656,"b3_volume_lod22":380.48992919921875,"b3_kwaliteitsindicator":1,"b3_pw_bron":"ahn5","b3_h_goot_nap":5.3,"b3_h_nok_nap":8.43,"goothoogte":5.8,"nokhoogte":8.93},"geometry":{"type":"Polygon","coordinates":[[[172146.391,559357.375],[172142.703,559361.313],[172135.688,559354.813],[172139.375,559350.875],[172146.391,559357.375]]]}},{"type":"Feature","properties":{"identificatie":"NL.IMBAG.Pand.1900100010088984","oorspronkelijkbouwjaar":2021,"status":"Pand in gebruik","b3_dak_type":"horizontal","b3_h_maaiveld":-0.6359999775886536,"b3_n_nok":0,"b3_n_vlakken":1,"b3_opp_grond":8.979999542236328,"b3_opp_dak_plat":8.979999542236328,"b3_opp_dak_schuin":0,"b3_volume_lod22":23.45175552368164,"b3_kwaliteitsindicator":1,"b3_pw_bron":"ahn5","b3_h_goot_nap":1.95,"b3_h_nok_nap":2.01,"goothoogte":2.59,"nokhoogte":2.65},"geometry":{"type":"Polygon","coordinates":[[[172131.516,559146.188],[172129.406,559143.375],[172131.438,559141.813],[172133.547,559144.688],[172131.516,559146.188]]]}},{"type":"Feature","properties":{"identificatie":"NL.IMBAG.Pand.0091100000009596","oorspronkelijkbouwjaar":2005,"status":"Pand in gebruik","b3_dak_type":"slanted","b3_h_maaiveld":-0.6420000195503235,"b3_h_nok":2.292945623397827,"b3_n_nok":1,"b3_n_vlakken":2,"b3_opp_grond":15.449999809265137,"b3_opp_dak_plat":0,"b3_opp_dak_schuin":16.3700008392334,"b3_volume_lod22":39.84372329711914,"b3_kwaliteitsindicator":1,"b3_pw_bron":"ahn5","b3_h_goot_nap":1.39,"b3_h_nok_nap":2.42,"goothoogte":2.03,"nokhoogte":3.07},"geometry":{"type":"Polygon","coordinates":[[[172125.328,559159.625],[172122.484,559161.75],[172119.891,559158.188],[172122.734,559156.125],[172125.328,559159.625]]]}},{"type":"Feature","properties":{"identificatie":"NL.IMBAG.Pand.0091100000003920","oorspronkelijkbouwjaar":1974,"status":"Pand in gebruik","b3_dak_type":"slanted","b3_bouwlagen":3,"b3_h_maaiveld":-0.5450000166893005,"b3_h_nok":8.194315910339355,"b3_n_nok":1,"b3_n_vlakken":3,"b3_opp_grond":60.939998626708984,"b3_opp_dak_plat":8.920000076293945,"b3_opp_dak_schuin":59.91999816894531,"b3_volume_lod22":409.88970947265625,"b3_kwaliteitsindicator":1,"b3_pw_bron":"ahn5","b3_h_goot_nap":5.2,"b3_h_nok_nap":8.35,"goothoogte":5.75,"nokhoogte":8.89},"geometry":{"type":"Polygon","coordinates":[[[172119.188,559388.813],[172117.969,559394.125],[172108.594,559392.063],[172104.547,559391.125],[172105.047,559389],[172109.094,559389.938],[172109.828,559386.813],[172119.188,559388.813]]]}},{"type":"Feature","properties":{"identificatie":"NL.IMBAG.Pand.0091100000003061","oorspronkelijkbouwjaar":1978,"status":"Pand in gebruik","b3_dak_type":"horizontal","b3_h_maaiveld":-0.6110000014305115,"b3_n_nok":0,"b3_n_vlakken":1,"b3_opp_grond":10.59000015258789,"b3_opp_dak_plat":10.59000015258789,"b3_opp_dak_schuin":0,"b3_volume_lod22":31.62060546875,"b3_kwaliteitsindicator":1,"b3_pw_bron":"ahn5","b3_h_goot_nap":2.37,"b3_h_nok_nap":2.39,"goothoogte":2.98,"nokhoogte":3},"geometry":{"type":"Polygon","coordinates":[[[172329.734,559265.875],[172326.547,559266.188],[172326.25,559262.875],[172329.453,559262.625],[172329.734,559265.875]]]}},{"type":"Feature","properties":{"identificatie":"NL.IMBAG.Pand.0091100000018615","oorspronkelijkbouwjaar":1977,"status":"Pand in gebruik","b3_dak_type":"slanted","b3_bouwlagen":2,"b3_h_maaiveld":-0.5070000290870667,"b3_h_nok":6.056346893310547,"b3_n_nok":1,"b3_n_vlakken":4,"b3_opp_grond":65.80000305175781,"b3_opp_dak_plat":7.090000152587891,"b3_opp_dak_schuin":69.68000030517578,"b3_volume_lod22":315.8383483886719,"b3_kwaliteitsindicator":1,"b3_pw_bron":"ahn5","b3_h_goot_nap":2.85,"b3_h_nok_nap":6.21,"goothoogte":3.36,"nokhoogte":6.72},"geometry":{"type":"Polygon","coordinates":[[[172157.078,559185.125],[172156.906,559182.938],[172160.547,559182.563],[172160.156,559177.688],[172169.484,559176.813],[172169.984,559183],[172160.641,559183.75],[172160.734,559184.813],[172157.078,559185.125]]]}},{"type":"Feature","properties":{"identificatie":"NL.IMBAG.Pand.0091100000008618","oorspronkelijkbouwjaar":1978,"status":"Pand in gebruik","b3_dak_type":"horizontal","b3_h_maaiveld":-0.6230000257492065,"b3_n_nok":0,"b3_n_vlakken":1,"b3_opp_grond":10.359999656677246,"b3_opp_dak_plat":10.289999961853027,"b3_opp_dak_schuin":0,"b3_volume_lod22":31.082216262817383,"b3_kwaliteitsindicator":1,"b3_pw_bron":"ahn5","b3_h_goot_nap":2.36,"b3_h_nok_nap":2.41,"goothoogte":2.98,"nokhoogte":3.04},"geometry":{"type":"Polygon","coordinates":[[[172328.953,559270.5],[172326.938,559270.688],[172326.656,559267.438],[172329.828,559267.125],[172330.109,559270.25],[172328.953,559270.375],[172328.953,559270.5]]]}},{"type":"Feature","properties":{"identificatie":"NL.IMBAG.Pand.0091100000008876","oorspronkelijkbouwjaar":1976,"status":"Pand in gebruik","b3_dak_type":"slanted","b3_bouwlagen":3,"b3_h_maaiveld":-0.5440000295639038,"b3_h_nok":8.156878471374512,"b3_n_nok":3,"b3_n_vlakken":6,"b3_opp_grond":61.630001068115234,"b3_opp_dak_plat":11.039999961853027,"b3_opp_dak_schuin":64.66000366210938,"b3_volume_lod22":368.9190979003906,"b3_kwaliteitsindicator":1,"b3_pw_bron":"ahn5","b3_h_goot_nap":2.79,"b3_h_nok_nap":8.4,"goothoogte":3.33,"nokhoogte":8.94},"geometry":{"type":"Polygon","coordinates":[[[172256.281,559364],[172249.703,559370.813],[172245.859,559367.188],[172252.344,559360.313],[172254.516,559362.313],[172257.641,559359.063],[172259.406,559360.688],[172256.281,559364]]]}},{"type":"Feature","properties":{"identificatie":"NL.IMBAG.Pand.0091100000018964","oorspronkelijkbouwjaar":1977,"status":"Pand in gebruik","b3_dak_type":"slanted","b3_bouwlagen":2,"b3_h_maaiveld":-0.47200000286102295,"b3_h_nok":6.032780170440674,"b3_n_nok":1,"b3_n_vlakken":4,"b3_opp_grond":65.52999877929688,"b3_opp_dak_plat":5.349999904632568,"b3_opp_dak_schuin":70.80999755859375,"b3_volume_lod22":310.38836669921875,"b3_kwaliteitsindicator":1,"b3_pw_bron":"ahn5","b3_h_goot_nap":2.34,"b3_h_nok_nap":6.2,"goothoogte":2.81,"nokhoogte":6.67},"geometry":{"type":"Polygon","coordinates":[[[172163.25,559237.563],[172163.078,559235.313],[172166.734,559234.938],[172166.344,559230.063],[172175.719,559229.25],[172176.203,559235.375],[172166.828,559236.125],[172166.906,559237.188],[172163.25,559237.563]]]}},{"type":"Feature","properties":{"identificatie":"NL.IMBAG.Pand.0091100000007202","oorspronkelijkbouwjaar":1979,"status":"Pand in gebruik","b3_dak_type":"slanted","b3_bouwlagen":2,"b3_h_maaiveld":-0.37599998712539673,"b3_n_nok":0,"b3_n_vlakken":3,"b3_opp_grond":53.43000030517578,"b3_opp_dak_plat":53.45000076293945,"b3_opp_dak_schuin":0,"b3_volume_lod22":288.13006591796875,"b3_kwaliteitsindicator":1,"b3_pw_bron":"ahn5","b3_h_goot_nap":5.4,"b3_h_nok_nap":5.56,"goothoogte":5.78,"nokhoogte":5.94},"geometry":{"type":"Polygon","coordinates":[[[172302.438,559254.563],[172290.844,559255.625],[172290.422,559250.938],[172294.906,559250.563],[172294.922,559250.688],[172302.031,559250.063],[172302.438,559254.563]]]}},{"type":"Feature","properties":{"identificatie":"NL.IMBAG.Pand.0091100000009696","oorspronkelijkbouwjaar":1977,"status":"Pand in gebruik","b3_dak_type":"slanted","b3_h_maaiveld":-0.8790000081062317,"b3_h_nok":2.048952102661133,"b3_n_nok":1,"b3_n_vlakken":2,"b3_opp_grond":16.639999389648438,"b3_opp_dak_plat":0,"b3_opp_dak_schuin":17.030000686645508,"b3_volume_lod22":44.6652946472168,"b3_kwaliteitsindicator":1,"b3_pw_bron":"ahn5","b3_h_goot_nap":1.44,"b3_h_nok_nap":2.09,"goothoogte":2.32,"nokhoogte":2.97},"geometry":{"type":"Polygon","coordinates":[[[172251.906,559338.875],[172249.391,559341.75],[172246.125,559338.875],[172248.641,559336],[172251.906,559338.875]]]}},{"type":"Feature","properties":{"identificatie":"NL.IMBAG.Pand.0091100000010763","oorspronkelijkbouwjaar":1976,"status":"Pand in gebruik","b3_dak_type":"slanted","b3_bouwlagen":3,"b3_h_maaiveld":-0.675000011920929,"b3_h_nok":8.161782264709473,"b3_n_nok":3,"b3_n_vlakken":6,"b3_opp_grond":62.58000183105469,"b3_opp_dak_plat":9.59000015258789,"b3_opp_dak_schuin":68.29000091552734,"b3_volume_lod22":385.1639099121094,"b3_kwaliteitsindicator":1,"b3_pw_bron":"ahn5","b3_h_goot_nap":2.87,"b3_h_nok_nap":8.45,"goothoogte":3.55,"nokhoogte":9.13},"geometry":{"type":"Polygon","coordinates":[[[172307.297,559378.875],[172304.156,559382.188],[172302.406,559380.5],[172305.547,559377.188],[172303.375,559375.125],[172309.875,559368.188],[172313.781,559371.938],[172307.297,559378.875]]]}},{"type":"Feature","properties":{"identificatie":"NL.IMBAG.Pand.0091100000019046","oorspronkelijkbouwjaar":1978,"status":"Pand in gebruik","b3_dak_type":"horizontal","b3_h_maaiveld":-0.5879999995231628,"b3_n_nok":0,"b3_n_vlakken":1,"b3_opp_grond":10.569999694824219,"b3_opp_dak_plat":10.319999694824219,"b3_opp_dak_schuin":0,"b3_volume_lod22":31.399179458618164,"b3_kwaliteitsindicator":1,"b3_pw_bron":"ahn5","b3_h_goot_nap":2.36,"b3_h_nok_nap":2.4,"goothoogte":2.95,"nokhoogte":2.99},"geometry":{"type":"Polygon","coordinates":[[[172310.047,559263.125],[172306.859,559263.438],[172306.563,559260.125],[172309.734,559259.813],[172310.047,559263.125]]]}},{"type":"Feature","properties":{"identificatie":"NL.IMBAG.Pand.0091100000017693","oorspronkelijkbouwjaar":1977,"status":"Pand in gebruik","b3_dak_type":"horizontal","b3_h_maaiveld":-0.4970000088214874,"b3_n_nok":0,"b3_n_vlakken":1,"b3_opp_grond":6.460000038146973,"b3_opp_dak_plat":6.460000038146973,"b3_opp_dak_schuin":0,"b3_volume_lod22":17.482847213745117,"b3_kwaliteitsindicator":1,"b3_pw_bron":"ahn5","b3_h_goot_nap":2.2,"b3_h_nok_nap":2.22,"goothoogte":2.69,"nokhoogte":2.72},"geometry":{"type":"Polygon","coordinates":[[[172161.813,559352.688],[172163.391,559354.188],[172161.344,559356.375],[172159.766,559354.875],[172161.813,559352.688]]]}},{"type":"Feature","properties":{"identificatie":"NL.IMBAG.Pand.0091100000009458","oorspronkelijkbouwjaar":1977,"status":"Pand in gebruik","b3_dak_type":"horizontal","b3_h_maaiveld":-0.4959999918937683,"b3_n_nok":0,"b3_n_vlakken":1,"b3_opp_grond":6.659999847412109,"b3_opp_dak_plat":6.659999847412109,"b3_opp_dak_schuin":0,"b3_volume_lod22":17.9969482421875,"b3_kwaliteitsindicator":1,"b3_pw_bron":"ahn5","b3_h_goot_nap":2.19,"b3_h_nok_nap":2.22,"goothoogte":2.68,"nokhoogte":2.71},"geometry":{"type":"Polygon","coordinates":[[[172152.25,559355.438],[172153.766,559353.813],[172155.953,559355.875],[172154.453,559357.5],[172152.25,559355.438]]]}},{"type":"Feature","properties":{"identificatie":"NL.IMBAG.Pand.0091100000014876","oorspronkelijkbouwjaar":1980,"status":"Pand in gebruik","b3_dak_type":"slanted","b3_bouwlagen":3,"b3_h_maaiveld":-0.5709999799728394,"b3_h_nok":8.943096160888672,"b3_n_nok":1,"b3_n_vlakken":6,"b3_opp_grond":76.54000091552734,"b3_opp_dak_plat":17.84000015258789,"b3_opp_dak_schuin":70.18000030517578,"b3_volume_lod22":490.513916015625,"b3_kwaliteitsindicator":1,"b3_pw_bron":"ahn5","b3_h_goot_nap":2.63,"b3_h_nok_nap":8.9,"goothoogte":3.2,"nokhoogte":9.47},"geometry":{"type":"Polygon","coordinates":[[[172235.547,559261.438],[172230.359,559261.563],[172230.281,559259.375],[172232.203,559259.313],[172232.063,559255.313],[172235.375,559255.125],[172243.766,559254.875],[172243.969,559261],[172235.547,559261.313],[172235.547,559261.438]]]}},{"type":"Feature","properties":{"identificatie":"NL.IMBAG.Pand.0091100000006013","oorspronkelijkbouwjaar":1977,"status":"Pand in gebruik","b3_dak_type":"horizontal","b3_h_maaiveld":-0.6579999923706055,"b3_n_nok":0,"b3_n_vlakken":1,"b3_opp_grond":6.429999828338623,"b3_opp_dak_plat":6.429999828338623,"b3_opp_dak_schuin":0,"b3_volume_lod22":18.488611221313477,"b3_kwaliteitsindicator":1,"b3_pw_bron":"ahn5","b3_h_goot_nap":2.2,"b3_h_nok_nap":2.24,"goothoogte":2.86,"nokhoogte":2.9},"geometry":{"type":"Polygon","coordinates":[[[172185.547,559374.813],[172187.125,559376.313],[172185.078,559378.5],[172183.5,559377],[172185.547,559374.813]]]}},{"type":"Feature","properties":{"identificatie":"NL.IMBAG.Pand.0091100000006955","oorspronkelijkbouwjaar":1978,"status":"Pand in gebruik","b3_dak_type":"slanted","b3_bouwlagen":3,"b3_h_maaiveld":-0.4659999907016754,"b3_h_nok":7.700047969818115,"b3_n_nok":1,"b3_n_vlakken":3,"b3_opp_grond":61.45000076293945,"b3_opp_dak_plat":3.990000009536743,"b3_opp_dak_schuin":68.63999938964844,"b3_volume_lod22":377.2521057128906,"b3_kwaliteitsindicator":1,"b3_pw_bron":"ahn5","b3_h_goot_nap":4.34,"b3_h_nok_nap":7.93,"goothoogte":4.8,"nokhoogte":8.39},"geometry":{"type":"Polygon","coordinates":[[[172115,559186.75],[172110.172,559190.25],[172105.281,559183.5],[172105.172,559183.563],[172102.125,559179.375],[172103.922,559178.063],[172106.969,559182.25],[172110.141,559180],[172115,559186.75]]]}},{"type":"Feature","properties":{"identificatie":"NL.IMBAG.Pand.0091100000006462","oorspronkelijkbouwjaar":1976,"status":"Pand in gebruik","b3_dak_type":"slanted","b3_bouwlagen":3,"b3_h_maaiveld":-0.5669999718666077,"b3_h_nok":8.115872383117676,"b3_n_nok":3,"b3_n_vlakken":5,"b3_opp_grond":62.52000045776367,"b3_opp_dak_plat":9.539999961853027,"b3_opp_dak_schuin":68.72000122070312,"b3_volume_lod22":379.1418762207031,"b3_kwaliteitsindicator":1,"b3_pw_bron":"ahn5","b3_h_goot_nap":2.9,"b3_h_nok_nap":8.54,"goothoogte":3.46,"nokhoogte":9.11},"geometry":{"type":"Polygon","coordinates":[[[172263.688,559340],[172260.531,559343.313],[172258.781,559341.625],[172261.938,559338.313],[172259.766,559336.25],[172266.25,559329.313],[172270.156,559333.063],[172263.688,559340]]]}},{"type":"Feature","properties":{"identificatie":"NL.IMBAG.Pand.0091100000004536","oorspronkelijkbouwjaar":1978,"status":"Pand in gebruik","b3_dak_type":"slanted","b3_bouwlagen":3,"b3_h_maaiveld":-0.492000013589859,"b3_h_nok":8.828536987304688,"b3_n_nok":1,"b3_n_vlakken":5,"b3_opp_grond":61.61000061035156,"b3_opp_dak_plat":3.7899999618530273,"b3_opp_dak_schuin":69.25,"b3_volume_lod22":423.80352783203125,"b3_kwaliteitsindicator":1,"b3_pw_bron":"ahn5","b3_h_goot_nap":5.3,"b3_h_nok_nap":9.08,"goothoogte":5.79,"nokhoogte":9.57},"geometry":{"type":"Polygon","coordinates":[[[172141.766,559165.938],[172136.906,559169.438],[172132.047,559162.625],[172131.938,559162.75],[172128.891,559158.5],[172130.719,559157.188],[172133.75,559161.438],[172136.922,559159.125],[172141.766,559165.938]]]}},{"type":"Feature","properties":{"identificatie":"NL.IMBAG.Pand.0091100000010026","oorspronkelijkbouwjaar":1977,"status":"Pand in gebruik","b3_dak_type":"horizontal","b3_h_maaiveld":-0.6349999904632568,"b3_n_nok":0,"b3_n_vlakken":1,"b3_opp_grond":8.479999542236328,"b3_opp_dak_plat":0,"b3_opp_dak_schuin":8.5,"b3_volume_lod22":20.912546157836914,"b3_kwaliteitsindicator":1,"b3_pw_bron":"ahn5","b3_h_goot_nap":1.74,"b3_h_nok_nap":1.91,"goothoogte":2.38,"nokhoogte":2.54},"geometry":{"type":"Polygon","coordinates":[[[172133.547,559144.688],[172131.656,559142.125],[172133.766,559140.5],[172135.688,559143.063],[172133.547,559144.688]]]}},{"type":"Feature","properties":{"identificatie":"NL.IMBAG.Pand.0091100000012914","oorspronkelijkbouwjaar":1980,"status":"Pand in gebruik","b3_dak_type":"slanted","b3_bouwlagen":3,"b3_h_maaiveld":-0.38999998569488525,"b3_h_nok":8.949819564819336,"b3_n_nok":1,"b3_n_vlakken":5,"b3_opp_grond":61.63999938964844,"b3_opp_dak_plat":0.03999999910593033,"b3_opp_dak_schuin":73.13999938964844,"b3_volume_lod22":420.3746337890625,"b3_kwaliteitsindicator":1,"b3_pw_bron":"ahn5","b3_h_goot_nap":5.29,"b3_h_nok_nap":9.15,"goothoogte":5.68,"nokhoogte":9.54},"geometry":{"type":"Polygon","coordinates":[[[172221.266,559209.125],[172219.313,559212.375],[172223.766,559215.063],[172222.609,559216.938],[172218.125,559214.25],[172218.172,559214.188],[172211.078,559209.75],[172214.172,559204.688],[172221.266,559209.063],[172221.234,559209.125],[172221.266,559209.125]]]}},{"type":"Feature","properties":{"identificatie":"NL.IMBAG.Pand.0091100000014205","oorspronkelijkbouwjaar":1974,"status":"Pand in gebruik","b3_dak_type":"slanted","b3_bouwlagen":3,"b3_h_maaiveld":-0.4309999942779541,"b3_h_nok":8.223907470703125,"b3_n_nok":1,"b3_n_vlakken":3,"b3_opp_grond":51.790000915527344,"b3_opp_dak_plat":0,"b3_opp_dak_schuin":59.970001220703125,"b3_volume_lod22":376.09625244140625,"b3_kwaliteitsindicator":1,"b3_pw_bron":"ahn5","b3_h_goot_nap":5.38,"b3_h_nok_nap":8.37,"goothoogte":5.81,"nokhoogte":8.8},"geometry":{"type":"Polygon","coordinates":[[[172174.359,559347.188],[172167.828,559354.188],[172163.875,559350.5],[172170.406,559343.5],[172174.359,559347.188]]]}},{"type":"Feature","properties":{"identificatie":"NL.IMBAG.Pand.0091100000008570","oorspronkelijkbouwjaar":1980,"status":"Pand in gebruik","b3_dak_type":"slanted","b3_bouwlagen":3,"b3_h_maaiveld":-0.6299999952316284,"b3_h_nok":8.561266899108887,"b3_n_nok":1,"b3_n_vlakken":3,"b3_opp_grond":57.900001525878906,"b3_opp_dak_plat":9.529999732971191,"b3_opp_dak_schuin":60.38999938964844,"b3_volume_lod22":399.0093994140625,"b3_kwaliteitsindicator":1,"b3_pw_bron":"ahn5","b3_h_goot_nap":5.28,"b3_h_nok_nap":8.86,"goothoogte":5.91,"nokhoogte":9.49},"geometry":{"type":"Polygon","coordinates":[[[172335.625,559312.563],[172331.359,559313],[172331.156,559310.625],[172335.391,559310.188],[172335.063,559306.75],[172343.438,559305.938],[172343.984,559311.5],[172335.609,559312.438],[172335.625,559312.563]]]}},{"type":"Feature","properties":{"identificatie":"NL.IMBAG.Pand.0091100000009446","oorspronkelijkbouwjaar":1977,"status":"Pand in gebruik","b3_dak_type":"slanted","b3_bouwlagen":2,"b3_h_maaiveld":-0.5839999914169312,"b3_h_nok":6.148102760314941,"b3_n_nok":1,"b3_n_vlakken":3,"b3_opp_grond":67.2699966430664,"b3_opp_dak_plat":8.59000015258789,"b3_opp_dak_schuin":70.12999725341797,"b3_volume_lod22":331.977783203125,"b3_kwaliteitsindicator":1,"b3_pw_bron":"ahn5","b3_h_goot_nap":2.97,"b3_h_nok_nap":6.36,"goothoogte":3.56,"nokhoogte":6.94},"geometry":{"type":"Polygon","coordinates":[[[172140.516,559274.813],[172138.734,559268.813],[172147.781,559266.125],[172149.156,559270.813],[172152.688,559269.75],[172153.313,559271.875],[172149.625,559273],[172149.375,559272.188],[172140.516,559274.813]]]}},{"type":"Feature","properties":{"identificatie":"NL.IMBAG.Pand.0091100000019042","oorspronkelijkbouwjaar":1978,"status":"Pand in gebruik","b3_dak_type":"horizontal","b3_h_maaiveld":-0.593999981880188,"b3_n_nok":0,"b3_n_vlakken":1,"b3_opp_grond":10.5,"b3_opp_dak_plat":10.5,"b3_opp_dak_schuin":0,"b3_volume_lod22":31.322582244873047,"b3_kwaliteitsindicator":1,"b3_pw_bron":"ahn5","b3_h_goot_nap":2.38,"b3_h_nok_nap":2.39,"goothoogte":2.98,"nokhoogte":2.99},"geometry":{"type":"Polygon","coordinates":[[[172310.453,559267.625],[172307.266,559267.938],[172306.984,559264.625],[172310.156,559264.375],[172310.453,559267.625]]]}},{"type":"Feature","properties":{"identificatie":"NL.IMBAG.Pand.0091100000009660","oorspronkelijkbouwjaar":1978,"status":"Pand in gebruik","b3_dak_type":"slanted","b3_h_maaiveld":-0.7649999856948853,"b3_h_nok":2.759504795074463,"b3_n_nok":1,"b3_n_vlakken":2,"b3_opp_grond":17.1200008392334,"b3_opp_dak_plat":0,"b3_opp_dak_schuin":20.270000457763672,"b3_volume_lod22":51.283729553222656,"b3_kwaliteitsindicator":1,"b3_pw_bron":"ahn5","b3_h_goot_nap":1.52,"b3_h_nok_nap":2.74,"goothoogte":2.28,"nokhoogte":3.5},"geometry":{"type":"Polygon","coordinates":[[[172228.203,559261.813],[172224.781,559261.938],[172224.625,559256.938],[172228.047,559256.813],[172228.203,559261.813]]]}},{"type":"Feature","properties":{"identificatie":"NL.IMBAG.Pand.0091100000012675","oorspronkelijkbouwjaar":1980,"status":"Pand in gebruik","b3_dak_type":"slanted","b3_bouwlagen":3,"b3_h_maaiveld":-0.49399998784065247,"b3_h_nok":7.791425704956055,"b3_n_nok":1,"b3_n_vlakken":3,"b3_opp_grond":62.790000915527344,"b3_opp_dak_plat":4.150000095367432,"b3_opp_dak_schuin":69.86000061035156,"b3_volume_lod22":394.8077697753906,"b3_kwaliteitsindicator":1,"b3_pw_bron":"ahn5","b3_h_goot_nap":2.21,"b3_h_nok_nap":7.92,"goothoogte":2.7,"nokhoogte":8.41},"geometry":{"type":"Polygon","coordinates":[[[172244.766,559285],[172244.953,559291.063],[172231.359,559291.563],[172231.281,559289.313],[172236.484,559289.188],[172236.344,559285.25],[172244.766,559285]]]}},{"type":"Feature","properties":{"identificatie":"NL.IMBAG.Pand.0091100000004570","oorspronkelijkbouwjaar":1977,"status":"Pand in gebruik","b3_dak_type":"slanted","b3_bouwlagen":3,"b3_h_maaiveld":-0.5600000023841858,"b3_h_nok":8.09346866607666,"b3_n_nok":3,"b3_n_vlakken":5,"b3_opp_grond":66.66999816894531,"b3_opp_dak_plat":10.670000076293945,"b3_opp_dak_schuin":70.48999786376953,"b3_volume_lod22":403.59326171875,"b3_kwaliteitsindicator":1,"b3_pw_bron":"ahn5","b3_h_goot_nap":2.75,"b3_h_nok_nap":8.31,"goothoogte":3.31,"nokhoogte":8.87},"geometry":{"type":"Polygon","coordinates":[[[172173.188,559275.063],[172175.547,559274.563],[172176.438,559278.938],[172179.766,559278.25],[172181.688,559287.688],[172175.984,559288.813],[172173.188,559275.063]]]}},{"type":"Feature","properties":{"identificatie":"NL.IMBAG.Pand.0091100000005008","oorspronkelijkbouwjaar":1977,"status":"Pand in gebruik","b3_dak_type":"slanted","b3_bouwlagen":3,"b3_h_maaiveld":-0.5379999876022339,"b3_h_nok":8.244725227355957,"b3_n_nok":1,"b3_n_vlakken":4,"b3_opp_grond":59.68000030517578,"b3_opp_dak_plat":8.770000457763672,"b3_opp_dak_schuin":58.93000030517578,"b3_volume_lod22":403.6348876953125,"b3_kwaliteitsindicator":1,"b3_pw_bron":"ahn5","b3_h_goot_nap":5.26,"b3_h_nok_nap":8.44,"goothoogte":5.8,"nokhoogte":8.98},"geometry":{"type":"Polygon","coordinates":[[[172101.109,559255.313],[172095.344,559257.563],[172094.531,559255.5],[172098.344,559254],[172097.172,559251],[172106.094,559247.5],[172107.984,559252.313],[172101.063,559255.188],[172101.109,559255.313]]]}},{"type":"Feature","properties":{"identificatie":"NL.IMBAG.Pand.0091100000017523","oorspronkelijkbouwjaar":1978,"status":"Pand in gebruik","b3_dak_type":"slanted","b3_bouwlagen":3,"b3_h_maaiveld":-0.5920000076293945,"b3_h_nok":7.72005558013916,"b3_n_nok":1,"b3_n_vlakken":4,"b3_opp_grond":76.83999633789062,"b3_opp_dak_plat":4.630000114440918,"b3_opp_dak_schuin":87.61000061035156,"b3_volume_lod22":445.0250244140625,"b3_kwaliteitsindicator":1,"b3_pw_bron":"ahn5","b3_h_goot_nap":2.01,"b3_h_nok_nap":7.94,"goothoogte":2.6,"nokhoogte":8.54},"geometry":{"type":"Polygon","coordinates":[[[172123.938,559178.625],[172119.875,559172.938],[172119.781,559173.063],[172115.938,559167.688],[172117.703,559166.438],[172118.688,559167.75],[172121.875,559165.375],[172124.016,559168.313],[172128.906,559175.063],[172123.938,559178.625]]]}},{"type":"Feature","properties":{"identificatie":"NL.IMBAG.Pand.0091100000003469","oorspronkelijkbouwjaar":1981,"status":"Pand in gebruik","b3_dak_type":"slanted","b3_bouwlagen":3,"b3_h_maaiveld":-0.6389999985694885,"b3_h_nok":8.596193313598633,"b3_n_nok":1,"b3_n_vlakken":3,"b3_opp_grond":58.959999084472656,"b3_opp_dak_plat":8.800000190734863,"b3_opp_dak_schuin":71.08999633789062,"b3_volume_lod22":406.318359375,"b3_kwaliteitsindicator":1,"b3_pw_bron":"ahn5","b3_h_goot_nap":2.73,"b3_h_nok_nap":8.76,"goothoogte":3.36,"nokhoogte":9.4},"geometry":{"type":"Polygon","coordinates":[[[172308.109,559331.188],[172307.563,559325.438],[172314.203,559324.875],[172314.188,559324.688],[172315.938,559324.5],[172316.281,559328.063],[172320.516,559327.688],[172320.719,559330.063],[172308.109,559331.188]]]}},{"type":"Feature","properties":{"identificatie":"NL.IMBAG.Pand.0091100000008993","oorspronkelijkbouwjaar":1978,"status":"Pand in gebruik","b3_dak_type":"slanted","b3_bouwlagen":3,"b3_h_maaiveld":-0.42500001192092896,"b3_n_nok":0,"b3_n_vlakken":5,"b3_opp_grond":61.58000183105469,"b3_opp_dak_plat":7.630000114440918,"b3_opp_dak_schuin":66.5199966430664,"b3_volume_lod22":389.19036865234375,"b3_kwaliteitsindicator":1,"b3_pw_bron":"ahn5","b3_h_goot_nap":2.03,"b3_h_nok_nap":7.91,"goothoogte":2.45,"nokhoogte":8.33},"geometry":{"type":"Polygon","coordinates":[[[172152.266,559159.938],[172147.297,559163.563],[172146.531,559162.5],[172146.641,559162.375],[172141.766,559155.625],[172141.656,559155.75],[172139.375,559152.563],[172141.172,559151.25],[172144.219,559155.5],[172147.391,559153.188],[172152.266,559159.938]]]}},{"type":"Feature","properties":{"identificatie":"NL.IMBAG.Pand.0091100000015830","oorspronkelijkbouwjaar":1977,"status":"Pand in gebruik","b3_dak_type":"slanted","b3_bouwlagen":2,"b3_h_maaiveld":-0.5899999737739563,"b3_h_nok":6.009819984436035,"b3_n_nok":1,"b3_n_vlakken":4,"b3_opp_grond":67.1500015258789,"b3_opp_dak_plat":6.570000171661377,"b3_opp_dak_schuin":71.63999938964844,"b3_volume_lod22":326.12213134765625,"b3_kwaliteitsindicator":1,"b3_pw_bron":"ahn5","b3_h_goot_nap":2.65,"b3_h_nok_nap":6.17,"goothoogte":3.24,"nokhoogte":6.76},"geometry":{"type":"Polygon","coordinates":[[[172162.281,559225.438],[172162.109,559223.25],[172165.766,559222.875],[172165.359,559217.813],[172174.703,559216.875],[172175.219,559223.188],[172165.859,559224],[172165.938,559225.063],[172162.281,559225.438]]]}},{"type":"Feature","properties":{"identificatie":"NL.IMBAG.Pand.0091100000006943","oorspronkelijkbouwjaar":1977,"status":"Pand in gebruik","b3_dak_type":"slanted","b3_bouwlagen":3,"b3_h_maaiveld":-0.5590000152587891,"b3_h_nok":8.265534400939941,"b3_n_nok":1,"b3_n_vlakken":3,"b3_opp_grond":60.70000076293945,"b3_opp_dak_plat":7.96999979019165,"b3_opp_dak_schuin":61.11000061035156,"b3_volume_lod22":415.39788818359375,"b3_kwaliteitsindicator":1,"b3_pw_bron":"ahn5","b3_h_goot_nap":4.99,"b3_h_nok_nap":8.68,"goothoogte":5.55,"nokhoogte":9.24},"geometry":{"type":"Polygon","coordinates":[[[172107.156,559282],[172106.313,559280],[172110.219,559278.5],[172108.984,559275.375],[172117.875,559271.875],[172119.844,559276.875],[172110.969,559280.375],[172111.016,559280.5],[172107.156,559282]]]}},{"type":"Feature","properties":{"identificatie":"NL.IMBAG.Pand.0091100000018617","oorspronkelijkbouwjaar":1974,"status":"Pand in gebruik","b3_dak_type":"slanted","b3_bouwlagen":3,"b3_h_maaiveld":-0.375,"b3_h_nok":8.22948932647705,"b3_n_nok":1,"b3_n_vlakken":3,"b3_opp_grond":53.31999969482422,"b3_opp_dak_plat":0,"b3_opp_dak_schuin":61.7599983215332,"b3_volume_lod22":384.11083984375,"b3_kwaliteitsindicator":1,"b3_pw_bron":"ahn5","b3_h_goot_nap":5.38,"b3_h_nok_nap":8.38,"goothoogte":5.76,"nokhoogte":8.76},"geometry":{"type":"Polygon","coordinates":[[[172170.406,559343.5],[172163.875,559350.5],[172159.797,559346.688],[172166.328,559339.688],[172170.406,559343.5]]]}},{"type":"Feature","properties":{"identificatie":"NL.IMBAG.Pand.0091100000006990","oorspronkelijkbouwjaar":1977,"status":"Pand in gebruik","b3_dak_type":"slanted","b3_bouwlagen":3,"b3_h_maaiveld":-0.5239999890327454,"b3_h_nok":8.257177352905273,"b3_n_nok":1,"b3_n_vlakken":3,"b3_opp_grond":60.63999938964844,"b3_opp_dak_plat":8.699999809265137,"b3_opp_dak_schuin":60.220001220703125,"b3_volume_lod22":411.0379333496094,"b3_kwaliteitsindicator":1,"b3_pw_bron":"ahn5","b3_h_goot_nap":5.27,"b3_h_nok_nap":8.46,"goothoogte":5.8,"nokhoogte":8.99},"geometry":{"type":"Polygon","coordinates":[[[172103.219,559272],[172102.406,559269.938],[172106.266,559268.438],[172105.094,559265.438],[172113.984,559261.938],[172115.953,559267],[172103.219,559272]]]}},{"type":"Feature","properties":{"identificatie":"NL.IMBAG.Pand.0091100000014250","oorspronkelijkbouwjaar":1977,"status":"Pand in gebruik","b3_dak_type":"slanted","b3_bouwlagen":2,"b3_h_maaiveld":-0.5440000295639038,"b3_h_nok":6.042718410491943,"b3_n_nok":1,"b3_n_vlakken":4,"b3_opp_grond":65.61000061035156,"b3_opp_dak_plat":5.170000076293945,"b3_opp_dak_schuin":69.18000030517578,"b3_volume_lod22":315.5062561035156,"b3_kwaliteitsindicator":1,"b3_pw_bron":"ahn5","b3_h_goot_nap":2.34,"b3_h_nok_nap":6.2,"goothoogte":2.88,"nokhoogte":6.74},"geometry":{"type":"Polygon","coordinates":[[[172165.203,559261.875],[172165.016,559259.688],[172168.688,559259.313],[172168.281,559254.313],[172177.703,559253.563],[172178.188,559259.625],[172168.766,559260.375],[172168.859,559261.5],[172165.203,559261.875]]]}},{"type":"Feature","properties":{"identificatie":"NL.IMBAG.Pand.0091100000009464","oorspronkelijkbouwjaar":1976,"status":"Pand in gebruik","b3_dak_type":"slanted","b3_bouwlagen":3,"b3_h_maaiveld":-0.6140000224113464,"b3_h_nok":8.172593116760254,"b3_n_nok":3,"b3_n_vlakken":5,"b3_opp_grond":61.84000015258789,"b3_opp_dak_plat":9.149999618530273,"b3_opp_dak_schuin":68.41999816894531,"b3_volume_lod22":377.63580322265625,"b3_kwaliteitsindicator":1,"b3_pw_bron":"ahn5","b3_h_goot_nap":2.92,"b3_h_nok_nap":8.55,"goothoogte":3.53,"nokhoogte":9.16},"geometry":{"type":"Polygon","coordinates":[[[172317.594,559391.438],[172317.516,559391.375],[172315.734,559393.25],[172314.094,559391.688],[172317.25,559388.375],[172315.125,559386.313],[172321.609,559379.375],[172325.656,559383.25],[172324.172,559384.75],[172324.078,559384.688],[172317.594,559391.438]]]}},{"type":"Feature","properties":{"identificatie":"NL.IMBAG.Pand.0091100000008652","oorspronkelijkbouwjaar":1977,"status":"Pand in gebruik","b3_dak_type":"slanted","b3_bouwlagen":3,"b3_h_maaiveld":-0.37599998712539673,"b3_h_nok":8.30384349822998,"b3_n_nok":4,"b3_n_vlakken":7,"b3_opp_grond":104.81999969482422,"b3_opp_dak_plat":0,"b3_opp_dak_schuin":131.47999572753906,"b3_volume_lod22":509.0380554199219,"b3_kwaliteitsindicator":1,"b3_pw_bron":"ahn5","b3_h_goot_nap":1.85,"b3_h_nok_nap":8.62,"goothoogte":2.23,"nokhoogte":9},"geometry":{"type":"Polygon","coordinates":[[[172278.469,559166.75],[172273.156,559158.188],[172278.594,559154.813],[172281.125,559158.875],[172285.609,559156.125],[172289.906,559163],[172287.781,559164.313],[172286.938,559162.938],[172283.406,559165.125],[172282.766,559164.125],[172278.469,559166.75]]]}},{"type":"Feature","properties":{"identificatie":"NL.IMBAG.Pand.0091100000015823","oorspronkelijkbouwjaar":1977,"status":"Pand in gebruik","b3_dak_type":"slanted","b3_bouwlagen":2,"b3_h_maaiveld":-0.49900001287460327,"b3_h_nok":6.038236141204834,"b3_n_nok":1,"b3_n_vlakken":4,"b3_opp_grond":65.12999725341797,"b3_opp_dak_plat":5.25,"b3_opp_dak_schuin":71.30999755859375,"b3_volume_lod22":310.8966369628906,"b3_kwaliteitsindicator":1,"b3_pw_bron":"ahn5","b3_h_goot_nap":2.33,"b3_h_nok_nap":6.2,"goothoogte":2.83,"nokhoogte":6.7},"geometry":{"type":"Polygon","coordinates":[[[172159.031,559209.563],[172158.844,559207.375],[172162.5,559207],[172162.094,559201.938],[172171.422,559201.25],[172171.906,559207.313],[172162.578,559208.063],[172162.672,559209.25],[172159.031,559209.563]]]}},{"type":"Feature","properties":{"identificatie":"NL.IMBAG.Pand.0091100000009444","oorspronkelijkbouwjaar":1976,"status":"Pand in gebruik","b3_dak_type":"slanted","b3_bouwlagen":3,"b3_h_maaiveld":-0.6740000247955322,"b3_h_nok":8.175284385681152,"b3_n_nok":3,"b3_n_vlakken":5,"b3_opp_grond":62.54999923706055,"b3_opp_dak_plat":10.430000305175781,"b3_opp_dak_schuin":67.44999694824219,"b3_volume_lod22":382.68634033203125,"b3_kwaliteitsindicator":1,"b3_pw_bron":"ahn5","b3_h_goot_nap":2.91,"b3_h_nok_nap":8.49,"goothoogte":3.59,"nokhoogte":9.17},"geometry":{"type":"Polygon","coordinates":[[[172315.125,559386.313],[172311.969,559389.625],[172310.219,559388],[172313.375,559384.688],[172311.203,559382.625],[172317.703,559375.625],[172321.609,559379.375],[172315.125,559386.313]]]}},{"type":"Feature","properties":{"identificatie":"NL.IMBAG.Pand.0091100000002910","oorspronkelijkbouwjaar":1977,"status":"Pand in gebruik","b3_dak_type":"slanted","b3_bouwlagen":2,"b3_h_maaiveld":-0.49900001287460327,"b3_h_nok":6.036863327026367,"b3_n_nok":1,"b3_n_vlakken":4,"b3_opp_grond":65.37999725341797,"b3_opp_dak_plat":5.269999980926514,"b3_opp_dak_schuin":70.5999984741211,"b3_volume_lod22":311.41900634765625,"b3_kwaliteitsindicator":1,"b3_pw_bron":"ahn5","b3_h_goot_nap":2.37,"b3_h_nok_nap":6.18,"goothoogte":2.87,"nokhoogte":6.68},"geometry":{"type":"Polygon","coordinates":[[[172162.766,559231.5],[172162.594,559229.25],[172166.25,559228.938],[172165.859,559224],[172175.219,559223.188],[172175.719,559229.25],[172166.344,559230.063],[172166.422,559231.125],[172162.766,559231.5]]]}},{"type":"Feature","properties":{"identificatie":"NL.IMBAG.Pand.0091100000012089","oorspronkelijkbouwjaar":1980,"status":"Pand in gebruik","b3_dak_type":"slanted","b3_bouwlagen":3,"b3_h_maaiveld":-0.5960000157356262,"b3_h_nok":8.594986915588379,"b3_n_nok":1,"b3_n_vlakken":3,"b3_opp_grond":58.9900016784668,"b3_opp_dak_plat":8.989999771118164,"b3_opp_dak_schuin":62.77000045776367,"b3_volume_lod22":403.97320556640625,"b3_kwaliteitsindicator":1,"b3_pw_bron":"ahn5","b3_h_goot_nap":3.84,"b3_h_nok_nap":8.75,"goothoogte":4.43,"nokhoogte":9.35},"geometry":{"type":"Polygon","coordinates":[[[172317.344,559339.438],[172321.563,559339],[172321.781,559341.375],[172309.172,559342.625],[172308.625,559336.813],[172317.016,559336],[172317.344,559339.438]]]}},{"type":"Feature","properties":{"identificatie":"NL.IMBAG.Pand.0091100000007404","oorspronkelijkbouwjaar":1977,"status":"Pand in gebruik","b3_dak_type":"slanted","b3_bouwlagen":3,"b3_h_maaiveld":-0.5070000290870667,"b3_h_nok":8.560608863830566,"b3_n_nok":1,"b3_n_vlakken":4,"b3_opp_grond":101.12999725341797,"b3_opp_dak_plat":34.2400016784668,"b3_opp_dak_schuin":78.5999984741211,"b3_volume_lod22":569.8458862304688,"b3_kwaliteitsindicator":1,"b3_pw_bron":"ahn5","b3_h_goot_nap":2.56,"b3_h_nok_nap":8.77,"goothoogte":3.06,"nokhoogte":9.28},"geometry":{"type":"Polygon","coordinates":[[[172299.703,559188.5],[172294.844,559180.938],[172295,559180.875],[172293.375,559178.313],[172296.172,559176.5],[172295.078,559174.75],[172299.875,559171.688],[172303.75,559177.813],[172301.234,559179.375],[172304.922,559185.188],[172299.703,559188.5]]]}},{"type":"Feature","properties":{"identificatie":"NL.IMBAG.Pand.0091100000006501","oorspronkelijkbouwjaar":1977,"status":"Pand in gebruik","b3_dak_type":"slanted","b3_bouwlagen":3,"b3_h_maaiveld":-0.5450000166893005,"b3_h_nok":8.089529037475586,"b3_n_nok":3,"b3_n_vlakken":5,"b3_opp_grond":62.689998626708984,"b3_opp_dak_plat":10.579999923706055,"b3_opp_dak_schuin":66.30999755859375,"b3_volume_lod22":374.1895446777344,"b3_kwaliteitsindicator":1,"b3_pw_bron":"ahn5","b3_h_goot_nap":2.76,"b3_h_nok_nap":8.29,"goothoogte":3.3,"nokhoogte":8.83},"geometry":{"type":"Polygon","coordinates":[[[172175.984,559288.813],[172170.688,559289.875],[172167.891,559276.125],[172170.25,559275.625],[172171.141,559280],[172174.078,559279.375],[172175.984,559288.813]]]}},{"type":"Feature","properties":{"identificatie":"NL.IMBAG.Pand.0091100000006334","oorspronkelijkbouwjaar":1980,"status":"Pand in gebruik","b3_dak_type":"slanted","b3_bouwlagen":3,"b3_h_maaiveld":-0.375,"b3_h_nok":8.944313049316406,"b3_n_nok":1,"b3_n_vlakken":4,"b3_opp_grond":61.47999954223633,"b3_opp_dak_plat":4.630000114440918,"b3_opp_dak_schuin":68.25,"b3_volume_lod22":419.89349365234375,"b3_kwaliteitsindicator":1,"b3_pw_bron":"ahn5","b3_h_goot_nap":5.31,"b3_h_nok_nap":9.05,"goothoogte":5.69,"nokhoogte":9.42},"geometry":{"type":"Polygon","coordinates":[[[172212.063,559239.75],[172212.063,559239.688],[172203.766,559239.938],[172203.563,559233.938],[172211.859,559233.688],[172211.875,559233.813],[172211.906,559233.813],[172212.031,559237.563],[172217.219,559237.375],[172217.281,559239.625],[172212.063,559239.75]]]}},{"type":"Feature","properties":{"identificatie":"NL.IMBAG.Pand.0091100000012079","oorspronkelijkbouwjaar":1980,"status":"Pand in gebruik","b3_dak_type":"slanted","b3_bouwlagen":3,"b3_h_maaiveld":-0.5690000057220459,"b3_n_nok":0,"b3_n_vlakken":5,"b3_opp_grond":62.04999923706055,"b3_opp_dak_plat":18.829999923706055,"b3_opp_dak_schuin":55.56999969482422,"b3_volume_lod22":404.08270263671875,"b3_kwaliteitsindicator":1,"b3_pw_bron":"ahn5","b3_h_goot_nap":4.88,"b3_h_nok_nap":7.83,"goothoogte":5.45,"nokhoogte":8.4},"geometry":{"type":"Polygon","coordinates":[[[172212.484,559251.75],[172212.609,559255.563],[172217.797,559255.375],[172217.875,559257.563],[172204.359,559258],[172204.156,559251.938],[172212.453,559251.688],[172212.453,559251.75],[172212.484,559251.75]]]}},{"type":"Feature","properties":{"identificatie":"NL.IMBAG.Pand.0091100000005617","oorspronkelijkbouwjaar":1978,"status":"Pand in gebruik","b3_dak_type":"horizontal","b3_h_maaiveld":-0.5669999718666077,"b3_n_nok":0,"b3_n_vlakken":1,"b3_opp_grond":10.3100004196167,"b3_opp_dak_plat":10.3100004196167,"b3_opp_dak_schuin":0,"b3_volume_lod22":30.382919311523438,"b3_kwaliteitsindicator":1,"b3_pw_bron":"ahn5","b3_h_goot_nap":2.37,"b3_h_nok_nap":2.39,"goothoogte":2.94,"nokhoogte":2.96},"geometry":{"type":"Polygon","coordinates":[[[172312.672,559249.063],[172312.969,559252.313],[172309.781,559252.563],[172309.5,559249.375],[172312.672,559249.063]]]}},{"type":"Feature","properties":{"identificatie":"NL.IMBAG.Pand.0091100000006077","oorspronkelijkbouwjaar":1977,"status":"Pand in gebruik","b3_dak_type":"slanted","b3_bouwlagen":2,"b3_h_maaiveld":-0.44699999690055847,"b3_h_nok":6.167327880859375,"b3_n_nok":1,"b3_n_vlakken":4,"b3_opp_grond":65.56999969482422,"b3_opp_dak_plat":7.980000019073486,"b3_opp_dak_schuin":68.66999816894531,"b3_volume_lod22":315.9283142089844,"b3_kwaliteitsindicator":1,"b3_pw_bron":"ahn5","b3_h_goot_nap":2.98,"b3_h_nok_nap":6.46,"goothoogte":3.43,"nokhoogte":6.91},"geometry":{"type":"Polygon","coordinates":[[[172144.625,559255.438],[172144.344,559254.438],[172135.281,559257.125],[172133.563,559251.313],[172142.609,559248.625],[172144,559253.313],[172147.531,559252.25],[172148.141,559254.375],[172144.625,559255.438]]]}},{"type":"Feature","properties":{"identificatie":"NL.IMBAG.Pand.0091100000007282","oorspronkelijkbouwjaar":1976,"status":"Pand in gebruik","b3_dak_type":"slanted","b3_bouwlagen":3,"b3_h_maaiveld":-0.777999997138977,"b3_h_nok":8.165315628051758,"b3_n_nok":3,"b3_n_vlakken":5,"b3_opp_grond":63.380001068115234,"b3_opp_dak_plat":9.729999542236328,"b3_opp_dak_schuin":69.51000213623047,"b3_volume_lod22":397.0035400390625,"b3_kwaliteitsindicator":1,"b3_pw_bron":"ahn5","b3_h_goot_nap":2.9,"b3_h_nok_nap":8.49,"goothoogte":3.68,"nokhoogte":9.27},"geometry":{"type":"Polygon","coordinates":[[[172289.703,559351.75],[172293.734,559355.625],[172284.016,559365.75],[172282.25,559364],[172285.391,559360.75],[172283.219,559358.688],[172289.703,559351.75]]]}},{"type":"Feature","properties":{"identificatie":"NL.IMBAG.Pand.0091100000006065","oorspronkelijkbouwjaar":1977,"status":"Pand in gebruik","b3_dak_type":"slanted","b3_bouwlagen":2,"b3_h_maaiveld":-0.47699999809265137,"b3_h_nok":6.196132659912109,"b3_n_nok":1,"b3_n_vlakken":4,"b3_opp_grond":65.52999877929688,"b3_opp_dak_plat":0,"b3_opp_dak_schuin":76.19999694824219,"b3_volume_lod22":318.11224365234375,"b3_kwaliteitsindicator":1,"b3_pw_bron":"ahn5","b3_h_goot_nap":2.31,"b3_h_nok_nap":6.36,"goothoogte":2.78,"nokhoogte":6.84},"geometry":{"type":"Polygon","coordinates":[[[172143.234,559236.75],[172142.938,559235.75],[172133.922,559238.438],[172132.172,559232.625],[172141.203,559229.938],[172142.594,559234.625],[172146.125,559233.563],[172146.766,559235.688],[172143.234,559236.75]]]}},{"type":"Feature","properties":{"identificatie":"NL.IMBAG.Pand.1900100010090874","oorspronkelijkbouwjaar":2022,"status":"Pand in gebruik","b3_dak_type":"unknown","b3_h_maaiveld":-0.4970000088214874,"b3_opp_grond":4.809999942779541,"b3_opp_dak_plat":4.809999942779541,"b3_opp_dak_schuin":0,"b3_volume_lod22":10.120392799377441,"b3_kwaliteitsindicator":1,"b3_pw_bron":"ahn5","b3_h_goot_nap":1.61,"b3_h_nok_nap":1.61,"goothoogte":2.1,"nokhoogte":2.1},"geometry":{"type":"Polygon","coordinates":[[[172229.438,559240.625],[172229.891,559238.438],[172232.016,559238.875],[172231.563,559241.063],[172229.438,559240.625]]]}},{"type":"Feature","properties":{"identificatie":"NL.IMBAG.Pand.0091100000015913","oorspronkelijkbouwjaar":1980,"status":"Pand in gebruik","b3_dak_type":"slanted","b3_bouwlagen":3,"b3_h_maaiveld":-0.6349999904632568,"b3_h_nok":8.988649368286133,"b3_n_nok":1,"b3_n_vlakken":5,"b3_opp_grond":73.52999877929688,"b3_opp_dak_plat":15.109999656677246,"b3_opp_dak_schuin":69.6500015258789,"b3_volume_lod22":469.1495056152344,"b3_kwaliteitsindicator":1,"b3_pw_bron":"ahn5","b3_h_goot_nap":4.71,"b3_h_nok_nap":9.09,"goothoogte":5.35,"nokhoogte":9.72},"geometry":{"type":"Polygon","coordinates":[[[172224.047,559279.688],[172213.406,559280.063],[172213.375,559280.063],[172213.375,559279.938],[172205.078,559280.188],[172204.875,559274.25],[172213.172,559273.938],[172213.172,559274.063],[172213.203,559274.063],[172213.344,559277.813],[172223.969,559277.5],[172224.047,559279.688]]]}},{"type":"Feature","properties":{"identificatie":"NL.IMBAG.Pand.0091100000006426","oorspronkelijkbouwjaar":1977,"status":"Pand in gebruik","b3_dak_type":"slanted","b3_bouwlagen":3,"b3_h_maaiveld":-0.6259999871253967,"b3_h_nok":8.30090618133545,"b3_n_nok":1,"b3_n_vlakken":3,"b3_opp_grond":61.220001220703125,"b3_opp_dak_plat":8.300000190734863,"b3_opp_dak_schuin":61.310001373291016,"b3_volume_lod22":423.5910339355469,"b3_kwaliteitsindicator":1,"b3_pw_bron":"ahn5","b3_h_goot_nap":5.27,"b3_h_nok_nap":8.48,"goothoogte":5.89,"nokhoogte":9.11},"geometry":{"type":"Polygon","coordinates":[[[172093.781,559290.688],[172095.609,559293.375],[172098.984,559291],[172100.25,559292.875],[172088.969,559300.625],[172085.891,559296.125],[172093.781,559290.688]]]}},{"type":"Feature","properties":{"identificatie":"NL.IMBAG.Pand.0091100000004665","oorspronkelijkbouwjaar":1977,"status":"Pand in gebruik","b3_dak_type":"horizontal","b3_h_maaiveld":-0.46700000762939453,"b3_n_nok":0,"b3_n_vlakken":1,"b3_opp_grond":6.480000019073486,"b3_opp_dak_plat":6.489999771118164,"b3_opp_dak_schuin":0,"b3_volume_lod22":17.360979080200195,"b3_kwaliteitsindicator":1,"b3_pw_bron":"ahn5","b3_h_goot_nap":2.19,"b3_h_nok_nap":2.23,"goothoogte":2.66,"nokhoogte":2.7},"geometry":{"type":"Polygon","coordinates":[[[172161.813,559352.688],[172159.766,559354.875],[172158.188,559353.438],[172160.234,559351.25],[172161.813,559352.688]]]}},{"type":"Feature","properties":{"identificatie":"NL.IMBAG.Pand.1900100010090864","oorspronkelijkbouwjaar":2022,"status":"Pand in gebruik","b3_dak_type":"horizontal","b3_h_maaiveld":-0.5559999942779541,"b3_n_nok":0,"b3_n_vlakken":1,"b3_opp_grond":11.100000381469727,"b3_opp_dak_plat":11.100000381469727,"b3_opp_dak_schuin":0,"b3_volume_lod22":25.20415687561035,"b3_kwaliteitsindicator":1,"b3_pw_bron":"ahn5","b3_h_goot_nap":1.7,"b3_h_nok_nap":1.72,"goothoogte":2.26,"nokhoogte":2.28},"geometry":{"type":"Polygon","coordinates":[[[172146.922,559280.375],[172145.922,559275.438],[172148,559274.813],[172149.047,559279.938],[172146.922,559280.375]]]}},{"type":"Feature","properties":{"identificatie":"NL.IMBAG.Pand.0091100000017267","oorspronkelijkbouwjaar":1977,"status":"Pand in gebruik","b3_dak_type":"slanted","b3_bouwlagen":3,"b3_h_maaiveld":-0.6470000147819519,"b3_h_nok":8.109143257141113,"b3_n_nok":3,"b3_n_vlakken":5,"b3_opp_grond":66.63999938964844,"b3_opp_dak_plat":9.800000190734863,"b3_opp_dak_schuin":72.33000183105469,"b3_volume_lod22":409.37115478515625,"b3_kwaliteitsindicator":1,"b3_pw_bron":"ahn5","b3_h_goot_nap":2.72,"b3_h_nok_nap":8.36,"goothoogte":3.37,"nokhoogte":9.01},"geometry":{"type":"Polygon","coordinates":[[[172118.016,559291.938],[172120.109,559290.688],[172122.313,559294.563],[172125.266,559292.813],[172130.094,559301.125],[172125.047,559304.063],[172118.016,559291.938]]]}},{"type":"Feature","properties":{"identificatie":"NL.IMBAG.Pand.1900100010089647","oorspronkelijkbouwjaar":2022,"status":"Pand in gebruik","b3_dak_type":"horizontal","b3_h_maaiveld":-0.5789999961853027,"b3_n_nok":0,"b3_n_vlakken":1,"b3_opp_grond":7.849999904632568,"b3_opp_dak_plat":7.849999904632568,"b3_opp_dak_schuin":0,"b3_volume_lod22":19.899261474609375,"b3_kwaliteitsindicator":1,"b3_pw_bron":"ahn5","b3_h_goot_nap":1.89,"b3_h_nok_nap":2.01,"goothoogte":2.47,"nokhoogte":2.59},"geometry":{"type":"Polygon","coordinates":[[[172226.563,559234.875],[172229.203,559235.438],[172228.594,559238.313],[172225.969,559237.75],[172226.563,559234.875]]]}},{"type":"Feature","properties":{"identificatie":"NL.IMBAG.Pand.0091100000002262","oorspronkelijkbouwjaar":1977,"status":"Pand in gebruik","b3_dak_type":"horizontal","b3_h_maaiveld":-0.8190000057220459,"b3_n_nok":0,"b3_n_vlakken":1,"b3_opp_grond":6.619999885559082,"b3_opp_dak_plat":6.619999885559082,"b3_opp_dak_schuin":0,"b3_volume_lod22":20.08356475830078,"b3_kwaliteitsindicator":1,"b3_pw_bron":"ahn5","b3_h_goot_nap":2.2,"b3_h_nok_nap":2.22,"goothoogte":3.02,"nokhoogte":3.04},"geometry":{"type":"Polygon","coordinates":[[[172133.734,559379.75],[172132.234,559381.375],[172130.031,559379.313],[172131.531,559377.75],[172133.734,559379.75]]]}},{"type":"Feature","properties":{"identificatie":"NL.IMBAG.Pand.0091100000017663","oorspronkelijkbouwjaar":1977,"status":"Pand in gebruik","b3_dak_type":"horizontal","b3_h_maaiveld":-0.5389999747276306,"b3_n_nok":0,"b3_n_vlakken":1,"b3_opp_grond":6.309999942779541,"b3_opp_dak_plat":6.309999942779541,"b3_opp_dak_schuin":0,"b3_volume_lod22":17.347118377685547,"b3_kwaliteitsindicator":1,"b3_pw_bron":"ahn5","b3_h_goot_nap":2.19,"b3_h_nok_nap":2.23,"goothoogte":2.73,"nokhoogte":2.77},"geometry":{"type":"Polygon","coordinates":[[[172154.453,559357.5],[172153.016,559359],[172150.828,559357],[172152.25,559355.438],[172154.453,559357.5]]]}},{"type":"Feature","properties":{"identificatie":"NL.IMBAG.Pand.0091100000006510","oorspronkelijkbouwjaar":1976,"status":"Pand in gebruik","b3_dak_type":"slanted","b3_bouwlagen":3,"b3_h_maaiveld":-0.5680000185966492,"b3_h_nok":8.181304931640625,"b3_n_nok":3,"b3_n_vlakken":5,"b3_opp_grond":62.08000183105469,"b3_opp_dak_plat":5.960000038146973,"b3_opp_dak_schuin":65.37000274658203,"b3_volume_lod22":373.6923828125,"b3_kwaliteitsindicator":1,"b3_pw_bron":"ahn5","b3_h_goot_nap":2.81,"b3_h_nok_nap":8.44,"goothoogte":3.38,"nokhoogte":9.01},"geometry":{"type":"Polygon","coordinates":[[[172264.156,559371.438],[172257.594,559378.188],[172253.641,559374.5],[172260.219,559367.688],[172262.391,559369.75],[172265.516,559366.438],[172267.266,559368.125],[172264.156,559371.438]]]}},{"type":"Feature","properties":{"identificatie":"NL.IMBAG.Pand.0091100000008868","oorspronkelijkbouwjaar":1979,"status":"Pand in gebruik","b3_dak_type":"slanted","b3_bouwlagen":3,"b3_h_maaiveld":-0.4659999907016754,"b3_h_nok":3.7725648880004883,"b3_n_nok":1,"b3_n_vlakken":7,"b3_opp_grond":73.51000213623047,"b3_opp_dak_plat":46.560001373291016,"b3_opp_dak_schuin":36.849998474121094,"b3_volume_lod22":462.07354736328125,"b3_kwaliteitsindicator":1,"b3_pw_bron":"ahn5","b3_h_goot_nap":2.78,"b3_h_nok_nap":7.77,"goothoogte":3.25,"nokhoogte":8.23},"geometry":{"type":"Polygon","coordinates":[[[172553.641,559122.438],[172538.641,559123.813],[172538.391,559121],[172542.734,559120.563],[172542.469,559117.75],[172550.547,559116.938],[172553.141,559116.75],[172553.641,559122.438]]]}},{"type":"Feature","properties":{"identificatie":"NL.IMBAG.Pand.0091100000009821","oorspronkelijkbouwjaar":1979,"status":"Pand in gebruik","b3_dak_type":"slanted","b3_bouwlagen":3,"b3_h_maaiveld":-0.4000000059604645,"b3_n_nok":0,"b3_n_vlakken":3,"b3_opp_grond":60.20000076293945,"b3_opp_dak_plat":32.22999954223633,"b3_opp_dak_schuin":38,"b3_volume_lod22":404.81585693359375,"b3_kwaliteitsindicator":1,"b3_pw_bron":"ahn5","b3_h_goot_nap":4.96,"b3_h_nok_nap":7.78,"goothoogte":5.36,"nokhoogte":8.18},"geometry":{"type":"Polygon","coordinates":[[[172555.938,559097],[172556.453,559102.813],[172543.984,559104],[172543.719,559101.063],[172548.078,559100.688],[172547.828,559097.813],[172555.938,559097]]]}},{"type":"Feature","properties":{"identificatie":"NL.IMBAG.Pand.0091100000009647","oorspronkelijkbouwjaar":1976,"status":"Pand in gebruik","b3_dak_type":"slanted","b3_bouwlagen":3,"b3_h_maaiveld":-0.42100000381469727,"b3_h_nok":9.076642990112305,"b3_n_nok":1,"b3_n_vlakken":5,"b3_opp_grond":128.94000244140625,"b3_opp_dak_plat":32.849998474121094,"b3_opp_dak_schuin":176.89999389648438,"b3_volume_lod22":654.2403564453125,"b3_kwaliteitsindicator":1,"b3_pw_bron":"ahn5","b3_h_goot_nap":2.18,"b3_h_nok_nap":9.46,"goothoogte":2.6,"nokhoogte":9.88},"geometry":{"type":"Polygon","coordinates":[[[172523.891,558953.313],[172515.109,558954.438],[172513.703,558943.563],[172513.859,558943.5],[172512.453,558934.063],[172516.391,558933.438],[172517.234,558939.125],[172515.484,558939.375],[172516.063,558943.25],[172522.5,558942.375],[172523.891,558953.313]]]}},{"type":"Feature","properties":{"identificatie":"NL.IMBAG.Pand.0091100000010001","oorspronkelijkbouwjaar":1977,"status":"Pand in gebruik","b3_dak_type":"slanted","b3_bouwlagen":3,"b3_h_maaiveld":-0.3109999895095825,"b3_h_nok":8.121225357055664,"b3_n_nok":1,"b3_n_vlakken":6,"b3_opp_grond":85.5199966430664,"b3_opp_dak_plat":18.329999923706055,"b3_opp_dak_schuin":71,"b3_volume_lod22":503.7799987792969,"b3_kwaliteitsindicator":1,"b3_pw_bron":"ahn5","b3_h_goot_nap":2.45,"b3_h_nok_nap":8.16,"goothoogte":2.76,"nokhoogte":8.47},"geometry":{"type":"Polygon","coordinates":[[[172568.688,559036.938],[172563.391,559037.625],[172563.563,559039],[172560.375,559039.438],[172559.531,559032.688],[172562.625,559032.313],[172562.156,559028.688],[172561.5,559028.75],[172561.203,559026.25],[172567.25,559025.5],[172568.688,559036.938]]]}},{"type":"Feature","properties":{"identificatie":"NL.IMBAG.Pand.0091100000010056","oorspronkelijkbouwjaar":1975,"status":"Pand in gebruik","b3_dak_type":"horizontal","b3_h_maaiveld":-0.33899998664855957,"b3_n_nok":0,"b3_n_vlakken":1,"b3_opp_grond":15.84000015258789,"b3_opp_dak_plat":15.84000015258789,"b3_opp_dak_schuin":0,"b3_volume_lod22":42.71709442138672,"b3_kwaliteitsindicator":1,"b3_pw_bron":"ahn5","b3_h_goot_nap":2.33,"b3_h_nok_nap":2.38,"goothoogte":2.67,"nokhoogte":2.72},"geometry":{"type":"Polygon","coordinates":[[[172563.984,559079],[172561.219,559079.25],[172560.703,559073.563],[172563.453,559073.313],[172563.984,559079]]]}},{"type":"Feature","properties":{"identificatie":"NL.IMBAG.Pand.0091100000010453","oorspronkelijkbouwjaar":1977,"status":"Pand in gebruik","b3_dak_type":"slanted","b3_bouwlagen":3,"b3_h_maaiveld":-0.3869999945163727,"b3_h_nok":8.612016677856445,"b3_n_nok":1,"b3_n_vlakken":3,"b3_opp_grond":86.81999969482422,"b3_opp_dak_plat":0,"b3_opp_dak_schuin":106.8499984741211,"b3_volume_lod22":491.71307373046875,"b3_kwaliteitsindicator":1,"b3_pw_bron":"ahn5","b3_h_goot_nap":2.32,"b3_h_nok_nap":8.8,"goothoogte":2.71,"nokhoogte":9.19},"geometry":{"type":"Polygon","coordinates":[[[172472.203,559044.438],[172466.563,559045.125],[172466.016,559041.063],[172463.219,559041.438],[172462.234,559034.063],[172470.578,559033],[172470.906,559035.313],[172471.031,559035.313],[172472.203,559044.438]]]}},{"type":"Feature","properties":{"identificatie":"NL.IMBAG.Pand.0091100000016488","oorspronkelijkbouwjaar":1979,"status":"Pand in gebruik","b3_dak_type":"slanted","b3_bouwlagen":3,"b3_h_maaiveld":-0.4749999940395355,"b3_n_nok":0,"b3_n_vlakken":7,"b3_opp_grond":95.81999969482422,"b3_opp_dak_plat":64.87000274658203,"b3_opp_dak_schuin":41.58000183105469,"b3_volume_lod22":533.224853515625,"b3_kwaliteitsindicator":1,"b3_pw_bron":"ahn5","b3_h_goot_nap":2.34,"b3_h_nok_nap":7.86,"goothoogte":2.81,"nokhoogte":8.33},"geometry":{"type":"Polygon","coordinates":[[[172551.641,559128.5],[172552.156,559134.125],[172551.688,559134.188],[172551.844,559136.25],[172550.484,559137.313],[172539.953,559138.25],[172539.422,559132.313],[172543.75,559131.875],[172543.484,559129.063],[172551.578,559128.375],[172551.641,559128.5]]]}},{"type":"Feature","properties":{"identificatie":"NL.IMBAG.Pand.0091100000019330","oorspronkelijkbouwjaar":1995,"status":"Pand in gebruik","b3_dak_type":"horizontal","b3_h_maaiveld":-0.30300000309944153,"b3_n_nok":0,"b3_n_vlakken":1,"b3_opp_grond":11.270000457763672,"b3_opp_dak_plat":0,"b3_opp_dak_schuin":11.300000190734863,"b3_volume_lod22":29.105714797973633,"b3_kwaliteitsindicator":1,"b3_pw_bron":"ahn5","b3_h_goot_nap":2.15,"b3_h_nok_nap":2.44,"goothoogte":2.46,"nokhoogte":2.74},"geometry":{"type":"Polygon","coordinates":[[[172557.766,559033.125],[172555.094,559033.438],[172554.563,559029.313],[172557.234,559028.938],[172557.766,559033.125]]]}},{"type":"Feature","properties":{"identificatie":"NL.IMBAG.Pand.0091100000012065","oorspronkelijkbouwjaar":1975,"status":"Pand in gebruik","b3_dak_type":"horizontal","b3_h_maaiveld":-0.3230000138282776,"b3_n_nok":0,"b3_n_vlakken":1,"b3_opp_grond":15.84000015258789,"b3_opp_dak_plat":15.84000015258789,"b3_opp_dak_schuin":0,"b3_volume_lod22":42.39876937866211,"b3_kwaliteitsindicator":1,"b3_pw_bron":"ahn5","b3_h_goot_nap":2.34,"b3_h_nok_nap":2.37,"goothoogte":2.66,"nokhoogte":2.69},"geometry":{"type":"Polygon","coordinates":[[[172547.391,559080.625],[172544.625,559080.875],[172544.094,559075.188],[172546.859,559074.938],[172547.391,559080.625]]]}},{"type":"Feature","properties":{"identificatie":"NL.IMBAG.Pand.0091100000009204","oorspronkelijkbouwjaar":1979,"status":"Pand in gebruik","b3_dak_type":"slanted","b3_bouwlagen":3,"b3_h_maaiveld":-0.5080000162124634,"b3_n_nok":0,"b3_n_vlakken":4,"b3_opp_grond":82.7699966430664,"b3_opp_dak_plat":54.279998779296875,"b3_opp_dak_schuin":39.79999923706055,"b3_volume_lod22":490.8558654785156,"b3_kwaliteitsindicator":1,"b3_pw_bron":"ahn5","b3_h_goot_nap":2.33,"b3_h_nok_nap":8.24,"goothoogte":2.84,"nokhoogte":8.75},"geometry":{"type":"Polygon","coordinates":[[[172524.703,559082.938],[172516.641,559083.688],[172516.094,559077.875],[172521.297,559077.375],[172521.016,559074.375],[172528.344,559073.688],[172528.844,559079.625],[172524.422,559080.063],[172524.703,559082.938]]]}},{"type":"Feature","properties":{"identificatie":"NL.IMBAG.Pand.0091100000010063","oorspronkelijkbouwjaar":1975,"status":"Pand in gebruik","b3_dak_type":"horizontal","b3_h_maaiveld":-0.3479999899864197,"b3_n_nok":0,"b3_n_vlakken":1,"b3_opp_grond":16.3700008392334,"b3_opp_dak_plat":16.3700008392334,"b3_opp_dak_schuin":0,"b3_volume_lod22":44.3956298828125,"b3_kwaliteitsindicator":1,"b3_pw_bron":"ahn5","b3_h_goot_nap":2.32,"b3_h_nok_nap":2.4,"goothoogte":2.67,"nokhoogte":2.75},"geometry":{"type":"Polygon","coordinates":[[[172563.453,559073.313],[172566.313,559073],[172566.828,559078.75],[172563.984,559079],[172563.453,559073.313]]]}},{"type":"Feature","properties":{"identificatie":"NL.IMBAG.Pand.0091100000006669","oorspronkelijkbouwjaar":1978,"status":"Pand in gebruik","b3_dak_type":"slanted","b3_bouwlagen":2,"b3_h_maaiveld":-0.26100000739097595,"b3_h_nok":7.213315486907959,"b3_n_nok":1,"b3_n_vlakken":5,"b3_opp_grond":69.18000030517578,"b3_opp_dak_plat":10.510000228881836,"b3_opp_dak_schuin":67.6500015258789,"b3_volume_lod22":392.007080078125,"b3_kwaliteitsindicator":1,"b3_pw_bron":"ahn5","b3_h_goot_nap":3.69,"b3_h_nok_nap":7.6,"goothoogte":3.95,"nokhoogte":7.86},"geometry":{"type":"Polygon","coordinates":[[[172375.25,559063],[172372.344,559064.625],[172374.172,559067.875],[172371.734,559069.25],[172365.203,559057.625],[172370.547,559054.625],[172375.25,559063]]]}},{"type":"Feature","properties":{"identificatie":"NL.IMBAG.Pand.0091100000009599","oorspronkelijkbouwjaar":1976,"status":"Pand in gebruik","b3_dak_type":"slanted","b3_bouwlagen":3,"b3_h_maaiveld":-0.45100000500679016,"b3_h_nok":9.225472450256348,"b3_n_nok":1,"b3_n_vlakken":4,"b3_opp_grond":69.5,"b3_opp_dak_plat":4.820000171661377,"b3_opp_dak_schuin":76.73999786376953,"b3_volume_lod22":465.421630859375,"b3_kwaliteitsindicator":1,"b3_pw_bron":"ahn5","b3_h_goot_nap":2.54,"b3_h_nok_nap":9.44,"goothoogte":3,"nokhoogte":9.89},"geometry":{"type":"Polygon","coordinates":[[[172543.766,558999.563],[172543.75,558999.375],[172536.203,559000.375],[172535.797,558997.25],[172533.391,558997.5],[172533.078,558995.125],[172539.344,558994.313],[172539.359,558994.5],[172546.891,558993.5],[172547.578,558999.063],[172543.766,558999.563]]]}},{"type":"Feature","properties":{"identificatie":"NL.IMBAG.Pand.1900100010090971","oorspronkelijkbouwjaar":2022,"status":"Pand in gebruik","b3_dak_type":"horizontal","b3_h_maaiveld":-0.2029999941587448,"b3_n_nok":0,"b3_n_vlakken":1,"b3_opp_grond":9.850000381469727,"b3_opp_dak_plat":9.850000381469727,"b3_opp_dak_schuin":0,"b3_volume_lod22":23.319276809692383,"b3_kwaliteitsindicator":1,"b3_pw_bron":"ahn5","b3_h_goot_nap":2.14,"b3_h_nok_nap":2.2,"goothoogte":2.34,"nokhoogte":2.4},"geometry":{"type":"Polygon","coordinates":[[[172469.891,559026.125],[172469.453,559023],[172472.781,559022.5],[172473.063,559024.5],[172471.969,559025.813],[172469.891,559026.125]]]}},{"type":"Feature","properties":{"identificatie":"NL.IMBAG.Pand.0091100000002270","oorspronkelijkbouwjaar":1976,"status":"Pand in gebruik","b3_dak_type":"slanted","b3_bouwlagen":3,"b3_h_maaiveld":-0.40400001406669617,"b3_h_nok":9.061711311340332,"b3_n_nok":1,"b3_n_vlakken":3,"b3_opp_grond":86.94999694824219,"b3_opp_dak_plat":20.600000381469727,"b3_opp_dak_schuin":96.83000183105469,"b3_volume_lod22":562.56103515625,"b3_kwaliteitsindicator":1,"b3_pw_bron":"ahn5","b3_h_goot_nap":2.4,"b3_h_nok_nap":9.34,"goothoogte":2.81,"nokhoogte":9.74},"geometry":{"type":"Polygon","coordinates":[[[172547.219,559038.75],[172544.547,559039.125],[172545.031,559042.688],[172535.563,559044],[172534.703,559037.5],[172540.672,559036.625],[172540.313,559034],[172546.453,559033.188],[172547.219,559038.75]]]}},{"type":"Feature","properties":{"identificatie":"NL.IMBAG.Pand.0091100000009299","oorspronkelijkbouwjaar":1977,"status":"Pand in gebruik","b3_dak_type":"horizontal","b3_h_maaiveld":-0.43700000643730164,"b3_n_nok":0,"b3_n_vlakken":1,"b3_opp_grond":13.779999732971191,"b3_opp_dak_plat":13.789999961853027,"b3_opp_dak_schuin":0,"b3_volume_lod22":31.763385772705078,"b3_kwaliteitsindicator":1,"b3_pw_bron":"ahn5","b3_h_goot_nap":1.8,"b3_h_nok_nap":1.91,"goothoogte":2.23,"nokhoogte":2.35},"geometry":{"type":"Polygon","coordinates":[[[172500.625,559110.063],[172496.625,559110.313],[172496.391,559106.875],[172500.391,559106.625],[172500.625,559110.063]]]}},{"type":"Feature","properties":{"identificatie":"NL.IMBAG.Pand.0091100000009857","oorspronkelijkbouwjaar":1975,"status":"Pand in gebruik","b3_dak_type":"horizontal","b3_h_maaiveld":-0.33000001311302185,"b3_n_nok":0,"b3_n_vlakken":1,"b3_opp_grond":15.979999542236328,"b3_opp_dak_plat":15.979999542236328,"b3_opp_dak_schuin":0,"b3_volume_lod22":43.428043365478516,"b3_kwaliteitsindicator":1,"b3_pw_bron":"ahn5","b3_h_goot_nap":2.38,"b3_h_nok_nap":2.39,"goothoogte":2.71,"nokhoogte":2.72},"geometry":{"type":"Polygon","coordinates":[[[172558.469,559079.5],[172555.672,559079.813],[172555.172,559074.125],[172557.953,559073.813],[172558.469,559079.5]]]}},{"type":"Feature","properties":{"identificatie":"NL.IMBAG.Pand.0091100000002272","oorspronkelijkbouwjaar":1977,"status":"Pand in gebruik","b3_dak_type":"slanted","b3_bouwlagen":3,"b3_h_maaiveld":-0.27000001072883606,"b3_h_nok":8.544127464294434,"b3_n_nok":1,"b3_n_vlakken":3,"b3_opp_grond":72.02999877929688,"b3_opp_dak_plat":9.470000267028809,"b3_opp_dak_schuin":76.5,"b3_volume_lod22":477.40533447265625,"b3_kwaliteitsindicator":1,"b3_pw_bron":"ahn5","b3_h_goot_nap":5.01,"b3_h_nok_nap":8.72,"goothoogte":5.28,"nokhoogte":8.99},"geometry":{"type":"Polygon","coordinates":[[[172450.891,559036.438],[172454.406,559035.75],[172454.969,559038.5],[172451.641,559039.188],[172452.438,559043.25],[172443.391,559045.063],[172442.156,559038.313],[172450.922,559036.625],[172450.891,559036.438]]]}},{"type":"Feature","properties":{"identificatie":"NL.IMBAG.Pand.0091100000008332","oorspronkelijkbouwjaar":1976,"status":"Pand in gebruik","b3_dak_type":"slanted","b3_bouwlagen":3,"b3_h_maaiveld":-0.4790000021457672,"b3_h_nok":8.683469772338867,"b3_n_nok":2,"b3_n_vlakken":6,"b3_opp_grond":74.4800033569336,"b3_opp_dak_plat":12.119999885559082,"b3_opp_dak_schuin":81.7300033569336,"b3_volume_lod22":451.130126953125,"b3_kwaliteitsindicator":1,"b3_pw_bron":"ahn5","b3_h_goot_nap":2.44,"b3_h_nok_nap":8.82,"goothoogte":2.91,"nokhoogte":9.3},"geometry":{"type":"Polygon","coordinates":[[[172439.75,558999.563],[172436.484,558999.938],[172436.766,559002.625],[172435.125,559002.813],[172434.578,558998.063],[172429.906,558998.625],[172428.828,558989.375],[172434.922,558988.688],[172435.906,558997.188],[172439.438,558996.75],[172439.75,558999.563]]]}},{"type":"Feature","properties":{"identificatie":"NL.IMBAG.Pand.0091100000016446","oorspronkelijkbouwjaar":1976,"status":"Pand in gebruik","b3_dak_type":"slanted","b3_bouwlagen":3,"b3_h_maaiveld":-0.42500001192092896,"b3_h_nok":9.244431495666504,"b3_n_nok":1,"b3_n_vlakken":4,"b3_opp_grond":70.12999725341797,"b3_opp_dak_plat":10.970000267028809,"b3_opp_dak_schuin":76.80999755859375,"b3_volume_lod22":471.6044616699219,"b3_kwaliteitsindicator":1,"b3_pw_bron":"ahn5","b3_h_goot_nap":2.49,"b3_h_nok_nap":9.43,"goothoogte":2.92,"nokhoogte":9.86},"geometry":{"type":"Polygon","coordinates":[[[172556.406,558975.875],[172556.391,558975.688],[172548.844,558976.688],[172548.422,558973.5],[172546.016,558973.813],[172545.703,558971.438],[172551.984,558970.625],[172552.016,558970.75],[172559.563,558969.75],[172560.25,558975.375],[172556.406,558975.875]]]}},{"type":"Feature","properties":{"identificatie":"NL.IMBAG.Pand.0091100000010835","oorspronkelijkbouwjaar":1977,"status":"Pand in gebruik","b3_dak_type":"slanted","b3_bouwlagen":3,"b3_h_maaiveld":-0.5929999947547913,"b3_h_nok":8.602200508117676,"b3_n_nok":1,"b3_n_vlakken":3,"b3_opp_grond":75.11000061035156,"b3_opp_dak_plat":22.079999923706055,"b3_opp_dak_schuin":71.77999877929688,"b3_volume_lod22":470.5812072753906,"b3_kwaliteitsindicator":1,"b3_pw_bron":"ahn5","b3_h_goot_nap":2.48,"b3_h_nok_nap":8.79,"goothoogte":3.07,"nokhoogte":9.38},"geometry":{"type":"Polygon","coordinates":[[[172505.563,559034.625],[172510.922,559033.875],[172510.609,559031.563],[172513.813,559031.125],[172514.781,559038.563],[172511.875,559038.938],[172512.406,559043],[172506.75,559043.688],[172505.563,559034.625]]]}},{"type":"Feature","properties":{"identificatie":"NL.IMBAG.Pand.0091100000012060","oorspronkelijkbouwjaar":1980,"status":"Pand in gebruik","b3_dak_type":"slanted","b3_bouwlagen":3,"b3_h_maaiveld":-0.4620000123977661,"b3_n_nok":0,"b3_n_vlakken":5,"b3_opp_grond":59.560001373291016,"b3_opp_dak_plat":32.58000183105469,"b3_opp_dak_schuin":37.5099983215332,"b3_volume_lod22":417.24700927734375,"b3_kwaliteitsindicator":1,"b3_pw_bron":"ahn5","b3_h_goot_nap":5.68,"b3_h_nok_nap":8.13,"goothoogte":6.14,"nokhoogte":8.59},"geometry":{"type":"Polygon","coordinates":[[[172554.891,559085.625],[172546.781,559086.438],[172546.516,559083.625],[172542.156,559084],[172541.891,559081.125],[172554.375,559079.938],[172554.891,559085.625]]]}},{"type":"Feature","properties":{"identificatie":"NL.IMBAG.Pand.0091100000018030","oorspronkelijkbouwjaar":1975,"status":"Pand in gebruik","b3_dak_type":"horizontal","b3_h_maaiveld":-0.36000001430511475,"b3_n_nok":0,"b3_n_vlakken":1,"b3_opp_grond":15.710000038146973,"b3_opp_dak_plat":15.720000267028809,"b3_opp_dak_schuin":0,"b3_volume_lod22":43.23619842529297,"b3_kwaliteitsindicator":1,"b3_pw_bron":"ahn5","b3_h_goot_nap":2.35,"b3_h_nok_nap":2.44,"goothoogte":2.71,"nokhoogte":2.8},"geometry":{"type":"Polygon","coordinates":[[[172544.625,559080.875],[172541.891,559081.125],[172541.359,559075.438],[172544.094,559075.188],[172544.625,559080.875]]]}},{"type":"Feature","properties":{"identificatie":"NL.IMBAG.Pand.0091100000009663","oorspronkelijkbouwjaar":1976,"status":"Pand in gebruik","b3_dak_type":"slanted","b3_bouwlagen":3,"b3_h_maaiveld":-0.6079999804496765,"b3_h_nok":9.083755493164062,"b3_n_nok":2,"b3_n_vlakken":4,"b3_opp_grond":106.54000091552734,"b3_opp_dak_plat":0,"b3_opp_dak_schuin":193.89999389648438,"b3_volume_lod22":602.6694946289062,"b3_kwaliteitsindicator":0,"b3_pw_bron":"ahn5","b3_h_goot_nap":0.1,"b3_h_nok_nap":9.56,"goothoogte":0.71,"nokhoogte":10.16},"geometry":{"type":"Polygon","coordinates":[[[172532.672,558952.188],[172531.281,558941.25],[172540.875,558940],[172542.297,558950.938],[172532.672,558952.188]]]}},{"type":"Feature","properties":{"identificatie":"NL.IMBAG.Pand.0091100000012080","oorspronkelijkbouwjaar":1976,"status":"Pand in gebruik","b3_dak_type":"slanted","b3_bouwlagen":3,"b3_h_maaiveld":-0.4399999976158142,"b3_h_nok":9.250897407531738,"b3_n_nok":1,"b3_n_vlakken":4,"b3_opp_grond":69.73999786376953,"b3_opp_dak_plat":5.400000095367432,"b3_opp_dak_schuin":76.12999725341797,"b3_volume_lod22":465.85089111328125,"b3_kwaliteitsindicator":1,"b3_pw_bron":"ahn5","b3_h_goot_nap":2.48,"b3_h_nok_nap":9.45,"goothoogte":2.92,"nokhoogte":9.89},"geometry":{"type":"Polygon","coordinates":[[[172553.234,558981.75],[172553.219,558981.625],[172545.688,558982.625],[172545.266,558979.438],[172542.859,558979.75],[172542.547,558977.375],[172548.828,558976.563],[172548.844,558976.688],[172556.391,558975.688],[172557.078,558981.25],[172553.234,558981.75]]]}},{"type":"Feature","properties":{"identificatie":"NL.IMBAG.Pand.0091100000003839","oorspronkelijkbouwjaar":1978,"status":"Pand in gebruik","b3_dak_type":"slanted","b3_bouwlagen":3,"b3_h_maaiveld":-0.34700000286102295,"b3_h_nok":7.4060282707214355,"b3_n_nok":4,"b3_n_vlakken":6,"b3_opp_grond":66.94999694824219,"b3_opp_dak_plat":9.5600004196167,"b3_opp_dak_schuin":65.79000091552734,"b3_volume_lod22":385.17181396484375,"b3_kwaliteitsindicator":1,"b3_pw_bron":"ahn5","b3_h_goot_nap":3.63,"b3_h_nok_nap":7.59,"goothoogte":3.98,"nokhoogte":7.94},"geometry":{"type":"Polygon","coordinates":[[[172382.234,559063.313],[172379.953,559064.625],[172378.141,559061.375],[172375.25,559063],[172370.547,559054.625],[172375.734,559051.688],[172382.234,559063.313]]]}},{"type":"Feature","properties":{"identificatie":"NL.IMBAG.Pand.0091100000008761","oorspronkelijkbouwjaar":1976,"status":"Pand in gebruik","b3_dak_type":"horizontal","b3_h_maaiveld":-0.7419999837875366,"b3_n_nok":0,"b3_n_vlakken":1,"b3_opp_grond":19.469999313354492,"b3_opp_dak_plat":19.469999313354492,"b3_opp_dak_schuin":0,"b3_volume_lod22":59.32992172241211,"b3_kwaliteitsindicator":1,"b3_pw_bron":"ahn5","b3_h_goot_nap":2.3,"b3_h_nok_nap":2.32,"goothoogte":3.04,"nokhoogte":3.06},"geometry":{"type":"Polygon","coordinates":[[[172587.734,558994.25],[172590.766,558993.875],[172591.531,559000.188],[172588.516,559000.563],[172587.734,558994.25]]]}},{"type":"Feature","properties":{"identificatie":"NL.IMBAG.Pand.0091100000014779","oorspronkelijkbouwjaar":1976,"status":"Pand in gebruik","b3_dak_type":"horizontal","b3_h_maaiveld":-0.6800000071525574,"b3_n_nok":0,"b3_n_vlakken":1,"b3_opp_grond":18.06999969482422,"b3_opp_dak_plat":18.06999969482422,"b3_opp_dak_schuin":0,"b3_volume_lod22":53.905029296875,"b3_kwaliteitsindicator":1,"b3_pw_bron":"ahn5","b3_h_goot_nap":2.29,"b3_h_nok_nap":2.31,"goothoogte":2.97,"nokhoogte":2.99},"geometry":{"type":"Polygon","coordinates":[[[172585.719,559000.938],[172582.906,559001.25],[172582.141,558994.875],[172584.938,558994.563],[172585.719,559000.938]]]}},{"type":"Feature","properties":{"identificatie":"NL.IMBAG.Pand.0091100000005498","oorspronkelijkbouwjaar":1975,"status":"Pand in gebruik","b3_dak_type":"horizontal","b3_h_maaiveld":-0.6880000233650208,"b3_n_nok":0,"b3_n_vlakken":1,"b3_opp_grond":18.170000076293945,"b3_opp_dak_plat":18.18000030517578,"b3_opp_dak_schuin":0,"b3_volume_lod22":49.3037223815918,"b3_kwaliteitsindicator":1,"b3_pw_bron":"ahn5","b3_h_goot_nap":1.96,"b3_h_nok_nap":2.1,"goothoogte":2.65,"nokhoogte":2.79},"geometry":{"type":"Polygon","coordinates":[[[172464.609,559023.25],[172461.578,559023.625],[172460.906,559017.688],[172463.938,559017.313],[172464.609,559023.25]]]}},{"type":"Feature","properties":{"identificatie":"NL.IMBAG.Pand.0091100000011457","oorspronkelijkbouwjaar":1976,"status":"Pand in gebruik","b3_dak_type":"slanted","b3_h_maaiveld":-0.6349999904632568,"b3_n_nok":0,"b3_n_vlakken":1,"b3_opp_grond":14.430000305175781,"b3_opp_dak_plat":0,"b3_opp_dak_schuin":14.5600004196167,"b3_volume_lod22":34.06812286376953,"b3_kwaliteitsindicator":1,"b3_pw_bron":"ahn5","b3_h_goot_nap":1.39,"b3_h_nok_nap":1.96,"goothoogte":2.03,"nokhoogte":2.6},"geometry":{"type":"Polygon","coordinates":[[[172439.75,558999.563],[172440.25,559003.938],[172436.953,559004.313],[172436.484,558999.938],[172439.75,558999.563]]]}},{"type":"Feature","properties":{"identificatie":"NL.IMBAG.Pand.0091100000005510","oorspronkelijkbouwjaar":1976,"status":"Pand in gebruik","b3_dak_type":"slanted","b3_bouwlagen":3,"b3_h_maaiveld":-0.4320000112056732,"b3_h_nok":8.476412773132324,"b3_n_nok":1,"b3_n_vlakken":5,"b3_opp_grond":77.41000366210938,"b3_opp_dak_plat":9.75,"b3_opp_dak_schuin":87.5999984741211,"b3_volume_lod22":449.2367858886719,"b3_kwaliteitsindicator":1,"b3_pw_bron":"ahn5","b3_h_goot_nap":3.67,"b3_h_nok_nap":8.89,"goothoogte":4.1,"nokhoogte":9.32},"geometry":{"type":"Polygon","coordinates":[[[172462.609,558990.625],[172459.922,558990.938],[172458.875,558981.688],[172464.953,558981],[172466.016,558990.25],[172466.125,558990.188],[172466.484,558993.5],[172466.125,558993.563],[172466.453,558996.313],[172463.313,558996.688],[172462.609,558990.625]]]}},{"type":"Feature","properties":{"identificatie":"NL.IMBAG.Pand.0091100000010272","oorspronkelijkbouwjaar":1977,"status":"Pand in gebruik","b3_dak_type":"slanted","b3_h_maaiveld":-0.7749999761581421,"b3_h_nok":2.3141469955444336,"b3_n_nok":1,"b3_n_vlakken":2,"b3_opp_grond":31.8799991607666,"b3_opp_dak_plat":0,"b3_opp_dak_schuin":32.880001068115234,"b3_volume_lod22":88.57710266113281,"b3_kwaliteitsindicator":1,"b3_pw_bron":"ahn5","b3_h_goot_nap":1.43,"b3_h_nok_nap":2.41,"goothoogte":2.21,"nokhoogte":3.18},"geometry":{"type":"Polygon","coordinates":[[[172489.891,558925.938],[172494.875,558923.938],[172497.031,558929.25],[172492.047,558931.25],[172491.953,558931],[172490.344,558931.688],[172488.766,558927.75],[172490.375,558927.125],[172489.891,558925.938]]]}},{"type":"Feature","properties":{"identificatie":"NL.IMBAG.Pand.0091100000014460","oorspronkelijkbouwjaar":1976,"status":"Pand in gebruik","b3_dak_type":"slanted","b3_bouwlagen":3,"b3_h_maaiveld":-0.47099998593330383,"b3_h_nok":8.59688663482666,"b3_n_nok":5,"b3_n_vlakken":8,"b3_opp_grond":108.13999938964844,"b3_opp_dak_plat":49.41999816894531,"b3_opp_dak_schuin":82.43000030517578,"b3_volume_lod22":551.6188354492188,"b3_kwaliteitsindicator":0,"b3_pw_bron":"ahn5","b3_h_goot_nap":2.43,"b3_h_nok_nap":8.82,"goothoogte":2.9,"nokhoogte":9.29},"geometry":{"type":"Polygon","coordinates":[[[172430.297,559002.063],[172427.797,559002.313],[172428.797,559011.125],[172425.438,559011.5],[172424.719,559005.563],[172424.281,559002.813],[172423.313,558994.25],[172423.172,558994.25],[172422.688,558990.063],[172428.828,558989.375],[172430.297,559002.063]]]}},{"type":"Feature","properties":{"identificatie":"NL.IMBAG.Pand.0091100000012768","oorspronkelijkbouwjaar":1979,"status":"Pand in gebruik","b3_dak_type":"slanted","b3_bouwlagen":3,"b3_h_maaiveld":-0.4950000047683716,"b3_n_nok":0,"b3_n_vlakken":4,"b3_opp_grond":72.87999725341797,"b3_opp_dak_plat":46.130001068115234,"b3_opp_dak_schuin":36.11000061035156,"b3_volume_lod22":447.6396179199219,"b3_kwaliteitsindicator":1,"b3_pw_bron":"ahn5","b3_h_goot_nap":2.78,"b3_h_nok_nap":8.03,"goothoogte":3.28,"nokhoogte":8.53},"geometry":{"type":"Polygon","coordinates":[[[172553.141,559116.75],[172550.547,559116.938],[172542.469,559117.75],[172542.219,559114.875],[172537.875,559115.25],[172537.609,559112.5],[172550.078,559111.313],[172550.109,559111.563],[172552.672,559111.25],[172553.141,559116.75]]]}},{"type":"Feature","properties":{"identificatie":"NL.IMBAG.Pand.0091100000006788","oorspronkelijkbouwjaar":1978,"status":"Pand in gebruik","b3_dak_type":"slanted","b3_bouwlagen":3,"b3_h_maaiveld":-0.36500000953674316,"b3_h_nok":8.183096885681152,"b3_n_nok":3,"b3_n_vlakken":7,"b3_opp_grond":99.9000015258789,"b3_opp_dak_plat":0,"b3_opp_dak_schuin":135.35000610351562,"b3_volume_lod22":625.660400390625,"b3_kwaliteitsindicator":1,"b3_pw_bron":"ahn5","b3_h_goot_nap":2.21,"b3_h_nok_nap":8.41,"goothoogte":2.58,"nokhoogte":8.77},"geometry":{"type":"Polygon","coordinates":[[[172374.875,559108.938],[172371.516,559103.375],[172374.656,559101.438],[172373.094,559098.875],[172380.609,559094.313],[172383.922,559099.75],[172381.781,559101.063],[172383.422,559103.75],[172374.875,559108.938]]]}},{"type":"Feature","properties":{"identificatie":"NL.IMBAG.Pand.0091100000003910","oorspronkelijkbouwjaar":1978,"status":"Pand in gebruik","b3_dak_type":"slanted","b3_bouwlagen":3,"b3_h_maaiveld":-0.36399999260902405,"b3_h_nok":7.85230827331543,"b3_n_nok":1,"b3_n_vlakken":5,"b3_opp_grond":83.0199966430664,"b3_opp_dak_plat":24.780000686645508,"b3_opp_dak_schuin":75.55000305175781,"b3_volume_lod22":416.2940368652344,"b3_kwaliteitsindicator":1,"b3_pw_bron":"ahn5","b3_h_goot_nap":2.37,"b3_h_nok_nap":8.11,"goothoogte":2.74,"nokhoogte":8.47},"geometry":{"type":"Polygon","coordinates":[[[172393.5,559143.5],[172390.75,559138.938],[172395.953,559135.813],[172394.453,559133.313],[172399.578,559130.188],[172401.141,559132.75],[172401.422,559132.688],[172404.141,559136.938],[172401.938,559138.375],[172393.5,559143.5]]]}},{"type":"Feature","properties":{"identificatie":"NL.IMBAG.Pand.1900100010090970","oorspronkelijkbouwjaar":2022,"status":"Pand in gebruik","b3_dak_type":"horizontal","b3_h_maaiveld":-0.21199999749660492,"b3_n_nok":0,"b3_n_vlakken":1,"b3_opp_grond":6.460000038146973,"b3_opp_dak_plat":0,"b3_opp_dak_schuin":6.46999979019165,"b3_volume_lod22":15.674971580505371,"b3_kwaliteitsindicator":1,"b3_pw_bron":"ahn5","b3_h_goot_nap":2.17,"b3_h_nok_nap":2.29,"goothoogte":2.38,"nokhoogte":2.51},"geometry":{"type":"Polygon","coordinates":[[[172554.563,559029.313],[172554.297,559027.25],[172557.422,559026.875],[172557.688,559028.875],[172554.563,559029.313]]]}},{"type":"Feature","properties":{"identificatie":"NL.IMBAG.Pand.0091100000006637","oorspronkelijkbouwjaar":1978,"status":"Pand in gebruik","b3_dak_type":"slanted","b3_bouwlagen":3,"b3_h_maaiveld":-0.5989999771118164,"b3_h_nok":8.22957992553711,"b3_n_nok":3,"b3_n_vlakken":6,"b3_opp_grond":84.87000274658203,"b3_opp_dak_plat":20.1299991607666,"b3_opp_dak_schuin":89.77999877929688,"b3_volume_lod22":475.4018859863281,"b3_kwaliteitsindicator":1,"b3_pw_bron":"ahn5","b3_h_goot_nap":2.75,"b3_h_nok_nap":8.56,"goothoogte":3.35,"nokhoogte":9.16},"geometry":{"type":"Polygon","coordinates":[[[172343.984,559114.063],[172349.438,559110.688],[172351.969,559114.75],[172354.375,559113.25],[172357.828,559118.75],[172354.313,559121],[172353.656,559119.938],[172349.328,559122.625],[172343.984,559114.063]]]}},{"type":"Feature","properties":{"identificatie":"NL.IMBAG.Pand.0091100000014641","oorspronkelijkbouwjaar":1981,"status":"Pand in gebruik","b3_dak_type":"slanted","b3_bouwlagen":3,"b3_h_maaiveld":-0.2630000114440918,"b3_h_nok":9.435750961303711,"b3_n_nok":1,"b3_n_vlakken":4,"b3_opp_grond":124.95999908447266,"b3_opp_dak_plat":43.06999969482422,"b3_opp_dak_schuin":121.43000030517578,"b3_volume_lod22":835.0808715820312,"b3_kwaliteitsindicator":1,"b3_pw_bron":"ahn5","b3_h_goot_nap":2.64,"b3_h_nok_nap":9.65,"goothoogte":2.91,"nokhoogte":9.92},"geometry":{"type":"Polygon","coordinates":[[[172601.438,559095.375],[172596.641,559095.813],[172596.938,559099.188],[172587.328,559100],[172586.781,559093.563],[172589.266,559093.438],[172588.844,559089.438],[172600.813,559088.313],[172601.438,559095.375]]]}},{"type":"Feature","properties":{"identificatie":"NL.IMBAG.Pand.0091100000016500","oorspronkelijkbouwjaar":1977,"status":"Pand in gebruik","b3_dak_type":"slanted","b3_bouwlagen":3,"b3_h_maaiveld":-0.3799999952316284,"b3_h_nok":9.51620864868164,"b3_n_nok":1,"b3_n_vlakken":3,"b3_opp_grond":65.95999908447266,"b3_opp_dak_plat":5.489999771118164,"b3_opp_dak_schuin":76.94000244140625,"b3_volume_lod22":475.9516906738281,"b3_kwaliteitsindicator":1,"b3_pw_bron":"ahn5","b3_h_goot_nap":2.1,"b3_h_nok_nap":9.73,"goothoogte":2.48,"nokhoogte":10.11},"geometry":{"type":"Polygon","coordinates":[[[172596.891,558985.375],[172597.172,558987.75],[172601.063,558987.313],[172601.453,558990.5],[172588.125,558992.125],[172587.453,558986.563],[172596.891,558985.375]]]}},{"type":"Feature","properties":{"identificatie":"NL.IMBAG.Pand.0091100000010819","oorspronkelijkbouwjaar":1975,"status":"Pand in gebruik","b3_dak_type":"horizontal","b3_h_maaiveld":-0.6970000267028809,"b3_n_nok":0,"b3_n_vlakken":1,"b3_opp_grond":17.84000015258789,"b3_opp_dak_plat":17.850000381469727,"b3_opp_dak_schuin":0,"b3_volume_lod22":48.12278747558594,"b3_kwaliteitsindicator":1,"b3_pw_bron":"ahn5","b3_h_goot_nap":1.96,"b3_h_nok_nap":2.05,"goothoogte":2.66,"nokhoogte":2.75},"geometry":{"type":"Polygon","coordinates":[[[172473.469,559022.25],[172470.5,559022.563],[172469.828,559016.625],[172472.797,559016.313],[172473.469,559022.25]]]}},{"type":"Feature","properties":{"identificatie":"NL.IMBAG.Pand.0091100000010979","oorspronkelijkbouwjaar":1990,"status":"Pand in gebruik","b3_dak_type":"horizontal","b3_h_maaiveld":-0.6259999871253967,"b3_n_nok":0,"b3_n_vlakken":1,"b3_opp_grond":17.770000457763672,"b3_opp_dak_plat":17.770000457763672,"b3_opp_dak_schuin":0,"b3_volume_lod22":47.323394775390625,"b3_kwaliteitsindicator":1,"b3_pw_bron":"ahn5","b3_h_goot_nap":2,"b3_h_nok_nap":2.08,"goothoogte":2.63,"nokhoogte":2.71},"geometry":{"type":"Polygon","coordinates":[[[172485.281,559020.938],[172482.344,559021.25],[172481.656,559015.313],[172484.609,559014.938],[172485.281,559020.938]]]}},{"type":"Feature","properties":{"identificatie":"NL.IMBAG.Pand.0091100000008592","oorspronkelijkbouwjaar":1978,"status":"Pand in gebruik","b3_dak_type":"slanted","b3_bouwlagen":2,"b3_h_maaiveld":-1.0410000085830688,"b3_h_nok":7.373772144317627,"b3_n_nok":3,"b3_n_vlakken":7,"b3_opp_grond":112.73999786376953,"b3_opp_dak_plat":54.189998626708984,"b3_opp_dak_schuin":66.43000030517578,"b3_volume_lod22":605.95458984375,"b3_kwaliteitsindicator":1,"b3_pw_bron":"ahn5","b3_h_goot_nap":2.24,"b3_h_nok_nap":7.55,"goothoogte":3.28,"nokhoogte":8.59},"geometry":{"type":"Polygon","coordinates":[[[172391.422,559042.875],[172391.156,559042.438],[172393.875,559040.875],[172393.844,559040.813],[172394.063,559040.688],[172400.609,559052.375],[172397.75,559054],[172398.016,559054.5],[172395.594,559055.813],[172393.781,559052.625],[172390.922,559054.188],[172386.172,559045.875],[172391.422,559042.875]]]}},{"type":"Feature","properties":{"identificatie":"NL.IMBAG.Pand.0091100000010268","oorspronkelijkbouwjaar":1977,"status":"Pand in gebruik","b3_dak_type":"slanted","b3_h_maaiveld":-0.5740000009536743,"b3_h_nok":2.2749953269958496,"b3_n_nok":1,"b3_n_vlakken":2,"b3_opp_grond":16.969999313354492,"b3_opp_dak_plat":0,"b3_opp_dak_schuin":18.049999237060547,"b3_volume_lod22":39.42723846435547,"b3_kwaliteitsindicator":1,"b3_pw_bron":"ahn5","b3_h_goot_nap":1.16,"b3_h_nok_nap":2.26,"goothoogte":1.73,"nokhoogte":2.83},"geometry":{"type":"Polygon","coordinates":[[[172503.391,558966.188],[172497.609,558966.5],[172497.453,558963.563],[172503.219,558963.25],[172503.391,558966.188]]]}},{"type":"Feature","properties":{"identificatie":"NL.IMBAG.Pand.0091100000014441","oorspronkelijkbouwjaar":1976,"status":"Pand in gebruik","b3_dak_type":"slanted","b3_bouwlagen":3,"b3_h_maaiveld":-0.4620000123977661,"b3_h_nok":8.589457511901855,"b3_n_nok":4,"b3_n_vlakken":7,"b3_opp_grond":77.61000061035156,"b3_opp_dak_plat":20.469999313354492,"b3_opp_dak_schuin":75.93000030517578,"b3_volume_lod22":457.4129943847656,"b3_kwaliteitsindicator":1,"b3_pw_bron":"ahn5","b3_h_goot_nap":2.45,"b3_h_nok_nap":8.82,"goothoogte":2.91,"nokhoogte":9.28},"geometry":{"type":"Polygon","coordinates":[[[172425.438,559011.5],[172422.547,559011.813],[172421.828,559005.563],[172423.156,559005.438],[172422.969,559003.625],[172418.297,559004.188],[172417.25,558994.938],[172423.313,558994.25],[172424.281,559002.813],[172424.719,559005.563],[172425.438,559011.5]]]}},{"type":"Feature","properties":{"identificatie":"NL.IMBAG.Pand.0091100000008631","oorspronkelijkbouwjaar":1978,"status":"Pand in gebruik","b3_dak_type":"slanted","b3_bouwlagen":3,"b3_h_maaiveld":-0.38199999928474426,"b3_h_nok":7.390746593475342,"b3_n_nok":1,"b3_n_vlakken":6,"b3_opp_grond":85.95999908447266,"b3_opp_dak_plat":10.930000305175781,"b3_opp_dak_schuin":87.41999816894531,"b3_volume_lod22":456.38818359375,"b3_kwaliteitsindicator":1,"b3_pw_bron":"ahn5","b3_h_goot_nap":2.91,"b3_h_nok_nap":7.59,"goothoogte":3.29,"nokhoogte":7.98},"geometry":{"type":"Polygon","coordinates":[[[172391.031,559054.125],[172392.844,559057.375],[172390.422,559058.75],[172388.594,559055.5],[172385.688,559057.125],[172380.969,559048.75],[172380.625,559049],[172379.25,559046.5],[172384.891,559043.313],[172386.234,559045.813],[172386.172,559045.875],[172390.922,559054.188],[172391.031,559054.125]]]}},{"type":"Feature","properties":{"identificatie":"NL.IMBAG.Pand.0091100000009095","oorspronkelijkbouwjaar":1978,"status":"Pand in gebruik","b3_dak_type":"slanted","b3_bouwlagen":3,"b3_h_maaiveld":-0.46000000834465027,"b3_h_nok":8.979976654052734,"b3_n_nok":2,"b3_n_vlakken":4,"b3_opp_grond":105.9800033569336,"b3_opp_dak_plat":11.5,"b3_opp_dak_schuin":187.0500030517578,"b3_volume_lod22":571.3594970703125,"b3_kwaliteitsindicator":1,"b3_pw_bron":"ahn5","b3_h_goot_nap":0.05,"b3_h_nok_nap":9.37,"goothoogte":0.51,"nokhoogte":9.83},"geometry":{"type":"Polygon","coordinates":[[[172579.109,558928.125],[172588.703,558926.875],[172590.047,558937.75],[172580.453,558939],[172579.109,558928.125]]]}},{"type":"Feature","properties":{"identificatie":"NL.IMBAG.Pand.0091100000019246","oorspronkelijkbouwjaar":1976,"status":"Pand in gebruik","b3_dak_type":"slanted","b3_bouwlagen":3,"b3_h_maaiveld":-0.41100001335144043,"b3_h_nok":8.951273918151855,"b3_n_nok":1,"b3_n_vlakken":4,"b3_opp_grond":95.22000122070312,"b3_opp_dak_plat":31.709999084472656,"b3_opp_dak_schuin":78.4800033569336,"b3_volume_lod22":584.0488891601562,"b3_kwaliteitsindicator":1,"b3_pw_bron":"ahn5","b3_h_goot_nap":2.85,"b3_h_nok_nap":9.09,"goothoogte":3.26,"nokhoogte":9.5},"geometry":{"type":"Polygon","coordinates":[[[172540.078,559032.063],[172539.734,559029.438],[172533.766,559030.188],[172532.906,559023.813],[172545.047,559022.25],[172546.25,559031.25],[172540.078,559032.063]]]}},{"type":"Feature","properties":{"identificatie":"NL.IMBAG.Pand.0091100000010716","oorspronkelijkbouwjaar":1977,"status":"Pand in gebruik","b3_dak_type":"slanted","b3_bouwlagen":3,"b3_h_maaiveld":-0.35899999737739563,"b3_h_nok":8.59265422821045,"b3_n_nok":1,"b3_n_vlakken":4,"b3_opp_grond":96.6500015258789,"b3_opp_dak_plat":43.25,"b3_opp_dak_schuin":65.0199966430664,"b3_volume_lod22":520.3942260742188,"b3_kwaliteitsindicator":1,"b3_pw_bron":"ahn5","b3_h_goot_nap":2.42,"b3_h_nok_nap":8.78,"goothoogte":2.78,"nokhoogte":9.14},"geometry":{"type":"Polygon","coordinates":[[[172497.563,559039.563],[172494.688,559039.875],[172495.125,559043.313],[172489.484,559044.063],[172487.734,559030.5],[172490.906,559030.125],[172493.453,559031.563],[172493.578,559032.563],[172496.641,559032.188],[172497.563,559039.563]]]}},{"type":"Feature","properties":{"identificatie":"NL.IMBAG.Pand.0091100000016554","oorspronkelijkbouwjaar":1978,"status":"Pand in gebruik","b3_dak_type":"slanted","b3_bouwlagen":3,"b3_h_maaiveld":-0.4950000047683716,"b3_h_nok":8.105730056762695,"b3_n_nok":2,"b3_n_vlakken":6,"b3_opp_grond":123.08000183105469,"b3_opp_dak_plat":54.84000015258789,"b3_opp_dak_schuin":84.54000091552734,"b3_volume_lod22":609.041748046875,"b3_kwaliteitsindicator":1,"b3_pw_bron":"ahn5","b3_h_goot_nap":2.25,"b3_h_nok_nap":8.41,"goothoogte":2.75,"nokhoogte":8.9},"geometry":{"type":"Polygon","coordinates":[[[172384.734,559125.125],[172381.344,559119.563],[172386.391,559116.5],[172384.859,559114],[172395.438,559107.563],[172397.219,559110.5],[172395.844,559111.313],[172395.594,559112.188],[172396.75,559114.125],[172391.625,559117.25],[172393.281,559119.938],[172384.734,559125.125]]]}},{"type":"Feature","properties":{"identificatie":"NL.IMBAG.Pand.1900100010090969","oorspronkelijkbouwjaar":2022,"status":"Pand in gebruik","b3_dak_type":"horizontal","b3_h_maaiveld":-0.5180000066757202,"b3_n_nok":0,"b3_n_vlakken":1,"b3_opp_grond":17.540000915527344,"b3_opp_dak_plat":0,"b3_opp_dak_schuin":17.610000610351562,"b3_volume_lod22":44.576263427734375,"b3_kwaliteitsindicator":1,"b3_pw_bron":"ahn5","b3_h_goot_nap":1.85,"b3_h_nok_nap":2.21,"goothoogte":2.36,"nokhoogte":2.73},"geometry":{"type":"Polygon","coordinates":[[[172571.484,558977.188],[172570.938,558972.25],[172575,558971.75],[172575.547,558976.75],[172571.484,558977.188]]]}},{"type":"Feature","properties":{"identificatie":"NL.IMBAG.Pand.0091100000010908","oorspronkelijkbouwjaar":1979,"status":"Pand in gebruik","b3_dak_type":"slanted","b3_bouwlagen":3,"b3_h_maaiveld":-0.4309999942779541,"b3_n_nok":0,"b3_n_vlakken":7,"b3_opp_grond":80.33999633789062,"b3_opp_dak_plat":57.34000015258789,"b3_opp_dak_schuin":34.150001525878906,"b3_volume_lod22":483.98114013671875,"b3_kwaliteitsindicator":1,"b3_pw_bron":"ahn5","b3_h_goot_nap":5.06,"b3_h_nok_nap":7.79,"goothoogte":5.49,"nokhoogte":8.23},"geometry":{"type":"Polygon","coordinates":[[[172531.719,559130.375],[172526.016,559130.938],[172516.641,559131.813],[172516.625,559131.625],[172515.125,559131.75],[172515.141,559131.938],[172514.203,559132],[172513.719,559126.313],[172524.281,559125.375],[172524.547,559128.188],[172528.266,559127.813],[172531.438,559127.5],[172531.719,559130.375]]]}},{"type":"Feature","properties":{"identificatie":"NL.IMBAG.Pand.0091100000010037","oorspronkelijkbouwjaar":1975,"status":"Pand in gebruik","b3_dak_type":"horizontal","b3_h_maaiveld":-0.33399999141693115,"b3_n_nok":0,"b3_n_vlakken":1,"b3_opp_grond":15.779999732971191,"b3_opp_dak_plat":15.779999732971191,"b3_opp_dak_schuin":0,"b3_volume_lod22":42.80757522583008,"b3_kwaliteitsindicator":1,"b3_pw_bron":"ahn5","b3_h_goot_nap":2.36,"b3_h_nok_nap":2.4,"goothoogte":2.69,"nokhoogte":2.73},"geometry":{"type":"Polygon","coordinates":[[[172561.219,559079.25],[172558.469,559079.5],[172557.953,559073.813],[172560.703,559073.563],[172561.219,559079.25]]]}},{"type":"Feature","properties":{"identificatie":"NL.IMBAG.Pand.0091100000009962","oorspronkelijkbouwjaar":1977,"status":"Pand in gebruik","b3_dak_type":"slanted","b3_h_maaiveld":-0.4320000112056732,"b3_h_nok":2.000243663787842,"b3_n_nok":1,"b3_n_vlakken":2,"b3_opp_grond":9.449999809265137,"b3_opp_dak_plat":0,"b3_opp_dak_schuin":10.100000381469727,"b3_volume_lod22":19.886890411376953,"b3_kwaliteitsindicator":1,"b3_pw_bron":"ahn5","b3_h_goot_nap":1.23,"b3_h_nok_nap":2.11,"goothoogte":1.66,"nokhoogte":2.54},"geometry":{"type":"Polygon","coordinates":[[[172570.109,558968.313],[172567.406,558968.625],[172567.047,558965.125],[172569.734,558964.813],[172570.109,558968.313]]]}},{"type":"Feature","properties":{"identificatie":"NL.IMBAG.Pand.0091100000014556","oorspronkelijkbouwjaar":1977,"status":"Pand in gebruik","b3_dak_type":"slanted","b3_bouwlagen":3,"b3_h_maaiveld":-0.43700000643730164,"b3_h_nok":9.452113151550293,"b3_n_nok":1,"b3_n_vlakken":3,"b3_opp_grond":64.37000274658203,"b3_opp_dak_plat":0,"b3_opp_dak_schuin":82.70999908447266,"b3_volume_lod22":460.5140380859375,"b3_kwaliteitsindicator":1,"b3_pw_bron":"ahn5","b3_h_goot_nap":2.03,"b3_h_nok_nap":9.65,"goothoogte":2.47,"nokhoogte":10.09},"geometry":{"type":"Polygon","coordinates":[[[172593.234,558980.313],[172586.797,558981.063],[172586.813,558981.25],[172583.828,558981.563],[172583.156,558975.938],[172596.484,558974.438],[172596.844,558977.375],[172592.938,558977.875],[172593.234,558980.313]]]}},{"type":"Feature","properties":{"identificatie":"NL.IMBAG.Pand.0091100000009303","oorspronkelijkbouwjaar":1977,"status":"Pand in gebruik","b3_dak_type":"horizontal","b3_h_maaiveld":-0.515999972820282,"b3_n_nok":0,"b3_n_vlakken":1,"b3_opp_grond":22.170000076293945,"b3_opp_dak_plat":22.18000030517578,"b3_opp_dak_schuin":0,"b3_volume_lod22":55.96221160888672,"b3_kwaliteitsindicator":1,"b3_pw_bron":"ahn5","b3_h_goot_nap":1.94,"b3_h_nok_nap":2.06,"goothoogte":2.46,"nokhoogte":2.57},"geometry":{"type":"Polygon","coordinates":[[[172504.375,559101.813],[172499.547,559102.125],[172499.266,559097.563],[172504.109,559097.25],[172504.375,559101.813]]]}},{"type":"Feature","properties":{"identificatie":"NL.IMBAG.Pand.0091100000010284","oorspronkelijkbouwjaar":1977,"status":"Pand in gebruik","b3_dak_type":"slanted","b3_h_maaiveld":-0.29100000858306885,"b3_h_nok":2.719005823135376,"b3_n_nok":1,"b3_n_vlakken":2,"b3_opp_grond":21.6200008392334,"b3_opp_dak_plat":0,"b3_opp_dak_schuin":23.489999771118164,"b3_volume_lod22":55.5712890625,"b3_kwaliteitsindicator":1,"b3_pw_bron":"ahn5","b3_h_goot_nap":1.72,"b3_h_nok_nap":2.81,"goothoogte":2.01,"nokhoogte":3.1},"geometry":{"type":"Polygon","coordinates":[[[172554.328,559030.938],[172549.172,559031.688],[172548.594,559027.563],[172553.766,559026.875],[172554.328,559030.938]]]}},{"type":"Feature","properties":{"identificatie":"NL.IMBAG.Pand.0091100000010005","oorspronkelijkbouwjaar":1977,"status":"Pand in gebruik","b3_dak_type":"slanted","b3_bouwlagen":3,"b3_h_maaiveld":-0.335999995470047,"b3_h_nok":8.42945384979248,"b3_n_nok":1,"b3_n_vlakken":6,"b3_opp_grond":107.33999633789062,"b3_opp_dak_plat":74.30999755859375,"b3_opp_dak_schuin":43.68000030517578,"b3_volume_lod22":579.237548828125,"b3_kwaliteitsindicator":1,"b3_pw_bron":"ahn5","b3_h_goot_nap":2.45,"b3_h_nok_nap":8.52,"goothoogte":2.79,"nokhoogte":8.85},"geometry":{"type":"Polygon","coordinates":[[[172567.25,559025.5],[172576.344,559024.375],[172577.125,559031.063],[172576.578,559031.125],[172577.344,559037.313],[172574.156,559037.688],[172573.984,559036.313],[172568.688,559036.938],[172567.25,559025.5]]]}},{"type":"Feature","properties":{"identificatie":"NL.IMBAG.Pand.0091100000005530","oorspronkelijkbouwjaar":1975,"status":"Pand in gebruik","b3_dak_type":"horizontal","b3_h_maaiveld":-0.7039999961853027,"b3_n_nok":0,"b3_n_vlakken":1,"b3_opp_grond":17.770000457763672,"b3_opp_dak_plat":17.780000686645508,"b3_opp_dak_schuin":0,"b3_volume_lod22":48.19480895996094,"b3_kwaliteitsindicator":1,"b3_pw_bron":"ahn5","b3_h_goot_nap":1.95,"b3_h_nok_nap":2.08,"goothoogte":2.66,"nokhoogte":2.78},"geometry":{"type":"Polygon","coordinates":[[[172467.563,559022.938],[172464.609,559023.25],[172463.938,559017.313],[172466.875,559017],[172467.563,559022.938]]]}},{"type":"Feature","properties":{"identificatie":"NL.IMBAG.Pand.0091100000006522","oorspronkelijkbouwjaar":1978,"status":"Pand in gebruik","b3_dak_type":"slanted","b3_bouwlagen":3,"b3_h_maaiveld":-0.4230000078678131,"b3_h_nok":7.390135288238525,"b3_n_nok":1,"b3_n_vlakken":4,"b3_opp_grond":66.81999969482422,"b3_opp_dak_plat":10.350000381469727,"b3_opp_dak_schuin":64.16000366210938,"b3_volume_lod22":391.1133728027344,"b3_kwaliteitsindicator":1,"b3_pw_bron":"ahn5","b3_h_goot_nap":4.06,"b3_h_nok_nap":7.52,"goothoogte":4.49,"nokhoogte":7.94},"geometry":{"type":"Polygon","coordinates":[[[172355.531,559055.75],[172351.688,559068.438],[172349.063,559067.625],[172350.188,559064.125],[172347.047,559063.125],[172349.844,559054.063],[172355.531,559055.75]]]}},{"type":"Feature","properties":{"identificatie":"NL.IMBAG.Pand.0091100000005482","oorspronkelijkbouwjaar":1977,"status":"Pand in gebruik","b3_dak_type":"horizontal","b3_h_maaiveld":-0.3230000138282776,"b3_n_nok":0,"b3_n_vlakken":1,"b3_opp_grond":22.3700008392334,"b3_opp_dak_plat":22.3700008392334,"b3_opp_dak_schuin":0,"b3_volume_lod22":61.89805603027344,"b3_kwaliteitsindicator":1,"b3_pw_bron":"ahn5","b3_h_goot_nap":2.44,"b3_h_nok_nap":2.45,"goothoogte":2.76,"nokhoogte":2.77},"geometry":{"type":"Polygon","coordinates":[[[172463.438,559043.563],[172460.469,559043.938],[172459.484,559036.5],[172462.453,559036.125],[172463.438,559043.563]]]}},{"type":"Feature","properties":{"identificatie":"NL.IMBAG.Pand.0091100000011967","oorspronkelijkbouwjaar":1976,"status":"Pand in gebruik","b3_dak_type":"slanted","b3_bouwlagen":3,"b3_h_maaiveld":-0.4300000071525574,"b3_h_nok":9.276887893676758,"b3_n_nok":1,"b3_n_vlakken":4,"b3_opp_grond":70.16000366210938,"b3_opp_dak_plat":18.56999969482422,"b3_opp_dak_schuin":67.83000183105469,"b3_volume_lod22":483.3446350097656,"b3_kwaliteitsindicator":1,"b3_pw_bron":"ahn5","b3_h_goot_nap":5.18,"b3_h_nok_nap":9.41,"goothoogte":5.61,"nokhoogte":9.84},"geometry":{"type":"Polygon","coordinates":[[[172550.078,558987.688],[172550.063,558987.563],[172542.5,558988.563],[172542.094,558985.375],[172539.688,558985.688],[172539.375,558983.313],[172545.672,558982.5],[172545.688,558982.625],[172553.219,558981.625],[172553.922,558987.25],[172550.078,558987.688]]]}},{"type":"Feature","properties":{"identificatie":"NL.IMBAG.Pand.0091100000010235","oorspronkelijkbouwjaar":1976,"status":"Pand in gebruik","b3_dak_type":"horizontal","b3_h_maaiveld":-0.7070000171661377,"b3_n_nok":0,"b3_n_vlakken":1,"b3_opp_grond":18.059999465942383,"b3_opp_dak_plat":18.059999465942383,"b3_opp_dak_schuin":0,"b3_volume_lod22":54.422637939453125,"b3_kwaliteitsindicator":1,"b3_pw_bron":"ahn5","b3_h_goot_nap":2.3,"b3_h_nok_nap":2.31,"goothoogte":3.01,"nokhoogte":3.02},"geometry":{"type":"Polygon","coordinates":[[[172588.516,559000.563],[172585.719,559000.938],[172584.938,558994.563],[172587.734,558994.25],[172588.516,559000.563]]]}},{"type":"Feature","properties":{"identificatie":"NL.IMBAG.Pand.0091100000007797","oorspronkelijkbouwjaar":1976,"status":"Pand in gebruik","b3_dak_type":"horizontal","b3_h_maaiveld":-0.5400000214576721,"b3_n_nok":0,"b3_n_vlakken":1,"b3_opp_grond":22.489999771118164,"b3_opp_dak_plat":22.489999771118164,"b3_opp_dak_schuin":0,"b3_volume_lod22":66.54618072509766,"b3_kwaliteitsindicator":1,"b3_pw_bron":"ahn5","b3_h_goot_nap":2.41,"b3_h_nok_nap":2.43,"goothoogte":2.95,"nokhoogte":2.97},"geometry":{"type":"Polygon","coordinates":[[[172458.875,559027.563],[172455.906,559027.938],[172455.063,559020.438],[172458.047,559020.125],[172458.875,559027.563]]]}},{"type":"Feature","properties":{"identificatie":"NL.IMBAG.Pand.0091100000006526","oorspronkelijkbouwjaar":1979,"status":"Pand in gebruik","b3_dak_type":"slanted","b3_bouwlagen":3,"b3_h_maaiveld":-0.39500001072883606,"b3_h_nok":7.326151371002197,"b3_n_nok":4,"b3_n_vlakken":7,"b3_opp_grond":85.37000274658203,"b3_opp_dak_plat":29.5,"b3_opp_dak_schuin":72.62000274658203,"b3_volume_lod22":443.3611755371094,"b3_kwaliteitsindicator":1,"b3_pw_bron":"ahn5","b3_h_goot_nap":2.5,"b3_h_nok_nap":7.49,"goothoogte":2.9,"nokhoogte":7.89},"geometry":{"type":"Polygon","coordinates":[[[172355.531,559055.75],[172361.422,559057.563],[172360.328,559061.125],[172363.188,559062],[172361.547,559067.375],[172358.688,559066.5],[172358.625,559066.688],[172355.359,559065.688],[172354.297,559069.25],[172351.688,559068.438],[172355.531,559055.75]]]}},{"type":"Feature","properties":{"identificatie":"NL.IMBAG.Pand.0091100000003863","oorspronkelijkbouwjaar":1978,"status":"Pand in gebruik","b3_dak_type":"slanted","b3_bouwlagen":3,"b3_h_maaiveld":-0.5289999842643738,"b3_h_nok":8.187618255615234,"b3_n_nok":1,"b3_n_vlakken":5,"b3_opp_grond":79.66999816894531,"b3_opp_dak_plat":6.239999771118164,"b3_opp_dak_schuin":92.08999633789062,"b3_volume_lod22":493.5159606933594,"b3_kwaliteitsindicator":1,"b3_pw_bron":"ahn4","b3_h_goot_nap":3.46,"b3_h_nok_nap":8.46,"goothoogte":3.99,"nokhoogte":8.98},"geometry":{"type":"Polygon","coordinates":[[[172366.484,559133.5],[172357.938,559138.688],[172356.297,559136],[172354.156,559137.25],[172351.438,559132.75],[172354.313,559131],[172355.328,559132.688],[172363.125,559127.938],[172366.484,559133.5]]]}},{"type":"Feature","properties":{"identificatie":"NL.IMBAG.Pand.0091100000009099","oorspronkelijkbouwjaar":1978,"status":"Pand in gebruik","b3_dak_type":"slanted","b3_bouwlagen":3,"b3_h_maaiveld":-0.4410000145435333,"b3_h_nok":9.014095306396484,"b3_n_nok":2,"b3_n_vlakken":4,"b3_opp_grond":97.20999908447266,"b3_opp_dak_plat":0,"b3_opp_dak_schuin":175.2899932861328,"b3_volume_lod22":560,"b3_kwaliteitsindicator":1,"b3_pw_bron":"ahn5","b3_h_goot_nap":2.78,"b3_h_nok_nap":9.49,"goothoogte":3.22,"nokhoogte":9.93},"geometry":{"type":"Polygon","coordinates":[[[172580.453,558939],[172571.672,558940.125],[172570.313,558929.188],[172579.109,558928.125],[172580.453,558939]]]}},{"type":"Feature","properties":{"identificatie":"NL.IMBAG.Pand.0091100000005522","oorspronkelijkbouwjaar":1976,"status":"Pand in gebruik","b3_dak_type":"slanted","b3_bouwlagen":3,"b3_h_maaiveld":-0.3569999933242798,"b3_h_nok":8.564082145690918,"b3_n_nok":3,"b3_n_vlakken":5,"b3_opp_grond":69.05999755859375,"b3_opp_dak_plat":9.670000076293945,"b3_opp_dak_schuin":82.80000305175781,"b3_volume_lod22":422.83709716796875,"b3_kwaliteitsindicator":1,"b3_pw_bron":"ahn5","b3_h_goot_nap":3.36,"b3_h_nok_nap":8.87,"goothoogte":3.72,"nokhoogte":9.23},"geometry":{"type":"Polygon","coordinates":[[[172464.953,558981],[172471.109,558980.313],[172472.531,558992.813],[172469.047,558993.25],[172468.688,558989.938],[172466.016,558990.25],[172464.953,558981]]]}},{"type":"Feature","properties":{"identificatie":"NL.IMBAG.Pand.0091100000010920","oorspronkelijkbouwjaar":1979,"status":"Pand in gebruik","b3_dak_type":"slanted","b3_bouwlagen":3,"b3_h_maaiveld":-0.4620000123977661,"b3_n_nok":0,"b3_n_vlakken":3,"b3_opp_grond":66.37000274658203,"b3_opp_dak_plat":51.06999969482422,"b3_opp_dak_schuin":25.690000534057617,"b3_volume_lod22":427.1557922363281,"b3_kwaliteitsindicator":1,"b3_pw_bron":"ahn5","b3_h_goot_nap":2.26,"b3_h_nok_nap":8.27,"goothoogte":2.72,"nokhoogte":8.73},"geometry":{"type":"Polygon","coordinates":[[[172523.219,559114],[172515.094,559114.688],[172514.563,559109],[172529.578,559107.688],[172529.828,559110.5],[172522.953,559111.125],[172523.219,559114]]]}},{"type":"Feature","properties":{"identificatie":"NL.IMBAG.Pand.0091100000011039","oorspronkelijkbouwjaar":1979,"status":"Pand in gebruik","b3_dak_type":"slanted","b3_bouwlagen":3,"b3_h_maaiveld":-0.5569999814033508,"b3_n_nok":0,"b3_n_vlakken":4,"b3_opp_grond":60.540000915527344,"b3_opp_dak_plat":45.2400016784668,"b3_opp_dak_schuin":25.280000686645508,"b3_volume_lod22":414.7998046875,"b3_kwaliteitsindicator":1,"b3_pw_bron":"ahn5","b3_h_goot_nap":2.37,"b3_h_nok_nap":7.79,"goothoogte":2.93,"nokhoogte":8.35},"geometry":{"type":"Polygon","coordinates":[[[172525.797,559094.313],[172526.063,559097.125],[172530.438,559096.75],[172530.703,559099.688],[172518.234,559100.875],[172517.703,559095.063],[172525.797,559094.313]]]}},{"type":"Feature","properties":{"identificatie":"NL.IMBAG.Pand.0091100000010137","oorspronkelijkbouwjaar":1976,"status":"Pand in gebruik","b3_dak_type":"slanted","b3_bouwlagen":3,"b3_h_maaiveld":-0.4320000112056732,"b3_h_nok":8.988326072692871,"b3_n_nok":2,"b3_n_vlakken":4,"b3_opp_grond":97.55000305175781,"b3_opp_dak_plat":0,"b3_opp_dak_schuin":175.50999450683594,"b3_volume_lod22":559.0455932617188,"b3_kwaliteitsindicator":1,"b3_pw_bron":"ahn5","b3_h_goot_nap":2.74,"b3_h_nok_nap":9.36,"goothoogte":3.17,"nokhoogte":9.79},"geometry":{"type":"Polygon","coordinates":[[[172571.672,558940.125],[172562.859,558941.25],[172561.5,558930.313],[172570.313,558929.188],[172571.672,558940.125]]]}},{"type":"Feature","properties":{"identificatie":"NL.IMBAG.Pand.0091100000010441","oorspronkelijkbouwjaar":1976,"status":"Pand in gebruik","b3_dak_type":"slanted","b3_bouwlagen":3,"b3_h_maaiveld":-0.5479999780654907,"b3_h_nok":8.54728889465332,"b3_n_nok":1,"b3_n_vlakken":4,"b3_opp_grond":69.6500015258789,"b3_opp_dak_plat":9.210000038146973,"b3_opp_dak_schuin":84.62000274658203,"b3_volume_lod22":437.7613525390625,"b3_kwaliteitsindicator":1,"b3_pw_bron":"ahn5","b3_h_goot_nap":3.21,"b3_h_nok_nap":8.85,"goothoogte":3.76,"nokhoogte":9.39},"geometry":{"type":"Polygon","coordinates":[[[172459.922,558990.938],[172457.203,558991.25],[172457.594,558994.563],[172454.109,558994.938],[172452.656,558982.438],[172458.875,558981.688],[172459.922,558990.938]]]}},{"type":"Feature","properties":{"identificatie":"NL.IMBAG.Pand.0091100000010700","oorspronkelijkbouwjaar":1976,"status":"Pand in gebruik","b3_dak_type":"slanted","b3_bouwlagen":3,"b3_h_maaiveld":-0.44699999690055847,"b3_h_nok":8.66259765625,"b3_n_nok":1,"b3_n_vlakken":5,"b3_opp_grond":68.93000030517578,"b3_opp_dak_plat":15.399999618530273,"b3_opp_dak_schuin":71.05999755859375,"b3_volume_lod22":428.0816650390625,"b3_kwaliteitsindicator":1,"b3_pw_bron":"ahn5","b3_h_goot_nap":2.51,"b3_h_nok_nap":8.81,"goothoogte":2.96,"nokhoogte":9.25},"geometry":{"type":"Polygon","coordinates":[[[172495.922,558975.5],[172486.688,558976.625],[172485.984,558970.438],[172498.484,558969],[172498.891,558972.5],[172495.625,558972.875],[172495.922,558975.5]]]}},{"type":"Feature","properties":{"identificatie":"NL.IMBAG.Pand.0091100000012764","oorspronkelijkbouwjaar":1976,"status":"Pand in gebruik","b3_dak_type":"slanted","b3_bouwlagen":3,"b3_h_maaiveld":-0.6340000033378601,"b3_h_nok":8.99077320098877,"b3_n_nok":1,"b3_n_vlakken":3,"b3_opp_grond":86.02999877929688,"b3_opp_dak_plat":35.91999816894531,"b3_opp_dak_schuin":77.47000122070312,"b3_volume_lod22":563.2506103515625,"b3_kwaliteitsindicator":1,"b3_pw_bron":"ahn5","b3_h_goot_nap":2.35,"b3_h_nok_nap":9.15,"goothoogte":2.98,"nokhoogte":9.78},"geometry":{"type":"Polygon","coordinates":[[[172542.375,559022.563],[172532.906,559023.813],[172532.047,559017.438],[172538.016,559016.688],[172537.672,559014],[172543.859,559013.188],[172544.594,559018.813],[172541.922,559019.125],[172542.375,559022.563]]]}},{"type":"Feature","properties":{"identificatie":"NL.IMBAG.Pand.0091100000014634","oorspronkelijkbouwjaar":1978,"status":"Pand in gebruik","b3_dak_type":"slanted","b3_bouwlagen":3,"b3_h_maaiveld":-0.453000009059906,"b3_h_nok":7.231374263763428,"b3_n_nok":1,"b3_n_vlakken":5,"b3_opp_grond":67.25,"b3_opp_dak_plat":9.789999961853027,"b3_opp_dak_schuin":64.01000213623047,"b3_volume_lod22":396.7268371582031,"b3_kwaliteitsindicator":1,"b3_pw_bron":"ahn5","b3_h_goot_nap":4.28,"b3_h_nok_nap":7.37,"goothoogte":4.74,"nokhoogte":7.83},"geometry":{"type":"Polygon","coordinates":[[[172347.047,559063.125],[172343.906,559062.188],[172342.875,559065.75],[172340.25,559064.938],[172344.094,559052.25],[172349.844,559054.063],[172347.047,559063.125]]]}},{"type":"Feature","properties":{"identificatie":"NL.IMBAG.Pand.0091100000010585","oorspronkelijkbouwjaar":1977,"status":"Pand in gebruik","b3_dak_type":"slanted","b3_bouwlagen":3,"b3_h_maaiveld":-0.39500001072883606,"b3_h_nok":8.601497650146484,"b3_n_nok":1,"b3_n_vlakken":3,"b3_opp_grond":74.55000305175781,"b3_opp_dak_plat":22.600000381469727,"b3_opp_dak_schuin":63.0099983215332,"b3_volume_lod22":448.3666076660156,"b3_kwaliteitsindicator":1,"b3_pw_bron":"ahn5","b3_h_goot_nap":2.41,"b3_h_nok_nap":8.79,"goothoogte":2.81,"nokhoogte":9.18},"geometry":{"type":"Polygon","coordinates":[[[172506.75,559043.688],[172501.094,559044.438],[172500.422,559039.188],[172497.563,559039.563],[172496.641,559032.188],[172499.719,559031.75],[172500.203,559035.313],[172505.563,559034.625],[172506.75,559043.688]]]}},{"type":"Feature","properties":{"identificatie":"NL.IMBAG.Pand.0091100000010963","oorspronkelijkbouwjaar":1975,"status":"Pand in gebruik","b3_dak_type":"horizontal","b3_h_maaiveld":-0.6370000243186951,"b3_n_nok":0,"b3_n_vlakken":1,"b3_opp_grond":17.8700008392334,"b3_opp_dak_plat":17.8700008392334,"b3_opp_dak_schuin":0,"b3_volume_lod22":47.437904357910156,"b3_kwaliteitsindicator":1,"b3_pw_bron":"ahn5","b3_h_goot_nap":1.97,"b3_h_nok_nap":2.07,"goothoogte":2.61,"nokhoogte":2.71},"geometry":{"type":"Polygon","coordinates":[[[172482.344,559021.25],[172479.375,559021.563],[172478.703,559015.625],[172481.656,559015.313],[172482.344,559021.25]]]}},{"type":"Feature","properties":{"identificatie":"NL.IMBAG.Pand.0091100000009751","oorspronkelijkbouwjaar":1975,"status":"Pand in gebruik","b3_dak_type":"horizontal","b3_h_maaiveld":-0.3310000002384186,"b3_n_nok":0,"b3_n_vlakken":1,"b3_opp_grond":15.960000038146973,"b3_opp_dak_plat":15.960000038146973,"b3_opp_dak_schuin":0,"b3_volume_lod22":42.763343811035156,"b3_kwaliteitsindicator":1,"b3_pw_bron":"ahn5","b3_h_goot_nap":2.34,"b3_h_nok_nap":2.35,"goothoogte":2.67,"nokhoogte":2.69},"geometry":{"type":"Polygon","coordinates":[[[172550.172,559080.313],[172547.391,559080.625],[172546.859,559074.938],[172549.641,559074.625],[172550.172,559080.313]]]}},{"type":"Feature","properties":{"identificatie":"NL.IMBAG.Pand.0091100000013747","oorspronkelijkbouwjaar":1979,"status":"Pand in gebruik","b3_dak_type":"slanted","b3_bouwlagen":3,"b3_h_maaiveld":-0.5550000071525574,"b3_n_nok":0,"b3_n_vlakken":4,"b3_opp_grond":66.70999908447266,"b3_opp_dak_plat":44.70000076293945,"b3_opp_dak_schuin":31.31999969482422,"b3_volume_lod22":433.0473937988281,"b3_kwaliteitsindicator":1,"b3_pw_bron":"ahn5","b3_h_goot_nap":5.14,"b3_h_nok_nap":7.76,"goothoogte":5.7,"nokhoogte":8.31},"geometry":{"type":"Polygon","coordinates":[[[172555.406,559091.375],[172545.984,559092.25],[172540.344,559092.813],[172540.063,559089.938],[172547.047,559089.313],[172546.781,559086.438],[172554.891,559085.625],[172555.406,559091.375]]]}},{"type":"Feature","properties":{"identificatie":"NL.IMBAG.Pand.0091100000016515","oorspronkelijkbouwjaar":1979,"status":"Pand in gebruik","b3_dak_type":"slanted","b3_bouwlagen":3,"b3_h_maaiveld":-0.4519999921321869,"b3_n_nok":0,"b3_n_vlakken":5,"b3_opp_grond":73.68000030517578,"b3_opp_dak_plat":45.619998931884766,"b3_opp_dak_schuin":37.97999954223633,"b3_volume_lod22":452.5645446777344,"b3_kwaliteitsindicator":1,"b3_pw_bron":"ahn5","b3_h_goot_nap":2.83,"b3_h_nok_nap":8.22,"goothoogte":3.28,"nokhoogte":8.67},"geometry":{"type":"Polygon","coordinates":[[[172551.641,559128.5],[172551.578,559128.375],[172543.484,559129.063],[172543.234,559126.188],[172538.906,559126.625],[172538.641,559123.813],[172553.641,559122.438],[172554.156,559128.25],[172551.641,559128.5]]]}},{"type":"Feature","properties":{"identificatie":"NL.IMBAG.Pand.0091100000014604","oorspronkelijkbouwjaar":1977,"status":"Pand in gebruik","b3_dak_type":"slanted","b3_bouwlagen":3,"b3_h_maaiveld":-0.3799999952316284,"b3_h_nok":8.292078018188477,"b3_n_nok":2,"b3_n_vlakken":5,"b3_opp_grond":84.26000213623047,"b3_opp_dak_plat":0,"b3_opp_dak_schuin":118.55000305175781,"b3_volume_lod22":450.9125061035156,"b3_kwaliteitsindicator":1,"b3_pw_bron":"ahn5","b3_h_goot_nap":2.34,"b3_h_nok_nap":8.53,"goothoogte":2.72,"nokhoogte":8.91},"geometry":{"type":"Polygon","coordinates":[[[172349.328,559122.625],[172345.016,559125.313],[172345.672,559126.313],[172342.203,559128.5],[172338.766,559122.938],[172341.094,559121.5],[172338.547,559117.438],[172343.984,559114.063],[172349.328,559122.625]]]}},{"type":"Feature","properties":{"identificatie":"NL.IMBAG.Pand.0091100000010145","oorspronkelijkbouwjaar":1977,"status":"Pand in gebruik","b3_dak_type":"slanted","b3_h_maaiveld":-0.5979999899864197,"b3_h_nok":2.3755736351013184,"b3_n_nok":1,"b3_n_vlakken":2,"b3_opp_grond":13.920000076293945,"b3_opp_dak_plat":0,"b3_opp_dak_schuin":15.350000381469727,"b3_volume_lod22":36.09484100341797,"b3_kwaliteitsindicator":1,"b3_pw_bron":"ahn5","b3_h_goot_nap":1.51,"b3_h_nok_nap":2.48,"goothoogte":2.11,"nokhoogte":3.08},"geometry":{"type":"Polygon","coordinates":[[[172570.828,558985.188],[172570.828,558985.125],[172568.406,558985.438],[172567.766,558981.438],[172571.094,558980.875],[172571.734,558985.063],[172570.828,558985.188]]]}},{"type":"Feature","properties":{"identificatie":"NL.IMBAG.Pand.0091100000009809","oorspronkelijkbouwjaar":1976,"status":"Pand in gebruik","b3_dak_type":"slanted","b3_bouwlagen":3,"b3_h_maaiveld":-0.5009999871253967,"b3_h_nok":9.09024715423584,"b3_n_nok":3,"b3_n_vlakken":7,"b3_opp_grond":126.87999725341797,"b3_opp_dak_plat":10,"b3_opp_dak_schuin":198.25999450683594,"b3_volume_lod22":680.0318603515625,"b3_kwaliteitsindicator":1,"b3_pw_bron":"ahn5","b3_h_goot_nap":2.47,"b3_h_nok_nap":9.56,"goothoogte":2.97,"nokhoogte":10.06},"geometry":{"type":"Polygon","coordinates":[[[172532.672,558952.188],[172523.891,558953.313],[172522.5,558942.375],[172522.625,558942.375],[172522.172,558938.938],[172530.578,558937.875],[172531.031,558941.313],[172531.281,558941.25],[172532.672,558952.188]]]}},{"type":"Feature","properties":{"identificatie":"NL.IMBAG.Pand.1900100010081748","oorspronkelijkbouwjaar":2015,"status":"Pand in gebruik","b3_dak_type":"horizontal","b3_h_maaiveld":-0.5619999766349792,"b3_n_nok":0,"b3_n_vlakken":1,"b3_opp_grond":10.270000457763672,"b3_opp_dak_plat":10.279999732971191,"b3_opp_dak_schuin":0,"b3_volume_lod22":26.814109802246094,"b3_kwaliteitsindicator":1,"b3_pw_bron":"ahn5","b3_h_goot_nap":1.96,"b3_h_nok_nap":2.1,"goothoogte":2.52,"nokhoogte":2.66},"geometry":{"type":"Polygon","coordinates":[[[172457.5,558994.563],[172457.844,558997.5],[172454.438,558997.938],[172454.094,558994.938],[172457.5,558994.563]]]}},{"type":"Feature","properties":{"identificatie":"NL.IMBAG.Pand.0091100000019335","oorspronkelijkbouwjaar":1976,"status":"Pand in gebruik","b3_dak_type":"slanted","b3_h_maaiveld":-0.5519999861717224,"b3_h_nok":2.0500741004943848,"b3_n_nok":1,"b3_n_vlakken":2,"b3_opp_grond":11.420000076293945,"b3_opp_dak_plat":0,"b3_opp_dak_schuin":11.880000114440918,"b3_volume_lod22":27.67755126953125,"b3_kwaliteitsindicator":1,"b3_pw_bron":"ahn5","b3_h_goot_nap":1.33,"b3_h_nok_nap":2.14,"goothoogte":1.88,"nokhoogte":2.69},"geometry":{"type":"Polygon","coordinates":[[[172492.906,558997],[172489.75,558997.375],[172489.359,558993.75],[172492.516,558993.438],[172492.906,558997]]]}},{"type":"Feature","properties":{"identificatie":"NL.IMBAG.Pand.0091100000010605","oorspronkelijkbouwjaar":1977,"status":"Pand in gebruik","b3_dak_type":"slanted","b3_bouwlagen":3,"b3_h_maaiveld":-0.40400001406669617,"b3_h_nok":8.630498886108398,"b3_n_nok":1,"b3_n_vlakken":5,"b3_opp_grond":101.41000366210938,"b3_opp_dak_plat":46.88999938964844,"b3_opp_dak_schuin":68.72000122070312,"b3_volume_lod22":554.7311401367188,"b3_kwaliteitsindicator":1,"b3_pw_bron":"ahn5","b3_h_goot_nap":2.46,"b3_h_nok_nap":8.81,"goothoogte":2.86,"nokhoogte":9.22},"geometry":{"type":"Polygon","coordinates":[[[172489.484,559044.063],[172483.844,559044.813],[172483.156,559039.438],[172480.328,559039.813],[172479.375,559032.5],[172479.156,559032.563],[172479.031,559031.688],[172487.734,559030.5],[172489.484,559044.063]]]}},{"type":"Feature","properties":{"identificatie":"NL.IMBAG.Pand.0091100000009295","oorspronkelijkbouwjaar":1977,"status":"Pand in gebruik","b3_dak_type":"horizontal","b3_h_maaiveld":-0.5640000104904175,"b3_n_nok":0,"b3_n_vlakken":1,"b3_opp_grond":11.399999618530273,"b3_opp_dak_plat":0,"b3_opp_dak_schuin":11.430000305175781,"b3_volume_lod22":26.013120651245117,"b3_kwaliteitsindicator":1,"b3_pw_bron":"ahn5","b3_h_goot_nap":1.59,"b3_h_nok_nap":1.79,"goothoogte":2.15,"nokhoogte":2.36},"geometry":{"type":"Polygon","coordinates":[[[172572.547,559108.125],[172568.391,559108.563],[172568.063,559105.563],[172572.234,559105.125],[172572.547,559108.125]]]}},{"type":"Feature","properties":{"identificatie":"NL.IMBAG.Pand.0091100000014541","oorspronkelijkbouwjaar":1976,"status":"Pand in gebruik","b3_dak_type":"horizontal","b3_h_maaiveld":-0.6819999814033508,"b3_n_nok":0,"b3_n_vlakken":1,"b3_opp_grond":18.06999969482422,"b3_opp_dak_plat":18.06999969482422,"b3_opp_dak_schuin":0,"b3_volume_lod22":53.90340042114258,"b3_kwaliteitsindicator":1,"b3_pw_bron":"ahn5","b3_h_goot_nap":2.28,"b3_h_nok_nap":2.32,"goothoogte":2.96,"nokhoogte":3},"geometry":{"type":"Polygon","coordinates":[[[172582.906,559001.25],[172580.109,559001.625],[172579.344,558995.25],[172582.141,558994.875],[172582.906,559001.25]]]}},{"type":"Feature","properties":{"identificatie":"NL.IMBAG.Pand.0091100000010322","oorspronkelijkbouwjaar":1978,"status":"Pand in gebruik","b3_dak_type":"slanted","b3_bouwlagen":3,"b3_h_maaiveld":-0.296999990940094,"b3_h_nok":8.559990882873535,"b3_n_nok":1,"b3_n_vlakken":5,"b3_opp_grond":77.56999969482422,"b3_opp_dak_plat":24.579999923706055,"b3_opp_dak_schuin":72.19000244140625,"b3_volume_lod22":501.1481628417969,"b3_kwaliteitsindicator":1,"b3_pw_bron":"ahn5","b3_h_goot_nap":2.7,"b3_h_nok_nap":8.78,"goothoogte":3,"nokhoogte":9.08},"geometry":{"type":"Polygon","coordinates":[[[172442.188,559038.5],[172440.609,559038.813],[172439.375,559032.063],[172448.313,559030.313],[172448.281,559030.188],[172451.969,559029.438],[172452.531,559032.25],[172450.156,559032.75],[172450.922,559036.625],[172442.156,559038.313],[172442.188,559038.5]]]}},{"type":"Feature","properties":{"identificatie":"NL.IMBAG.Pand.0091100000006680","oorspronkelijkbouwjaar":1854,"status":"Pand in gebruik","b3_dak_type":"slanted","b3_bouwlagen":3,"b3_h_maaiveld":-0.39899998903274536,"b3_h_nok":12.458232879638672,"b3_n_nok":1,"b3_n_vlakken":4,"b3_opp_grond":517.4299926757812,"b3_opp_dak_plat":0,"b3_opp_dak_schuin":820.0700073242188,"b3_volume_lod22":3660.646484375,"b3_kwaliteitsindicator":1,"b3_pw_bron":"ahn5","b3_h_goot_nap":1.54,"b3_h_nok_nap":12.92,"goothoogte":1.94,"nokhoogte":13.32},"geometry":{"type":"Polygon","coordinates":[[[172447,559119.125],[172433.625,559107.688],[172437.766,559102.813],[172437.25,559102.375],[172451.234,559086],[172462,559095.313],[172461.453,559095.875],[172465.125,559099.125],[172452.344,559114],[172451.813,559113.5],[172447,559119.125]]]}},{"type":"Feature","properties":{"identificatie":"NL.IMBAG.Pand.0091100000010900","oorspronkelijkbouwjaar":1979,"status":"Pand in gebruik","b3_dak_type":"slanted","b3_bouwlagen":3,"b3_h_maaiveld":-0.4300000071525574,"b3_n_nok":0,"b3_n_vlakken":5,"b3_opp_grond":79.80999755859375,"b3_opp_dak_plat":44.04999923706055,"b3_opp_dak_schuin":46.09000015258789,"b3_volume_lod22":486.89935302734375,"b3_kwaliteitsindicator":1,"b3_pw_bron":"ahn5","b3_h_goot_nap":2.8,"b3_h_nok_nap":7.94,"goothoogte":3.23,"nokhoogte":8.37},"geometry":{"type":"Polygon","coordinates":[[[172530.641,559119.063],[172513.234,559120.625],[172512.734,559114.875],[172515.094,559114.688],[172523.219,559114],[172523.484,559116.875],[172530.359,559116.25],[172530.641,559119.063]]]}},{"type":"Feature","properties":{"identificatie":"NL.IMBAG.Pand.0091100000011031","oorspronkelijkbouwjaar":1980,"status":"Pand in gebruik","b3_dak_type":"slanted","b3_bouwlagen":3,"b3_h_maaiveld":-0.5090000033378601,"b3_n_nok":0,"b3_n_vlakken":4,"b3_opp_grond":75.58999633789062,"b3_opp_dak_plat":31.510000228881836,"b3_opp_dak_schuin":54,"b3_volume_lod22":463.22369384765625,"b3_kwaliteitsindicator":1,"b3_pw_bron":"ahn5","b3_h_goot_nap":2.26,"b3_h_nok_nap":7.96,"goothoogte":2.77,"nokhoogte":8.46},"geometry":{"type":"Polygon","coordinates":[[[172514.188,559089.625],[172513.656,559084],[172524.703,559082.938],[172524.969,559085.813],[172529.375,559085.375],[172529.641,559088.188],[172514.188,559089.625]]]}},{"type":"Feature","properties":{"identificatie":"NL.IMBAG.Pand.0091100000009837","oorspronkelijkbouwjaar":1976,"status":"Pand in gebruik","b3_dak_type":"slanted","b3_bouwlagen":3,"b3_h_maaiveld":-0.574999988079071,"b3_h_nok":9.351933479309082,"b3_n_nok":1,"b3_n_vlakken":4,"b3_opp_grond":71.12000274658203,"b3_opp_dak_plat":5.46999979019165,"b3_opp_dak_schuin":78.0999984741211,"b3_volume_lod22":485.37957763671875,"b3_kwaliteitsindicator":1,"b3_pw_bron":"ahn5","b3_h_goot_nap":2.46,"b3_h_nok_nap":9.47,"goothoogte":3.03,"nokhoogte":10.05},"geometry":{"type":"Polygon","coordinates":[[[172563.422,558969.438],[172559.578,558969.875],[172559.563,558969.75],[172552.016,558970.75],[172551.594,558967.563],[172549.172,558967.875],[172548.859,558965.5],[172562.703,558963.688],[172563.422,558969.438]]]}},{"type":"Feature","properties":{"identificatie":"NL.IMBAG.Pand.0091100000002519","oorspronkelijkbouwjaar":1976,"status":"Pand in gebruik","b3_dak_type":"slanted","b3_bouwlagen":3,"b3_h_maaiveld":-0.3790000081062317,"b3_h_nok":8.716182708740234,"b3_n_nok":2,"b3_n_vlakken":5,"b3_opp_grond":68.56999969482422,"b3_opp_dak_plat":10.760000228881836,"b3_opp_dak_schuin":78.04000091552734,"b3_volume_lod22":424.2182922363281,"b3_kwaliteitsindicator":1,"b3_pw_bron":"ahn5","b3_h_goot_nap":2.43,"b3_h_nok_nap":8.9,"goothoogte":2.8,"nokhoogte":9.28},"geometry":{"type":"Polygon","coordinates":[[[172503.781,558986.875],[172494.531,558987.938],[172493.844,558981.938],[172499.906,558981.188],[172499.891,558981.125],[172506.375,558980.375],[172506.781,558983.813],[172503.484,558984.188],[172503.781,558986.875]]]}},{"type":"Feature","properties":{"identificatie":"NL.IMBAG.Pand.0091100000009739","oorspronkelijkbouwjaar":1979,"status":"Pand in gebruik","b3_dak_type":"slanted","b3_bouwlagen":3,"b3_h_maaiveld":-0.5630000233650208,"b3_h_nok":5.570271968841553,"b3_n_nok":1,"b3_n_vlakken":5,"b3_opp_grond":66.33999633789062,"b3_opp_dak_plat":52.77000045776367,"b3_opp_dak_schuin":24.110000610351562,"b3_volume_lod22":434.54656982421875,"b3_kwaliteitsindicator":1,"b3_pw_bron":"ahn5","b3_h_goot_nap":5.68,"b3_h_nok_nap":8.1,"goothoogte":6.25,"nokhoogte":8.66},"geometry":{"type":"Polygon","coordinates":[[[172555.938,559097],[172547.828,559097.813],[172547.563,559095],[172543.813,559095.313],[172540.594,559095.625],[172540.344,559092.813],[172545.984,559092.25],[172555.406,559091.375],[172555.938,559097]]]}},{"type":"Feature","properties":{"identificatie":"NL.IMBAG.Pand.0091100000008627","oorspronkelijkbouwjaar":1977,"status":"Pand in gebruik","b3_dak_type":"slanted","b3_bouwlagen":3,"b3_h_maaiveld":-0.3799999952316284,"b3_h_nok":8.674059867858887,"b3_n_nok":1,"b3_n_vlakken":4,"b3_opp_grond":88.56999969482422,"b3_opp_dak_plat":33.459999084472656,"b3_opp_dak_schuin":67.25,"b3_volume_lod22":506.08349609375,"b3_kwaliteitsindicator":1,"b3_pw_bron":"ahn5","b3_h_goot_nap":2.42,"b3_h_nok_nap":8.84,"goothoogte":2.8,"nokhoogte":9.22},"geometry":{"type":"Polygon","coordinates":[[[172480.328,559039.813],[172477.406,559040.25],[172477.859,559043.688],[172472.203,559044.438],[172471.031,559035.313],[172470.906,559035.313],[172470.563,559032.813],[172476.078,559032.125],[172476.172,559032.938],[172479.375,559032.5],[172480.328,559039.813]]]}},{"type":"Feature","properties":{"identificatie":"NL.IMBAG.Pand.0091100000009542","oorspronkelijkbouwjaar":1977,"status":"Pand in gebruik","b3_dak_type":"horizontal","b3_h_maaiveld":-0.37400001287460327,"b3_n_nok":0,"b3_n_vlakken":1,"b3_opp_grond":11.319999694824219,"b3_opp_dak_plat":0,"b3_opp_dak_schuin":11.329999923706055,"b3_volume_lod22":28.040966033935547,"b3_kwaliteitsindicator":1,"b3_pw_bron":"ahn5","b3_h_goot_nap":1.97,"b3_h_nok_nap":2.26,"goothoogte":2.35,"nokhoogte":2.63},"geometry":{"type":"Polygon","coordinates":[[[172498.969,559133.375],[172503.531,559133],[172503.625,559134.438],[172502.391,559134.563],[172500.703,559136.563],[172499.172,559136.75],[172498.969,559133.375]]]}},{"type":"Feature","properties":{"identificatie":"NL.IMBAG.Pand.0091100000009759","oorspronkelijkbouwjaar":1979,"status":"Pand in gebruik","b3_dak_type":"slanted","b3_bouwlagen":3,"b3_h_maaiveld":-0.515999972820282,"b3_n_nok":0,"b3_n_vlakken":6,"b3_opp_grond":60.08000183105469,"b3_opp_dak_plat":20.860000610351562,"b3_opp_dak_schuin":62.290000915527344,"b3_volume_lod22":406.9940185546875,"b3_kwaliteitsindicator":1,"b3_pw_bron":"ahn5","b3_h_goot_nap":5.15,"b3_h_nok_nap":8.11,"goothoogte":5.67,"nokhoogte":8.62},"geometry":{"type":"Polygon","coordinates":[[[172550.078,559111.313],[172537.609,559112.5],[172537.344,559109.625],[172541.703,559109.25],[172541.422,559106.25],[172549.563,559105.5],[172550.078,559111.313]]]}},{"type":"Feature","properties":{"identificatie":"NL.IMBAG.Pand.0091100000011035","oorspronkelijkbouwjaar":1979,"status":"Pand in gebruik","b3_dak_type":"slanted","b3_bouwlagen":3,"b3_h_maaiveld":-0.4699999988079071,"b3_h_nok":5.548433780670166,"b3_n_nok":1,"b3_n_vlakken":8,"b3_opp_grond":82.4800033569336,"b3_opp_dak_plat":62.630001068115234,"b3_opp_dak_schuin":30.899999618530273,"b3_volume_lod22":497.2076721191406,"b3_kwaliteitsindicator":1,"b3_pw_bron":"ahn5","b3_h_goot_nap":2.89,"b3_h_nok_nap":8.14,"goothoogte":3.36,"nokhoogte":8.61},"geometry":{"type":"Polygon","coordinates":[[[172513.578,559095.438],[172513.078,559089.75],[172529.641,559088.188],[172529.906,559091],[172525.547,559091.438],[172525.797,559094.313],[172513.578,559095.438]]]}},{"type":"Feature","properties":{"identificatie":"NL.IMBAG.Pand.0091100000002510","oorspronkelijkbouwjaar":1976,"status":"Pand in gebruik","b3_dak_type":"horizontal","b3_h_maaiveld":-0.6600000262260437,"b3_n_nok":0,"b3_n_vlakken":1,"b3_opp_grond":6.199999809265137,"b3_opp_dak_plat":5.949999809265137,"b3_opp_dak_schuin":0,"b3_volume_lod22":19.267019271850586,"b3_kwaliteitsindicator":1,"b3_pw_bron":"ahn5","b3_h_goot_nap":2.4,"b3_h_nok_nap":2.48,"goothoogte":3.06,"nokhoogte":3.14},"geometry":{"type":"Polygon","coordinates":[[[172595.125,558996.25],[172592.625,558996.563],[172592.328,558994.063],[172594.781,558993.813],[172595.125,558996.25]]]}},{"type":"Feature","properties":{"identificatie":"NL.IMBAG.Pand.0091100000009312","oorspronkelijkbouwjaar":1976,"status":"Pand in gebruik","b3_dak_type":"slanted","b3_bouwlagen":3,"b3_h_maaiveld":-0.3479999899864197,"b3_h_nok":8.581388473510742,"b3_n_nok":1,"b3_n_vlakken":6,"b3_opp_grond":69.58999633789062,"b3_opp_dak_plat":13.300000190734863,"b3_opp_dak_schuin":77.16000366210938,"b3_volume_lod22":424.0923156738281,"b3_kwaliteitsindicator":1,"b3_pw_bron":"ahn5","b3_h_goot_nap":3.41,"b3_h_nok_nap":8.8,"goothoogte":3.75,"nokhoogte":9.15},"geometry":{"type":"Polygon","coordinates":[[[172435.906,558997.188],[172434.922,558988.688],[172434.781,558988.688],[172434.313,558984.563],[172440.5,558983.813],[172441.594,558993],[172439.031,558993.313],[172439.438,558996.75],[172435.906,558997.188]]]}},{"type":"Feature","properties":{"identificatie":"NL.IMBAG.Pand.0091100000006715","oorspronkelijkbouwjaar":1976,"status":"Pand in gebruik","b3_dak_type":"slanted","b3_bouwlagen":3,"b3_h_maaiveld":-0.49799999594688416,"b3_h_nok":8.5733060836792,"b3_n_nok":1,"b3_n_vlakken":4,"b3_opp_grond":96.7699966430664,"b3_opp_dak_plat":39.619998931884766,"b3_opp_dak_schuin":80.80999755859375,"b3_volume_lod22":533.9906616210938,"b3_kwaliteitsindicator":1,"b3_pw_bron":"ahn5","b3_h_goot_nap":2.9,"b3_h_nok_nap":8.83,"goothoogte":3.39,"nokhoogte":9.33},"geometry":{"type":"Polygon","coordinates":[[[172411.078,558995.688],[172417.25,558994.938],[172418.297,559004.188],[172415.625,559004.5],[172416.281,559010.313],[172409.781,559011],[172409.109,559004.938],[172412.094,559004.625],[172411.078,558995.688]]]}},{"type":"Feature","properties":{"identificatie":"NL.IMBAG.Pand.0091100000010880","oorspronkelijkbouwjaar":1977,"status":"Pand in gebruik","b3_dak_type":"slanted","b3_bouwlagen":3,"b3_h_maaiveld":-0.6000000238418579,"b3_h_nok":7.453131675720215,"b3_n_nok":1,"b3_n_vlakken":6,"b3_opp_grond":85.9800033569336,"b3_opp_dak_plat":30.040000915527344,"b3_opp_dak_schuin":67.8499984741211,"b3_volume_lod22":444.93841552734375,"b3_kwaliteitsindicator":1,"b3_pw_bron":"ahn5","b3_h_goot_nap":2.35,"b3_h_nok_nap":7.6,"goothoogte":2.95,"nokhoogte":8.2},"geometry":{"type":"Polygon","coordinates":[[[172512.781,559015],[172499.766,559016.75],[172499.438,559014.375],[172502.688,559013.938],[172502.234,559010.563],[172500.75,559010.75],[172500.344,559007.688],[172507.719,559006.75],[172508.109,559009.625],[172510.531,559009.313],[172510.75,559010.875],[172512.219,559010.688],[172512.781,559015]]]}},{"type":"Feature","properties":{"identificatie":"NL.IMBAG.Pand.0091100000007801","oorspronkelijkbouwjaar":1976,"status":"Pand in gebruik","b3_dak_type":"horizontal","b3_h_maaiveld":-0.5820000171661377,"b3_n_nok":0,"b3_n_vlakken":1,"b3_opp_grond":22.43000030517578,"b3_opp_dak_plat":22.43000030517578,"b3_opp_dak_schuin":0,"b3_volume_lod22":70.47669982910156,"b3_kwaliteitsindicator":1,"b3_pw_bron":"ahn5","b3_h_goot_nap":2.52,"b3_h_nok_nap":2.6,"goothoogte":3.11,"nokhoogte":3.18},"geometry":{"type":"Polygon","coordinates":[[[172458.047,559020.125],[172461.016,559019.813],[172461.859,559027.25],[172458.875,559027.563],[172458.047,559020.125]]]}},{"type":"Feature","properties":{"identificatie":"NL.IMBAG.Pand.0091100000016559","oorspronkelijkbouwjaar":1977,"status":"Pand in gebruik","b3_dak_type":"slanted","b3_bouwlagen":3,"b3_h_maaiveld":-0.3659999966621399,"b3_h_nok":7.946266174316406,"b3_n_nok":1,"b3_n_vlakken":5,"b3_opp_grond":93.08999633789062,"b3_opp_dak_plat":29.489999771118164,"b3_opp_dak_schuin":91.55999755859375,"b3_volume_lod22":505.7840576171875,"b3_kwaliteitsindicator":1,"b3_pw_bron":"ahn5","b3_h_goot_nap":2.32,"b3_h_nok_nap":8.83,"goothoogte":2.69,"nokhoogte":9.2},"geometry":{"type":"Polygon","coordinates":[[[172384.859,559114],[172383.313,559111.438],[172378.266,559114.5],[172374.875,559108.938],[172383.422,559103.75],[172385.078,559106.438],[172387.203,559105.125],[172390.484,559110.563],[172384.859,559114]]]}},{"type":"Feature","properties":{"identificatie":"NL.IMBAG.Pand.0091100000012473","oorspronkelijkbouwjaar":1977,"status":"Pand in gebruik","b3_dak_type":"slanted","b3_bouwlagen":3,"b3_h_maaiveld":-0.32100000977516174,"b3_h_nok":8.377423286437988,"b3_n_nok":1,"b3_n_vlakken":3,"b3_opp_grond":73.48999786376953,"b3_opp_dak_plat":21.040000915527344,"b3_opp_dak_schuin":60.880001068115234,"b3_volume_lod22":445.9117736816406,"b3_kwaliteitsindicator":1,"b3_pw_bron":"ahn5","b3_h_goot_nap":2.41,"b3_h_nok_nap":8.49,"goothoogte":2.73,"nokhoogte":8.82},"geometry":{"type":"Polygon","coordinates":[[[172594.219,559032.063],[172588.953,559032.813],[172589.141,559034.188],[172585.906,559034.563],[172585,559027.875],[172588.109,559027.438],[172587.547,559023.375],[172592.953,559022.625],[172594.219,559032.063]]]}},{"type":"Feature","properties":{"identificatie":"NL.IMBAG.Pand.0091100000002268","oorspronkelijkbouwjaar":1976,"status":"Pand in gebruik","b3_dak_type":"slanted","b3_bouwlagen":3,"b3_h_maaiveld":-0.4399999976158142,"b3_h_nok":8.595495223999023,"b3_n_nok":1,"b3_n_vlakken":5,"b3_opp_grond":70.04000091552734,"b3_opp_dak_plat":10.34000015258789,"b3_opp_dak_schuin":84.5199966430664,"b3_volume_lod22":430.05596923828125,"b3_kwaliteitsindicator":1,"b3_pw_bron":"ahn5","b3_h_goot_nap":3.43,"b3_h_nok_nap":8.79,"goothoogte":3.87,"nokhoogte":9.23},"geometry":{"type":"Polygon","coordinates":[[[172503.781,558986.875],[172504.063,558989.563],[172507.375,558989.25],[172507.734,558992.75],[172495.234,558994.188],[172494.531,558987.938],[172503.781,558986.875]]]}},{"type":"Feature","properties":{"identificatie":"NL.IMBAG.Pand.0091100000010791","oorspronkelijkbouwjaar":1975,"status":"Pand in gebruik","b3_dak_type":"horizontal","b3_h_maaiveld":-0.7049999833106995,"b3_n_nok":0,"b3_n_vlakken":1,"b3_opp_grond":17.780000686645508,"b3_opp_dak_plat":17.780000686645508,"b3_opp_dak_schuin":0,"b3_volume_lod22":48.218345642089844,"b3_kwaliteitsindicator":1,"b3_pw_bron":"ahn5","b3_h_goot_nap":1.93,"b3_h_nok_nap":2.1,"goothoogte":2.64,"nokhoogte":2.8},"geometry":{"type":"Polygon","coordinates":[[[172470.5,559022.563],[172467.563,559022.938],[172466.875,559017],[172469.828,559016.625],[172470.5,559022.563]]]}},{"type":"Feature","properties":{"identificatie":"NL.IMBAG.Pand.0091100000008773","oorspronkelijkbouwjaar":1975,"status":"Pand in gebruik","b3_dak_type":"horizontal","b3_h_maaiveld":-0.6840000152587891,"b3_n_nok":0,"b3_n_vlakken":1,"b3_opp_grond":17.860000610351562,"b3_opp_dak_plat":17.860000610351562,"b3_opp_dak_schuin":0,"b3_volume_lod22":47.93682861328125,"b3_kwaliteitsindicator":1,"b3_pw_bron":"ahn5","b3_h_goot_nap":1.96,"b3_h_nok_nap":2.05,"goothoogte":2.65,"nokhoogte":2.73},"geometry":{"type":"Polygon","coordinates":[[[172476.422,559021.938],[172473.469,559022.25],[172472.797,559016.313],[172475.75,559015.938],[172476.422,559021.938]]]}},{"type":"Feature","properties":{"identificatie":"NL.IMBAG.Pand.0091100000009933","oorspronkelijkbouwjaar":1975,"status":"Pand in gebruik","b3_dak_type":"horizontal","b3_h_maaiveld":-0.3310000002384186,"b3_n_nok":0,"b3_n_vlakken":1,"b3_opp_grond":15.75,"b3_opp_dak_plat":15.75,"b3_opp_dak_schuin":0,"b3_volume_lod22":42.668617248535156,"b3_kwaliteitsindicator":1,"b3_pw_bron":"ahn5","b3_h_goot_nap":2.36,"b3_h_nok_nap":2.4,"goothoogte":2.69,"nokhoogte":2.73},"geometry":{"type":"Polygon","coordinates":[[[172554.375,559079.938],[172552.953,559080.063],[172552.422,559074.375],[172555.172,559074.125],[172555.672,559079.813],[172554.375,559079.938]]]}},{"type":"Feature","properties":{"identificatie":"NL.IMBAG.Pand.1900100010088389","oorspronkelijkbouwjaar":2022,"status":"Pand in gebruik","b3_dak_type":"slanted","b3_h_maaiveld":-0.6679999828338623,"b3_h_nok":2.3359391689300537,"b3_n_nok":1,"b3_n_vlakken":2,"b3_opp_grond":16.649999618530273,"b3_opp_dak_plat":0,"b3_opp_dak_schuin":17.18000030517578,"b3_volume_lod22":45.661834716796875,"b3_kwaliteitsindicator":1,"b3_pw_bron":"ahn5","b3_h_goot_nap":1.68,"b3_h_nok_nap":2.39,"goothoogte":2.35,"nokhoogte":3.05},"geometry":{"type":"Polygon","coordinates":[[[172432.938,559012.125],[172432.5,559008.25],[172436.75,559007.75],[172437.188,559011.625],[172432.938,559012.125]]]}},{"type":"Feature","properties":{"identificatie":"NL.IMBAG.Pand.0091100000009069","oorspronkelijkbouwjaar":1978,"status":"Pand in gebruik","b3_dak_type":"slanted","b3_bouwlagen":3,"b3_h_maaiveld":-0.3310000002384186,"b3_h_nok":8.356954574584961,"b3_n_nok":1,"b3_n_vlakken":5,"b3_opp_grond":93.19000244140625,"b3_opp_dak_plat":26.149999618530273,"b3_opp_dak_schuin":90.54000091552734,"b3_volume_lod22":507.00347900390625,"b3_kwaliteitsindicator":1,"b3_pw_bron":"ahn5","b3_h_goot_nap":2.32,"b3_h_nok_nap":8.62,"goothoogte":2.65,"nokhoogte":8.95},"geometry":{"type":"Polygon","coordinates":[[[172393.281,559119.938],[172394.922,559122.625],[172397.063,559121.375],[172400.359,559126.813],[172394.734,559130.188],[172393.156,559127.625],[172388.125,559130.688],[172384.734,559125.125],[172393.281,559119.938]]]}},{"type":"Feature","properties":{"identificatie":"NL.IMBAG.Pand.0091100000010912","oorspronkelijkbouwjaar":1979,"status":"Pand in gebruik","b3_dak_type":"slanted","b3_bouwlagen":3,"b3_h_maaiveld":-0.45500001311302185,"b3_n_nok":0,"b3_n_vlakken":5,"b3_opp_grond":88.44999694824219,"b3_opp_dak_plat":58.27000045776367,"b3_opp_dak_schuin":39.130001068115234,"b3_volume_lod22":494.5219421386719,"b3_kwaliteitsindicator":1,"b3_pw_bron":"ahn5","b3_h_goot_nap":2.51,"b3_h_nok_nap":8.12,"goothoogte":2.97,"nokhoogte":8.57},"geometry":{"type":"Polygon","coordinates":[[[172515.719,559137.688],[172512.625,559137.938],[172512.125,559132.188],[172515.141,559131.938],[172515.125,559131.75],[172516.625,559131.625],[172516.641,559131.813],[172526.016,559130.938],[172531.719,559130.375],[172532,559133.188],[172523.531,559134],[172523.797,559136.875],[172515.719,559137.625],[172515.719,559137.688]]]}},{"type":"Feature","properties":{"identificatie":"NL.IMBAG.Pand.1900100010090951","oorspronkelijkbouwjaar":2022,"status":"Pand in gebruik","b3_dak_type":"horizontal","b3_h_maaiveld":-0.5540000200271606,"b3_n_nok":0,"b3_n_vlakken":1,"b3_opp_grond":24.420000076293945,"b3_opp_dak_plat":24.420000076293945,"b3_opp_dak_schuin":0,"b3_volume_lod22":55.89468765258789,"b3_kwaliteitsindicator":1,"b3_pw_bron":"ahn5","b3_h_goot_nap":1.71,"b3_h_nok_nap":1.76,"goothoogte":2.26,"nokhoogte":2.31},"geometry":{"type":"Polygon","coordinates":[[[172573.906,559114.813],[172568.297,559115.313],[172567.906,559111],[172573.5,559110.5],[172573.906,559114.813]]]}},{"type":"Feature","properties":{"identificatie":"NL.IMBAG.Pand.0091100000019340","oorspronkelijkbouwjaar":1977,"status":"Pand in gebruik","b3_dak_type":"slanted","b3_h_maaiveld":-0.5550000071525574,"b3_h_nok":2.206300973892212,"b3_n_nok":1,"b3_n_vlakken":2,"b3_opp_grond":11.529999732971191,"b3_opp_dak_plat":0,"b3_opp_dak_schuin":12.699999809265137,"b3_volume_lod22":27.943323135375977,"b3_kwaliteitsindicator":1,"b3_pw_bron":"ahn5","b3_h_goot_nap":1.42,"b3_h_nok_nap":2.34,"goothoogte":1.97,"nokhoogte":2.9},"geometry":{"type":"Polygon","coordinates":[[[172574.859,558980.875],[172571.922,558981.313],[172571.328,558977.5],[172574.266,558977],[172574.859,558980.875]]]}},{"type":"Feature","properties":{"identificatie":"NL.IMBAG.Pand.0091100000008781","oorspronkelijkbouwjaar":1975,"status":"Pand in gebruik","b3_dak_type":"horizontal","b3_h_maaiveld":-0.6629999876022339,"b3_n_nok":0,"b3_n_vlakken":1,"b3_opp_grond":17.809999465942383,"b3_opp_dak_plat":17.809999465942383,"b3_opp_dak_schuin":0,"b3_volume_lod22":47.53782272338867,"b3_kwaliteitsindicator":1,"b3_pw_bron":"ahn5","b3_h_goot_nap":1.97,"b3_h_nok_nap":2.05,"goothoogte":2.63,"nokhoogte":2.72},"geometry":{"type":"Polygon","coordinates":[[[172479.375,559021.563],[172476.422,559021.938],[172475.75,559015.938],[172478.703,559015.625],[172479.375,559021.563]]]}},{"type":"Feature","properties":{"identificatie":"NL.IMBAG.Pand.0091100000009554","oorspronkelijkbouwjaar":1977,"status":"Pand in gebruik","b3_dak_type":"slanted","b3_h_maaiveld":-0.574999988079071,"b3_h_nok":2.3682923316955566,"b3_n_nok":1,"b3_n_vlakken":2,"b3_opp_grond":23.469999313354492,"b3_opp_dak_plat":0,"b3_opp_dak_schuin":24.170000076293945,"b3_volume_lod22":63.05491256713867,"b3_kwaliteitsindicator":1,"b3_pw_bron":"ahn5","b3_h_goot_nap":1.61,"b3_h_nok_nap":2.39,"goothoogte":2.18,"nokhoogte":2.97},"geometry":{"type":"Polygon","coordinates":[[[172584.625,559130.625],[172579.125,559131],[172578.828,559126.75],[172584.344,559126.438],[172584.625,559130.625]]]}},{"type":"Feature","properties":{"identificatie":"NL.IMBAG.Pand.0091100000016450","oorspronkelijkbouwjaar":1975,"status":"Pand in gebruik","b3_dak_type":"horizontal","b3_h_maaiveld":-0.3330000042915344,"b3_n_nok":0,"b3_n_vlakken":1,"b3_opp_grond":15.979999542236328,"b3_opp_dak_plat":15.979999542236328,"b3_opp_dak_schuin":0,"b3_volume_lod22":42.895328521728516,"b3_kwaliteitsindicator":1,"b3_pw_bron":"ahn5","b3_h_goot_nap":2.34,"b3_h_nok_nap":2.37,"goothoogte":2.67,"nokhoogte":2.7},"geometry":{"type":"Polygon","coordinates":[[[172552.953,559080.063],[172550.172,559080.313],[172549.641,559074.625],[172552.422,559074.375],[172552.953,559080.063]]]}},{"type":"Feature","properties":{"identificatie":"NL.IMBAG.Pand.0091100000009308","oorspronkelijkbouwjaar":1978,"status":"Pand in gebruik","b3_dak_type":"slanted","b3_bouwlagen":3,"b3_h_maaiveld":-0.5220000147819519,"b3_h_nok":8.560275077819824,"b3_n_nok":1,"b3_n_vlakken":4,"b3_opp_grond":69.16999816894531,"b3_opp_dak_plat":10.869999885559082,"b3_opp_dak_schuin":84.72000122070312,"b3_volume_lod22":500.2265625,"b3_kwaliteitsindicator":1,"b3_pw_bron":"ahn5","b3_h_goot_nap":4.22,"b3_h_nok_nap":8.8,"goothoogte":4.74,"nokhoogte":9.32},"geometry":{"type":"Polygon","coordinates":[[[172439.406,559032.188],[172437.828,559032.5],[172436.469,559025.75],[172445.5,559023.938],[172446,559026.438],[172447.484,559026.125],[172448.313,559030.313],[172439.375,559032.063],[172439.406,559032.188]]]}},{"type":"Feature","properties":{"identificatie":"NL.IMBAG.Pand.0091100000009111","oorspronkelijkbouwjaar":1976,"status":"Pand in gebruik","b3_dak_type":"horizontal","b3_h_maaiveld":-0.7329999804496765,"b3_n_nok":0,"b3_n_vlakken":1,"b3_opp_grond":19.399999618530273,"b3_opp_dak_plat":19.40999984741211,"b3_opp_dak_schuin":0,"b3_volume_lod22":58.922000885009766,"b3_kwaliteitsindicator":1,"b3_pw_bron":"ahn5","b3_h_goot_nap":2.29,"b3_h_nok_nap":2.32,"goothoogte":3.02,"nokhoogte":3.05},"geometry":{"type":"Polygon","coordinates":[[[172580.109,559001.625],[172577.109,559002],[172576.344,558995.625],[172579.344,558995.25],[172580.109,559001.625]]]}},{"type":"Feature","properties":{"identificatie":"NL.IMBAG.Pand.0091100000002515","oorspronkelijkbouwjaar":1976,"status":"Pand in gebruik","b3_dak_type":"slanted","b3_bouwlagen":3,"b3_h_maaiveld":-0.5659999847412109,"b3_h_nok":8.742934226989746,"b3_n_nok":3,"b3_n_vlakken":7,"b3_opp_grond":91.80000305175781,"b3_opp_dak_plat":29.780000686645508,"b3_opp_dak_schuin":86.80999755859375,"b3_volume_lod22":548.8407592773438,"b3_kwaliteitsindicator":1,"b3_pw_bron":"ahn5","b3_h_goot_nap":2.73,"b3_h_nok_nap":8.87,"goothoogte":3.3,"nokhoogte":9.44},"geometry":{"type":"Polygon","coordinates":[[[172493.859,558982.063],[172487.406,558982.813],[172486.688,558976.625],[172495.922,558975.5],[172496.219,558978.125],[172505.953,558977],[172506.375,558980.375],[172499.891,558981.125],[172499.906,558981.188],[172493.844,558981.938],[172493.859,558982.063]]]}},{"type":"Feature","properties":{"identificatie":"NL.IMBAG.Pand.0091100000016519","oorspronkelijkbouwjaar":1976,"status":"Pand in gebruik","b3_dak_type":"slanted","b3_bouwlagen":3,"b3_h_maaiveld":-0.6499999761581421,"b3_h_nok":9.296205520629883,"b3_n_nok":1,"b3_n_vlakken":5,"b3_opp_grond":70.23999786376953,"b3_opp_dak_plat":13.359999656677246,"b3_opp_dak_schuin":82.1500015258789,"b3_volume_lod22":491.2684631347656,"b3_kwaliteitsindicator":1,"b3_pw_bron":"ahn5","b3_h_goot_nap":5.29,"b3_h_nok_nap":9.52,"goothoogte":5.94,"nokhoogte":10.17},"geometry":{"type":"Polygon","coordinates":[[[172544.453,559004.938],[172533.063,559006.375],[172532.656,559003.188],[172530.25,559003.5],[172529.938,559001.063],[172536.188,559000.25],[172536.203,559000.375],[172543.75,558999.375],[172544.453,559004.938]]]}},{"type":"Feature","properties":{"identificatie":"NL.IMBAG.Pand.0091100000003835","oorspronkelijkbouwjaar":1978,"status":"Pand in gebruik","b3_dak_type":"slanted","b3_bouwlagen":3,"b3_h_maaiveld":-0.3840000033378601,"b3_h_nok":8.162798881530762,"b3_n_nok":1,"b3_n_vlakken":3,"b3_opp_grond":67.83000183105469,"b3_opp_dak_plat":9.510000228881836,"b3_opp_dak_schuin":66.98999786376953,"b3_volume_lod22":444.3722839355469,"b3_kwaliteitsindicator":1,"b3_pw_bron":"ahn5","b3_h_goot_nap":5.12,"b3_h_nok_nap":8.33,"goothoogte":5.5,"nokhoogte":8.72},"geometry":{"type":"Polygon","coordinates":[[[172385.688,559057.125],[172382.781,559058.75],[172384.609,559062],[172382.234,559063.313],[172375.734,559051.688],[172380.969,559048.75],[172385.688,559057.125]]]}},{"type":"Feature","properties":{"identificatie":"NL.IMBAG.Pand.0091100000010302","oorspronkelijkbouwjaar":1976,"status":"Pand in gebruik","b3_dak_type":"slanted","b3_bouwlagen":3,"b3_h_maaiveld":-0.5429999828338623,"b3_h_nok":8.585566520690918,"b3_n_nok":3,"b3_n_vlakken":6,"b3_opp_grond":69.26000213623047,"b3_opp_dak_plat":11.399999618530273,"b3_opp_dak_schuin":81.0999984741211,"b3_volume_lod22":438.67724609375,"b3_kwaliteitsindicator":1,"b3_pw_bron":"ahn5","b3_h_goot_nap":3.05,"b3_h_nok_nap":8.87,"goothoogte":3.59,"nokhoogte":9.41},"geometry":{"type":"Polygon","coordinates":[[[172444.656,558996],[172444.281,558992.688],[172441.594,558993],[172440.5,558983.813],[172446.688,558983.125],[172448.156,558995.625],[172444.656,558996]]]}},{"type":"Feature","properties":{"identificatie":"NL.IMBAG.Pand.0091100000010904","oorspronkelijkbouwjaar":1979,"status":"Pand in gebruik","b3_dak_type":"slanted","b3_bouwlagen":3,"b3_h_maaiveld":-0.42800000309944153,"b3_n_nok":0,"b3_n_vlakken":4,"b3_opp_grond":79.94999694824219,"b3_opp_dak_plat":64.52999877929688,"b3_opp_dak_schuin":24.59000015258789,"b3_volume_lod22":466.78076171875,"b3_kwaliteitsindicator":1,"b3_pw_bron":"ahn5","b3_h_goot_nap":2.24,"b3_h_nok_nap":8.09,"goothoogte":2.67,"nokhoogte":8.52},"geometry":{"type":"Polygon","coordinates":[[[172524.281,559125.375],[172513.719,559126.313],[172513.234,559120.625],[172530.641,559119.063],[172530.906,559121.875],[172524.016,559122.5],[172524.281,559125.375]]]}},{"type":"Feature","properties":{"identificatie":"NL.IMBAG.Pand.0091100000010472","oorspronkelijkbouwjaar":1975,"status":"Pand in gebruik","b3_dak_type":"horizontal","b3_h_maaiveld":-0.609000027179718,"b3_n_nok":0,"b3_n_vlakken":1,"b3_opp_grond":18.329999923706055,"b3_opp_dak_plat":18.34000015258789,"b3_opp_dak_schuin":0,"b3_volume_lod22":48.98961639404297,"b3_kwaliteitsindicator":1,"b3_pw_bron":"ahn5","b3_h_goot_nap":2.02,"b3_h_nok_nap":2.12,"goothoogte":2.62,"nokhoogte":2.73},"geometry":{"type":"Polygon","coordinates":[[[172484.609,559014.938],[172487.641,559014.625],[172488.313,559020.563],[172485.281,559020.938],[172484.609,559014.938]]]}},{"type":"Feature","properties":{"identificatie":"NL.IMBAG.Pand.0091100000010924","oorspronkelijkbouwjaar":1976,"status":"Pand in gebruik","b3_dak_type":"slanted","b3_bouwlagen":2,"b3_h_maaiveld":-0.41200000047683716,"b3_h_nok":9.124881744384766,"b3_n_nok":2,"b3_n_vlakken":6,"b3_opp_grond":98.1500015258789,"b3_opp_dak_plat":0,"b3_opp_dak_schuin":186.52000427246094,"b3_volume_lod22":567.094970703125,"b3_kwaliteitsindicator":1,"b3_pw_bron":"ahn5","b3_h_goot_nap":0.43,"b3_h_nok_nap":9.61,"goothoogte":0.85,"nokhoogte":10.02},"geometry":{"type":"Polygon","coordinates":[[[172505.547,558955.688],[172504.656,558948.75],[172500.188,558949.375],[172499.281,558942.375],[172505.156,558941.625],[172505.547,558944.625],[172513.703,558943.563],[172515.109,558954.438],[172505.547,558955.688]]]}},{"type":"Feature","properties":{"identificatie":"NL.IMBAG.Pand.0091100000010736","oorspronkelijkbouwjaar":1977,"status":"Pand in gebruik","b3_dak_type":"slanted","b3_bouwlagen":3,"b3_h_maaiveld":-0.3840000033378601,"b3_h_nok":7.464688777923584,"b3_n_nok":1,"b3_n_vlakken":5,"b3_opp_grond":85.95999908447266,"b3_opp_dak_plat":28.809999465942383,"b3_opp_dak_schuin":70.30999755859375,"b3_volume_lod22":426.5683898925781,"b3_kwaliteitsindicator":1,"b3_pw_bron":"ahn5","b3_h_goot_nap":2.35,"b3_h_nok_nap":7.64,"goothoogte":2.74,"nokhoogte":8.02},"geometry":{"type":"Polygon","coordinates":[[[172512.781,559015],[172513.344,559019.25],[172511.859,559019.5],[172512.063,559021.063],[172509.641,559021.375],[172510.031,559024.313],[172502.703,559025.313],[172502.297,559022.25],[172503.781,559022.063],[172503.328,559018.688],[172500.078,559019.125],[172499.766,559016.75],[172512.781,559015]]]}},{"type":"Feature","properties":{"identificatie":"NL.IMBAG.Pand.0091100000009801","oorspronkelijkbouwjaar":1979,"status":"Pand in gebruik","b3_dak_type":"slanted","b3_bouwlagen":3,"b3_h_maaiveld":-0.4959999918937683,"b3_n_nok":0,"b3_n_vlakken":6,"b3_opp_grond":67.5999984741211,"b3_opp_dak_plat":22.040000915527344,"b3_opp_dak_schuin":62.5099983215332,"b3_volume_lod22":433.4254150390625,"b3_kwaliteitsindicator":1,"b3_pw_bron":"ahn5","b3_h_goot_nap":1.75,"b3_h_nok_nap":8.11,"goothoogte":2.24,"nokhoogte":8.61},"geometry":{"type":"Polygon","coordinates":[[[172529.578,559107.688],[172514.563,559109],[172514.016,559103.188],[172522.156,559102.438],[172522.438,559105.438],[172529.313,559104.813],[172529.578,559107.688]]]}},{"type":"Feature","properties":{"identificatie":"NL.IMBAG.Pand.0091100000010045","oorspronkelijkbouwjaar":1978,"status":"Pand in gebruik","b3_dak_type":"slanted","b3_bouwlagen":3,"b3_h_maaiveld":-0.4490000009536743,"b3_h_nok":9.06783676147461,"b3_n_nok":1,"b3_n_vlakken":4,"b3_opp_grond":106.06999969482422,"b3_opp_dak_plat":26.559999465942383,"b3_opp_dak_schuin":159.1999969482422,"b3_volume_lod22":590.5549926757812,"b3_kwaliteitsindicator":1,"b3_pw_bron":"ahn5","b3_h_goot_nap":2.73,"b3_h_nok_nap":9.49,"goothoogte":3.18,"nokhoogte":9.93},"geometry":{"type":"Polygon","coordinates":[[[172562.859,558941.25],[172553.297,558942.438],[172551.938,558931.5],[172561.5,558930.313],[172562.859,558941.25]]]}},{"type":"Feature","properties":{"identificatie":"NL.IMBAG.Pand.0091100000011453","oorspronkelijkbouwjaar":1977,"status":"Pand in gebruik","b3_dak_type":"slanted","b3_bouwlagen":3,"b3_h_maaiveld":-0.5109999775886536,"b3_h_nok":9.466742515563965,"b3_n_nok":2,"b3_n_vlakken":4,"b3_opp_grond":69.97000122070312,"b3_opp_dak_plat":0,"b3_opp_dak_schuin":94.47000122070312,"b3_volume_lod22":478.5226745605469,"b3_kwaliteitsindicator":1,"b3_pw_bron":"ahn5","b3_h_goot_nap":0.74,"b3_h_nok_nap":9.66,"goothoogte":1.25,"nokhoogte":10.17},"geometry":{"type":"Polygon","coordinates":[[[172583.156,558975.938],[172582.484,558970.5],[172591.891,558969.375],[172592.188,558971.813],[172596.109,558971.375],[172596.172,558971.813],[172598.219,558971.5],[172598.516,558974.188],[172583.156,558975.938]]]}},{"type":"Feature","properties":{"identificatie":"NL.IMBAG.Pand.0091100000016507","oorspronkelijkbouwjaar":1976,"status":"Pand in gebruik","b3_dak_type":"slanted","b3_bouwlagen":3,"b3_h_maaiveld":-0.43700000643730164,"b3_h_nok":9.248921394348145,"b3_n_nok":2,"b3_n_vlakken":4,"b3_opp_grond":69.62000274658203,"b3_opp_dak_plat":5.539999961853027,"b3_opp_dak_schuin":76.18000030517578,"b3_volume_lod22":462.7623291015625,"b3_kwaliteitsindicator":1,"b3_pw_bron":"ahn5","b3_h_goot_nap":2.47,"b3_h_nok_nap":9.46,"goothoogte":2.9,"nokhoogte":9.9},"geometry":{"type":"Polygon","coordinates":[[[172546.906,558993.625],[172546.891,558993.5],[172539.359,558994.5],[172538.953,558991.313],[172536.531,558991.625],[172536.234,558989.25],[172542.484,558988.438],[172542.5,558988.563],[172550.063,558987.563],[172550.75,558993.125],[172546.906,558993.625]]]}},{"type":"Feature","properties":{"identificatie":"NL.IMBAG.Pand.1900100010090976","oorspronkelijkbouwjaar":2022,"status":"Pand in gebruik","b3_dak_type":"slanted","b3_h_maaiveld":-0.41999998688697815,"b3_h_nok":2.4176604747772217,"b3_n_nok":1,"b3_n_vlakken":2,"b3_opp_grond":9.84000015258789,"b3_opp_dak_plat":0,"b3_opp_dak_schuin":10.609999656677246,"b3_volume_lod22":23.199968338012695,"b3_kwaliteitsindicator":1,"b3_pw_bron":"ahn5","b3_h_goot_nap":1.5,"b3_h_nok_nap":2.47,"goothoogte":1.92,"nokhoogte":2.89},"geometry":{"type":"Polygon","coordinates":[[[172531.156,558939.813],[172530.641,558935.375],[172532.953,558935.125],[172533.484,558939.5],[172531.156,558939.813]]]}},{"type":"Feature","properties":{"identificatie":"NL.IMBAG.Pand.0091100000009989","oorspronkelijkbouwjaar":1977,"status":"Pand in gebruik","b3_dak_type":"horizontal","b3_h_maaiveld":-0.7149999737739563,"b3_n_nok":0,"b3_n_vlakken":1,"b3_opp_grond":10.380000114440918,"b3_opp_dak_plat":10.279999732971191,"b3_opp_dak_schuin":0,"b3_volume_lod22":25.623872756958008,"b3_kwaliteitsindicator":1,"b3_pw_bron":"ahn5","b3_h_goot_nap":1.7,"b3_h_nok_nap":1.8,"goothoogte":2.42,"nokhoogte":2.51},"geometry":{"type":"Polygon","coordinates":[[[172571.328,558988.5],[172568.281,558988.875],[172567.766,558985.625],[172568.422,558985.563],[172568.406,558985.438],[172570.828,558985.125],[172571.328,558988.5]]]}},{"type":"Feature","properties":{"identificatie":"NL.IMBAG.Pand.0091100000011352","oorspronkelijkbouwjaar":1977,"status":"Pand in gebruik","b3_dak_type":"slanted","b3_bouwlagen":3,"b3_h_maaiveld":-0.40799999237060547,"b3_h_nok":9.516820907592773,"b3_n_nok":1,"b3_n_vlakken":4,"b3_opp_grond":85.44000244140625,"b3_opp_dak_plat":21.959999084472656,"b3_opp_dak_schuin":86.87999725341797,"b3_volume_lod22":533.6692504882812,"b3_kwaliteitsindicator":1,"b3_pw_bron":"ahn5","b3_h_goot_nap":1.99,"b3_h_nok_nap":9.71,"goothoogte":2.4,"nokhoogte":10.12},"geometry":{"type":"Polygon","coordinates":[[[172587.469,558986.625],[172583.813,558987.125],[172583.156,558981.5],[172583.813,558981.438],[172583.828,558981.563],[172586.813,558981.25],[172586.797,558981.063],[172593.234,558980.313],[172593.219,558980.125],[172600.141,558979.313],[172600.516,558982.5],[172596.609,558982.938],[172596.891,558985.375],[172587.453,558986.563],[172587.469,558986.625]]]}},{"type":"Feature","properties":{"identificatie":"NL.IMBAG.Pand.0091100000010264","oorspronkelijkbouwjaar":1976,"status":"Pand in gebruik","b3_dak_type":"slanted","b3_h_maaiveld":-0.6710000038146973,"b3_h_nok":2.488921880722046,"b3_n_nok":1,"b3_n_vlakken":2,"b3_opp_grond":15.739999771118164,"b3_opp_dak_plat":0,"b3_opp_dak_schuin":17.049999237060547,"b3_volume_lod22":42.23768615722656,"b3_kwaliteitsindicator":1,"b3_pw_bron":"ahn5","b3_h_goot_nap":1.48,"b3_h_nok_nap":2.58,"goothoogte":2.15,"nokhoogte":3.25},"geometry":{"type":"Polygon","coordinates":[[[172559.516,559002.625],[172555.875,559002.938],[172555.5,558998.625],[172559.141,558998.313],[172559.516,559002.625]]]}},{"type":"Feature","properties":{"identificatie":"NL.IMBAG.Pand.0091100000005033","oorspronkelijkbouwjaar":1978,"status":"Pand in gebruik","b3_dak_type":"multiple horizontal","b3_bouwlagen":2,"b3_h_maaiveld":-0.5419999957084656,"b3_n_nok":0,"b3_n_vlakken":2,"b3_opp_grond":66.95999908447266,"b3_opp_dak_plat":73.91000366210938,"b3_opp_dak_schuin":0,"b3_volume_lod22":359.2560729980469,"b3_kwaliteitsindicator":1,"b3_pw_bron":"ahn5","b3_h_goot_nap":5.4,"b3_h_nok_nap":5.51,"goothoogte":5.94,"nokhoogte":6.05},"geometry":{"type":"Polygon","coordinates":[[[172406.078,559237.563],[172402.484,559237.875],[172402.25,559235.438],[172396.063,559236],[172395.859,559233.75],[172413.625,559232.188],[172414.047,559236.688],[172406.063,559237.375],[172406.078,559237.563]]]}},{"type":"Feature","properties":{"identificatie":"NL.IMBAG.Pand.0091100000008947","oorspronkelijkbouwjaar":1978,"status":"Pand in gebruik","b3_dak_type":"multiple horizontal","b3_bouwlagen":2,"b3_h_maaiveld":-0.47600001096725464,"b3_n_nok":0,"b3_n_vlakken":2,"b3_opp_grond":66.80999755859375,"b3_opp_dak_plat":66.72000122070312,"b3_opp_dak_schuin":0,"b3_volume_lod22":358.6617736816406,"b3_kwaliteitsindicator":1,"b3_pw_bron":"ahn5","b3_h_goot_nap":5.51,"b3_h_nok_nap":5.63,"goothoogte":5.98,"nokhoogte":6.11},"geometry":{"type":"Polygon","coordinates":[[[172434.422,559340.125],[172428.281,559340.688],[172428.063,559338.313],[172434.219,559337.75],[172434,559335.5],[172445.563,559334.375],[172446,559338.875],[172434.406,559339.938],[172434.422,559340.125]]]}},{"type":"Feature","properties":{"identificatie":"NL.IMBAG.Pand.0091100000013762","oorspronkelijkbouwjaar":1978,"status":"Pand in gebruik","b3_dak_type":"horizontal","b3_h_maaiveld":-0.5389999747276306,"b3_n_nok":0,"b3_n_vlakken":1,"b3_opp_grond":10.510000228881836,"b3_opp_dak_plat":10.510000228881836,"b3_opp_dak_schuin":0,"b3_volume_lod22":30.547653198242188,"b3_kwaliteitsindicator":1,"b3_pw_bron":"ahn5","b3_h_goot_nap":2.35,"b3_h_nok_nap":2.38,"goothoogte":2.89,"nokhoogte":2.92},"geometry":{"type":"Polygon","coordinates":[[[172398.5,559227.563],[172395.313,559227.875],[172395.031,559224.563],[172398.203,559224.25],[172398.5,559227.563]]]}},{"type":"Feature","properties":{"identificatie":"NL.IMBAG.Pand.0091100000009842","oorspronkelijkbouwjaar":1978,"status":"Pand in gebruik","b3_dak_type":"slanted","b3_h_maaiveld":-0.7200000286102295,"b3_h_nok":2.064478874206543,"b3_n_nok":1,"b3_n_vlakken":2,"b3_opp_grond":7.5,"b3_opp_dak_plat":0,"b3_opp_dak_schuin":8.199999809265137,"b3_volume_lod22":18.455726623535156,"b3_kwaliteitsindicator":1,"b3_pw_bron":"ahn5","b3_h_goot_nap":1.36,"b3_h_nok_nap":2.14,"goothoogte":2.08,"nokhoogte":2.86},"geometry":{"type":"Polygon","coordinates":[[[172357.703,559258.438],[172354.859,559258.813],[172354.547,559256.25],[172357.391,559255.875],[172357.703,559258.438]]]}},{"type":"Feature","properties":{"identificatie":"NL.IMBAG.Pand.1900100010085153","oorspronkelijkbouwjaar":2018,"status":"Pand in gebruik","b3_dak_type":"slanted","b3_bouwlagen":2,"b3_h_maaiveld":-0.2879999876022339,"b3_h_nok":5.889506816864014,"b3_n_nok":1,"b3_n_vlakken":2,"b3_opp_grond":30.600000381469727,"b3_opp_dak_plat":0,"b3_opp_dak_schuin":39.290000915527344,"b3_volume_lod22":168.5101776123047,"b3_kwaliteitsindicator":1,"b3_pw_bron":"ahn5","b3_h_goot_nap":3.9,"b3_h_nok_nap":6.07,"goothoogte":4.19,"nokhoogte":6.36},"geometry":{"type":"Polygon","coordinates":[[[172575.719,559384.813],[172578.266,559375.688],[172578.563,559375.75],[172578.531,559375.813],[172579.047,559376.375],[172580.875,559376.875],[172581.328,559376.625],[172581.359,559376.5],[172581.641,559376.625],[172579.094,559385.75],[172578.797,559385.688],[172578.828,559385.625],[172578.594,559385.125],[172576.766,559384.625],[172576.031,559384.813],[172576,559384.875],[172575.719,559384.813]]]}},{"type":"Feature","properties":{"identificatie":"NL.IMBAG.Pand.0091100000006661","oorspronkelijkbouwjaar":1980,"status":"Pand in gebruik","b3_dak_type":"slanted","b3_bouwlagen":3,"b3_h_maaiveld":-0.5920000076293945,"b3_h_nok":8.582412719726562,"b3_n_nok":1,"b3_n_vlakken":3,"b3_opp_grond":58.810001373291016,"b3_opp_dak_plat":9.260000228881836,"b3_opp_dak_schuin":61.86000061035156,"b3_volume_lod22":403.7494201660156,"b3_kwaliteitsindicator":1,"b3_pw_bron":"ahn5","b3_h_goot_nap":5.22,"b3_h_nok_nap":8.79,"goothoogte":5.81,"nokhoogte":9.39},"geometry":{"type":"Polygon","coordinates":[[[172374.406,559333.063],[172364.281,559334.063],[172364.063,559331.688],[172368.281,559331.313],[172367.953,559327.813],[172376.328,559327],[172376.859,559332.688],[172374.406,559332.938],[172374.406,559333.063]]]}},{"type":"Feature","properties":{"identificatie":"NL.IMBAG.Pand.0091100000003906","oorspronkelijkbouwjaar":1978,"status":"Pand in gebruik","b3_dak_type":"multiple horizontal","b3_bouwlagen":2,"b3_h_maaiveld":-0.5249999761581421,"b3_n_nok":0,"b3_n_vlakken":2,"b3_opp_grond":67.0999984741211,"b3_opp_dak_plat":67.11000061035156,"b3_opp_dak_schuin":0,"b3_volume_lod22":354.23944091796875,"b3_kwaliteitsindicator":1,"b3_pw_bron":"ahn5","b3_h_goot_nap":5.37,"b3_h_nok_nap":5.38,"goothoogte":5.89,"nokhoogte":5.9},"geometry":{"type":"Polygon","coordinates":[[[172413.625,559232.188],[172395.859,559233.75],[172395.656,559231.563],[172401.797,559230.938],[172401.594,559228.688],[172413.203,559227.625],[172413.625,559232.188]]]}},{"type":"Feature","properties":{"identificatie":"NL.IMBAG.Pand.0091100000003851","oorspronkelijkbouwjaar":1978,"status":"Pand in gebruik","b3_dak_type":"slanted","b3_bouwlagen":3,"b3_h_maaiveld":-0.5799999833106995,"b3_h_nok":7.971105575561523,"b3_n_nok":1,"b3_n_vlakken":5,"b3_opp_grond":72.8499984741211,"b3_opp_dak_plat":4,"b3_opp_dak_schuin":88,"b3_volume_lod22":472.4521484375,"b3_kwaliteitsindicator":1,"b3_pw_bron":"ahn5","b3_h_goot_nap":2.34,"b3_h_nok_nap":8.79,"goothoogte":2.92,"nokhoogte":9.37},"geometry":{"type":"Polygon","coordinates":[[[172376.063,559149.375],[172379.422,559154.938],[172370.859,559160.063],[172370.781,559159.938],[172368.641,559161.25],[172367,559158.563],[172369.141,559157.25],[172367.5,559154.5],[172376.063,559149.375]]]}},{"type":"Feature","properties":{"identificatie":"NL.IMBAG.Pand.0091100000008927","oorspronkelijkbouwjaar":1979,"status":"Pand in gebruik","b3_dak_type":"horizontal","b3_bouwlagen":2,"b3_h_maaiveld":-0.2919999957084656,"b3_n_nok":0,"b3_n_vlakken":1,"b3_opp_grond":52.7400016784668,"b3_opp_dak_plat":52.7400016784668,"b3_opp_dak_schuin":0,"b3_volume_lod22":298.4386901855469,"b3_kwaliteitsindicator":1,"b3_pw_bron":"ahn5","b3_h_goot_nap":5.36,"b3_h_nok_nap":5.38,"goothoogte":5.65,"nokhoogte":5.67},"geometry":{"type":"Polygon","coordinates":[[[172444.766,559287.125],[172433.172,559288.25],[172432.75,559283.75],[172444.344,559282.625],[172444.766,559287.125]]]}},{"type":"Feature","properties":{"identificatie":"NL.IMBAG.Pand.0091100000017528","oorspronkelijkbouwjaar":1980,"status":"Pand in gebruik","b3_dak_type":"slanted","b3_bouwlagen":3,"b3_h_maaiveld":-0.609000027179718,"b3_h_nok":8.562994956970215,"b3_n_nok":4,"b3_n_vlakken":6,"b3_opp_grond":76.6500015258789,"b3_opp_dak_plat":8.640000343322754,"b3_opp_dak_schuin":77.23999786376953,"b3_volume_lod22":478.0469665527344,"b3_kwaliteitsindicator":1,"b3_pw_bron":"ahn5","b3_h_goot_nap":2.64,"b3_h_nok_nap":8.54,"goothoogte":3.25,"nokhoogte":9.15},"geometry":{"type":"Polygon","coordinates":[[[172393.391,559307.313],[172390.203,559307.688],[172389.734,559301.813],[172392.859,559301.438],[172392.875,559301.563],[172401.156,559300.688],[172401.5,559304.188],[172405.719,559303.75],[172405.938,559306.063],[172401.734,559306.5],[172401.719,559306.375],[172393.391,559307.25],[172393.391,559307.313]]]}},{"type":"Feature","properties":{"identificatie":"NL.IMBAG.Pand.0091100000009089","oorspronkelijkbouwjaar":1980,"status":"Pand in gebruik","b3_dak_type":"slanted","b3_bouwlagen":3,"b3_h_maaiveld":-0.6169999837875366,"b3_h_nok":8.621286392211914,"b3_n_nok":1,"b3_n_vlakken":3,"b3_opp_grond":57.849998474121094,"b3_opp_dak_plat":8.710000038146973,"b3_opp_dak_schuin":61.33000183105469,"b3_volume_lod22":399.5767517089844,"b3_kwaliteitsindicator":1,"b3_pw_bron":"ahn5","b3_h_goot_nap":2.34,"b3_h_nok_nap":8.82,"goothoogte":2.96,"nokhoogte":9.43},"geometry":{"type":"Polygon","coordinates":[[[172402.813,559317.875],[172402.797,559317.688],[172394.406,559318.563],[172393.891,559312.875],[172402.25,559312],[172402.594,559315.5],[172406.797,559315.063],[172407.031,559317.438],[172402.813,559317.875]]]}},{"type":"Feature","properties":{"identificatie":"NL.IMBAG.Pand.0091100000010277","oorspronkelijkbouwjaar":1978,"status":"Pand in gebruik","b3_dak_type":"multiple horizontal","b3_bouwlagen":2,"b3_h_maaiveld":-0.4650000035762787,"b3_n_nok":0,"b3_n_vlakken":3,"b3_opp_grond":67.80000305175781,"b3_opp_dak_plat":61.29999923706055,"b3_opp_dak_schuin":0,"b3_volume_lod22":337.619384765625,"b3_kwaliteitsindicator":1,"b3_pw_bron":"ahn5","b3_h_goot_nap":5.44,"b3_h_nok_nap":5.61,"goothoogte":5.9,"nokhoogte":6.08},"geometry":{"type":"Polygon","coordinates":[[[172438.609,559269.5],[172420.875,559271.188],[172420.688,559269],[172426.813,559268.375],[172426.594,559265.938],[172438.156,559264.875],[172438.609,559269.5]]]}},{"type":"Feature","properties":{"identificatie":"NL.IMBAG.Pand.0091100000014636","oorspronkelijkbouwjaar":1979,"status":"Pand in gebruik","b3_dak_type":"slanted","b3_bouwlagen":3,"b3_h_maaiveld":-0.4580000042915344,"b3_h_nok":8.233936309814453,"b3_n_nok":1,"b3_n_vlakken":4,"b3_opp_grond":92.08999633789062,"b3_opp_dak_plat":35.900001525878906,"b3_opp_dak_schuin":64.9000015258789,"b3_volume_lod22":513.717041015625,"b3_kwaliteitsindicator":1,"b3_pw_bron":"ahn5","b3_h_goot_nap":2.18,"b3_h_nok_nap":8.37,"goothoogte":2.63,"nokhoogte":8.82},"geometry":{"type":"Polygon","coordinates":[[[172528.25,559241.563],[172527.766,559235.813],[172540.563,559234.688],[172540.563,559234.813],[172540.625,559234.813],[172540.875,559238],[172543.547,559237.75],[172543.547,559237.313],[172548,559237],[172548.203,559239.625],[172543.969,559239.938],[172543.984,559240],[172536.344,559240.75],[172536.344,559240.875],[172528.25,559241.563]]]}},{"type":"Feature","properties":{"identificatie":"NL.IMBAG.Pand.0091100000006840","oorspronkelijkbouwjaar":1978,"status":"Pand in gebruik","b3_dak_type":"multiple horizontal","b3_bouwlagen":2,"b3_h_maaiveld":-0.5170000195503235,"b3_n_nok":0,"b3_n_vlakken":2,"b3_opp_grond":69.1500015258789,"b3_opp_dak_plat":74.44000244140625,"b3_opp_dak_schuin":0,"b3_volume_lod22":361.0467834472656,"b3_kwaliteitsindicator":1,"b3_pw_bron":"ahn5","b3_h_goot_nap":5.37,"b3_h_nok_nap":5.4,"goothoogte":5.88,"nokhoogte":5.91},"geometry":{"type":"Polygon","coordinates":[[[172376.953,559229.5],[172365.328,559230.625],[172364.891,559225.938],[172382.656,559224.313],[172382.891,559226.688],[172376.75,559227.25],[172376.953,559229.5]]]}},{"type":"Feature","properties":{"identificatie":"NL.IMBAG.Pand.0091100000011132","oorspronkelijkbouwjaar":1978,"status":"Pand in gebruik","b3_dak_type":"horizontal","b3_h_maaiveld":-0.375,"b3_n_nok":0,"b3_n_vlakken":1,"b3_opp_grond":8.789999961853027,"b3_opp_dak_plat":8.800000190734863,"b3_opp_dak_schuin":0,"b3_volume_lod22":20.395593643188477,"b3_kwaliteitsindicator":1,"b3_pw_bron":"ahn3","b3_h_goot_nap":1.9,"b3_h_nok_nap":2,"goothoogte":2.27,"nokhoogte":2.38},"geometry":{"type":"Polygon","coordinates":[[[172422.75,559226.75],[172419.828,559226.938],[172419.594,559223.625],[172422.5,559223.375],[172422.75,559226.75]]]}},{"type":"Feature","properties":{"identificatie":"NL.IMBAG.Pand.0091100000006665","oorspronkelijkbouwjaar":1981,"status":"Pand in gebruik","b3_dak_type":"slanted","b3_bouwlagen":3,"b3_h_maaiveld":-0.5690000057220459,"b3_h_nok":8.581324577331543,"b3_n_nok":1,"b3_n_vlakken":3,"b3_opp_grond":58.41999816894531,"b3_opp_dak_plat":9.899999618530273,"b3_opp_dak_schuin":60.400001525878906,"b3_volume_lod22":396.87396240234375,"b3_kwaliteitsindicator":1,"b3_pw_bron":"ahn5","b3_h_goot_nap":5.19,"b3_h_nok_nap":8.78,"goothoogte":5.76,"nokhoogte":9.35},"geometry":{"type":"Polygon","coordinates":[[[172374.953,559338.75],[172370.719,559339.125],[172370.5,559336.75],[172374.719,559336.375],[172374.406,559332.938],[172376.859,559332.688],[172376.844,559332.625],[172382.766,559332],[172383.313,559337.75],[172374.938,559338.563],[172374.953,559338.75]]]}},{"type":"Feature","properties":{"identificatie":"NL.IMBAG.Pand.0091100000008276","oorspronkelijkbouwjaar":1979,"status":"Pand in gebruik","b3_dak_type":"slanted","b3_bouwlagen":3,"b3_h_maaiveld":-0.3019999861717224,"b3_n_nok":0,"b3_n_vlakken":3,"b3_opp_grond":53.22999954223633,"b3_opp_dak_plat":45.540000915527344,"b3_opp_dak_schuin":10.90999984741211,"b3_volume_lod22":375.1432800292969,"b3_kwaliteitsindicator":1,"b3_pw_bron":"ahn5","b3_h_goot_nap":5.32,"b3_h_nok_nap":8.2,"goothoogte":5.62,"nokhoogte":8.5},"geometry":{"type":"Polygon","coordinates":[[[172443.344,559301],[172431.734,559302.063],[172431.313,559297.438],[172434.016,559297.125],[172434.031,559297.313],[172442.938,559296.438],[172443.344,559301]]]}},{"type":"Feature","properties":{"identificatie":"NL.IMBAG.Pand.0091100000006677","oorspronkelijkbouwjaar":1981,"status":"Pand in gebruik","b3_dak_type":"slanted","b3_bouwlagen":3,"b3_h_maaiveld":-0.6060000061988831,"b3_h_nok":8.654720306396484,"b3_n_nok":1,"b3_n_vlakken":3,"b3_opp_grond":58.150001525878906,"b3_opp_dak_plat":9.800000190734863,"b3_opp_dak_schuin":60.2599983215332,"b3_volume_lod22":399.5867614746094,"b3_kwaliteitsindicator":1,"b3_pw_bron":"ahn5","b3_h_goot_nap":2.35,"b3_h_nok_nap":8.73,"goothoogte":2.95,"nokhoogte":9.34},"geometry":{"type":"Polygon","coordinates":[[[172375.484,559344.438],[172371.266,559344.813],[172371.031,559342.438],[172375.266,559342.063],[172374.938,559338.563],[172383.313,559337.75],[172383.859,559343.438],[172375.469,559344.25],[172375.484,559344.438]]]}},{"type":"Feature","properties":{"identificatie":"NL.IMBAG.Pand.0091100000009672","oorspronkelijkbouwjaar":1979,"status":"Pand in gebruik","b3_dak_type":"slanted","b3_h_maaiveld":-0.6039999723434448,"b3_h_nok":2.9064273834228516,"b3_n_nok":1,"b3_n_vlakken":2,"b3_opp_grond":15.710000038146973,"b3_opp_dak_plat":0,"b3_opp_dak_schuin":19.200000762939453,"b3_volume_lod22":44.70122146606445,"b3_kwaliteitsindicator":1,"b3_pw_bron":"ahn5","b3_h_goot_nap":1.36,"b3_h_nok_nap":3.08,"goothoogte":1.96,"nokhoogte":3.69},"geometry":{"type":"Polygon","coordinates":[[[172357.078,559384.313],[172352.891,559384.75],[172352.516,559381],[172356.703,559380.563],[172357.078,559384.313]]]}},{"type":"Feature","properties":{"identificatie":"NL.IMBAG.Pand.0091100000014270","oorspronkelijkbouwjaar":1980,"status":"Pand in gebruik","b3_dak_type":"multiple horizontal","b3_bouwlagen":2,"b3_h_maaiveld":-0.4779999852180481,"b3_n_nok":0,"b3_n_vlakken":2,"b3_opp_grond":54.400001525878906,"b3_opp_dak_plat":53.400001525878906,"b3_opp_dak_schuin":0,"b3_volume_lod22":299.5196838378906,"b3_kwaliteitsindicator":1,"b3_pw_bron":"ahn5","b3_h_goot_nap":5.45,"b3_h_nok_nap":5.5,"goothoogte":5.93,"nokhoogte":5.98},"geometry":{"type":"Polygon","coordinates":[[[172417.5,559375.25],[172405.891,559376.313],[172405.453,559371.688],[172417.063,559370.563],[172417.5,559375.25]]]}},{"type":"Feature","properties":{"identificatie":"NL.IMBAG.Pand.1900100010090947","oorspronkelijkbouwjaar":2022,"status":"Pand in gebruik","b3_dak_type":"horizontal","b3_h_maaiveld":-0.09300000220537186,"b3_n_nok":0,"b3_n_vlakken":1,"b3_opp_grond":6.75,"b3_opp_dak_plat":0,"b3_opp_dak_schuin":6.769999980926514,"b3_volume_lod22":17.159751892089844,"b3_kwaliteitsindicator":1,"b3_pw_bron":"ahn5","b3_h_goot_nap":2.39,"b3_h_nok_nap":2.55,"goothoogte":2.48,"nokhoogte":2.65},"geometry":{"type":"Polygon","coordinates":[[[172581.703,559249.75],[172581.469,559247],[172583.891,559246.75],[172584.125,559249.563],[172581.703,559249.75]]]}},{"type":"Feature","properties":{"identificatie":"NL.IMBAG.Pand.0091100000003049","oorspronkelijkbouwjaar":1978,"status":"Pand in gebruik","b3_dak_type":"horizontal","b3_h_maaiveld":-0.5049999952316284,"b3_n_nok":0,"b3_n_vlakken":1,"b3_opp_grond":10.449999809265137,"b3_opp_dak_plat":10.260000228881836,"b3_opp_dak_schuin":0,"b3_volume_lod22":30.294946670532227,"b3_kwaliteitsindicator":1,"b3_pw_bron":"ahn5","b3_h_goot_nap":2.39,"b3_h_nok_nap":2.4,"goothoogte":2.89,"nokhoogte":2.9},"geometry":{"type":"Polygon","coordinates":[[[172397.672,559218.5],[172394.484,559218.813],[172394.188,559215.5],[172397.375,559215.25],[172397.672,559218.5]]]}},{"type":"Feature","properties":{"identificatie":"NL.IMBAG.Pand.0091100000009675","oorspronkelijkbouwjaar":1979,"status":"Pand in gebruik","b3_dak_type":"slanted","b3_bouwlagen":3,"b3_h_maaiveld":-0.46799999475479126,"b3_h_nok":8.258021354675293,"b3_n_nok":1,"b3_n_vlakken":5,"b3_opp_grond":90.69999694824219,"b3_opp_dak_plat":35,"b3_opp_dak_schuin":65.12000274658203,"b3_volume_lod22":502.734375,"b3_kwaliteitsindicator":1,"b3_pw_bron":"ahn5","b3_h_goot_nap":2.18,"b3_h_nok_nap":8.39,"goothoogte":2.65,"nokhoogte":8.86},"geometry":{"type":"Polygon","coordinates":[[[172547.422,559256.75],[172547.344,559256.75],[172547.359,559256.875],[172536.391,559257.813],[172536.359,559257.188],[172535.297,559256.188],[172533.797,559253.563],[172533.766,559252.313],[172554.203,559250.625],[172554.453,559253.625],[172549.984,559254],[172549.844,559253.313],[172547.156,559253.563],[172547.422,559256.75]]]}},{"type":"Feature","properties":{"identificatie":"NL.IMBAG.Pand.0091100000014774","oorspronkelijkbouwjaar":1978,"status":"Pand in gebruik","b3_dak_type":"slanted","b3_bouwlagen":3,"b3_h_maaiveld":-0.3230000138282776,"b3_h_nok":8.986202239990234,"b3_n_nok":1,"b3_n_vlakken":5,"b3_opp_grond":58.97999954223633,"b3_opp_dak_plat":0,"b3_opp_dak_schuin":75.70999908447266,"b3_volume_lod22":414.1328125,"b3_kwaliteitsindicator":1,"b3_pw_bron":"ahn5","b3_h_goot_nap":6.34,"b3_h_nok_nap":9.17,"goothoogte":6.66,"nokhoogte":9.49},"geometry":{"type":"Polygon","coordinates":[[[172585.656,559241.313],[172583.078,559241.563],[172582.797,559238.563],[172579.563,559238.875],[172579.5,559238.313],[172579.563,559238.313],[172578.75,559228.875],[172581.484,559228.625],[172581.703,559230.875],[172584.672,559230.563],[172585.656,559241.313]]]}},{"type":"Feature","properties":{"identificatie":"NL.IMBAG.Pand.0091100000009293","oorspronkelijkbouwjaar":1979,"status":"Pand in gebruik","b3_dak_type":"slanted","b3_bouwlagen":3,"b3_h_maaiveld":-0.7509999871253967,"b3_h_nok":9.016100883483887,"b3_n_nok":1,"b3_n_vlakken":7,"b3_opp_grond":63.40999984741211,"b3_opp_dak_plat":9.600000381469727,"b3_opp_dak_schuin":68.37999725341797,"b3_volume_lod22":444.4568786621094,"b3_kwaliteitsindicator":1,"b3_pw_bron":"ahn5","b3_h_goot_nap":3.55,"b3_h_nok_nap":9.21,"goothoogte":4.3,"nokhoogte":9.96},"geometry":{"type":"Polygon","coordinates":[[[172587.047,559263.563],[172574.531,559264.875],[172574.297,559261.813],[172572.016,559262],[172571.813,559259.313],[172581.547,559258.313],[172581.844,559261.375],[172586.813,559260.938],[172587.047,559263.563]]]}},{"type":"Feature","properties":{"identificatie":"NL.IMBAG.Pand.0091100000013634","oorspronkelijkbouwjaar":1978,"status":"Pand in gebruik","b3_dak_type":"horizontal","b3_h_maaiveld":-0.6069999933242798,"b3_n_nok":0,"b3_n_vlakken":1,"b3_opp_grond":10.380000114440918,"b3_opp_dak_plat":10.380000114440918,"b3_opp_dak_schuin":0,"b3_volume_lod22":30.98783302307129,"b3_kwaliteitsindicator":1,"b3_pw_bron":"ahn5","b3_h_goot_nap":2.36,"b3_h_nok_nap":2.39,"goothoogte":2.97,"nokhoogte":3},"geometry":{"type":"Polygon","coordinates":[[[172380.5,559243.063],[172377.359,559243.313],[172377.047,559240.063],[172380.203,559239.75],[172380.5,559243.063]]]}},{"type":"Feature","properties":{"identificatie":"NL.IMBAG.Pand.0091100000008112","oorspronkelijkbouwjaar":1980,"status":"Pand in gebruik","b3_dak_type":"multiple horizontal","b3_bouwlagen":2,"b3_h_maaiveld":-0.3330000042915344,"b3_n_nok":0,"b3_n_vlakken":2,"b3_opp_grond":53.18000030517578,"b3_opp_dak_plat":53.189998626708984,"b3_opp_dak_schuin":0,"b3_volume_lod22":281.7746276855469,"b3_kwaliteitsindicator":1,"b3_pw_bron":"ahn5","b3_h_goot_nap":5.33,"b3_h_nok_nap":5.41,"goothoogte":5.66,"nokhoogte":5.75},"geometry":{"type":"Polygon","coordinates":[[[172443.922,559278.125],[172432.328,559279.188],[172431.922,559274.688],[172439.031,559274],[172439.016,559273.875],[172443.484,559273.438],[172443.922,559278.125]]]}},{"type":"Feature","properties":{"identificatie":"NL.IMBAG.Pand.0091100000009885","oorspronkelijkbouwjaar":1979,"status":"Pand in gebruik","b3_dak_type":"slanted","b3_bouwlagen":3,"b3_h_maaiveld":-0.597000002861023,"b3_h_nok":8.087862968444824,"b3_n_nok":5,"b3_n_vlakken":9,"b3_opp_grond":71.37000274658203,"b3_opp_dak_plat":0,"b3_opp_dak_schuin":86.45999908447266,"b3_volume_lod22":490.16888427734375,"b3_kwaliteitsindicator":1,"b3_pw_bron":"ahn5","b3_h_goot_nap":5.81,"b3_h_nok_nap":8.3,"goothoogte":6.41,"nokhoogte":8.89},"geometry":{"type":"Polygon","coordinates":[[[172552.703,559151.375],[172546.766,559151.938],[172546.516,559149.25],[172552.516,559148.688],[172552.203,559145.375],[172552.156,559145.375],[172552.141,559145.25],[172557.297,559144.75],[172559.938,559144.563],[172561.328,559144.438],[172561.859,559150.438],[172552.672,559151.25],[172552.703,559151.375]]]}},{"type":"Feature","properties":{"identificatie":"NL.IMBAG.Pand.0091100000003057","oorspronkelijkbouwjaar":1978,"status":"Pand in gebruik","b3_dak_type":"slanted","b3_h_maaiveld":-0.5350000262260437,"b3_n_nok":0,"b3_n_vlakken":1,"b3_opp_grond":16.100000381469727,"b3_opp_dak_plat":0,"b3_opp_dak_schuin":16.219999313354492,"b3_volume_lod22":45.35871887207031,"b3_kwaliteitsindicator":1,"b3_pw_bron":"ahn3","b3_h_goot_nap":1.92,"b3_h_nok_nap":2.62,"goothoogte":2.46,"nokhoogte":3.15},"geometry":{"type":"Polygon","coordinates":[[[172379.781,559235.25],[172380.078,559238.5],[172374.734,559239],[172374.484,559236.5],[172376.688,559236.25],[172376.625,559235.563],[172379.781,559235.25]]]}},{"type":"Feature","properties":{"identificatie":"NL.IMBAG.Pand.0091100000010330","oorspronkelijkbouwjaar":1978,"status":"Pand in gebruik","b3_dak_type":"multiple horizontal","b3_bouwlagen":2,"b3_h_maaiveld":-0.34599998593330383,"b3_n_nok":0,"b3_n_vlakken":2,"b3_opp_grond":67.69000244140625,"b3_opp_dak_plat":67.69999694824219,"b3_opp_dak_schuin":0,"b3_volume_lod22":349.3199157714844,"b3_kwaliteitsindicator":1,"b3_pw_bron":"ahn5","b3_h_goot_nap":5.41,"b3_h_nok_nap":5.43,"goothoogte":5.75,"nokhoogte":5.78},"geometry":{"type":"Polygon","coordinates":[[[172431.266,559345],[172428.703,559345.25],[172428.484,559342.875],[172434.625,559342.313],[172434.406,559339.938],[172446,559338.875],[172446.453,559343.5],[172442.891,559343.875],[172442.875,559343.75],[172431.266,559344.875],[172431.266,559345]]]}},{"type":"Feature","properties":{"identificatie":"NL.IMBAG.Pand.0091100000010261","oorspronkelijkbouwjaar":1979,"status":"Pand in gebruik","b3_dak_type":"multiple horizontal","b3_bouwlagen":2,"b3_h_maaiveld":-0.3540000021457672,"b3_n_nok":0,"b3_n_vlakken":2,"b3_opp_grond":94.16999816894531,"b3_opp_dak_plat":94.16999816894531,"b3_opp_dak_schuin":0,"b3_volume_lod22":440.7881164550781,"b3_kwaliteitsindicator":1,"b3_pw_bron":"ahn5","b3_h_goot_nap":2.76,"b3_h_nok_nap":5.41,"goothoogte":3.11,"nokhoogte":5.76},"geometry":{"type":"Polygon","coordinates":[[[172438.047,559358.063],[172435.109,559358.313],[172435.531,559362.813],[172426.859,559363.625],[172425.984,559354.438],[172437.594,559353.375],[172438.047,559358.063]]]}},{"type":"Feature","properties":{"identificatie":"NL.IMBAG.Pand.1900100010085159","oorspronkelijkbouwjaar":2018,"status":"Pand in gebruik","b3_dak_type":"slanted","b3_bouwlagen":2,"b3_h_maaiveld":-0.27300000190734863,"b3_h_nok":5.9017791748046875,"b3_n_nok":1,"b3_n_vlakken":2,"b3_opp_grond":30.579999923706055,"b3_opp_dak_plat":0,"b3_opp_dak_schuin":39.900001525878906,"b3_volume_lod22":167.86863708496094,"b3_kwaliteitsindicator":1,"b3_pw_bron":"ahn5","b3_h_goot_nap":3.79,"b3_h_nok_nap":6.06,"goothoogte":4.07,"nokhoogte":6.33},"geometry":{"type":"Polygon","coordinates":[[[172565.078,559389.313],[172567.625,559380.188],[172567.922,559380.25],[172567.891,559380.375],[172568.406,559380.875],[172570.234,559381.438],[172570.688,559381.125],[172570.719,559381],[172571,559381.125],[172568.438,559390.25],[172568.156,559390.188],[172568.188,559390.125],[172567.953,559389.625],[172566.125,559389.125],[172565.391,559389.313],[172565.359,559389.438],[172565.078,559389.313]]]}},{"type":"Feature","properties":{"identificatie":"NL.IMBAG.Pand.0091100000006756","oorspronkelijkbouwjaar":1978,"status":"Pand in gebruik","b3_dak_type":"slanted","b3_bouwlagen":2,"b3_h_maaiveld":-0.6259999871253967,"b3_n_nok":0,"b3_n_vlakken":4,"b3_opp_grond":71.98999786376953,"b3_opp_dak_plat":71.98999786376953,"b3_opp_dak_schuin":0,"b3_volume_lod22":381.9092712402344,"b3_kwaliteitsindicator":1,"b3_pw_bron":"ahn5","b3_h_goot_nap":5.37,"b3_h_nok_nap":5.4,"goothoogte":6,"nokhoogte":6.02},"geometry":{"type":"Polygon","coordinates":[[[172379.859,559261.188],[172380,559262.938],[172382.703,559262.625],[172382.953,559262.438],[172386.125,559262.063],[172386.438,559265.313],[172382.359,559265.688],[172382.328,559265.375],[172380.234,559265.563],[172380.25,559265.75],[172370.438,559266.625],[172370.453,559266.75],[172368.672,559266.938],[172368.234,559262.25],[172379.859,559261.188]]]}},{"type":"Feature","properties":{"identificatie":"NL.IMBAG.Pand.0091100000006574","oorspronkelijkbouwjaar":1978,"status":"Pand in gebruik","b3_dak_type":"horizontal","b3_bouwlagen":2,"b3_h_maaiveld":-0.5,"b3_n_nok":0,"b3_n_vlakken":1,"b3_opp_grond":53.58000183105469,"b3_opp_dak_plat":53.29999923706055,"b3_opp_dak_schuin":0,"b3_volume_lod22":314.71990966796875,"b3_kwaliteitsindicator":1,"b3_pw_bron":"ahn5","b3_h_goot_nap":5.37,"b3_h_nok_nap":5.38,"goothoogte":5.87,"nokhoogte":5.88},"geometry":{"type":"Polygon","coordinates":[[[172373.219,559239],[172361.672,559240.063],[172361.25,559235.375],[172365.734,559235],[172365.75,559235.125],[172372.75,559234.438],[172373.219,559239]]]}},{"type":"Feature","properties":{"identificatie":"NL.IMBAG.Pand.0091100000006633","oorspronkelijkbouwjaar":1980,"status":"Pand in gebruik","b3_dak_type":"slanted","b3_bouwlagen":3,"b3_h_maaiveld":-0.6470000147819519,"b3_h_nok":8.576882362365723,"b3_n_nok":1,"b3_n_vlakken":3,"b3_opp_grond":59.41999816894531,"b3_opp_dak_plat":9.550000190734863,"b3_opp_dak_schuin":62.27000045776367,"b3_volume_lod22":408.8719482421875,"b3_kwaliteitsindicator":1,"b3_pw_bron":"ahn5","b3_h_goot_nap":5.09,"b3_h_nok_nap":8.72,"goothoogte":5.74,"nokhoogte":9.37},"geometry":{"type":"Polygon","coordinates":[[[172349.297,559350.5],[172349.281,559350.375],[172340.875,559351.188],[172340.313,559345.375],[172348.734,559344.5],[172349.063,559348.188],[172353.297,559347.75],[172353.531,559350.063],[172349.297,559350.5]]]}},{"type":"Feature","properties":{"identificatie":"NL.IMBAG.Pand.0091100000007148","oorspronkelijkbouwjaar":1980,"status":"Pand in gebruik","b3_dak_type":"slanted","b3_bouwlagen":3,"b3_h_maaiveld":-0.6359999775886536,"b3_h_nok":8.579693794250488,"b3_n_nok":1,"b3_n_vlakken":3,"b3_opp_grond":58.75,"b3_opp_dak_plat":10.220000267028809,"b3_opp_dak_schuin":60.58000183105469,"b3_volume_lod22":403.35528564453125,"b3_kwaliteitsindicator":1,"b3_pw_bron":"ahn5","b3_h_goot_nap":2.35,"b3_h_nok_nap":8.76,"goothoogte":2.98,"nokhoogte":9.39},"geometry":{"type":"Polygon","coordinates":[[[172400.641,559295.188],[172400.625,559295],[172392.359,559295.875],[172391.813,559289.875],[172400.063,559289.25],[172400.406,559292.813],[172404.641,559292.438],[172404.844,559294.75],[172400.641,559295.188]]]}},{"type":"Feature","properties":{"identificatie":"NL.IMBAG.Pand.0091100000002269","oorspronkelijkbouwjaar":1980,"status":"Pand in gebruik","b3_dak_type":"slanted","b3_bouwlagen":3,"b3_h_maaiveld":-0.5630000233650208,"b3_h_nok":8.587017059326172,"b3_n_nok":1,"b3_n_vlakken":3,"b3_opp_grond":59.209999084472656,"b3_opp_dak_plat":10.050000190734863,"b3_opp_dak_schuin":61.56999969482422,"b3_volume_lod22":403.4204406738281,"b3_kwaliteitsindicator":1,"b3_pw_bron":"ahn5","b3_h_goot_nap":2.33,"b3_h_nok_nap":8.79,"goothoogte":2.89,"nokhoogte":9.35},"geometry":{"type":"Polygon","coordinates":[[[172360.688,559375.625],[172364.906,559375.188],[172365.141,559377.563],[172352.5,559378.75],[172351.938,559373],[172360.328,559372.188],[172360.688,559375.625]]]}},{"type":"Feature","properties":{"identificatie":"NL.IMBAG.Pand.0091100000006728","oorspronkelijkbouwjaar":1978,"status":"Pand in gebruik","b3_dak_type":"multiple horizontal","b3_bouwlagen":2,"b3_h_maaiveld":-0.6439999938011169,"b3_n_nok":0,"b3_n_vlakken":2,"b3_opp_grond":66.69000244140625,"b3_opp_dak_plat":62.540000915527344,"b3_opp_dak_schuin":0,"b3_volume_lod22":360.8146667480469,"b3_kwaliteitsindicator":1,"b3_pw_bron":"ahn5","b3_h_goot_nap":5.37,"b3_h_nok_nap":5.39,"goothoogte":6.01,"nokhoogte":6.03},"geometry":{"type":"Polygon","coordinates":[[[172385.578,559256.063],[172367.797,559257.75],[172367.375,559253.25],[172374.594,559252.563],[172374.594,559252.438],[172378.203,559252.063],[172378.219,559252.188],[172379.031,559252.125],[172379.203,559254.375],[172385.375,559253.938],[172385.578,559256.063]]]}},{"type":"Feature","properties":{"identificatie":"NL.IMBAG.Pand.0091100000007140","oorspronkelijkbouwjaar":1979,"status":"Pand in gebruik","b3_dak_type":"multiple horizontal","b3_bouwlagen":2,"b3_h_maaiveld":-0.21899999678134918,"b3_n_nok":0,"b3_n_vlakken":2,"b3_opp_grond":53.880001068115234,"b3_opp_dak_plat":44.060001373291016,"b3_opp_dak_schuin":9.84000015258789,"b3_volume_lod22":281.5982360839844,"b3_kwaliteitsindicator":1,"b3_pw_bron":"ahn5","b3_h_goot_nap":5.44,"b3_h_nok_nap":5.51,"goothoogte":5.66,"nokhoogte":5.73},"geometry":{"type":"Polygon","coordinates":[[[172404.453,559390.25],[172404.453,559390.125],[172400,559390.563],[172399.578,559386.063],[172411.188,559384.938],[172411.625,559389.563],[172404.453,559390.25]]]}},{"type":"Feature","properties":{"identificatie":"NL.IMBAG.Pand.0091100000014646","oorspronkelijkbouwjaar":1979,"status":"Pand in gebruik","b3_dak_type":"horizontal","b3_h_maaiveld":-0.30300000309944153,"b3_n_nok":0,"b3_n_vlakken":1,"b3_opp_grond":8.729999542236328,"b3_opp_dak_plat":8.729999542236328,"b3_opp_dak_schuin":0,"b3_volume_lod22":23.636642456054688,"b3_kwaliteitsindicator":1,"b3_pw_bron":"ahn5","b3_h_goot_nap":2.39,"b3_h_nok_nap":2.42,"goothoogte":2.69,"nokhoogte":2.72},"geometry":{"type":"Polygon","coordinates":[[[172461.422,559378.625],[172457.984,559379],[172457.703,559376.5],[172461.188,559376.188],[172461.422,559378.625]]]}},{"type":"Feature","properties":{"identificatie":"NL.IMBAG.Pand.0091100000009889","oorspronkelijkbouwjaar":1979,"status":"Pand in gebruik","b3_dak_type":"slanted","b3_bouwlagen":3,"b3_h_maaiveld":-0.5920000076293945,"b3_h_nok":4.913780212402344,"b3_n_nok":1,"b3_n_vlakken":6,"b3_opp_grond":70.62999725341797,"b3_opp_dak_plat":29.989999771118164,"b3_opp_dak_schuin":52.04999923706055,"b3_volume_lod22":480.2118835449219,"b3_kwaliteitsindicator":1,"b3_pw_bron":"ahn5","b3_h_goot_nap":5.35,"b3_h_nok_nap":7.57,"goothoogte":5.94,"nokhoogte":8.16},"geometry":{"type":"Polygon","coordinates":[[[172562.375,559156.375],[172547.297,559157.75],[172547.063,559155.188],[172553.063,559154.625],[172552.766,559151.375],[172552.703,559151.375],[172552.672,559151.25],[172561.859,559150.438],[172562.375,559156.375]]]}},{"type":"Feature","properties":{"identificatie":"NL.IMBAG.Pand.0091100000004246","oorspronkelijkbouwjaar":1978,"status":"Pand in gebruik","b3_dak_type":"horizontal","b3_h_maaiveld":-0.5799999833106995,"b3_n_nok":0,"b3_n_vlakken":1,"b3_opp_grond":10.5,"b3_opp_dak_plat":10.5,"b3_opp_dak_schuin":0,"b3_volume_lod22":31.03645133972168,"b3_kwaliteitsindicator":1,"b3_pw_bron":"ahn5","b3_h_goot_nap":2.35,"b3_h_nok_nap":2.41,"goothoogte":2.93,"nokhoogte":2.99},"geometry":{"type":"Polygon","coordinates":[[[172428.922,559307.063],[172425.734,559307.313],[172425.438,559304.063],[172428.625,559303.75],[172428.922,559307.063]]]}},{"type":"Feature","properties":{"identificatie":"NL.IMBAG.Pand.0091100000014651","oorspronkelijkbouwjaar":1979,"status":"Pand in gebruik","b3_dak_type":"slanted","b3_bouwlagen":3,"b3_h_maaiveld":-0.13099999725818634,"b3_h_nok":7.547842502593994,"b3_n_nok":9,"b3_n_vlakken":32,"b3_opp_grond":3484.679931640625,"b3_opp_dak_plat":3496.360107421875,"b3_opp_dak_schuin":486.1300048828125,"b3_volume_lod22":15450.2265625,"b3_kwaliteitsindicator":0,"b3_pw_bron":"ahn5","b3_h_goot_nap":3.97,"b3_h_nok_nap":7.65,"goothoogte":4.11,"nokhoogte":7.78},"geometry":{"type":"Polygon","coordinates":[[[172528.406,559396.063],[172528.016,559391.875],[172514.859,559393.125],[172512.953,559373.25],[172503.969,559374.063],[172503.484,559368.625],[172495.016,559369.375],[172494.359,559362.125],[172490.563,559362.438],[172489.844,559354.875],[172486.063,559355.25],[172485.328,559347.25],[172489.094,559346.938],[172488.375,559339.375],[172491.094,559339.125],[172490.781,559335.75],[172488.047,559336],[172487.297,559328],[172492.641,559327.5],[172491.938,559319.938],[172498.969,559319.313],[172498.469,559314.063],[172495.313,559314.375],[172494.594,559306.625],[172485.625,559307.5],[172485.391,559305.25],[172482.172,559305.625],[172480.891,559292.125],[172488.984,559291.375],[172489.516,559297.063],[172514.938,559294.75],[172515.875,559304.875],[172514.531,559305],[172515.266,559312.563],[172512.094,559312.875],[172512.594,559318.125],[172519.641,559317.438],[172520.344,559325.063],[172525.672,559324.563],[172526.422,559332.5],[172523.734,559332.75],[172524.063,559336.125],[172526.734,559335.875],[172527.453,559343.438],[172531.234,559343.125],[172531.984,559351.063],[172528.203,559351.438],[172529.406,559364],[172547.281,559362.25],[172547.734,559366.938],[172555.016,559366.188],[172555.859,559374.75],[172543.141,559376],[172544.906,559394.75],[172532.359,559395.875],[172532.344,559395.688],[172528.406,559396.063]]]}},{"type":"Feature","properties":{"identificatie":"NL.IMBAG.Pand.0091100000019587","oorspronkelijkbouwjaar":1975,"status":"Pand in gebruik","b3_dak_type":"horizontal","b3_h_maaiveld":-0.5019999742507935,"b3_n_nok":0,"b3_n_vlakken":1,"b3_opp_grond":18.440000534057617,"b3_opp_dak_plat":18.440000534057617,"b3_opp_dak_schuin":0,"b3_volume_lod22":50.02649688720703,"b3_kwaliteitsindicator":1,"b3_pw_bron":"ahn5","b3_h_goot_nap":2.15,"b3_h_nok_nap":2.26,"goothoogte":2.65,"nokhoogte":2.76},"geometry":{"type":"Polygon","coordinates":[[[172341.766,559156.375],[172346.953,559153.25],[172348.531,559155.875],[172343.328,559159],[172341.766,559156.375]]]}},{"type":"Feature","properties":{"identificatie":"NL.IMBAG.Pand.0091100000004250","oorspronkelijkbouwjaar":1978,"status":"Pand in gebruik","b3_dak_type":"horizontal","b3_h_maaiveld":-0.4729999899864197,"b3_n_nok":0,"b3_n_vlakken":1,"b3_opp_grond":10.529999732971191,"b3_opp_dak_plat":10.529999732971191,"b3_opp_dak_schuin":0,"b3_volume_lod22":29.972946166992188,"b3_kwaliteitsindicator":1,"b3_pw_bron":"ahn5","b3_h_goot_nap":2.37,"b3_h_nok_nap":2.38,"goothoogte":2.84,"nokhoogte":2.85},"geometry":{"type":"Polygon","coordinates":[[[172428.688,559288.875],[172425.516,559289.125],[172425.203,559285.875],[172428.406,559285.625],[172428.688,559288.875]]]}},{"type":"Feature","properties":{"identificatie":"NL.IMBAG.Pand.0091100000014497","oorspronkelijkbouwjaar":1977,"status":"Pand in gebruik","b3_dak_type":"slanted","b3_bouwlagen":3,"b3_h_maaiveld":-0.7879999876022339,"b3_h_nok":7.917366027832031,"b3_n_nok":1,"b3_n_vlakken":3,"b3_opp_grond":70.41999816894531,"b3_opp_dak_plat":17.3700008392334,"b3_opp_dak_schuin":67.1500015258789,"b3_volume_lod22":408.0907897949219,"b3_kwaliteitsindicator":1,"b3_pw_bron":"ahn5","b3_h_goot_nap":2.34,"b3_h_nok_nap":8.01,"goothoogte":3.13,"nokhoogte":8.8},"geometry":{"type":"Polygon","coordinates":[[[172428.609,559173.5],[172433.813,559173.063],[172433.609,559170.875],[172436.609,559170.625],[172437.141,559176.563],[172434.25,559176.875],[172434.797,559182.875],[172429.484,559183.375],[172428.609,559173.5]]]}},{"type":"Feature","properties":{"identificatie":"NL.IMBAG.Pand.1900100010085180","oorspronkelijkbouwjaar":2018,"status":"Pand in gebruik","b3_dak_type":"slanted","b3_bouwlagen":2,"b3_h_maaiveld":-0.2549999952316284,"b3_h_nok":5.9514007568359375,"b3_n_nok":1,"b3_n_vlakken":2,"b3_opp_grond":30.889999389648438,"b3_opp_dak_plat":0,"b3_opp_dak_schuin":39.470001220703125,"b3_volume_lod22":171.2704620361328,"b3_kwaliteitsindicator":1,"b3_pw_bron":"ahn5","b3_h_goot_nap":4.47,"b3_h_nok_nap":6.27,"goothoogte":4.72,"nokhoogte":6.53},"geometry":{"type":"Polygon","coordinates":[[[172576.25,559341.688],[172576.156,559341.438],[172576.297,559341.375],[172576.484,559340.688],[172575.953,559338.875],[172575.469,559338.625],[172575.375,559338.688],[172575.297,559338.375],[172584.391,559335.375],[172584.484,559335.625],[172584.391,559335.688],[172584.109,559336.125],[172584.641,559337.938],[172585.188,559338.438],[172585.297,559338.438],[172585.375,559338.688],[172576.25,559341.688]]]}},{"type":"Feature","properties":{"identificatie":"NL.IMBAG.Pand.0091100000014450","oorspronkelijkbouwjaar":1978,"status":"Pand in gebruik","b3_dak_type":"horizontal","b3_h_maaiveld":-0.6389999985694885,"b3_n_nok":0,"b3_n_vlakken":1,"b3_opp_grond":10.239999771118164,"b3_opp_dak_plat":10.239999771118164,"b3_opp_dak_schuin":0,"b3_volume_lod22":30.884172439575195,"b3_kwaliteitsindicator":1,"b3_pw_bron":"ahn5","b3_h_goot_nap":2.36,"b3_h_nok_nap":2.39,"goothoogte":3,"nokhoogte":3.03},"geometry":{"type":"Polygon","coordinates":[[[172424.688,559316.375],[172421.5,559316.688],[172421.203,559313.5],[172424.391,559313.188],[172424.688,559316.375]]]}},{"type":"Feature","properties":{"identificatie":"NL.IMBAG.Pand.0091100000006732","oorspronkelijkbouwjaar":1981,"status":"Pand in gebruik","b3_dak_type":"slanted","b3_bouwlagen":3,"b3_h_maaiveld":-0.6610000133514404,"b3_h_nok":8.648849487304688,"b3_n_nok":1,"b3_n_vlakken":4,"b3_opp_grond":65.4000015258789,"b3_opp_dak_plat":8.579999923706055,"b3_opp_dak_schuin":68.91999816894531,"b3_volume_lod22":424.1856689453125,"b3_kwaliteitsindicator":1,"b3_pw_bron":"ahn4","b3_h_goot_nap":4.99,"b3_h_nok_nap":8.82,"goothoogte":5.65,"nokhoogte":9.48},"geometry":{"type":"Polygon","coordinates":[[[172360.688,559328.688],[172360.469,559326.313],[172367.75,559325.625],[172367.422,559322.125],[172375.797,559321.313],[172376.328,559327],[172367.953,559327.813],[172367.969,559328],[172360.688,559328.688]]]}},{"type":"Feature","properties":{"identificatie":"NL.IMBAG.Pand.0091100000006645","oorspronkelijkbouwjaar":1980,"status":"Pand in gebruik","b3_dak_type":"slanted","b3_bouwlagen":3,"b3_h_maaiveld":-0.45899999141693115,"b3_h_nok":8.582883834838867,"b3_n_nok":1,"b3_n_vlakken":3,"b3_opp_grond":58.86000061035156,"b3_opp_dak_plat":0,"b3_opp_dak_schuin":71.44999694824219,"b3_volume_lod22":395.734619140625,"b3_kwaliteitsindicator":1,"b3_pw_bron":"ahn5","b3_h_goot_nap":4.98,"b3_h_nok_nap":8.73,"goothoogte":5.44,"nokhoogte":9.19},"geometry":{"type":"Polygon","coordinates":[[[172351.391,559367.438],[172342.516,559368.313],[172341.953,559362.5],[172350.391,559361.688],[172350.719,559365.125],[172354.938,559364.75],[172355.156,559367],[172351.375,559367.25],[172351.391,559367.438]]]}},{"type":"Feature","properties":{"identificatie":"NL.IMBAG.Pand.0091100000010249","oorspronkelijkbouwjaar":1978,"status":"Pand in gebruik","b3_dak_type":"multiple horizontal","b3_bouwlagen":2,"b3_h_maaiveld":-0.3199999928474426,"b3_n_nok":0,"b3_n_vlakken":2,"b3_opp_grond":68.33999633789062,"b3_opp_dak_plat":53.15999984741211,"b3_opp_dak_schuin":0,"b3_volume_lod22":353.2619934082031,"b3_kwaliteitsindicator":1,"b3_pw_bron":"ahn5","b3_h_goot_nap":5.46,"b3_h_nok_nap":5.53,"goothoogte":5.78,"nokhoogte":5.85},"geometry":{"type":"Polygon","coordinates":[[[172434.016,559335.625],[172431.453,559335.875],[172431.203,559333.5],[172437.344,559332.938],[172437.125,559330.563],[172448.734,559329.5],[172449.156,559334.188],[172445.578,559334.5],[172445.563,559334.375],[172434,559335.5],[172434.016,559335.625]]]}},{"type":"Feature","properties":{"identificatie":"NL.IMBAG.Pand.0091100000010149","oorspronkelijkbouwjaar":1978,"status":"Pand in gebruik","b3_dak_type":"slanted","b3_bouwlagen":3,"b3_h_maaiveld":-0.8029999732971191,"b3_h_nok":10.316919326782227,"b3_n_nok":1,"b3_n_vlakken":6,"b3_opp_grond":65.30000305175781,"b3_opp_dak_plat":5.119999885559082,"b3_opp_dak_schuin":75.62999725341797,"b3_volume_lod22":535.6795654296875,"b3_kwaliteitsindicator":1,"b3_pw_bron":"ahn5","b3_h_goot_nap":7.71,"b3_h_nok_nap":10.6,"goothoogte":8.51,"nokhoogte":11.41},"geometry":{"type":"Polygon","coordinates":[[[172581.547,559258.313],[172571.813,559259.313],[172571.578,559256.313],[172565.75,559256.75],[172565.516,559254.063],[172578.719,559252.813],[172579.016,559255.875],[172581.297,559255.688],[172581.547,559258.313]]]}},{"type":"Feature","properties":{"identificatie":"NL.IMBAG.Pand.0091100000008205","oorspronkelijkbouwjaar":1980,"status":"Pand in gebruik","b3_dak_type":"horizontal","b3_bouwlagen":2,"b3_h_maaiveld":-0.3050000071525574,"b3_n_nok":0,"b3_n_vlakken":1,"b3_opp_grond":53.5,"b3_opp_dak_plat":53.5,"b3_opp_dak_schuin":0,"b3_volume_lod22":309.375244140625,"b3_kwaliteitsindicator":1,"b3_pw_bron":"ahn5","b3_h_goot_nap":5.46,"b3_h_nok_nap":5.49,"goothoogte":5.76,"nokhoogte":5.8},"geometry":{"type":"Polygon","coordinates":[[[172411.188,559384.938],[172399.578,559386.063],[172399.141,559381.5],[172402.328,559381.188],[172402.313,559381.063],[172406.313,559380.688],[172406.313,559380.813],[172410.75,559380.438],[172411.188,559384.938]]]}},{"type":"Feature","properties":{"identificatie":"NL.IMBAG.Pand.1900100010085147","oorspronkelijkbouwjaar":2018,"status":"Pand in gebruik","b3_dak_type":"slanted","b3_bouwlagen":2,"b3_h_maaiveld":-0.3050000071525574,"b3_h_nok":5.885906219482422,"b3_n_nok":1,"b3_n_vlakken":2,"b3_opp_grond":30.459999084472656,"b3_opp_dak_plat":0,"b3_opp_dak_schuin":39,"b3_volume_lod22":167.90829467773438,"b3_kwaliteitsindicator":1,"b3_pw_bron":"ahn5","b3_h_goot_nap":3.89,"b3_h_nok_nap":6.02,"goothoogte":4.19,"nokhoogte":6.33},"geometry":{"type":"Polygon","coordinates":[[[172585.063,559381.063],[172587.641,559371.875],[172587.922,559371.938],[172587.906,559372.063],[172588.422,559372.625],[172590.25,559373.125],[172590.688,559372.875],[172590.719,559372.75],[172591,559372.813],[172588.438,559382],[172588.156,559381.938],[172588.172,559381.813],[172587.953,559381.375],[172586.109,559380.813],[172585.375,559381],[172585.359,559381.125],[172585.063,559381.063]]]}},{"type":"Feature","properties":{"identificatie":"NL.IMBAG.Pand.0091100000009289","oorspronkelijkbouwjaar":1978,"status":"Pand in gebruik","b3_dak_type":"slanted","b3_bouwlagen":3,"b3_h_maaiveld":-0.5339999794960022,"b3_h_nok":8.970473289489746,"b3_n_nok":1,"b3_n_vlakken":2,"b3_opp_grond":50.81999969482422,"b3_opp_dak_plat":0,"b3_opp_dak_schuin":65.52999877929688,"b3_volume_lod22":424.162841796875,"b3_kwaliteitsindicator":1,"b3_pw_bron":"ahn5","b3_h_goot_nap":6.47,"b3_h_nok_nap":9.2,"goothoogte":7.01,"nokhoogte":9.73},"geometry":{"type":"Polygon","coordinates":[[[172577.078,559241.375],[172567.656,559242.313],[172567.078,559236.438],[172573.547,559235.813],[172573.563,559235.875],[172576.781,559238.563],[172576.844,559238.563],[172577.078,559241.375]]]}},{"type":"Feature","properties":{"identificatie":"NL.IMBAG.Pand.0091100000006445","oorspronkelijkbouwjaar":1979,"status":"Pand in gebruik","b3_dak_type":"multiple horizontal","b3_bouwlagen":2,"b3_h_maaiveld":-0.4169999957084656,"b3_n_nok":0,"b3_n_vlakken":3,"b3_opp_grond":83.81999969482422,"b3_opp_dak_plat":74.9000015258789,"b3_opp_dak_schuin":8.8100004196167,"b3_volume_lod22":379.560302734375,"b3_kwaliteitsindicator":1,"b3_pw_bron":"ahn5","b3_h_goot_nap":2.4,"b3_h_nok_nap":5.39,"goothoogte":2.81,"nokhoogte":5.81},"geometry":{"type":"Polygon","coordinates":[[[172422.453,559249.625],[172422.875,559254.25],[172411.547,559255.188],[172411.656,559256.625],[172403.906,559257.25],[172403.594,559253.438],[172411.047,559252.813],[172410.859,559250.563],[172422.453,559249.625]]]}},{"type":"Feature","properties":{"identificatie":"NL.IMBAG.Pand.1900100010085192","oorspronkelijkbouwjaar":2018,"status":"Pand in gebruik","b3_dak_type":"slanted","b3_bouwlagen":2,"b3_h_maaiveld":-0.1850000023841858,"b3_h_nok":5.976056098937988,"b3_n_nok":1,"b3_n_vlakken":2,"b3_opp_grond":30.670000076293945,"b3_opp_dak_plat":0,"b3_opp_dak_schuin":38.79999923706055,"b3_volume_lod22":168.9185028076172,"b3_kwaliteitsindicator":1,"b3_pw_bron":"ahn5","b3_h_goot_nap":4.4,"b3_h_nok_nap":6.32,"goothoogte":4.59,"nokhoogte":6.5},"geometry":{"type":"Polygon","coordinates":[[[172558.469,559333.938],[172551.875,559327.063],[172552.078,559326.875],[172552.156,559326.938],[172552.891,559326.75],[172554.266,559325.438],[172554.25,559324.938],[172554.172,559324.875],[172554.391,559324.625],[172560.984,559331.5],[172560.781,559331.75],[172560.703,559331.625],[172560.188,559331.625],[172558.813,559332.938],[172558.625,559333.625],[172558.703,559333.75],[172558.469,559333.938]]]}},{"type":"Feature","properties":{"identificatie":"NL.IMBAG.Pand.0091100000009973","oorspronkelijkbouwjaar":1978,"status":"Pand in gebruik","b3_dak_type":"slanted","b3_bouwlagen":3,"b3_h_maaiveld":-0.8230000138282776,"b3_h_nok":10.298531532287598,"b3_n_nok":2,"b3_n_vlakken":7,"b3_opp_grond":58.7599983215332,"b3_opp_dak_plat":11.149999618530273,"b3_opp_dak_schuin":60.91999816894531,"b3_volume_lod22":491.5572204589844,"b3_kwaliteitsindicator":1,"b3_pw_bron":"ahn5","b3_h_goot_nap":3.5,"b3_h_nok_nap":10.5,"goothoogte":4.32,"nokhoogte":11.32},"geometry":{"type":"Polygon","coordinates":[[[172581.172,559246.813],[172570.516,559247.813],[172570.203,559244.688],[172567.922,559244.938],[172567.656,559242.313],[172577.078,559241.375],[172577.063,559241.25],[172577.609,559241.188],[172577.922,559244.438],[172580.922,559244.188],[172581.172,559246.813]]]}},{"type":"Feature","properties":{"identificatie":"NL.IMBAG.Pand.0091100000013900","oorspronkelijkbouwjaar":1979,"status":"Pand in gebruik","b3_dak_type":"slanted","b3_bouwlagen":3,"b3_h_maaiveld":-0.46399998664855957,"b3_n_nok":0,"b3_n_vlakken":5,"b3_opp_grond":82.4800033569336,"b3_opp_dak_plat":54.33000183105469,"b3_opp_dak_schuin":39.65999984741211,"b3_volume_lod22":486.431396484375,"b3_kwaliteitsindicator":1,"b3_pw_bron":"ahn5","b3_h_goot_nap":2.34,"b3_h_nok_nap":7.76,"goothoogte":2.8,"nokhoogte":8.23},"geometry":{"type":"Polygon","coordinates":[[[172523.797,559136.875],[172524.047,559139.688],[172528.438,559139.313],[172529.016,559145.25],[172521.703,559145.938],[172521.422,559142.938],[172516.234,559143.375],[172515.719,559137.625],[172523.797,559136.875]]]}},{"type":"Feature","properties":{"identificatie":"NL.IMBAG.Pand.0091100000003855","oorspronkelijkbouwjaar":1978,"status":"Pand in gebruik","b3_dak_type":"slanted","b3_bouwlagen":3,"b3_h_maaiveld":-0.5809999704360962,"b3_h_nok":8.165108680725098,"b3_n_nok":2,"b3_n_vlakken":6,"b3_opp_grond":72.94999694824219,"b3_opp_dak_plat":4.480000019073486,"b3_opp_dak_schuin":85.58000183105469,"b3_volume_lod22":477.0911560058594,"b3_kwaliteitsindicator":1,"b3_pw_bron":"ahn5","b3_h_goot_nap":3.25,"b3_h_nok_nap":8.57,"goothoogte":3.83,"nokhoogte":9.15},"geometry":{"type":"Polygon","coordinates":[[[172376.063,559149.375],[172367.5,559154.5],[172365.859,559151.813],[172363.719,559153.063],[172362.078,559150.375],[172364.219,559149.063],[172364.141,559148.938],[172372.703,559143.813],[172376.063,559149.375]]]}},{"type":"Feature","properties":{"identificatie":"NL.IMBAG.Pand.0091100000010075","oorspronkelijkbouwjaar":1979,"status":"Pand in gebruik","b3_dak_type":"slanted","b3_bouwlagen":3,"b3_h_maaiveld":-0.4180000126361847,"b3_h_nok":8.985260009765625,"b3_n_nok":1,"b3_n_vlakken":7,"b3_opp_grond":69.77999877929688,"b3_opp_dak_plat":12.859999656677246,"b3_opp_dak_schuin":70.06999969482422,"b3_volume_lod22":441.68902587890625,"b3_kwaliteitsindicator":1,"b3_pw_bron":"ahn5","b3_h_goot_nap":3.43,"b3_h_nok_nap":9.23,"goothoogte":3.85,"nokhoogte":9.65},"geometry":{"type":"Polygon","coordinates":[[[172582.641,559269.813],[172569.984,559270.938],[172569.797,559268.313],[172574.766,559267.938],[172574.531,559264.875],[172587.047,559263.563],[172587.297,559266.25],[172582.344,559266.75],[172582.641,559269.813]]]}},{"type":"Feature","properties":{"identificatie":"NL.IMBAG.Pand.1900100010085186","oorspronkelijkbouwjaar":2018,"status":"Pand in gebruik","b3_dak_type":"slanted","b3_bouwlagen":2,"b3_h_maaiveld":-0.1979999989271164,"b3_h_nok":5.990907192230225,"b3_n_nok":1,"b3_n_vlakken":2,"b3_opp_grond":30.860000610351562,"b3_opp_dak_plat":0,"b3_opp_dak_schuin":39.08000183105469,"b3_volume_lod22":170.87652587890625,"b3_kwaliteitsindicator":1,"b3_pw_bron":"ahn5","b3_h_goot_nap":4.59,"b3_h_nok_nap":6.22,"goothoogte":4.79,"nokhoogte":6.42},"geometry":{"type":"Polygon","coordinates":[[[172568.531,559332.813],[172561.922,559325.938],[172562.141,559325.75],[172562.203,559325.813],[172562.938,559325.625],[172564.328,559324.313],[172564.313,559323.813],[172564.234,559323.75],[172564.438,559323.563],[172571.047,559330.438],[172570.828,559330.625],[172570.75,559330.563],[172570.25,559330.5],[172568.875,559331.813],[172568.672,559332.563],[172568.75,559332.625],[172568.531,559332.813]]]}},{"type":"Feature","properties":{"identificatie":"NL.IMBAG.Pand.0091100000006653","oorspronkelijkbouwjaar":1977,"status":"Pand in gebruik","b3_dak_type":"slanted","b3_bouwlagen":3,"b3_h_maaiveld":-0.5789999961853027,"b3_h_nok":8.46825885772705,"b3_n_nok":1,"b3_n_vlakken":3,"b3_opp_grond":84.37000274658203,"b3_opp_dak_plat":30.799999237060547,"b3_opp_dak_schuin":68.6500015258789,"b3_volume_lod22":511.3378601074219,"b3_kwaliteitsindicator":1,"b3_pw_bron":"ahn5","b3_h_goot_nap":2.53,"b3_h_nok_nap":8.64,"goothoogte":3.11,"nokhoogte":9.22},"geometry":{"type":"Polygon","coordinates":[[[172376.063,559173.188],[172375.734,559169.313],[172381.422,559168.813],[172381.938,559174.813],[172378.938,559175.063],[172379.516,559181.875],[172373.328,559182.438],[172372.563,559173.438],[172376.063,559173.188]]]}},{"type":"Feature","properties":{"identificatie":"NL.IMBAG.Pand.0091100000009691","oorspronkelijkbouwjaar":1979,"status":"Pand in gebruik","b3_dak_type":"slanted","b3_bouwlagen":3,"b3_h_maaiveld":-0.4869999885559082,"b3_h_nok":8.234763145446777,"b3_n_nok":2,"b3_n_vlakken":7,"b3_opp_grond":93.48999786376953,"b3_opp_dak_plat":16.059999465942383,"b3_opp_dak_schuin":89.94999694824219,"b3_volume_lod22":547.6945190429688,"b3_kwaliteitsindicator":1,"b3_pw_bron":"ahn5","b3_h_goot_nap":2.05,"b3_h_nok_nap":8.37,"goothoogte":2.53,"nokhoogte":8.86},"geometry":{"type":"Polygon","coordinates":[[[172546.438,559245.688],[172546.422,559245.5],[172535.109,559246.5],[172535.047,559245.438],[172532.281,559241.25],[172536.344,559240.875],[172536.344,559240.75],[172543.984,559240],[172543.969,559239.938],[172546.031,559239.75],[172546.234,559242.438],[172553.5,559241.875],[172553.766,559245.125],[172546.438,559245.688]]]}},{"type":"Feature","properties":{"identificatie":"NL.IMBAG.Pand.0091100000005029","oorspronkelijkbouwjaar":1980,"status":"Pand in gebruik","b3_dak_type":"slanted","b3_bouwlagen":3,"b3_h_maaiveld":-0.6050000190734863,"b3_h_nok":8.581625938415527,"b3_n_nok":1,"b3_n_vlakken":3,"b3_opp_grond":57.86000061035156,"b3_opp_dak_plat":9.680000305175781,"b3_opp_dak_schuin":59.810001373291016,"b3_volume_lod22":395.04669189453125,"b3_kwaliteitsindicator":1,"b3_pw_bron":"ahn5","b3_h_goot_nap":5.06,"b3_h_nok_nap":8.73,"goothoogte":5.67,"nokhoogte":9.33},"geometry":{"type":"Polygon","coordinates":[[[172403.359,559323.5],[172403.344,559323.375],[172394.906,559324.188],[172394.406,559318.563],[172402.797,559317.688],[172403.125,559321.188],[172407.344,559320.75],[172407.531,559323.125],[172403.359,559323.5]]]}},{"type":"Feature","properties":{"identificatie":"NL.IMBAG.Pand.0091100000009941","oorspronkelijkbouwjaar":1979,"status":"Pand in gebruik","b3_dak_type":"slanted","b3_bouwlagen":3,"b3_h_maaiveld":-0.593999981880188,"b3_h_nok":7.952658176422119,"b3_n_nok":3,"b3_n_vlakken":8,"b3_opp_grond":70.20999908447266,"b3_opp_dak_plat":0,"b3_opp_dak_schuin":86.68000030517578,"b3_volume_lod22":490.5655212402344,"b3_kwaliteitsindicator":1,"b3_pw_bron":"ahn5","b3_h_goot_nap":5.49,"b3_h_nok_nap":8.33,"goothoogte":6.08,"nokhoogte":8.92},"geometry":{"type":"Polygon","coordinates":[[[172555.75,559163.125],[172553.813,559163.313],[172553.484,559159.75],[172547.5,559160.313],[172547.297,559157.75],[172562.375,559156.375],[172562.891,559162.25],[172562.828,559162.25],[172562.844,559162.375],[172555.734,559163],[172555.75,559163.125]]]}},{"type":"Feature","properties":{"identificatie":"NL.IMBAG.Pand.0091100000019206","oorspronkelijkbouwjaar":1979,"status":"Pand in gebruik","b3_dak_type":"slanted","b3_bouwlagen":3,"b3_h_maaiveld":-0.43299999833106995,"b3_h_nok":8.123174667358398,"b3_n_nok":1,"b3_n_vlakken":6,"b3_opp_grond":81.41000366210938,"b3_opp_dak_plat":7.489999771118164,"b3_opp_dak_schuin":112.41999816894531,"b3_volume_lod22":508.41864013671875,"b3_kwaliteitsindicator":1,"b3_pw_bron":"ahn5","b3_h_goot_nap":2.05,"b3_h_nok_nap":8.36,"goothoogte":2.48,"nokhoogte":8.79},"geometry":{"type":"Polygon","coordinates":[[[172588.547,559190.438],[172589.016,559195.375],[172592.109,559195.063],[172592.656,559201.313],[172586.859,559201.813],[172586.688,559199.813],[172583.266,559200.125],[172582.406,559191],[172588.547,559190.438]]]}},{"type":"Feature","properties":{"identificatie":"NL.IMBAG.Pand.0091100000010163","oorspronkelijkbouwjaar":1978,"status":"Pand in gebruik","b3_dak_type":"slanted","b3_bouwlagen":3,"b3_h_maaiveld":-0.5239999890327454,"b3_h_nok":8.99135971069336,"b3_n_nok":2,"b3_n_vlakken":7,"b3_opp_grond":65.83999633789062,"b3_opp_dak_plat":16.75,"b3_opp_dak_schuin":62.5099983215332,"b3_volume_lod22":430.9688720703125,"b3_kwaliteitsindicator":1,"b3_pw_bron":"ahn5","b3_h_goot_nap":3.48,"b3_h_nok_nap":9.17,"goothoogte":4,"nokhoogte":9.69},"geometry":{"type":"Polygon","coordinates":[[[172591.094,559237.813],[172588.109,559238.063],[172588.406,559241.063],[172585.656,559241.313],[172584.672,559230.563],[172587.797,559230.25],[172587.281,559225.313],[172589.891,559225.063],[172591.094,559237.813]]]}},{"type":"Feature","properties":{"identificatie":"NL.IMBAG.Pand.0091100000010876","oorspronkelijkbouwjaar":1979,"status":"Pand in gebruik","b3_dak_type":"slanted","b3_bouwlagen":3,"b3_h_maaiveld":-0.41200000047683716,"b3_h_nok":8.214863777160645,"b3_n_nok":1,"b3_n_vlakken":4,"b3_opp_grond":63.70000076293945,"b3_opp_dak_plat":7.159999847412109,"b3_opp_dak_schuin":65.2699966430664,"b3_volume_lod22":421.3588562011719,"b3_kwaliteitsindicator":1,"b3_pw_bron":"ahn5","b3_h_goot_nap":4.63,"b3_h_nok_nap":8.35,"goothoogte":5.04,"nokhoogte":8.76},"geometry":{"type":"Polygon","coordinates":[[[172522.078,559170.625],[172522.031,559170.625],[172522.047,559170.75],[172511.094,559171.75],[172510.969,559170.438],[172512.406,559170.313],[172512,559166],[172524.578,559164.813],[172524.797,559167.125],[172521.797,559167.375],[172522.078,559170.625]]]}},{"type":"Feature","properties":{"identificatie":"NL.IMBAG.Pand.0091100000015999","oorspronkelijkbouwjaar":1980,"status":"Pand in gebruik","b3_dak_type":"slanted","b3_bouwlagen":3,"b3_h_maaiveld":-0.6140000224113464,"b3_h_nok":8.58462142944336,"b3_n_nok":1,"b3_n_vlakken":3,"b3_opp_grond":57.41999816894531,"b3_opp_dak_plat":8.770000457763672,"b3_opp_dak_schuin":60.849998474121094,"b3_volume_lod22":393.1552429199219,"b3_kwaliteitsindicator":1,"b3_pw_bron":"ahn5","b3_h_goot_nap":3.35,"b3_h_nok_nap":8.77,"goothoogte":3.97,"nokhoogte":9.39},"geometry":{"type":"Polygon","coordinates":[[[172401.188,559300.813],[172401.156,559300.688],[172392.875,559301.563],[172392.359,559295.875],[172400.625,559295],[172400.953,559298.5],[172405.172,559298.063],[172405.391,559300.438],[172401.188,559300.813]]]}},{"type":"Feature","properties":{"identificatie":"NL.IMBAG.Pand.0091100000006882","oorspronkelijkbouwjaar":1978,"status":"Pand in gebruik","b3_dak_type":"horizontal","b3_h_maaiveld":-0.32499998807907104,"b3_n_nok":0,"b3_n_vlakken":1,"b3_opp_grond":10.079999923706055,"b3_opp_dak_plat":10.09000015258789,"b3_opp_dak_schuin":0,"b3_volume_lod22":27.72163200378418,"b3_kwaliteitsindicator":1,"b3_pw_bron":"ahn5","b3_h_goot_nap":2.39,"b3_h_nok_nap":2.47,"goothoogte":2.72,"nokhoogte":2.79},"geometry":{"type":"Polygon","coordinates":[[[172402.328,559381.188],[172399.141,559381.5],[172398.844,559378.375],[172402.031,559378.063],[172402.328,559381.188]]]}},{"type":"Feature","properties":{"identificatie":"NL.IMBAG.Pand.1900100010085204","oorspronkelijkbouwjaar":2018,"status":"Pand in gebruik","b3_dak_type":"slanted","b3_bouwlagen":2,"b3_h_maaiveld":-0.1850000023841858,"b3_h_nok":5.968179702758789,"b3_n_nok":1,"b3_n_vlakken":2,"b3_opp_grond":30.860000610351562,"b3_opp_dak_plat":0,"b3_opp_dak_schuin":39.16999816894531,"b3_volume_lod22":169.9505615234375,"b3_kwaliteitsindicator":1,"b3_pw_bron":"ahn5","b3_h_goot_nap":4.54,"b3_h_nok_nap":6.22,"goothoogte":4.72,"nokhoogte":6.41},"geometry":{"type":"Polygon","coordinates":[[[172552.953,559355.188],[172546.344,559348.313],[172546.563,559348.125],[172546.641,559348.188],[172547.359,559348],[172548.75,559346.688],[172548.734,559346.188],[172548.656,559346.125],[172548.875,559345.875],[172555.469,559352.75],[172555.25,559353],[172555.172,559352.875],[172554.672,559352.875],[172553.297,559354.188],[172553.094,559354.875],[172553.172,559355],[172552.953,559355.188]]]}},{"type":"Feature","properties":{"identificatie":"NL.IMBAG.Pand.0091100000009085","oorspronkelijkbouwjaar":1981,"status":"Pand in gebruik","b3_dak_type":"slanted","b3_bouwlagen":3,"b3_h_maaiveld":-0.6159999966621399,"b3_h_nok":8.594000816345215,"b3_n_nok":1,"b3_n_vlakken":3,"b3_opp_grond":57.22999954223633,"b3_opp_dak_plat":9.5,"b3_opp_dak_schuin":59.7599983215332,"b3_volume_lod22":393.70574951171875,"b3_kwaliteitsindicator":1,"b3_pw_bron":"ahn5","b3_h_goot_nap":5.09,"b3_h_nok_nap":8.82,"goothoogte":5.71,"nokhoogte":9.43},"geometry":{"type":"Polygon","coordinates":[[[172402.266,559312.188],[172402.25,559312],[172393.891,559312.875],[172393.391,559307.25],[172401.719,559306.375],[172402.047,559309.813],[172406.266,559309.375],[172406.484,559311.75],[172402.266,559312.188]]]}},{"type":"Feature","properties":{"identificatie":"NL.IMBAG.Pand.0091100000006030","oorspronkelijkbouwjaar":1979,"status":"Pand in gebruik","b3_dak_type":"slanted","b3_bouwlagen":3,"b3_h_maaiveld":-0.4790000021457672,"b3_h_nok":8.244656562805176,"b3_n_nok":1,"b3_n_vlakken":6,"b3_opp_grond":80.41000366210938,"b3_opp_dak_plat":3.5299999713897705,"b3_opp_dak_schuin":92.95999908447266,"b3_volume_lod22":492.1964111328125,"b3_kwaliteitsindicator":1,"b3_pw_bron":"ahn5","b3_h_goot_nap":2.01,"b3_h_nok_nap":8.32,"goothoogte":2.49,"nokhoogte":8.8},"geometry":{"type":"Polygon","coordinates":[[[172554.672,559256.125],[172554.922,559259.25],[172547.703,559259.875],[172547.953,559262.563],[172538.313,559263.438],[172537.875,559259.063],[172536.484,559259.188],[172536.391,559257.813],[172547.359,559256.875],[172547.344,559256.75],[172554.672,559256.125]]]}},{"type":"Feature","properties":{"identificatie":"NL.IMBAG.Pand.0091100000012104","oorspronkelijkbouwjaar":1979,"status":"Pand in gebruik","b3_dak_type":"slanted","b3_bouwlagen":3,"b3_h_maaiveld":-0.5120000243186951,"b3_h_nok":8.116429328918457,"b3_n_nok":1,"b3_n_vlakken":4,"b3_opp_grond":61.88999938964844,"b3_opp_dak_plat":2.5799999237060547,"b3_opp_dak_schuin":80.80000305175781,"b3_volume_lod22":437.21148681640625,"b3_kwaliteitsindicator":1,"b3_pw_bron":"ahn5","b3_h_goot_nap":5.19,"b3_h_nok_nap":8.31,"goothoogte":5.7,"nokhoogte":8.82},"geometry":{"type":"Polygon","coordinates":[[[172559.406,559200.25],[172559.938,559206.188],[172557.203,559206.438],[172557.016,559204.438],[172553.531,559204.75],[172552.688,559195.563],[172558.703,559195.063],[172559.188,559200.25],[172559.406,559200.25]]]}},{"type":"Feature","properties":{"identificatie":"NL.IMBAG.Pand.0091100000011128","oorspronkelijkbouwjaar":1977,"status":"Pand in gebruik","b3_dak_type":"horizontal","b3_h_maaiveld":-0.6240000128746033,"b3_n_nok":0,"b3_n_vlakken":1,"b3_opp_grond":10.529999732971191,"b3_opp_dak_plat":10.529999732971191,"b3_opp_dak_schuin":0,"b3_volume_lod22":26.846391677856445,"b3_kwaliteitsindicator":1,"b3_pw_bron":"ahn5","b3_h_goot_nap":1.87,"b3_h_nok_nap":1.95,"goothoogte":2.5,"nokhoogte":2.58},"geometry":{"type":"Polygon","coordinates":[[[172499.453,559167.125],[172496.375,559167.375],[172496.156,559163.938],[172499.219,559163.75],[172499.453,559167.125]]]}},{"type":"Feature","properties":{"identificatie":"NL.IMBAG.Pand.0091100000014492","oorspronkelijkbouwjaar":1978,"status":"Pand in gebruik","b3_dak_type":"horizontal","b3_bouwlagen":2,"b3_h_maaiveld":-0.3619999885559082,"b3_n_nok":0,"b3_n_vlakken":1,"b3_opp_grond":53.630001068115234,"b3_opp_dak_plat":53.599998474121094,"b3_opp_dak_schuin":0.029999999329447746,"b3_volume_lod22":306.9731140136719,"b3_kwaliteitsindicator":1,"b3_pw_bron":"ahn5","b3_h_goot_nap":5.35,"b3_h_nok_nap":5.37,"goothoogte":5.71,"nokhoogte":5.74},"geometry":{"type":"Polygon","coordinates":[[[172440.156,559314.938],[172428.516,559316],[172428.109,559311.5],[172429.297,559311.375],[172429.281,559311.25],[172432.563,559310.938],[172432.578,559311.063],[172439.703,559310.375],[172440.156,559314.938]]]}},{"type":"Feature","properties":{"identificatie":"NL.IMBAG.Pand.0091100000002309","oorspronkelijkbouwjaar":1977,"status":"Pand in gebruik","b3_dak_type":"slanted","b3_bouwlagen":3,"b3_h_maaiveld":-0.6000000238418579,"b3_h_nok":8.555989265441895,"b3_n_nok":1,"b3_n_vlakken":3,"b3_opp_grond":86.16000366210938,"b3_opp_dak_plat":30.149999618530273,"b3_opp_dak_schuin":67.95999908447266,"b3_volume_lod22":518.8894653320312,"b3_kwaliteitsindicator":1,"b3_pw_bron":"ahn5","b3_h_goot_nap":2.56,"b3_h_nok_nap":8.66,"goothoogte":3.16,"nokhoogte":9.26},"geometry":{"type":"Polygon","coordinates":[[[172355.156,559183.938],[172349.016,559184.5],[172348.047,559173],[172345.109,559173.313],[172344.547,559166.75],[172347.719,559166.5],[172348.141,559171.625],[172350.594,559171.438],[172350.906,559175.313],[172354.406,559175],[172355.156,559183.938]]]}},{"type":"Feature","properties":{"identificatie":"NL.IMBAG.Pand.0091100000009075","oorspronkelijkbouwjaar":1981,"status":"Pand in gebruik","b3_dak_type":"slanted","b3_bouwlagen":3,"b3_h_maaiveld":-0.5090000033378601,"b3_h_nok":8.61020278930664,"b3_n_nok":1,"b3_n_vlakken":3,"b3_opp_grond":57.869998931884766,"b3_opp_dak_plat":8.880000114440918,"b3_opp_dak_schuin":61.130001068115234,"b3_volume_lod22":391.5008850097656,"b3_kwaliteitsindicator":1,"b3_pw_bron":"ahn5","b3_h_goot_nap":3.48,"b3_h_nok_nap":8.75,"goothoogte":3.99,"nokhoogte":9.26},"geometry":{"type":"Polygon","coordinates":[[[172350.406,559361.813],[172350.391,559361.688],[172341.953,559362.5],[172341.422,559356.875],[172349.828,559356],[172350.172,559359.438],[172354.391,559359.063],[172354.625,559361.375],[172350.406,559361.813]]]}},{"type":"Feature","properties":{"identificatie":"NL.IMBAG.Pand.0091100000004371","oorspronkelijkbouwjaar":1978,"status":"Pand in gebruik","b3_dak_type":"horizontal","b3_h_maaiveld":-0.4880000054836273,"b3_n_nok":0,"b3_n_vlakken":1,"b3_opp_grond":10.449999809265137,"b3_opp_dak_plat":10.449999809265137,"b3_opp_dak_schuin":0,"b3_volume_lod22":29.836740493774414,"b3_kwaliteitsindicator":1,"b3_pw_bron":"ahn5","b3_h_goot_nap":2.35,"b3_h_nok_nap":2.39,"goothoogte":2.84,"nokhoogte":2.87},"geometry":{"type":"Polygon","coordinates":[[[172429.094,559293.375],[172425.938,559293.688],[172425.609,559290.375],[172428.797,559290.125],[172429.094,559293.375]]]}},{"type":"Feature","properties":{"identificatie":"NL.IMBAG.Pand.1900100010085198","oorspronkelijkbouwjaar":2018,"status":"Pand in gebruik","b3_dak_type":"slanted","b3_bouwlagen":2,"b3_h_maaiveld":-0.17900000512599945,"b3_h_nok":5.985741138458252,"b3_n_nok":1,"b3_n_vlakken":2,"b3_opp_grond":30.829999923706055,"b3_opp_dak_plat":0,"b3_opp_dak_schuin":39.63999938964844,"b3_volume_lod22":169.38015747070312,"b3_kwaliteitsindicator":1,"b3_pw_bron":"ahn5","b3_h_goot_nap":4.53,"b3_h_nok_nap":6.23,"goothoogte":4.7,"nokhoogte":6.41},"geometry":{"type":"Polygon","coordinates":[[[172551.844,559342.5],[172545.234,559335.625],[172545.453,559335.438],[172545.516,559335.5],[172546.25,559335.375],[172547.625,559334.063],[172547.625,559333.5],[172547.547,559333.438],[172547.75,559333.25],[172554.359,559340.125],[172554.141,559340.313],[172554.063,559340.25],[172553.547,559340.188],[172552.172,559341.5],[172551.984,559342.25],[172552.063,559342.313],[172551.844,559342.5]]]}},{"type":"Feature","properties":{"identificatie":"NL.IMBAG.Pand.0091100000006198","oorspronkelijkbouwjaar":1978,"status":"Pand in gebruik","b3_dak_type":"slanted","b3_bouwlagen":3,"b3_h_maaiveld":-0.32899999618530273,"b3_h_nok":8.628437995910645,"b3_n_nok":2,"b3_n_vlakken":5,"b3_opp_grond":69.7699966430664,"b3_opp_dak_plat":15.789999961853027,"b3_opp_dak_schuin":70.05000305175781,"b3_volume_lod22":405.6754150390625,"b3_kwaliteitsindicator":1,"b3_pw_bron":"ahn5","b3_h_goot_nap":2.36,"b3_h_nok_nap":8.81,"goothoogte":2.69,"nokhoogte":9.14},"geometry":{"type":"Polygon","coordinates":[[[172429.484,559183.375],[172424.172,559183.813],[172423.656,559177.75],[172420.813,559178],[172420.281,559172.063],[172423.219,559171.813],[172423.406,559174],[172428.609,559173.5],[172429.484,559183.375]]]}},{"type":"Feature","properties":{"identificatie":"NL.IMBAG.Pand.0091100000006898","oorspronkelijkbouwjaar":1978,"status":"Pand in gebruik","b3_dak_type":"slanted","b3_bouwlagen":3,"b3_h_maaiveld":-0.3799999952316284,"b3_h_nok":7.8435893058776855,"b3_n_nok":1,"b3_n_vlakken":4,"b3_opp_grond":76.44000244140625,"b3_opp_dak_plat":2.2899999618530273,"b3_opp_dak_schuin":92.11000061035156,"b3_volume_lod22":389.51708984375,"b3_kwaliteitsindicator":1,"b3_pw_bron":"ahn5","b3_h_goot_nap":1.98,"b3_h_nok_nap":8.06,"goothoogte":2.36,"nokhoogte":8.44},"geometry":{"type":"Polygon","coordinates":[[[172401.969,559157.438],[172399.234,559152.938],[172404.438,559149.75],[172402.953,559147.313],[172409.969,559143.063],[172411.516,559145.563],[172407.719,559147.875],[172410.406,559152.313],[172401.969,559157.438]]]}},{"type":"Feature","properties":{"identificatie":"NL.IMBAG.Pand.1900100010090909","oorspronkelijkbouwjaar":2022,"status":"Pand in gebruik","b3_dak_type":"slanted","b3_h_maaiveld":-0.7799999713897705,"b3_h_nok":2.348768472671509,"b3_n_nok":1,"b3_n_vlakken":2,"b3_opp_grond":11.5,"b3_opp_dak_plat":0,"b3_opp_dak_schuin":11.970000267028809,"b3_volume_lod22":32.52964401245117,"b3_kwaliteitsindicator":1,"b3_pw_bron":"ahn5","b3_h_goot_nap":1.7,"b3_h_nok_nap":2.4,"goothoogte":2.48,"nokhoogte":3.18},"geometry":{"type":"Polygon","coordinates":[[[172351.625,559299],[172351.359,559296.25],[172355.5,559295.875],[172355.766,559298.625],[172351.625,559299]]]}},{"type":"Feature","properties":{"identificatie":"NL.IMBAG.Pand.1900100010085156","oorspronkelijkbouwjaar":2018,"status":"Pand in gebruik","b3_dak_type":"slanted","b3_bouwlagen":2,"b3_h_maaiveld":-0.2720000147819519,"b3_h_nok":5.884404182434082,"b3_n_nok":1,"b3_n_vlakken":2,"b3_opp_grond":30.700000762939453,"b3_opp_dak_plat":0,"b3_opp_dak_schuin":38.779998779296875,"b3_volume_lod22":168.4147491455078,"b3_kwaliteitsindicator":1,"b3_pw_bron":"ahn5","b3_h_goot_nap":3.99,"b3_h_nok_nap":6.01,"goothoogte":4.27,"nokhoogte":6.29},"geometry":{"type":"Polygon","coordinates":[[[172571.016,559386.75],[172573.563,559377.563],[172573.859,559377.625],[172573.828,559377.75],[172574.344,559378.313],[172576.172,559378.813],[172576.625,559378.563],[172576.656,559378.438],[172576.938,559378.5],[172574.391,559387.688],[172574.094,559387.625],[172574.125,559387.5],[172573.891,559387.063],[172572.063,559386.5],[172571.328,559386.75],[172571.297,559386.813],[172571.016,559386.75]]]}},{"type":"Feature","properties":{"identificatie":"NL.IMBAG.Pand.0091100000018986","oorspronkelijkbouwjaar":1978,"status":"Pand in gebruik","b3_dak_type":"horizontal","b3_h_maaiveld":-0.41999998688697815,"b3_n_nok":0,"b3_n_vlakken":1,"b3_opp_grond":10.510000228881836,"b3_opp_dak_plat":10.510000228881836,"b3_opp_dak_schuin":0,"b3_volume_lod22":30.172367095947266,"b3_kwaliteitsindicator":1,"b3_pw_bron":"ahn5","b3_h_goot_nap":2.44,"b3_h_nok_nap":2.46,"goothoogte":2.86,"nokhoogte":2.88},"geometry":{"type":"Polygon","coordinates":[[[172423.75,559363.938],[172420.594,559364.25],[172420.266,559360.938],[172423.438,559360.688],[172423.75,559363.938]]]}},{"type":"Feature","properties":{"identificatie":"NL.IMBAG.Pand.0091100000006530","oorspronkelijkbouwjaar":1980,"status":"Pand in gebruik","b3_dak_type":"slanted","b3_bouwlagen":3,"b3_h_maaiveld":-0.7429999709129333,"b3_h_nok":8.587510108947754,"b3_n_nok":1,"b3_n_vlakken":3,"b3_opp_grond":58.619998931884766,"b3_opp_dak_plat":10.380000114440918,"b3_opp_dak_schuin":60.22999954223633,"b3_volume_lod22":406.01495361328125,"b3_kwaliteitsindicator":1,"b3_pw_bron":"ahn5","b3_h_goot_nap":2.33,"b3_h_nok_nap":8.72,"goothoogte":3.07,"nokhoogte":9.46},"geometry":{"type":"Polygon","coordinates":[[[172360.344,559372.313],[172360.328,559372.188],[172351.938,559373],[172351.375,559367.25],[172355.156,559367],[172355.141,559366.813],[172359.781,559366.438],[172360.125,559370],[172364.344,559369.563],[172364.563,559371.875],[172360.344,559372.313]]]}},{"type":"Feature","properties":{"identificatie":"NL.IMBAG.Pand.1900100010085195","oorspronkelijkbouwjaar":2018,"status":"Pand in gebruik","b3_dak_type":"slanted","b3_bouwlagen":2,"b3_h_maaiveld":-0.16599999368190765,"b3_h_nok":5.999503135681152,"b3_n_nok":1,"b3_n_vlakken":2,"b3_opp_grond":30.649999618530273,"b3_opp_dak_plat":0,"b3_opp_dak_schuin":38.869998931884766,"b3_volume_lod22":168.69577026367188,"b3_kwaliteitsindicator":1,"b3_pw_bron":"ahn5","b3_h_goot_nap":4.53,"b3_h_nok_nap":6.1,"goothoogte":4.69,"nokhoogte":6.27},"geometry":{"type":"Polygon","coordinates":[[[172553.453,559334.5],[172546.844,559327.625],[172547.063,559327.375],[172547.125,559327.438],[172547.859,559327.313],[172549.25,559326],[172549.234,559325.438],[172549.156,559325.375],[172549.375,559325.188],[172555.969,559332.063],[172555.75,559332.25],[172555.672,559332.188],[172555.172,559332.125],[172553.797,559333.438],[172553.594,559334.188],[172553.672,559334.25],[172553.453,559334.5]]]}},{"type":"Feature","properties":{"identificatie":"NL.IMBAG.Pand.0091100000003847","oorspronkelijkbouwjaar":1981,"status":"Pand in gebruik","b3_dak_type":"slanted","b3_bouwlagen":3,"b3_h_maaiveld":-0.6159999966621399,"b3_h_nok":8.581949234008789,"b3_n_nok":1,"b3_n_vlakken":3,"b3_opp_grond":58.2599983215332,"b3_opp_dak_plat":9.65999984741211,"b3_opp_dak_schuin":60.59000015258789,"b3_volume_lod22":398.76397705078125,"b3_kwaliteitsindicator":1,"b3_pw_bron":"ahn5","b3_h_goot_nap":5.2,"b3_h_nok_nap":8.75,"goothoogte":5.81,"nokhoogte":9.37},"geometry":{"type":"Polygon","coordinates":[[[172376.031,559350.125],[172371.813,559350.5],[172371.594,559348.125],[172375.813,559347.75],[172375.469,559344.25],[172383.859,559343.438],[172384.406,559349.125],[172376.016,559349.938],[172376.031,559350.125]]]}},{"type":"Feature","properties":{"identificatie":"NL.IMBAG.Pand.0091100000017538","oorspronkelijkbouwjaar":1979,"status":"Pand in gebruik","b3_dak_type":"slanted","b3_bouwlagen":3,"b3_h_maaiveld":-0.3880000114440918,"b3_h_nok":8.264616012573242,"b3_n_nok":1,"b3_n_vlakken":5,"b3_opp_grond":77.48999786376953,"b3_opp_dak_plat":13.319999694824219,"b3_opp_dak_schuin":76.81999969482422,"b3_volume_lod22":464.3525085449219,"b3_kwaliteitsindicator":1,"b3_pw_bron":"ahn5","b3_h_goot_nap":2.47,"b3_h_nok_nap":8.35,"goothoogte":2.85,"nokhoogte":8.74},"geometry":{"type":"Polygon","coordinates":[[[172525.656,559200.75],[172523.875,559197.75],[172523.719,559195.625],[172525.781,559195.375],[172525.797,559195.5],[172536.703,559194.438],[172536.703,559194.625],[172536.766,559194.625],[172537.047,559197.813],[172539.797,559197.563],[172540,559199.875],[172527.703,559201],[172527.672,559200.563],[172525.656,559200.75]]]}},{"type":"Feature","properties":{"identificatie":"NL.IMBAG.Pand.0091100000008923","oorspronkelijkbouwjaar":1978,"status":"Pand in gebruik","b3_dak_type":"horizontal","b3_bouwlagen":2,"b3_h_maaiveld":-0.31200000643730164,"b3_n_nok":0,"b3_n_vlakken":1,"b3_opp_grond":52.849998474121094,"b3_opp_dak_plat":52.849998474121094,"b3_opp_dak_schuin":0,"b3_volume_lod22":299.8295593261719,"b3_kwaliteitsindicator":1,"b3_pw_bron":"ahn5","b3_h_goot_nap":5.35,"b3_h_nok_nap":5.37,"goothoogte":5.66,"nokhoogte":5.68},"geometry":{"type":"Polygon","coordinates":[[[172444.344,559282.625],[172432.75,559283.75],[172432.328,559279.188],[172443.922,559278.125],[172444.344,559282.625]]]}},{"type":"Feature","properties":{"identificatie":"NL.IMBAG.Pand.0091100000006433","oorspronkelijkbouwjaar":1978,"status":"Pand in gebruik","b3_dak_type":"slanted","b3_bouwlagen":3,"b3_h_maaiveld":-0.3799999952316284,"b3_h_nok":7.860987663269043,"b3_n_nok":1,"b3_n_vlakken":5,"b3_opp_grond":70.37999725341797,"b3_opp_dak_plat":17.190000534057617,"b3_opp_dak_schuin":71.62000274658203,"b3_volume_lod22":378.22796630859375,"b3_kwaliteitsindicator":1,"b3_pw_bron":"ahn5","b3_h_goot_nap":2.38,"b3_h_nok_nap":8.16,"goothoogte":2.76,"nokhoogte":8.54},"geometry":{"type":"Polygon","coordinates":[[[172410.406,559152.313],[172413.141,559156.813],[172415.016,559155.688],[172416.563,559158.25],[172411.438,559161.375],[172409.922,559158.875],[172404.734,559162.063],[172401.969,559157.438],[172410.406,559152.313]]]}},{"type":"Feature","properties":{"identificatie":"NL.IMBAG.Pand.0091100000011067","oorspronkelijkbouwjaar":1980,"status":"Pand in gebruik","b3_dak_type":"slanted","b3_bouwlagen":3,"b3_h_maaiveld":-0.5009999871253967,"b3_h_nok":8.621541023254395,"b3_n_nok":1,"b3_n_vlakken":4,"b3_opp_grond":73.55999755859375,"b3_opp_dak_plat":22.969999313354492,"b3_opp_dak_schuin":63.630001068115234,"b3_volume_lod22":449.61431884765625,"b3_kwaliteitsindicator":1,"b3_pw_bron":"ahn5","b3_h_goot_nap":2.62,"b3_h_nok_nap":8.79,"goothoogte":3.12,"nokhoogte":9.29},"geometry":{"type":"Polygon","coordinates":[[[172384.953,559354.813],[172384.969,559354.813],[172387.375,559354.563],[172387.938,559360.375],[172372.891,559361.875],[172372.688,559359.375],[172376.891,559359.063],[172376.563,559355.625],[172384.953,559354.813]]]}},{"type":"Feature","properties":{"identificatie":"NL.IMBAG.Pand.0091100000006472","oorspronkelijkbouwjaar":1979,"status":"Pand in gebruik","b3_dak_type":"slanted","b3_bouwlagen":2,"b3_h_maaiveld":-0.4690000116825104,"b3_n_nok":0,"b3_n_vlakken":3,"b3_opp_grond":54.91999816894531,"b3_opp_dak_plat":52.59000015258789,"b3_opp_dak_schuin":2.619999885559082,"b3_volume_lod22":301.0092468261719,"b3_kwaliteitsindicator":1,"b3_pw_bron":"ahn5","b3_h_goot_nap":5.35,"b3_h_nok_nap":5.41,"goothoogte":5.82,"nokhoogte":5.88},"geometry":{"type":"Polygon","coordinates":[[[172412.375,559218.563],[172400.75,559219.625],[172400.313,559214.938],[172411.938,559213.938],[172412.375,559218.563]]]}},{"type":"Feature","properties":{"identificatie":"NL.IMBAG.Pand.0091100000009526","oorspronkelijkbouwjaar":1976,"status":"Pand in gebruik","b3_dak_type":"horizontal","b3_h_maaiveld":-0.46799999475479126,"b3_n_nok":0,"b3_n_vlakken":1,"b3_opp_grond":25.6299991607666,"b3_opp_dak_plat":0,"b3_opp_dak_schuin":22.260000228881836,"b3_volume_lod22":60.46946334838867,"b3_kwaliteitsindicator":1,"b3_pw_bron":"ahn5","b3_h_goot_nap":1.63,"b3_h_nok_nap":2.1,"goothoogte":2.09,"nokhoogte":2.57},"geometry":{"type":"Polygon","coordinates":[[[172344.875,559161.563],[172350.078,559158.5],[172352.688,559162.813],[172349.156,559164],[172348.922,559163.75],[172346.531,559164.375],[172344.875,559161.563]]]}},{"type":"Feature","properties":{"identificatie":"NL.IMBAG.Pand.0091100000006910","oorspronkelijkbouwjaar":1980,"status":"Pand in gebruik","b3_dak_type":"slanted","b3_bouwlagen":3,"b3_h_maaiveld":-0.5609999895095825,"b3_h_nok":8.581989288330078,"b3_n_nok":1,"b3_n_vlakken":3,"b3_opp_grond":60.04999923706055,"b3_opp_dak_plat":10.199999809265137,"b3_opp_dak_schuin":62.22999954223633,"b3_volume_lod22":406.6111755371094,"b3_kwaliteitsindicator":1,"b3_pw_bron":"ahn5","b3_h_goot_nap":4.63,"b3_h_nok_nap":8.76,"goothoogte":5.19,"nokhoogte":9.32},"geometry":{"type":"Polygon","coordinates":[[[172403.688,559326.813],[172407.906,559326.438],[172408.172,559328.813],[172395.438,559330],[172394.906,559324.188],[172403.344,559323.375],[172403.688,559326.813]]]}},{"type":"Feature","properties":{"identificatie":"NL.IMBAG.Pand.0091100000006736","oorspronkelijkbouwjaar":1979,"status":"Pand in gebruik","b3_dak_type":"slanted","b3_bouwlagen":3,"b3_h_maaiveld":-0.6359999775886536,"b3_n_nok":0,"b3_n_vlakken":4,"b3_opp_grond":67.2699966430664,"b3_opp_dak_plat":65.02999877929688,"b3_opp_dak_schuin":12.029999732971191,"b3_volume_lod22":440.1741638183594,"b3_kwaliteitsindicator":1,"b3_pw_bron":"ahn5","b3_h_goot_nap":2.36,"b3_h_nok_nap":8.16,"goothoogte":2.99,"nokhoogte":8.79},"geometry":{"type":"Polygon","coordinates":[[[172379.859,559261.188],[172368.234,559262.25],[172367.797,559257.75],[172385.578,559256.063],[172385.781,559258.375],[172379.656,559258.875],[172379.859,559261.188]]]}},{"type":"Feature","properties":{"identificatie":"NL.IMBAG.Pand.0091100000003960","oorspronkelijkbouwjaar":1978,"status":"Pand in gebruik","b3_dak_type":"multiple horizontal","b3_bouwlagen":2,"b3_h_maaiveld":-0.4860000014305115,"b3_n_nok":0,"b3_n_vlakken":3,"b3_opp_grond":67.27999877929688,"b3_opp_dak_plat":67.56999969482422,"b3_opp_dak_schuin":0,"b3_volume_lod22":328.5940246582031,"b3_kwaliteitsindicator":1,"b3_pw_bron":"ahn5","b3_h_goot_nap":5.32,"b3_h_nok_nap":5.39,"goothoogte":5.81,"nokhoogte":5.87},"geometry":{"type":"Polygon","coordinates":[[[172431.938,559274.875],[172427.453,559275.25],[172427.219,559272.813],[172421.063,559273.438],[172420.875,559271.188],[172438.609,559269.5],[172439.031,559274],[172431.922,559274.688],[172431.938,559274.875]]]}},{"type":"Feature","properties":{"identificatie":"NL.IMBAG.Pand.1900100010085201","oorspronkelijkbouwjaar":2018,"status":"Pand in gebruik","b3_dak_type":"slanted","b3_bouwlagen":2,"b3_h_maaiveld":-0.18799999356269836,"b3_h_nok":5.987368583679199,"b3_n_nok":1,"b3_n_vlakken":2,"b3_opp_grond":30.75,"b3_opp_dak_plat":0,"b3_opp_dak_schuin":39.52000045776367,"b3_volume_lod22":169.25607299804688,"b3_kwaliteitsindicator":1,"b3_pw_bron":"ahn5","b3_h_goot_nap":4.27,"b3_h_nok_nap":6.36,"goothoogte":4.46,"nokhoogte":6.55},"geometry":{"type":"Polygon","coordinates":[[[172552.406,559348.875],[172545.797,559342],[172546.016,559341.75],[172546.078,559341.875],[172546.813,559341.688],[172548.188,559340.375],[172548.188,559339.875],[172548.109,559339.75],[172548.313,559339.563],[172554.922,559346.438],[172554.703,559346.625],[172554.625,559346.563],[172554.109,559346.563],[172552.734,559347.875],[172552.547,559348.563],[172552.625,559348.625],[172552.406,559348.875]]]}},{"type":"Feature","properties":{"identificatie":"NL.IMBAG.Pand.0091100000010558","oorspronkelijkbouwjaar":1979,"status":"Pand in gebruik","b3_dak_type":"slanted","b3_bouwlagen":3,"b3_h_maaiveld":-0.40700000524520874,"b3_h_nok":8.211560249328613,"b3_n_nok":1,"b3_n_vlakken":4,"b3_opp_grond":77.80000305175781,"b3_opp_dak_plat":22.309999465942383,"b3_opp_dak_schuin":64.88999938964844,"b3_volume_lod22":463.4638366699219,"b3_kwaliteitsindicator":1,"b3_pw_bron":"ahn5","b3_h_goot_nap":2.67,"b3_h_nok_nap":8.4,"goothoogte":3.07,"nokhoogte":8.81},"geometry":{"type":"Polygon","coordinates":[[[172512.031,559166.25],[172509.328,559166.438],[172508.766,559160.563],[172511.422,559160.25],[172521.063,559159.5],[172521.359,559162.75],[172524.375,559162.5],[172524.578,559164.813],[172512,559166],[172512.031,559166.25]]]}},{"type":"Feature","properties":{"identificatie":"NL.IMBAG.Pand.0091100000009953","oorspronkelijkbouwjaar":1979,"status":"Pand in gebruik","b3_dak_type":"slanted","b3_bouwlagen":3,"b3_h_maaiveld":-0.47200000286102295,"b3_h_nok":8.158159255981445,"b3_n_nok":3,"b3_n_vlakken":10,"b3_opp_grond":71.8499984741211,"b3_opp_dak_plat":0,"b3_opp_dak_schuin":87.37999725341797,"b3_volume_lod22":487.9560852050781,"b3_kwaliteitsindicator":1,"b3_pw_bron":"ahn5","b3_h_goot_nap":5.56,"b3_h_nok_nap":8.36,"goothoogte":6.03,"nokhoogte":8.83},"geometry":{"type":"Polygon","coordinates":[[[172565.391,559199.688],[172565.922,559205.625],[172563.203,559205.875],[172562.656,559199.938],[172559.406,559200.25],[172559.188,559200.25],[172558.703,559195.063],[172558.594,559195.063],[172558.25,559191.063],[172564.313,559190.563],[172565.156,559199.75],[172565.391,559199.688]]]}},{"type":"Feature","properties":{"identificatie":"NL.IMBAG.Pand.0091100000006562","oorspronkelijkbouwjaar":1977,"status":"Pand in gebruik","b3_dak_type":"slanted","b3_bouwlagen":3,"b3_h_maaiveld":-0.5370000004768372,"b3_h_nok":8.501133918762207,"b3_n_nok":1,"b3_n_vlakken":3,"b3_opp_grond":83.5999984741211,"b3_opp_dak_plat":35.790000915527344,"b3_opp_dak_schuin":66.66000366210938,"b3_volume_lod22":504.70526123046875,"b3_kwaliteitsindicator":1,"b3_pw_bron":"ahn5","b3_h_goot_nap":2.52,"b3_h_nok_nap":8.68,"goothoogte":3.06,"nokhoogte":9.22},"geometry":{"type":"Polygon","coordinates":[[[172363.641,559176.375],[172360.75,559176.563],[172361.328,559183.438],[172355.156,559183.938],[172354.406,559175],[172357.844,559174.688],[172357.531,559170.875],[172363.141,559170.375],[172363.641,559176.375]]]}},{"type":"Feature","properties":{"identificatie":"NL.IMBAG.Pand.0091100000012099","oorspronkelijkbouwjaar":1979,"status":"Pand in gebruik","b3_dak_type":"slanted","b3_bouwlagen":3,"b3_h_maaiveld":-0.4729999899864197,"b3_h_nok":8.227609634399414,"b3_n_nok":1,"b3_n_vlakken":7,"b3_opp_grond":81.23999786376953,"b3_opp_dak_plat":3.950000047683716,"b3_opp_dak_schuin":93.93000030517578,"b3_volume_lod22":498.3154602050781,"b3_kwaliteitsindicator":1,"b3_pw_bron":"ahn5","b3_h_goot_nap":2.07,"b3_h_nok_nap":8.28,"goothoogte":2.55,"nokhoogte":8.75},"geometry":{"type":"Polygon","coordinates":[[[172529.328,559169.938],[172529.609,559173.188],[172522.406,559173.813],[172522.656,559176.563],[172513.016,559177.375],[172512.609,559172.938],[172511.203,559173.063],[172511.094,559171.75],[172522.047,559170.75],[172522.031,559170.625],[172529.328,559169.938]]]}},{"type":"Feature","properties":{"identificatie":"NL.IMBAG.Pand.0091100000002259","oorspronkelijkbouwjaar":1978,"status":"Pand in gebruik","b3_dak_type":"slanted","b3_bouwlagen":3,"b3_h_maaiveld":-0.5830000042915344,"b3_h_nok":8.391347885131836,"b3_n_nok":2,"b3_n_vlakken":6,"b3_opp_grond":72.88999938964844,"b3_opp_dak_plat":3.8399999141693115,"b3_opp_dak_schuin":87.5,"b3_volume_lod22":465.78692626953125,"b3_kwaliteitsindicator":1,"b3_pw_bron":"ahn5","b3_h_goot_nap":2.36,"b3_h_nok_nap":8.74,"goothoogte":2.95,"nokhoogte":9.32},"geometry":{"type":"Polygon","coordinates":[[[172366.484,559133.5],[172369.844,559139.063],[172361.313,559144.25],[172361.234,559144.125],[172359.094,559145.438],[172357.453,559142.688],[172359.594,559141.438],[172357.938,559138.688],[172366.484,559133.5]]]}},{"type":"Feature","properties":{"identificatie":"NL.IMBAG.Pand.0091100000010562","oorspronkelijkbouwjaar":1979,"status":"Pand in gebruik","b3_dak_type":"slanted","b3_bouwlagen":3,"b3_h_maaiveld":-0.4970000088214874,"b3_h_nok":8.193806648254395,"b3_n_nok":1,"b3_n_vlakken":4,"b3_opp_grond":88.8499984741211,"b3_opp_dak_plat":34.02000045776367,"b3_opp_dak_schuin":64.52999877929688,"b3_volume_lod22":498.8080749511719,"b3_kwaliteitsindicator":1,"b3_pw_bron":"ahn5","b3_h_goot_nap":2.16,"b3_h_nok_nap":8.32,"goothoogte":2.66,"nokhoogte":8.81},"geometry":{"type":"Polygon","coordinates":[[[172521.063,559159.5],[172511.422,559160.25],[172508.766,559160.563],[172508.234,559154.938],[172509.578,559154.75],[172509.578,559154.813],[172520.5,559153.813],[172520.516,559154],[172520.563,559154],[172520.844,559157.063],[172523.719,559156.813],[172523.688,559156.375],[172528.031,559156],[172528.281,559158.813],[172521.063,559159.5]]]}},{"type":"Feature","properties":{"identificatie":"NL.IMBAG.Pand.0091100000017543","oorspronkelijkbouwjaar":1978,"status":"Pand in gebruik","b3_dak_type":"slanted","b3_bouwlagen":3,"b3_h_maaiveld":-0.3089999854564667,"b3_h_nok":9.01086139678955,"b3_n_nok":1,"b3_n_vlakken":7,"b3_opp_grond":74.30000305175781,"b3_opp_dak_plat":26.639999389648438,"b3_opp_dak_schuin":61.58000183105469,"b3_volume_lod22":444.72406005859375,"b3_kwaliteitsindicator":1,"b3_pw_bron":"ahn5","b3_h_goot_nap":2.44,"b3_h_nok_nap":9.2,"goothoogte":2.75,"nokhoogte":9.5},"geometry":{"type":"Polygon","coordinates":[[[172586.563,559286.938],[172586.547,559286.688],[172576.563,559287.688],[172576.313,559285],[172578.594,559284.813],[172578.297,559281.688],[172590.969,559280.5],[172591.219,559283.188],[172589.344,559283.375],[172589.625,559286.625],[172586.563,559286.938]]]}},{"type":"Feature","properties":{"identificatie":"NL.IMBAG.Pand.0091100000010211","oorspronkelijkbouwjaar":1978,"status":"Pand in gebruik","b3_dak_type":"slanted","b3_bouwlagen":3,"b3_h_maaiveld":-0.31700000166893005,"b3_h_nok":8.964247703552246,"b3_n_nok":1,"b3_n_vlakken":2,"b3_opp_grond":50.70000076293945,"b3_opp_dak_plat":0,"b3_opp_dak_schuin":65.97000122070312,"b3_volume_lod22":411.4488220214844,"b3_kwaliteitsindicator":1,"b3_pw_bron":"ahn5","b3_h_goot_nap":6.34,"b3_h_nok_nap":9.17,"goothoogte":6.65,"nokhoogte":9.49},"geometry":{"type":"Polygon","coordinates":[[[172576.781,559238.563],[172573.563,559235.875],[172572.922,559229.375],[172578.75,559228.875],[172579.563,559238.313],[172576.781,559238.563]]]}},{"type":"Feature","properties":{"identificatie":"NL.IMBAG.Pand.0091100000008943","oorspronkelijkbouwjaar":1978,"status":"Pand in gebruik","b3_dak_type":"horizontal","b3_bouwlagen":2,"b3_h_maaiveld":-0.2980000078678131,"b3_n_nok":0,"b3_n_vlakken":1,"b3_opp_grond":53.560001373291016,"b3_opp_dak_plat":33.779998779296875,"b3_opp_dak_schuin":0,"b3_volume_lod22":303.6680603027344,"b3_kwaliteitsindicator":1,"b3_pw_bron":"ahn5","b3_h_goot_nap":5.35,"b3_h_nok_nap":5.39,"goothoogte":5.65,"nokhoogte":5.69},"geometry":{"type":"Polygon","coordinates":[[[172442.953,559296.625],[172442.938,559296.438],[172434.031,559297.313],[172433.594,559292.75],[172445.188,559291.688],[172445.625,559296.313],[172442.953,559296.625]]]}},{"type":"Feature","properties":{"identificatie":"NL.IMBAG.Pand.1900100010085162","oorspronkelijkbouwjaar":2018,"status":"Pand in gebruik","b3_dak_type":"slanted","b3_bouwlagen":2,"b3_h_maaiveld":-0.27799999713897705,"b3_h_nok":5.885024547576904,"b3_n_nok":1,"b3_n_vlakken":2,"b3_opp_grond":30.610000610351562,"b3_opp_dak_plat":0,"b3_opp_dak_schuin":39.45000076293945,"b3_volume_lod22":168.3905487060547,"b3_kwaliteitsindicator":1,"b3_pw_bron":"ahn5","b3_h_goot_nap":3.88,"b3_h_nok_nap":6.05,"goothoogte":4.16,"nokhoogte":6.33},"geometry":{"type":"Polygon","coordinates":[[[172560.422,559391.25],[172563,559382.063],[172563.281,559382.188],[172563.266,559382.25],[172563.781,559382.813],[172565.609,559383.313],[172566.047,559383.063],[172566.078,559382.938],[172566.359,559383],[172563.797,559392.188],[172563.516,559392.125],[172563.531,559392],[172563.313,559391.563],[172561.469,559391],[172560.734,559391.25],[172560.719,559391.313],[172560.422,559391.25]]]}},{"type":"Feature","properties":{"identificatie":"NL.IMBAG.Pand.0091100000016050","oorspronkelijkbouwjaar":1978,"status":"Pand in gebruik","b3_dak_type":"horizontal","b3_h_maaiveld":-0.6119999885559082,"b3_n_nok":0,"b3_n_vlakken":1,"b3_opp_grond":10.510000228881836,"b3_opp_dak_plat":10.510000228881836,"b3_opp_dak_schuin":0,"b3_volume_lod22":31.453763961791992,"b3_kwaliteitsindicator":1,"b3_pw_bron":"ahn5","b3_h_goot_nap":2.36,"b3_h_nok_nap":2.4,"goothoogte":2.98,"nokhoogte":3.01},"geometry":{"type":"Polygon","coordinates":[[[172404.188,559249.875],[172401,559250.188],[172400.703,559246.875],[172403.875,559246.625],[172404.188,559249.875]]]}},{"type":"Feature","properties":{"identificatie":"NL.IMBAG.Pand.0091100000003902","oorspronkelijkbouwjaar":1978,"status":"Pand in gebruik","b3_dak_type":"horizontal","b3_bouwlagen":2,"b3_h_maaiveld":-0.28299999237060547,"b3_n_nok":0,"b3_n_vlakken":1,"b3_opp_grond":52.849998474121094,"b3_opp_dak_plat":52.849998474121094,"b3_opp_dak_schuin":0,"b3_volume_lod22":298.7911376953125,"b3_kwaliteitsindicator":1,"b3_pw_bron":"ahn5","b3_h_goot_nap":5.37,"b3_h_nok_nap":5.37,"goothoogte":5.65,"nokhoogte":5.66},"geometry":{"type":"Polygon","coordinates":[[[172413.203,559227.625],[172401.594,559228.688],[172401.172,559224.188],[172412.797,559223.125],[172413.203,559227.625]]]}},{"type":"Feature","properties":{"identificatie":"NL.IMBAG.Pand.0091100000019201","oorspronkelijkbouwjaar":1979,"status":"Pand in gebruik","b3_dak_type":"slanted","b3_bouwlagen":3,"b3_h_maaiveld":-0.5770000219345093,"b3_h_nok":7.9378886222839355,"b3_n_nok":3,"b3_n_vlakken":6,"b3_opp_grond":77.20999908447266,"b3_opp_dak_plat":15.170000076293945,"b3_opp_dak_schuin":80.63999938964844,"b3_volume_lod22":480.2898254394531,"b3_kwaliteitsindicator":1,"b3_pw_bron":"ahn5","b3_h_goot_nap":2,"b3_h_nok_nap":8.17,"goothoogte":2.58,"nokhoogte":8.75},"geometry":{"type":"Polygon","coordinates":[[[172562.953,559144.063],[172562.984,559144.25],[172561.328,559144.438],[172559.938,559144.563],[172557.297,559144.75],[172552.141,559145.25],[172552.156,559145.375],[172546.219,559145.938],[172545.984,559143.25],[172547.984,559143.063],[172547.688,559139.563],[172556.844,559138.688],[172557.188,559142.813],[172559.813,559142.563],[172565.078,559142.063],[172565.25,559143.813],[172562.953,559144.063]]]}},{"type":"Feature","properties":{"identificatie":"NL.IMBAG.Pand.0091100000004982","oorspronkelijkbouwjaar":1978,"status":"Pand in gebruik","b3_dak_type":"slanted","b3_bouwlagen":3,"b3_h_maaiveld":-0.6309999823570251,"b3_h_nok":7.762692451477051,"b3_n_nok":1,"b3_n_vlakken":3,"b3_opp_grond":70.30000305175781,"b3_opp_dak_plat":16.719999313354492,"b3_opp_dak_schuin":68.77999877929688,"b3_volume_lod22":397.5205078125,"b3_kwaliteitsindicator":1,"b3_pw_bron":"ahn5","b3_h_goot_nap":2.37,"b3_h_nok_nap":8.05,"goothoogte":3,"nokhoogte":8.68},"geometry":{"type":"Polygon","coordinates":[[[172413.219,559184.813],[172407.906,559185.313],[172407.359,559179.25],[172404.484,559179.5],[172403.953,559173.5],[172406.938,559173.25],[172407.141,559175.438],[172412.344,559175],[172413.219,559184.813]]]}},{"type":"Feature","properties":{"identificatie":"NL.IMBAG.Pand.0091100000003956","oorspronkelijkbouwjaar":1979,"status":"Verbouwing pand","b3_dak_type":"slanted","b3_h_maaiveld":-0.3779999911785126,"b3_n_nok":0,"b3_n_vlakken":5,"b3_opp_grond":65.5199966430664,"b3_opp_dak_plat":53.7400016784668,"b3_opp_dak_schuin":10.829999923706055,"b3_volume_lod22":324.6330261230469,"b3_kwaliteitsindicator":1,"b3_pw_bron":"ahn5","b3_h_goot_nap":5.36,"b3_h_nok_nap":5.57,"goothoogte":5.74,"nokhoogte":5.95},"geometry":{"type":"Polygon","coordinates":[[[172425.984,559354.438],[172425.734,559351.75],[172430.688,559351.25],[172430.766,559352.125],[172431.953,559352],[172431.703,559349.313],[172443.297,559348.25],[172443.734,559352.938],[172437.609,559353.5],[172437.594,559353.375],[172425.984,559354.438]]]}},{"type":"Feature","properties":{"identificatie":"NL.IMBAG.Pand.1900100000315937","oorspronkelijkbouwjaar":2014,"status":"Pand in gebruik","b3_dak_type":"slanted","b3_h_maaiveld":-0.7319999933242798,"b3_n_nok":0,"b3_n_vlakken":1,"b3_opp_grond":7.150000095367432,"b3_opp_dak_plat":0,"b3_opp_dak_schuin":7.230000019073486,"b3_volume_lod22":17.23151969909668,"b3_kwaliteitsindicator":1,"b3_pw_bron":"ahn5","b3_h_goot_nap":1.45,"b3_h_nok_nap":1.92,"goothoogte":2.18,"nokhoogte":2.66},"geometry":{"type":"Polygon","coordinates":[[[172363.234,559322.688],[172360.125,559322.938],[172359.938,559320.625],[172362.969,559320.313],[172363.234,559322.688]]]}},{"type":"Feature","properties":{"identificatie":"NL.IMBAG.Pand.0091100000017414","oorspronkelijkbouwjaar":1980,"status":"Pand in gebruik","b3_dak_type":"slanted","b3_bouwlagen":3,"b3_h_maaiveld":-0.5189999938011169,"b3_h_nok":8.097064971923828,"b3_n_nok":1,"b3_n_vlakken":4,"b3_opp_grond":80.54000091552734,"b3_opp_dak_plat":0,"b3_opp_dak_schuin":104.41999816894531,"b3_volume_lod22":509.9121398925781,"b3_kwaliteitsindicator":1,"b3_pw_bron":"ahn5","b3_h_goot_nap":2.15,"b3_h_nok_nap":8.35,"goothoogte":2.66,"nokhoogte":8.86},"geometry":{"type":"Polygon","coordinates":[[[172561.484,559168.688],[172562.016,559174.625],[172557.078,559175.063],[172557.344,559178.188],[172551.188,559178.688],[172550.656,559172.875],[172552.656,559172.75],[172552.375,559169.5],[172552.313,559169.5],[172552.297,559169.375],[172561.406,559168.563],[172561.422,559168.75],[172561.484,559168.688]]]}},{"type":"Feature","properties":{"identificatie":"NL.IMBAG.Pand.0091100000009316","oorspronkelijkbouwjaar":1978,"status":"Pand in gebruik","b3_dak_type":"multiple horizontal","b3_bouwlagen":2,"b3_h_maaiveld":-0.49900001287460327,"b3_n_nok":0,"b3_n_vlakken":2,"b3_opp_grond":54.470001220703125,"b3_opp_dak_plat":44.58000183105469,"b3_opp_dak_schuin":9.9399995803833,"b3_volume_lod22":299.5552062988281,"b3_kwaliteitsindicator":1,"b3_pw_bron":"ahn5","b3_h_goot_nap":5.47,"b3_h_nok_nap":5.51,"goothoogte":5.97,"nokhoogte":6},"geometry":{"type":"Polygon","coordinates":[[[172440.156,559314.938],[172440.594,559319.563],[172428.953,559320.688],[172428.516,559316],[172440.156,559314.938]]]}},{"type":"Feature","properties":{"identificatie":"NL.IMBAG.Pand.0091100000017533","oorspronkelijkbouwjaar":1977,"status":"Pand in gebruik","b3_dak_type":"slanted","b3_bouwlagen":3,"b3_h_maaiveld":-0.503000020980835,"b3_h_nok":8.452913284301758,"b3_n_nok":1,"b3_n_vlakken":3,"b3_opp_grond":96.56999969482422,"b3_opp_dak_plat":39.09000015258789,"b3_opp_dak_schuin":69.5199966430664,"b3_volume_lod22":543.6243896484375,"b3_kwaliteitsindicator":1,"b3_pw_bron":"ahn5","b3_h_goot_nap":2.51,"b3_h_nok_nap":8.62,"goothoogte":3.01,"nokhoogte":9.13},"geometry":{"type":"Polygon","coordinates":[[[172373.328,559182.438],[172367.203,559182.938],[172366.641,559176.125],[172363.641,559176.375],[172363.141,559170.375],[172368.75,559169.875],[172368.766,559170.063],[172372.313,559169.75],[172372.609,559173.438],[172372.563,559173.438],[172373.328,559182.438]]]}},{"type":"Feature","properties":{"identificatie":"NL.IMBAG.Pand.0091100000009781","oorspronkelijkbouwjaar":1979,"status":"Pand in gebruik","b3_dak_type":"slanted","b3_bouwlagen":3,"b3_h_maaiveld":-0.5400000214576721,"b3_h_nok":8.317419052124023,"b3_n_nok":2,"b3_n_vlakken":8,"b3_opp_grond":97.9000015258789,"b3_opp_dak_plat":18.040000915527344,"b3_opp_dak_schuin":96.3499984741211,"b3_volume_lod22":565.3129272460938,"b3_kwaliteitsindicator":1,"b3_pw_bron":"ahn5","b3_h_goot_nap":2.14,"b3_h_nok_nap":8.4,"goothoogte":2.68,"nokhoogte":8.94},"geometry":{"type":"Polygon","coordinates":[[[172540.563,559234.813],[172540.563,559234.688],[172527.766,559235.813],[172527.266,559230],[172540.063,559228.938],[172540.297,559231.625],[172547.516,559231],[172547.781,559234.25],[172540.563,559234.813]]]}},{"type":"Feature","properties":{"identificatie":"NL.IMBAG.Pand.0091100000010095","oorspronkelijkbouwjaar":1978,"status":"Pand in gebruik","b3_dak_type":"slanted","b3_bouwlagen":3,"b3_h_maaiveld":-0.44200000166893005,"b3_h_nok":8.969959259033203,"b3_n_nok":1,"b3_n_vlakken":6,"b3_opp_grond":63.7599983215332,"b3_opp_dak_plat":6.559999942779541,"b3_opp_dak_schuin":71.41999816894531,"b3_volume_lod22":423.4820556640625,"b3_kwaliteitsindicator":1,"b3_pw_bron":"ahn5","b3_h_goot_nap":3.47,"b3_h_nok_nap":9.21,"goothoogte":3.91,"nokhoogte":9.65},"geometry":{"type":"Polygon","coordinates":[[[172585.469,559275.313],[172575.469,559276.188],[172575.188,559273.188],[172570.188,559273.625],[172569.984,559270.938],[172582.641,559269.813],[172582.922,559272.875],[172585.203,559272.625],[172585.469,559275.313]]]}},{"type":"Feature","properties":{"identificatie":"NL.IMBAG.Pand.0091100000002470","oorspronkelijkbouwjaar":1979,"status":"Pand in gebruik","b3_dak_type":"slanted","b3_bouwlagen":3,"b3_h_maaiveld":-0.5170000195503235,"b3_h_nok":4.692829608917236,"b3_n_nok":1,"b3_n_vlakken":8,"b3_opp_grond":93.58000183105469,"b3_opp_dak_plat":12.550000190734863,"b3_opp_dak_schuin":101.16000366210938,"b3_volume_lod22":558.9456787109375,"b3_kwaliteitsindicator":1,"b3_pw_bron":"ahn5","b3_h_goot_nap":1.91,"b3_h_nok_nap":7.93,"goothoogte":2.43,"nokhoogte":8.45},"geometry":{"type":"Polygon","coordinates":[[[172545.016,559205],[172545.313,559208.25],[172538.125,559208.875],[172538.375,559211.625],[172528.719,559212.438],[172528.703,559212.25],[172526.219,559212.438],[172525.719,559206.75],[172526.797,559206.688],[172526.813,559206.75],[172537.688,559205.813],[172537.672,559205.688],[172545.016,559205]]]}},{"type":"Feature","properties":{"identificatie":"NL.IMBAG.Pand.0091100000009684","oorspronkelijkbouwjaar":1979,"status":"Pand in gebruik","b3_dak_type":"slanted","b3_h_maaiveld":-0.734000027179718,"b3_h_nok":2.637058973312378,"b3_n_nok":1,"b3_n_vlakken":2,"b3_opp_grond":17.100000381469727,"b3_opp_dak_plat":0,"b3_opp_dak_schuin":18.290000915527344,"b3_volume_lod22":50.37225341796875,"b3_kwaliteitsindicator":1,"b3_pw_bron":"ahn5","b3_h_goot_nap":1.65,"b3_h_nok_nap":2.67,"goothoogte":2.38,"nokhoogte":3.41},"geometry":{"type":"Polygon","coordinates":[[[172358.984,559333.438],[172355.281,559333.813],[172354.859,559329.188],[172358.563,559328.875],[172358.984,559333.438]]]}},{"type":"Feature","properties":{"identificatie":"NL.IMBAG.Pand.0091100000008120","oorspronkelijkbouwjaar":1978,"status":"Pand in gebruik","b3_dak_type":"multiple horizontal","b3_bouwlagen":2,"b3_h_maaiveld":-0.3019999861717224,"b3_n_nok":0,"b3_n_vlakken":2,"b3_opp_grond":53.0099983215332,"b3_opp_dak_plat":45.0099983215332,"b3_opp_dak_schuin":8.029999732971191,"b3_volume_lod22":281.4027404785156,"b3_kwaliteitsindicator":1,"b3_pw_bron":"ahn5","b3_h_goot_nap":5.36,"b3_h_nok_nap":5.38,"goothoogte":5.66,"nokhoogte":5.68},"geometry":{"type":"Polygon","coordinates":[[[172439.719,559310.5],[172439.703,559310.375],[172432.578,559311.063],[172432.156,559306.563],[172443.766,559305.5],[172444.188,559310.188],[172439.719,559310.5]]]}},{"type":"Feature","properties":{"identificatie":"NL.IMBAG.Pand.0091100000012346","oorspronkelijkbouwjaar":1979,"status":"Pand in gebruik","b3_dak_type":"horizontal","b3_bouwlagen":2,"b3_h_maaiveld":-0.1679999977350235,"b3_n_nok":0,"b3_n_vlakken":1,"b3_opp_grond":53.709999084472656,"b3_opp_dak_plat":53.720001220703125,"b3_opp_dak_schuin":0,"b3_volume_lod22":302.82904052734375,"b3_kwaliteitsindicator":1,"b3_pw_bron":"ahn5","b3_h_goot_nap":5.44,"b3_h_nok_nap":5.5,"goothoogte":5.61,"nokhoogte":5.67},"geometry":{"type":"Polygon","coordinates":[[[172410.766,559380.5],[172410.75,559380.438],[172406.313,559380.813],[172405.891,559376.313],[172417.5,559375.25],[172417.938,559379.875],[172410.766,559380.5]]]}},{"type":"Feature","properties":{"identificatie":"NL.IMBAG.Pand.0091100000006570","oorspronkelijkbouwjaar":1978,"status":"Pand in gebruik","b3_dak_type":"multiple horizontal","b3_bouwlagen":2,"b3_h_maaiveld":-0.6190000176429749,"b3_n_nok":0,"b3_n_vlakken":2,"b3_opp_grond":66.9000015258789,"b3_opp_dak_plat":64.22000122070312,"b3_opp_dak_schuin":0,"b3_volume_lod22":359.22088623046875,"b3_kwaliteitsindicator":1,"b3_pw_bron":"ahn5","b3_h_goot_nap":5.37,"b3_h_nok_nap":5.39,"goothoogte":5.99,"nokhoogte":6.01},"geometry":{"type":"Polygon","coordinates":[[[172372.766,559234.563],[172372.75,559234.438],[172365.75,559235.125],[172365.328,559230.625],[172376.953,559229.5],[172377.172,559231.875],[172383.313,559231.313],[172383.453,559233.5],[172372.766,559234.563]]]}},{"type":"Feature","properties":{"identificatie":"NL.IMBAG.Pand.0091100000003053","oorspronkelijkbouwjaar":1978,"status":"Pand in gebruik","b3_dak_type":"horizontal","b3_h_maaiveld":-0.6060000061988831,"b3_n_nok":0,"b3_n_vlakken":1,"b3_opp_grond":10.40999984741211,"b3_opp_dak_plat":10.40999984741211,"b3_opp_dak_schuin":0,"b3_volume_lod22":31.127927780151367,"b3_kwaliteitsindicator":1,"b3_pw_bron":"ahn5","b3_h_goot_nap":2.36,"b3_h_nok_nap":2.41,"goothoogte":2.97,"nokhoogte":3.01},"geometry":{"type":"Polygon","coordinates":[[[172380.953,559247.563],[172377.781,559247.813],[172377.484,559244.563],[172380.609,559244.25],[172380.953,559247.563]]]}},{"type":"Feature","properties":{"identificatie":"NL.IMBAG.Pand.0091100000008104","oorspronkelijkbouwjaar":1978,"status":"Pand in gebruik","b3_dak_type":"slanted","b3_bouwlagen":2,"b3_h_maaiveld":-0.29899999499320984,"b3_n_nok":0,"b3_n_vlakken":2,"b3_opp_grond":53.02000045776367,"b3_opp_dak_plat":52.869998931884766,"b3_opp_dak_schuin":0,"b3_volume_lod22":300.08343505859375,"b3_kwaliteitsindicator":1,"b3_pw_bron":"ahn5","b3_h_goot_nap":5.33,"b3_h_nok_nap":5.39,"goothoogte":5.63,"nokhoogte":5.69},"geometry":{"type":"Polygon","coordinates":[[[172443.766,559305.5],[172432.156,559306.563],[172431.734,559302.063],[172443.344,559301],[172443.766,559305.5]]]}},{"type":"Feature","properties":{"identificatie":"NL.IMBAG.Pand.1900100010085183","oorspronkelijkbouwjaar":2018,"status":"Pand in gebruik","b3_dak_type":"slanted","b3_bouwlagen":2,"b3_h_maaiveld":-0.21199999749660492,"b3_h_nok":5.981841564178467,"b3_n_nok":1,"b3_n_vlakken":2,"b3_opp_grond":30.649999618530273,"b3_opp_dak_plat":0,"b3_opp_dak_schuin":39.290000915527344,"b3_volume_lod22":169.57139587402344,"b3_kwaliteitsindicator":1,"b3_pw_bron":"ahn5","b3_h_goot_nap":4.55,"b3_h_nok_nap":6.23,"goothoogte":4.76,"nokhoogte":6.44},"geometry":{"type":"Polygon","coordinates":[[[172573.563,559332.313],[172566.953,559325.438],[172567.172,559325.188],[172567.234,559325.25],[172567.969,559325.125],[172569.359,559323.813],[172569.344,559323.25],[172569.266,559323.188],[172569.484,559323],[172576.078,559329.875],[172575.859,559330.063],[172575.781,559330],[172575.281,559329.938],[172573.906,559331.25],[172573.703,559332],[172573.781,559332.063],[172573.563,559332.313]]]}},{"type":"Feature","properties":{"identificatie":"NL.IMBAG.Pand.0091100000014445","oorspronkelijkbouwjaar":1978,"status":"Pand in gebruik","b3_dak_type":"horizontal","b3_h_maaiveld":-0.6359999775886536,"b3_n_nok":0,"b3_n_vlakken":1,"b3_opp_grond":10.399999618530273,"b3_opp_dak_plat":10.399999618530273,"b3_opp_dak_schuin":0,"b3_volume_lod22":31.322641372680664,"b3_kwaliteitsindicator":1,"b3_pw_bron":"ahn5","b3_h_goot_nap":2.37,"b3_h_nok_nap":2.38,"goothoogte":3.01,"nokhoogte":3.02},"geometry":{"type":"Polygon","coordinates":[[[172424.688,559316.375],[172424.984,559319.625],[172421.813,559319.938],[172421.5,559316.688],[172424.688,559316.375]]]}},{"type":"Feature","properties":{"identificatie":"NL.IMBAG.Pand.0091100000006902","oorspronkelijkbouwjaar":1978,"status":"Pand in gebruik","b3_dak_type":"slanted","b3_bouwlagen":2,"b3_h_maaiveld":-0.42399999499320984,"b3_h_nok":7.847769260406494,"b3_n_nok":1,"b3_n_vlakken":4,"b3_opp_grond":69.94999694824219,"b3_opp_dak_plat":16.09000015258789,"b3_opp_dak_schuin":74.73999786376953,"b3_volume_lod22":379.00189208984375,"b3_kwaliteitsindicator":1,"b3_pw_bron":"ahn5","b3_h_goot_nap":1.87,"b3_h_nok_nap":8.13,"goothoogte":2.29,"nokhoogte":8.56},"geometry":{"type":"Polygon","coordinates":[[[172402.953,559147.313],[172401.5,559144.875],[172396.281,559148.063],[172393.5,559143.5],[172401.938,559138.375],[172404.672,559142.875],[172406.547,559141.75],[172408.047,559144.188],[172402.953,559147.313]]]}},{"type":"Feature","properties":{"identificatie":"NL.IMBAG.Pand.0091100000010141","oorspronkelijkbouwjaar":1978,"status":"Pand in gebruik","b3_dak_type":"slanted","b3_bouwlagen":3,"b3_h_maaiveld":-0.8220000267028809,"b3_h_nok":10.324320793151855,"b3_n_nok":1,"b3_n_vlakken":7,"b3_opp_grond":67.37000274658203,"b3_opp_dak_plat":0,"b3_opp_dak_schuin":83.8499984741211,"b3_volume_lod22":535.3313598632812,"b3_kwaliteitsindicator":1,"b3_pw_bron":"ahn5","b3_h_goot_nap":7.75,"b3_h_nok_nap":10.54,"goothoogte":8.57,"nokhoogte":11.36},"geometry":{"type":"Polygon","coordinates":[[[172578.719,559252.813],[172565.516,559254.063],[172565.266,559251.438],[172570.813,559250.875],[172570.516,559247.813],[172581.172,559246.813],[172581.422,559249.5],[172578.422,559249.75],[172578.719,559252.813]]]}},{"type":"Feature","properties":{"identificatie":"NL.IMBAG.Pand.0091100000013767","oorspronkelijkbouwjaar":1978,"status":"Pand in gebruik","b3_dak_type":"horizontal","b3_h_maaiveld":-0.5339999794960022,"b3_n_nok":0,"b3_n_vlakken":1,"b3_opp_grond":10.550000190734863,"b3_opp_dak_plat":10.550000190734863,"b3_opp_dak_schuin":0,"b3_volume_lod22":30.70819091796875,"b3_kwaliteitsindicator":1,"b3_pw_bron":"ahn5","b3_h_goot_nap":2.36,"b3_h_nok_nap":2.4,"goothoogte":2.89,"nokhoogte":2.93},"geometry":{"type":"Polygon","coordinates":[[[172398.094,559223.063],[172394.922,559223.313],[172394.594,559220.063],[172397.781,559219.75],[172398.094,559223.063]]]}},{"type":"Feature","properties":{"identificatie":"NL.IMBAG.Pand.0091100000006550","oorspronkelijkbouwjaar":1978,"status":"Pand in gebruik","b3_dak_type":"slanted","b3_bouwlagen":3,"b3_h_maaiveld":-0.33799999952316284,"b3_n_nok":0,"b3_n_vlakken":3,"b3_opp_grond":52.86000061035156,"b3_opp_dak_plat":42.77000045776367,"b3_opp_dak_schuin":13.569999694824219,"b3_volume_lod22":383.8837585449219,"b3_kwaliteitsindicator":1,"b3_pw_bron":"ahn5","b3_h_goot_nap":5.45,"b3_h_nok_nap":8.22,"goothoogte":5.78,"nokhoogte":8.56},"geometry":{"type":"Polygon","coordinates":[[[172374.141,559248.063],[172362.5,559249.125],[172362.094,559244.625],[172373.688,559243.563],[172374.141,559248.063]]]}},{"type":"Feature","properties":{"identificatie":"NL.IMBAG.Pand.0091100000006194","oorspronkelijkbouwjaar":1975,"status":"Pand in gebruik","b3_dak_type":"multiple horizontal","b3_bouwlagen":2,"b3_h_maaiveld":-0.49300000071525574,"b3_n_nok":0,"b3_n_vlakken":2,"b3_opp_grond":67.16999816894531,"b3_opp_dak_plat":67.18000030517578,"b3_opp_dak_schuin":0,"b3_volume_lod22":355.6877136230469,"b3_kwaliteitsindicator":1,"b3_pw_bron":"ahn5","b3_h_goot_nap":5.34,"b3_h_nok_nap":5.45,"goothoogte":5.83,"nokhoogte":5.95},"geometry":{"type":"Polygon","coordinates":[[[172400.297,559242.5],[172400.094,559240.25],[172406.281,559239.688],[172406.063,559237.375],[172414.047,559236.688],[172414.031,559236.563],[172417.609,559236.188],[172418.047,559240.875],[172400.297,559242.5]]]}},{"type":"Feature","properties":{"identificatie":"NL.IMBAG.Pand.0091100000004375","oorspronkelijkbouwjaar":1978,"status":"Pand in gebruik","b3_dak_type":"horizontal","b3_h_maaiveld":-0.6010000109672546,"b3_n_nok":0,"b3_n_vlakken":1,"b3_opp_grond":10.569999694824219,"b3_opp_dak_plat":10.569999694824219,"b3_opp_dak_schuin":0,"b3_volume_lod22":31.8199520111084,"b3_kwaliteitsindicator":1,"b3_pw_bron":"ahn5","b3_h_goot_nap":2.41,"b3_h_nok_nap":2.42,"goothoogte":3.01,"nokhoogte":3.02},"geometry":{"type":"Polygon","coordinates":[[[172428.5,559302.5],[172425.313,559302.813],[172425.016,559299.563],[172428.203,559299.25],[172428.5,559302.5]]]}},{"type":"Feature","properties":{"identificatie":"NL.IMBAG.Pand.0091100000003843","oorspronkelijkbouwjaar":1980,"status":"Pand in gebruik","b3_dak_type":"slanted","b3_bouwlagen":3,"b3_h_maaiveld":-0.6729999780654907,"b3_h_nok":8.578218460083008,"b3_n_nok":1,"b3_n_vlakken":3,"b3_opp_grond":58.65999984741211,"b3_opp_dak_plat":8.220000267028809,"b3_opp_dak_schuin":63.060001373291016,"b3_volume_lod22":407.33026123046875,"b3_kwaliteitsindicator":1,"b3_pw_bron":"ahn5","b3_h_goot_nap":2.45,"b3_h_nok_nap":8.77,"goothoogte":3.12,"nokhoogte":9.45},"geometry":{"type":"Polygon","coordinates":[[[172367.438,559322.25],[172363.234,559322.688],[172362.969,559320.313],[172367.203,559319.938],[172366.859,559316.375],[172375.266,559315.563],[172375.797,559321.313],[172367.422,559322.125],[172367.438,559322.25]]]}},{"type":"Feature","properties":{"identificatie":"NL.IMBAG.Pand.0091100000009945","oorspronkelijkbouwjaar":1979,"status":"Pand in gebruik","b3_dak_type":"slanted","b3_bouwlagen":3,"b3_h_maaiveld":-0.503000020980835,"b3_h_nok":7.888584613800049,"b3_n_nok":4,"b3_n_vlakken":7,"b3_opp_grond":71.93000030517578,"b3_opp_dak_plat":0,"b3_opp_dak_schuin":76.25,"b3_volume_lod22":486.4578552246094,"b3_kwaliteitsindicator":1,"b3_pw_bron":"ahn5","b3_h_goot_nap":5.35,"b3_h_nok_nap":8.21,"goothoogte":5.86,"nokhoogte":8.71},"geometry":{"type":"Polygon","coordinates":[[[172552.313,559169.5],[172550.375,559169.688],[172550.125,559166.938],[172556.109,559166.375],[172555.813,559163.125],[172555.75,559163.125],[172555.734,559163],[172562.844,559162.375],[172562.828,559162.25],[172562.891,559162.25],[172564.906,559162.063],[172565.453,559168.313],[172561.422,559168.75],[172561.406,559168.563],[172552.297,559169.375],[172552.313,559169.5]]]}},{"type":"Feature","properties":{"identificatie":"NL.IMBAG.Pand.0091100000006542","oorspronkelijkbouwjaar":1979,"status":"Pand in gebruik","b3_dak_type":"horizontal","b3_bouwlagen":2,"b3_h_maaiveld":-0.40799999237060547,"b3_n_nok":0,"b3_n_vlakken":1,"b3_opp_grond":52.7599983215332,"b3_opp_dak_plat":52.7599983215332,"b3_opp_dak_schuin":0,"b3_volume_lod22":308.0166320800781,"b3_kwaliteitsindicator":1,"b3_pw_bron":"ahn5","b3_h_goot_nap":5.42,"b3_h_nok_nap":5.44,"goothoogte":5.82,"nokhoogte":5.85},"geometry":{"type":"Polygon","coordinates":[[[172373.688,559243.563],[172362.094,559244.625],[172361.672,559240.063],[172373.219,559239],[172373.688,559243.563]]]}},{"type":"Feature","properties":{"identificatie":"NL.IMBAG.Pand.0091100000002112","oorspronkelijkbouwjaar":1975,"status":"Pand in gebruik","b3_dak_type":"horizontal","b3_h_maaiveld":-0.492000013589859,"b3_n_nok":0,"b3_n_vlakken":1,"b3_opp_grond":18.40999984741211,"b3_opp_dak_plat":18.40999984741211,"b3_opp_dak_schuin":0,"b3_volume_lod22":50.285282135009766,"b3_kwaliteitsindicator":1,"b3_pw_bron":"ahn5","b3_h_goot_nap":2.18,"b3_h_nok_nap":2.28,"goothoogte":2.68,"nokhoogte":2.77},"geometry":{"type":"Polygon","coordinates":[[[172340.203,559153.75],[172345.406,559150.688],[172346.953,559153.25],[172341.766,559156.375],[172340.203,559153.75]]]}},{"type":"Feature","properties":{"identificatie":"NL.IMBAG.Pand.0091100000011164","oorspronkelijkbouwjaar":1979,"status":"Pand in gebruik","b3_dak_type":"slanted","b3_bouwlagen":3,"b3_h_maaiveld":-0.5130000114440918,"b3_h_nok":8.191047668457031,"b3_n_nok":1,"b3_n_vlakken":7,"b3_opp_grond":81.04000091552734,"b3_opp_dak_plat":0,"b3_opp_dak_schuin":97.2699966430664,"b3_volume_lod22":501.1473083496094,"b3_kwaliteitsindicator":1,"b3_pw_bron":"ahn5","b3_h_goot_nap":1.97,"b3_h_nok_nap":8.32,"goothoogte":2.49,"nokhoogte":8.83},"geometry":{"type":"Polygon","coordinates":[[[172531.844,559183.75],[172531.844,559183.563],[172520.781,559184.563],[172520.672,559183.188],[172522.094,559183.063],[172521.703,559178.625],[172531.313,559177.813],[172531.547,559180.5],[172538.766,559179.938],[172539.047,559183.125],[172531.844,559183.75]]]}},{"type":"Feature","properties":{"identificatie":"NL.IMBAG.Pand.0091100000018917","oorspronkelijkbouwjaar":1978,"status":"Pand in gebruik","b3_dak_type":"horizontal","b3_h_maaiveld":-0.5220000147819519,"b3_n_nok":0,"b3_n_vlakken":1,"b3_opp_grond":10.420000076293945,"b3_opp_dak_plat":10.420000076293945,"b3_opp_dak_schuin":0,"b3_volume_lod22":30.05970573425293,"b3_kwaliteitsindicator":1,"b3_pw_bron":"ahn5","b3_h_goot_nap":2.35,"b3_h_nok_nap":2.38,"goothoogte":2.87,"nokhoogte":2.9},"geometry":{"type":"Polygon","coordinates":[[[172429.484,559297.875],[172426.359,559298.188],[172426.031,559294.875],[172429.203,559294.625],[172429.484,559297.875]]]}},{"type":"Feature","properties":{"identificatie":"NL.IMBAG.Pand.1900100010085174","oorspronkelijkbouwjaar":2018,"status":"Pand in gebruik","b3_dak_type":"slanted","b3_bouwlagen":2,"b3_h_maaiveld":-0.2540000081062317,"b3_h_nok":5.930368423461914,"b3_n_nok":1,"b3_n_vlakken":2,"b3_opp_grond":30.899999618530273,"b3_opp_dak_plat":0,"b3_opp_dak_schuin":39.09000015258789,"b3_volume_lod22":171.13046264648438,"b3_kwaliteitsindicator":1,"b3_pw_bron":"ahn5","b3_h_goot_nap":4.55,"b3_h_nok_nap":6.24,"goothoogte":4.81,"nokhoogte":6.49},"geometry":{"type":"Polygon","coordinates":[[[172572.641,559351.188],[172572.547,559350.875],[172572.688,559350.875],[172572.875,559350.125],[172572.344,559348.375],[172571.844,559348.125],[172571.766,559348.125],[172571.672,559347.875],[172580.781,559344.813],[172580.875,559345.125],[172580.766,559345.125],[172580.484,559345.563],[172581.016,559347.438],[172581.578,559347.938],[172581.672,559347.875],[172581.766,559348.188],[172572.641,559351.188]]]}},{"type":"Feature","properties":{"identificatie":"NL.IMBAG.Pand.0091100000008308","oorspronkelijkbouwjaar":1978,"status":"Pand in gebruik","b3_dak_type":"horizontal","b3_h_maaiveld":-0.5080000162124634,"b3_n_nok":0,"b3_n_vlakken":1,"b3_opp_grond":10.199999809265137,"b3_opp_dak_plat":10.0600004196167,"b3_opp_dak_schuin":0,"b3_volume_lod22":29.41100311279297,"b3_kwaliteitsindicator":1,"b3_pw_bron":"ahn5","b3_h_goot_nap":2.36,"b3_h_nok_nap":2.39,"goothoogte":2.87,"nokhoogte":2.9},"geometry":{"type":"Polygon","coordinates":[[[172428.125,559311.625],[172426.156,559311.875],[172425.844,559308.563],[172429.016,559308.25],[172429.297,559311.375],[172428.109,559311.5],[172428.125,559311.625]]]}},{"type":"Feature","properties":{"identificatie":"NL.IMBAG.Pand.0091100000004258","oorspronkelijkbouwjaar":1978,"status":"Pand in gebruik","b3_dak_type":"horizontal","b3_h_maaiveld":-0.49399998784065247,"b3_n_nok":0,"b3_n_vlakken":1,"b3_opp_grond":10.550000190734863,"b3_opp_dak_plat":10.550000190734863,"b3_opp_dak_schuin":0,"b3_volume_lod22":29.91020393371582,"b3_kwaliteitsindicator":1,"b3_pw_bron":"ahn5","b3_h_goot_nap":2.31,"b3_h_nok_nap":2.38,"goothoogte":2.8,"nokhoogte":2.88},"geometry":{"type":"Polygon","coordinates":[[[172426.438,559279.938],[172423.266,559280.25],[172422.922,559276.938],[172426.125,559276.625],[172426.438,559279.938]]]}},{"type":"Feature","properties":{"identificatie":"NL.IMBAG.Pand.0091100000019592","oorspronkelijkbouwjaar":1975,"status":"Pand in gebruik","b3_dak_type":"horizontal","b3_h_maaiveld":-0.4959999918937683,"b3_n_nok":0,"b3_n_vlakken":1,"b3_opp_grond":18.31999969482422,"b3_opp_dak_plat":18.329999923706055,"b3_opp_dak_schuin":0,"b3_volume_lod22":49.5494499206543,"b3_kwaliteitsindicator":1,"b3_pw_bron":"ahn5","b3_h_goot_nap":2.15,"b3_h_nok_nap":2.26,"goothoogte":2.65,"nokhoogte":2.76},"geometry":{"type":"Polygon","coordinates":[[[172343.328,559159],[172348.531,559155.875],[172350.078,559158.5],[172344.875,559161.563],[172343.328,559159]]]}},{"type":"Feature","properties":{"identificatie":"NL.IMBAG.Pand.0091100000014569","oorspronkelijkbouwjaar":1979,"status":"Pand in gebruik","b3_dak_type":"slanted","b3_bouwlagen":3,"b3_h_maaiveld":-0.43299999833106995,"b3_h_nok":8.096312522888184,"b3_n_nok":3,"b3_n_vlakken":6,"b3_opp_grond":71.4800033569336,"b3_opp_dak_plat":0,"b3_opp_dak_schuin":90.7300033569336,"b3_volume_lod22":470.0682678222656,"b3_kwaliteitsindicator":1,"b3_pw_bron":"ahn5","b3_h_goot_nap":5.26,"b3_h_nok_nap":8.28,"goothoogte":5.69,"nokhoogte":8.71},"geometry":{"type":"Polygon","coordinates":[[[172583.5,559200.063],[172583.672,559202.063],[172580.938,559202.313],[172580.406,559196.375],[172577.156,559196.625],[172576.938,559196.688],[172576.266,559189.5],[172576.172,559189.5],[172576,559187.5],[172582.266,559187],[172582.625,559190.938],[172582.406,559191],[172583.266,559200.125],[172583.5,559200.063]]]}},{"type":"Feature","properties":{"identificatie":"NL.IMBAG.Pand.1900100010085171","oorspronkelijkbouwjaar":2018,"status":"Pand in gebruik","b3_dak_type":"slanted","b3_bouwlagen":2,"b3_h_maaiveld":-0.25,"b3_h_nok":5.938999652862549,"b3_n_nok":1,"b3_n_vlakken":2,"b3_opp_grond":30.56999969482422,"b3_opp_dak_plat":0,"b3_opp_dak_schuin":38.630001068115234,"b3_volume_lod22":169.44407653808594,"b3_kwaliteitsindicator":1,"b3_pw_bron":"ahn5","b3_h_goot_nap":4.47,"b3_h_nok_nap":6.23,"goothoogte":4.72,"nokhoogte":6.48},"geometry":{"type":"Polygon","coordinates":[[[172570.781,559355.875],[172570.688,559355.625],[172570.828,559355.563],[172571.016,559354.875],[172570.469,559353],[172569.984,559352.813],[172569.906,559352.813],[172569.813,559352.563],[172578.922,559349.563],[172579.016,559349.813],[172578.906,559349.813],[172578.625,559350.25],[172579.172,559352.125],[172579.719,559352.625],[172579.813,559352.625],[172579.906,559352.875],[172570.781,559355.875]]]}},{"type":"Feature","properties":{"identificatie":"NL.IMBAG.Pand.0091100000008465","oorspronkelijkbouwjaar":1979,"status":"Pand in gebruik","b3_dak_type":"slanted","b3_bouwlagen":3,"b3_h_maaiveld":-0.39100000262260437,"b3_h_nok":8.163995742797852,"b3_n_nok":1,"b3_n_vlakken":4,"b3_opp_grond":62.68000030517578,"b3_opp_dak_plat":6.440000057220459,"b3_opp_dak_schuin":70.87999725341797,"b3_volume_lod22":409.918701171875,"b3_kwaliteitsindicator":1,"b3_pw_bron":"ahn5","b3_h_goot_nap":5.19,"b3_h_nok_nap":8.3,"goothoogte":5.58,"nokhoogte":8.69},"geometry":{"type":"Polygon","coordinates":[[[172525.719,559206.875],[172525.719,559206.75],[172526.797,559206.688],[172526.688,559205.438],[172528.109,559205.313],[172527.703,559201],[172540,559199.875],[172540.188,559202.25],[172537.453,559202.5],[172537.734,559205.625],[172537.672,559205.688],[172537.688,559205.813],[172525.719,559206.875]]]}},{"type":"Feature","properties":{"identificatie":"NL.IMBAG.Pand.0091100000005804","oorspronkelijkbouwjaar":1979,"status":"Pand in gebruik","b3_dak_type":"multiple horizontal","b3_bouwlagen":2,"b3_h_maaiveld":-0.5070000290870667,"b3_n_nok":0,"b3_n_vlakken":3,"b3_opp_grond":69.18000030517578,"b3_opp_dak_plat":76.55000305175781,"b3_opp_dak_schuin":0,"b3_volume_lod22":340.84136962890625,"b3_kwaliteitsindicator":1,"b3_pw_bron":"ahn5","b3_h_goot_nap":5.4,"b3_h_nok_nap":5.45,"goothoogte":5.91,"nokhoogte":5.95},"geometry":{"type":"Polygon","coordinates":[[[172437.141,559330.75],[172430.984,559331.313],[172430.766,559329],[172436.906,559328.375],[172436.688,559325.938],[172448.297,559324.813],[172448.734,559329.5],[172437.125,559330.563],[172437.141,559330.75]]]}},{"type":"Feature","properties":{"identificatie":"NL.IMBAG.Pand.0091100000013737","oorspronkelijkbouwjaar":1978,"status":"Pand in gebruik","b3_dak_type":"horizontal","b3_h_maaiveld":-0.46000000834465027,"b3_n_nok":0,"b3_n_vlakken":1,"b3_opp_grond":10.489999771118164,"b3_opp_dak_plat":10.5,"b3_opp_dak_schuin":0,"b3_volume_lod22":30.275951385498047,"b3_kwaliteitsindicator":1,"b3_pw_bron":"ahn5","b3_h_goot_nap":2.41,"b3_h_nok_nap":2.45,"goothoogte":2.87,"nokhoogte":2.91},"geometry":{"type":"Polygon","coordinates":[[[172395.609,559386.563],[172392.438,559386.875],[172392.125,559383.563],[172395.313,559383.25],[172395.609,559386.563]]]}},{"type":"Feature","properties":{"identificatie":"NL.IMBAG.Pand.1900100010085150","oorspronkelijkbouwjaar":2018,"status":"Pand in gebruik","b3_dak_type":"slanted","b3_bouwlagen":2,"b3_h_maaiveld":-0.2980000078678131,"b3_h_nok":5.901296138763428,"b3_n_nok":1,"b3_n_vlakken":2,"b3_opp_grond":30.809999465942383,"b3_opp_dak_plat":0,"b3_opp_dak_schuin":39.63999938964844,"b3_volume_lod22":169.87037658691406,"b3_kwaliteitsindicator":1,"b3_pw_bron":"ahn5","b3_h_goot_nap":3.89,"b3_h_nok_nap":6.06,"goothoogte":4.18,"nokhoogte":6.35},"geometry":{"type":"Polygon","coordinates":[[[172580.406,559382.938],[172582.953,559373.75],[172583.234,559373.813],[172583.219,559373.938],[172583.734,559374.5],[172585.563,559375],[172586.016,559374.688],[172586.031,559374.625],[172586.328,559374.688],[172583.766,559383.875],[172583.484,559383.813],[172583.516,559383.688],[172583.281,559383.25],[172581.438,559382.688],[172580.719,559382.875],[172580.688,559383],[172580.406,559382.938]]]}},{"type":"Feature","properties":{"identificatie":"NL.IMBAG.Pand.0091100000003898","oorspronkelijkbouwjaar":1975,"status":"Pand in gebruik","b3_dak_type":"horizontal","b3_bouwlagen":2,"b3_h_maaiveld":-0.2919999957084656,"b3_n_nok":0,"b3_n_vlakken":1,"b3_opp_grond":53.20000076293945,"b3_opp_dak_plat":53.20000076293945,"b3_opp_dak_schuin":0,"b3_volume_lod22":301.4306945800781,"b3_kwaliteitsindicator":1,"b3_pw_bron":"ahn5","b3_h_goot_nap":5.36,"b3_h_nok_nap":5.38,"goothoogte":5.66,"nokhoogte":5.68},"geometry":{"type":"Polygon","coordinates":[[[172412.797,559223.125],[172401.172,559224.188],[172400.75,559219.625],[172412.375,559218.563],[172412.797,559223.125]]]}},{"type":"Feature","properties":{"identificatie":"NL.IMBAG.Pand.0091100000006852","oorspronkelijkbouwjaar":1978,"status":"Pand in gebruik","b3_dak_type":"horizontal","b3_h_maaiveld":-0.6069999933242798,"b3_n_nok":0,"b3_n_vlakken":1,"b3_opp_grond":10.140000343322754,"b3_opp_dak_plat":10.0600004196167,"b3_opp_dak_schuin":0,"b3_volume_lod22":30.427461624145508,"b3_kwaliteitsindicator":1,"b3_pw_bron":"ahn5","b3_h_goot_nap":2.39,"b3_h_nok_nap":2.4,"goothoogte":2.99,"nokhoogte":3.01},"geometry":{"type":"Polygon","coordinates":[[[172377.906,559249.063],[172381.078,559248.75],[172381.328,559252.063],[172379.031,559252.25],[172379.031,559252.125],[172378.219,559252.188],[172377.906,559249.063]]]}},{"type":"Feature","properties":{"identificatie":"NL.IMBAG.Pand.0091100000014069","oorspronkelijkbouwjaar":1979,"status":"Pand in gebruik","b3_dak_type":"slanted","b3_bouwlagen":3,"b3_h_maaiveld":-0.515999972820282,"b3_h_nok":8.44286060333252,"b3_n_nok":2,"b3_n_vlakken":6,"b3_opp_grond":76.23999786376953,"b3_opp_dak_plat":28.84000015258789,"b3_opp_dak_schuin":60.189998626708984,"b3_volume_lod22":465.83148193359375,"b3_kwaliteitsindicator":1,"b3_pw_bron":"ahn5","b3_h_goot_nap":2.12,"b3_h_nok_nap":8.32,"goothoogte":2.63,"nokhoogte":8.84},"geometry":{"type":"Polygon","coordinates":[[[172526.625,559189.813],[172522.703,559190.188],[172522.313,559185.75],[172520.891,559185.875],[172520.781,559184.563],[172531.844,559183.563],[172531.844,559183.75],[172531.906,559183.75],[172532.188,559186.875],[172534.688,559186.625],[172534.672,559186.125],[172539.297,559185.75],[172539.547,559188.563],[172536.375,559188.875],[172526.609,559189.688],[172526.625,559189.813]]]}},{"type":"Feature","properties":{"identificatie":"NL.IMBAG.Pand.0091100000009627","oorspronkelijkbouwjaar":1979,"status":"Pand in gebruik","b3_dak_type":"slanted","b3_bouwlagen":3,"b3_h_maaiveld":-0.4690000116825104,"b3_h_nok":8.217781066894531,"b3_n_nok":2,"b3_n_vlakken":8,"b3_opp_grond":81.05000305175781,"b3_opp_dak_plat":6.329999923706055,"b3_opp_dak_schuin":95.30999755859375,"b3_volume_lod22":506.2500915527344,"b3_kwaliteitsindicator":1,"b3_pw_bron":"ahn5","b3_h_goot_nap":2,"b3_h_nok_nap":8.35,"goothoogte":2.46,"nokhoogte":8.82},"geometry":{"type":"Polygon","coordinates":[[[172520.516,559154],[172520.5,559153.813],[172509.578,559154.813],[172509.453,559153.5],[172510.844,559153.375],[172510.453,559148.938],[172520.047,559148.063],[172520.297,559150.75],[172527.531,559150.125],[172527.813,559153.313],[172520.516,559154]]]}},{"type":"Feature","properties":{"identificatie":"NL.IMBAG.Pand.1900100010085177","oorspronkelijkbouwjaar":2018,"status":"Pand in gebruik","b3_dak_type":"slanted","b3_bouwlagen":2,"b3_h_maaiveld":-0.23999999463558197,"b3_h_nok":5.95768404006958,"b3_n_nok":1,"b3_n_vlakken":2,"b3_opp_grond":30.8700008392334,"b3_opp_dak_plat":0,"b3_opp_dak_schuin":39.34000015258789,"b3_volume_lod22":170.74163818359375,"b3_kwaliteitsindicator":1,"b3_pw_bron":"ahn5","b3_h_goot_nap":4.52,"b3_h_nok_nap":6.26,"goothoogte":4.76,"nokhoogte":6.5},"geometry":{"type":"Polygon","coordinates":[[[172574.453,559346.438],[172574.359,559346.188],[172574.484,559346.125],[172574.672,559345.438],[172574.141,559343.625],[172573.688,559343.375],[172573.578,559343.375],[172573.484,559343.125],[172582.594,559340.125],[172582.672,559340.375],[172582.578,559340.438],[172582.297,559340.875],[172582.828,559342.688],[172583.391,559343.188],[172583.484,559343.188],[172583.563,559343.438],[172574.453,559346.438]]]}},{"type":"Feature","properties":{"identificatie":"NL.IMBAG.Pand.0091100000008162","oorspronkelijkbouwjaar":1978,"status":"Pand in gebruik","b3_dak_type":"slanted","b3_bouwlagen":3,"b3_h_maaiveld":-0.45100000500679016,"b3_h_nok":9.054398536682129,"b3_n_nok":1,"b3_n_vlakken":4,"b3_opp_grond":65.86000061035156,"b3_opp_dak_plat":0,"b3_opp_dak_schuin":86.41000366210938,"b3_volume_lod22":464.1206970214844,"b3_kwaliteitsindicator":1,"b3_pw_bron":"ahn5","b3_h_goot_nap":2.48,"b3_h_nok_nap":9.29,"goothoogte":2.93,"nokhoogte":9.74},"geometry":{"type":"Polygon","coordinates":[[[172586.797,559289.375],[172584.5,559289.625],[172584.797,559292.813],[172572.109,559294],[172571.859,559291.188],[172576.844,559290.75],[172576.563,559287.688],[172586.547,559286.688],[172586.797,559289.375]]]}},{"type":"Feature","properties":{"identificatie":"NL.IMBAG.Pand.0091100000006724","oorspronkelijkbouwjaar":1978,"status":"Pand in gebruik","b3_dak_type":"horizontal","b3_bouwlagen":2,"b3_h_maaiveld":-0.37599998712539673,"b3_n_nok":0,"b3_n_vlakken":1,"b3_opp_grond":53.93000030517578,"b3_opp_dak_plat":53.939998626708984,"b3_opp_dak_schuin":0,"b3_volume_lod22":310.5576171875,"b3_kwaliteitsindicator":1,"b3_pw_bron":"ahn5","b3_h_goot_nap":5.35,"b3_h_nok_nap":5.41,"goothoogte":5.73,"nokhoogte":5.78},"geometry":{"type":"Polygon","coordinates":[[[172367.391,559253.375],[172362.938,559253.813],[172362.5,559249.125],[172374.141,559248.063],[172374.594,559252.563],[172367.375,559253.25],[172367.391,559253.375]]]}},{"type":"Feature","properties":{"identificatie":"NL.IMBAG.Pand.0091100000005776","oorspronkelijkbouwjaar":1979,"status":"Pand in gebruik","b3_dak_type":"slanted","b3_bouwlagen":3,"b3_h_maaiveld":-0.3190000057220459,"b3_h_nok":9.029386520385742,"b3_n_nok":1,"b3_n_vlakken":7,"b3_opp_grond":69.91999816894531,"b3_opp_dak_plat":11.920000076293945,"b3_opp_dak_schuin":72.08999633789062,"b3_volume_lod22":436.42120361328125,"b3_kwaliteitsindicator":1,"b3_pw_bron":"ahn5","b3_h_goot_nap":3.45,"b3_h_nok_nap":9.22,"goothoogte":3.77,"nokhoogte":9.54},"geometry":{"type":"Polygon","coordinates":[[[172590.969,559280.5],[172578.297,559281.688],[172578.016,559278.625],[172575.734,559278.875],[172575.469,559276.188],[172585.469,559275.313],[172585.484,559275.438],[172587.563,559275.188],[172587.891,559278.125],[172590.719,559277.875],[172590.969,559280.5]]]}},{"type":"Feature","properties":{"identificatie":"NL.IMBAG.Pand.0091100000004437","oorspronkelijkbouwjaar":1978,"status":"Pand in gebruik","b3_dak_type":"horizontal","b3_h_maaiveld":-0.5490000247955322,"b3_n_nok":0,"b3_n_vlakken":1,"b3_opp_grond":10.579999923706055,"b3_opp_dak_plat":10.579999923706055,"b3_opp_dak_schuin":0,"b3_volume_lod22":31.525938034057617,"b3_kwaliteitsindicator":1,"b3_pw_bron":"ahn5","b3_h_goot_nap":2.42,"b3_h_nok_nap":2.44,"goothoogte":2.97,"nokhoogte":2.99},"geometry":{"type":"Polygon","coordinates":[[[172401.906,559376.813],[172398.734,559377.125],[172398.438,559373.813],[172401.594,559373.563],[172401.906,559376.813]]]}},{"type":"Feature","properties":{"identificatie":"NL.IMBAG.Pand.0091100000009071","oorspronkelijkbouwjaar":1980,"status":"Pand in gebruik","b3_dak_type":"slanted","b3_bouwlagen":3,"b3_h_maaiveld":-0.6600000262260437,"b3_h_nok":8.590581893920898,"b3_n_nok":1,"b3_n_vlakken":3,"b3_opp_grond":58.09000015258789,"b3_opp_dak_plat":8.34000015258789,"b3_opp_dak_schuin":62.18000030517578,"b3_volume_lod22":401.32208251953125,"b3_kwaliteitsindicator":1,"b3_pw_bron":"ahn5","b3_h_goot_nap":3.09,"b3_h_nok_nap":8.74,"goothoogte":3.75,"nokhoogte":9.4},"geometry":{"type":"Polygon","coordinates":[[[172349.844,559356.188],[172349.828,559356],[172341.422,559356.875],[172340.875,559351.188],[172349.281,559350.375],[172349.625,559353.813],[172353.844,559353.375],[172354.063,559355.75],[172349.844,559356.188]]]}},{"type":"Feature","properties":{"identificatie":"NL.IMBAG.Pand.0091100000009546","oorspronkelijkbouwjaar":1978,"status":"Pand in gebruik","b3_dak_type":"slanted","b3_h_maaiveld":-0.5440000295639038,"b3_h_nok":4.908030033111572,"b3_n_nok":1,"b3_n_vlakken":2,"b3_opp_grond":23.899999618530273,"b3_opp_dak_plat":0,"b3_opp_dak_schuin":31.020000457763672,"b3_volume_lod22":97.7679214477539,"b3_kwaliteitsindicator":1,"b3_pw_bron":"ahn5","b3_h_goot_nap":2.04,"b3_h_nok_nap":5.1,"goothoogte":2.58,"nokhoogte":5.65},"geometry":{"type":"Polygon","coordinates":[[[172557.938,559183.813],[172551.297,559184.438],[172550.953,559180.875],[172557.594,559180.25],[172557.938,559183.813]]]}},{"type":"Feature","properties":{"identificatie":"NL.IMBAG.Pand.0091100000006760","oorspronkelijkbouwjaar":1979,"status":"Pand in gebruik","b3_dak_type":"slanted","b3_bouwlagen":2,"b3_h_maaiveld":-0.6380000114440918,"b3_n_nok":0,"b3_n_vlakken":3,"b3_opp_grond":131.6699981689453,"b3_opp_dak_plat":131.67999267578125,"b3_opp_dak_schuin":0,"b3_volume_lod22":451.3938903808594,"b3_kwaliteitsindicator":1,"b3_pw_bron":"ahn5","b3_h_goot_nap":2.82,"b3_h_nok_nap":2.98,"goothoogte":3.46,"nokhoogte":3.62},"geometry":{"type":"Polygon","coordinates":[[[172380.234,559265.563],[172382.328,559265.375],[172382.734,559269.938],[172387.078,559269.563],[172387.531,559274.313],[172371.281,559275.813],[172370.438,559266.625],[172380.25,559265.75],[172380.234,559265.563]]]}},{"type":"Feature","properties":{"identificatie":"NL.IMBAG.Pand.0091100000005773","oorspronkelijkbouwjaar":1979,"status":"Pand in gebruik","b3_dak_type":"slanted","b3_bouwlagen":3,"b3_h_maaiveld":-0.4779999852180481,"b3_h_nok":8.157369613647461,"b3_n_nok":2,"b3_n_vlakken":7,"b3_opp_grond":71.63999938964844,"b3_opp_dak_plat":14.949999809265137,"b3_opp_dak_schuin":79.06999969482422,"b3_volume_lod22":481.6866149902344,"b3_kwaliteitsindicator":1,"b3_pw_bron":"ahn5","b3_h_goot_nap":5.16,"b3_h_nok_nap":8.33,"goothoogte":5.64,"nokhoogte":8.8},"geometry":{"type":"Polygon","coordinates":[[[172577.156,559196.625],[172577.344,559198.625],[172573.766,559199],[172574.297,559204.938],[172571.672,559205.125],[172570.266,559190.063],[172576.266,559189.5],[172576.938,559196.688],[172577.156,559196.625]]]}},{"type":"Feature","properties":{"identificatie":"NL.IMBAG.Pand.1900100010090948","oorspronkelijkbouwjaar":2022,"status":"Pand in gebruik","b3_dak_type":"horizontal","b3_h_maaiveld":-0.49799999594688416,"b3_n_nok":0,"b3_n_vlakken":1,"b3_opp_grond":11.300000190734863,"b3_opp_dak_plat":0,"b3_opp_dak_schuin":11.34000015258789,"b3_volume_lod22":28.397930145263672,"b3_kwaliteitsindicator":1,"b3_pw_bron":"ahn5","b3_h_goot_nap":1.84,"b3_h_nok_nap":2.13,"goothoogte":2.34,"nokhoogte":2.62},"geometry":{"type":"Polygon","coordinates":[[[172582.938,559147.313],[172585.844,559147.063],[172586.172,559150.938],[172583.281,559151.188],[172582.938,559147.313]]]}},{"type":"Feature","properties":{"identificatie":"NL.IMBAG.Pand.0091100000009687","oorspronkelijkbouwjaar":1979,"status":"Pand in gebruik","b3_dak_type":"slanted","b3_bouwlagen":3,"b3_h_maaiveld":-0.4650000035762787,"b3_h_nok":8.228527069091797,"b3_n_nok":1,"b3_n_vlakken":5,"b3_opp_grond":89.0199966430664,"b3_opp_dak_plat":32.97999954223633,"b3_opp_dak_schuin":65.37000274658203,"b3_volume_lod22":498.3785705566406,"b3_kwaliteitsindicator":1,"b3_pw_bron":"ahn5","b3_h_goot_nap":2.2,"b3_h_nok_nap":8.36,"goothoogte":2.66,"nokhoogte":8.82},"geometry":{"type":"Polygon","coordinates":[[[172554.203,559250.625],[172533.766,559252.313],[172533.734,559251.375],[172534.688,559248.5],[172535.172,559247.375],[172535.109,559246.5],[172546.422,559245.5],[172546.438,559245.688],[172546.516,559245.688],[172546.766,559248.875],[172549.5,559248.625],[172549.438,559248.313],[172553.984,559248],[172554.203,559250.625]]]}},{"type":"Feature","properties":{"identificatie":"NL.IMBAG.Pand.0091100000009850","oorspronkelijkbouwjaar":1979,"status":"Pand in gebruik","b3_dak_type":"horizontal","b3_h_maaiveld":-0.7990000247955322,"b3_n_nok":0,"b3_n_vlakken":1,"b3_opp_grond":9.449999809265137,"b3_opp_dak_plat":9.460000038146973,"b3_opp_dak_schuin":0,"b3_volume_lod22":23.15909194946289,"b3_kwaliteitsindicator":1,"b3_pw_bron":"ahn5","b3_h_goot_nap":1.61,"b3_h_nok_nap":1.71,"goothoogte":2.41,"nokhoogte":2.51},"geometry":{"type":"Polygon","coordinates":[[[172356.125,559308.188],[172353.328,559308.438],[172352.984,559305.125],[172355.781,559304.813],[172356.125,559308.188]]]}},{"type":"Feature","properties":{"identificatie":"NL.IMBAG.Pand.0091100000010133","oorspronkelijkbouwjaar":1979,"status":"Pand in gebruik","b3_dak_type":"slanted","b3_bouwlagen":3,"b3_h_maaiveld":-0.4830000102519989,"b3_h_nok":4.900912761688232,"b3_n_nok":1,"b3_n_vlakken":6,"b3_opp_grond":69.9800033569336,"b3_opp_dak_plat":26.81999969482422,"b3_opp_dak_schuin":55.04999923706055,"b3_volume_lod22":470.0745544433594,"b3_kwaliteitsindicator":1,"b3_pw_bron":"ahn5","b3_h_goot_nap":5.16,"b3_h_nok_nap":7.68,"goothoogte":5.64,"nokhoogte":8.17},"geometry":{"type":"Polygon","coordinates":[[[172571.672,559205.125],[172569.172,559205.375],[172568.656,559199.438],[172565.156,559199.75],[172564.313,559190.563],[172570.266,559190.063],[172571.672,559205.125]]]}},{"type":"Feature","properties":{"identificatie":"NL.IMBAG.Pand.0091100000008931","oorspronkelijkbouwjaar":1978,"status":"Pand in gebruik","b3_dak_type":"horizontal","b3_bouwlagen":2,"b3_h_maaiveld":-0.25600001215934753,"b3_n_nok":0,"b3_n_vlakken":1,"b3_opp_grond":52.77000045776367,"b3_opp_dak_plat":52.77000045776367,"b3_opp_dak_schuin":0,"b3_volume_lod22":296.42181396484375,"b3_kwaliteitsindicator":1,"b3_pw_bron":"ahn5","b3_h_goot_nap":5.35,"b3_h_nok_nap":5.37,"goothoogte":5.61,"nokhoogte":5.62},"geometry":{"type":"Polygon","coordinates":[[[172445.188,559291.688],[172433.594,559292.75],[172433.172,559288.25],[172444.766,559287.125],[172445.188,559291.688]]]}},{"type":"Feature","properties":{"identificatie":"NL.IMBAG.Pand.0091100000014074","oorspronkelijkbouwjaar":1979,"status":"Pand in gebruik","b3_dak_type":"slanted","b3_bouwlagen":3,"b3_h_maaiveld":-0.5299999713897705,"b3_h_nok":8.165722846984863,"b3_n_nok":2,"b3_n_vlakken":7,"b3_opp_grond":81.29000091552734,"b3_opp_dak_plat":3.2899999618530273,"b3_opp_dak_schuin":92.98999786376953,"b3_volume_lod22":506.6050720214844,"b3_kwaliteitsindicator":1,"b3_pw_bron":"ahn5","b3_h_goot_nap":2.01,"b3_h_nok_nap":8.28,"goothoogte":2.54,"nokhoogte":8.81},"geometry":{"type":"Polygon","coordinates":[[[172543.766,559190.75],[172544.031,559193.938],[172536.703,559194.625],[172536.703,559194.438],[172525.797,559195.5],[172525.594,559193.25],[172527,559193.125],[172526.672,559189.813],[172526.625,559189.813],[172526.609,559189.688],[172536.375,559188.875],[172536.594,559191.375],[172543.766,559190.75]]]}},{"type":"Feature","properties":{"identificatie":"NL.IMBAG.Pand.0091100000006441","oorspronkelijkbouwjaar":1978,"status":"Pand in gebruik","b3_dak_type":"horizontal","b3_bouwlagen":2,"b3_h_maaiveld":-0.33799999952316284,"b3_n_nok":0,"b3_n_vlakken":1,"b3_opp_grond":52.93000030517578,"b3_opp_dak_plat":52.93000030517578,"b3_opp_dak_schuin":0,"b3_volume_lod22":301.59844970703125,"b3_kwaliteitsindicator":1,"b3_pw_bron":"ahn5","b3_h_goot_nap":5.35,"b3_h_nok_nap":5.37,"goothoogte":5.69,"nokhoogte":5.71},"geometry":{"type":"Polygon","coordinates":[[[172422.453,559249.625],[172410.859,559250.563],[172410.484,559246],[172418.453,559245.438],[172418.453,559245.25],[172422.016,559244.938],[172422.453,559249.625]]]}},{"type":"Feature","properties":{"identificatie":"NL.IMBAG.Pand.0091100000016127","oorspronkelijkbouwjaar":1979,"status":"Pand in gebruik","b3_dak_type":"slanted","b3_bouwlagen":3,"b3_h_maaiveld":-0.3930000066757202,"b3_n_nok":0,"b3_n_vlakken":4,"b3_opp_grond":67.30000305175781,"b3_opp_dak_plat":57.02000045776367,"b3_opp_dak_schuin":14.510000228881836,"b3_volume_lod22":428.04931640625,"b3_kwaliteitsindicator":1,"b3_pw_bron":"ahn5","b3_h_goot_nap":0.95,"b3_h_nok_nap":8.16,"goothoogte":1.34,"nokhoogte":8.56},"geometry":{"type":"Polygon","coordinates":[[[172431.719,559349.5],[172425.547,559350.063],[172425.344,559347.75],[172431.469,559347.125],[172431.266,559344.875],[172442.875,559343.75],[172443.297,559348.25],[172431.703,559349.313],[172431.719,559349.5]]]}},{"type":"Feature","properties":{"identificatie":"NL.IMBAG.Pand.1900100010085189","oorspronkelijkbouwjaar":2018,"status":"Pand in gebruik","b3_dak_type":"slanted","b3_bouwlagen":2,"b3_h_maaiveld":-0.19300000369548798,"b3_h_nok":5.994531154632568,"b3_n_nok":1,"b3_n_vlakken":2,"b3_opp_grond":30.81999969482422,"b3_opp_dak_plat":0,"b3_opp_dak_schuin":39.22999954223633,"b3_volume_lod22":170.27537536621094,"b3_kwaliteitsindicator":1,"b3_pw_bron":"ahn5","b3_h_goot_nap":4.59,"b3_h_nok_nap":6.24,"goothoogte":4.79,"nokhoogte":6.43},"geometry":{"type":"Polygon","coordinates":[[[172563.516,559333.375],[172556.922,559326.5],[172557.125,559326.313],[172557.203,559326.375],[172557.938,559326.188],[172559.313,559324.875],[172559.297,559324.375],[172559.219,559324.313],[172559.438,559324.063],[172566.047,559330.938],[172565.828,559331.188],[172565.75,559331.063],[172565.234,559331.063],[172563.859,559332.375],[172563.672,559333.063],[172563.75,559333.188],[172563.516,559333.375]]]}},{"type":"Feature","properties":{"identificatie":"NL.IMBAG.Pand.0091100000004254","oorspronkelijkbouwjaar":1978,"status":"Pand in gebruik","b3_dak_type":"horizontal","b3_h_maaiveld":-0.5019999742507935,"b3_n_nok":0,"b3_n_vlakken":1,"b3_opp_grond":10.520000457763672,"b3_opp_dak_plat":10.520000457763672,"b3_opp_dak_schuin":0,"b3_volume_lod22":30.23468017578125,"b3_kwaliteitsindicator":1,"b3_pw_bron":"ahn5","b3_h_goot_nap":2.36,"b3_h_nok_nap":2.38,"goothoogte":2.86,"nokhoogte":2.89},"geometry":{"type":"Polygon","coordinates":[[[172426.828,559284.438],[172423.656,559284.75],[172423.328,559281.438],[172426.516,559281.188],[172426.828,559284.438]]]}},{"type":"Feature","properties":{"identificatie":"NL.IMBAG.Pand.0091100000003859","oorspronkelijkbouwjaar":1980,"status":"Pand in gebruik","b3_dak_type":"slanted","b3_bouwlagen":3,"b3_h_maaiveld":-0.6010000109672546,"b3_h_nok":8.582657814025879,"b3_n_nok":1,"b3_n_vlakken":3,"b3_opp_grond":58.45000076293945,"b3_opp_dak_plat":9.420000076293945,"b3_opp_dak_schuin":60.90999984741211,"b3_volume_lod22":399.7015075683594,"b3_kwaliteitsindicator":1,"b3_pw_bron":"ahn5","b3_h_goot_nap":5.21,"b3_h_nok_nap":8.76,"goothoogte":5.81,"nokhoogte":9.36},"geometry":{"type":"Polygon","coordinates":[[[172376.563,559355.813],[172372.344,559356.25],[172372.125,559353.813],[172376.344,559353.438],[172376.016,559349.938],[172384.406,559349.125],[172384.953,559354.813],[172376.563,559355.625],[172376.563,559355.813]]]}},{"type":"Feature","properties":{"identificatie":"NL.IMBAG.Pand.0091100000011239","oorspronkelijkbouwjaar":1979,"status":"Pand in gebruik","b3_dak_type":"slanted","b3_bouwlagen":2,"b3_h_maaiveld":-0.3330000042915344,"b3_h_nok":7.956251621246338,"b3_n_nok":1,"b3_n_vlakken":3,"b3_opp_grond":69.70999908447266,"b3_opp_dak_plat":16.31999969482422,"b3_opp_dak_schuin":68.79000091552734,"b3_volume_lod22":376.1980895996094,"b3_kwaliteitsindicator":1,"b3_pw_bron":"ahn5","b3_h_goot_nap":2.39,"b3_h_nok_nap":8.06,"goothoogte":2.72,"nokhoogte":8.39},"geometry":{"type":"Polygon","coordinates":[[[172420.813,559178],[172417.969,559178.25],[172418.531,559184.313],[172413.219,559184.813],[172412.344,559175],[172417.547,559174.5],[172417.344,559172.313],[172420.281,559172.063],[172420.813,559178]]]}},{"type":"Feature","properties":{"identificatie":"NL.IMBAG.Pand.0091100000006437","oorspronkelijkbouwjaar":1974,"status":"Pand in gebruik","b3_dak_type":"multiple horizontal","b3_bouwlagen":2,"b3_h_maaiveld":-0.5809999704360962,"b3_n_nok":0,"b3_n_vlakken":2,"b3_opp_grond":65.9800033569336,"b3_opp_dak_plat":65.91999816894531,"b3_opp_dak_schuin":0,"b3_volume_lod22":353.6560974121094,"b3_kwaliteitsindicator":1,"b3_pw_bron":"ahn5","b3_h_goot_nap":5.34,"b3_h_nok_nap":5.37,"goothoogte":5.92,"nokhoogte":5.96},"geometry":{"type":"Polygon","coordinates":[[[172410.5,559246.188],[172406.875,559246.5],[172406.625,559244.063],[172400.5,559244.75],[172400.297,559242.5],[172418.047,559240.875],[172418.453,559245.438],[172410.484,559246],[172410.5,559246.188]]]}},{"type":"Feature","properties":{"identificatie":"NL.IMBAG.Pand.0091100000009550","oorspronkelijkbouwjaar":1978,"status":"Pand in gebruik","b3_dak_type":"slanted","b3_h_maaiveld":-0.4020000100135803,"b3_h_nok":2.328291416168213,"b3_n_nok":1,"b3_n_vlakken":2,"b3_opp_grond":17.540000915527344,"b3_opp_dak_plat":0,"b3_opp_dak_schuin":19.149999618530273,"b3_volume_lod22":41.89554214477539,"b3_kwaliteitsindicator":1,"b3_pw_bron":"ahn5","b3_h_goot_nap":1.43,"b3_h_nok_nap":2.42,"goothoogte":1.83,"nokhoogte":2.82},"geometry":{"type":"Polygon","coordinates":[[[172563.703,559182.563],[172558.047,559183.188],[172557.703,559180.125],[172563.359,559179.5],[172563.703,559182.563]]]}},{"type":"Feature","properties":{"identificatie":"NL.IMBAG.Pand.0091100000009454","oorspronkelijkbouwjaar":1974,"status":"Pand in gebruik","b3_dak_type":"slanted","b3_bouwlagen":3,"b3_h_maaiveld":-0.5799999833106995,"b3_h_nok":8.23405647277832,"b3_n_nok":1,"b3_n_vlakken":3,"b3_opp_grond":60.970001220703125,"b3_opp_dak_plat":8.479999542236328,"b3_opp_dak_schuin":60.88999938964844,"b3_volume_lod22":414.2620849609375,"b3_kwaliteitsindicator":1,"b3_pw_bron":"ahn5","b3_h_goot_nap":5.2,"b3_h_nok_nap":8.36,"goothoogte":5.78,"nokhoogte":8.94},"geometry":{"type":"Polygon","coordinates":[[[172151.75,559471.813],[172155.688,559475.5],[172146.297,559485.5],[172144.703,559484],[172147.516,559481],[172145.188,559478.813],[172151.75,559471.813]]]}},{"type":"Feature","properties":{"identificatie":"NL.IMBAG.Pand.0091100000004653","oorspronkelijkbouwjaar":1974,"status":"Pand in gebruik","b3_dak_type":"slanted","b3_bouwlagen":3,"b3_h_maaiveld":-0.6039999723434448,"b3_h_nok":8.186238288879395,"b3_n_nok":1,"b3_n_vlakken":3,"b3_opp_grond":61.04999923706055,"b3_opp_dak_plat":9.039999961853027,"b3_opp_dak_schuin":60.13999938964844,"b3_volume_lod22":413.130859375,"b3_kwaliteitsindicator":1,"b3_pw_bron":"ahn5","b3_h_goot_nap":5.18,"b3_h_nok_nap":8.32,"goothoogte":5.79,"nokhoogte":8.92},"geometry":{"type":"Polygon","coordinates":[[[172170.453,559434.125],[172169.219,559439.375],[172159.844,559437.25],[172155.813,559436.313],[172156.297,559434.188],[172160.344,559435.125],[172161.078,559432],[172170.453,559434.125]]]}},{"type":"Feature","properties":{"identificatie":"NL.IMBAG.Pand.0091100000007054","oorspronkelijkbouwjaar":1976,"status":"Pand in gebruik","b3_dak_type":"slanted","b3_bouwlagen":3,"b3_h_maaiveld":-0.7300000190734863,"b3_h_nok":8.154141426086426,"b3_n_nok":3,"b3_n_vlakken":5,"b3_opp_grond":62.02000045776367,"b3_opp_dak_plat":10.369999885559082,"b3_opp_dak_schuin":66.33999633789062,"b3_volume_lod22":381.0364990234375,"b3_kwaliteitsindicator":1,"b3_pw_bron":"ahn5","b3_h_goot_nap":2.77,"b3_h_nok_nap":8.44,"goothoogte":3.5,"nokhoogte":9.17},"geometry":{"type":"Polygon","coordinates":[[[172294.438,559408.625],[172290.5,559404.938],[172296.969,559398.063],[172299.156,559400.125],[172302.234,559396.813],[172304,559398.438],[172294.438,559408.625]]]}},{"type":"Feature","properties":{"identificatie":"NL.IMBAG.Pand.1900100010090798","oorspronkelijkbouwjaar":2022,"status":"Pand in gebruik","b3_dak_type":"horizontal","b3_h_maaiveld":-0.6010000109672546,"b3_n_nok":0,"b3_n_vlakken":1,"b3_opp_grond":5.289999961853027,"b3_opp_dak_plat":5.300000190734863,"b3_opp_dak_schuin":0,"b3_volume_lod22":11.594151496887207,"b3_kwaliteitsindicator":1,"b3_pw_bron":"ahn5","b3_h_goot_nap":1.53,"b3_h_nok_nap":1.65,"goothoogte":2.13,"nokhoogte":2.26},"geometry":{"type":"Polygon","coordinates":[[[172150.547,559407.063],[172153.078,559407.688],[172152.5,559410.188],[172149.969,559409.563],[172150.547,559407.063]]]}},{"type":"Feature","properties":{"identificatie":"NL.IMBAG.Pand.0091100000004532","oorspronkelijkbouwjaar":1974,"status":"Pand in gebruik","b3_dak_type":"slanted","b3_bouwlagen":3,"b3_h_maaiveld":-0.6079999804496765,"b3_h_nok":8.198487281799316,"b3_n_nok":1,"b3_n_vlakken":3,"b3_opp_grond":61.65999984741211,"b3_opp_dak_plat":9.229999542236328,"b3_opp_dak_schuin":60.91999816894531,"b3_volume_lod22":417.879638671875,"b3_kwaliteitsindicator":1,"b3_pw_bron":"ahn5","b3_h_goot_nap":5.2,"b3_h_nok_nap":8.35,"goothoogte":5.81,"nokhoogte":8.96},"geometry":{"type":"Polygon","coordinates":[[[172149.328,559412.313],[172148.828,559414.5],[172144.781,559413.563],[172144.063,559416.688],[172134.719,559414.625],[172135.984,559409.25],[172149.328,559412.313]]]}},{"type":"Feature","properties":{"identificatie":"NL.IMBAG.Pand.0091100000012946","oorspronkelijkbouwjaar":1974,"status":"Pand in gebruik","b3_dak_type":"slanted","b3_bouwlagen":3,"b3_h_maaiveld":-0.6700000166893005,"b3_h_nok":8.201756477355957,"b3_n_nok":1,"b3_n_vlakken":3,"b3_opp_grond":60.779998779296875,"b3_opp_dak_plat":8.579999923706055,"b3_opp_dak_schuin":60.40999984741211,"b3_volume_lod22":418.0578918457031,"b3_kwaliteitsindicator":1,"b3_pw_bron":"ahn5","b3_h_goot_nap":5.09,"b3_h_nok_nap":8.4,"goothoogte":5.76,"nokhoogte":9.07},"geometry":{"type":"Polygon","coordinates":[[[172210.109,559428.375],[172213.828,559424.375],[172223.75,559433.688],[172222.219,559435.313],[172219.188,559432.5],[172216.984,559434.813],[172210.109,559428.375]]]}},{"type":"Feature","properties":{"identificatie":"NL.IMBAG.Pand.0091100000014356","oorspronkelijkbouwjaar":1974,"status":"Pand in gebruik","b3_dak_type":"slanted","b3_bouwlagen":3,"b3_h_maaiveld":-0.492000013589859,"b3_h_nok":8.199848175048828,"b3_n_nok":1,"b3_n_vlakken":3,"b3_opp_grond":60.709999084472656,"b3_opp_dak_plat":8.390000343322754,"b3_opp_dak_schuin":60.630001068115234,"b3_volume_lod22":406.3776550292969,"b3_kwaliteitsindicator":1,"b3_pw_bron":"ahn5","b3_h_goot_nap":5.16,"b3_h_nok_nap":8.33,"goothoogte":5.65,"nokhoogte":8.82},"geometry":{"type":"Polygon","coordinates":[[[172242.656,559556.688],[172241.031,559555.188],[172243.859,559552.125],[172241.516,559549.938],[172248.031,559542.938],[172251.984,559546.625],[172242.656,559556.688]]]}},{"type":"Feature","properties":{"identificatie":"NL.IMBAG.Pand.1900100010090810","oorspronkelijkbouwjaar":2022,"status":"Pand in gebruik","b3_dak_type":"slanted","b3_h_maaiveld":-0.4410000145435333,"b3_n_nok":0,"b3_n_vlakken":1,"b3_opp_grond":4.599999904632568,"b3_opp_dak_plat":0,"b3_opp_dak_schuin":5.28000020980835,"b3_volume_lod22":11.81239128112793,"b3_kwaliteitsindicator":1,"b3_pw_bron":"ahn5","b3_h_goot_nap":1.47,"b3_h_nok_nap":2.6,"goothoogte":1.91,"nokhoogte":3.04},"geometry":{"type":"Polygon","coordinates":[[[172134.406,559474.375],[172133.109,559475.75],[172131.328,559474.063],[172132.625,559472.688],[172134.406,559474.375]]]}},{"type":"Feature","properties":{"identificatie":"NL.IMBAG.Pand.0091100000006621","oorspronkelijkbouwjaar":1974,"status":"Pand in gebruik","b3_dak_type":"slanted","b3_bouwlagen":3,"b3_h_maaiveld":-0.43700000643730164,"b3_h_nok":8.203567504882812,"b3_n_nok":1,"b3_n_vlakken":4,"b3_opp_grond":60.959999084472656,"b3_opp_dak_plat":9.079999923706055,"b3_opp_dak_schuin":60.119998931884766,"b3_volume_lod22":402.7971496582031,"b3_kwaliteitsindicator":1,"b3_pw_bron":"ahn5","b3_h_goot_nap":5.22,"b3_h_nok_nap":8.35,"goothoogte":5.66,"nokhoogte":8.79},"geometry":{"type":"Polygon","coordinates":[[[172265.188,559572.063],[172264.906,559569.875],[172269,559569.313],[172268.578,559566.125],[172278.094,559564.875],[172278.797,559570.25],[172265.188,559572.063]]]}},{"type":"Feature","properties":{"identificatie":"NL.IMBAG.Pand.0091100000006454","oorspronkelijkbouwjaar":1974,"status":"Pand in gebruik","b3_dak_type":"slanted","b3_bouwlagen":3,"b3_h_maaiveld":-0.49300000071525574,"b3_h_nok":8.230021476745605,"b3_n_nok":1,"b3_n_vlakken":3,"b3_opp_grond":61.2400016784668,"b3_opp_dak_plat":8.670000076293945,"b3_opp_dak_schuin":61.33000183105469,"b3_volume_lod22":410.8165588378906,"b3_kwaliteitsindicator":1,"b3_pw_bron":"ahn5","b3_h_goot_nap":4.62,"b3_h_nok_nap":8.42,"goothoogte":5.12,"nokhoogte":8.91},"geometry":{"type":"Polygon","coordinates":[[[172272.422,559508.875],[172268.719,559512.875],[172258.688,559503.438],[172260.219,559501.813],[172263.234,559504.625],[172265.406,559502.313],[172272.422,559508.875]]]}},{"type":"Feature","properties":{"identificatie":"NL.IMBAG.Pand.0091100000008160","oorspronkelijkbouwjaar":1975,"status":"Pand in gebruik","b3_dak_type":"slanted","b3_bouwlagen":2,"b3_h_maaiveld":-0.6240000128746033,"b3_h_nok":6.000328540802002,"b3_n_nok":1,"b3_n_vlakken":4,"b3_opp_grond":66.26000213623047,"b3_opp_dak_plat":5.900000095367432,"b3_opp_dak_schuin":70.83999633789062,"b3_volume_lod22":322.87774658203125,"b3_kwaliteitsindicator":1,"b3_pw_bron":"ahn5","b3_h_goot_nap":2.16,"b3_h_nok_nap":6.21,"goothoogte":2.78,"nokhoogte":6.83},"geometry":{"type":"Polygon","coordinates":[[[172268,559453.063],[172266.375,559451.5],[172268.922,559448.813],[172265.328,559445.438],[172271.828,559438.5],[172276.281,559442.688],[172269.766,559449.625],[172270.531,559450.313],[172268,559453.063]]]}},{"type":"Feature","properties":{"identificatie":"NL.IMBAG.Pand.0091100000019241","oorspronkelijkbouwjaar":1974,"status":"Pand in gebruik","b3_dak_type":"slanted","b3_bouwlagen":3,"b3_h_maaiveld":-0.6060000061988831,"b3_h_nok":8.197272300720215,"b3_n_nok":1,"b3_n_vlakken":3,"b3_opp_grond":58.43000030517578,"b3_opp_dak_plat":8.3100004196167,"b3_opp_dak_schuin":58.02000045776367,"b3_volume_lod22":397.5270080566406,"b3_kwaliteitsindicator":1,"b3_pw_bron":"ahn5","b3_h_goot_nap":5.19,"b3_h_nok_nap":8.38,"goothoogte":5.8,"nokhoogte":8.99},"geometry":{"type":"Polygon","coordinates":[[[172218.906,559473.625],[172214.953,559477.063],[172208.797,559469.813],[172205.969,559466.813],[172207.563,559465.313],[172210.266,559468.438],[172212.703,559466.375],[172218.906,559473.625]]]}},{"type":"Feature","properties":{"identificatie":"NL.IMBAG.Pand.0091100000016142","oorspronkelijkbouwjaar":1975,"status":"Pand in gebruik","b3_dak_type":"slanted","b3_bouwlagen":2,"b3_h_maaiveld":-0.609000027179718,"b3_h_nok":6.079596996307373,"b3_n_nok":1,"b3_n_vlakken":4,"b3_opp_grond":68.19000244140625,"b3_opp_dak_plat":5.760000228881836,"b3_opp_dak_schuin":73.44999694824219,"b3_volume_lod22":333.83746337890625,"b3_kwaliteitsindicator":1,"b3_pw_bron":"ahn5","b3_h_goot_nap":2.15,"b3_h_nok_nap":6.22,"goothoogte":2.76,"nokhoogte":6.82},"geometry":{"type":"Polygon","coordinates":[[[172335.266,559491.063],[172334.938,559487.375],[172329.875,559487.875],[172329.063,559478.438],[172335.391,559477.875],[172336.203,559487.313],[172337.156,559487.188],[172337.484,559490.875],[172335.266,559491.063]]]}},{"type":"Feature","properties":{"identificatie":"NL.IMBAG.Pand.0091100000008586","oorspronkelijkbouwjaar":1974,"status":"Pand in gebruik","b3_dak_type":"slanted","b3_bouwlagen":3,"b3_h_maaiveld":-0.5640000104904175,"b3_h_nok":8.189214706420898,"b3_n_nok":1,"b3_n_vlakken":3,"b3_opp_grond":60.849998474121094,"b3_opp_dak_plat":8.529999732971191,"b3_opp_dak_schuin":60.61000061035156,"b3_volume_lod22":410.6727294921875,"b3_kwaliteitsindicator":1,"b3_pw_bron":"ahn5","b3_h_goot_nap":5.09,"b3_h_nok_nap":8.38,"goothoogte":5.65,"nokhoogte":8.94},"geometry":{"type":"Polygon","coordinates":[[[172332.844,559570.688],[172331.953,559568.688],[172335.75,559567],[172334.469,559564.063],[172343.234,559560.25],[172345.406,559565.188],[172332.844,559570.688]]]}},{"type":"Feature","properties":{"identificatie":"NL.IMBAG.Pand.0091100000008554","oorspronkelijkbouwjaar":1974,"status":"Pand in gebruik","b3_dak_type":"slanted","b3_bouwlagen":3,"b3_h_maaiveld":-0.5210000276565552,"b3_h_nok":8.194222450256348,"b3_n_nok":1,"b3_n_vlakken":4,"b3_opp_grond":60.709999084472656,"b3_opp_dak_plat":8.680000305175781,"b3_opp_dak_schuin":60.27000045776367,"b3_volume_lod22":406.8158264160156,"b3_kwaliteitsindicator":1,"b3_pw_bron":"ahn5","b3_h_goot_nap":5.19,"b3_h_nok_nap":8.38,"goothoogte":5.72,"nokhoogte":8.9},"geometry":{"type":"Polygon","coordinates":[[[172330.688,559565.75],[172329.797,559563.75],[172333.594,559562.063],[172332.313,559559.188],[172341.078,559555.313],[172343.234,559560.25],[172330.688,559565.75]]]}},{"type":"Feature","properties":{"identificatie":"NL.IMBAG.Pand.0091100000005004","oorspronkelijkbouwjaar":1974,"status":"Pand in gebruik","b3_dak_type":"slanted","b3_bouwlagen":3,"b3_h_maaiveld":-0.5270000100135803,"b3_h_nok":8.21640396118164,"b3_n_nok":1,"b3_n_vlakken":3,"b3_opp_grond":61.83000183105469,"b3_opp_dak_plat":8.649999618530273,"b3_opp_dak_schuin":61.540000915527344,"b3_volume_lod22":416.648681640625,"b3_kwaliteitsindicator":1,"b3_pw_bron":"ahn5","b3_h_goot_nap":5.19,"b3_h_nok_nap":8.37,"goothoogte":5.72,"nokhoogte":8.9},"geometry":{"type":"Polygon","coordinates":[[[172109.391,559430.938],[172108.125,559436.375],[172094.75,559433.25],[172095.266,559431.125],[172099.297,559432.063],[172100.016,559428.938],[172109.391,559430.938]]]}},{"type":"Feature","properties":{"identificatie":"NL.IMBAG.Pand.0091100000008658","oorspronkelijkbouwjaar":1976,"status":"Pand in gebruik","b3_dak_type":"slanted","b3_bouwlagen":3,"b3_h_maaiveld":-0.5669999718666077,"b3_h_nok":8.176594734191895,"b3_n_nok":1,"b3_n_vlakken":4,"b3_opp_grond":61.90999984741211,"b3_opp_dak_plat":9.90999984741211,"b3_opp_dak_schuin":67,"b3_volume_lod22":372.8067626953125,"b3_kwaliteitsindicator":1,"b3_pw_bron":"ahn5","b3_h_goot_nap":2.8,"b3_h_nok_nap":8.36,"goothoogte":3.37,"nokhoogte":8.93},"geometry":{"type":"Polygon","coordinates":[[[172338.375,559418.938],[172338.188,559416.5],[172342.719,559416.125],[172342.438,559413.188],[172351.906,559412.313],[172352.391,559417.625],[172338.375,559418.938]]]}},{"type":"Feature","properties":{"identificatie":"NL.IMBAG.Pand.0091100000012918","oorspronkelijkbouwjaar":1974,"status":"Pand in gebruik","b3_dak_type":"slanted","b3_bouwlagen":3,"b3_h_maaiveld":-0.6230000257492065,"b3_h_nok":8.205103874206543,"b3_n_nok":1,"b3_n_vlakken":3,"b3_opp_grond":63.45000076293945,"b3_opp_dak_plat":9.5,"b3_opp_dak_schuin":62.709999084472656,"b3_volume_lod22":431.3073425292969,"b3_kwaliteitsindicator":1,"b3_pw_bron":"ahn5","b3_h_goot_nap":5.22,"b3_h_nok_nap":8.4,"goothoogte":5.85,"nokhoogte":9.02},"geometry":{"type":"Polygon","coordinates":[[[172214.953,559477.063],[172210.656,559480.688],[172201.75,559470.25],[172203.406,559468.75],[172206.484,559472],[172208.797,559469.813],[172214.953,559477.063]]]}},{"type":"Feature","properties":{"identificatie":"NL.IMBAG.Pand.0091100000008642","oorspronkelijkbouwjaar":1974,"status":"Pand in gebruik","b3_dak_type":"slanted","b3_bouwlagen":3,"b3_h_maaiveld":-0.574999988079071,"b3_h_nok":8.21152400970459,"b3_n_nok":1,"b3_n_vlakken":3,"b3_opp_grond":64.66000366210938,"b3_opp_dak_plat":8.84000015258789,"b3_opp_dak_schuin":65.02999877929688,"b3_volume_lod22":438.6204528808594,"b3_kwaliteitsindicator":1,"b3_pw_bron":"ahn5","b3_h_goot_nap":5.19,"b3_h_nok_nap":8.39,"goothoogte":5.76,"nokhoogte":8.96},"geometry":{"type":"Polygon","coordinates":[[[172319.859,559541],[172318.969,559539],[172322.75,559537.313],[172321.313,559534.063],[172330.094,559530.25],[172332.422,559535.563],[172319.859,559541]]]}},{"type":"Feature","properties":{"identificatie":"NL.IMBAG.Pand.0091100000006998","oorspronkelijkbouwjaar":1974,"status":"Pand in gebruik","b3_dak_type":"slanted","b3_bouwlagen":3,"b3_h_maaiveld":-0.531000018119812,"b3_h_nok":8.234108924865723,"b3_n_nok":1,"b3_n_vlakken":3,"b3_opp_grond":60.9900016784668,"b3_opp_dak_plat":9.079999923706055,"b3_opp_dak_schuin":60.130001068115234,"b3_volume_lod22":410.2071533203125,"b3_kwaliteitsindicator":1,"b3_pw_bron":"ahn5","b3_h_goot_nap":5.2,"b3_h_nok_nap":8.39,"goothoogte":5.73,"nokhoogte":8.92},"geometry":{"type":"Polygon","coordinates":[[[172108.125,559436.375],[172106.906,559441.625],[172093.531,559438.563],[172094.031,559436.375],[172098.078,559437.313],[172098.797,559434.188],[172108.125,559436.375]]]}},{"type":"Feature","properties":{"identificatie":"NL.IMBAG.Pand.0091100000012954","oorspronkelijkbouwjaar":1975,"status":"Pand in gebruik","b3_dak_type":"slanted","b3_bouwlagen":2,"b3_h_maaiveld":-0.6110000014305115,"b3_h_nok":6.033224105834961,"b3_n_nok":1,"b3_n_vlakken":3,"b3_opp_grond":67.26000213623047,"b3_opp_dak_plat":7.900000095367432,"b3_opp_dak_schuin":69.98999786376953,"b3_volume_lod22":328.55450439453125,"b3_kwaliteitsindicator":1,"b3_pw_bron":"ahn5","b3_h_goot_nap":2.88,"b3_h_nok_nap":6.19,"goothoogte":3.49,"nokhoogte":6.8},"geometry":{"type":"Polygon","coordinates":[[[172219.484,559407.438],[172217.844,559405.938],[172220.375,559403.25],[172216.781,559399.875],[172223.234,559392.938],[172227.797,559397.25],[172221.453,559404],[172222.109,559404.625],[172219.484,559407.438]]]}},{"type":"Feature","properties":{"identificatie":"NL.IMBAG.Pand.0091100000018890","oorspronkelijkbouwjaar":1974,"status":"Pand in gebruik","b3_dak_type":"slanted","b3_bouwlagen":3,"b3_h_maaiveld":-0.4440000057220459,"b3_h_nok":8.199214935302734,"b3_n_nok":1,"b3_n_vlakken":3,"b3_opp_grond":68.19999694824219,"b3_opp_dak_plat":0,"b3_opp_dak_schuin":82.43000030517578,"b3_volume_lod22":426.9150085449219,"b3_kwaliteitsindicator":1,"b3_pw_bron":"ahn5","b3_h_goot_nap":2.29,"b3_h_nok_nap":8.36,"goothoogte":2.73,"nokhoogte":8.8},"geometry":{"type":"Polygon","coordinates":[[[172322.031,559546],[172325.813,559544.313],[172325.734,559544.125],[172334.5,559540.313],[172336.672,559545.25],[172327.906,559549.125],[172327.984,559549.25],[172324.188,559550.938],[172322.031,559546]]]}},{"type":"Feature","properties":{"identificatie":"NL.IMBAG.Pand.0091100000014230","oorspronkelijkbouwjaar":1974,"status":"Pand in gebruik","b3_dak_type":"slanted","b3_bouwlagen":3,"b3_h_maaiveld":-0.6899999976158142,"b3_h_nok":8.190713882446289,"b3_n_nok":1,"b3_n_vlakken":4,"b3_opp_grond":63.779998779296875,"b3_opp_dak_plat":7.849999904632568,"b3_opp_dak_schuin":63.45000076293945,"b3_volume_lod22":438.745849609375,"b3_kwaliteitsindicator":1,"b3_pw_bron":"ahn5","b3_h_goot_nap":5.18,"b3_h_nok_nap":8.37,"goothoogte":5.87,"nokhoogte":9.06},"geometry":{"type":"Polygon","coordinates":[[[172168.453,559400.375],[172164.406,559399.438],[172164.906,559397.313],[172168.938,559398.25],[172169.734,559394.875],[172179.156,559397],[172177.859,559402.5],[172168.453,559400.375]]]}},{"type":"Feature","properties":{"identificatie":"NL.IMBAG.Pand.0091100000009579","oorspronkelijkbouwjaar":1975,"status":"Pand in gebruik","b3_dak_type":"slanted","b3_bouwlagen":2,"b3_h_maaiveld":-0.6140000224113464,"b3_h_nok":6.013289928436279,"b3_n_nok":1,"b3_n_vlakken":3,"b3_opp_grond":67.55000305175781,"b3_opp_dak_plat":7.949999809265137,"b3_opp_dak_schuin":70.66999816894531,"b3_volume_lod22":328.6697082519531,"b3_kwaliteitsindicator":1,"b3_pw_bron":"ahn5","b3_h_goot_nap":2.85,"b3_h_nok_nap":6.21,"goothoogte":3.47,"nokhoogte":6.82},"geometry":{"type":"Polygon","coordinates":[[[172272.453,559457.25],[172270.844,559455.688],[172273.375,559453],[172269.766,559449.625],[172276.281,559442.688],[172280.844,559447],[172274.453,559453.75],[172275.109,559454.375],[172272.453,559457.25]]]}},{"type":"Feature","properties":{"identificatie":"NL.IMBAG.Pand.0091100000012906","oorspronkelijkbouwjaar":1975,"status":"Pand in gebruik","b3_dak_type":"slanted","b3_bouwlagen":2,"b3_h_maaiveld":-0.5559999942779541,"b3_h_nok":6.09045934677124,"b3_n_nok":1,"b3_n_vlakken":3,"b3_opp_grond":65.5999984741211,"b3_opp_dak_plat":6.019999980926514,"b3_opp_dak_schuin":70.77999877929688,"b3_volume_lod22":317.7141418457031,"b3_kwaliteitsindicator":1,"b3_pw_bron":"ahn5","b3_h_goot_nap":2.23,"b3_h_nok_nap":6.2,"goothoogte":2.79,"nokhoogte":6.75},"geometry":{"type":"Polygon","coordinates":[[[172210.563,559399.063],[172208.953,559397.563],[172211.469,559394.875],[172207.875,559391.5],[172214.313,559384.625],[172218.766,559388.75],[172212.313,559395.688],[172213.094,559396.375],[172210.563,559399.063]]]}},{"type":"Feature","properties":{"identificatie":"NL.IMBAG.Pand.0091100000006617","oorspronkelijkbouwjaar":1974,"status":"Pand in gebruik","b3_dak_type":"slanted","b3_bouwlagen":3,"b3_h_maaiveld":-0.5609999895095825,"b3_h_nok":8.21920108795166,"b3_n_nok":1,"b3_n_vlakken":3,"b3_opp_grond":61.09000015258789,"b3_opp_dak_plat":8.65999984741211,"b3_opp_dak_schuin":60.709999084472656,"b3_volume_lod22":413.88739013671875,"b3_kwaliteitsindicator":1,"b3_pw_bron":"ahn5","b3_h_goot_nap":5.24,"b3_h_nok_nap":8.4,"goothoogte":5.8,"nokhoogte":8.96},"geometry":{"type":"Polygon","coordinates":[[[172276.125,559504.938],[172272.422,559508.875],[172262.391,559499.5],[172263.906,559497.875],[172266.922,559500.688],[172269.109,559498.375],[172276.125,559504.938]]]}},{"type":"Feature","properties":{"identificatie":"NL.IMBAG.Pand.0091100000006360","oorspronkelijkbouwjaar":1975,"status":"Pand in gebruik","b3_dak_type":"slanted","b3_bouwlagen":2,"b3_h_maaiveld":-0.6909999847412109,"b3_h_nok":6.023308753967285,"b3_n_nok":1,"b3_n_vlakken":3,"b3_opp_grond":67.13999938964844,"b3_opp_dak_plat":8.130000114440918,"b3_opp_dak_schuin":70.44999694824219,"b3_volume_lod22":332.130615234375,"b3_kwaliteitsindicator":1,"b3_pw_bron":"ahn5","b3_h_goot_nap":2.87,"b3_h_nok_nap":6.19,"goothoogte":3.56,"nokhoogte":6.89},"geometry":{"type":"Polygon","coordinates":[[[172254.719,559436.313],[172253.109,559434.813],[172255.641,559432.125],[172252.016,559428.75],[172258.453,559421.875],[172263.016,559426.125],[172256.688,559432.875],[172257.344,559433.5],[172254.719,559436.313]]]}},{"type":"Feature","properties":{"identificatie":"NL.IMBAG.Pand.0091100000006073","oorspronkelijkbouwjaar":1974,"status":"Pand in gebruik","b3_dak_type":"slanted","b3_bouwlagen":3,"b3_h_maaiveld":-0.6019999980926514,"b3_h_nok":8.191033363342285,"b3_n_nok":1,"b3_n_vlakken":3,"b3_opp_grond":59.959999084472656,"b3_opp_dak_plat":7.75,"b3_opp_dak_schuin":60.599998474121094,"b3_volume_lod22":407.0906982421875,"b3_kwaliteitsindicator":1,"b3_pw_bron":"ahn5","b3_h_goot_nap":2.82,"b3_h_nok_nap":8.33,"goothoogte":3.42,"nokhoogte":8.94},"geometry":{"type":"Polygon","coordinates":[[[172144.063,559416.688],[172148.094,559417.625],[172147.594,559419.75],[172143.578,559418.813],[172142.844,559421.938],[172133.531,559419.75],[172134.719,559414.625],[172144.063,559416.688]]]}},{"type":"Feature","properties":{"identificatie":"NL.IMBAG.Pand.0091100000006482","oorspronkelijkbouwjaar":1974,"status":"Pand in gebruik","b3_dak_type":"slanted","b3_bouwlagen":3,"b3_h_maaiveld":-0.6880000233650208,"b3_h_nok":8.224738121032715,"b3_n_nok":1,"b3_n_vlakken":3,"b3_opp_grond":63.5,"b3_opp_dak_plat":8.989999771118164,"b3_opp_dak_schuin":63.310001373291016,"b3_volume_lod22":438.6742858886719,"b3_kwaliteitsindicator":1,"b3_pw_bron":"ahn5","b3_h_goot_nap":5.21,"b3_h_nok_nap":8.42,"goothoogte":5.9,"nokhoogte":9.11},"geometry":{"type":"Polygon","coordinates":[[[172261.453,559520.625],[172257.594,559524.688],[172247.578,559515.313],[172249.109,559513.688],[172252.141,559516.5],[172254.453,559514.063],[172261.453,559520.625]]]}},{"type":"Feature","properties":{"identificatie":"NL.IMBAG.Pand.0091100000007274","oorspronkelijkbouwjaar":1975,"status":"Pand in gebruik","b3_dak_type":"slanted","b3_bouwlagen":2,"b3_h_maaiveld":-0.7269999980926514,"b3_h_nok":6.0512919425964355,"b3_n_nok":1,"b3_n_vlakken":4,"b3_opp_grond":65.44000244140625,"b3_opp_dak_plat":6.809999942779541,"b3_opp_dak_schuin":69.69000244140625,"b3_volume_lod22":327.84521484375,"b3_kwaliteitsindicator":1,"b3_pw_bron":"ahn5","b3_h_goot_nap":2.42,"b3_h_nok_nap":6.26,"goothoogte":3.15,"nokhoogte":6.99},"geometry":{"type":"Polygon","coordinates":[[[172285.5,559465.188],[172283.891,559463.688],[172286.406,559461],[172282.813,559457.625],[172289.266,559450.75],[172293.703,559454.938],[172287.25,559461.813],[172288.031,559462.5],[172285.5,559465.188]]]}},{"type":"Feature","properties":{"identificatie":"NL.IMBAG.Pand.0091100000014231","oorspronkelijkbouwjaar":1974,"status":"Pand in gebruik","b3_dak_type":"slanted","b3_bouwlagen":3,"b3_h_maaiveld":-0.5370000004768372,"b3_h_nok":8.197629928588867,"b3_n_nok":1,"b3_n_vlakken":3,"b3_opp_grond":60.900001525878906,"b3_opp_dak_plat":8.979999542236328,"b3_opp_dak_schuin":60.09000015258789,"b3_volume_lod22":408.5228271484375,"b3_kwaliteitsindicator":1,"b3_pw_bron":"ahn5","b3_h_goot_nap":4.99,"b3_h_nok_nap":8.35,"goothoogte":5.52,"nokhoogte":8.88},"geometry":{"type":"Polygon","coordinates":[[[172257.516,559485.188],[172256.188,559486.938],[172252.875,559484.438],[172250.953,559487],[172243.297,559481.25],[172246.547,559476.938],[172257.516,559485.188]]]}},{"type":"Feature","properties":{"identificatie":"NL.IMBAG.Pand.0091100000014245","oorspronkelijkbouwjaar":1974,"status":"Pand in gebruik","b3_dak_type":"slanted","b3_bouwlagen":3,"b3_h_maaiveld":-0.49399998784065247,"b3_h_nok":8.27436351776123,"b3_n_nok":1,"b3_n_vlakken":3,"b3_opp_grond":60.93000030517578,"b3_opp_dak_plat":15.869999885559082,"b3_opp_dak_schuin":59.79999923706055,"b3_volume_lod22":409.4477233886719,"b3_kwaliteitsindicator":1,"b3_pw_bron":"ahn4","b3_h_goot_nap":5.43,"b3_h_nok_nap":8.41,"goothoogte":5.92,"nokhoogte":8.9},"geometry":{"type":"Polygon","coordinates":[[[172167.141,559494.938],[172165.516,559493.5],[172168.344,559490.375],[172171.172,559487.313],[172168.828,559485.125],[172175.391,559478.125],[172179.344,559481.813],[172169.969,559491.813],[172167.141,559494.938]]]}},{"type":"Feature","properties":{"identificatie":"NL.IMBAG.Pand.0091100000015040","oorspronkelijkbouwjaar":1974,"status":"Pand in gebruik","b3_dak_type":"slanted","b3_bouwlagen":3,"b3_h_maaiveld":-0.49799999594688416,"b3_h_nok":8.194904327392578,"b3_n_nok":1,"b3_n_vlakken":3,"b3_opp_grond":60.7400016784668,"b3_opp_dak_plat":8.600000381469727,"b3_opp_dak_schuin":60.36000061035156,"b3_volume_lod22":406.1293640136719,"b3_kwaliteitsindicator":1,"b3_pw_bron":"ahn5","b3_h_goot_nap":5.05,"b3_h_nok_nap":8.39,"goothoogte":5.55,"nokhoogte":8.89},"geometry":{"type":"Polygon","coordinates":[[[172247.766,559498.125],[172246.453,559499.875],[172243.141,559497.375],[172241.219,559499.938],[172233.563,559494.188],[172236.797,559489.875],[172247.766,559498.125]]]}},{"type":"Feature","properties":{"identificatie":"NL.IMBAG.Pand.0091100000015905","oorspronkelijkbouwjaar":1974,"status":"Pand in gebruik","b3_dak_type":"slanted","b3_bouwlagen":3,"b3_h_maaiveld":-0.5680000185966492,"b3_h_nok":8.216935157775879,"b3_n_nok":1,"b3_n_vlakken":3,"b3_opp_grond":60.959999084472656,"b3_opp_dak_plat":7.739999771118164,"b3_opp_dak_schuin":61.650001525878906,"b3_volume_lod22":414.6524353027344,"b3_kwaliteitsindicator":1,"b3_pw_bron":"ahn5","b3_h_goot_nap":4.98,"b3_h_nok_nap":8.34,"goothoogte":5.55,"nokhoogte":8.9},"geometry":{"type":"Polygon","coordinates":[[[172205.656,559525],[172204.031,559523.5],[172206.859,559520.5],[172204.516,559518.313],[172211.031,559511.313],[172215,559515],[172205.656,559525]]]}},{"type":"Feature","properties":{"identificatie":"NL.IMBAG.Pand.0091100000010852","oorspronkelijkbouwjaar":1974,"status":"Pand in gebruik","b3_dak_type":"slanted","b3_bouwlagen":3,"b3_h_maaiveld":-0.4830000102519989,"b3_h_nok":8.214276313781738,"b3_n_nok":1,"b3_n_vlakken":3,"b3_opp_grond":60.91999816894531,"b3_opp_dak_plat":8.319999694824219,"b3_opp_dak_schuin":61.41999816894531,"b3_volume_lod22":407.56768798828125,"b3_kwaliteitsindicator":1,"b3_pw_bron":"ahn5","b3_h_goot_nap":5.01,"b3_h_nok_nap":8.37,"goothoogte":5.5,"nokhoogte":8.85},"geometry":{"type":"Polygon","coordinates":[[[172313.484,559580.688],[172304.141,559582.813],[172302.922,559577.563],[172316.281,559574.5],[172316.781,559576.625],[172312.766,559577.563],[172313.484,559580.688]]]}},{"type":"Feature","properties":{"identificatie":"NL.IMBAG.Pand.0091100000007226","oorspronkelijkbouwjaar":1976,"status":"Pand in gebruik","b3_dak_type":"slanted","b3_bouwlagen":3,"b3_h_maaiveld":-0.6169999837875366,"b3_h_nok":8.184435844421387,"b3_n_nok":3,"b3_n_vlakken":5,"b3_opp_grond":60.90999984741211,"b3_opp_dak_plat":9.789999961853027,"b3_opp_dak_schuin":69.19000244140625,"b3_volume_lod22":374.4270324707031,"b3_kwaliteitsindicator":1,"b3_pw_bron":"ahn5","b3_h_goot_nap":2.8,"b3_h_nok_nap":8.42,"goothoogte":3.41,"nokhoogte":9.04},"geometry":{"type":"Polygon","coordinates":[[[172302.766,559407.625],[172302.656,559407.563],[172298.25,559412.25],[172294.438,559408.625],[172300.906,559401.75],[172303.094,559403.813],[172306.188,559400.5],[172307.938,559402.125],[172302.766,559407.625]]]}},{"type":"Feature","properties":{"identificatie":"NL.IMBAG.Pand.0091100000007424","oorspronkelijkbouwjaar":1975,"status":"Pand in gebruik","b3_dak_type":"slanted","b3_bouwlagen":3,"b3_h_maaiveld":-0.3889999985694885,"b3_h_nok":8.209833145141602,"b3_n_nok":1,"b3_n_vlakken":3,"b3_opp_grond":60.900001525878906,"b3_opp_dak_plat":8.760000228881836,"b3_opp_dak_schuin":60.06999969482422,"b3_volume_lod22":404.207275390625,"b3_kwaliteitsindicator":1,"b3_pw_bron":"ahn5","b3_h_goot_nap":5.15,"b3_h_nok_nap":8.4,"goothoogte":5.53,"nokhoogte":8.79},"geometry":{"type":"Polygon","coordinates":[[[172309.875,559565.063],[172300.547,559567.188],[172299.344,559561.938],[172308.672,559559.813],[172308.641,559559.625],[172312.656,559558.688],[172313.156,559560.875],[172309.125,559561.813],[172309.875,559565.063]]]}},{"type":"Feature","properties":{"identificatie":"NL.IMBAG.Pand.0091100000018870","oorspronkelijkbouwjaar":1974,"status":"Pand in gebruik","b3_dak_type":"slanted","b3_bouwlagen":3,"b3_h_maaiveld":-0.45500001311302185,"b3_h_nok":8.200667381286621,"b3_n_nok":1,"b3_n_vlakken":3,"b3_opp_grond":58.970001220703125,"b3_opp_dak_plat":8.880000114440918,"b3_opp_dak_schuin":58.189998626708984,"b3_volume_lod22":389.836181640625,"b3_kwaliteitsindicator":1,"b3_pw_bron":"ahn5","b3_h_goot_nap":5.19,"b3_h_nok_nap":8.38,"goothoogte":5.65,"nokhoogte":8.83},"geometry":{"type":"Polygon","coordinates":[[[172325.813,559544.313],[172322.031,559546],[172321.141,559543.938],[172324.922,559542.313],[172323.641,559539.375],[172332.422,559535.563],[172334.5,559540.313],[172325.734,559544.125],[172325.813,559544.313]]]}},{"type":"Feature","properties":{"identificatie":"NL.IMBAG.Pand.0091100000006917","oorspronkelijkbouwjaar":1974,"status":"Pand in gebruik","b3_dak_type":"slanted","b3_bouwlagen":3,"b3_h_maaiveld":-0.4790000021457672,"b3_h_nok":8.19914436340332,"b3_n_nok":1,"b3_n_vlakken":3,"b3_opp_grond":60.95000076293945,"b3_opp_dak_plat":15.510000228881836,"b3_opp_dak_schuin":59.400001525878906,"b3_volume_lod22":404.1680908203125,"b3_kwaliteitsindicator":1,"b3_pw_bron":"ahn5","b3_h_goot_nap":5.19,"b3_h_nok_nap":8.37,"goothoogte":5.66,"nokhoogte":8.85},"geometry":{"type":"Polygon","coordinates":[[[172111.844,559420.438],[172110.609,559425.688],[172101.25,559423.688],[172097.219,559422.75],[172097.719,559420.563],[172101.75,559421.5],[172102.484,559418.375],[172111.844,559420.438]]]}},{"type":"Feature","properties":{"identificatie":"NL.IMBAG.Pand.0091100000018277","oorspronkelijkbouwjaar":1974,"status":"Pand in gebruik","b3_dak_type":"slanted","b3_bouwlagen":3,"b3_h_maaiveld":-0.5740000009536743,"b3_h_nok":8.210051536560059,"b3_n_nok":1,"b3_n_vlakken":3,"b3_opp_grond":60.95000076293945,"b3_opp_dak_plat":8.449999809265137,"b3_opp_dak_schuin":60.79999923706055,"b3_volume_lod22":413.578369140625,"b3_kwaliteitsindicator":1,"b3_pw_bron":"ahn5","b3_h_goot_nap":5.21,"b3_h_nok_nap":8.34,"goothoogte":5.78,"nokhoogte":8.91},"geometry":{"type":"Polygon","coordinates":[[[172141.266,559475.125],[172138.453,559478.188],[172136.844,559476.625],[172139.656,559473.625],[172137.313,559471.438],[172143.875,559464.438],[172147.813,559468.125],[172141.266,559475.125]]]}},{"type":"Feature","properties":{"identificatie":"NL.IMBAG.Pand.0091100000006025","oorspronkelijkbouwjaar":1974,"status":"Pand in gebruik","b3_dak_type":"slanted","b3_bouwlagen":3,"b3_h_maaiveld":-0.5099999904632568,"b3_h_nok":8.219480514526367,"b3_n_nok":1,"b3_n_vlakken":4,"b3_opp_grond":60.959999084472656,"b3_opp_dak_plat":5.440000057220459,"b3_opp_dak_schuin":60.2400016784668,"b3_volume_lod22":408.0892639160156,"b3_kwaliteitsindicator":1,"b3_pw_bron":"ahn5","b3_h_goot_nap":5.18,"b3_h_nok_nap":8.36,"goothoogte":5.69,"nokhoogte":8.87},"geometry":{"type":"Polygon","coordinates":[[[172181.797,559502.875],[172180.188,559501.375],[172183.016,559498.375],[172180.688,559496.188],[172187.234,559489.188],[172191.188,559492.813],[172181.797,559502.875]]]}},{"type":"Feature","properties":{"identificatie":"NL.IMBAG.Pand.0091100000014788","oorspronkelijkbouwjaar":1974,"status":"Pand in gebruik","b3_dak_type":"slanted","b3_bouwlagen":3,"b3_h_maaiveld":-0.5680000185966492,"b3_h_nok":8.192840576171875,"b3_n_nok":1,"b3_n_vlakken":3,"b3_opp_grond":59.529998779296875,"b3_opp_dak_plat":9.270000457763672,"b3_opp_dak_schuin":58.25,"b3_volume_lod22":399.4062194824219,"b3_kwaliteitsindicator":1,"b3_pw_bron":"ahn5","b3_h_goot_nap":5.2,"b3_h_nok_nap":8.38,"goothoogte":5.77,"nokhoogte":8.95},"geometry":{"type":"Polygon","coordinates":[[[172235.344,559459.563],[172231.344,559463],[172225.141,559455.75],[172225.031,559455.875],[172222.328,559452.688],[172224.016,559451.25],[172226.719,559454.438],[172229.156,559452.313],[172235.344,559459.563]]]}},{"type":"Feature","properties":{"identificatie":"NL.IMBAG.Pand.0091100000002731","oorspronkelijkbouwjaar":1974,"status":"Pand in gebruik","b3_dak_type":"slanted","b3_bouwlagen":3,"b3_h_maaiveld":-0.6660000085830688,"b3_h_nok":8.200812339782715,"b3_n_nok":1,"b3_n_vlakken":3,"b3_opp_grond":62.45000076293945,"b3_opp_dak_plat":14.550000190734863,"b3_opp_dak_schuin":61.68000030517578,"b3_volume_lod22":426.1336975097656,"b3_kwaliteitsindicator":1,"b3_pw_bron":"ahn5","b3_h_goot_nap":5.17,"b3_h_nok_nap":8.36,"goothoogte":5.84,"nokhoogte":9.03},"geometry":{"type":"Polygon","coordinates":[[[172172.938,559423.5],[172171.688,559428.875],[172162.297,559426.75],[172158.25,559425.813],[172158.766,559423.625],[172162.813,559424.563],[172163.563,559421.313],[172172.938,559423.5]]]}},{"type":"Feature","properties":{"identificatie":"NL.IMBAG.Pand.0091100000006589","oorspronkelijkbouwjaar":1974,"status":"Pand in gebruik","b3_dak_type":"slanted","b3_bouwlagen":3,"b3_h_maaiveld":-0.44999998807907104,"b3_h_nok":8.188593864440918,"b3_n_nok":1,"b3_n_vlakken":3,"b3_opp_grond":61.20000076293945,"b3_opp_dak_plat":8.800000190734863,"b3_opp_dak_schuin":60.70000076293945,"b3_volume_lod22":405.6480712890625,"b3_kwaliteitsindicator":1,"b3_pw_bron":"ahn5","b3_h_goot_nap":5.21,"b3_h_nok_nap":8.34,"goothoogte":5.66,"nokhoogte":8.79},"geometry":{"type":"Polygon","coordinates":[[[172263.781,559561.313],[172263.484,559559.125],[172267.578,559558.625],[172267.156,559555.438],[172276.672,559554.188],[172277.375,559559.563],[172263.781,559561.313]]]}},{"type":"Feature","properties":{"identificatie":"NL.IMBAG.Pand.0091100000006962","oorspronkelijkbouwjaar":1974,"status":"Pand in gebruik","b3_dak_type":"slanted","b3_bouwlagen":3,"b3_h_maaiveld":-0.625,"b3_h_nok":8.206178665161133,"b3_n_nok":1,"b3_n_vlakken":3,"b3_opp_grond":64.22000122070312,"b3_opp_dak_plat":7.929999828338623,"b3_opp_dak_schuin":64.95999908447266,"b3_volume_lod22":442.29302978515625,"b3_kwaliteitsindicator":1,"b3_pw_bron":"ahn5","b3_h_goot_nap":4.87,"b3_h_nok_nap":8.41,"goothoogte":5.49,"nokhoogte":9.03},"geometry":{"type":"Polygon","coordinates":[[[172117.609,559452.938],[172114.813,559456],[172113.203,559454.438],[172116,559451.438],[172113.422,559449],[172119.984,559442],[172124.172,559445.938],[172117.609,559452.938]]]}},{"type":"Feature","properties":{"identificatie":"NL.IMBAG.Pand.1900100010090799","oorspronkelijkbouwjaar":2022,"status":"Pand in gebruik","b3_dak_type":"horizontal","b3_h_maaiveld":-0.6759999990463257,"b3_n_nok":0,"b3_n_vlakken":1,"b3_opp_grond":5.679999828338623,"b3_opp_dak_plat":5.690000057220459,"b3_opp_dak_schuin":0,"b3_volume_lod22":12.64156436920166,"b3_kwaliteitsindicator":1,"b3_pw_bron":"ahn5","b3_h_goot_nap":1.51,"b3_h_nok_nap":1.58,"goothoogte":2.19,"nokhoogte":2.25},"geometry":{"type":"Polygon","coordinates":[[[172280.859,559460.813],[172279.188,559462.625],[172277.484,559461],[172279.141,559459.25],[172280.859,559460.813]]]}},{"type":"Feature","properties":{"identificatie":"NL.IMBAG.Pand.0091100000007420","oorspronkelijkbouwjaar":1976,"status":"Pand in gebruik","b3_dak_type":"slanted","b3_bouwlagen":3,"b3_h_maaiveld":-0.5979999899864197,"b3_h_nok":8.203166961669922,"b3_n_nok":3,"b3_n_vlakken":5,"b3_opp_grond":64.48999786376953,"b3_opp_dak_plat":8.819999694824219,"b3_opp_dak_schuin":75.93000030517578,"b3_volume_lod22":394.5548095703125,"b3_kwaliteitsindicator":1,"b3_pw_bron":"ahn5","b3_h_goot_nap":2.57,"b3_h_nok_nap":8.36,"goothoogte":3.17,"nokhoogte":8.95},"geometry":{"type":"Polygon","coordinates":[[[172300.281,559418.313],[172296.063,559414.313],[172298.156,559412.125],[172298.25,559412.25],[172302.656,559407.563],[172304.984,559409.75],[172308.125,559406.375],[172309.875,559408],[172300.281,559418.313]]]}},{"type":"Feature","properties":{"identificatie":"NL.IMBAG.Pand.0091100000018262","oorspronkelijkbouwjaar":1974,"status":"Pand in gebruik","b3_dak_type":"slanted","b3_bouwlagen":3,"b3_h_maaiveld":-0.5910000205039978,"b3_h_nok":8.177072525024414,"b3_n_nok":1,"b3_n_vlakken":4,"b3_opp_grond":60.630001068115234,"b3_opp_dak_plat":9.199999809265137,"b3_opp_dak_schuin":59.4900016784668,"b3_volume_lod22":408.911376953125,"b3_kwaliteitsindicator":1,"b3_pw_bron":"ahn5","b3_h_goot_nap":5.2,"b3_h_nok_nap":8.34,"goothoogte":5.79,"nokhoogte":8.93},"geometry":{"type":"Polygon","coordinates":[[[172148.953,559395.625],[172152.984,559396.563],[172152.484,559398.75],[172148.453,559397.813],[172147.719,559400.875],[172138.406,559398.875],[172139.641,559393.563],[172148.953,559395.625]]]}},{"type":"Feature","properties":{"identificatie":"NL.IMBAG.Pand.0091100000007231","oorspronkelijkbouwjaar":1974,"status":"Pand in gebruik","b3_dak_type":"horizontal","b3_h_maaiveld":-0.6349999904632568,"b3_n_nok":0,"b3_n_vlakken":1,"b3_opp_grond":8.779999732971191,"b3_opp_dak_plat":8.789999961853027,"b3_opp_dak_schuin":0,"b3_volume_lod22":26.805130004882812,"b3_kwaliteitsindicator":1,"b3_pw_bron":"ahn5","b3_h_goot_nap":2.37,"b3_h_nok_nap":2.47,"goothoogte":3,"nokhoogte":3.11},"geometry":{"type":"Polygon","coordinates":[[[172326.984,559486.125],[172324.484,559486.375],[172324.188,559482.875],[172326.672,559482.625],[172326.984,559486.125]]]}},{"type":"Feature","properties":{"identificatie":"NL.IMBAG.Pand.0091100000014161","oorspronkelijkbouwjaar":1976,"status":"Pand in gebruik","b3_dak_type":"slanted","b3_bouwlagen":3,"b3_h_maaiveld":-0.7269999980926514,"b3_h_nok":8.236830711364746,"b3_n_nok":3,"b3_n_vlakken":5,"b3_opp_grond":62.04999923706055,"b3_opp_dak_plat":10.390000343322754,"b3_opp_dak_schuin":66.41000366210938,"b3_volume_lod22":386.7810974121094,"b3_kwaliteitsindicator":1,"b3_pw_bron":"ahn5","b3_h_goot_nap":2.84,"b3_h_nok_nap":8.42,"goothoogte":3.56,"nokhoogte":9.15},"geometry":{"type":"Polygon","coordinates":[[[172322.516,559426.188],[172324.688,559428.25],[172327.844,559424.875],[172329.594,559426.5],[172319.984,559436.75],[172316.047,559433.063],[172322.516,559426.188]]]}},{"type":"Feature","properties":{"identificatie":"NL.IMBAG.Pand.0091100000006346","oorspronkelijkbouwjaar":1974,"status":"Pand in gebruik","b3_dak_type":"slanted","b3_bouwlagen":3,"b3_h_maaiveld":-0.5139999985694885,"b3_h_nok":8.248945236206055,"b3_n_nok":1,"b3_n_vlakken":4,"b3_opp_grond":70.72000122070312,"b3_opp_dak_plat":7.679999828338623,"b3_opp_dak_schuin":70.6500015258789,"b3_volume_lod22":437.28314208984375,"b3_kwaliteitsindicator":1,"b3_pw_bron":"ahn4","b3_h_goot_nap":3.48,"b3_h_nok_nap":8.44,"goothoogte":4,"nokhoogte":8.95},"geometry":{"type":"Polygon","coordinates":[[[172198.359,559524.625],[172196.813,559523.188],[172199.984,559519.75],[172200.078,559519.813],[172202.891,559516.813],[172200.547,559514.625],[172207.063,559507.625],[172211.031,559511.313],[172201.703,559521.375],[172201.531,559521.188],[172198.359,559524.625]]]}},{"type":"Feature","properties":{"identificatie":"NL.IMBAG.Pand.0091100000005993","oorspronkelijkbouwjaar":1974,"status":"Pand in gebruik","b3_dak_type":"slanted","b3_bouwlagen":3,"b3_h_maaiveld":-0.5139999985694885,"b3_h_nok":8.21937084197998,"b3_n_nok":1,"b3_n_vlakken":4,"b3_opp_grond":61.099998474121094,"b3_opp_dak_plat":6.800000190734863,"b3_opp_dak_schuin":62.93000030517578,"b3_volume_lod22":414.83099365234375,"b3_kwaliteitsindicator":1,"b3_pw_bron":"ahn5","b3_h_goot_nap":4.57,"b3_h_nok_nap":8.37,"goothoogte":5.08,"nokhoogte":8.88},"geometry":{"type":"Polygon","coordinates":[[[172177.859,559499.25],[172176.234,559497.688],[172179.078,559494.688],[172176.734,559492.5],[172183.297,559485.5],[172187.234,559489.188],[172177.859,559499.25]]]}},{"type":"Feature","properties":{"identificatie":"NL.IMBAG.Pand.1900100010090800","oorspronkelijkbouwjaar":2022,"status":"Pand in gebruik","b3_dak_type":"horizontal","b3_h_maaiveld":-0.734000027179718,"b3_n_nok":0,"b3_n_vlakken":1,"b3_opp_grond":9.8100004196167,"b3_opp_dak_plat":9.819999694824219,"b3_opp_dak_schuin":0,"b3_volume_lod22":25.052515029907227,"b3_kwaliteitsindicator":1,"b3_pw_bron":"ahn5","b3_h_goot_nap":1.78,"b3_h_nok_nap":1.85,"goothoogte":2.51,"nokhoogte":2.58},"geometry":{"type":"Polygon","coordinates":[[[172281.063,559461.063],[172282.984,559462.875],[172280.359,559465.563],[172278.453,559463.75],[172281.063,559461.063]]]}},{"type":"Feature","properties":{"identificatie":"NL.IMBAG.Pand.0091100000006057","oorspronkelijkbouwjaar":1974,"status":"Pand in gebruik","b3_dak_type":"slanted","b3_bouwlagen":3,"b3_h_maaiveld":-0.5870000123977661,"b3_h_nok":8.19340705871582,"b3_n_nok":1,"b3_n_vlakken":3,"b3_opp_grond":60.779998779296875,"b3_opp_dak_plat":5.369999885559082,"b3_opp_dak_schuin":59.95000076293945,"b3_volume_lod22":410.3124084472656,"b3_kwaliteitsindicator":1,"b3_pw_bron":"ahn5","b3_h_goot_nap":5.16,"b3_h_nok_nap":8.36,"goothoogte":5.75,"nokhoogte":8.95},"geometry":{"type":"Polygon","coordinates":[[[172146.891,559422.875],[172146.391,559425],[172142.359,559424.063],[172141.641,559427.188],[172132.297,559425],[172133.531,559419.75],[172146.891,559422.875]]]}},{"type":"Feature","properties":{"identificatie":"NL.IMBAG.Pand.0091100000012659","oorspronkelijkbouwjaar":1975,"status":"Pand in gebruik","b3_dak_type":"slanted","b3_bouwlagen":2,"b3_h_maaiveld":-0.6899999976158142,"b3_h_nok":6.037130355834961,"b3_n_nok":2,"b3_n_vlakken":4,"b3_opp_grond":73.83999633789062,"b3_opp_dak_plat":0,"b3_opp_dak_schuin":84.55999755859375,"b3_volume_lod22":344.9068298339844,"b3_kwaliteitsindicator":1,"b3_pw_bron":"ahn5","b3_h_goot_nap":1.54,"b3_h_nok_nap":6.17,"goothoogte":2.23,"nokhoogte":6.86},"geometry":{"type":"Polygon","coordinates":[[[172248.125,559434.438],[172246.172,559432.563],[172248.328,559430.313],[172248.656,559430.625],[172251.172,559427.938],[172247.563,559424.563],[172254.016,559417.688],[172258.453,559421.875],[172252.016,559428.75],[172252.781,559429.438],[172248.125,559434.438]]]}},{"type":"Feature","properties":{"identificatie":"NL.IMBAG.Pand.0091100000019275","oorspronkelijkbouwjaar":1974,"status":"Pand in gebruik","b3_dak_type":"slanted","b3_bouwlagen":3,"b3_h_maaiveld":-0.5690000057220459,"b3_h_nok":8.196391105651855,"b3_n_nok":1,"b3_n_vlakken":3,"b3_opp_grond":59.90999984741211,"b3_opp_dak_plat":8.520000457763672,"b3_opp_dak_schuin":59.58000183105469,"b3_volume_lod22":406.4583435058594,"b3_kwaliteitsindicator":1,"b3_pw_bron":"ahn5","b3_h_goot_nap":5.08,"b3_h_nok_nap":8.4,"goothoogte":5.65,"nokhoogte":8.97},"geometry":{"type":"Polygon","coordinates":[[[172220.016,559437.625],[172218.516,559439.25],[172215.484,559436.438],[172213.297,559438.75],[172206.438,559432.313],[172210.109,559428.375],[172220.016,559437.625]]]}},{"type":"Feature","properties":{"identificatie":"NL.IMBAG.Pand.0091100000008620","oorspronkelijkbouwjaar":1974,"status":"Pand in gebruik","b3_dak_type":"slanted","b3_bouwlagen":3,"b3_h_maaiveld":-0.5590000152587891,"b3_h_nok":8.231135368347168,"b3_n_nok":1,"b3_n_vlakken":3,"b3_opp_grond":61.11000061035156,"b3_opp_dak_plat":8.600000381469727,"b3_opp_dak_schuin":61.220001220703125,"b3_volume_lod22":413.9921875,"b3_kwaliteitsindicator":1,"b3_pw_bron":"ahn5","b3_h_goot_nap":5.23,"b3_h_nok_nap":8.44,"goothoogte":5.79,"nokhoogte":9},"geometry":{"type":"Polygon","coordinates":[[[172279.813,559501],[172276.125,559504.938],[172266.078,559495.563],[172267.594,559493.938],[172270.609,559496.75],[172272.797,559494.438],[172279.813,559501]]]}},{"type":"Feature","properties":{"identificatie":"NL.IMBAG.Pand.0091100000002735","oorspronkelijkbouwjaar":1974,"status":"Pand in gebruik","b3_dak_type":"slanted","b3_bouwlagen":3,"b3_h_maaiveld":-0.597000002861023,"b3_h_nok":8.19242000579834,"b3_n_nok":1,"b3_n_vlakken":3,"b3_opp_grond":61.279998779296875,"b3_opp_dak_plat":8.899999618530273,"b3_opp_dak_schuin":60.59000015258789,"b3_volume_lod22":414.6833190917969,"b3_kwaliteitsindicator":1,"b3_pw_bron":"ahn5","b3_h_goot_nap":5.16,"b3_h_nok_nap":8.36,"goothoogte":5.75,"nokhoogte":8.95},"geometry":{"type":"Polygon","coordinates":[[[172174.172,559418.25],[172172.938,559423.5],[172163.563,559421.313],[172163.531,559421.5],[172159.484,559420.563],[172159.984,559418.375],[172164.031,559419.313],[172164.797,559416.063],[172174.172,559418.25]]]}},{"type":"Feature","properties":{"identificatie":"NL.IMBAG.Pand.0091100000009083","oorspronkelijkbouwjaar":1975,"status":"Pand in gebruik","b3_dak_type":"slanted","b3_bouwlagen":2,"b3_h_maaiveld":-0.5789999961853027,"b3_h_nok":6.088209629058838,"b3_n_nok":1,"b3_n_vlakken":4,"b3_opp_grond":64.75,"b3_opp_dak_plat":7.800000190734863,"b3_opp_dak_schuin":67.73999786376953,"b3_volume_lod22":313.9284362792969,"b3_kwaliteitsindicator":1,"b3_pw_bron":"ahn5","b3_h_goot_nap":2.74,"b3_h_nok_nap":6.23,"goothoogte":3.32,"nokhoogte":6.81},"geometry":{"type":"Polygon","coordinates":[[[172341.359,559490.563],[172341.031,559486.875],[172336.203,559487.313],[172335.391,559477.875],[172341.375,559477.375],[172342.188,559486.75],[172343.219,559486.688],[172343.547,559490.375],[172341.359,559490.563]]]}},{"type":"Feature","properties":{"identificatie":"NL.IMBAG.Pand.0091100000007258","oorspronkelijkbouwjaar":1976,"status":"Pand in gebruik","b3_dak_type":"slanted","b3_bouwlagen":3,"b3_h_maaiveld":-0.6349999904632568,"b3_h_nok":8.184599876403809,"b3_n_nok":3,"b3_n_vlakken":5,"b3_opp_grond":61.83000183105469,"b3_opp_dak_plat":9.350000381469727,"b3_opp_dak_schuin":71.58999633789062,"b3_volume_lod22":376.84722900390625,"b3_kwaliteitsindicator":1,"b3_pw_bron":"ahn5","b3_h_goot_nap":2.58,"b3_h_nok_nap":8.42,"goothoogte":3.21,"nokhoogte":9.06},"geometry":{"type":"Polygon","coordinates":[[[172286.547,559401.25],[172282.609,559397.563],[172289.063,559390.688],[172291.219,559392.688],[172294.375,559389.438],[172296.109,559391.063],[172286.547,559401.25]]]}},{"type":"Feature","properties":{"identificatie":"NL.IMBAG.Pand.0091100000014866","oorspronkelijkbouwjaar":1974,"status":"Pand in gebruik","b3_dak_type":"slanted","b3_bouwlagen":3,"b3_h_maaiveld":-0.6159999966621399,"b3_h_nok":8.198591232299805,"b3_n_nok":1,"b3_n_vlakken":3,"b3_opp_grond":60.93000030517578,"b3_opp_dak_plat":8.220000267028809,"b3_opp_dak_schuin":61.63999938964844,"b3_volume_lod22":415.4143981933594,"b3_kwaliteitsindicator":1,"b3_pw_bron":"ahn5","b3_h_goot_nap":5.16,"b3_h_nok_nap":8.33,"goothoogte":5.78,"nokhoogte":8.95},"geometry":{"type":"Polygon","coordinates":[[[172230.781,559545.688],[172229.172,559544.188],[172232,559541.125],[172229.656,559538.938],[172236.172,559531.938],[172240.141,559535.625],[172230.781,559545.688]]]}},{"type":"Feature","properties":{"identificatie":"NL.IMBAG.Pand.0091100000014594","oorspronkelijkbouwjaar":1976,"status":"Pand in gebruik","b3_dak_type":"slanted","b3_bouwlagen":3,"b3_h_maaiveld":-0.6309999823570251,"b3_h_nok":8.151673316955566,"b3_n_nok":1,"b3_n_vlakken":4,"b3_opp_grond":62.470001220703125,"b3_opp_dak_plat":11.510000228881836,"b3_opp_dak_schuin":67.41999816894531,"b3_volume_lod22":381.6094055175781,"b3_kwaliteitsindicator":1,"b3_pw_bron":"ahn5","b3_h_goot_nap":2.78,"b3_h_nok_nap":8.33,"goothoogte":3.41,"nokhoogte":8.96},"geometry":{"type":"Polygon","coordinates":[[[172338.875,559424.313],[172338.672,559421.938],[172343.203,559421.5],[172342.938,559418.5],[172352.391,559417.625],[172352.891,559423.063],[172338.875,559424.313]]]}},{"type":"Feature","properties":{"identificatie":"NL.IMBAG.Pand.0091100000003473","oorspronkelijkbouwjaar":1976,"status":"Pand in gebruik","b3_dak_type":"slanted","b3_bouwlagen":3,"b3_h_maaiveld":-0.5820000171661377,"b3_h_nok":8.216500282287598,"b3_n_nok":3,"b3_n_vlakken":5,"b3_opp_grond":62.40999984741211,"b3_opp_dak_plat":10.300000190734863,"b3_opp_dak_schuin":66.81999969482422,"b3_volume_lod22":379.4490661621094,"b3_kwaliteitsindicator":1,"b3_pw_bron":"ahn5","b3_h_goot_nap":2.8,"b3_h_nok_nap":8.39,"goothoogte":3.38,"nokhoogte":8.97},"geometry":{"type":"Polygon","coordinates":[[[172308.156,559425.688],[172304.219,559422],[172310.688,559415.063],[172312.875,559417.125],[172316,559413.75],[172317.766,559415.438],[172308.156,559425.688]]]}},{"type":"Feature","properties":{"identificatie":"NL.IMBAG.Pand.0091100000016412","oorspronkelijkbouwjaar":1974,"status":"Pand in gebruik","b3_dak_type":"slanted","b3_bouwlagen":3,"b3_h_maaiveld":-0.5180000066757202,"b3_h_nok":8.203505516052246,"b3_n_nok":1,"b3_n_vlakken":3,"b3_opp_grond":60.900001525878906,"b3_opp_dak_plat":15.380000114440918,"b3_opp_dak_schuin":59.65999984741211,"b3_volume_lod22":406.14263916015625,"b3_kwaliteitsindicator":1,"b3_pw_bron":"ahn5","b3_h_goot_nap":5.2,"b3_h_nok_nap":8.39,"goothoogte":5.72,"nokhoogte":8.91},"geometry":{"type":"Polygon","coordinates":[[[172254.266,559489.5],[172252.938,559491.25],[172249.625,559488.75],[172247.703,559491.313],[172240.047,559485.563],[172243.297,559481.25],[172254.266,559489.5]]]}},{"type":"Feature","properties":{"identificatie":"NL.IMBAG.Pand.0091100000008424","oorspronkelijkbouwjaar":1974,"status":"Pand in gebruik","b3_dak_type":"slanted","b3_bouwlagen":3,"b3_h_maaiveld":-0.5600000023841858,"b3_h_nok":8.220295906066895,"b3_n_nok":1,"b3_n_vlakken":3,"b3_opp_grond":61.56999969482422,"b3_opp_dak_plat":8.569999694824219,"b3_opp_dak_schuin":61.40999984741211,"b3_volume_lod22":418.5248718261719,"b3_kwaliteitsindicator":1,"b3_pw_bron":"ahn5","b3_h_goot_nap":5.13,"b3_h_nok_nap":8.39,"goothoogte":5.69,"nokhoogte":8.95},"geometry":{"type":"Polygon","coordinates":[[[172205.25,559453.438],[172203.734,559455.063],[172200.719,559452.188],[172198.422,559454.625],[172191.563,559448.25],[172195.375,559444.188],[172205.25,559453.438]]]}},{"type":"Feature","properties":{"identificatie":"NL.IMBAG.Pand.0091100000004211","oorspronkelijkbouwjaar":1974,"status":"Pand in gebruik","b3_dak_type":"slanted","b3_bouwlagen":3,"b3_h_maaiveld":-0.6129999756813049,"b3_h_nok":8.202112197875977,"b3_n_nok":1,"b3_n_vlakken":3,"b3_opp_grond":60.650001525878906,"b3_opp_dak_plat":16.1299991607666,"b3_opp_dak_schuin":59.150001525878906,"b3_volume_lod22":408.4120178222656,"b3_kwaliteitsindicator":1,"b3_pw_bron":"ahn5","b3_h_goot_nap":5.17,"b3_h_nok_nap":8.37,"goothoogte":5.79,"nokhoogte":8.99},"geometry":{"type":"Polygon","coordinates":[[[172175.391,559413],[172174.172,559418.25],[172164.797,559416.063],[172164.75,559416.188],[172160.703,559415.25],[172161.219,559413.063],[172165.266,559414],[172165.984,559410.875],[172175.391,559413]]]}},{"type":"Feature","properties":{"identificatie":"NL.IMBAG.Pand.0091100000010012","oorspronkelijkbouwjaar":1974,"status":"Pand in gebruik","b3_dak_type":"slanted","b3_bouwlagen":3,"b3_h_maaiveld":-0.5360000133514404,"b3_h_nok":8.202103614807129,"b3_n_nok":1,"b3_n_vlakken":3,"b3_opp_grond":60.2400016784668,"b3_opp_dak_plat":15.489999771118164,"b3_opp_dak_schuin":59.22999954223633,"b3_volume_lod22":401.7903747558594,"b3_kwaliteitsindicator":1,"b3_pw_bron":"ahn5","b3_h_goot_nap":5.2,"b3_h_nok_nap":8.37,"goothoogte":5.74,"nokhoogte":8.91},"geometry":{"type":"Polygon","coordinates":[[[172260.703,559474.063],[172264.016,559476.563],[172262.688,559478.313],[172259.375,559475.813],[172257.453,559478.375],[172249.781,559472.625],[172252.953,559468.438],[172260.703,559474.063]]]}},{"type":"Feature","properties":{"identificatie":"NL.IMBAG.Pand.0091100000007452","oorspronkelijkbouwjaar":1974,"status":"Pand in gebruik","b3_dak_type":"slanted","b3_bouwlagen":3,"b3_h_maaiveld":-0.5440000295639038,"b3_h_nok":8.233770370483398,"b3_n_nok":1,"b3_n_vlakken":5,"b3_opp_grond":73.4000015258789,"b3_opp_dak_plat":10.869999885559082,"b3_opp_dak_schuin":72.31999969482422,"b3_volume_lod22":434.4156188964844,"b3_kwaliteitsindicator":1,"b3_pw_bron":"ahn5","b3_h_goot_nap":1.55,"b3_h_nok_nap":8.36,"goothoogte":2.1,"nokhoogte":8.91},"geometry":{"type":"Polygon","coordinates":[[[172320.984,559567.875],[172321.5,559570.188],[172315.609,559571.5],[172315.578,559571.375],[172311.547,559572.313],[172312.266,559575.438],[172302.922,559577.563],[172301.766,559572.438],[172311.094,559570.313],[172311.063,559570.188],[172320.984,559567.875]]]}},{"type":"Feature","properties":{"identificatie":"NL.IMBAG.Pand.0091100000017271","oorspronkelijkbouwjaar":1974,"status":"Pand in gebruik","b3_dak_type":"slanted","b3_bouwlagen":3,"b3_h_maaiveld":-0.5400000214576721,"b3_h_nok":8.211487770080566,"b3_n_nok":1,"b3_n_vlakken":3,"b3_opp_grond":60.83000183105469,"b3_opp_dak_plat":8.130000114440918,"b3_opp_dak_schuin":60.630001068115234,"b3_volume_lod22":410.3990173339844,"b3_kwaliteitsindicator":1,"b3_pw_bron":"ahn5","b3_h_goot_nap":4.82,"b3_h_nok_nap":8.34,"goothoogte":5.36,"nokhoogte":8.88},"geometry":{"type":"Polygon","coordinates":[[[172125.5,559460.313],[172122.688,559463.375],[172121.078,559461.875],[172123.891,559458.813],[172121.547,559456.625],[172128.109,559449.625],[172132.047,559453.313],[172125.5,559460.313]]]}},{"type":"Feature","properties":{"identificatie":"NL.IMBAG.Pand.0091100000006926","oorspronkelijkbouwjaar":1974,"status":"Pand in gebruik","b3_dak_type":"slanted","b3_bouwlagen":3,"b3_h_maaiveld":-0.4359999895095825,"b3_h_nok":8.190946578979492,"b3_n_nok":1,"b3_n_vlakken":3,"b3_opp_grond":59.31999969482422,"b3_opp_dak_plat":15.800000190734863,"b3_opp_dak_schuin":57.61000061035156,"b3_volume_lod22":390.07830810546875,"b3_kwaliteitsindicator":1,"b3_pw_bron":"ahn5","b3_h_goot_nap":5.18,"b3_h_nok_nap":8.36,"goothoogte":5.62,"nokhoogte":8.79},"geometry":{"type":"Polygon","coordinates":[[[172099.641,559412.188],[172100.156,559410],[172104.203,559411],[172104.906,559407.938],[172114.234,559410.125],[172113.063,559415.188],[172103.703,559413.125],[172099.641,559412.188]]]}},{"type":"Feature","properties":{"identificatie":"NL.IMBAG.Pand.0091100000016585","oorspronkelijkbouwjaar":1974,"status":"Pand in gebruik","b3_dak_type":"slanted","b3_bouwlagen":3,"b3_h_maaiveld":-0.5580000281333923,"b3_h_nok":8.206864356994629,"b3_n_nok":1,"b3_n_vlakken":3,"b3_opp_grond":59.91999816894531,"b3_opp_dak_plat":8.430000305175781,"b3_opp_dak_schuin":60.04999923706055,"b3_volume_lod22":406.2297058105469,"b3_kwaliteitsindicator":1,"b3_pw_bron":"ahn5","b3_h_goot_nap":5.07,"b3_h_nok_nap":8.4,"goothoogte":5.63,"nokhoogte":8.96},"geometry":{"type":"Polygon","coordinates":[[[172208.938,559449.5],[172207.438,559451.063],[172204.406,559448.25],[172202.234,559450.563],[172195.375,559444.188],[172199.063,559440.188],[172208.938,559449.5]]]}},{"type":"Feature","properties":{"identificatie":"NL.IMBAG.Pand.0091100000009440","oorspronkelijkbouwjaar":1974,"status":"Pand in gebruik","b3_dak_type":"slanted","b3_bouwlagen":3,"b3_h_maaiveld":-0.45899999141693115,"b3_h_nok":8.199782371520996,"b3_n_nok":1,"b3_n_vlakken":4,"b3_opp_grond":64.51000213623047,"b3_opp_dak_plat":9.100000381469727,"b3_opp_dak_schuin":64.12999725341797,"b3_volume_lod22":430.0556335449219,"b3_kwaliteitsindicator":1,"b3_pw_bron":"ahn5","b3_h_goot_nap":5.24,"b3_h_nok_nap":8.36,"goothoogte":5.7,"nokhoogte":8.82},"geometry":{"type":"Polygon","coordinates":[[[172305.422,559588.438],[172304.141,559582.813],[172317.5,559579.75],[172318.016,559581.938],[172313.984,559582.875],[172314.781,559586.313],[172305.422,559588.438]]]}},{"type":"Feature","properties":{"identificatie":"NL.IMBAG.Pand.0091100000008640","oorspronkelijkbouwjaar":1974,"status":"Pand in gebruik","b3_dak_type":"slanted","b3_bouwlagen":3,"b3_h_maaiveld":-0.5049999952316284,"b3_h_nok":8.193232536315918,"b3_n_nok":1,"b3_n_vlakken":3,"b3_opp_grond":64.20999908447266,"b3_opp_dak_plat":8.770000457763672,"b3_opp_dak_schuin":64.16000366210938,"b3_volume_lod22":431.2561340332031,"b3_kwaliteitsindicator":1,"b3_pw_bron":"ahn5","b3_h_goot_nap":5.23,"b3_h_nok_nap":8.34,"goothoogte":5.73,"nokhoogte":8.85},"geometry":{"type":"Polygon","coordinates":[[[172263.063,559555.938],[172262.781,559553.75],[172266.875,559553.25],[172266.406,559549.688],[172275.922,559548.5],[172276.672,559554.188],[172263.063,559555.938]]]}},{"type":"Feature","properties":{"identificatie":"NL.IMBAG.Pand.0091100000008636","oorspronkelijkbouwjaar":1974,"status":"Pand in gebruik","b3_dak_type":"slanted","b3_bouwlagen":3,"b3_h_maaiveld":-0.5070000290870667,"b3_h_nok":8.225024223327637,"b3_n_nok":1,"b3_n_vlakken":3,"b3_opp_grond":71.97000122070312,"b3_opp_dak_plat":19.520000457763672,"b3_opp_dak_schuin":60.7599983215332,"b3_volume_lod22":444.43695068359375,"b3_kwaliteitsindicator":1,"b3_pw_bron":"ahn5","b3_h_goot_nap":2.54,"b3_h_nok_nap":8.43,"goothoogte":3.05,"nokhoogte":8.93},"geometry":{"type":"Polygon","coordinates":[[[172269.781,559491.625],[172271.281,559490],[172271.828,559490.5],[172274,559488.188],[172276.484,559490.5],[172283.516,559497.063],[172279.813,559501],[172269.781,559491.625]]]}},{"type":"Feature","properties":{"identificatie":"NL.IMBAG.Pand.0091100000009708","oorspronkelijkbouwjaar":1972,"status":"Pand in gebruik","b3_dak_type":"slanted","b3_h_maaiveld":-0.4429999887943268,"b3_n_nok":0,"b3_n_vlakken":1,"b3_opp_grond":9.989999771118164,"b3_opp_dak_plat":0,"b3_opp_dak_schuin":10.149999618530273,"b3_volume_lod22":24.162511825561523,"b3_kwaliteitsindicator":1,"b3_pw_bron":"ahn5","b3_h_goot_nap":1.64,"b3_h_nok_nap":2.25,"goothoogte":2.08,"nokhoogte":2.69},"geometry":{"type":"Polygon","coordinates":[[[172262.297,559585.313],[172263.656,559583.313],[172265.234,559583.125],[172265.656,559586.75],[172262.5,559587.125],[172262.297,559585.313]]]}},{"type":"Feature","properties":{"identificatie":"NL.IMBAG.Pand.0091100000006597","oorspronkelijkbouwjaar":1975,"status":"Pand in gebruik","b3_dak_type":"slanted","b3_bouwlagen":2,"b3_h_maaiveld":-0.6510000228881836,"b3_h_nok":6.021165370941162,"b3_n_nok":1,"b3_n_vlakken":4,"b3_opp_grond":68.2300033569336,"b3_opp_dak_plat":5.769999980926514,"b3_opp_dak_schuin":74.08000183105469,"b3_volume_lod22":335.2081298828125,"b3_kwaliteitsindicator":1,"b3_pw_bron":"ahn5","b3_h_goot_nap":2.27,"b3_h_nok_nap":6.22,"goothoogte":2.92,"nokhoogte":6.87},"geometry":{"type":"Polygon","coordinates":[[[172259.078,559444.625],[172257.453,559443.125],[172259.984,559440.438],[172256.25,559436.938],[172262.766,559430],[172267.359,559434.313],[172260.859,559441.25],[172261.625,559441.938],[172259.078,559444.625]]]}},{"type":"Feature","properties":{"identificatie":"NL.IMBAG.Pand.0091100000007339","oorspronkelijkbouwjaar":1974,"status":"Pand in gebruik","b3_dak_type":"slanted","b3_bouwlagen":3,"b3_h_maaiveld":-0.40400001406669617,"b3_h_nok":8.20299243927002,"b3_n_nok":1,"b3_n_vlakken":4,"b3_opp_grond":62.290000915527344,"b3_opp_dak_plat":15.949999809265137,"b3_opp_dak_schuin":60.84000015258789,"b3_volume_lod22":409.1282958984375,"b3_kwaliteitsindicator":1,"b3_pw_bron":"ahn5","b3_h_goot_nap":5.33,"b3_h_nok_nap":8.37,"goothoogte":5.73,"nokhoogte":8.77},"geometry":{"type":"Polygon","coordinates":[[[172308.672,559559.813],[172299.344,559561.938],[172298.094,559556.5],[172311.438,559553.438],[172311.938,559555.625],[172307.922,559556.5],[172308.672,559559.813]]]}},{"type":"Feature","properties":{"identificatie":"NL.IMBAG.Pand.0091100000018247","oorspronkelijkbouwjaar":1974,"status":"Pand in gebruik","b3_dak_type":"slanted","b3_bouwlagen":3,"b3_h_maaiveld":-0.6200000047683716,"b3_h_nok":8.20245361328125,"b3_n_nok":1,"b3_n_vlakken":3,"b3_opp_grond":60.560001373291016,"b3_opp_dak_plat":15.010000228881836,"b3_opp_dak_schuin":59.689998626708984,"b3_volume_lod22":409.9093322753906,"b3_kwaliteitsindicator":1,"b3_pw_bron":"ahn5","b3_h_goot_nap":5.25,"b3_h_nok_nap":8.36,"goothoogte":5.87,"nokhoogte":8.98},"geometry":{"type":"Polygon","coordinates":[[[172147.719,559400.875],[172151.75,559401.813],[172151.25,559404],[172147.219,559403],[172146.5,559406.125],[172137.172,559404.125],[172138.406,559398.875],[172147.719,559400.875]]]}},{"type":"Feature","properties":{"identificatie":"NL.IMBAG.Pand.0091100000018282","oorspronkelijkbouwjaar":1974,"status":"Pand in gebruik","b3_dak_type":"slanted","b3_bouwlagen":3,"b3_h_maaiveld":-0.5799999833106995,"b3_h_nok":8.23019790649414,"b3_n_nok":1,"b3_n_vlakken":3,"b3_opp_grond":61.150001525878906,"b3_opp_dak_plat":8.25,"b3_opp_dak_schuin":61.33000183105469,"b3_volume_lod22":415.25421142578125,"b3_kwaliteitsindicator":1,"b3_pw_bron":"ahn5","b3_h_goot_nap":4.95,"b3_h_nok_nap":8.4,"goothoogte":5.53,"nokhoogte":8.98},"geometry":{"type":"Polygon","coordinates":[[[172140.656,559480.438],[172143.547,559477.25],[172141.266,559475.125],[172147.813,559468.125],[172151.75,559471.813],[172145.188,559478.813],[172142.313,559481.938],[172140.656,559480.438]]]}},{"type":"Feature","properties":{"identificatie":"NL.IMBAG.Pand.0091100000006395","oorspronkelijkbouwjaar":1975,"status":"Pand in gebruik","b3_dak_type":"slanted","b3_bouwlagen":2,"b3_h_maaiveld":-0.5590000152587891,"b3_h_nok":6.0258259773254395,"b3_n_nok":1,"b3_n_vlakken":4,"b3_opp_grond":65.7300033569336,"b3_opp_dak_plat":5.449999809265137,"b3_opp_dak_schuin":71.62999725341797,"b3_volume_lod22":317.2204284667969,"b3_kwaliteitsindicator":1,"b3_pw_bron":"ahn5","b3_h_goot_nap":2.21,"b3_h_nok_nap":6.19,"goothoogte":2.77,"nokhoogte":6.74},"geometry":{"type":"Polygon","coordinates":[[[172232.484,559415.5],[172230.875,559413.938],[172233.391,559411.25],[172229.781,559407.875],[172236.234,559401],[172240.688,559405.188],[172234.234,559412.063],[172235,559412.813],[172232.484,559415.5]]]}},{"type":"Feature","properties":{"identificatie":"NL.IMBAG.Pand.0091100000002739","oorspronkelijkbouwjaar":1974,"status":"Pand in gebruik","b3_dak_type":"slanted","b3_bouwlagen":3,"b3_h_maaiveld":-0.5379999876022339,"b3_h_nok":8.205078125,"b3_n_nok":1,"b3_n_vlakken":3,"b3_opp_grond":61.11000061035156,"b3_opp_dak_plat":8.510000228881836,"b3_opp_dak_schuin":61,"b3_volume_lod22":412.0827331542969,"b3_kwaliteitsindicator":1,"b3_pw_bron":"ahn5","b3_h_goot_nap":5.18,"b3_h_nok_nap":8.36,"goothoogte":5.72,"nokhoogte":8.89},"geometry":{"type":"Polygon","coordinates":[[[172164.391,559486.688],[172167.219,559483.625],[172164.875,559481.438],[172171.438,559474.438],[172175.391,559478.125],[172166,559488.188],[172164.391,559486.688]]]}},{"type":"Feature","properties":{"identificatie":"NL.IMBAG.Pand.0091100000012950","oorspronkelijkbouwjaar":1975,"status":"Pand in gebruik","b3_dak_type":"slanted","b3_bouwlagen":2,"b3_h_maaiveld":-0.5630000233650208,"b3_h_nok":6.041202068328857,"b3_n_nok":1,"b3_n_vlakken":3,"b3_opp_grond":65.91000366210938,"b3_opp_dak_plat":5.559999942779541,"b3_opp_dak_schuin":70.87999725341797,"b3_volume_lod22":319.1813049316406,"b3_kwaliteitsindicator":1,"b3_pw_bron":"ahn5","b3_h_goot_nap":2.23,"b3_h_nok_nap":6.18,"goothoogte":2.79,"nokhoogte":6.74},"geometry":{"type":"Polygon","coordinates":[[[172215.016,559403.25],[172213.391,559401.75],[172215.922,559399.063],[172212.313,559395.688],[172218.766,559388.75],[172223.234,559392.938],[172216.781,559399.875],[172217.547,559400.563],[172215.016,559403.25]]]}},{"type":"Feature","properties":{"identificatie":"NL.IMBAG.Pand.0091100000014156","oorspronkelijkbouwjaar":1976,"status":"Pand in gebruik","b3_dak_type":"slanted","b3_bouwlagen":3,"b3_h_maaiveld":-0.5920000076293945,"b3_h_nok":8.177128791809082,"b3_n_nok":1,"b3_n_vlakken":4,"b3_opp_grond":62.560001373291016,"b3_opp_dak_plat":9.510000228881836,"b3_opp_dak_schuin":70.30000305175781,"b3_volume_lod22":383.57330322265625,"b3_kwaliteitsindicator":1,"b3_pw_bron":"ahn5","b3_h_goot_nap":3.02,"b3_h_nok_nap":8.45,"goothoogte":3.61,"nokhoogte":9.04},"geometry":{"type":"Polygon","coordinates":[[[172321.594,559395.25],[172318.438,559398.563],[172316.688,559396.875],[172319.844,559393.625],[172317.594,559391.438],[172324.078,559384.688],[172328,559388.375],[172321.594,559395.25]]]}},{"type":"Feature","properties":{"identificatie":"NL.IMBAG.Pand.0091100000014255","oorspronkelijkbouwjaar":1974,"status":"Pand in gebruik","b3_dak_type":"slanted","b3_bouwlagen":3,"b3_h_maaiveld":-0.574999988079071,"b3_h_nok":8.20652961730957,"b3_n_nok":1,"b3_n_vlakken":3,"b3_opp_grond":62.0099983215332,"b3_opp_dak_plat":8.170000076293945,"b3_opp_dak_schuin":62.59000015258789,"b3_volume_lod22":418.9847106933594,"b3_kwaliteitsindicator":1,"b3_pw_bron":"ahn5","b3_h_goot_nap":3.24,"b3_h_nok_nap":8.32,"goothoogte":3.81,"nokhoogte":8.9},"geometry":{"type":"Polygon","coordinates":[[[172169.219,559439.375],[172167.969,559444.75],[172154.563,559441.625],[172155.078,559439.438],[172159.125,559440.375],[172159.844,559437.25],[172169.219,559439.375]]]}},{"type":"Feature","properties":{"identificatie":"NL.IMBAG.Pand.1900100010090815","oorspronkelijkbouwjaar":2022,"status":"Pand in gebruik","b3_dak_type":"slanted","b3_h_maaiveld":-0.460999995470047,"b3_n_nok":0,"b3_n_vlakken":1,"b3_opp_grond":5.730000019073486,"b3_opp_dak_plat":0,"b3_opp_dak_schuin":8.609999656677246,"b3_volume_lod22":9.668268203735352,"b3_kwaliteitsindicator":1,"b3_pw_bron":"ahn5","b3_h_goot_nap":-0.38,"b3_h_nok_nap":2.42,"goothoogte":0.08,"nokhoogte":2.88},"geometry":{"type":"Polygon","coordinates":[[[172181.797,559502.875],[172180.188,559504.625],[172178.406,559502.938],[172180.016,559501.25],[172181.797,559502.875]]]}},{"type":"Feature","properties":{"identificatie":"NL.IMBAG.Pand.0091100000012922","oorspronkelijkbouwjaar":1975,"status":"Pand in gebruik","b3_dak_type":"slanted","b3_bouwlagen":2,"b3_h_maaiveld":-0.6980000138282776,"b3_h_nok":6.135297775268555,"b3_n_nok":1,"b3_n_vlakken":4,"b3_opp_grond":72.13999938964844,"b3_opp_dak_plat":8.270000457763672,"b3_opp_dak_schuin":73,"b3_volume_lod22":354.0962219238281,"b3_kwaliteitsindicator":1,"b3_pw_bron":"ahn4","b3_h_goot_nap":2.35,"b3_h_nok_nap":6.35,"goothoogte":3.04,"nokhoogte":7.05},"geometry":{"type":"Polygon","coordinates":[[[172204.078,559396.75],[172202.672,559395.438],[172204.578,559393.438],[172204.516,559393.375],[172207.016,559390.688],[172203.328,559387.25],[172209.781,559380.375],[172214.313,559384.625],[172207.875,559391.5],[172208.641,559392.188],[172206.125,559394.938],[172205.969,559394.75],[172204.078,559396.75]]]}},{"type":"Feature","properties":{"identificatie":"NL.IMBAG.Pand.0091100000008428","oorspronkelijkbouwjaar":1974,"status":"Pand in gebruik","b3_dak_type":"slanted","b3_bouwlagen":3,"b3_h_maaiveld":-0.5580000281333923,"b3_h_nok":8.206389427185059,"b3_n_nok":1,"b3_n_vlakken":3,"b3_opp_grond":64.69000244140625,"b3_opp_dak_plat":8.369999885559082,"b3_opp_dak_schuin":65.44000244140625,"b3_volume_lod22":440.1470642089844,"b3_kwaliteitsindicator":1,"b3_pw_bron":"ahn5","b3_h_goot_nap":5.12,"b3_h_nok_nap":8.4,"goothoogte":5.68,"nokhoogte":8.96},"geometry":{"type":"Polygon","coordinates":[[[172193.766,559514],[172192.172,559512.5],[172195,559509.5],[172192.328,559507],[172198.828,559500],[172203.094,559503.938],[172193.766,559514]]]}},{"type":"Feature","properties":{"identificatie":"NL.IMBAG.Pand.0091100000014225","oorspronkelijkbouwjaar":1974,"status":"Pand in gebruik","b3_dak_type":"slanted","b3_bouwlagen":3,"b3_h_maaiveld":-0.6370000243186951,"b3_h_nok":8.189881324768066,"b3_n_nok":1,"b3_n_vlakken":3,"b3_opp_grond":61.209999084472656,"b3_opp_dak_plat":9.739999771118164,"b3_opp_dak_schuin":60.22999954223633,"b3_volume_lod22":415.6012878417969,"b3_kwaliteitsindicator":1,"b3_pw_bron":"ahn5","b3_h_goot_nap":5.14,"b3_h_nok_nap":8.34,"goothoogte":5.78,"nokhoogte":8.98},"geometry":{"type":"Polygon","coordinates":[[[172177.859,559402.5],[172176.625,559407.75],[172167.219,559405.625],[172163.172,559404.688],[172163.672,559402.563],[172167.719,559403.5],[172168.453,559400.375],[172177.859,559402.5]]]}},{"type":"Feature","properties":{"identificatie":"NL.IMBAG.Pand.0091100000006430","oorspronkelijkbouwjaar":1974,"status":"Pand in gebruik","b3_dak_type":"slanted","b3_bouwlagen":3,"b3_h_maaiveld":-0.6320000290870667,"b3_h_nok":8.257582664489746,"b3_n_nok":1,"b3_n_vlakken":5,"b3_opp_grond":84.31999969482422,"b3_opp_dak_plat":21.3700008392334,"b3_opp_dak_schuin":72.87000274658203,"b3_volume_lod22":484.614501953125,"b3_kwaliteitsindicator":1,"b3_pw_bron":"ahn5","b3_h_goot_nap":2.37,"b3_h_nok_nap":8.42,"goothoogte":3.01,"nokhoogte":9.05},"geometry":{"type":"Polygon","coordinates":[[[172200.141,559458.875],[172200.047,559459],[172200.219,559459.125],[172198.016,559461.5],[172194.828,559458.5],[172194.719,559458.625],[172187.875,559452.188],[172191.563,559448.25],[172198.422,559454.625],[172198.531,559454.563],[172201.547,559457.375],[172201.359,559457.563],[172204.594,559460.563],[172202.156,559463.313],[172201.156,559462.438],[172202.438,559461],[172200.141,559458.875]]]}},{"type":"Feature","properties":{"identificatie":"NL.IMBAG.Pand.0091100000006473","oorspronkelijkbouwjaar":1975,"status":"Pand in gebruik","b3_dak_type":"slanted","b3_bouwlagen":2,"b3_h_maaiveld":-0.6589999794960022,"b3_h_nok":6.016613960266113,"b3_n_nok":1,"b3_n_vlakken":4,"b3_opp_grond":66.5999984741211,"b3_opp_dak_plat":5.710000038146973,"b3_opp_dak_schuin":72.11000061035156,"b3_volume_lod22":327.5193176269531,"b3_kwaliteitsindicator":1,"b3_pw_bron":"ahn5","b3_h_goot_nap":2.18,"b3_h_nok_nap":6.2,"goothoogte":2.84,"nokhoogte":6.86},"geometry":{"type":"Polygon","coordinates":[[[172263.563,559448.875],[172261.922,559447.313],[172264.469,559444.625],[172260.859,559441.25],[172267.359,559434.313],[172271.828,559438.5],[172265.328,559445.438],[172266.094,559446.125],[172263.563,559448.875]]]}},{"type":"Feature","properties":{"identificatie":"NL.IMBAG.Pand.0091100000008423","oorspronkelijkbouwjaar":1974,"status":"Pand in gebruik","b3_dak_type":"slanted","b3_bouwlagen":3,"b3_h_maaiveld":-0.593999981880188,"b3_h_nok":8.200491905212402,"b3_n_nok":1,"b3_n_vlakken":4,"b3_opp_grond":60.83000183105469,"b3_opp_dak_plat":8.4399995803833,"b3_opp_dak_schuin":61.04999923706055,"b3_volume_lod22":412.83642578125,"b3_kwaliteitsindicator":1,"b3_pw_bron":"ahn5","b3_h_goot_nap":5.16,"b3_h_nok_nap":8.34,"goothoogte":5.75,"nokhoogte":8.93},"geometry":{"type":"Polygon","coordinates":[[[172218.922,559534.625],[172217.313,559533.125],[172220.125,559530.125],[172217.781,559527.938],[172224.313,559520.938],[172228.266,559524.563],[172218.922,559534.625]]]}},{"type":"Feature","properties":{"identificatie":"NL.IMBAG.Pand.0091100000006605","oorspronkelijkbouwjaar":1974,"status":"Pand in gebruik","b3_dak_type":"slanted","b3_bouwlagen":3,"b3_h_maaiveld":-0.453000009059906,"b3_h_nok":8.193284034729004,"b3_n_nok":1,"b3_n_vlakken":3,"b3_opp_grond":60.959999084472656,"b3_opp_dak_plat":8.420000076293945,"b3_opp_dak_schuin":60.83000183105469,"b3_volume_lod22":405.6126708984375,"b3_kwaliteitsindicator":1,"b3_pw_bron":"ahn5","b3_h_goot_nap":5.23,"b3_h_nok_nap":8.34,"goothoogte":5.68,"nokhoogte":8.79},"geometry":{"type":"Polygon","coordinates":[[[172264.484,559566.688],[172264.188,559564.5],[172268.297,559563.938],[172267.875,559560.813],[172277.375,559559.563],[172278.094,559564.875],[172264.484,559566.688]]]}},{"type":"Feature","properties":{"identificatie":"NL.IMBAG.Pand.0091100000003914","oorspronkelijkbouwjaar":1974,"status":"Pand in gebruik","b3_dak_type":"slanted","b3_bouwlagen":3,"b3_h_maaiveld":-0.48899999260902405,"b3_h_nok":8.208416938781738,"b3_n_nok":1,"b3_n_vlakken":3,"b3_opp_grond":61.11000061035156,"b3_opp_dak_plat":0,"b3_opp_dak_schuin":69.62999725341797,"b3_volume_lod22":411.6502685546875,"b3_kwaliteitsindicator":1,"b3_pw_bron":"ahn5","b3_h_goot_nap":4.17,"b3_h_nok_nap":8.35,"goothoogte":4.66,"nokhoogte":8.84},"geometry":{"type":"Polygon","coordinates":[[[172117.969,559394.125],[172116.734,559399.375],[172107.375,559397.375],[172103.328,559396.375],[172103.844,559394.25],[172107.875,559395.188],[172108.594,559392.063],[172117.969,559394.125]]]}},{"type":"Feature","properties":{"identificatie":"NL.IMBAG.Pand.0091100000007436","oorspronkelijkbouwjaar":1974,"status":"Pand in gebruik","b3_dak_type":"slanted","b3_bouwlagen":3,"b3_h_maaiveld":-0.46299999952316284,"b3_h_nok":8.214405059814453,"b3_n_nok":1,"b3_n_vlakken":5,"b3_opp_grond":66.44000244140625,"b3_opp_dak_plat":14.420000076293945,"b3_opp_dak_schuin":59.91999816894531,"b3_volume_lod22":416.2548828125,"b3_kwaliteitsindicator":1,"b3_pw_bron":"ahn5","b3_h_goot_nap":5.27,"b3_h_nok_nap":8.35,"goothoogte":5.73,"nokhoogte":8.81},"geometry":{"type":"Polygon","coordinates":[[[172311.094,559570.313],[172301.766,559572.438],[172300.547,559567.188],[172309.875,559565.063],[172309.844,559564.938],[172313.875,559564],[172313.922,559564.188],[172316.734,559563.563],[172317.156,559565.5],[172310.344,559567.063],[172311.094,559570.313]]]}},{"type":"Feature","properties":{"identificatie":"NL.IMBAG.Pand.1900100010090817","oorspronkelijkbouwjaar":2022,"status":"Pand in gebruik","b3_dak_type":"slanted","b3_h_maaiveld":-0.5199999809265137,"b3_h_nok":2.2744710445404053,"b3_n_nok":1,"b3_n_vlakken":2,"b3_opp_grond":10.359999656677246,"b3_opp_dak_plat":0,"b3_opp_dak_schuin":12.0600004196167,"b3_volume_lod22":24.941503524780273,"b3_kwaliteitsindicator":1,"b3_pw_bron":"ahn5","b3_h_goot_nap":1.42,"b3_h_nok_nap":2.49,"goothoogte":1.94,"nokhoogte":3.01},"geometry":{"type":"Polygon","coordinates":[[[172316.344,559574.75],[172320.094,559573.875],[172320.688,559576.5],[172316.953,559577.375],[172316.344,559574.75]]]}},{"type":"Feature","properties":{"identificatie":"NL.IMBAG.Pand.0091100000012910","oorspronkelijkbouwjaar":1974,"status":"Pand in gebruik","b3_dak_type":"slanted","b3_bouwlagen":3,"b3_h_maaiveld":-0.4860000014305115,"b3_h_nok":8.221288681030273,"b3_n_nok":1,"b3_n_vlakken":4,"b3_opp_grond":61.22999954223633,"b3_opp_dak_plat":7.349999904632568,"b3_opp_dak_schuin":63.279998779296875,"b3_volume_lod22":412.59967041015625,"b3_kwaliteitsindicator":1,"b3_pw_bron":"ahn5","b3_h_goot_nap":4.79,"b3_h_nok_nap":8.36,"goothoogte":5.27,"nokhoogte":8.84},"geometry":{"type":"Polygon","coordinates":[[[172209.641,559528.75],[172208,559527.188],[172210.828,559524.188],[172208.484,559522],[172215,559515],[172218.969,559518.688],[172209.641,559528.75]]]}},{"type":"Feature","properties":{"identificatie":"NL.IMBAG.Pand.0091100000009692","oorspronkelijkbouwjaar":1977,"status":"Pand in gebruik","b3_dak_type":"slanted","b3_h_maaiveld":-0.7960000038146973,"b3_n_nok":0,"b3_n_vlakken":2,"b3_opp_grond":22.850000381469727,"b3_opp_dak_plat":0,"b3_opp_dak_schuin":22.899999618530273,"b3_volume_lod22":64.58609771728516,"b3_kwaliteitsindicator":1,"b3_pw_bron":"ahn5","b3_h_goot_nap":1.91,"b3_h_nok_nap":2.18,"goothoogte":2.7,"nokhoogte":2.98},"geometry":{"type":"Polygon","coordinates":[[[172327.672,559408.75],[172325,559411.563],[172320.734,559407.438],[172323.406,559404.688],[172327.672,559408.75]]]}},{"type":"Feature","properties":{"identificatie":"NL.IMBAG.Pand.0091100000007222","oorspronkelijkbouwjaar":1974,"status":"Pand in gebruik","b3_dak_type":"slanted","b3_bouwlagen":3,"b3_h_maaiveld":-0.43299999833106995,"b3_h_nok":8.206497192382812,"b3_n_nok":1,"b3_n_vlakken":3,"b3_opp_grond":60.63999938964844,"b3_opp_dak_plat":14.069999694824219,"b3_opp_dak_schuin":59.38999938964844,"b3_volume_lod22":399.541015625,"b3_kwaliteitsindicator":1,"b3_pw_bron":"ahn5","b3_h_goot_nap":5.33,"b3_h_nok_nap":8.36,"goothoogte":5.76,"nokhoogte":8.79},"geometry":{"type":"Polygon","coordinates":[[[172307.422,559554.375],[172298.094,559556.5],[172296.891,559551.25],[172310.234,559548.188],[172310.734,559550.313],[172306.703,559551.25],[172307.422,559554.375]]]}},{"type":"Feature","properties":{"identificatie":"NL.IMBAG.Pand.0091100000006518","oorspronkelijkbouwjaar":1974,"status":"Pand in gebruik","b3_dak_type":"slanted","b3_bouwlagen":3,"b3_h_maaiveld":-0.5099999904632568,"b3_h_nok":8.216111183166504,"b3_n_nok":1,"b3_n_vlakken":4,"b3_opp_grond":61.060001373291016,"b3_opp_dak_plat":9.180000305175781,"b3_opp_dak_schuin":60.130001068115234,"b3_volume_lod22":409.1629943847656,"b3_kwaliteitsindicator":1,"b3_pw_bron":"ahn5","b3_h_goot_nap":5.23,"b3_h_nok_nap":8.42,"goothoogte":5.74,"nokhoogte":8.93},"geometry":{"type":"Polygon","coordinates":[[[172265.156,559516.688],[172261.453,559520.625],[172254.453,559514.063],[172254.328,559514.188],[172251.297,559511.313],[172252.813,559509.688],[172255.844,559512.563],[172258.141,559510.063],[172265.156,559516.688]]]}},{"type":"Feature","properties":{"identificatie":"NL.IMBAG.Pand.1900100010090901","oorspronkelijkbouwjaar":2022,"status":"Pand in gebruik","b3_dak_type":"slanted","b3_h_maaiveld":-0.8859999775886536,"b3_n_nok":0,"b3_n_vlakken":1,"b3_opp_grond":5.590000152587891,"b3_opp_dak_plat":0,"b3_opp_dak_schuin":5.670000076293945,"b3_volume_lod22":13.109968185424805,"b3_kwaliteitsindicator":1,"b3_pw_bron":"ahn5","b3_h_goot_nap":1.19,"b3_h_nok_nap":1.72,"goothoogte":2.07,"nokhoogte":2.6},"geometry":{"type":"Polygon","coordinates":[[[172299.969,559394.688],[172298.219,559393],[172299.797,559391.313],[172301.563,559393],[172299.969,559394.688]]]}},{"type":"Feature","properties":{"identificatie":"NL.IMBAG.Pand.0091100000006326","oorspronkelijkbouwjaar":1974,"status":"Pand in gebruik","b3_dak_type":"slanted","b3_bouwlagen":3,"b3_h_maaiveld":-0.5440000295639038,"b3_h_nok":8.211260795593262,"b3_n_nok":1,"b3_n_vlakken":3,"b3_opp_grond":59.9900016784668,"b3_opp_dak_plat":8.710000038146973,"b3_opp_dak_schuin":59.630001068115234,"b3_volume_lod22":405.0346984863281,"b3_kwaliteitsindicator":1,"b3_pw_bron":"ahn5","b3_h_goot_nap":5.28,"b3_h_nok_nap":8.41,"goothoogte":5.83,"nokhoogte":8.95},"geometry":{"type":"Polygon","coordinates":[[[172212.641,559445.563],[172211.125,559447.125],[172208.109,559444.313],[172205.922,559446.625],[172199.063,559440.188],[172202.75,559436.25],[172212.641,559445.563]]]}},{"type":"Feature","properties":{"identificatie":"NL.IMBAG.Pand.0091100000008556","oorspronkelijkbouwjaar":1976,"status":"Pand in gebruik","b3_dak_type":"slanted","b3_bouwlagen":3,"b3_h_maaiveld":-0.6850000023841858,"b3_h_nok":8.186148643493652,"b3_n_nok":3,"b3_n_vlakken":5,"b3_opp_grond":61.93000030517578,"b3_opp_dak_plat":10.720000267028809,"b3_opp_dak_schuin":70.02999877929688,"b3_volume_lod22":383.48016357421875,"b3_kwaliteitsindicator":1,"b3_pw_bron":"ahn5","b3_h_goot_nap":2.77,"b3_h_nok_nap":8.43,"goothoogte":3.46,"nokhoogte":9.12},"geometry":{"type":"Polygon","coordinates":[[[172282.609,559397.563],[172278.656,559393.875],[172285.094,559387],[172287.313,559389.063],[172290.438,559385.75],[172292.188,559387.375],[172282.609,559397.563]]]}},{"type":"Feature","properties":{"identificatie":"NL.IMBAG.Pand.0091100000006966","oorspronkelijkbouwjaar":1974,"status":"Pand in gebruik","b3_dak_type":"slanted","b3_bouwlagen":3,"b3_h_maaiveld":-0.578000009059906,"b3_h_nok":8.219724655151367,"b3_n_nok":1,"b3_n_vlakken":3,"b3_opp_grond":60.16999816894531,"b3_opp_dak_plat":7.929999828338623,"b3_opp_dak_schuin":60.560001373291016,"b3_volume_lod22":410.2624206542969,"b3_kwaliteitsindicator":1,"b3_pw_bron":"ahn5","b3_h_goot_nap":5.18,"b3_h_nok_nap":8.37,"goothoogte":5.75,"nokhoogte":8.95},"geometry":{"type":"Polygon","coordinates":[[[172121.547,559456.625],[172118.75,559459.688],[172116.266,559462.5],[172114.625,559461],[172117.141,559458.188],[172119.938,559455.125],[172117.609,559452.938],[172124.172,559445.938],[172128.109,559449.625],[172121.547,559456.625]]]}},{"type":"Feature","properties":{"identificatie":"NL.IMBAG.Pand.0091100000014768","oorspronkelijkbouwjaar":1974,"status":"Pand in gebruik","b3_dak_type":"slanted","b3_bouwlagen":3,"b3_h_maaiveld":-0.6129999756813049,"b3_h_nok":8.204265594482422,"b3_n_nok":1,"b3_n_vlakken":3,"b3_opp_grond":60.959999084472656,"b3_opp_dak_plat":8.010000228881836,"b3_opp_dak_schuin":61.38999938964844,"b3_volume_lod22":415.99383544921875,"b3_kwaliteitsindicator":1,"b3_pw_bron":"ahn5","b3_h_goot_nap":4.96,"b3_h_nok_nap":8.36,"goothoogte":5.57,"nokhoogte":8.97},"geometry":{"type":"Polygon","coordinates":[[[172222.875,559538.313],[172221.266,559536.813],[172224.078,559533.75],[172221.734,559531.625],[172228.266,559524.563],[172232.219,559528.25],[172222.875,559538.313]]]}},{"type":"Feature","properties":{"identificatie":"NL.IMBAG.Pand.0091100000005977","oorspronkelijkbouwjaar":1976,"status":"Pand in gebruik","b3_dak_type":"slanted","b3_bouwlagen":3,"b3_h_maaiveld":-0.6000000238418579,"b3_h_nok":8.20520305633545,"b3_n_nok":1,"b3_n_vlakken":4,"b3_opp_grond":61.9900016784668,"b3_opp_dak_plat":9.539999961853027,"b3_opp_dak_schuin":67.30999755859375,"b3_volume_lod22":377.9880676269531,"b3_kwaliteitsindicator":1,"b3_pw_bron":"ahn5","b3_h_goot_nap":3.01,"b3_h_nok_nap":8.42,"goothoogte":3.61,"nokhoogte":9.02},"geometry":{"type":"Polygon","coordinates":[[[172325.5,559399],[172322.328,559402.313],[172320.594,559400.625],[172323.75,559397.375],[172321.594,559395.25],[172328,559388.375],[172331.922,559392.125],[172325.5,559399]]]}},{"type":"Feature","properties":{"identificatie":"NL.IMBAG.Pand.0091100000007335","oorspronkelijkbouwjaar":1975,"status":"Pand in gebruik","b3_dak_type":"slanted","b3_bouwlagen":2,"b3_h_maaiveld":-0.6370000243186951,"b3_h_nok":6.052051544189453,"b3_n_nok":1,"b3_n_vlakken":3,"b3_opp_grond":67.02999877929688,"b3_opp_dak_plat":7.519999980926514,"b3_opp_dak_schuin":70.7300033569336,"b3_volume_lod22":329.91168212890625,"b3_kwaliteitsindicator":1,"b3_pw_bron":"ahn5","b3_h_goot_nap":2.61,"b3_h_nok_nap":6.26,"goothoogte":3.25,"nokhoogte":6.89},"geometry":{"type":"Polygon","coordinates":[[[172294.391,559473.563],[172292.781,559472],[172295.297,559469.313],[172291.703,559465.938],[172298.156,559459.063],[172302.703,559463.375],[172296.375,559470.125],[172297.031,559470.75],[172294.391,559473.563]]]}},{"type":"Feature","properties":{"identificatie":"NL.IMBAG.Pand.0091100000006383","oorspronkelijkbouwjaar":1975,"status":"Pand in gebruik","b3_dak_type":"slanted","b3_bouwlagen":2,"b3_h_maaiveld":-0.6029999852180481,"b3_h_nok":6.028601169586182,"b3_n_nok":1,"b3_n_vlakken":4,"b3_opp_grond":65.38999938964844,"b3_opp_dak_plat":5.429999828338623,"b3_opp_dak_schuin":70.54000091552734,"b3_volume_lod22":318.5248107910156,"b3_kwaliteitsindicator":1,"b3_pw_bron":"ahn5","b3_h_goot_nap":2.19,"b3_h_nok_nap":6.19,"goothoogte":2.8,"nokhoogte":6.8},"geometry":{"type":"Polygon","coordinates":[[[172245.813,559427.938],[172244.219,559426.438],[172246.734,559423.75],[172243.141,559420.375],[172249.563,559413.5],[172254.016,559417.688],[172247.563,559424.563],[172248.328,559425.313],[172245.813,559427.938]]]}},{"type":"Feature","properties":{"identificatie":"NL.IMBAG.Pand.0091100000004230","oorspronkelijkbouwjaar":1974,"status":"Pand in gebruik","b3_dak_type":"slanted","b3_bouwlagen":3,"b3_h_maaiveld":-0.5809999704360962,"b3_h_nok":8.209842681884766,"b3_n_nok":1,"b3_n_vlakken":4,"b3_opp_grond":62.040000915527344,"b3_opp_dak_plat":7.340000152587891,"b3_opp_dak_schuin":64.22000122070312,"b3_volume_lod22":422.8804931640625,"b3_kwaliteitsindicator":1,"b3_pw_bron":"ahn5","b3_h_goot_nap":4.85,"b3_h_nok_nap":8.4,"goothoogte":5.43,"nokhoogte":8.98},"geometry":{"type":"Polygon","coordinates":[[[172214.969,559531],[172213.344,559529.438],[172216.172,559526.438],[172213.813,559524.25],[172218.969,559518.688],[172218.703,559518.438],[172220.063,559516.938],[172224.313,559520.938],[172214.969,559531]]]}},{"type":"Feature","properties":{"identificatie":"NL.IMBAG.Pand.0091100000014350","oorspronkelijkbouwjaar":1974,"status":"Pand in gebruik","b3_dak_type":"slanted","b3_bouwlagen":3,"b3_h_maaiveld":-0.6399999856948853,"b3_h_nok":8.20074462890625,"b3_n_nok":1,"b3_n_vlakken":3,"b3_opp_grond":61.2400016784668,"b3_opp_dak_plat":6.900000095367432,"b3_opp_dak_schuin":62.88999938964844,"b3_volume_lod22":420.62554931640625,"b3_kwaliteitsindicator":1,"b3_pw_bron":"ahn5","b3_h_goot_nap":3.25,"b3_h_nok_nap":8.33,"goothoogte":3.89,"nokhoogte":8.97},"geometry":{"type":"Polygon","coordinates":[[[172176.625,559407.75],[172175.391,559413],[172165.984,559410.875],[172161.938,559409.938],[172162.438,559407.813],[172166.484,559408.75],[172167.219,559405.625],[172176.625,559407.75]]]}},{"type":"Feature","properties":{"identificatie":"NL.IMBAG.Pand.0091100000003026","oorspronkelijkbouwjaar":1977,"status":"Pand in gebruik","b3_dak_type":"slanted","b3_h_maaiveld":-0.5770000219345093,"b3_n_nok":0,"b3_n_vlakken":1,"b3_opp_grond":5.900000095367432,"b3_opp_dak_plat":0,"b3_opp_dak_schuin":5.869999885559082,"b3_volume_lod22":13.05533504486084,"b3_kwaliteitsindicator":1,"b3_pw_bron":"ahn4","b3_h_goot_nap":1.47,"b3_h_nok_nap":1.86,"goothoogte":2.04,"nokhoogte":2.43},"geometry":{"type":"Polygon","coordinates":[[[172230,559558.25],[172228.297,559560.25],[172226.563,559558.813],[172228.281,559556.75],[172230,559558.25]]]}},{"type":"Feature","properties":{"identificatie":"NL.IMBAG.Pand.0091100000014793","oorspronkelijkbouwjaar":1974,"status":"Pand in gebruik","b3_dak_type":"slanted","b3_bouwlagen":3,"b3_h_maaiveld":-0.5199999809265137,"b3_h_nok":8.207183837890625,"b3_n_nok":1,"b3_n_vlakken":4,"b3_opp_grond":60.9900016784668,"b3_opp_dak_plat":9.430000305175781,"b3_opp_dak_schuin":59.77000045776367,"b3_volume_lod22":406.9319763183594,"b3_kwaliteitsindicator":1,"b3_pw_bron":"ahn5","b3_h_goot_nap":5.22,"b3_h_nok_nap":8.41,"goothoogte":5.74,"nokhoogte":8.93},"geometry":{"type":"Polygon","coordinates":[[[172251.016,559493.813],[172249.688,559495.563],[172246.391,559493.063],[172244.453,559495.625],[172236.797,559489.875],[172240.047,559485.563],[172251.016,559493.813]]]}},{"type":"Feature","properties":{"identificatie":"NL.IMBAG.Pand.0091100000007242","oorspronkelijkbouwjaar":1975,"status":"Pand in gebruik","b3_dak_type":"slanted","b3_bouwlagen":2,"b3_h_maaiveld":-0.6940000057220459,"b3_h_nok":6.048158645629883,"b3_n_nok":1,"b3_n_vlakken":4,"b3_opp_grond":67.23999786376953,"b3_opp_dak_plat":5.619999885559082,"b3_opp_dak_schuin":72.55000305175781,"b3_volume_lod22":334.8081970214844,"b3_kwaliteitsindicator":1,"b3_pw_bron":"ahn5","b3_h_goot_nap":2.27,"b3_h_nok_nap":6.26,"goothoogte":2.96,"nokhoogte":6.95},"geometry":{"type":"Polygon","coordinates":[[[172281.063,559461.063],[172279.438,559459.5],[172281.953,559456.813],[172278.25,559453.375],[172284.703,559446.5],[172289.266,559450.75],[172282.813,559457.625],[172283.578,559458.375],[172281.063,559461.063]]]}},{"type":"Feature","properties":{"identificatie":"NL.IMBAG.Pand.0091100000011824","oorspronkelijkbouwjaar":1974,"status":"Pand in gebruik","b3_dak_type":"slanted","b3_bouwlagen":3,"b3_h_maaiveld":-0.6520000100135803,"b3_h_nok":8.187077522277832,"b3_n_nok":1,"b3_n_vlakken":3,"b3_opp_grond":61.119998931884766,"b3_opp_dak_plat":15.020000457763672,"b3_opp_dak_schuin":60.150001525878906,"b3_volume_lod22":415.84368896484375,"b3_kwaliteitsindicator":1,"b3_pw_bron":"ahn5","b3_h_goot_nap":5.18,"b3_h_nok_nap":8.32,"goothoogte":5.83,"nokhoogte":8.98},"geometry":{"type":"Polygon","coordinates":[[[172171.688,559428.875],[172170.453,559434.125],[172161.078,559432],[172157.031,559431.063],[172157.531,559428.938],[172161.578,559429.875],[172162.297,559426.75],[172171.688,559428.875]]]}},{"type":"Feature","properties":{"identificatie":"NL.IMBAG.Pand.0091100000014846","oorspronkelijkbouwjaar":1974,"status":"Pand in gebruik","b3_dak_type":"slanted","b3_bouwlagen":3,"b3_h_maaiveld":-0.6119999885559082,"b3_h_nok":8.189976692199707,"b3_n_nok":1,"b3_n_vlakken":3,"b3_opp_grond":60.81999969482422,"b3_opp_dak_plat":8.569999694824219,"b3_opp_dak_schuin":60.529998779296875,"b3_volume_lod22":413.6890563964844,"b3_kwaliteitsindicator":1,"b3_pw_bron":"ahn5","b3_h_goot_nap":5.19,"b3_h_nok_nap":8.34,"goothoogte":5.8,"nokhoogte":8.96},"geometry":{"type":"Polygon","coordinates":[[[172226.828,559542],[172225.219,559540.5],[172228.047,559537.438],[172225.703,559535.25],[172232.219,559528.25],[172236.172,559531.938],[172226.828,559542]]]}},{"type":"Feature","properties":{"identificatie":"NL.IMBAG.Pand.0091100000014871","oorspronkelijkbouwjaar":1974,"status":"Pand in gebruik","b3_dak_type":"slanted","b3_bouwlagen":3,"b3_h_maaiveld":-0.6010000109672546,"b3_h_nok":8.21209716796875,"b3_n_nok":1,"b3_n_vlakken":3,"b3_opp_grond":60.79999923706055,"b3_opp_dak_plat":8.770000457763672,"b3_opp_dak_schuin":60.310001373291016,"b3_volume_lod22":412.5258483886719,"b3_kwaliteitsindicator":1,"b3_pw_bron":"ahn5","b3_h_goot_nap":5.17,"b3_h_nok_nap":8.35,"goothoogte":5.78,"nokhoogte":8.95},"geometry":{"type":"Polygon","coordinates":[[[172234.75,559549.313],[172233.125,559547.813],[172235.938,559544.813],[172233.609,559542.625],[172240.141,559535.625],[172244.078,559539.25],[172234.75,559549.313]]]}},{"type":"Feature","properties":{"identificatie":"NL.IMBAG.Pand.0091100000014803","oorspronkelijkbouwjaar":1974,"status":"Pand in gebruik","b3_dak_type":"slanted","b3_bouwlagen":3,"b3_h_maaiveld":-0.5849999785423279,"b3_h_nok":8.200911521911621,"b3_n_nok":1,"b3_n_vlakken":3,"b3_opp_grond":64.47000122070312,"b3_opp_dak_plat":15.390000343322754,"b3_opp_dak_schuin":63.880001068115234,"b3_volume_lod22":437.0509948730469,"b3_kwaliteitsindicator":1,"b3_pw_bron":"ahn5","b3_h_goot_nap":5.2,"b3_h_nok_nap":8.39,"goothoogte":5.78,"nokhoogte":8.98},"geometry":{"type":"Polygon","coordinates":[[[172244.531,559502.438],[172243.203,559504.188],[172239.891,559501.75],[172237.734,559504.563],[172230.094,559498.813],[172233.563,559494.188],[172244.531,559502.438]]]}},{"type":"Feature","properties":{"identificatie":"NL.IMBAG.Pand.0091100000009456","oorspronkelijkbouwjaar":1976,"status":"Pand in gebruik","b3_dak_type":"slanted","b3_bouwlagen":3,"b3_h_maaiveld":-0.5580000281333923,"b3_h_nok":8.196806907653809,"b3_n_nok":1,"b3_n_vlakken":4,"b3_opp_grond":62.22999954223633,"b3_opp_dak_plat":10.489999771118164,"b3_opp_dak_schuin":66.37999725341797,"b3_volume_lod22":377.33905029296875,"b3_kwaliteitsindicator":1,"b3_pw_bron":"ahn5","b3_h_goot_nap":2.86,"b3_h_nok_nap":8.41,"goothoogte":3.41,"nokhoogte":8.97},"geometry":{"type":"Polygon","coordinates":[[[172316.047,559433.063],[172312.109,559429.375],[172318.563,559422.5],[172320.766,559424.5],[172323.906,559421.188],[172325.656,559422.813],[172316.047,559433.063]]]}},{"type":"Feature","properties":{"identificatie":"NL.IMBAG.Pand.0091100000008614","oorspronkelijkbouwjaar":1976,"status":"Pand in gebruik","b3_dak_type":"slanted","b3_bouwlagen":3,"b3_h_maaiveld":-0.6959999799728394,"b3_h_nok":8.166184425354004,"b3_n_nok":3,"b3_n_vlakken":5,"b3_opp_grond":63.029998779296875,"b3_opp_dak_plat":9.479999542236328,"b3_opp_dak_schuin":69.48999786376953,"b3_volume_lod22":389.943359375,"b3_kwaliteitsindicator":1,"b3_pw_bron":"ahn5","b3_h_goot_nap":2.92,"b3_h_nok_nap":8.51,"goothoogte":3.61,"nokhoogte":9.2},"geometry":{"type":"Polygon","coordinates":[[[172335.844,559395.875],[172339.891,559399.688],[172330.141,559409.813],[172328.391,559408.125],[172331.563,559404.875],[172329.406,559402.75],[172335.844,559395.875]]]}},{"type":"Feature","properties":{"identificatie":"NL.IMBAG.Pand.0091100000014808","oorspronkelijkbouwjaar":1974,"status":"Pand in gebruik","b3_dak_type":"slanted","b3_bouwlagen":3,"b3_h_maaiveld":-0.5529999732971191,"b3_h_nok":8.19260311126709,"b3_n_nok":1,"b3_n_vlakken":3,"b3_opp_grond":60.720001220703125,"b3_opp_dak_plat":7.900000095367432,"b3_opp_dak_schuin":61.189998626708984,"b3_volume_lod22":411.4096984863281,"b3_kwaliteitsindicator":1,"b3_pw_bron":"ahn5","b3_h_goot_nap":4.97,"b3_h_nok_nap":8.35,"goothoogte":5.52,"nokhoogte":8.9},"geometry":{"type":"Polygon","coordinates":[[[172238.703,559553],[172237.094,559551.5],[172239.906,559548.438],[172237.563,559546.313],[172244.078,559539.25],[172248.031,559542.938],[172238.703,559553]]]}},{"type":"Feature","properties":{"identificatie":"NL.IMBAG.Pand.0091100000004976","oorspronkelijkbouwjaar":1974,"status":"Pand in gebruik","b3_dak_type":"slanted","b3_bouwlagen":3,"b3_h_maaiveld":-0.7149999737739563,"b3_h_nok":8.21034049987793,"b3_n_nok":1,"b3_n_vlakken":4,"b3_opp_grond":61.529998779296875,"b3_opp_dak_plat":8.75,"b3_opp_dak_schuin":61.16999816894531,"b3_volume_lod22":427.2934875488281,"b3_kwaliteitsindicator":1,"b3_pw_bron":"ahn5","b3_h_goot_nap":5.33,"b3_h_nok_nap":8.4,"goothoogte":6.05,"nokhoogte":9.11},"geometry":{"type":"Polygon","coordinates":[[[172194.828,559458.5],[172197.844,559461.313],[172196.344,559462.938],[172193.328,559460.125],[172190.891,559462.688],[172184.063,559456.313],[172187.875,559452.188],[172194.719,559458.625],[172194.828,559458.5]]]}},{"type":"Feature","properties":{"identificatie":"NL.IMBAG.Pand.0091100000015226","oorspronkelijkbouwjaar":1974,"status":"Pand in gebruik","b3_dak_type":"slanted","b3_bouwlagen":3,"b3_h_maaiveld":-0.7590000033378601,"b3_h_nok":8.187438011169434,"b3_n_nok":1,"b3_n_vlakken":4,"b3_opp_grond":109.80999755859375,"b3_opp_dak_plat":27.1200008392334,"b3_opp_dak_schuin":91.8499984741211,"b3_volume_lod22":585.1586303710938,"b3_kwaliteitsindicator":1,"b3_pw_bron":"ahn5","b3_h_goot_nap":1.58,"b3_h_nok_nap":8.37,"goothoogte":2.34,"nokhoogte":9.13},"geometry":{"type":"Polygon","coordinates":[[[172241.719,559444.063],[172246.234,559449.375],[172243.359,559451.813],[172243.813,559452.375],[172239.438,559456.063],[172230.563,559445.688],[172229.156,559444],[172226.297,559440.75],[172228.375,559438.938],[172231.234,559442.125],[172231.625,559441.813],[172233.234,559443.688],[172232.406,559444.438],[172234.906,559447.375],[172237.609,559445.125],[172238.828,559446.5],[172241.719,559444.063]]]}},{"type":"Feature","properties":{"identificatie":"NL.IMBAG.Pand.0091100000018623","oorspronkelijkbouwjaar":1974,"status":"Pand in gebruik","b3_dak_type":"slanted","b3_bouwlagen":3,"b3_h_maaiveld":-0.6949999928474426,"b3_h_nok":8.211714744567871,"b3_n_nok":1,"b3_n_vlakken":3,"b3_opp_grond":64.51000213623047,"b3_opp_dak_plat":8.0600004196167,"b3_opp_dak_schuin":65.37999725341797,"b3_volume_lod22":448.0863037109375,"b3_kwaliteitsindicator":1,"b3_pw_bron":"ahn5","b3_h_goot_nap":4.84,"b3_h_nok_nap":8.41,"goothoogte":5.54,"nokhoogte":9.1},"geometry":{"type":"Polygon","coordinates":[[[172162.047,559484.5],[172160.438,559483],[172163.297,559479.938],[172160.688,559477.5],[172167.234,559470.5],[172171.438,559474.438],[172162.047,559484.5]]]}},{"type":"Feature","properties":{"identificatie":"NL.IMBAG.Pand.0091100000008622","oorspronkelijkbouwjaar":1974,"status":"Pand in gebruik","b3_dak_type":"slanted","b3_bouwlagen":3,"b3_h_maaiveld":-0.4410000145435333,"b3_h_nok":8.183727264404297,"b3_n_nok":1,"b3_n_vlakken":3,"b3_opp_grond":62.61000061035156,"b3_opp_dak_plat":8.75,"b3_opp_dak_schuin":62.72999954223633,"b3_volume_lod22":415.0145568847656,"b3_kwaliteitsindicator":1,"b3_pw_bron":"ahn5","b3_h_goot_nap":5.24,"b3_h_nok_nap":8.36,"goothoogte":5.68,"nokhoogte":8.81},"geometry":{"type":"Polygon","coordinates":[[[172326.359,559555.875],[172325.469,559553.875],[172329.25,559552.188],[172327.906,559549.125],[172336.672,559545.25],[172338.922,559550.375],[172326.359,559555.875]]]}},{"type":"Feature","properties":{"identificatie":"NL.IMBAG.Pand.0091100000008156","oorspronkelijkbouwjaar":1974,"status":"Pand in gebruik","b3_dak_type":"slanted","b3_bouwlagen":3,"b3_h_maaiveld":-0.42399999499320984,"b3_h_nok":8.203774452209473,"b3_n_nok":1,"b3_n_vlakken":4,"b3_opp_grond":63.040000915527344,"b3_opp_dak_plat":9.010000228881836,"b3_opp_dak_schuin":62.470001220703125,"b3_volume_lod22":419.7454833984375,"b3_kwaliteitsindicator":1,"b3_pw_bron":"ahn5","b3_h_goot_nap":5.22,"b3_h_nok_nap":8.42,"goothoogte":5.65,"nokhoogte":8.84},"geometry":{"type":"Polygon","coordinates":[[[172279.484,559575.438],[172280.219,559581],[172266.609,559582.813],[172266.313,559580.563],[172270.422,559580.063],[172269.984,559576.688],[172279.484,559575.438]]]}},{"type":"Feature","properties":{"identificatie":"NL.IMBAG.Pand.0091100000008564","oorspronkelijkbouwjaar":1974,"status":"Pand in gebruik","b3_dak_type":"slanted","b3_bouwlagen":3,"b3_h_maaiveld":-0.7540000081062317,"b3_h_nok":8.229432106018066,"b3_n_nok":1,"b3_n_vlakken":4,"b3_opp_grond":127.6500015258789,"b3_opp_dak_plat":54.2599983215332,"b3_opp_dak_schuin":79.27999877929688,"b3_volume_lod22":658.25537109375,"b3_kwaliteitsindicator":1,"b3_pw_bron":"ahn5","b3_h_goot_nap":2.48,"b3_h_nok_nap":8.43,"goothoogte":3.23,"nokhoogte":9.18},"geometry":{"type":"Polygon","coordinates":[[[172283.516,559497.063],[172276.484,559490.5],[172271.859,559486.188],[172274.156,559483.688],[172276.078,559485.5],[172275.281,559486.375],[172278,559488.875],[172280.141,559486.625],[172277.328,559484],[172280.797,559480.313],[172285.172,559484.375],[172284.594,559485],[172289.547,559489.625],[172286.938,559492.438],[172287.453,559492.875],[172283.516,559497.063]]]}},{"type":"Feature","properties":{"identificatie":"NL.IMBAG.Pand.0091100000019026","oorspronkelijkbouwjaar":1974,"status":"Pand in gebruik","b3_dak_type":"slanted","b3_bouwlagen":3,"b3_h_maaiveld":-0.5189999938011169,"b3_h_nok":8.220296859741211,"b3_n_nok":1,"b3_n_vlakken":3,"b3_opp_grond":60.66999816894531,"b3_opp_dak_plat":8.34000015258789,"b3_opp_dak_schuin":60.33000183105469,"b3_volume_lod22":408.41033935546875,"b3_kwaliteitsindicator":1,"b3_pw_bron":"ahn5","b3_h_goot_nap":5.23,"b3_h_nok_nap":8.32,"goothoogte":5.75,"nokhoogte":8.84},"geometry":{"type":"Polygon","coordinates":[[[172125.094,559465.313],[172127.75,559462.438],[172125.5,559460.313],[172132.047,559453.313],[172135.984,559457.063],[172129.422,559464],[172126.828,559466.875],[172125.094,559465.313]]]}},{"type":"Feature","properties":{"identificatie":"NL.IMBAG.Pand.0091100000009872","oorspronkelijkbouwjaar":1974,"status":"Pand in gebruik","b3_dak_type":"slanted","b3_bouwlagen":3,"b3_h_maaiveld":-0.5490000247955322,"b3_h_nok":8.197781562805176,"b3_n_nok":1,"b3_n_vlakken":3,"b3_opp_grond":60.900001525878906,"b3_opp_dak_plat":8.430000305175781,"b3_opp_dak_schuin":61.02000045776367,"b3_volume_lod22":410.8399658203125,"b3_kwaliteitsindicator":1,"b3_pw_bron":"ahn5","b3_h_goot_nap":4.97,"b3_h_nok_nap":8.4,"goothoogte":5.51,"nokhoogte":8.95},"geometry":{"type":"Polygon","coordinates":[[[172260.766,559480.875],[172259.438,559482.625],[172256.125,559480.125],[172254.203,559482.688],[172246.547,559476.938],[172249.781,559472.625],[172260.766,559480.875]]]}},{"type":"Feature","properties":{"identificatie":"NL.IMBAG.Pand.0091100000007286","oorspronkelijkbouwjaar":1976,"status":"Pand in gebruik","b3_dak_type":"slanted","b3_bouwlagen":3,"b3_h_maaiveld":-0.7070000171661377,"b3_h_nok":8.201152801513672,"b3_n_nok":3,"b3_n_vlakken":5,"b3_opp_grond":62.189998626708984,"b3_opp_dak_plat":10.789999961853027,"b3_opp_dak_schuin":62.59000015258789,"b3_volume_lod22":383.4936218261719,"b3_kwaliteitsindicator":1,"b3_pw_bron":"ahn5","b3_h_goot_nap":2.78,"b3_h_nok_nap":8.43,"goothoogte":3.49,"nokhoogte":9.14},"geometry":{"type":"Polygon","coordinates":[[[172290.5,559404.938],[172286.547,559401.25],[172293,559394.375],[172295.203,559396.438],[172298.313,559393.125],[172300.063,559394.75],[172290.5,559404.938]]]}},{"type":"Feature","properties":{"identificatie":"NL.IMBAG.Pand.0091100000006391","oorspronkelijkbouwjaar":1975,"status":"Pand in gebruik","b3_dak_type":"slanted","b3_bouwlagen":2,"b3_h_maaiveld":-0.6179999709129333,"b3_h_nok":6.0730671882629395,"b3_n_nok":1,"b3_n_vlakken":4,"b3_opp_grond":65.44999694824219,"b3_opp_dak_plat":6.940000057220459,"b3_opp_dak_schuin":69.72000122070312,"b3_volume_lod22":319.3968505859375,"b3_kwaliteitsindicator":1,"b3_pw_bron":"ahn5","b3_h_goot_nap":2.4,"b3_h_nok_nap":6.22,"goothoogte":3.02,"nokhoogte":6.84},"geometry":{"type":"Polygon","coordinates":[[[172236.922,559419.625],[172235.297,559418.125],[172237.828,559415.438],[172234.234,559412.063],[172240.688,559405.188],[172245.125,559409.375],[172238.688,559416.25],[172239.453,559416.938],[172236.922,559419.625]]]}},{"type":"Feature","properties":{"identificatie":"NL.IMBAG.Pand.0091100000006923","oorspronkelijkbouwjaar":1974,"status":"Pand in gebruik","b3_dak_type":"slanted","b3_bouwlagen":3,"b3_h_maaiveld":-0.46000000834465027,"b3_h_nok":8.207140922546387,"b3_n_nok":1,"b3_n_vlakken":3,"b3_opp_grond":61.099998474121094,"b3_opp_dak_plat":9.020000457763672,"b3_opp_dak_schuin":60.279998779296875,"b3_volume_lod22":405.90020751953125,"b3_kwaliteitsindicator":1,"b3_pw_bron":"ahn5","b3_h_goot_nap":5.21,"b3_h_nok_nap":8.36,"goothoogte":5.67,"nokhoogte":8.82},"geometry":{"type":"Polygon","coordinates":[[[172113.063,559415.188],[172111.844,559420.438],[172102.484,559418.375],[172098.438,559417.438],[172098.938,559415.313],[172102.969,559416.25],[172103.703,559413.125],[172113.063,559415.188]]]}},{"type":"Feature","properties":{"identificatie":"NL.IMBAG.Pand.0091100000002266","oorspronkelijkbouwjaar":1974,"status":"Pand in gebruik","b3_dak_type":"slanted","b3_bouwlagen":3,"b3_h_maaiveld":-0.41600000858306885,"b3_h_nok":8.205355644226074,"b3_n_nok":1,"b3_n_vlakken":3,"b3_opp_grond":61.970001220703125,"b3_opp_dak_plat":8.699999809265137,"b3_opp_dak_schuin":61.689998626708984,"b3_volume_lod22":410.4810485839844,"b3_kwaliteitsindicator":1,"b3_pw_bron":"ahn5","b3_h_goot_nap":5.21,"b3_h_nok_nap":8.37,"goothoogte":5.62,"nokhoogte":8.78},"geometry":{"type":"Polygon","coordinates":[[[172115.484,559404.813],[172114.234,559410.125],[172100.875,559407],[172101.391,559404.813],[172105.422,559405.75],[172106.156,559402.625],[172115.484,559404.813]]]}},{"type":"Feature","properties":{"identificatie":"NL.IMBAG.Pand.0091100000004637","oorspronkelijkbouwjaar":1977,"status":"Pand in gebruik","b3_dak_type":"slanted","b3_bouwlagen":3,"b3_h_maaiveld":-0.6190000176429749,"b3_h_nok":8.189788818359375,"b3_n_nok":1,"b3_n_vlakken":3,"b3_opp_grond":60.029998779296875,"b3_opp_dak_plat":8.979999542236328,"b3_opp_dak_schuin":59.040000915527344,"b3_volume_lod22":407.1512756347656,"b3_kwaliteitsindicator":1,"b3_pw_bron":"ahn5","b3_h_goot_nap":5.24,"b3_h_nok_nap":8.34,"goothoogte":5.86,"nokhoogte":8.95},"geometry":{"type":"Polygon","coordinates":[[[172146.5,559406.125],[172150.547,559407.063],[172150.047,559409.25],[172146,559408.313],[172145.281,559411.375],[172135.984,559409.25],[172137.172,559404.125],[172146.5,559406.125]]]}},{"type":"Feature","properties":{"identificatie":"NL.IMBAG.Pand.0091100000006053","oorspronkelijkbouwjaar":1974,"status":"Pand in gebruik","b3_dak_type":"slanted","b3_bouwlagen":3,"b3_h_maaiveld":-0.5419999957084656,"b3_h_nok":8.207799911499023,"b3_n_nok":1,"b3_n_vlakken":3,"b3_opp_grond":61,"b3_opp_dak_plat":8.359999656677246,"b3_opp_dak_schuin":60.79999923706055,"b3_volume_lod22":412.1741638183594,"b3_kwaliteitsindicator":1,"b3_pw_bron":"ahn5","b3_h_goot_nap":4.99,"b3_h_nok_nap":8.35,"goothoogte":5.53,"nokhoogte":8.89},"geometry":{"type":"Polygon","coordinates":[[[172133.375,559467.75],[172130.563,559470.75],[172128.953,559469.25],[172131.75,559466.188],[172129.422,559464],[172135.984,559457.063],[172139.938,559460.75],[172133.375,559467.75]]]}},{"type":"Feature","properties":{"identificatie":"NL.IMBAG.Pand.0091100000018287","oorspronkelijkbouwjaar":1974,"status":"Pand in gebruik","b3_dak_type":"slanted","b3_bouwlagen":3,"b3_h_maaiveld":-0.6629999876022339,"b3_h_nok":8.279778480529785,"b3_n_nok":1,"b3_n_vlakken":4,"b3_opp_grond":64.0199966430664,"b3_opp_dak_plat":8.630000114440918,"b3_opp_dak_schuin":63.720001220703125,"b3_volume_lod22":443.3560485839844,"b3_kwaliteitsindicator":1,"b3_pw_bron":"ahn5","b3_h_goot_nap":5.01,"b3_h_nok_nap":8.36,"goothoogte":5.67,"nokhoogte":9.03},"geometry":{"type":"Polygon","coordinates":[[[172145.672,559428.125],[172145.172,559430.25],[172141.141,559429.313],[172140.344,559432.75],[172131,559430.625],[172132.297,559425],[172145.672,559428.125]]]}},{"type":"Feature","properties":{"identificatie":"NL.IMBAG.Pand.0091100000014022","oorspronkelijkbouwjaar":1974,"status":"Pand in gebruik","b3_dak_type":"slanted","b3_bouwlagen":3,"b3_h_maaiveld":-0.4779999852180481,"b3_h_nok":8.188029289245605,"b3_n_nok":1,"b3_n_vlakken":3,"b3_opp_grond":60.90999984741211,"b3_opp_dak_plat":8.8100004196167,"b3_opp_dak_schuin":60.29999923706055,"b3_volume_lod22":405.4950256347656,"b3_kwaliteitsindicator":1,"b3_pw_bron":"ahn5","b3_h_goot_nap":5.17,"b3_h_nok_nap":8.31,"goothoogte":5.65,"nokhoogte":8.79},"geometry":{"type":"Polygon","coordinates":[[[172197.734,559517.688],[172196.109,559516.188],[172198.938,559513.125],[172196.594,559510.938],[172203.094,559503.938],[172207.063,559507.625],[172197.734,559517.688]]]}},{"type":"Feature","properties":{"identificatie":"NL.IMBAG.Pand.0091100000006387","oorspronkelijkbouwjaar":1975,"status":"Pand in gebruik","b3_dak_type":"slanted","b3_bouwlagen":2,"b3_h_maaiveld":-0.6140000224113464,"b3_h_nok":6.035536289215088,"b3_n_nok":1,"b3_n_vlakken":3,"b3_opp_grond":65.56999969482422,"b3_opp_dak_plat":5.510000228881836,"b3_opp_dak_schuin":71.38999938964844,"b3_volume_lod22":320.5634765625,"b3_kwaliteitsindicator":1,"b3_pw_bron":"ahn5","b3_h_goot_nap":2.19,"b3_h_nok_nap":6.2,"goothoogte":2.8,"nokhoogte":6.81},"geometry":{"type":"Polygon","coordinates":[[[172241.375,559423.813],[172239.766,559422.313],[172242.281,559419.625],[172238.688,559416.25],[172245.125,559409.375],[172249.563,559413.5],[172243.141,559420.375],[172243.906,559421.125],[172241.375,559423.813]]]}},{"type":"Feature","properties":{"identificatie":"NL.IMBAG.Pand.0091100000012942","oorspronkelijkbouwjaar":1974,"status":"Pand in gebruik","b3_dak_type":"slanted","b3_bouwlagen":3,"b3_h_maaiveld":-0.6069999933242798,"b3_h_nok":8.201621055603027,"b3_n_nok":1,"b3_n_vlakken":3,"b3_opp_grond":60.72999954223633,"b3_opp_dak_plat":9.65999984741211,"b3_opp_dak_schuin":60.15999984741211,"b3_volume_lod22":410.615234375,"b3_kwaliteitsindicator":1,"b3_pw_bron":"ahn5","b3_h_goot_nap":5.21,"b3_h_nok_nap":8.4,"goothoogte":5.82,"nokhoogte":9.01},"geometry":{"type":"Polygon","coordinates":[[[172223.016,559470.125],[172218.906,559473.625],[172210.016,559463.25],[172211.672,559461.813],[172214.375,559464.938],[172216.813,559462.875],[172223.016,559470.125]]]}},{"type":"Feature","properties":{"identificatie":"NL.IMBAG.Pand.0091100000006174","oorspronkelijkbouwjaar":1974,"status":"Pand in gebruik","b3_dak_type":"slanted","b3_bouwlagen":3,"b3_h_maaiveld":-0.5490000247955322,"b3_h_nok":8.213494300842285,"b3_n_nok":1,"b3_n_vlakken":3,"b3_opp_grond":61.40999984741211,"b3_opp_dak_plat":7.809999942779541,"b3_opp_dak_schuin":62.81999969482422,"b3_volume_lod22":417.0040283203125,"b3_kwaliteitsindicator":1,"b3_pw_bron":"ahn5","b3_h_goot_nap":4.98,"b3_h_nok_nap":8.37,"goothoogte":5.53,"nokhoogte":8.92},"geometry":{"type":"Polygon","coordinates":[[[172191.188,559492.813],[172195.156,559496.563],[172185.781,559506.625],[172184.141,559505.063],[172186.969,559502.063],[172184.641,559499.875],[172191.188,559492.813]]]}},{"type":"Feature","properties":{"identificatie":"NL.IMBAG.Pand.0091100000006365","oorspronkelijkbouwjaar":1974,"status":"Pand in gebruik","b3_dak_type":"slanted","b3_bouwlagen":3,"b3_h_maaiveld":-0.5180000066757202,"b3_h_nok":8.20644760131836,"b3_n_nok":1,"b3_n_vlakken":3,"b3_opp_grond":59.9900016784668,"b3_opp_dak_plat":15.770000457763672,"b3_opp_dak_schuin":58.56999969482422,"b3_volume_lod22":401.4515380859375,"b3_kwaliteitsindicator":1,"b3_pw_bron":"ahn5","b3_h_goot_nap":5.28,"b3_h_nok_nap":8.41,"goothoogte":5.8,"nokhoogte":8.93},"geometry":{"type":"Polygon","coordinates":[[[172216.328,559441.563],[172214.813,559443.188],[172211.797,559440.375],[172209.609,559442.688],[172202.75,559436.25],[172206.438,559432.313],[172216.328,559441.563]]]}},{"type":"Feature","properties":{"identificatie":"NL.IMBAG.Pand.0091100000013160","oorspronkelijkbouwjaar":1974,"status":"Pand in gebruik","b3_dak_type":"slanted","b3_bouwlagen":3,"b3_h_maaiveld":-0.531000018119812,"b3_h_nok":8.201245307922363,"b3_n_nok":1,"b3_n_vlakken":4,"b3_opp_grond":62.349998474121094,"b3_opp_dak_plat":8.949999809265137,"b3_opp_dak_schuin":62.11000061035156,"b3_volume_lod22":419.811767578125,"b3_kwaliteitsindicator":1,"b3_pw_bron":"ahn5","b3_h_goot_nap":5.21,"b3_h_nok_nap":8.38,"goothoogte":5.74,"nokhoogte":8.91},"geometry":{"type":"Polygon","coordinates":[[[172227.25,559466.5],[172223.016,559470.125],[172214.109,559459.688],[172215.797,559458.313],[172218.484,559461.438],[172221.047,559459.25],[172227.25,559466.5]]]}},{"type":"Feature","properties":{"identificatie":"NL.IMBAG.Pand.0091100000009450","oorspronkelijkbouwjaar":1974,"status":"Pand in gebruik","b3_dak_type":"slanted","b3_bouwlagen":3,"b3_h_maaiveld":-0.7310000061988831,"b3_h_nok":8.177063941955566,"b3_n_nok":1,"b3_n_vlakken":3,"b3_opp_grond":61.84000015258789,"b3_opp_dak_plat":8.630000114440918,"b3_opp_dak_schuin":61.900001525878906,"b3_volume_lod22":427.7863464355469,"b3_kwaliteitsindicator":1,"b3_pw_bron":"ahn5","b3_h_goot_nap":5.06,"b3_h_nok_nap":8.36,"goothoogte":5.79,"nokhoogte":9.09},"geometry":{"type":"Polygon","coordinates":[[[172139.641,559393.563],[172140.906,559388.188],[172154.234,559391.313],[172153.719,559393.5],[172149.688,559392.563],[172148.953,559395.625],[172139.641,559393.563]]]}},{"type":"Feature","properties":{"identificatie":"NL.IMBAG.Pand.0091100000014624","oorspronkelijkbouwjaar":1974,"status":"Pand in gebruik","b3_dak_type":"slanted","b3_bouwlagen":3,"b3_h_maaiveld":-0.5619999766349792,"b3_h_nok":8.193217277526855,"b3_n_nok":1,"b3_n_vlakken":4,"b3_opp_grond":61.09000015258789,"b3_opp_dak_plat":8.050000190734863,"b3_opp_dak_schuin":63.72999954223633,"b3_volume_lod22":417.16009521484375,"b3_kwaliteitsindicator":1,"b3_pw_bron":"ahn5","b3_h_goot_nap":4.92,"b3_h_nok_nap":8.37,"goothoogte":5.48,"nokhoogte":8.93},"geometry":{"type":"Polygon","coordinates":[[[172345.406,559565.188],[172347.578,559570.188],[172335.016,559575.688],[172334.125,559573.625],[172337.922,559571.938],[172336.641,559569.063],[172345.406,559565.188]]]}},{"type":"Feature","properties":{"identificatie":"NL.IMBAG.Pand.0091100000006450","oorspronkelijkbouwjaar":1974,"status":"Pand in gebruik","b3_dak_type":"slanted","b3_bouwlagen":3,"b3_h_maaiveld":-0.4959999918937683,"b3_h_nok":8.20773696899414,"b3_n_nok":1,"b3_n_vlakken":5,"b3_opp_grond":59.349998474121094,"b3_opp_dak_plat":8.84000015258789,"b3_opp_dak_schuin":58.099998474121094,"b3_volume_lod22":396.67425537109375,"b3_kwaliteitsindicator":1,"b3_pw_bron":"ahn5","b3_h_goot_nap":5.22,"b3_h_nok_nap":8.41,"goothoogte":5.72,"nokhoogte":8.91},"geometry":{"type":"Polygon","coordinates":[[[172268.719,559512.875],[172265.156,559516.688],[172258.141,559510.063],[172258.016,559510.25],[172255,559507.375],[172256.5,559505.813],[172259.531,559508.625],[172261.719,559506.25],[172268.719,559512.875]]]}},{"type":"Feature","properties":{"identificatie":"NL.IMBAG.Pand.1900100010090791","oorspronkelijkbouwjaar":2022,"status":"Pand in gebruik","b3_dak_type":"slanted","b3_h_maaiveld":-0.5590000152587891,"b3_n_nok":0,"b3_n_vlakken":1,"b3_opp_grond":5.550000190734863,"b3_opp_dak_plat":0,"b3_opp_dak_schuin":5.630000114440918,"b3_volume_lod22":12.691030502319336,"b3_kwaliteitsindicator":1,"b3_pw_bron":"ahn5","b3_h_goot_nap":1.57,"b3_h_nok_nap":1.99,"goothoogte":2.12,"nokhoogte":2.55},"geometry":{"type":"Polygon","coordinates":[[[172251.297,559511.313],[172249.469,559509.625],[172250.984,559508],[172252.813,559509.688],[172251.297,559511.313]]]}},{"type":"Feature","properties":{"identificatie":"NL.IMBAG.Pand.0091100000009880","oorspronkelijkbouwjaar":1974,"status":"Pand in gebruik","b3_dak_type":"slanted","b3_bouwlagen":3,"b3_h_maaiveld":-0.6269999742507935,"b3_h_nok":8.21949577331543,"b3_n_nok":1,"b3_n_vlakken":4,"b3_opp_grond":63.279998779296875,"b3_opp_dak_plat":10.90999984741211,"b3_opp_dak_schuin":60.65999984741211,"b3_volume_lod22":424.5677795410156,"b3_kwaliteitsindicator":1,"b3_pw_bron":"ahn5","b3_h_goot_nap":2.51,"b3_h_nok_nap":8.42,"goothoogte":3.14,"nokhoogte":9.05},"geometry":{"type":"Polygon","coordinates":[[[172264.016,559476.563],[172260.703,559474.063],[172252.953,559468.438],[172256.297,559463.938],[172267.281,559472.188],[172264.016,559476.563]]]}},{"type":"Feature","properties":{"identificatie":"NL.IMBAG.Pand.0091100000007042","oorspronkelijkbouwjaar":1975,"status":"Pand in gebruik","b3_dak_type":"slanted","b3_bouwlagen":2,"b3_h_maaiveld":-0.7089999914169312,"b3_h_nok":6.03804349899292,"b3_n_nok":1,"b3_n_vlakken":4,"b3_opp_grond":65.58999633789062,"b3_opp_dak_plat":6.760000228881836,"b3_opp_dak_schuin":69.70999908447266,"b3_volume_lod22":327.3209533691406,"b3_kwaliteitsindicator":1,"b3_pw_bron":"ahn5","b3_h_goot_nap":2.4,"b3_h_nok_nap":6.24,"goothoogte":3.11,"nokhoogte":6.95},"geometry":{"type":"Polygon","coordinates":[[[172289.953,559469.375],[172288.328,559467.875],[172290.859,559465.188],[172287.25,559461.813],[172293.703,559454.938],[172298.156,559459.063],[172291.703,559465.938],[172292.469,559466.688],[172289.953,559469.375]]]}},{"type":"Feature","properties":{"identificatie":"NL.IMBAG.Pand.0091100000010868","oorspronkelijkbouwjaar":1974,"status":"Pand in gebruik","b3_dak_type":"slanted","b3_bouwlagen":3,"b3_h_maaiveld":-0.5490000247955322,"b3_h_nok":8.205693244934082,"b3_n_nok":1,"b3_n_vlakken":4,"b3_opp_grond":61.150001525878906,"b3_opp_dak_plat":8.640000343322754,"b3_opp_dak_schuin":61.7599983215332,"b3_volume_lod22":413.2480773925781,"b3_kwaliteitsindicator":1,"b3_pw_bron":"ahn5","b3_h_goot_nap":5.26,"b3_h_nok_nap":8.36,"goothoogte":5.81,"nokhoogte":8.9},"geometry":{"type":"Polygon","coordinates":[[[172306.219,559549.125],[172296.891,559551.25],[172295.688,559545.938],[172309.016,559542.875],[172309.516,559545.063],[172305.5,559546],[172306.219,559549.125]]]}},{"type":"Feature","properties":{"identificatie":"NL.IMBAG.Pand.0091100000006994","oorspronkelijkbouwjaar":1974,"status":"Pand in gebruik","b3_dak_type":"slanted","b3_bouwlagen":3,"b3_h_maaiveld":-0.44999998807907104,"b3_h_nok":8.215712547302246,"b3_n_nok":1,"b3_n_vlakken":3,"b3_opp_grond":61.689998626708984,"b3_opp_dak_plat":8.770000457763672,"b3_opp_dak_schuin":61.290000915527344,"b3_volume_lod22":410.55548095703125,"b3_kwaliteitsindicator":1,"b3_pw_bron":"ahn5","b3_h_goot_nap":5.19,"b3_h_nok_nap":8.37,"goothoogte":5.64,"nokhoogte":8.82},"geometry":{"type":"Polygon","coordinates":[[[172116.734,559399.375],[172115.484,559404.813],[172102.109,559401.688],[172102.609,559399.5],[172106.641,559400.438],[172107.375,559397.375],[172116.734,559399.375]]]}},{"type":"Feature","properties":{"identificatie":"NL.IMBAG.Pand.0091100000004645","oorspronkelijkbouwjaar":1974,"status":"Pand in gebruik","b3_dak_type":"slanted","b3_bouwlagen":3,"b3_h_maaiveld":-0.5509999990463257,"b3_h_nok":8.204619407653809,"b3_n_nok":1,"b3_n_vlakken":3,"b3_opp_grond":60.869998931884766,"b3_opp_dak_plat":8.40999984741211,"b3_opp_dak_schuin":60.439998626708984,"b3_volume_lod22":411.68389892578125,"b3_kwaliteitsindicator":1,"b3_pw_bron":"ahn5","b3_h_goot_nap":5.2,"b3_h_nok_nap":8.35,"goothoogte":5.75,"nokhoogte":8.9},"geometry":{"type":"Polygon","coordinates":[[[172137.313,559471.438],[172134.5,559474.438],[172132.891,559472.938],[172135.703,559469.938],[172133.375,559467.75],[172139.938,559460.75],[172143.875,559464.438],[172137.313,559471.438]]]}},{"type":"Feature","properties":{"identificatie":"NL.IMBAG.Pand.0091100000005012","oorspronkelijkbouwjaar":1974,"status":"Pand in gebruik","b3_dak_type":"slanted","b3_bouwlagen":3,"b3_h_maaiveld":-0.4959999918937683,"b3_h_nok":8.212464332580566,"b3_n_nok":1,"b3_n_vlakken":3,"b3_opp_grond":60.91999816894531,"b3_opp_dak_plat":8.800000190734863,"b3_opp_dak_schuin":60.25,"b3_volume_lod22":407.80035400390625,"b3_kwaliteitsindicator":1,"b3_pw_bron":"ahn5","b3_h_goot_nap":5.21,"b3_h_nok_nap":8.37,"goothoogte":5.7,"nokhoogte":8.87},"geometry":{"type":"Polygon","coordinates":[[[172110.609,559425.688],[172109.391,559430.938],[172100.016,559428.938],[172095.969,559428],[172096.469,559425.813],[172100.516,559426.813],[172101.25,559423.688],[172110.609,559425.688]]]}},{"type":"Feature","properties":{"identificatie":"NL.IMBAG.Pand.0091100000008638","oorspronkelijkbouwjaar":1974,"status":"Pand in gebruik","b3_dak_type":"slanted","b3_bouwlagen":3,"b3_h_maaiveld":-0.4519999921321869,"b3_h_nok":8.188639640808105,"b3_n_nok":1,"b3_n_vlakken":3,"b3_opp_grond":60.880001068115234,"b3_opp_dak_plat":8.720000267028809,"b3_opp_dak_schuin":60.45000076293945,"b3_volume_lod22":403.63824462890625,"b3_kwaliteitsindicator":1,"b3_pw_bron":"ahn5","b3_h_goot_nap":5.2,"b3_h_nok_nap":8.37,"goothoogte":5.65,"nokhoogte":8.82},"geometry":{"type":"Polygon","coordinates":[[[172328.516,559560.813],[172327.625,559558.813],[172331.422,559557.125],[172330.141,559554.188],[172338.922,559550.375],[172341.078,559555.313],[172328.516,559560.813]]]}},{"type":"Feature","properties":{"identificatie":"NL.IMBAG.Pand.0091100000014856","oorspronkelijkbouwjaar":1974,"status":"Pand in gebruik","b3_dak_type":"slanted","b3_bouwlagen":3,"b3_h_maaiveld":-0.5600000023841858,"b3_h_nok":8.19935131072998,"b3_n_nok":1,"b3_n_vlakken":3,"b3_opp_grond":60.59000015258789,"b3_opp_dak_plat":8.989999771118164,"b3_opp_dak_schuin":59.75,"b3_volume_lod22":407.8875732421875,"b3_kwaliteitsindicator":1,"b3_pw_bron":"ahn5","b3_h_goot_nap":5.19,"b3_h_nok_nap":8.39,"goothoogte":5.75,"nokhoogte":8.95},"geometry":{"type":"Polygon","coordinates":[[[172239.438,559456.063],[172235.344,559459.563],[172226.453,559449.188],[172228.141,559447.75],[172230.813,559450.875],[172233.234,559448.813],[172239.438,559456.063]]]}},{"type":"Feature","properties":{"identificatie":"NL.IMBAG.Pand.0091100000008610","oorspronkelijkbouwjaar":1976,"status":"Pand in gebruik","b3_dak_type":"slanted","b3_bouwlagen":3,"b3_h_maaiveld":-0.527999997138977,"b3_h_nok":8.212562561035156,"b3_n_nok":1,"b3_n_vlakken":4,"b3_opp_grond":62.22999954223633,"b3_opp_dak_plat":9.449999809265137,"b3_opp_dak_schuin":67.79000091552734,"b3_volume_lod22":374.0954895019531,"b3_kwaliteitsindicator":1,"b3_pw_bron":"ahn5","b3_h_goot_nap":2.99,"b3_h_nok_nap":8.42,"goothoogte":3.52,"nokhoogte":8.95},"geometry":{"type":"Polygon","coordinates":[[[172329.406,559402.75],[172326.25,559406.063],[172324.484,559404.438],[172327.672,559401.125],[172325.5,559399],[172331.922,559392.125],[172335.844,559395.875],[172329.406,559402.75]]]}},{"type":"Feature","properties":{"identificatie":"NL.IMBAG.Pand.0091100000008991","oorspronkelijkbouwjaar":1976,"status":"Pand in gebruik","b3_dak_type":"slanted","b3_bouwlagen":3,"b3_h_maaiveld":-0.597000002861023,"b3_h_nok":8.185726165771484,"b3_n_nok":3,"b3_n_vlakken":5,"b3_opp_grond":62.22999954223633,"b3_opp_dak_plat":10.449999809265137,"b3_opp_dak_schuin":66.5,"b3_volume_lod22":378.42840576171875,"b3_kwaliteitsindicator":1,"b3_pw_bron":"ahn5","b3_h_goot_nap":2.79,"b3_h_nok_nap":8.38,"goothoogte":3.39,"nokhoogte":8.98},"geometry":{"type":"Polygon","coordinates":[[[172312.109,559429.375],[172308.156,559425.688],[172314.625,559418.75],[172316.813,559420.813],[172319.953,559417.5],[172321.703,559419.125],[172312.109,559429.375]]]}},{"type":"Feature","properties":{"identificatie":"NL.IMBAG.Pand.0091100000010856","oorspronkelijkbouwjaar":1976,"status":"Pand in gebruik","b3_dak_type":"slanted","b3_bouwlagen":3,"b3_h_maaiveld":-0.5830000042915344,"b3_h_nok":8.202452659606934,"b3_n_nok":3,"b3_n_vlakken":5,"b3_opp_grond":62.16999816894531,"b3_opp_dak_plat":10.279999732971191,"b3_opp_dak_schuin":72.08999633789062,"b3_volume_lod22":382.164794921875,"b3_kwaliteitsindicator":1,"b3_pw_bron":"ahn5","b3_h_goot_nap":2.8,"b3_h_nok_nap":8.38,"goothoogte":3.39,"nokhoogte":8.96},"geometry":{"type":"Polygon","coordinates":[[[172310.688,559415.063],[172304.219,559422],[172300.281,559418.313],[172306.734,559411.375],[172308.938,559413.438],[172312.063,559410.063],[172313.844,559411.75],[172310.688,559415.063]]]}},{"type":"Feature","properties":{"identificatie":"NL.IMBAG.Pand.0091100000008152","oorspronkelijkbouwjaar":1974,"status":"Pand in gebruik","b3_dak_type":"slanted","b3_bouwlagen":3,"b3_h_maaiveld":-0.4359999895095825,"b3_h_nok":8.188758850097656,"b3_n_nok":1,"b3_n_vlakken":3,"b3_opp_grond":59.310001373291016,"b3_opp_dak_plat":9.420000076293945,"b3_opp_dak_schuin":57.880001068115234,"b3_volume_lod22":389.6775817871094,"b3_kwaliteitsindicator":1,"b3_pw_bron":"ahn5","b3_h_goot_nap":5.22,"b3_h_nok_nap":8.34,"goothoogte":5.66,"nokhoogte":8.78},"geometry":{"type":"Polygon","coordinates":[[[172270,559576.875],[172265.891,559577.438],[172265.609,559575.25],[172269.719,559574.688],[172269.297,559571.5],[172278.797,559570.25],[172279.484,559575.438],[172269.984,559576.688],[172270,559576.875]]]}},{"type":"Feature","properties":{"identificatie":"NL.IMBAG.Pand.0091100000004574","oorspronkelijkbouwjaar":1974,"status":"Pand in gebruik","b3_dak_type":"slanted","b3_bouwlagen":3,"b3_h_maaiveld":-0.5450000166893005,"b3_h_nok":8.20623779296875,"b3_n_nok":1,"b3_n_vlakken":3,"b3_opp_grond":61.130001068115234,"b3_opp_dak_plat":8.34000015258789,"b3_opp_dak_schuin":61.2599983215332,"b3_volume_lod22":412.72412109375,"b3_kwaliteitsindicator":1,"b3_pw_bron":"ahn5","b3_h_goot_nap":5.17,"b3_h_nok_nap":8.35,"goothoogte":5.72,"nokhoogte":8.9},"geometry":{"type":"Polygon","coordinates":[[[172173.906,559495.563],[172172.281,559494],[172175.125,559491],[172172.781,559488.813],[172179.344,559481.813],[172183.297,559485.5],[172173.906,559495.563]]]}},{"type":"Feature","properties":{"identificatie":"NL.IMBAG.Pand.0091100000014201","oorspronkelijkbouwjaar":1974,"status":"Pand in gebruik","b3_dak_type":"slanted","b3_bouwlagen":3,"b3_h_maaiveld":-0.5009999871253967,"b3_h_nok":8.231855392456055,"b3_n_nok":1,"b3_n_vlakken":3,"b3_opp_grond":61.11000061035156,"b3_opp_dak_plat":9.050000190734863,"b3_opp_dak_schuin":60.40999984741211,"b3_volume_lod22":408.1070556640625,"b3_kwaliteitsindicator":1,"b3_pw_bron":"ahn5","b3_h_goot_nap":5.32,"b3_h_nok_nap":8.38,"goothoogte":5.82,"nokhoogte":8.88},"geometry":{"type":"Polygon","coordinates":[[[172251.984,559546.625],[172255.953,559550.313],[172246.625,559560.375],[172244.984,559558.813],[172247.813,559555.813],[172245.469,559553.625],[172251.984,559546.625]]]}},{"type":"Feature","properties":{"identificatie":"NL.IMBAG.Pand.0091100000009087","oorspronkelijkbouwjaar":1976,"status":"Pand in gebruik","b3_dak_type":"slanted","b3_bouwlagen":3,"b3_h_maaiveld":-0.6119999885559082,"b3_h_nok":8.179559707641602,"b3_n_nok":1,"b3_n_vlakken":5,"b3_opp_grond":65.98999786376953,"b3_opp_dak_plat":9.380000114440918,"b3_opp_dak_schuin":72.38999938964844,"b3_volume_lod22":401.7454833984375,"b3_kwaliteitsindicator":1,"b3_pw_bron":"ahn5","b3_h_goot_nap":2.78,"b3_h_nok_nap":8.36,"goothoogte":3.39,"nokhoogte":8.98},"geometry":{"type":"Polygon","coordinates":[[[172337.672,559411.188],[172342.094,559410.75],[172341.813,559407.438],[172351.375,559406.563],[172351.906,559412.313],[172337.891,559413.563],[172337.672,559411.188]]]}},{"type":"Feature","properties":{"identificatie":"NL.IMBAG.Pand.0091100000015045","oorspronkelijkbouwjaar":1975,"status":"Pand in gebruik","b3_dak_type":"slanted","b3_bouwlagen":2,"b3_h_maaiveld":-0.6140000224113464,"b3_h_nok":6.042084693908691,"b3_n_nok":1,"b3_n_vlakken":4,"b3_opp_grond":67.06999969482422,"b3_opp_dak_plat":7.929999828338623,"b3_opp_dak_schuin":70.55999755859375,"b3_volume_lod22":327.30694580078125,"b3_kwaliteitsindicator":1,"b3_pw_bron":"ahn5","b3_h_goot_nap":2.63,"b3_h_nok_nap":6.21,"goothoogte":3.25,"nokhoogte":6.82},"geometry":{"type":"Polygon","coordinates":[[[172228.031,559411.313],[172226.422,559409.813],[172228.938,559407.125],[172225.219,559403.625],[172231.672,559396.75],[172236.234,559401],[172229.781,559407.875],[172230.547,559408.625],[172228.031,559411.313]]]}},{"type":"Feature","properties":{"identificatie":"NL.IMBAG.Pand.0091100000008651","oorspronkelijkbouwjaar":1974,"status":"Pand in gebruik","b3_dak_type":"slanted","b3_bouwlagen":3,"b3_h_maaiveld":-0.6169999837875366,"b3_h_nok":8.190770149230957,"b3_n_nok":2,"b3_n_vlakken":5,"b3_opp_grond":82.43000030517578,"b3_opp_dak_plat":0,"b3_opp_dak_schuin":90.75,"b3_volume_lod22":478.05255126953125,"b3_kwaliteitsindicator":1,"b3_pw_bron":"ahn5","b3_h_goot_nap":2.28,"b3_h_nok_nap":8.41,"goothoogte":2.9,"nokhoogte":9.02},"geometry":{"type":"Polygon","coordinates":[[[172217.219,559451.625],[172219.984,559454.875],[172222.422,559452.813],[172225.031,559455.875],[172225.141,559455.75],[172231.344,559463],[172227.25,559466.5],[172221.047,559459.25],[172220.922,559459.375],[172215.609,559453.125],[172217.219,559451.625]]]}},{"type":"Feature","properties":{"identificatie":"NL.IMBAG.Pand.0091100000006780","oorspronkelijkbouwjaar":1979,"status":"Pand in gebruik","b3_dak_type":"slanted","b3_bouwlagen":3,"b3_h_maaiveld":-0.41600000858306885,"b3_h_nok":9.317953109741211,"b3_n_nok":1,"b3_n_vlakken":3,"b3_opp_grond":89.70999908447266,"b3_opp_dak_plat":33.900001525878906,"b3_opp_dak_schuin":74.29000091552734,"b3_volume_lod22":555.6470336914062,"b3_kwaliteitsindicator":1,"b3_pw_bron":"ahn5","b3_h_goot_nap":2.35,"b3_h_nok_nap":9.49,"goothoogte":2.76,"nokhoogte":9.9},"geometry":{"type":"Polygon","coordinates":[[[172382.703,559430.813],[172376.766,559431.188],[172376.438,559425.063],[172373.375,559425.188],[172372.984,559418.188],[172379.031,559417.75],[172379.266,559421.438],[172382.188,559421.25],[172382.703,559430.813]]]}},{"type":"Feature","properties":{"identificatie":"NL.IMBAG.Pand.0091100000009081","oorspronkelijkbouwjaar":1978,"status":"Pand in gebruik","b3_dak_type":"horizontal","b3_bouwlagen":2,"b3_h_maaiveld":-0.2709999978542328,"b3_n_nok":0,"b3_n_vlakken":1,"b3_opp_grond":53.720001220703125,"b3_opp_dak_plat":53.720001220703125,"b3_opp_dak_schuin":0,"b3_volume_lod22":305.1840515136719,"b3_kwaliteitsindicator":1,"b3_pw_bron":"ahn5","b3_h_goot_nap":5.39,"b3_h_nok_nap":5.43,"goothoogte":5.66,"nokhoogte":5.7},"geometry":{"type":"Polygon","coordinates":[[[172398.141,559400],[172398.125,559399.813],[172393.719,559400.25],[172393.281,559395.75],[172404.875,559394.625],[172405.313,559399.313],[172398.141,559400]]]}},{"type":"Feature","properties":{"identificatie":"NL.IMBAG.Pand.0091100000009858","oorspronkelijkbouwjaar":1977,"status":"Pand in gebruik","b3_dak_type":"horizontal","b3_h_maaiveld":-0.7649999856948853,"b3_n_nok":0,"b3_n_vlakken":1,"b3_opp_grond":12.979999542236328,"b3_opp_dak_plat":0,"b3_opp_dak_schuin":13.029999732971191,"b3_volume_lod22":33.0042610168457,"b3_kwaliteitsindicator":1,"b3_pw_bron":"ahn5","b3_h_goot_nap":1.62,"b3_h_nok_nap":1.93,"goothoogte":2.39,"nokhoogte":2.7},"geometry":{"type":"Polygon","coordinates":[[[172370.578,559416.063],[172367.531,559416.313],[172367.219,559412.063],[172370.266,559411.813],[172370.578,559416.063]]]}},{"type":"Feature","properties":{"identificatie":"NL.IMBAG.Pand.0091100000010326","oorspronkelijkbouwjaar":1974,"status":"Pand in gebruik","b3_dak_type":"slanted","b3_bouwlagen":3,"b3_h_maaiveld":-0.515999972820282,"b3_h_nok":8.267309188842773,"b3_n_nok":1,"b3_n_vlakken":4,"b3_opp_grond":70.12999725341797,"b3_opp_dak_plat":8.569999694824219,"b3_opp_dak_schuin":70.5,"b3_volume_lod22":451.6199035644531,"b3_kwaliteitsindicator":1,"b3_pw_bron":"ahn5","b3_h_goot_nap":5.15,"b3_h_nok_nap":8.46,"goothoogte":5.67,"nokhoogte":8.97},"geometry":{"type":"Polygon","coordinates":[[[172442.813,559507.188],[172448.375,559514.938],[172445.469,559517],[172447.844,559520.375],[172448.109,559520.188],[172449.563,559522.25],[172447.625,559523.625],[172446.172,559521.563],[172446.047,559521.625],[172438.141,559510.5],[172442.813,559507.188]]]}},{"type":"Feature","properties":{"identificatie":"NL.IMBAG.Pand.0091100000004379","oorspronkelijkbouwjaar":1978,"status":"Pand in gebruik","b3_dak_type":"horizontal","b3_h_maaiveld":-0.5640000104904175,"b3_n_nok":0,"b3_n_vlakken":1,"b3_opp_grond":10.520000457763672,"b3_opp_dak_plat":10.520000457763672,"b3_opp_dak_schuin":0,"b3_volume_lod22":31.34429168701172,"b3_kwaliteitsindicator":1,"b3_pw_bron":"ahn5","b3_h_goot_nap":2.39,"b3_h_nok_nap":2.45,"goothoogte":2.95,"nokhoogte":3.02},"geometry":{"type":"Polygon","coordinates":[[[172382.906,559406],[172379.719,559406.313],[172379.422,559403],[172382.594,559402.75],[172382.906,559406]]]}},{"type":"Feature","properties":{"identificatie":"NL.IMBAG.Pand.0091100000010087","oorspronkelijkbouwjaar":1972,"status":"Pand in gebruik","b3_dak_type":"slanted","b3_bouwlagen":3,"b3_h_maaiveld":-0.04500000178813934,"b3_h_nok":8.199254989624023,"b3_n_nok":1,"b3_n_vlakken":3,"b3_opp_grond":61.790000915527344,"b3_opp_dak_plat":9.5,"b3_opp_dak_schuin":60.72999954223633,"b3_volume_lod22":394.30743408203125,"b3_kwaliteitsindicator":1,"b3_pw_bron":"ahn5","b3_h_goot_nap":5.61,"b3_h_nok_nap":8.36,"goothoogte":5.66,"nokhoogte":8.41},"geometry":{"type":"Polygon","coordinates":[[[172575.469,559615.313],[172569.266,559615.875],[172568.531,559607.563],[172572.438,559607.188],[172572.047,559602.938],[172574.328,559602.688],[172575.469,559615.313]]]}},{"type":"Feature","properties":{"identificatie":"NL.IMBAG.Pand.0091100000010237","oorspronkelijkbouwjaar":1974,"status":"Pand in gebruik","b3_dak_type":"slanted","b3_bouwlagen":3,"b3_h_maaiveld":-0.460999995470047,"b3_h_nok":8.259965896606445,"b3_n_nok":1,"b3_n_vlakken":3,"b3_opp_grond":60.5099983215332,"b3_opp_dak_plat":9.09000015258789,"b3_opp_dak_schuin":59.650001525878906,"b3_volume_lod22":404.3057556152344,"b3_kwaliteitsindicator":1,"b3_pw_bron":"ahn5","b3_h_goot_nap":5.28,"b3_h_nok_nap":8.38,"goothoogte":5.74,"nokhoogte":8.84},"geometry":{"type":"Polygon","coordinates":[[[172436.516,559483.625],[172435.922,559478.25],[172445.422,559477.188],[172445.781,559480.313],[172449.859,559479.875],[172450.109,559482.063],[172436.516,559483.625]]]}},{"type":"Feature","properties":{"identificatie":"NL.IMBAG.Pand.0091100000010245","oorspronkelijkbouwjaar":1974,"status":"Pand in gebruik","b3_dak_type":"slanted","b3_bouwlagen":3,"b3_h_maaiveld":-0.39800000190734863,"b3_h_nok":8.260669708251953,"b3_n_nok":1,"b3_n_vlakken":3,"b3_opp_grond":60.66999816894531,"b3_opp_dak_plat":15.989999771118164,"b3_opp_dak_schuin":58.900001525878906,"b3_volume_lod22":399.6837463378906,"b3_kwaliteitsindicator":1,"b3_pw_bron":"ahn5","b3_h_goot_nap":5.31,"b3_h_nok_nap":8.39,"goothoogte":5.7,"nokhoogte":8.79},"geometry":{"type":"Polygon","coordinates":[[[172437.125,559489],[172436.516,559483.625],[172446.016,559482.563],[172446.375,559485.688],[172450.453,559485.25],[172450.703,559487.438],[172437.125,559489]]]}},{"type":"Feature","properties":{"identificatie":"NL.IMBAG.Pand.0091100000002263","oorspronkelijkbouwjaar":1974,"status":"Pand in gebruik","b3_dak_type":"slanted","b3_bouwlagen":3,"b3_h_maaiveld":-0.4779999852180481,"b3_h_nok":8.210597038269043,"b3_n_nok":1,"b3_n_vlakken":3,"b3_opp_grond":60.70000076293945,"b3_opp_dak_plat":8.470000267028809,"b3_opp_dak_schuin":60.5,"b3_volume_lod22":405.4910888671875,"b3_kwaliteitsindicator":1,"b3_pw_bron":"ahn5","b3_h_goot_nap":5.17,"b3_h_nok_nap":8.32,"goothoogte":5.65,"nokhoogte":8.79},"geometry":{"type":"Polygon","coordinates":[[[172367.125,559522.188],[172358.656,559526.625],[172356.141,559521.875],[172368.281,559515.5],[172369.297,559517.438],[172365.625,559519.375],[172367.125,559522.188]]]}},{"type":"Feature","properties":{"identificatie":"NL.IMBAG.Pand.0091100000006776","oorspronkelijkbouwjaar":1977,"status":"Pand in gebruik","b3_dak_type":"horizontal","b3_h_maaiveld":-0.5979999899864197,"b3_n_nok":0,"b3_n_vlakken":1,"b3_opp_grond":6.360000133514404,"b3_opp_dak_plat":6.360000133514404,"b3_opp_dak_schuin":0,"b3_volume_lod22":17.73297691345215,"b3_kwaliteitsindicator":1,"b3_pw_bron":"ahn5","b3_h_goot_nap":2.17,"b3_h_nok_nap":2.21,"goothoogte":2.77,"nokhoogte":2.81},"geometry":{"type":"Polygon","coordinates":[[[172382.453,559481.438],[172380.344,559481.625],[172380.078,559478.688],[172382.188,559478.5],[172382.453,559481.438]]]}},{"type":"Feature","properties":{"identificatie":"NL.IMBAG.Pand.0091100000013913","oorspronkelijkbouwjaar":1974,"status":"Pand in gebruik","b3_dak_type":"slanted","b3_bouwlagen":3,"b3_h_maaiveld":-0.3610000014305115,"b3_h_nok":8.258842468261719,"b3_n_nok":1,"b3_n_vlakken":2,"b3_opp_grond":51.83000183105469,"b3_opp_dak_plat":0,"b3_opp_dak_schuin":60.06999969482422,"b3_volume_lod22":373.80377197265625,"b3_kwaliteitsindicator":1,"b3_pw_bron":"ahn5","b3_h_goot_nap":5.33,"b3_h_nok_nap":8.4,"goothoogte":5.69,"nokhoogte":8.76},"geometry":{"type":"Polygon","coordinates":[[[172387.313,559475],[172381.922,559475.5],[172381.063,559465.938],[172386.453,559465.438],[172387.313,559475]]]}},{"type":"Feature","properties":{"identificatie":"NL.IMBAG.Pand.0091100000007732","oorspronkelijkbouwjaar":1996,"status":"Pand in gebruik","b3_dak_type":"slanted","b3_h_maaiveld":-0.06700000166893005,"b3_n_nok":0,"b3_n_vlakken":4,"b3_opp_grond":1460.8399658203125,"b3_opp_dak_plat":1404.27001953125,"b3_opp_dak_schuin":0,"b3_volume_lod22":4441.982421875,"b3_kwaliteitsindicator":1,"b3_pw_bron":"ahn5","b3_h_goot_nap":3.29,"b3_h_nok_nap":4.05,"goothoogte":3.36,"nokhoogte":4.11},"geometry":{"type":"Polygon","coordinates":[[[172536.75,559482.875],[172536.406,559475.813],[172546.422,559475.25],[172546.516,559470.625],[172543.844,559470.563],[172543.938,559467],[172544,559466.688],[172544.641,559464.938],[172543.078,559464.375],[172543.094,559460.5],[172543.25,559460.5],[172543.25,559461.25],[172545.625,559462.125],[172546.266,559460.313],[172546.422,559460],[172550.547,559454.625],[172550.797,559454.375],[172552.359,559453.313],[172551.438,559451.938],[172553.719,559448.875],[172553.859,559448.938],[172553.406,559449.563],[172554.828,559451.625],[172556.406,559450.563],[172556.703,559450.438],[172563.234,559448.5],[172563.531,559448.438],[172565.453,559448.5],[172565.516,559446],[172564.813,559445.688],[172564.875,559445.563],[172568.469,559446.938],[172568.422,559448.563],[172570.344,559448.625],[172570.656,559448.688],[172577.047,559451],[172577.328,559451.125],[172578.844,559452.313],[172580.391,559450.25],[172579.969,559449.625],[172580.109,559449.563],[172582.219,559452.813],[172581.203,559454.125],[172582.953,559455.5],[172585.328,559459],[172591.547,559454.75],[172593.766,559457.938],[172596.453,559467.063],[172596.359,559471],[172588.828,559470.813],[172588.797,559471.813],[172587.625,559471.75],[172587.578,559473.25],[172591.188,559473.063],[172591.578,559480.125],[172536.75,559482.875]]]}},{"type":"Feature","properties":{"identificatie":"NL.IMBAG.Pand.0091100000016954","oorspronkelijkbouwjaar":1977,"status":"Pand in gebruik","b3_dak_type":"horizontal","b3_h_maaiveld":-0.7369999885559082,"b3_n_nok":0,"b3_n_vlakken":1,"b3_opp_grond":6.449999809265137,"b3_opp_dak_plat":6.449999809265137,"b3_opp_dak_schuin":0,"b3_volume_lod22":18.761747360229492,"b3_kwaliteitsindicator":1,"b3_pw_bron":"ahn5","b3_h_goot_nap":2.17,"b3_h_nok_nap":2.18,"goothoogte":2.91,"nokhoogte":2.92},"geometry":{"type":"Polygon","coordinates":[[[172414.516,559475.625],[172416.656,559475.438],[172416.922,559478.375],[172414.781,559478.563],[172414.516,559475.625]]]}},{"type":"Feature","properties":{"identificatie":"NL.IMBAG.Pand.0091100000009688","oorspronkelijkbouwjaar":1987,"status":"Pand in gebruik","b3_dak_type":"slanted","b3_h_maaiveld":-0.18799999356269836,"b3_h_nok":2.863477945327759,"b3_n_nok":1,"b3_n_vlakken":2,"b3_opp_grond":17.68000030517578,"b3_opp_dak_plat":0,"b3_opp_dak_schuin":20.229999542236328,"b3_volume_lod22":45.08005142211914,"b3_kwaliteitsindicator":1,"b3_pw_bron":"ahn5","b3_h_goot_nap":1.65,"b3_h_nok_nap":2.9,"goothoogte":1.84,"nokhoogte":3.08},"geometry":{"type":"Polygon","coordinates":[[[172392.797,559415.188],[172389.297,559415.313],[172389.141,559410.25],[172392.641,559410.125],[172392.797,559415.188]]]}},{"type":"Feature","properties":{"identificatie":"NL.IMBAG.Pand.0091100000016564","oorspronkelijkbouwjaar":1974,"status":"Pand in gebruik","b3_dak_type":"slanted","b3_bouwlagen":3,"b3_h_maaiveld":-0.4309999942779541,"b3_h_nok":8.255459785461426,"b3_n_nok":1,"b3_n_vlakken":3,"b3_opp_grond":62.61000061035156,"b3_opp_dak_plat":8.720000267028809,"b3_opp_dak_schuin":62.59000015258789,"b3_volume_lod22":418.5952453613281,"b3_kwaliteitsindicator":1,"b3_pw_bron":"ahn5","b3_h_goot_nap":5.24,"b3_h_nok_nap":8.46,"goothoogte":5.67,"nokhoogte":8.89},"geometry":{"type":"Polygon","coordinates":[[[172381.906,559516.75],[172380.609,559514.938],[172383.969,559512.563],[172382,559509.813],[172389.766,559504.25],[172393.031,559508.75],[172381.906,559516.75]]]}},{"type":"Feature","properties":{"identificatie":"NL.IMBAG.Pand.0091100000012371","oorspronkelijkbouwjaar":1974,"status":"Pand in gebruik","b3_dak_type":"slanted","b3_bouwlagen":3,"b3_h_maaiveld":-0.5339999794960022,"b3_h_nok":8.255849838256836,"b3_n_nok":1,"b3_n_vlakken":3,"b3_opp_grond":62.880001068115234,"b3_opp_dak_plat":8.760000228881836,"b3_opp_dak_schuin":62.54999923706055,"b3_volume_lod22":426.1235046386719,"b3_kwaliteitsindicator":1,"b3_pw_bron":"ahn5","b3_h_goot_nap":5.2,"b3_h_nok_nap":8.44,"goothoogte":5.73,"nokhoogte":8.98},"geometry":{"type":"Polygon","coordinates":[[[172408.703,559530.563],[172411.984,559535.063],[172400.859,559543.125],[172399.531,559541.25],[172402.891,559538.875],[172400.938,559536.125],[172408.703,559530.563]]]}},{"type":"Feature","properties":{"identificatie":"NL.IMBAG.Pand.0091100000018982","oorspronkelijkbouwjaar":1978,"status":"Pand in gebruik","b3_dak_type":"horizontal","b3_h_maaiveld":-0.5199999809265137,"b3_n_nok":0,"b3_n_vlakken":1,"b3_opp_grond":10.65999984741211,"b3_opp_dak_plat":10.65999984741211,"b3_opp_dak_schuin":0,"b3_volume_lod22":31.22025489807129,"b3_kwaliteitsindicator":1,"b3_pw_bron":"ahn5","b3_h_goot_nap":2.38,"b3_h_nok_nap":2.45,"goothoogte":2.9,"nokhoogte":2.97},"geometry":{"type":"Polygon","coordinates":[[[172383.344,559410.563],[172380.156,559410.813],[172379.781,559407.5],[172383.016,559407.25],[172383.344,559410.563]]]}},{"type":"Feature","properties":{"identificatie":"NL.IMBAG.Pand.0091100000008584","oorspronkelijkbouwjaar":1974,"status":"Pand in gebruik","b3_dak_type":"slanted","b3_bouwlagen":3,"b3_h_maaiveld":-0.5770000219345093,"b3_h_nok":8.266908645629883,"b3_n_nok":1,"b3_n_vlakken":3,"b3_opp_grond":62.709999084472656,"b3_opp_dak_plat":8.600000381469727,"b3_opp_dak_schuin":62.54999923706055,"b3_volume_lod22":430.2774963378906,"b3_kwaliteitsindicator":1,"b3_pw_bron":"ahn5","b3_h_goot_nap":5.21,"b3_h_nok_nap":8.44,"goothoogte":5.79,"nokhoogte":9.02},"geometry":{"type":"Polygon","coordinates":[[[172382.109,559509.938],[172378.75,559512.375],[172377.453,559510.563],[172380.813,559508.188],[172378.734,559505.25],[172386.5,559499.688],[172389.766,559504.25],[172382,559509.813],[172382.109,559509.938]]]}},{"type":"Feature","properties":{"identificatie":"NL.IMBAG.Pand.0091100000009065","oorspronkelijkbouwjaar":1977,"status":"Pand in gebruik","b3_dak_type":"horizontal","b3_h_maaiveld":-0.7210000157356262,"b3_n_nok":0,"b3_n_vlakken":1,"b3_opp_grond":6.420000076293945,"b3_opp_dak_plat":6.420000076293945,"b3_opp_dak_schuin":0,"b3_volume_lod22":18.53815269470215,"b3_kwaliteitsindicator":1,"b3_pw_bron":"ahn5","b3_h_goot_nap":2.15,"b3_h_nok_nap":2.18,"goothoogte":2.87,"nokhoogte":2.9},"geometry":{"type":"Polygon","coordinates":[[[172393.234,559480.5],[172391.094,559480.688],[172390.828,559477.688],[172392.969,559477.5],[172393.234,559480.5]]]}},{"type":"Feature","properties":{"identificatie":"NL.IMBAG.Pand.0091100000010273","oorspronkelijkbouwjaar":1974,"status":"Pand in gebruik","b3_dak_type":"slanted","b3_bouwlagen":3,"b3_h_maaiveld":-0.4690000116825104,"b3_h_nok":8.27517318725586,"b3_n_nok":1,"b3_n_vlakken":3,"b3_opp_grond":73.87000274658203,"b3_opp_dak_plat":22.389999389648438,"b3_opp_dak_schuin":59.720001220703125,"b3_volume_lod22":446.15032958984375,"b3_kwaliteitsindicator":1,"b3_pw_bron":"ahn5","b3_h_goot_nap":2.46,"b3_h_nok_nap":8.47,"goothoogte":2.93,"nokhoogte":8.94},"geometry":{"type":"Polygon","coordinates":[[[172438.141,559510.5],[172446.047,559521.625],[172441.641,559524.75],[172433.734,559513.625],[172438.141,559510.5]]]}},{"type":"Feature","properties":{"identificatie":"NL.IMBAG.Pand.0091100000009679","oorspronkelijkbouwjaar":1972,"status":"Pand in gebruik","b3_dak_type":"slanted","b3_bouwlagen":2,"b3_h_maaiveld":0.125,"b3_h_nok":6.552107810974121,"b3_n_nok":1,"b3_n_vlakken":3,"b3_opp_grond":118.55000305175781,"b3_opp_dak_plat":14.3100004196167,"b3_opp_dak_schuin":121.29000091552734,"b3_volume_lod22":545.7266235351562,"b3_kwaliteitsindicator":1,"b3_pw_bron":"ahn5","b3_h_goot_nap":2.87,"b3_h_nok_nap":6.75,"goothoogte":2.74,"nokhoogte":6.62},"geometry":{"type":"Polygon","coordinates":[[[172534.5,559620.188],[172533.531,559609.625],[172542.938,559608.75],[172543,559609.5],[172546.688,559609.188],[172547.141,559614.125],[172543.453,559614.5],[172543.891,559619.313],[172534.5,559620.188]]]}},{"type":"Feature","properties":{"identificatie":"NL.IMBAG.Pand.0091100000003865","oorspronkelijkbouwjaar":1977,"status":"Pand in gebruik","b3_dak_type":"horizontal","b3_h_maaiveld":-0.7519999742507935,"b3_n_nok":0,"b3_n_vlakken":1,"b3_opp_grond":6.510000228881836,"b3_opp_dak_plat":6.510000228881836,"b3_opp_dak_schuin":0,"b3_volume_lod22":19.07048797607422,"b3_kwaliteitsindicator":1,"b3_pw_bron":"ahn5","b3_h_goot_nap":2.16,"b3_h_nok_nap":2.21,"goothoogte":2.91,"nokhoogte":2.96},"geometry":{"type":"Polygon","coordinates":[[[172403.734,559476.563],[172405.906,559476.375],[172406.172,559479.375],[172404,559479.563],[172403.734,559476.563]]]}},{"type":"Feature","properties":{"identificatie":"NL.IMBAG.Pand.0091100000006860","oorspronkelijkbouwjaar":1974,"status":"Pand in gebruik","b3_dak_type":"slanted","b3_bouwlagen":3,"b3_h_maaiveld":-0.5519999861717224,"b3_h_nok":8.209375381469727,"b3_n_nok":1,"b3_n_vlakken":3,"b3_opp_grond":64.18000030517578,"b3_opp_dak_plat":8.960000038146973,"b3_opp_dak_schuin":63.970001220703125,"b3_volume_lod22":433.8739013671875,"b3_kwaliteitsindicator":1,"b3_pw_bron":"ahn5","b3_h_goot_nap":5.28,"b3_h_nok_nap":8.36,"goothoogte":5.84,"nokhoogte":8.91},"geometry":{"type":"Polygon","coordinates":[[[172383.375,559544.188],[172384.406,559546.125],[172380.734,559548.063],[172382.406,559551.188],[172373.938,559555.688],[172371.25,559550.563],[172383.375,559544.188]]]}},{"type":"Feature","properties":{"identificatie":"NL.IMBAG.Pand.0091100000002317","oorspronkelijkbouwjaar":1974,"status":"Pand in gebruik","b3_dak_type":"slanted","b3_bouwlagen":3,"b3_h_maaiveld":-0.5849999785423279,"b3_h_nok":8.21519947052002,"b3_n_nok":1,"b3_n_vlakken":3,"b3_opp_grond":61.060001373291016,"b3_opp_dak_plat":8.600000381469727,"b3_opp_dak_schuin":60.310001373291016,"b3_volume_lod22":412.7846374511719,"b3_kwaliteitsindicator":1,"b3_pw_bron":"ahn5","b3_h_goot_nap":5.28,"b3_h_nok_nap":8.31,"goothoogte":5.86,"nokhoogte":8.89},"geometry":{"type":"Polygon","coordinates":[[[172366.781,559512.625],[172363.109,559514.563],[172364.609,559517.438],[172356.141,559521.875],[172353.625,559517.063],[172365.75,559510.688],[172366.781,559512.625]]]}},{"type":"Feature","properties":{"identificatie":"NL.IMBAG.Pand.0091100000006723","oorspronkelijkbouwjaar":1974,"status":"Pand in gebruik","b3_dak_type":"slanted","b3_bouwlagen":3,"b3_h_maaiveld":-0.3330000042915344,"b3_h_nok":8.257075309753418,"b3_n_nok":1,"b3_n_vlakken":2,"b3_opp_grond":51.86000061035156,"b3_opp_dak_plat":0,"b3_opp_dak_schuin":60.15999984741211,"b3_volume_lod22":372.4573974609375,"b3_kwaliteitsindicator":1,"b3_pw_bron":"ahn5","b3_h_goot_nap":5.31,"b3_h_nok_nap":8.41,"goothoogte":5.65,"nokhoogte":8.74},"geometry":{"type":"Polygon","coordinates":[[[172419.641,559472.125],[172414.25,559472.625],[172413.406,559463.063],[172418.797,559462.563],[172419.641,559472.125]]]}},{"type":"Feature","properties":{"identificatie":"NL.IMBAG.Pand.0091100000009349","oorspronkelijkbouwjaar":1974,"status":"Pand in gebruik","b3_dak_type":"slanted","b3_bouwlagen":3,"b3_h_maaiveld":-0.4359999895095825,"b3_h_nok":8.265782356262207,"b3_n_nok":1,"b3_n_vlakken":3,"b3_opp_grond":70.72000122070312,"b3_opp_dak_plat":16.18000030517578,"b3_opp_dak_schuin":63.34000015258789,"b3_volume_lod22":441.2295227050781,"b3_kwaliteitsindicator":1,"b3_pw_bron":"ahn5","b3_h_goot_nap":2.4,"b3_h_nok_nap":8.45,"goothoogte":2.83,"nokhoogte":8.89},"geometry":{"type":"Polygon","coordinates":[[[172391.359,559529.938],[172390.078,559528.125],[172390.891,559527.563],[172389.047,559524.938],[172399.344,559517.563],[172402.5,559521.938],[172391.359,559529.938]]]}},{"type":"Feature","properties":{"identificatie":"NL.IMBAG.Pand.0091100000007238","oorspronkelijkbouwjaar":1974,"status":"Pand in gebruik","b3_dak_type":"slanted","b3_bouwlagen":3,"b3_h_maaiveld":-0.43700000643730164,"b3_h_nok":8.269394874572754,"b3_n_nok":1,"b3_n_vlakken":3,"b3_opp_grond":60.88999938964844,"b3_opp_dak_plat":8.170000076293945,"b3_opp_dak_schuin":61.22999954223633,"b3_volume_lod22":407.7682189941406,"b3_kwaliteitsindicator":1,"b3_pw_bron":"ahn5","b3_h_goot_nap":5.03,"b3_h_nok_nap":8.46,"goothoogte":5.46,"nokhoogte":8.9},"geometry":{"type":"Polygon","coordinates":[[[172401.031,559536.25],[172397.672,559538.688],[172396.391,559536.875],[172399.734,559534.5],[172397.781,559531.75],[172405.563,559526.188],[172408.703,559530.563],[172400.938,559536.125],[172401.031,559536.25]]]}},{"type":"Feature","properties":{"identificatie":"NL.IMBAG.Pand.0091100000009591","oorspronkelijkbouwjaar":1972,"status":"Pand in gebruik","b3_dak_type":"slanted","b3_bouwlagen":2,"b3_h_maaiveld":-0.004000000189989805,"b3_h_nok":6.593902111053467,"b3_n_nok":1,"b3_n_vlakken":3,"b3_opp_grond":63.61000061035156,"b3_opp_dak_plat":6.5,"b3_opp_dak_schuin":67.62999725341797,"b3_volume_lod22":305.7101135253906,"b3_kwaliteitsindicator":1,"b3_pw_bron":"ahn5","b3_h_goot_nap":2.75,"b3_h_nok_nap":6.72,"goothoogte":2.76,"nokhoogte":6.73},"geometry":{"type":"Polygon","coordinates":[[[172536.141,559638.25],[172535.609,559632.438],[172545.016,559631.563],[172544.906,559630.375],[172548.578,559630],[172548.781,559632.25],[172545.109,559632.625],[172545.547,559637.438],[172536.141,559638.25]]]}},{"type":"Feature","properties":{"identificatie":"NL.IMBAG.Pand.0091100000003786","oorspronkelijkbouwjaar":1977,"status":"Pand in gebruik","b3_dak_type":"horizontal","b3_h_maaiveld":-0.3970000147819519,"b3_n_nok":0,"b3_n_vlakken":1,"b3_opp_grond":16.780000686645508,"b3_opp_dak_plat":16.780000686645508,"b3_opp_dak_schuin":0,"b3_volume_lod22":43.86083221435547,"b3_kwaliteitsindicator":1,"b3_pw_bron":"ahn5","b3_h_goot_nap":2.21,"b3_h_nok_nap":2.23,"goothoogte":2.6,"nokhoogte":2.63},"geometry":{"type":"Polygon","coordinates":[[[172440.063,559461.875],[172434.375,559462.5],[172434.047,559459.563],[172439.734,559458.938],[172440.063,559461.875]]]}},{"type":"Feature","properties":{"identificatie":"NL.IMBAG.Pand.0091100000008197","oorspronkelijkbouwjaar":1978,"status":"Pand in gebruik","b3_dak_type":"slanted","b3_bouwlagen":2,"b3_h_maaiveld":-0.23000000417232513,"b3_n_nok":0,"b3_n_vlakken":3,"b3_opp_grond":54.59000015258789,"b3_opp_dak_plat":53.91999816894531,"b3_opp_dak_schuin":0,"b3_volume_lod22":285.76922607421875,"b3_kwaliteitsindicator":1,"b3_pw_bron":"ahn5","b3_h_goot_nap":5.39,"b3_h_nok_nap":5.42,"goothoogte":5.62,"nokhoogte":5.65},"geometry":{"type":"Polygon","coordinates":[[[172398.578,559404.375],[172399.031,559409],[172387.438,559410.125],[172386.984,559405.5],[172398.578,559404.375]]]}},{"type":"Feature","properties":{"identificatie":"NL.IMBAG.Pand.0091100000008193","oorspronkelijkbouwjaar":1974,"status":"Pand in gebruik","b3_dak_type":"slanted","b3_bouwlagen":3,"b3_h_maaiveld":-0.4350000023841858,"b3_h_nok":8.269033432006836,"b3_n_nok":1,"b3_n_vlakken":3,"b3_opp_grond":59.2599983215332,"b3_opp_dak_plat":8.140000343322754,"b3_opp_dak_schuin":59.09000015258789,"b3_volume_lod22":396.129150390625,"b3_kwaliteitsindicator":1,"b3_pw_bron":"ahn5","b3_h_goot_nap":5.02,"b3_h_nok_nap":8.45,"goothoogte":5.45,"nokhoogte":8.88},"geometry":{"type":"Polygon","coordinates":[[[172397.875,559531.875],[172394.516,559534.313],[172393.234,559532.5],[172396.578,559530.063],[172394.719,559527.5],[172402.5,559521.938],[172405.563,559526.188],[172397.781,559531.75],[172397.875,559531.875]]]}},{"type":"Feature","properties":{"identificatie":"NL.IMBAG.Pand.0091100000002303","oorspronkelijkbouwjaar":1976,"status":"Pand in gebruik","b3_dak_type":"slanted","b3_bouwlagen":3,"b3_h_maaiveld":-0.546999990940094,"b3_h_nok":8.177825927734375,"b3_n_nok":1,"b3_n_vlakken":4,"b3_opp_grond":62.59000015258789,"b3_opp_dak_plat":13.300000190734863,"b3_opp_dak_schuin":66.83999633789062,"b3_volume_lod22":377.6385498046875,"b3_kwaliteitsindicator":1,"b3_pw_bron":"ahn5","b3_h_goot_nap":2.79,"b3_h_nok_nap":8.37,"goothoogte":3.34,"nokhoogte":8.92},"geometry":{"type":"Polygon","coordinates":[[[172353.875,559433.813],[172354.375,559439.25],[172340.375,559440.5],[172340.141,559438.125],[172344.688,559437.688],[172344.422,559434.688],[172353.875,559433.813]]]}},{"type":"Feature","properties":{"identificatie":"NL.IMBAG.Pand.0091100000009695","oorspronkelijkbouwjaar":1972,"status":"Pand in gebruik","b3_dak_type":"slanted","b3_bouwlagen":2,"b3_h_maaiveld":0.03999999910593033,"b3_h_nok":6.614014625549316,"b3_n_nok":1,"b3_n_vlakken":3,"b3_opp_grond":66.05999755859375,"b3_opp_dak_plat":8.289999961853027,"b3_opp_dak_schuin":68.52999877929688,"b3_volume_lod22":314.8894958496094,"b3_kwaliteitsindicator":1,"b3_pw_bron":"ahn5","b3_h_goot_nap":3.26,"b3_h_nok_nap":6.82,"goothoogte":3.22,"nokhoogte":6.78},"geometry":{"type":"Polygon","coordinates":[[[172535.047,559626.313],[172534.5,559620.188],[172543.891,559619.313],[172543.781,559618.188],[172547.469,559617.813],[172547.672,559620.063],[172543.984,559620.375],[172544.453,559625.438],[172535.047,559626.313]]]}},{"type":"Feature","properties":{"identificatie":"NL.IMBAG.Pand.0091100000010083","oorspronkelijkbouwjaar":1972,"status":"Pand in gebruik","b3_dak_type":"slanted","b3_bouwlagen":3,"b3_h_maaiveld":-0.2639999985694885,"b3_h_nok":8.210165023803711,"b3_n_nok":1,"b3_n_vlakken":5,"b3_opp_grond":74.62999725341797,"b3_opp_dak_plat":28.979999542236328,"b3_opp_dak_schuin":53.209999084472656,"b3_volume_lod22":407.6590576171875,"b3_kwaliteitsindicator":1,"b3_pw_bron":"ahn5","b3_h_goot_nap":2.06,"b3_h_nok_nap":8.4,"goothoogte":2.32,"nokhoogte":8.67},"geometry":{"type":"Polygon","coordinates":[[[172581,559597.25],[172581.281,559602.063],[172580.516,559602.125],[172580.938,559606.813],[172580.203,559606.875],[172580.938,559614.875],[172575.469,559615.313],[172574.719,559607],[172578.594,559606.625],[172578.188,559602.375],[172577.469,559602.438],[172577.188,559597.625],[172581,559597.25]]]}},{"type":"Feature","properties":{"identificatie":"NL.IMBAG.Pand.0091100000016956","oorspronkelijkbouwjaar":1977,"status":"Pand in gebruik","b3_dak_type":"horizontal","b3_h_maaiveld":-0.7300000190734863,"b3_n_nok":0,"b3_n_vlakken":1,"b3_opp_grond":6.550000190734863,"b3_opp_dak_plat":6.550000190734863,"b3_opp_dak_schuin":0,"b3_volume_lod22":19.026737213134766,"b3_kwaliteitsindicator":1,"b3_pw_bron":"ahn5","b3_h_goot_nap":2.17,"b3_h_nok_nap":2.19,"goothoogte":2.9,"nokhoogte":2.92},"geometry":{"type":"Polygon","coordinates":[[[172414.781,559478.563],[172412.609,559478.75],[172412.344,559475.813],[172414.516,559475.625],[172414.781,559478.563]]]}},{"type":"Feature","properties":{"identificatie":"NL.IMBAG.Pand.0091100000009061","oorspronkelijkbouwjaar":1977,"status":"Pand in gebruik","b3_dak_type":"horizontal","b3_h_maaiveld":-0.7279999852180481,"b3_n_nok":0,"b3_n_vlakken":1,"b3_opp_grond":6.570000171661377,"b3_opp_dak_plat":6.570000171661377,"b3_opp_dak_schuin":0,"b3_volume_lod22":18.990957260131836,"b3_kwaliteitsindicator":1,"b3_pw_bron":"ahn5","b3_h_goot_nap":2.15,"b3_h_nok_nap":2.17,"goothoogte":2.88,"nokhoogte":2.9},"geometry":{"type":"Polygon","coordinates":[[[172392.969,559477.5],[172395.156,559477.313],[172395.422,559480.313],[172393.234,559480.5],[172392.969,559477.5]]]}},{"type":"Feature","properties":{"identificatie":"NL.IMBAG.Pand.0091100000010203","oorspronkelijkbouwjaar":1972,"status":"Pand in gebruik","b3_dak_type":"slanted","b3_bouwlagen":3,"b3_h_maaiveld":-0.21400000154972076,"b3_h_nok":8.287181854248047,"b3_n_nok":1,"b3_n_vlakken":4,"b3_opp_grond":87.38999938964844,"b3_opp_dak_plat":28.809999465942383,"b3_opp_dak_schuin":71.13999938964844,"b3_volume_lod22":519.680419921875,"b3_kwaliteitsindicator":1,"b3_pw_bron":"ahn4","b3_h_goot_nap":2.45,"b3_h_nok_nap":8.43,"goothoogte":2.67,"nokhoogte":8.65},"geometry":{"type":"Polygon","coordinates":[[[172592.172,559613.875],[172584.859,559614.5],[172584.141,559606.25],[172589.109,559605.813],[172588.734,559601.5],[172587,559601.625],[172586.906,559600.563],[172585.781,559600.688],[172585.688,559599.813],[172583.031,559600.125],[172582.953,559599.375],[172582.094,559599.5],[172581.828,559597.188],[172586.031,559596.688],[172586.109,559597.5],[172590.688,559597.125],[172592.172,559613.875]]]}},{"type":"Feature","properties":{"identificatie":"NL.IMBAG.Pand.0091100000005796","oorspronkelijkbouwjaar":1974,"status":"Pand in gebruik","b3_dak_type":"slanted","b3_bouwlagen":3,"b3_h_maaiveld":-0.4819999933242798,"b3_h_nok":8.245973587036133,"b3_n_nok":1,"b3_n_vlakken":3,"b3_opp_grond":61.06999969482422,"b3_opp_dak_plat":8.109999656677246,"b3_opp_dak_schuin":60.90999984741211,"b3_volume_lod22":411.0370788574219,"b3_kwaliteitsindicator":1,"b3_pw_bron":"ahn5","b3_h_goot_nap":3.71,"b3_h_nok_nap":8.36,"goothoogte":4.19,"nokhoogte":8.85},"geometry":{"type":"Polygon","coordinates":[[[172447.234,559493.25],[172447.578,559496.438],[172451.656,559496],[172451.906,559498.188],[172438.328,559499.688],[172437.719,559494.313],[172447.234,559493.25]]]}},{"type":"Feature","properties":{"identificatie":"NL.IMBAG.Pand.0091100000006768","oorspronkelijkbouwjaar":1974,"status":"Pand in gebruik","b3_dak_type":"slanted","b3_bouwlagen":3,"b3_h_maaiveld":-0.46700000762939453,"b3_h_nok":8.211503982543945,"b3_n_nok":1,"b3_n_vlakken":4,"b3_opp_grond":60.869998931884766,"b3_opp_dak_plat":8.720000267028809,"b3_opp_dak_schuin":60.630001068115234,"b3_volume_lod22":404.9471435546875,"b3_kwaliteitsindicator":1,"b3_pw_bron":"ahn5","b3_h_goot_nap":3.61,"b3_h_nok_nap":8.35,"goothoogte":4.08,"nokhoogte":8.82},"geometry":{"type":"Polygon","coordinates":[[[172379.703,559546.125],[172371.25,559550.563],[172368.734,559545.813],[172380.859,559539.438],[172381.891,559541.375],[172378.219,559543.313],[172379.703,559546.125]]]}},{"type":"Feature","properties":{"identificatie":"NL.IMBAG.Pand.0091100000009993","oorspronkelijkbouwjaar":1972,"status":"Pand in gebruik","b3_dak_type":"slanted","b3_bouwlagen":3,"b3_h_maaiveld":-0.07999999821186066,"b3_h_nok":8.200693130493164,"b3_n_nok":1,"b3_n_vlakken":3,"b3_opp_grond":61.810001373291016,"b3_opp_dak_plat":10.25,"b3_opp_dak_schuin":59.900001525878906,"b3_volume_lod22":394.1781311035156,"b3_kwaliteitsindicator":1,"b3_pw_bron":"ahn5","b3_h_goot_nap":5.65,"b3_h_nok_nap":8.37,"goothoogte":5.73,"nokhoogte":8.45},"geometry":{"type":"Polygon","coordinates":[[[172569.266,559615.875],[172563.078,559616.438],[172562.344,559608.125],[172566.219,559607.813],[172565.828,559603.5],[172568.141,559603.25],[172568.531,559607.563],[172569.266,559615.875]]]}},{"type":"Feature","properties":{"identificatie":"NL.IMBAG.Pand.1900100010085168","oorspronkelijkbouwjaar":2018,"status":"Pand in gebruik","b3_dak_type":"slanted","b3_bouwlagen":2,"b3_h_maaiveld":-0.257999986410141,"b3_h_nok":5.909509658813477,"b3_n_nok":1,"b3_n_vlakken":2,"b3_opp_grond":30.68000030517578,"b3_opp_dak_plat":0,"b3_opp_dak_schuin":40.38999938964844,"b3_volume_lod22":167.29249572753906,"b3_kwaliteitsindicator":1,"b3_pw_bron":"ahn5","b3_h_goot_nap":3.74,"b3_h_nok_nap":6.05,"goothoogte":4,"nokhoogte":6.31},"geometry":{"type":"Polygon","coordinates":[[[172551.047,559395.063],[172553.609,559385.875],[172553.891,559385.938],[172553.859,559386.063],[172554.391,559386.625],[172556.219,559387.125],[172556.656,559386.813],[172556.688,559386.75],[172556.969,559386.813],[172554.422,559396],[172554.141,559395.875],[172554.156,559395.813],[172553.938,559395.313],[172552.094,559394.813],[172551.359,559395],[172551.344,559395.125],[172551.047,559395.063]]]}},{"type":"Feature","properties":{"identificatie":"NL.IMBAG.Pand.0091100000008939","oorspronkelijkbouwjaar":1974,"status":"Pand in gebruik","b3_dak_type":"slanted","b3_bouwlagen":3,"b3_h_maaiveld":-0.4749999940395355,"b3_h_nok":8.289409637451172,"b3_n_nok":1,"b3_n_vlakken":3,"b3_opp_grond":60.93000030517578,"b3_opp_dak_plat":15.800000190734863,"b3_opp_dak_schuin":59.47999954223633,"b3_volume_lod22":407.4639892578125,"b3_kwaliteitsindicator":1,"b3_pw_bron":"ahn5","b3_h_goot_nap":5.31,"b3_h_nok_nap":8.47,"goothoogte":5.78,"nokhoogte":8.95},"geometry":{"type":"Polygon","coordinates":[[[172439.266,559521.438],[172436.672,559523.25],[172439.047,559526.625],[172437.234,559527.875],[172429.313,559516.75],[172433.734,559513.625],[172439.266,559521.438]]]}},{"type":"Feature","properties":{"identificatie":"NL.IMBAG.Pand.0091100000013083","oorspronkelijkbouwjaar":1974,"status":"Pand in gebruik","b3_dak_type":"slanted","b3_bouwlagen":3,"b3_h_maaiveld":-0.5899999737739563,"b3_h_nok":8.249933242797852,"b3_n_nok":1,"b3_n_vlakken":2,"b3_opp_grond":53.34000015258789,"b3_opp_dak_plat":0,"b3_opp_dak_schuin":61.560001373291016,"b3_volume_lod22":396.62249755859375,"b3_kwaliteitsindicator":1,"b3_pw_bron":"ahn5","b3_h_goot_nap":5.3,"b3_h_nok_nap":8.4,"goothoogte":5.89,"nokhoogte":8.99},"geometry":{"type":"Polygon","coordinates":[[[172381.922,559475.5],[172376.375,559476],[172375.516,559466.438],[172381.063,559465.938],[172381.922,559475.5]]]}},{"type":"Feature","properties":{"identificatie":"NL.IMBAG.Pand.0091100000010052","oorspronkelijkbouwjaar":1972,"status":"Pand in gebruik","b3_dak_type":"slanted","b3_bouwlagen":3,"b3_h_maaiveld":-0.04399999976158142,"b3_h_nok":8.206731796264648,"b3_n_nok":1,"b3_n_vlakken":3,"b3_opp_grond":70.41000366210938,"b3_opp_dak_plat":8.859999656677246,"b3_opp_dak_schuin":75.77999877929688,"b3_volume_lod22":454.91839599609375,"b3_kwaliteitsindicator":1,"b3_pw_bron":"ahn5","b3_h_goot_nap":3.52,"b3_h_nok_nap":8.36,"goothoogte":3.57,"nokhoogte":8.4},"geometry":{"type":"Polygon","coordinates":[[[172563.078,559616.438],[172555.813,559617.063],[172555.063,559608.813],[172560.031,559608.375],[172559.641,559604.063],[172561.938,559603.875],[172563.078,559616.438]]]}},{"type":"Feature","properties":{"identificatie":"NL.IMBAG.Pand.0091100000008580","oorspronkelijkbouwjaar":1978,"status":"Pand in gebruik","b3_dak_type":"horizontal","b3_h_maaiveld":-0.43299999833106995,"b3_n_nok":0,"b3_n_vlakken":1,"b3_opp_grond":22.149999618530273,"b3_opp_dak_plat":0,"b3_opp_dak_schuin":22.190000534057617,"b3_volume_lod22":66.41681671142578,"b3_kwaliteitsindicator":1,"b3_pw_bron":"ahn5","b3_h_goot_nap":2.36,"b3_h_nok_nap":2.8,"goothoogte":2.79,"nokhoogte":3.23},"geometry":{"type":"Polygon","coordinates":[[[172393.406,559397.125],[172393.703,559400.125],[172389.703,559400.5],[172389.719,559400.625],[172386.547,559400.938],[172386.234,559397.813],[172393.406,559397.125]]]}},{"type":"Feature","properties":{"identificatie":"NL.IMBAG.Pand.0091100000013742","oorspronkelijkbouwjaar":1978,"status":"Pand in gebruik","b3_dak_type":"horizontal","b3_h_maaiveld":-0.4740000069141388,"b3_n_nok":0,"b3_n_vlakken":1,"b3_opp_grond":10.420000076293945,"b3_opp_dak_plat":10.420000076293945,"b3_opp_dak_schuin":0,"b3_volume_lod22":30.199020385742188,"b3_kwaliteitsindicator":1,"b3_pw_bron":"ahn5","b3_h_goot_nap":2.41,"b3_h_nok_nap":2.44,"goothoogte":2.88,"nokhoogte":2.92},"geometry":{"type":"Polygon","coordinates":[[[172389.281,559396.313],[172386.203,559396.563],[172385.813,559393.313],[172389,559393],[172389.281,559396.313]]]}},{"type":"Feature","properties":{"identificatie":"NL.IMBAG.Pand.0091100000006581","oorspronkelijkbouwjaar":1974,"status":"Pand in gebruik","b3_dak_type":"slanted","b3_bouwlagen":3,"b3_h_maaiveld":-0.49000000953674316,"b3_h_nok":8.206635475158691,"b3_n_nok":1,"b3_n_vlakken":4,"b3_opp_grond":66.30999755859375,"b3_opp_dak_plat":15.350000381469727,"b3_opp_dak_schuin":65.86000061035156,"b3_volume_lod22":414.8964538574219,"b3_kwaliteitsindicator":1,"b3_pw_bron":"ahn5","b3_h_goot_nap":5.28,"b3_h_nok_nap":8.39,"goothoogte":5.77,"nokhoogte":8.88},"geometry":{"type":"Polygon","coordinates":[[[172374.75,559536.75],[172366.297,559541.188],[172363.781,559536.375],[172372.234,559531.938],[172372.156,559531.75],[172375.828,559529.875],[172375.891,559529.938],[172378.203,559528.688],[172379.188,559530.563],[172373.188,559533.75],[172374.75,559536.75]]]}},{"type":"Feature","properties":{"identificatie":"NL.IMBAG.Pand.0091100000006748","oorspronkelijkbouwjaar":1974,"status":"Pand in gebruik","b3_dak_type":"slanted","b3_bouwlagen":3,"b3_h_maaiveld":-0.453000009059906,"b3_h_nok":8.206253051757812,"b3_n_nok":1,"b3_n_vlakken":3,"b3_opp_grond":59.09000015258789,"b3_opp_dak_plat":9.220000267028809,"b3_opp_dak_schuin":57.810001373291016,"b3_volume_lod22":390.281494140625,"b3_kwaliteitsindicator":1,"b3_pw_bron":"ahn5","b3_h_goot_nap":5.25,"b3_h_nok_nap":8.39,"goothoogte":5.7,"nokhoogte":8.84},"geometry":{"type":"Polygon","coordinates":[[[172377.188,559541.313],[172368.734,559545.813],[172366.297,559541.188],[172374.75,559536.75],[172374.672,559536.563],[172378.344,559534.625],[172379.375,559536.625],[172375.703,559538.5],[172377.188,559541.313]]]}},{"type":"Feature","properties":{"identificatie":"NL.IMBAG.Pand.0091100000009704","oorspronkelijkbouwjaar":1972,"status":"Pand in gebruik","b3_dak_type":"horizontal","b3_h_maaiveld":-0.531000018119812,"b3_n_nok":0,"b3_n_vlakken":1,"b3_opp_grond":7.130000114440918,"b3_opp_dak_plat":0,"b3_opp_dak_schuin":7.150000095367432,"b3_volume_lod22":15.75800609588623,"b3_kwaliteitsindicator":1,"b3_pw_bron":"ahn5","b3_h_goot_nap":1.57,"b3_h_nok_nap":1.76,"goothoogte":2.1,"nokhoogte":2.29},"geometry":{"type":"Polygon","coordinates":[[[172376.172,559513.188],[172374.25,559514.375],[172372.625,559511.625],[172374.563,559510.5],[172376.172,559513.188]]]}},{"type":"Feature","properties":{"identificatie":"NL.IMBAG.Pand.0091100000006972","oorspronkelijkbouwjaar":1974,"status":"Pand in gebruik","b3_dak_type":"slanted","b3_bouwlagen":3,"b3_h_maaiveld":-0.5220000147819519,"b3_h_nok":8.252622604370117,"b3_n_nok":1,"b3_n_vlakken":4,"b3_opp_grond":72.48999786376953,"b3_opp_dak_plat":8.4399995803833,"b3_opp_dak_schuin":73,"b3_volume_lod22":458.0728759765625,"b3_kwaliteitsindicator":1,"b3_pw_bron":"ahn5","b3_h_goot_nap":5.24,"b3_h_nok_nap":8.37,"goothoogte":5.76,"nokhoogte":8.89},"geometry":{"type":"Polygon","coordinates":[[[172445.422,559477.188],[172435.922,559478.25],[172435.266,559472.5],[172444.781,559471.438],[172445.172,559474.938],[172449.25,559474.5],[172453.219,559474.063],[172453.391,559476],[172449.484,559476.5],[172449.5,559476.688],[172445.422,559477.188]]]}},{"type":"Feature","properties":{"identificatie":"NL.IMBAG.Pand.0091100000012102","oorspronkelijkbouwjaar":1974,"status":"Pand in gebruik","b3_dak_type":"slanted","b3_bouwlagen":3,"b3_h_maaiveld":-0.42800000309944153,"b3_h_nok":8.262044906616211,"b3_n_nok":1,"b3_n_vlakken":3,"b3_opp_grond":60.75,"b3_opp_dak_plat":8.25,"b3_opp_dak_schuin":60.88999938964844,"b3_volume_lod22":406.0137939453125,"b3_kwaliteitsindicator":1,"b3_pw_bron":"ahn5","b3_h_goot_nap":5,"b3_h_nok_nap":8.46,"goothoogte":5.43,"nokhoogte":8.88},"geometry":{"type":"Polygon","coordinates":[[[172386.922,559523.75],[172390.281,559521.313],[172388.422,559518.75],[172396.188,559513.188],[172399.344,559517.563],[172388.219,559525.563],[172386.922,559523.75]]]}},{"type":"Feature","properties":{"identificatie":"NL.IMBAG.Pand.0091100000018976","oorspronkelijkbouwjaar":1974,"status":"Pand in gebruik","b3_dak_type":"slanted","b3_bouwlagen":3,"b3_h_maaiveld":-0.2879999876022339,"b3_h_nok":8.254981994628906,"b3_n_nok":1,"b3_n_vlakken":2,"b3_opp_grond":51.86000061035156,"b3_opp_dak_plat":0,"b3_opp_dak_schuin":60.13999938964844,"b3_volume_lod22":370.0472412109375,"b3_kwaliteitsindicator":1,"b3_pw_bron":"ahn5","b3_h_goot_nap":5.31,"b3_h_nok_nap":8.41,"goothoogte":5.59,"nokhoogte":8.69},"geometry":{"type":"Polygon","coordinates":[[[172414.25,559472.625],[172408.859,559473.063],[172408.016,559463.563],[172413.406,559463.063],[172414.25,559472.625]]]}},{"type":"Feature","properties":{"identificatie":"NL.IMBAG.Pand.0091100000014599","oorspronkelijkbouwjaar":1976,"status":"Pand in gebruik","b3_dak_type":"slanted","b3_bouwlagen":3,"b3_h_maaiveld":-0.6269999742507935,"b3_h_nok":8.188233375549316,"b3_n_nok":1,"b3_n_vlakken":4,"b3_opp_grond":62.459999084472656,"b3_opp_dak_plat":19.239999771118164,"b3_opp_dak_schuin":65.79000091552734,"b3_volume_lod22":377.8519592285156,"b3_kwaliteitsindicator":1,"b3_pw_bron":"ahn5","b3_h_goot_nap":2.79,"b3_h_nok_nap":8.33,"goothoogte":3.42,"nokhoogte":8.96},"geometry":{"type":"Polygon","coordinates":[[[172339.375,559429.688],[172339.141,559427.313],[172343.703,559426.875],[172343.422,559423.875],[172352.891,559423.063],[172353.375,559428.438],[172339.375,559429.688]]]}},{"type":"Feature","properties":{"identificatie":"NL.IMBAG.Pand.0091100000013087","oorspronkelijkbouwjaar":1977,"status":"Pand in gebruik","b3_dak_type":"horizontal","b3_h_maaiveld":-0.6190000176429749,"b3_n_nok":0,"b3_n_vlakken":1,"b3_opp_grond":6.630000114440918,"b3_opp_dak_plat":6.630000114440918,"b3_opp_dak_schuin":0,"b3_volume_lod22":18.54648208618164,"b3_kwaliteitsindicator":1,"b3_pw_bron":"ahn5","b3_h_goot_nap":2.16,"b3_h_nok_nap":2.2,"goothoogte":2.78,"nokhoogte":2.82},"geometry":{"type":"Polygon","coordinates":[[[172382.188,559478.5],[172384.391,559478.25],[172384.656,559481.25],[172382.453,559481.438],[172382.188,559478.5]]]}},{"type":"Feature","properties":{"identificatie":"NL.IMBAG.Pand.0091100000006566","oorspronkelijkbouwjaar":1974,"status":"Pand in gebruik","b3_dak_type":"slanted","b3_bouwlagen":3,"b3_h_maaiveld":-0.4880000054836273,"b3_h_nok":8.213001251220703,"b3_n_nok":1,"b3_n_vlakken":3,"b3_opp_grond":62.90999984741211,"b3_opp_dak_plat":5.380000114440918,"b3_opp_dak_schuin":61.70000076293945,"b3_volume_lod22":419.0449523925781,"b3_kwaliteitsindicator":1,"b3_pw_bron":"ahn5","b3_h_goot_nap":5.31,"b3_h_nok_nap":8.34,"goothoogte":5.8,"nokhoogte":8.83},"geometry":{"type":"Polygon","coordinates":[[[172372.234,559531.938],[172363.781,559536.375],[172361.172,559531.438],[172373.297,559525.063],[172374.328,559527],[172370.656,559528.938],[172372.234,559531.938]]]}},{"type":"Feature","properties":{"identificatie":"NL.IMBAG.Pand.0091100000014614","oorspronkelijkbouwjaar":1976,"status":"Pand in gebruik","b3_dak_type":"slanted","b3_bouwlagen":3,"b3_h_maaiveld":-0.5569999814033508,"b3_h_nok":8.125618934631348,"b3_n_nok":3,"b3_n_vlakken":5,"b3_opp_grond":62.47999954223633,"b3_opp_dak_plat":10.470000267028809,"b3_opp_dak_schuin":65.75,"b3_volume_lod22":377.4710388183594,"b3_kwaliteitsindicator":1,"b3_pw_bron":"ahn5","b3_h_goot_nap":3.03,"b3_h_nok_nap":8.32,"goothoogte":3.59,"nokhoogte":8.88},"geometry":{"type":"Polygon","coordinates":[[[172339.875,559435.125],[172339.625,559432.688],[172344.203,559432.25],[172343.922,559429.313],[172353.375,559428.438],[172353.875,559433.813],[172339.875,559435.125]]]}},{"type":"Feature","properties":{"identificatie":"NL.IMBAG.Pand.0091100000003877","oorspronkelijkbouwjaar":1980,"status":"Pand in gebruik","b3_dak_type":"slanted","b3_bouwlagen":3,"b3_h_maaiveld":-0.3319999873638153,"b3_h_nok":9.239995002746582,"b3_n_nok":1,"b3_n_vlakken":3,"b3_opp_grond":91.05000305175781,"b3_opp_dak_plat":32.189998626708984,"b3_opp_dak_schuin":74.2300033569336,"b3_volume_lod22":549.3516235351562,"b3_kwaliteitsindicator":1,"b3_pw_bron":"ahn5","b3_h_goot_nap":2.39,"b3_h_nok_nap":9.43,"goothoogte":2.72,"nokhoogte":9.76},"geometry":{"type":"Polygon","coordinates":[[[172404.281,559419.875],[172407.344,559419.688],[172407.109,559416],[172413.188,559415.625],[172413.641,559422.875],[172410.516,559423.063],[172410.906,559429.063],[172404.875,559429.438],[172404.281,559419.875]]]}},{"type":"Feature","properties":{"identificatie":"NL.IMBAG.Pand.0091100000008576","oorspronkelijkbouwjaar":1974,"status":"Pand in gebruik","b3_dak_type":"slanted","b3_bouwlagen":3,"b3_h_maaiveld":-0.42500001192092896,"b3_h_nok":8.271529197692871,"b3_n_nok":1,"b3_n_vlakken":3,"b3_opp_grond":61.029998779296875,"b3_opp_dak_plat":8.84000015258789,"b3_opp_dak_schuin":60.58000183105469,"b3_volume_lod22":406.52099609375,"b3_kwaliteitsindicator":1,"b3_pw_bron":"ahn5","b3_h_goot_nap":5.24,"b3_h_nok_nap":8.46,"goothoogte":5.67,"nokhoogte":8.89},"geometry":{"type":"Polygon","coordinates":[[[172385.063,559521.188],[172383.766,559519.375],[172387.125,559516.938],[172385.266,559514.375],[172393.031,559508.75],[172396.188,559513.188],[172385.063,559521.188]]]}},{"type":"Feature","properties":{"identificatie":"NL.IMBAG.Pand.0091100000002313","oorspronkelijkbouwjaar":1975,"status":"Pand in gebruik","b3_dak_type":"slanted","b3_bouwlagen":2,"b3_h_maaiveld":-0.5460000038146973,"b3_h_nok":6.1067914962768555,"b3_n_nok":1,"b3_n_vlakken":4,"b3_opp_grond":65.5,"b3_opp_dak_plat":5.769999980926514,"b3_opp_dak_schuin":70.4000015258789,"b3_volume_lod22":317.10504150390625,"b3_kwaliteitsindicator":1,"b3_pw_bron":"ahn5","b3_h_goot_nap":2.16,"b3_h_nok_nap":6.25,"goothoogte":2.71,"nokhoogte":6.79},"geometry":{"type":"Polygon","coordinates":[[[172353.469,559489.5],[172353.156,559485.813],[172348.156,559486.25],[172347.344,559476.875],[172353.406,559476.313],[172354.219,559485.688],[172355.359,559485.625],[172355.688,559489.313],[172353.469,559489.5]]]}},{"type":"Feature","properties":{"identificatie":"NL.IMBAG.Pand.0091100000006870","oorspronkelijkbouwjaar":1980,"status":"Pand in gebruik","b3_dak_type":"slanted","b3_bouwlagen":3,"b3_h_maaiveld":-0.4300000071525574,"b3_h_nok":9.269149780273438,"b3_n_nok":1,"b3_n_vlakken":3,"b3_opp_grond":91.19000244140625,"b3_opp_dak_plat":31.540000915527344,"b3_opp_dak_schuin":74.25,"b3_volume_lod22":562.5375366210938,"b3_kwaliteitsindicator":1,"b3_pw_bron":"ahn5","b3_h_goot_nap":2.36,"b3_h_nok_nap":9.47,"goothoogte":2.79,"nokhoogte":9.9},"geometry":{"type":"Polygon","coordinates":[[[172382.188,559421.25],[172385.188,559421.063],[172384.953,559417.375],[172391.094,559417],[172391.484,559424.188],[172388.406,559424.375],[172388.734,559430.438],[172382.703,559430.813],[172382.188,559421.25]]]}},{"type":"Feature","properties":{"identificatie":"NL.IMBAG.Pand.0091100000012386","oorspronkelijkbouwjaar":1974,"status":"Pand in gebruik","b3_dak_type":"slanted","b3_bouwlagen":3,"b3_h_maaiveld":-0.3959999978542328,"b3_h_nok":8.25107479095459,"b3_n_nok":1,"b3_n_vlakken":2,"b3_opp_grond":53.349998474121094,"b3_opp_dak_plat":0,"b3_opp_dak_schuin":61.86000061035156,"b3_volume_lod22":386.1852111816406,"b3_kwaliteitsindicator":1,"b3_pw_bron":"ahn5","b3_h_goot_nap":5.32,"b3_h_nok_nap":8.4,"goothoogte":5.72,"nokhoogte":8.79},"geometry":{"type":"Polygon","coordinates":[[[172418.797,559462.563],[172424.344,559462.063],[172425.188,559471.625],[172419.641,559472.125],[172418.797,559462.563]]]}},{"type":"Feature","properties":{"identificatie":"NL.IMBAG.Pand.0091100000010265","oorspronkelijkbouwjaar":1974,"status":"Pand in gebruik","b3_dak_type":"slanted","b3_bouwlagen":3,"b3_h_maaiveld":-0.3970000147819519,"b3_h_nok":8.258234977722168,"b3_n_nok":1,"b3_n_vlakken":3,"b3_opp_grond":60.54999923706055,"b3_opp_dak_plat":8.699999809265137,"b3_opp_dak_schuin":59.880001068115234,"b3_volume_lod22":401.7630310058594,"b3_kwaliteitsindicator":1,"b3_pw_bron":"ahn5","b3_h_goot_nap":4.02,"b3_h_nok_nap":8.38,"goothoogte":4.41,"nokhoogte":8.78},"geometry":{"type":"Polygon","coordinates":[[[172437.719,559494.313],[172437.125,559489],[172446.625,559487.875],[172446.984,559491.063],[172451.063,559490.625],[172451.313,559492.813],[172437.719,559494.313]]]}},{"type":"Feature","properties":{"identificatie":"NL.IMBAG.Pand.0091100000002271","oorspronkelijkbouwjaar":1974,"status":"Pand in gebruik","b3_dak_type":"slanted","b3_bouwlagen":3,"b3_h_maaiveld":-0.4950000047683716,"b3_h_nok":8.199105262756348,"b3_n_nok":1,"b3_n_vlakken":3,"b3_opp_grond":60.7599983215332,"b3_opp_dak_plat":9.109999656677246,"b3_opp_dak_schuin":59.7400016784668,"b3_volume_lod22":404.25396728515625,"b3_kwaliteitsindicator":1,"b3_pw_bron":"ahn5","b3_h_goot_nap":3.61,"b3_h_nok_nap":8.33,"goothoogte":4.11,"nokhoogte":8.82},"geometry":{"type":"Polygon","coordinates":[[[172361.172,559531.438],[172358.656,559526.625],[172370.797,559520.25],[172371.828,559522.25],[172368.156,559524.188],[172369.625,559526.938],[172361.172,559531.438]]]}},{"type":"Feature","properties":{"identificatie":"NL.IMBAG.Pand.0091100000002315","oorspronkelijkbouwjaar":1975,"status":"Pand in gebruik","b3_dak_type":"slanted","b3_bouwlagen":2,"b3_h_maaiveld":-0.6669999957084656,"b3_h_nok":6.0922017097473145,"b3_n_nok":1,"b3_n_vlakken":3,"b3_opp_grond":68.11000061035156,"b3_opp_dak_plat":8.09000015258789,"b3_opp_dak_schuin":71.55000305175781,"b3_volume_lod22":338.25152587890625,"b3_kwaliteitsindicator":1,"b3_pw_bron":"ahn5","b3_h_goot_nap":2.8,"b3_h_nok_nap":6.24,"goothoogte":3.47,"nokhoogte":6.91},"geometry":{"type":"Polygon","coordinates":[[[172359.547,559488.938],[172359.219,559485.25],[172354.219,559485.688],[172353.406,559476.313],[172359.734,559475.75],[172360.531,559485],[172361.438,559484.938],[172361.766,559488.75],[172359.547,559488.938]]]}},{"type":"Feature","properties":{"identificatie":"NL.IMBAG.Pand.1900100010085165","oorspronkelijkbouwjaar":2018,"status":"Pand in gebruik","b3_dak_type":"slanted","b3_bouwlagen":2,"b3_h_maaiveld":-0.27399998903274536,"b3_h_nok":5.872117042541504,"b3_n_nok":1,"b3_n_vlakken":2,"b3_opp_grond":30.809999465942383,"b3_opp_dak_plat":0,"b3_opp_dak_schuin":39.779998779296875,"b3_volume_lod22":168.70362854003906,"b3_kwaliteitsindicator":1,"b3_pw_bron":"ahn5","b3_h_goot_nap":3.86,"b3_h_nok_nap":6.07,"goothoogte":4.13,"nokhoogte":6.34},"geometry":{"type":"Polygon","coordinates":[[[172555.75,559393.188],[172558.297,559384],[172558.594,559384.063],[172558.563,559384.188],[172559.078,559384.688],[172560.906,559385.25],[172561.359,559384.938],[172561.391,559384.875],[172561.672,559384.938],[172559.125,559394.063],[172558.828,559394],[172558.859,559393.938],[172558.625,559393.438],[172556.797,559392.938],[172556.063,559393.125],[172556.031,559393.25],[172555.75,559393.188]]]}},{"type":"Feature","properties":{"identificatie":"NL.IMBAG.Pand.0091100000016144","oorspronkelijkbouwjaar":1974,"status":"Pand in gebruik","b3_dak_type":"slanted","b3_bouwlagen":3,"b3_h_maaiveld":-0.31299999356269836,"b3_h_nok":8.242115020751953,"b3_n_nok":1,"b3_n_vlakken":2,"b3_opp_grond":51.84000015258789,"b3_opp_dak_plat":0,"b3_opp_dak_schuin":60.08000183105469,"b3_volume_lod22":370.7701721191406,"b3_kwaliteitsindicator":1,"b3_pw_bron":"ahn5","b3_h_goot_nap":5.31,"b3_h_nok_nap":8.39,"goothoogte":5.62,"nokhoogte":8.7},"geometry":{"type":"Polygon","coordinates":[[[172392.703,559474.5],[172387.313,559475],[172386.453,559465.438],[172391.844,559465],[172392.703,559474.5]]]}},{"type":"Feature","properties":{"identificatie":"NL.IMBAG.Pand.0091100000003790","oorspronkelijkbouwjaar":1977,"status":"Pand in gebruik","b3_dak_type":"horizontal","b3_h_maaiveld":-0.7250000238418579,"b3_n_nok":0,"b3_n_vlakken":1,"b3_opp_grond":6.53000020980835,"b3_opp_dak_plat":6.53000020980835,"b3_opp_dak_schuin":0,"b3_volume_lod22":18.890413284301758,"b3_kwaliteitsindicator":1,"b3_pw_bron":"ahn5","b3_h_goot_nap":2.14,"b3_h_nok_nap":2.19,"goothoogte":2.87,"nokhoogte":2.91},"geometry":{"type":"Polygon","coordinates":[[[172425.703,559477.625],[172423.531,559477.813],[172423.266,559474.813],[172425.438,559474.625],[172425.703,559477.625]]]}},{"type":"Feature","properties":{"identificatie":"NL.IMBAG.Pand.0091100000012361","oorspronkelijkbouwjaar":1974,"status":"Pand in gebruik","b3_dak_type":"slanted","b3_bouwlagen":3,"b3_h_maaiveld":-0.26899999380111694,"b3_h_nok":8.247642517089844,"b3_n_nok":1,"b3_n_vlakken":2,"b3_opp_grond":51.84000015258789,"b3_opp_dak_plat":0,"b3_opp_dak_schuin":60.08000183105469,"b3_volume_lod22":368.8555603027344,"b3_kwaliteitsindicator":1,"b3_pw_bron":"ahn5","b3_h_goot_nap":5.32,"b3_h_nok_nap":8.4,"goothoogte":5.59,"nokhoogte":8.67},"geometry":{"type":"Polygon","coordinates":[[[172408.859,559473.063],[172403.469,559473.563],[172402.625,559464],[172408.016,559463.563],[172408.859,559473.063]]]}},{"type":"Feature","properties":{"identificatie":"NL.IMBAG.Pand.0091100000015898","oorspronkelijkbouwjaar":1979,"status":"Sloopvergunning verleend","b3_dak_type":"slanted","b3_h_maaiveld":-0.2800000011920929,"b3_h_nok":6.3082475662231445,"b3_n_nok":13,"b3_n_vlakken":31,"b3_opp_grond":1063.93994140625,"b3_opp_dak_plat":95.61000061035156,"b3_opp_dak_schuin":1074.449951171875,"b3_volume_lod22":5120.61669921875,"b3_kwaliteitsindicator":0,"b3_pw_bron":"ahn5","b3_h_goot_nap":2.36,"b3_h_nok_nap":6.78,"goothoogte":2.64,"nokhoogte":7.06},"geometry":{"type":"Polygon","coordinates":[[[172461.469,559413],[172461.484,559413.188],[172444.906,559414.75],[172442.547,559389.438],[172448.406,559388.875],[172448.219,559386.188],[172467.984,559381.938],[172478.594,559381],[172481.438,559411.438],[172470.906,559412.438],[172470.875,559412.125],[172461.469,559413]]]}},{"type":"Feature","properties":{"identificatie":"NL.IMBAG.Pand.0091100000008336","oorspronkelijkbouwjaar":1974,"status":"Pand in gebruik","b3_dak_type":"slanted","b3_bouwlagen":3,"b3_h_maaiveld":-0.48500001430511475,"b3_h_nok":8.283286094665527,"b3_n_nok":1,"b3_n_vlakken":3,"b3_opp_grond":61.41999816894531,"b3_opp_dak_plat":9.3100004196167,"b3_opp_dak_schuin":60.560001373291016,"b3_volume_lod22":412.00262451171875,"b3_kwaliteitsindicator":1,"b3_pw_bron":"ahn5","b3_h_goot_nap":5.23,"b3_h_nok_nap":8.48,"goothoogte":5.71,"nokhoogte":8.96},"geometry":{"type":"Polygon","coordinates":[[[172430.453,559527.688],[172427.859,559529.5],[172430.234,559532.875],[172428.391,559534.188],[172420.484,559523],[172424.922,559519.813],[172430.453,559527.688]]]}},{"type":"Feature","properties":{"identificatie":"NL.IMBAG.Pand.0091100000008185","oorspronkelijkbouwjaar":1974,"status":"Pand in gebruik","b3_dak_type":"slanted","b3_bouwlagen":3,"b3_h_maaiveld":-0.3070000112056732,"b3_h_nok":8.251245498657227,"b3_n_nok":1,"b3_n_vlakken":2,"b3_opp_grond":51.849998474121094,"b3_opp_dak_plat":0,"b3_opp_dak_schuin":60.09000015258789,"b3_volume_lod22":370.9488830566406,"b3_kwaliteitsindicator":1,"b3_pw_bron":"ahn5","b3_h_goot_nap":5.32,"b3_h_nok_nap":8.4,"goothoogte":5.62,"nokhoogte":8.71},"geometry":{"type":"Polygon","coordinates":[[[172398.078,559474.063],[172392.703,559474.5],[172391.844,559465],[172397.234,559464.5],[172398.078,559474.063]]]}},{"type":"Feature","properties":{"identificatie":"NL.IMBAG.Pand.0091100000006890","oorspronkelijkbouwjaar":1974,"status":"Pand in gebruik","b3_dak_type":"slanted","b3_bouwlagen":3,"b3_h_maaiveld":-0.3009999990463257,"b3_h_nok":8.254549980163574,"b3_n_nok":1,"b3_n_vlakken":2,"b3_opp_grond":51.84000015258789,"b3_opp_dak_plat":0,"b3_opp_dak_schuin":60.09000015258789,"b3_volume_lod22":370.34375,"b3_kwaliteitsindicator":1,"b3_pw_bron":"ahn5","b3_h_goot_nap":5.33,"b3_h_nok_nap":8.38,"goothoogte":5.63,"nokhoogte":8.68},"geometry":{"type":"Polygon","coordinates":[[[172403.469,559473.563],[172398.078,559474.063],[172397.234,559464.5],[172402.625,559464],[172403.469,559473.563]]]}},{"type":"Feature","properties":{"identificatie":"NL.IMBAG.Pand.0091100000014032","oorspronkelijkbouwjaar":1978,"status":"Pand in gebruik","b3_dak_type":"horizontal","b3_bouwlagen":2,"b3_h_maaiveld":-0.3370000123977661,"b3_n_nok":0,"b3_n_vlakken":1,"b3_opp_grond":53.43000030517578,"b3_opp_dak_plat":53.43000030517578,"b3_opp_dak_schuin":0,"b3_volume_lod22":306.13427734375,"b3_kwaliteitsindicator":1,"b3_pw_bron":"ahn5","b3_h_goot_nap":5.38,"b3_h_nok_nap":5.41,"goothoogte":5.72,"nokhoogte":5.74},"geometry":{"type":"Polygon","coordinates":[[[172398.578,559404.375],[172386.984,559405.5],[172386.547,559400.938],[172389.719,559400.625],[172389.703,559400.5],[172393.703,559400.125],[172393.719,559400.25],[172398.125,559399.813],[172398.578,559404.375]]]}},{"type":"Feature","properties":{"identificatie":"NL.IMBAG.Pand.0091100000006182","oorspronkelijkbouwjaar":1980,"status":"Pand in gebruik","b3_dak_type":"slanted","b3_bouwlagen":3,"b3_h_maaiveld":-0.3440000116825104,"b3_h_nok":9.281937599182129,"b3_n_nok":1,"b3_n_vlakken":3,"b3_opp_grond":90.31999969482422,"b3_opp_dak_plat":31.520000457763672,"b3_opp_dak_schuin":74.05000305175781,"b3_volume_lod22":548.8842163085938,"b3_kwaliteitsindicator":1,"b3_pw_bron":"ahn5","b3_h_goot_nap":2.4,"b3_h_nok_nap":9.46,"goothoogte":2.74,"nokhoogte":9.8},"geometry":{"type":"Polygon","coordinates":[[[172404.875,559429.438],[172398.938,559429.813],[172398.563,559423.813],[172395.453,559424],[172395,559416.75],[172401.063,559416.375],[172401.281,559420.063],[172404.281,559419.875],[172404.875,559429.438]]]}},{"type":"Feature","properties":{"identificatie":"NL.IMBAG.Pand.0091100000009655","oorspronkelijkbouwjaar":1975,"status":"Pand in gebruik","b3_dak_type":"slanted","b3_bouwlagen":2,"b3_h_maaiveld":-0.5699999928474426,"b3_h_nok":6.070985317230225,"b3_n_nok":1,"b3_n_vlakken":3,"b3_opp_grond":64.7300033569336,"b3_opp_dak_plat":7.400000095367432,"b3_opp_dak_schuin":68.18000030517578,"b3_volume_lod22":313.6357421875,"b3_kwaliteitsindicator":1,"b3_pw_bron":"ahn5","b3_h_goot_nap":2.51,"b3_h_nok_nap":6.22,"goothoogte":3.08,"nokhoogte":6.79},"geometry":{"type":"Polygon","coordinates":[[[172342.188,559486.75],[172341.375,559477.375],[172347.344,559476.875],[172348.156,559486.25],[172349.297,559486.125],[172349.609,559489.813],[172347.422,559490],[172347.094,559486.313],[172342.188,559486.75]]]}},{"type":"Feature","properties":{"identificatie":"NL.IMBAG.Pand.0091100000009073","oorspronkelijkbouwjaar":1979,"status":"Pand in gebruik","b3_dak_type":"slanted","b3_bouwlagen":3,"b3_h_maaiveld":-0.2800000011920929,"b3_n_nok":0,"b3_n_vlakken":3,"b3_opp_grond":53.4900016784668,"b3_opp_dak_plat":45.880001068115234,"b3_opp_dak_schuin":10.619999885559082,"b3_volume_lod22":381.05828857421875,"b3_kwaliteitsindicator":1,"b3_pw_bron":"ahn5","b3_h_goot_nap":5.35,"b3_h_nok_nap":8.25,"goothoogte":5.63,"nokhoogte":8.53},"geometry":{"type":"Polygon","coordinates":[[[172404.875,559394.625],[172393.281,559395.75],[172392.844,559391.25],[172396.031,559390.938],[172396.016,559390.813],[172399.984,559390.438],[172400,559390.563],[172404.453,559390.125],[172404.875,559394.625]]]}},{"type":"Feature","properties":{"identificatie":"NL.IMBAG.Pand.0091100000003873","oorspronkelijkbouwjaar":1977,"status":"Pand in gebruik","b3_dak_type":"horizontal","b3_h_maaiveld":-0.7599999904632568,"b3_n_nok":0,"b3_n_vlakken":1,"b3_opp_grond":6.449999809265137,"b3_opp_dak_plat":6.449999809265137,"b3_opp_dak_schuin":0,"b3_volume_lod22":18.9559326171875,"b3_kwaliteitsindicator":1,"b3_pw_bron":"ahn5","b3_h_goot_nap":2.16,"b3_h_nok_nap":2.2,"goothoogte":2.92,"nokhoogte":2.96},"geometry":{"type":"Polygon","coordinates":[[[172404,559479.563],[172401.859,559479.75],[172401.594,559476.75],[172403.734,559476.563],[172404,559479.563]]]}},{"type":"Feature","properties":{"identificatie":"NL.IMBAG.Pand.0091100000008312","oorspronkelijkbouwjaar":1974,"status":"Pand in gebruik","b3_dak_type":"slanted","b3_bouwlagen":3,"b3_h_maaiveld":-0.47999998927116394,"b3_h_nok":8.275068283081055,"b3_n_nok":1,"b3_n_vlakken":3,"b3_opp_grond":60.779998779296875,"b3_opp_dak_plat":8.569999694824219,"b3_opp_dak_schuin":60.54999923706055,"b3_volume_lod22":409.6313171386719,"b3_kwaliteitsindicator":1,"b3_pw_bron":"ahn5","b3_h_goot_nap":5.06,"b3_h_nok_nap":8.48,"goothoogte":5.54,"nokhoogte":8.96},"geometry":{"type":"Polygon","coordinates":[[[172434.859,559524.563],[172432.25,559526.375],[172434.625,559529.75],[172432.828,559531],[172424.922,559519.813],[172429.313,559516.75],[172434.859,559524.563]]]}},{"type":"Feature","properties":{"identificatie":"NL.IMBAG.Pand.0091100000009711","oorspronkelijkbouwjaar":1972,"status":"Pand in gebruik","b3_dak_type":"slanted","b3_bouwlagen":2,"b3_h_maaiveld":-0.041999999433755875,"b3_h_nok":6.587381839752197,"b3_n_nok":1,"b3_n_vlakken":4,"b3_opp_grond":72.29000091552734,"b3_opp_dak_plat":5.619999885559082,"b3_opp_dak_schuin":77.30999755859375,"b3_volume_lod22":334.632568359375,"b3_kwaliteitsindicator":1,"b3_pw_bron":"ahn5","b3_h_goot_nap":2.79,"b3_h_nok_nap":6.74,"goothoogte":2.83,"nokhoogte":6.78},"geometry":{"type":"Polygon","coordinates":[[[172535.609,559632.438],[172535.047,559626.313],[172544.453,559625.438],[172544.344,559624.25],[172548.031,559623.938],[172548.047,559624.125],[172550.938,559623.813],[172551.109,559625.875],[172544.547,559626.5],[172545.016,559631.563],[172535.609,559632.438]]]}},{"type":"Feature","properties":{"identificatie":"NL.IMBAG.Pand.0091100000009595","oorspronkelijkbouwjaar":1972,"status":"Pand in gebruik","b3_dak_type":"slanted","b3_bouwlagen":2,"b3_h_maaiveld":-0.04699999839067459,"b3_h_nok":6.432013511657715,"b3_n_nok":1,"b3_n_vlakken":4,"b3_opp_grond":69.80000305175781,"b3_opp_dak_plat":9.75,"b3_opp_dak_schuin":73.62999725341797,"b3_volume_lod22":322.27471923828125,"b3_kwaliteitsindicator":1,"b3_pw_bron":"ahn5","b3_h_goot_nap":2.73,"b3_h_nok_nap":6.6,"goothoogte":2.78,"nokhoogte":6.65},"geometry":{"type":"Polygon","coordinates":[[[172534.516,559644.625],[172533.984,559638.375],[172545.547,559637.438],[172545.453,559636.438],[172549.141,559636.063],[172549.344,559638.313],[172543.516,559638.875],[172543.938,559643.813],[172534.516,559644.625]]]}},{"type":"Feature","properties":{"identificatie":"NL.IMBAG.Pand.0091100000007135","oorspronkelijkbouwjaar":1978,"status":"Pand in gebruik","b3_dak_type":"horizontal","b3_h_maaiveld":-0.41600000858306885,"b3_n_nok":0,"b3_n_vlakken":1,"b3_opp_grond":10.069999694824219,"b3_opp_dak_plat":10.069999694824219,"b3_opp_dak_schuin":0,"b3_volume_lod22":28.568729400634766,"b3_kwaliteitsindicator":1,"b3_pw_bron":"ahn5","b3_h_goot_nap":2.39,"b3_h_nok_nap":2.46,"goothoogte":2.81,"nokhoogte":2.88},"geometry":{"type":"Polygon","coordinates":[[[172396.031,559390.938],[172392.844,559391.25],[172392.547,559388.125],[172395.734,559387.813],[172396.031,559390.938]]]}},{"type":"Feature","properties":{"identificatie":"NL.IMBAG.Pand.0091100000013032","oorspronkelijkbouwjaar":1972,"status":"Pand in gebruik","b3_dak_type":"slanted","b3_bouwlagen":3,"b3_h_maaiveld":-0.1860000044107437,"b3_h_nok":8.221429824829102,"b3_n_nok":1,"b3_n_vlakken":3,"b3_opp_grond":55.34000015258789,"b3_opp_dak_plat":9.869999885559082,"b3_opp_dak_schuin":52.619998931884766,"b3_volume_lod22":354.635986328125,"b3_kwaliteitsindicator":1,"b3_pw_bron":"ahn5","b3_h_goot_nap":2.7,"b3_h_nok_nap":8.35,"goothoogte":2.88,"nokhoogte":8.54},"geometry":{"type":"Polygon","coordinates":[[[172587.109,559648.375],[172583.266,559648.688],[172583.641,559653],[172581.328,559653.188],[172580.922,559648.5],[172581.656,559648.438],[172580.969,559640.563],[172586.406,559640.125],[172587.109,559648.375]]]}},{"type":"Feature","properties":{"identificatie":"NL.IMBAG.Pand.0091100000009603","oorspronkelijkbouwjaar":1972,"status":"Pand in gebruik","b3_dak_type":"slanted","b3_bouwlagen":2,"b3_h_maaiveld":-0.03799999877810478,"b3_h_nok":6.470152378082275,"b3_n_nok":1,"b3_n_vlakken":3,"b3_opp_grond":65.81999969482422,"b3_opp_dak_plat":7.96999979019165,"b3_opp_dak_schuin":69.08000183105469,"b3_volume_lod22":309.1357727050781,"b3_kwaliteitsindicator":1,"b3_pw_bron":"ahn5","b3_h_goot_nap":3.07,"b3_h_nok_nap":6.65,"goothoogte":3.11,"nokhoogte":6.69},"geometry":{"type":"Polygon","coordinates":[[[172536.609,559668.875],[172536.094,559662.813],[172545.516,559662],[172545.422,559661],[172549.109,559660.625],[172549.297,559662.875],[172545.609,559663.188],[172546.031,559668.063],[172536.609,559668.875]]]}},{"type":"Feature","properties":{"identificatie":"NL.IMBAG.Pand.0091100000011461","oorspronkelijkbouwjaar":1972,"status":"Pand in gebruik","b3_dak_type":"slanted","b3_bouwlagen":3,"b3_h_maaiveld":-0.11999999731779099,"b3_h_nok":8.110725402832031,"b3_n_nok":1,"b3_n_vlakken":3,"b3_opp_grond":67.0199966430664,"b3_opp_dak_plat":0,"b3_opp_dak_schuin":75.11000061035156,"b3_volume_lod22":394.810302734375,"b3_kwaliteitsindicator":1,"b3_pw_bron":"ahn5","b3_h_goot_nap":2.08,"b3_h_nok_nap":8.33,"goothoogte":2.2,"nokhoogte":8.45},"geometry":{"type":"Polygon","coordinates":[[[172428.609,559774.75],[172423.359,559769.375],[172424.016,559768.75],[172418.375,559763],[172422.828,559758.625],[172428.469,559764.375],[172425.016,559767.75],[172428.125,559770.938],[172427.922,559771.125],[172430.094,559773.375],[172428.609,559774.75]]]}},{"type":"Feature","properties":{"identificatie":"NL.IMBAG.Pand.0091100000010310","oorspronkelijkbouwjaar":1972,"status":"Pand in gebruik","b3_dak_type":"slanted","b3_bouwlagen":3,"b3_h_maaiveld":-0.16200000047683716,"b3_h_nok":8.126282691955566,"b3_n_nok":1,"b3_n_vlakken":3,"b3_opp_grond":59.18000030517578,"b3_opp_dak_plat":10.029999732971191,"b3_opp_dak_schuin":57.27000045776367,"b3_volume_lod22":374.6407165527344,"b3_kwaliteitsindicator":1,"b3_pw_bron":"ahn5","b3_h_goot_nap":2.53,"b3_h_nok_nap":8.23,"goothoogte":2.69,"nokhoogte":8.39},"geometry":{"type":"Polygon","coordinates":[[[172441.906,559795.875],[172436.234,559790.063],[172439.563,559786.813],[172436.469,559783.688],[172438.125,559782.063],[172441.203,559785.188],[172440.563,559785.813],[172446.219,559791.625],[172441.906,559795.875]]]}},{"type":"Feature","properties":{"identificatie":"NL.IMBAG.Pand.0091100000012376","oorspronkelijkbouwjaar":1972,"status":"Pand in gebruik","b3_dak_type":"slanted","b3_bouwlagen":3,"b3_h_maaiveld":-0.07900000363588333,"b3_h_nok":8.119357109069824,"b3_n_nok":1,"b3_n_vlakken":3,"b3_opp_grond":60.650001525878906,"b3_opp_dak_plat":10.4399995803833,"b3_opp_dak_schuin":58.380001068115234,"b3_volume_lod22":378.6895446777344,"b3_kwaliteitsindicator":1,"b3_pw_bron":"ahn5","b3_h_goot_nap":2.48,"b3_h_nok_nap":8.32,"goothoogte":2.56,"nokhoogte":8.39},"geometry":{"type":"Polygon","coordinates":[[[172413.094,559785.688],[172410,559782.5],[172410.641,559781.875],[172404.984,559776.125],[172409.453,559771.75],[172415.094,559777.5],[172411.656,559780.875],[172414.75,559784.063],[172413.094,559785.688]]]}},{"type":"Feature","properties":{"identificatie":"NL.IMBAG.Pand.0091100000010175","oorspronkelijkbouwjaar":1972,"status":"Pand in gebruik","b3_dak_type":"slanted","b3_bouwlagen":3,"b3_h_maaiveld":-0.32199999690055847,"b3_h_nok":8.072784423828125,"b3_n_nok":1,"b3_n_vlakken":3,"b3_opp_grond":73.12999725341797,"b3_opp_dak_plat":0,"b3_opp_dak_schuin":82.18000030517578,"b3_volume_lod22":430.9378662109375,"b3_kwaliteitsindicator":1,"b3_pw_bron":"ahn5","b3_h_goot_nap":2.14,"b3_h_nok_nap":8.22,"goothoogte":2.47,"nokhoogte":8.54},"geometry":{"type":"Polygon","coordinates":[[[172585.297,559677.125],[172584.578,559668.938],[172588.531,559668.563],[172587.719,559659.125],[172589.813,559658.938],[172590.266,559664.125],[172590.5,559664.063],[172591.578,559676.625],[172585.297,559677.125]]]}},{"type":"Feature","properties":{"identificatie":"NL.IMBAG.Pand.0091100000018968","oorspronkelijkbouwjaar":1972,"status":"Pand in gebruik","b3_dak_type":"slanted","b3_bouwlagen":3,"b3_h_maaiveld":-0.11999999731779099,"b3_h_nok":8.1151704788208,"b3_n_nok":1,"b3_n_vlakken":3,"b3_opp_grond":60.540000915527344,"b3_opp_dak_plat":9.619999885559082,"b3_opp_dak_schuin":59.189998626708984,"b3_volume_lod22":383.2833251953125,"b3_kwaliteitsindicator":1,"b3_pw_bron":"ahn5","b3_h_goot_nap":5.38,"b3_h_nok_nap":8.32,"goothoogte":5.5,"nokhoogte":8.44},"geometry":{"type":"Polygon","coordinates":[[[172417.547,559781.313],[172414.438,559778.125],[172415.094,559777.5],[172409.453,559771.75],[172413.906,559767.375],[172419.547,559773.125],[172416.078,559776.563],[172419.188,559779.688],[172417.547,559781.313]]]}},{"type":"Feature","properties":{"identificatie":"NL.IMBAG.Pand.0091100000010401","oorspronkelijkbouwjaar":1972,"status":"Pand in gebruik","b3_dak_type":"slanted","b3_bouwlagen":3,"b3_h_maaiveld":-0.18700000643730164,"b3_h_nok":8.083327293395996,"b3_n_nok":1,"b3_n_vlakken":3,"b3_opp_grond":60.29999923706055,"b3_opp_dak_plat":10.390000343322754,"b3_opp_dak_schuin":54.61000061035156,"b3_volume_lod22":381.6600341796875,"b3_kwaliteitsindicator":1,"b3_pw_bron":"ahn5","b3_h_goot_nap":2.51,"b3_h_nok_nap":8.23,"goothoogte":2.7,"nokhoogte":8.42},"geometry":{"type":"Polygon","coordinates":[[[172489.391,559755.125],[172488.672,559747.125],[172493.484,559746.688],[172493.094,559742.313],[172495.406,559742.063],[172495.781,559746.5],[172494.859,559746.563],[172495.578,559754.625],[172489.391,559755.125]]]}},{"type":"Feature","properties":{"identificatie":"NL.IMBAG.Pand.0091100000010435","oorspronkelijkbouwjaar":1966,"status":"Pand in gebruik","b3_dak_type":"horizontal","b3_h_maaiveld":-0.38999998569488525,"b3_n_nok":0,"b3_n_vlakken":1,"b3_opp_grond":9.0600004196167,"b3_opp_dak_plat":0,"b3_opp_dak_schuin":9.100000381469727,"b3_volume_lod22":20.077768325805664,"b3_kwaliteitsindicator":1,"b3_pw_bron":"ahn5","b3_h_goot_nap":1.7,"b3_h_nok_nap":1.96,"goothoogte":2.09,"nokhoogte":2.35},"geometry":{"type":"Polygon","coordinates":[[[172549.297,559726.563],[172546.656,559726.813],[172546.344,559723.438],[172548.984,559723.188],[172549.297,559726.563]]]}},{"type":"Feature","properties":{"identificatie":"NL.IMBAG.Pand.0091100000006577","oorspronkelijkbouwjaar":1972,"status":"Pand in gebruik","b3_dak_type":"slanted","b3_bouwlagen":3,"b3_h_maaiveld":-0.125,"b3_h_nok":8.125807762145996,"b3_n_nok":1,"b3_n_vlakken":3,"b3_opp_grond":60.689998626708984,"b3_opp_dak_plat":10.5,"b3_opp_dak_schuin":55.20000076293945,"b3_volume_lod22":381.6140441894531,"b3_kwaliteitsindicator":1,"b3_pw_bron":"ahn5","b3_h_goot_nap":2.51,"b3_h_nok_nap":8.33,"goothoogte":2.63,"nokhoogte":8.46},"geometry":{"type":"Polygon","coordinates":[[[172422,559776.938],[172418.906,559773.75],[172419.547,559773.125],[172413.906,559767.375],[172418.375,559763],[172424.016,559768.75],[172420.578,559772.125],[172423.672,559775.313],[172422,559776.938]]]}},{"type":"Feature","properties":{"identificatie":"NL.IMBAG.Pand.0091100000009797","oorspronkelijkbouwjaar":1972,"status":"Pand in gebruik","b3_dak_type":"slanted","b3_bouwlagen":2,"b3_h_maaiveld":-0.20999999344348907,"b3_h_nok":6.324777126312256,"b3_n_nok":1,"b3_n_vlakken":5,"b3_opp_grond":68.36000061035156,"b3_opp_dak_plat":5.760000228881836,"b3_opp_dak_schuin":74.73999786376953,"b3_volume_lod22":326.9501647949219,"b3_kwaliteitsindicator":0,"b3_pw_bron":"ahn4","b3_h_goot_nap":2.53,"b3_h_nok_nap":6.47,"goothoogte":2.74,"nokhoogte":6.68},"geometry":{"type":"Polygon","coordinates":[[[172529.625,559749.188],[172529.031,559742.813],[172538.422,559741.938],[172538.344,559741.063],[172546.531,559740.313],[172546.734,559742.688],[172542.234,559743.125],[172542.219,559742.938],[172538.531,559743.25],[172539,559748.313],[172529.625,559749.188]]]}},{"type":"Feature","properties":{"identificatie":"NL.IMBAG.Pand.0091100000009861","oorspronkelijkbouwjaar":1965,"status":"Pand in gebruik","b3_dak_type":"slanted","b3_bouwlagen":3,"b3_h_maaiveld":-0.15399999916553497,"b3_h_nok":8.801639556884766,"b3_n_nok":1,"b3_n_vlakken":2,"b3_opp_grond":59.63999938964844,"b3_opp_dak_plat":0,"b3_opp_dak_schuin":69.37000274658203,"b3_volume_lod22":448.4202880859375,"b3_kwaliteitsindicator":1,"b3_pw_bron":"ahn5","b3_h_goot_nap":5.75,"b3_h_nok_nap":8.92,"goothoogte":5.9,"nokhoogte":9.07},"geometry":{"type":"Polygon","coordinates":[[[172558.391,559726.25],[172557.813,559720.125],[172567.422,559719.25],[172568,559725.375],[172558.391,559726.25]]]}},{"type":"Feature","properties":{"identificatie":"NL.IMBAG.Pand.0091100000008108","oorspronkelijkbouwjaar":1972,"status":"Pand in gebruik","b3_dak_type":"slanted","b3_bouwlagen":3,"b3_h_maaiveld":-0.08399999886751175,"b3_h_nok":8.11915397644043,"b3_n_nok":1,"b3_n_vlakken":3,"b3_opp_grond":61.15999984741211,"b3_opp_dak_plat":10.260000228881836,"b3_opp_dak_schuin":59.16999816894531,"b3_volume_lod22":384.0186462402344,"b3_kwaliteitsindicator":1,"b3_pw_bron":"ahn5","b3_h_goot_nap":5.64,"b3_h_nok_nap":8.3,"goothoogte":5.72,"nokhoogte":8.39},"geometry":{"type":"Polygon","coordinates":[[[172435.313,559763.875],[172432.219,559760.75],[172432.922,559760],[172427.281,559754.25],[172431.797,559749.813],[172437.438,559755.625],[172433.875,559759.125],[172436.969,559762.25],[172435.313,559763.875]]]}},{"type":"Feature","properties":{"identificatie":"NL.IMBAG.Pand.0091100000005629","oorspronkelijkbouwjaar":1972,"status":"Pand in gebruik","b3_dak_type":"slanted","b3_bouwlagen":3,"b3_h_maaiveld":-0.12800000607967377,"b3_h_nok":8.120099067687988,"b3_n_nok":1,"b3_n_vlakken":3,"b3_opp_grond":77.4000015258789,"b3_opp_dak_plat":26.610000610351562,"b3_opp_dak_schuin":58.33000183105469,"b3_volume_lod22":430.9825744628906,"b3_kwaliteitsindicator":1,"b3_pw_bron":"ahn5","b3_h_goot_nap":2.56,"b3_h_nok_nap":8.33,"goothoogte":2.69,"nokhoogte":8.45},"geometry":{"type":"Polygon","coordinates":[[[172453.813,559749.938],[172450.703,559746.813],[172451.359,559746.125],[172445.703,559740.375],[172450.125,559736.063],[172455.766,559741.813],[172455.109,559742.438],[172458.219,559745.625],[172453.813,559749.938]]]}},{"type":"Feature","properties":{"identificatie":"NL.IMBAG.Pand.0091100000010431","oorspronkelijkbouwjaar":1966,"status":"Pand in gebruik","b3_dak_type":"horizontal","b3_h_maaiveld":-0.32100000977516174,"b3_n_nok":0,"b3_n_vlakken":1,"b3_opp_grond":11.449999809265137,"b3_opp_dak_plat":11.449999809265137,"b3_opp_dak_schuin":0,"b3_volume_lod22":23.924787521362305,"b3_kwaliteitsindicator":1,"b3_pw_bron":"ahn5","b3_h_goot_nap":1.75,"b3_h_nok_nap":1.79,"goothoogte":2.07,"nokhoogte":2.11},"geometry":{"type":"Polygon","coordinates":[[[172547.703,559708],[172544.922,559708.25],[172544.531,559704.188],[172547.313,559703.875],[172547.703,559708]]]}},{"type":"Feature","properties":{"identificatie":"NL.IMBAG.Pand.0091100000010803","oorspronkelijkbouwjaar":1972,"status":"Pand in gebruik","b3_dak_type":"slanted","b3_bouwlagen":3,"b3_h_maaiveld":-0.13300000131130219,"b3_h_nok":8.108335494995117,"b3_n_nok":1,"b3_n_vlakken":4,"b3_opp_grond":60.189998626708984,"b3_opp_dak_plat":9.949999809265137,"b3_opp_dak_schuin":58.58000183105469,"b3_volume_lod22":380.68792724609375,"b3_kwaliteitsindicator":1,"b3_pw_bron":"ahn5","b3_h_goot_nap":5.54,"b3_h_nok_nap":8.17,"goothoogte":5.67,"nokhoogte":8.31},"geometry":{"type":"Polygon","coordinates":[[[172471.469,559766.813],[172465.828,559761.063],[172469.328,559757.625],[172466.234,559754.5],[172467.891,559752.875],[172470.984,559756],[172470.25,559756.75],[172475.891,559762.5],[172471.469,559766.813]]]}},{"type":"Feature","properties":{"identificatie":"NL.IMBAG.Pand.0091100000009587","oorspronkelijkbouwjaar":1972,"status":"Pand in gebruik","b3_dak_type":"slanted","b3_bouwlagen":2,"b3_h_maaiveld":-0.10999999940395355,"b3_h_nok":6.432868003845215,"b3_n_nok":1,"b3_n_vlakken":4,"b3_opp_grond":78.43000030517578,"b3_opp_dak_plat":6.369999885559082,"b3_opp_dak_schuin":83.5,"b3_volume_lod22":340.9002685546875,"b3_kwaliteitsindicator":1,"b3_pw_bron":"ahn5","b3_h_goot_nap":2.67,"b3_h_nok_nap":6.61,"goothoogte":2.78,"nokhoogte":6.72},"geometry":{"type":"Polygon","coordinates":[[[172553.938,559656.875],[172550.078,559657.063],[172550.063,559656.688],[172548.781,559656.75],[172545.094,559657.125],[172545.516,559662],[172536.094,559662.813],[172535.563,559656.75],[172544.984,559655.938],[172544.891,559654.875],[172548.578,559654.563],[172548.578,559654.563],[172553.781,559654.313],[172553.938,559656.875]]]}},{"type":"Feature","properties":{"identificatie":"NL.IMBAG.Pand.0091100000007805","oorspronkelijkbouwjaar":1972,"status":"Pand in gebruik","b3_dak_type":"slanted","b3_bouwlagen":3,"b3_h_maaiveld":-0.23100000619888306,"b3_h_nok":8.146944999694824,"b3_n_nok":1,"b3_n_vlakken":5,"b3_opp_grond":81.93000030517578,"b3_opp_dak_plat":45.75,"b3_opp_dak_schuin":43.29999923706055,"b3_volume_lod22":462.96917724609375,"b3_kwaliteitsindicator":1,"b3_pw_bron":"ahn5","b3_h_goot_nap":2.49,"b3_h_nok_nap":8.36,"goothoogte":2.72,"nokhoogte":8.59},"geometry":{"type":"Polygon","coordinates":[[[172453.656,559784.313],[172448,559778.563],[172451.563,559775.063],[172448.547,559771.938],[172447.734,559772.75],[172443.625,559768.5],[172446.078,559766.125],[172453.234,559773.438],[172452.563,559774.063],[172458.219,559779.813],[172453.656,559784.313]]]}},{"type":"Feature","properties":{"identificatie":"NL.IMBAG.Pand.0091100000011465","oorspronkelijkbouwjaar":1972,"status":"Pand in gebruik","b3_dak_type":"slanted","b3_bouwlagen":3,"b3_h_maaiveld":-0.22599999606609344,"b3_h_nok":8.116873741149902,"b3_n_nok":1,"b3_n_vlakken":3,"b3_opp_grond":76.41999816894531,"b3_opp_dak_plat":24.700000762939453,"b3_opp_dak_schuin":58.81999969482422,"b3_volume_lod22":452.5697326660156,"b3_kwaliteitsindicator":1,"b3_pw_bron":"ahn5","b3_h_goot_nap":3.01,"b3_h_nok_nap":8.24,"goothoogte":3.24,"nokhoogte":8.46},"geometry":{"type":"Polygon","coordinates":[[[172470.672,559750.125],[172472.313,559748.5],[172475.594,559751.875],[172474.969,559752.438],[172480.438,559758],[172475.891,559762.5],[172470.25,559756.75],[172470.984,559756],[172468.344,559753.313],[172471.125,559750.625],[172470.672,559750.125]]]}},{"type":"Feature","properties":{"identificatie":"NL.IMBAG.Pand.0091100000015221","oorspronkelijkbouwjaar":1965,"status":"Pand in gebruik","b3_dak_type":"slanted","b3_bouwlagen":3,"b3_h_maaiveld":-0.14900000393390656,"b3_h_nok":8.79703140258789,"b3_n_nok":1,"b3_n_vlakken":2,"b3_opp_grond":59.63999938964844,"b3_opp_dak_plat":0,"b3_opp_dak_schuin":69.41999816894531,"b3_volume_lod22":448.0181579589844,"b3_kwaliteitsindicator":1,"b3_pw_bron":"ahn5","b3_h_goot_nap":5.71,"b3_h_nok_nap":8.94,"goothoogte":5.86,"nokhoogte":9.09},"geometry":{"type":"Polygon","coordinates":[[[172557.813,559720.125],[172557.25,559713.938],[172566.859,559713.063],[172567.422,559719.25],[172557.813,559720.125]]]}},{"type":"Feature","properties":{"identificatie":"NL.IMBAG.Pand.0091100000010528","oorspronkelijkbouwjaar":1972,"status":"Pand in gebruik","b3_dak_type":"slanted","b3_bouwlagen":3,"b3_h_maaiveld":-0.22699999809265137,"b3_h_nok":8.097363471984863,"b3_n_nok":1,"b3_n_vlakken":3,"b3_opp_grond":61.529998779296875,"b3_opp_dak_plat":10.239999771118164,"b3_opp_dak_schuin":59.72999954223633,"b3_volume_lod22":393.977783203125,"b3_kwaliteitsindicator":1,"b3_pw_bron":"ahn5","b3_h_goot_nap":5.56,"b3_h_nok_nap":8.24,"goothoogte":5.79,"nokhoogte":8.47},"geometry":{"type":"Polygon","coordinates":[[[172483.047,559755.75],[172482.344,559747.688],[172487.297,559747.25],[172486.906,559742.813],[172489.219,559742.625],[172489.594,559747.063],[172488.672,559747.125],[172489.391,559755.125],[172483.047,559755.75]]]}},{"type":"Feature","properties":{"identificatie":"NL.IMBAG.Pand.0091100000009683","oorspronkelijkbouwjaar":1972,"status":"Pand in gebruik","b3_dak_type":"slanted","b3_bouwlagen":2,"b3_h_maaiveld":0.013000000268220901,"b3_h_nok":6.466508388519287,"b3_n_nok":1,"b3_n_vlakken":3,"b3_opp_grond":65.72000122070312,"b3_opp_dak_plat":8.220000267028809,"b3_opp_dak_schuin":68.55000305175781,"b3_volume_lod22":304.8140869140625,"b3_kwaliteitsindicator":1,"b3_pw_bron":"ahn5","b3_h_goot_nap":3.13,"b3_h_nok_nap":6.63,"goothoogte":3.11,"nokhoogte":6.62},"geometry":{"type":"Polygon","coordinates":[[[172535.047,559650.688],[172534.516,559644.625],[172543.938,559643.813],[172543.844,559642.75],[172547.531,559642.438],[172547.719,559644.625],[172544.047,559645],[172544.469,559649.875],[172535.047,559650.688]]]}},{"type":"Feature","properties":{"identificatie":"NL.IMBAG.Pand.0091100000005788","oorspronkelijkbouwjaar":1965,"status":"Pand in gebruik","b3_dak_type":"slanted","b3_h_maaiveld":-0.210999995470047,"b3_n_nok":0,"b3_n_vlakken":2,"b3_opp_grond":23.68000030517578,"b3_opp_dak_plat":23.68000030517578,"b3_opp_dak_schuin":0,"b3_volume_lod22":98.05205535888672,"b3_kwaliteitsindicator":1,"b3_pw_bron":"ahn5","b3_h_goot_nap":3.92,"b3_h_nok_nap":3.94,"goothoogte":4.13,"nokhoogte":4.15},"geometry":{"type":"Polygon","coordinates":[[[172558.547,559749.875],[172558.109,559745.063],[172562.938,559744.563],[172563.391,559749.438],[172558.547,559749.875]]]}},{"type":"Feature","properties":{"identificatie":"NL.IMBAG.Pand.0091100000005780","oorspronkelijkbouwjaar":1972,"status":"Pand in gebruik","b3_dak_type":"slanted","b3_bouwlagen":3,"b3_h_maaiveld":-0.1809999942779541,"b3_h_nok":8.078129768371582,"b3_n_nok":1,"b3_n_vlakken":3,"b3_opp_grond":61.5099983215332,"b3_opp_dak_plat":0,"b3_opp_dak_schuin":70.0999984741211,"b3_volume_lod22":389.6214599609375,"b3_kwaliteitsindicator":1,"b3_pw_bron":"ahn5","b3_h_goot_nap":2.52,"b3_h_nok_nap":8.26,"goothoogte":2.7,"nokhoogte":8.44},"geometry":{"type":"Polygon","coordinates":[[[172579.172,559677.688],[172572.969,559678.25],[172572.25,559670],[172576.156,559669.625],[172575.781,559665.375],[172578.094,559665.188],[172579.172,559677.688]]]}},{"type":"Feature","properties":{"identificatie":"NL.IMBAG.Pand.0091100000005526","oorspronkelijkbouwjaar":1972,"status":"Pand in gebruik","b3_dak_type":"slanted","b3_bouwlagen":3,"b3_h_maaiveld":-0.10499999672174454,"b3_h_nok":8.117783546447754,"b3_n_nok":1,"b3_n_vlakken":3,"b3_opp_grond":60.220001220703125,"b3_opp_dak_plat":10.260000228881836,"b3_opp_dak_schuin":58.11000061035156,"b3_volume_lod22":377.95660400390625,"b3_kwaliteitsindicator":1,"b3_pw_bron":"ahn5","b3_h_goot_nap":2.52,"b3_h_nok_nap":8.16,"goothoogte":2.63,"nokhoogte":8.26},"geometry":{"type":"Polygon","coordinates":[[[172467.047,559771.188],[172461.406,559765.438],[172464.891,559762],[172461.781,559758.813],[172463.453,559757.188],[172466.547,559760.375],[172465.828,559761.063],[172471.469,559766.813],[172467.047,559771.188]]]}},{"type":"Feature","properties":{"identificatie":"NL.IMBAG.Pand.0091100000010439","oorspronkelijkbouwjaar":1966,"status":"Pand in gebruik","b3_dak_type":"horizontal","b3_h_maaiveld":-0.20200000703334808,"b3_n_nok":0,"b3_n_vlakken":1,"b3_opp_grond":12.010000228881836,"b3_opp_dak_plat":0,"b3_opp_dak_schuin":12.039999961853027,"b3_volume_lod22":25.015338897705078,"b3_kwaliteitsindicator":1,"b3_pw_bron":"ahn5","b3_h_goot_nap":1.75,"b3_h_nok_nap":1.96,"goothoogte":1.95,"nokhoogte":2.17},"geometry":{"type":"Polygon","coordinates":[[[172556.563,559750.063],[172552.641,559750.313],[172552.438,559747.313],[172556.359,559747],[172556.563,559750.063]]]}},{"type":"Feature","properties":{"identificatie":"NL.IMBAG.Pand.0091100000009793","oorspronkelijkbouwjaar":1972,"status":"Pand in gebruik","b3_dak_type":"slanted","b3_bouwlagen":2,"b3_h_maaiveld":-0.15299999713897705,"b3_h_nok":6.281173229217529,"b3_n_nok":1,"b3_n_vlakken":3,"b3_opp_grond":65.5,"b3_opp_dak_plat":5.769999980926514,"b3_opp_dak_schuin":70.3499984741211,"b3_volume_lod22":305.2564392089844,"b3_kwaliteitsindicator":1,"b3_pw_bron":"ahn5","b3_h_goot_nap":2.56,"b3_h_nok_nap":6.44,"goothoogte":2.71,"nokhoogte":6.6},"geometry":{"type":"Polygon","coordinates":[[[172529.031,559742.813],[172528.484,559736.75],[172537.859,559735.875],[172537.781,559735],[172541.469,559734.625],[172541.672,559736.813],[172537.984,559737.125],[172538.422,559741.938],[172529.031,559742.813]]]}},{"type":"Feature","properties":{"identificatie":"NL.IMBAG.Pand.0091100000010951","oorspronkelijkbouwjaar":1972,"status":"Pand in gebruik","b3_dak_type":"slanted","b3_bouwlagen":3,"b3_h_maaiveld":-0.25200000405311584,"b3_h_nok":8.111528396606445,"b3_n_nok":1,"b3_n_vlakken":3,"b3_opp_grond":62.15999984741211,"b3_opp_dak_plat":10.350000381469727,"b3_opp_dak_schuin":60.38999938964844,"b3_volume_lod22":399.3070068359375,"b3_kwaliteitsindicator":1,"b3_pw_bron":"ahn5","b3_h_goot_nap":5.55,"b3_h_nok_nap":8.25,"goothoogte":5.8,"nokhoogte":8.5},"geometry":{"type":"Polygon","coordinates":[[[172473.766,559729],[172473.344,559724.313],[172474.063,559724.25],[172473.375,559716.5],[172479.75,559715.875],[172480.469,559723.938],[172475.688,559724.375],[172476.078,559728.813],[172473.766,559729]]]}},{"type":"Feature","properties":{"identificatie":"NL.IMBAG.Pand.0091100000009077","oorspronkelijkbouwjaar":1971,"status":"Pand in gebruik","b3_dak_type":"slanted","b3_bouwlagen":3,"b3_h_maaiveld":-0.13600000739097595,"b3_h_nok":8.07265567779541,"b3_n_nok":1,"b3_n_vlakken":3,"b3_opp_grond":61.59000015258789,"b3_opp_dak_plat":10.609999656677246,"b3_opp_dak_schuin":59.04999923706055,"b3_volume_lod22":387.7958984375,"b3_kwaliteitsindicator":1,"b3_pw_bron":"ahn5","b3_h_goot_nap":2.53,"b3_h_nok_nap":8.24,"goothoogte":2.67,"nokhoogte":8.37},"geometry":{"type":"Polygon","coordinates":[[[172396.719,559801.688],[172393.641,559798.5],[172394.297,559797.875],[172388.672,559792.125],[172393.234,559787.625],[172398.859,559793.438],[172395.297,559796.875],[172398.391,559800.063],[172396.719,559801.688]]]}},{"type":"Feature","properties":{"identificatie":"NL.IMBAG.Pand.0091100000009707","oorspronkelijkbouwjaar":1972,"status":"Pand in gebruik","b3_dak_type":"slanted","b3_bouwlagen":2,"b3_h_maaiveld":-0.2879999876022339,"b3_h_nok":6.328876495361328,"b3_n_nok":1,"b3_n_vlakken":3,"b3_opp_grond":73.08000183105469,"b3_opp_dak_plat":0,"b3_opp_dak_schuin":84.81999969482422,"b3_volume_lod22":334.65740966796875,"b3_kwaliteitsindicator":1,"b3_pw_bron":"ahn5","b3_h_goot_nap":1.87,"b3_h_nok_nap":6.47,"goothoogte":2.16,"nokhoogte":6.76},"geometry":{"type":"Polygon","coordinates":[[[172526.281,559712.5],[172525.719,559706.375],[172534.922,559705.563],[172534.844,559704.688],[172541.734,559704.063],[172541.922,559706.25],[172535.234,559706.875],[172535.656,559711.688],[172526.281,559712.5]]]}},{"type":"Feature","properties":{"identificatie":"NL.IMBAG.Pand.0091100000009314","oorspronkelijkbouwjaar":1972,"status":"Pand in gebruik","b3_dak_type":"slanted","b3_bouwlagen":3,"b3_h_maaiveld":-0.12800000607967377,"b3_h_nok":8.207064628601074,"b3_n_nok":1,"b3_n_vlakken":3,"b3_opp_grond":77.66000366210938,"b3_opp_dak_plat":0,"b3_opp_dak_schuin":86.20999908447266,"b3_volume_lod22":443.80841064453125,"b3_kwaliteitsindicator":1,"b3_pw_bron":"ahn5","b3_h_goot_nap":2.45,"b3_h_nok_nap":8.35,"goothoogte":2.58,"nokhoogte":8.48},"geometry":{"type":"Polygon","coordinates":[[[172587.484,559652.688],[172586.406,559640.125],[172592.625,559639.563],[172593.688,559651.875],[172589.766,559652.188],[172589.797,559652.5],[172587.484,559652.688]]]}},{"type":"Feature","properties":{"identificatie":"NL.IMBAG.Pand.0091100000019596","oorspronkelijkbouwjaar":1965,"status":"Pand in gebruik","b3_dak_type":"slanted","b3_bouwlagen":4,"b3_h_maaiveld":-0.1509999930858612,"b3_n_nok":0,"b3_n_vlakken":10,"b3_opp_grond":614.27001953125,"b3_opp_dak_plat":614.27001953125,"b3_opp_dak_schuin":0,"b3_volume_lod22":6624.560546875,"b3_kwaliteitsindicator":1,"b3_pw_bron":"ahn5","b3_h_goot_nap":10.85,"b3_h_nok_nap":10.87,"goothoogte":11,"nokhoogte":11.02},"geometry":{"type":"Polygon","coordinates":[[[172571.938,559852.438],[172566.813,559852.875],[172566.484,559848.313],[172567.891,559848.188],[172562.422,559784],[172571.406,559783.188],[172576.906,559847.5],[172574.828,559847.688],[172573.313,559850.188],[172574.75,559851.063],[172574.5,559851.5],[172573.063,559850.625],[172571.938,559852.438]]]}},{"type":"Feature","properties":{"identificatie":"NL.IMBAG.Pand.0091100000010241","oorspronkelijkbouwjaar":1972,"status":"Pand in gebruik","b3_dak_type":"slanted","b3_bouwlagen":3,"b3_h_maaiveld":-0.10199999809265137,"b3_h_nok":8.112456321716309,"b3_n_nok":1,"b3_n_vlakken":3,"b3_opp_grond":60.40999984741211,"b3_opp_dak_plat":10.3100004196167,"b3_opp_dak_schuin":54.31999969482422,"b3_volume_lod22":379.06884765625,"b3_kwaliteitsindicator":1,"b3_pw_bron":"ahn5","b3_h_goot_nap":2.48,"b3_h_nok_nap":8.22,"goothoogte":2.59,"nokhoogte":8.33},"geometry":{"type":"Polygon","coordinates":[[[172437.484,559800.188],[172431.813,559794.438],[172435.141,559791.125],[172432.063,559788],[172433.703,559786.375],[172436.797,559789.5],[172436.234,559790.063],[172441.906,559795.875],[172437.484,559800.188]]]}},{"type":"Feature","properties":{"identificatie":"NL.IMBAG.Pand.0091100000010025","oorspronkelijkbouwjaar":1965,"status":"Pand in gebruik","b3_dak_type":"slanted","b3_bouwlagen":3,"b3_h_maaiveld":-0.18799999356269836,"b3_h_nok":8.808915138244629,"b3_n_nok":1,"b3_n_vlakken":2,"b3_opp_grond":59.63999938964844,"b3_opp_dak_plat":0,"b3_opp_dak_schuin":69.41999816894531,"b3_volume_lod22":450.9884948730469,"b3_kwaliteitsindicator":1,"b3_pw_bron":"ahn5","b3_h_goot_nap":5.79,"b3_h_nok_nap":8.93,"goothoogte":5.98,"nokhoogte":9.11},"geometry":{"type":"Polygon","coordinates":[[[172559.516,559738.563],[172558.953,559732.438],[172568.563,559731.563],[172569.125,559737.688],[172559.516,559738.563]]]}},{"type":"Feature","properties":{"identificatie":"NL.IMBAG.Pand.1900100010090479","oorspronkelijkbouwjaar":2022,"status":"Pand in gebruik","b3_dak_type":"slanted","b3_h_maaiveld":-0.2409999966621399,"b3_n_nok":0,"b3_n_vlakken":1,"b3_opp_grond":12.510000228881836,"b3_opp_dak_plat":0,"b3_opp_dak_schuin":12.670000076293945,"b3_volume_lod22":27.75465965270996,"b3_kwaliteitsindicator":1,"b3_pw_bron":"ahn5","b3_h_goot_nap":1.74,"b3_h_nok_nap":2.27,"goothoogte":1.98,"nokhoogte":2.51},"geometry":{"type":"Polygon","coordinates":[[[172478.016,559755.563],[172474.969,559752.438],[172477.063,559750.375],[172480.094,559753.5],[172478.016,559755.563]]]}},{"type":"Feature","properties":{"identificatie":"NL.IMBAG.Pand.0091100000009873","oorspronkelijkbouwjaar":1966,"status":"Pand in gebruik","b3_dak_type":"slanted","b3_bouwlagen":3,"b3_h_maaiveld":-0.17900000512599945,"b3_h_nok":8.801931381225586,"b3_n_nok":1,"b3_n_vlakken":2,"b3_opp_grond":59.650001525878906,"b3_opp_dak_plat":0,"b3_opp_dak_schuin":69.37999725341797,"b3_volume_lod22":450.307861328125,"b3_kwaliteitsindicator":1,"b3_pw_bron":"ahn5","b3_h_goot_nap":5.78,"b3_h_nok_nap":8.93,"goothoogte":5.96,"nokhoogte":9.11},"geometry":{"type":"Polygon","coordinates":[[[172558.953,559732.438],[172558.391,559726.25],[172568,559725.375],[172568.563,559731.563],[172558.953,559732.438]]]}},{"type":"Feature","properties":{"identificatie":"NL.IMBAG.Pand.0091100000003600","oorspronkelijkbouwjaar":1972,"status":"Pand in gebruik","b3_dak_type":"slanted","b3_bouwlagen":3,"b3_h_maaiveld":-0.2590000033378601,"b3_h_nok":8.122100830078125,"b3_n_nok":1,"b3_n_vlakken":3,"b3_opp_grond":61.56999969482422,"b3_opp_dak_plat":10.130000114440918,"b3_opp_dak_schuin":59.7400016784668,"b3_volume_lod22":398.24139404296875,"b3_kwaliteitsindicator":1,"b3_pw_bron":"ahn5","b3_h_goot_nap":5.44,"b3_h_nok_nap":8.28,"goothoogte":5.7,"nokhoogte":8.54},"geometry":{"type":"Polygon","coordinates":[[[172467.063,559736.875],[172463.969,559733.75],[172464.609,559733.063],[172458.969,559727.375],[172463.516,559722.875],[172469.156,559728.625],[172465.594,559732.125],[172468.703,559735.25],[172467.063,559736.875]]]}},{"type":"Feature","properties":{"identificatie":"NL.IMBAG.Pand.1900100010090474","oorspronkelijkbouwjaar":2022,"status":"Pand in gebruik","b3_dak_type":"slanted","b3_h_maaiveld":-0.20999999344348907,"b3_n_nok":0,"b3_n_vlakken":1,"b3_opp_grond":7.940000057220459,"b3_opp_dak_plat":0,"b3_opp_dak_schuin":9.050000190734863,"b3_volume_lod22":39.12471008300781,"b3_kwaliteitsindicator":1,"b3_pw_bron":"ahn5","b3_h_goot_nap":3.69,"b3_h_nok_nap":5.92,"goothoogte":3.9,"nokhoogte":6.13},"geometry":{"type":"Polygon","coordinates":[[[172557.391,559715.563],[172553.469,559715.938],[172553.281,559713.938],[172557.219,559713.563],[172557.391,559715.563]]]}},{"type":"Feature","properties":{"identificatie":"NL.IMBAG.Pand.0091100000009607","oorspronkelijkbouwjaar":1972,"status":"Pand in gebruik","b3_dak_type":"slanted","b3_bouwlagen":2,"b3_h_maaiveld":-0.03099999949336052,"b3_h_nok":6.472820281982422,"b3_n_nok":1,"b3_n_vlakken":4,"b3_opp_grond":65.87999725341797,"b3_opp_dak_plat":6.170000076293945,"b3_opp_dak_schuin":71.37999725341797,"b3_volume_lod22":309.4600830078125,"b3_kwaliteitsindicator":1,"b3_pw_bron":"ahn5","b3_h_goot_nap":2.65,"b3_h_nok_nap":6.68,"goothoogte":2.68,"nokhoogte":6.71},"geometry":{"type":"Polygon","coordinates":[[[172537.141,559675],[172536.609,559668.875],[172546.031,559668.063],[172545.953,559667.063],[172549.625,559666.688],[172549.828,559668.938],[172546.141,559669.25],[172546.563,559674.125],[172537.141,559675]]]}},{"type":"Feature","properties":{"identificatie":"NL.IMBAG.Pand.0091100000009773","oorspronkelijkbouwjaar":1972,"status":"Pand in gebruik","b3_dak_type":"slanted","b3_bouwlagen":2,"b3_h_maaiveld":-0.20800000429153442,"b3_h_nok":6.3077545166015625,"b3_n_nok":1,"b3_n_vlakken":3,"b3_opp_grond":65.66999816894531,"b3_opp_dak_plat":7.75,"b3_opp_dak_schuin":69.33000183105469,"b3_volume_lod22":309.5104675292969,"b3_kwaliteitsindicator":1,"b3_pw_bron":"ahn5","b3_h_goot_nap":2.94,"b3_h_nok_nap":6.48,"goothoogte":3.15,"nokhoogte":6.68},"geometry":{"type":"Polygon","coordinates":[[[172527.375,559724.625],[172526.828,559718.563],[172536.219,559717.688],[172536.125,559716.813],[172539.813,559716.438],[172540.016,559718.688],[172536.328,559719],[172536.766,559723.75],[172527.375,559724.625]]]}},{"type":"Feature","properties":{"identificatie":"NL.IMBAG.Pand.0091100000010449","oorspronkelijkbouwjaar":1972,"status":"Pand in gebruik","b3_dak_type":"slanted","b3_bouwlagen":3,"b3_h_maaiveld":-0.17299999296665192,"b3_h_nok":8.097625732421875,"b3_n_nok":1,"b3_n_vlakken":3,"b3_opp_grond":59.58000183105469,"b3_opp_dak_plat":10.239999771118164,"b3_opp_dak_schuin":57.22999954223633,"b3_volume_lod22":377.2922058105469,"b3_kwaliteitsindicator":1,"b3_pw_bron":"ahn5","b3_h_goot_nap":2.52,"b3_h_nok_nap":8.18,"goothoogte":2.7,"nokhoogte":8.35},"geometry":{"type":"Polygon","coordinates":[[[172462.688,559775.438],[172457.031,559769.688],[172460.469,559766.313],[172457.375,559763.188],[172459.031,559761.563],[172462.125,559764.688],[172461.406,559765.438],[172467.047,559771.188],[172462.688,559775.438]]]}},{"type":"Feature","properties":{"identificatie":"NL.IMBAG.Pand.0091100000009703","oorspronkelijkbouwjaar":1972,"status":"Pand in gebruik","b3_dak_type":"slanted","b3_bouwlagen":2,"b3_h_maaiveld":-0.05400000140070915,"b3_h_nok":6.475062370300293,"b3_n_nok":1,"b3_n_vlakken":3,"b3_opp_grond":65.87000274658203,"b3_opp_dak_plat":7.019999980926514,"b3_opp_dak_schuin":69.41999816894531,"b3_volume_lod22":309.7564392089844,"b3_kwaliteitsindicator":1,"b3_pw_bron":"ahn5","b3_h_goot_nap":2.72,"b3_h_nok_nap":6.61,"goothoogte":2.77,"nokhoogte":6.67},"geometry":{"type":"Polygon","coordinates":[[[172535.563,559656.75],[172535.047,559650.688],[172544.469,559649.875],[172544.375,559648.813],[172548.063,559648.5],[172548.25,559650.688],[172544.563,559651.063],[172544.984,559655.938],[172535.563,559656.75]]]}},{"type":"Feature","properties":{"identificatie":"NL.IMBAG.Pand.0091100000010872","oorspronkelijkbouwjaar":1972,"status":"Pand in gebruik","b3_dak_type":"slanted","b3_bouwlagen":3,"b3_h_maaiveld":-0.20000000298023224,"b3_h_nok":8.091075897216797,"b3_n_nok":1,"b3_n_vlakken":3,"b3_opp_grond":60.45000076293945,"b3_opp_dak_plat":10.289999961853027,"b3_opp_dak_schuin":58.43000030517578,"b3_volume_lod22":384.0868835449219,"b3_kwaliteitsindicator":1,"b3_pw_bron":"ahn5","b3_h_goot_nap":2.49,"b3_h_nok_nap":8.23,"goothoogte":2.69,"nokhoogte":8.43},"geometry":{"type":"Polygon","coordinates":[[[172479.922,559728.438],[172479.516,559724],[172480.469,559723.938],[172479.75,559715.875],[172485.922,559715.375],[172486.641,559723.375],[172481.844,559723.813],[172482.234,559728.25],[172479.922,559728.438]]]}},{"type":"Feature","properties":{"identificatie":"NL.IMBAG.Pand.0091100000006980","oorspronkelijkbouwjaar":1972,"status":"Pand in gebruik","b3_dak_type":"slanted","b3_bouwlagen":3,"b3_h_maaiveld":-0.11400000005960464,"b3_h_nok":8.103791236877441,"b3_n_nok":1,"b3_n_vlakken":3,"b3_opp_grond":62.0099983215332,"b3_opp_dak_plat":10.260000228881836,"b3_opp_dak_schuin":60.09000015258789,"b3_volume_lod22":391.31781005859375,"b3_kwaliteitsindicator":1,"b3_pw_bron":"ahn5","b3_h_goot_nap":5.65,"b3_h_nok_nap":8.29,"goothoogte":5.76,"nokhoogte":8.4},"geometry":{"type":"Polygon","coordinates":[[[172444.953,559758.688],[172441.672,559755.313],[172442.203,559754.813],[172436.734,559749.25],[172441.281,559744.75],[172446.938,559750.5],[172443.516,559753.875],[172446.625,559757],[172444.953,559758.688]]]}},{"type":"Feature","properties":{"identificatie":"NL.IMBAG.Pand.0091100000003881","oorspronkelijkbouwjaar":1972,"status":"Pand in gebruik","b3_dak_type":"slanted","b3_bouwlagen":3,"b3_h_maaiveld":-0.11100000143051147,"b3_h_nok":8.110713958740234,"b3_n_nok":1,"b3_n_vlakken":3,"b3_opp_grond":60.709999084472656,"b3_opp_dak_plat":10.4399995803833,"b3_opp_dak_schuin":54.9900016784668,"b3_volume_lod22":380.7933349609375,"b3_kwaliteitsindicator":1,"b3_pw_bron":"ahn5","b3_h_goot_nap":2.5,"b3_h_nok_nap":8.32,"goothoogte":2.61,"nokhoogte":8.43},"geometry":{"type":"Polygon","coordinates":[[[172408.688,559790],[172405.594,559786.813],[172406.188,559786.25],[172400.531,559780.5],[172404.984,559776.125],[172410.641,559781.875],[172407.25,559785.188],[172410.359,559788.375],[172408.688,559790]]]}},{"type":"Feature","properties":{"identificatie":"NL.IMBAG.Pand.0091100000014465","oorspronkelijkbouwjaar":1972,"status":"Pand in gebruik","b3_dak_type":"slanted","b3_bouwlagen":3,"b3_h_maaiveld":-0.09099999815225601,"b3_h_nok":8.116683006286621,"b3_n_nok":1,"b3_n_vlakken":3,"b3_opp_grond":60.70000076293945,"b3_opp_dak_plat":10.279999732971191,"b3_opp_dak_schuin":58.65999984741211,"b3_volume_lod22":380.5270080566406,"b3_kwaliteitsindicator":1,"b3_pw_bron":"ahn5","b3_h_goot_nap":2.51,"b3_h_nok_nap":8.32,"goothoogte":2.6,"nokhoogte":8.41},"geometry":{"type":"Polygon","coordinates":[[[172430.906,559768.188],[172427.797,559765.063],[172428.469,559764.375],[172422.828,559758.625],[172427.281,559754.25],[172432.922,559760],[172429.469,559763.438],[172432.563,559766.563],[172430.906,559768.188]]]}},{"type":"Feature","properties":{"identificatie":"NL.IMBAG.Pand.0091100000009845","oorspronkelijkbouwjaar":1965,"status":"Pand in gebruik","b3_dak_type":"slanted","b3_bouwlagen":3,"b3_h_maaiveld":-0.1120000034570694,"b3_h_nok":8.792871475219727,"b3_n_nok":1,"b3_n_vlakken":2,"b3_opp_grond":59.810001373291016,"b3_opp_dak_plat":0,"b3_opp_dak_schuin":69.58000183105469,"b3_volume_lod22":446.8477783203125,"b3_kwaliteitsindicator":1,"b3_pw_bron":"ahn5","b3_h_goot_nap":5.69,"b3_h_nok_nap":8.94,"goothoogte":5.8,"nokhoogte":9.05},"geometry":{"type":"Polygon","coordinates":[[[172557.25,559713.938],[172556.672,559707.813],[172566.281,559706.938],[172566.859,559713.063],[172557.25,559713.938]]]}},{"type":"Feature","properties":{"identificatie":"NL.IMBAG.Pand.0091100000010029","oorspronkelijkbouwjaar":1965,"status":"Pand in gebruik","b3_dak_type":"slanted","b3_bouwlagen":3,"b3_h_maaiveld":-0.18199999630451202,"b3_h_nok":8.807870864868164,"b3_n_nok":1,"b3_n_vlakken":2,"b3_opp_grond":60.779998779296875,"b3_opp_dak_plat":0,"b3_opp_dak_schuin":70.75,"b3_volume_lod22":458.8705749511719,"b3_kwaliteitsindicator":1,"b3_pw_bron":"ahn5","b3_h_goot_nap":5.76,"b3_h_nok_nap":8.92,"goothoogte":5.94,"nokhoogte":9.1},"geometry":{"type":"Polygon","coordinates":[[[172560.094,559744.875],[172559.516,559738.563],[172569.125,559737.688],[172569.703,559743.938],[172560.094,559744.875]]]}},{"type":"Feature","properties":{"identificatie":"NL.IMBAG.Pand.0091100000009785","oorspronkelijkbouwjaar":1972,"status":"Pand in gebruik","b3_dak_type":"slanted","b3_bouwlagen":2,"b3_h_maaiveld":-0.1809999942779541,"b3_h_nok":6.298423767089844,"b3_n_nok":1,"b3_n_vlakken":3,"b3_opp_grond":65.47000122070312,"b3_opp_dak_plat":6.980000019073486,"b3_opp_dak_schuin":69.44999694824219,"b3_volume_lod22":307.1697692871094,"b3_kwaliteitsindicator":1,"b3_pw_bron":"ahn5","b3_h_goot_nap":2.56,"b3_h_nok_nap":6.47,"goothoogte":2.74,"nokhoogte":6.65},"geometry":{"type":"Polygon","coordinates":[[[172527.938,559730.688],[172527.375,559724.625],[172536.766,559723.75],[172536.688,559722.875],[172540.359,559722.5],[172540.563,559724.75],[172536.875,559725.063],[172537.313,559729.813],[172527.938,559730.688]]]}},{"type":"Feature","properties":{"identificatie":"NL.IMBAG.Pand.0091100000010747","oorspronkelijkbouwjaar":1972,"status":"Pand in gebruik","b3_dak_type":"slanted","b3_bouwlagen":3,"b3_h_maaiveld":-0.164000004529953,"b3_h_nok":8.08753776550293,"b3_n_nok":1,"b3_n_vlakken":3,"b3_opp_grond":60.33000183105469,"b3_opp_dak_plat":10.079999923706055,"b3_opp_dak_schuin":58.33000183105469,"b3_volume_lod22":381.3967590332031,"b3_kwaliteitsindicator":1,"b3_pw_bron":"ahn5","b3_h_goot_nap":2.5,"b3_h_nok_nap":8.24,"goothoogte":2.66,"nokhoogte":8.4},"geometry":{"type":"Polygon","coordinates":[[[172486.125,559727.875],[172485.734,559723.5],[172486.641,559723.375],[172485.922,559715.375],[172492.094,559714.813],[172492.813,559722.813],[172488.047,559723.25],[172488.453,559727.688],[172486.125,559727.875]]]}},{"type":"Feature","properties":{"identificatie":"NL.IMBAG.Pand.0091100000005792","oorspronkelijkbouwjaar":1972,"status":"Pand in gebruik","b3_dak_type":"slanted","b3_bouwlagen":3,"b3_h_maaiveld":-0.23800000548362732,"b3_n_nok":0,"b3_n_vlakken":5,"b3_opp_grond":61.849998474121094,"b3_opp_dak_plat":23.049999237060547,"b3_opp_dak_schuin":45.0099983215332,"b3_volume_lod22":405.05914306640625,"b3_kwaliteitsindicator":1,"b3_pw_bron":"ahn5","b3_h_goot_nap":2.51,"b3_h_nok_nap":8.27,"goothoogte":2.75,"nokhoogte":8.51},"geometry":{"type":"Polygon","coordinates":[[[172446.219,559791.625],[172440.563,559785.813],[172443.969,559782.5],[172440.875,559779.313],[172442.531,559777.688],[172445.813,559781.063],[172445.297,559781.563],[172450.766,559787.125],[172446.219,559791.625]]]}},{"type":"Feature","properties":{"identificatie":"NL.IMBAG.Pand.0091100000010153","oorspronkelijkbouwjaar":1972,"status":"Pand in gebruik","b3_dak_type":"slanted","b3_bouwlagen":3,"b3_h_maaiveld":-0.11800000071525574,"b3_h_nok":8.071331024169922,"b3_n_nok":1,"b3_n_vlakken":3,"b3_opp_grond":61.2400016784668,"b3_opp_dak_plat":9.90999984741211,"b3_opp_dak_schuin":59.68000030517578,"b3_volume_lod22":385.521728515625,"b3_kwaliteitsindicator":1,"b3_pw_bron":"ahn5","b3_h_goot_nap":5.52,"b3_h_nok_nap":8.25,"goothoogte":5.64,"nokhoogte":8.37},"geometry":{"type":"Polygon","coordinates":[[[172572.969,559678.25],[172566.797,559678.75],[172566.078,559670.5],[172569.922,559670.188],[172569.547,559665.875],[172571.875,559665.688],[172572.969,559678.25]]]}},{"type":"Feature","properties":{"identificatie":"NL.IMBAG.Pand.0091100000009765","oorspronkelijkbouwjaar":1972,"status":"Pand in gebruik","b3_dak_type":"slanted","b3_bouwlagen":2,"b3_h_maaiveld":-0.33799999952316284,"b3_h_nok":6.333564758300781,"b3_n_nok":2,"b3_n_vlakken":3,"b3_opp_grond":74.33999633789062,"b3_opp_dak_plat":0,"b3_opp_dak_schuin":85.91000366210938,"b3_volume_lod22":339.0376281738281,"b3_kwaliteitsindicator":1,"b3_pw_bron":"ahn5","b3_h_goot_nap":1.88,"b3_h_nok_nap":6.5,"goothoogte":2.22,"nokhoogte":6.84},"geometry":{"type":"Polygon","coordinates":[[[172526.828,559718.563],[172526.281,559712.5],[172535.656,559711.688],[172535.578,559710.75],[172543.391,559710.063],[172543.578,559712.25],[172535.781,559712.938],[172536.219,559717.688],[172526.828,559718.563]]]}},{"type":"Feature","properties":{"identificatie":"NL.IMBAG.Pand.0091100000009961","oorspronkelijkbouwjaar":1965,"status":"Pand in gebruik","b3_dak_type":"slanted","b3_bouwlagen":3,"b3_h_maaiveld":-0.1120000034570694,"b3_h_nok":8.802292823791504,"b3_n_nok":1,"b3_n_vlakken":2,"b3_opp_grond":60.77000045776367,"b3_opp_dak_plat":0,"b3_opp_dak_schuin":70.7699966430664,"b3_volume_lod22":453.87261962890625,"b3_kwaliteitsindicator":1,"b3_pw_bron":"ahn5","b3_h_goot_nap":5.64,"b3_h_nok_nap":8.92,"goothoogte":5.75,"nokhoogte":9.04},"geometry":{"type":"Polygon","coordinates":[[[172556.672,559707.813],[172556.094,559701.5],[172565.703,559700.625],[172566.281,559706.938],[172556.672,559707.813]]]}},{"type":"Feature","properties":{"identificatie":"NL.IMBAG.Pand.0091100000009789","oorspronkelijkbouwjaar":1972,"status":"Pand in gebruik","b3_dak_type":"slanted","b3_bouwlagen":2,"b3_h_maaiveld":-0.18000000715255737,"b3_h_nok":6.287249565124512,"b3_n_nok":1,"b3_n_vlakken":4,"b3_opp_grond":65.52999877929688,"b3_opp_dak_plat":5.869999885559082,"b3_opp_dak_schuin":70.12000274658203,"b3_volume_lod22":306.5724182128906,"b3_kwaliteitsindicator":1,"b3_pw_bron":"ahn5","b3_h_goot_nap":2.45,"b3_h_nok_nap":6.41,"goothoogte":2.63,"nokhoogte":6.59},"geometry":{"type":"Polygon","coordinates":[[[172528.484,559736.75],[172527.938,559730.688],[172537.313,559729.813],[172537.234,559728.938],[172540.922,559728.563],[172541.109,559730.75],[172537.438,559731.125],[172537.859,559735.875],[172528.484,559736.75]]]}},{"type":"Feature","properties":{"identificatie":"NL.IMBAG.Pand.0091100000006968","oorspronkelijkbouwjaar":1972,"status":"Pand in gebruik","b3_dak_type":"slanted","b3_bouwlagen":3,"b3_h_maaiveld":-0.08699999749660492,"b3_h_nok":8.104740142822266,"b3_n_nok":1,"b3_n_vlakken":3,"b3_opp_grond":60.310001373291016,"b3_opp_dak_plat":9.6899995803833,"b3_opp_dak_schuin":58.81999969482422,"b3_volume_lod22":379.4640197753906,"b3_kwaliteitsindicator":1,"b3_pw_bron":"ahn5","b3_h_goot_nap":5.39,"b3_h_nok_nap":8.32,"goothoogte":5.48,"nokhoogte":8.41},"geometry":{"type":"Polygon","coordinates":[[[172449.406,559754.313],[172446.297,559751.125],[172446.938,559750.5],[172441.281,559744.75],[172445.703,559740.375],[172451.359,559746.125],[172447.953,559749.5],[172451.063,559752.625],[172449.406,559754.313]]]}},{"type":"Feature","properties":{"identificatie":"NL.IMBAG.Pand.0091100000003592","oorspronkelijkbouwjaar":1972,"status":"Pand in gebruik","b3_dak_type":"slanted","b3_bouwlagen":3,"b3_h_maaiveld":-0.2199999988079071,"b3_h_nok":8.108384132385254,"b3_n_nok":1,"b3_n_vlakken":3,"b3_opp_grond":60.61000061035156,"b3_opp_dak_plat":9.989999771118164,"b3_opp_dak_schuin":59.02000045776367,"b3_volume_lod22":389.06903076171875,"b3_kwaliteitsindicator":1,"b3_pw_bron":"ahn5","b3_h_goot_nap":5.66,"b3_h_nok_nap":8.25,"goothoogte":5.88,"nokhoogte":8.47},"geometry":{"type":"Polygon","coordinates":[[[172458.219,559779.813],[172452.563,559774.063],[172456.047,559770.688],[172452.953,559767.5],[172454.609,559765.875],[172457.703,559769.063],[172457.031,559769.688],[172462.688,559775.438],[172458.219,559779.813]]]}},{"type":"Feature","properties":{"identificatie":"NL.IMBAG.Pand.1900100010090788","oorspronkelijkbouwjaar":2022,"status":"Pand in gebruik","b3_dak_type":"unknown","b3_h_maaiveld":-0.10700000077486038,"b3_opp_grond":7.230000019073486,"b3_opp_dak_plat":7.230000019073486,"b3_opp_dak_schuin":0,"b3_volume_lod22":16.098514556884766,"b3_kwaliteitsindicator":1,"b3_pw_bron":"ahn5","b3_h_goot_nap":2.12,"b3_h_nok_nap":2.12,"goothoogte":2.23,"nokhoogte":2.23},"geometry":{"type":"Polygon","coordinates":[[[172549.031,559644.75],[172548.953,559642.375],[172552.047,559642.313],[172552.109,559644.625],[172549.031,559644.75]]]}},{"type":"Feature","properties":{"identificatie":"NL.IMBAG.Pand.0091100000008137","oorspronkelijkbouwjaar":1972,"status":"Pand in gebruik","b3_dak_type":"slanted","b3_bouwlagen":3,"b3_h_maaiveld":-0.13600000739097595,"b3_h_nok":8.111844062805176,"b3_n_nok":1,"b3_n_vlakken":3,"b3_opp_grond":60.31999969482422,"b3_opp_dak_plat":10.270000457763672,"b3_opp_dak_schuin":59.939998626708984,"b3_volume_lod22":380.9275207519531,"b3_kwaliteitsindicator":1,"b3_pw_bron":"ahn5","b3_h_goot_nap":2.53,"b3_h_nok_nap":8.32,"goothoogte":2.67,"nokhoogte":8.46},"geometry":{"type":"Polygon","coordinates":[[[172458.219,559745.625],[172455.109,559742.438],[172455.766,559741.813],[172450.125,559736.063],[172454.547,559731.688],[172460.188,559737.438],[172456.781,559740.813],[172459.891,559743.938],[172458.219,559745.625]]]}},{"type":"Feature","properties":{"identificatie":"NL.IMBAG.Pand.0091100000007744","oorspronkelijkbouwjaar":1972,"status":"Pand in gebruik","b3_dak_type":"slanted","b3_bouwlagen":2,"b3_h_maaiveld":-0.07500000298023224,"b3_h_nok":6.453335285186768,"b3_n_nok":1,"b3_n_vlakken":3,"b3_opp_grond":66.7300033569336,"b3_opp_dak_plat":7.539999961853027,"b3_opp_dak_schuin":70.36000061035156,"b3_volume_lod22":315.55902099609375,"b3_kwaliteitsindicator":1,"b3_pw_bron":"ahn5","b3_h_goot_nap":3,"b3_h_nok_nap":6.64,"goothoogte":3.08,"nokhoogte":6.71},"geometry":{"type":"Polygon","coordinates":[[[172537.672,559681.125],[172537.141,559675],[172546.563,559674.125],[172546.516,559673.125],[172550.156,559672.75],[172550.344,559675],[172546.672,559675.313],[172547.094,559680.313],[172537.672,559681.125]]]}},{"type":"Feature","properties":{"identificatie":"NL.IMBAG.Pand.0091100000014139","oorspronkelijkbouwjaar":1972,"status":"Pand in gebruik","b3_dak_type":"slanted","b3_bouwlagen":3,"b3_h_maaiveld":-0.2029999941587448,"b3_h_nok":8.098170280456543,"b3_n_nok":1,"b3_n_vlakken":3,"b3_opp_grond":61.900001525878906,"b3_opp_dak_plat":10.180000305175781,"b3_opp_dak_schuin":60.40999984741211,"b3_volume_lod22":395.55792236328125,"b3_kwaliteitsindicator":1,"b3_pw_bron":"ahn5","b3_h_goot_nap":5.54,"b3_h_nok_nap":8.25,"goothoogte":5.74,"nokhoogte":8.45},"geometry":{"type":"Polygon","coordinates":[[[172492.313,559727.313],[172491.922,559722.938],[172492.813,559722.813],[172492.094,559714.813],[172498.453,559714.25],[172499.188,559722.25],[172494.234,559722.688],[172494.625,559727.125],[172492.313,559727.313]]]}},{"type":"Feature","properties":{"identificatie":"NL.IMBAG.Pand.0091100000014764","oorspronkelijkbouwjaar":1972,"status":"Pand in gebruik","b3_dak_type":"slanted","b3_bouwlagen":3,"b3_h_maaiveld":-0.19300000369548798,"b3_h_nok":8.069801330566406,"b3_n_nok":1,"b3_n_vlakken":3,"b3_opp_grond":60.84000015258789,"b3_opp_dak_plat":5.349999904632568,"b3_opp_dak_schuin":58.97999954223633,"b3_volume_lod22":386.4551696777344,"b3_kwaliteitsindicator":1,"b3_pw_bron":"ahn5","b3_h_goot_nap":2.57,"b3_h_nok_nap":8.24,"goothoogte":2.76,"nokhoogte":8.43},"geometry":{"type":"Polygon","coordinates":[[[172585.297,559677.125],[172579.172,559677.688],[172578.453,559669.438],[172582.266,559669.125],[172581.891,559664.813],[172584.219,559664.625],[172585.297,559677.125]]]}},{"type":"Feature","properties":{"identificatie":"NL.IMBAG.Pand.0091100000010712","oorspronkelijkbouwjaar":1972,"status":"Pand in gebruik","b3_dak_type":"slanted","b3_bouwlagen":3,"b3_h_maaiveld":-0.31200000643730164,"b3_h_nok":8.083704948425293,"b3_n_nok":1,"b3_n_vlakken":3,"b3_opp_grond":61.869998931884766,"b3_opp_dak_plat":9.369999885559082,"b3_opp_dak_schuin":64.01000213623047,"b3_volume_lod22":402.7359313964844,"b3_kwaliteitsindicator":1,"b3_pw_bron":"ahn5","b3_h_goot_nap":3.42,"b3_h_nok_nap":8.23,"goothoogte":3.73,"nokhoogte":8.55},"geometry":{"type":"Polygon","coordinates":[[[172495.578,559754.625],[172494.859,559746.563],[172499.656,559746.188],[172499.266,559741.75],[172501.594,559741.563],[172502,559746.25],[172501.25,559746.313],[172501.938,559754.063],[172495.578,559754.625]]]}},{"type":"Feature","properties":{"identificatie":"NL.IMBAG.Pand.0091100000006190","oorspronkelijkbouwjaar":1972,"status":"Pand in gebruik","b3_dak_type":"slanted","b3_bouwlagen":3,"b3_h_maaiveld":-0.15299999713897705,"b3_h_nok":8.102051734924316,"b3_n_nok":1,"b3_n_vlakken":3,"b3_opp_grond":61.630001068115234,"b3_opp_dak_plat":9.079999923706055,"b3_opp_dak_schuin":63.52000045776367,"b3_volume_lod22":392.47601318359375,"b3_kwaliteitsindicator":1,"b3_pw_bron":"ahn5","b3_h_goot_nap":3.13,"b3_h_nok_nap":8.3,"goothoogte":3.28,"nokhoogte":8.46},"geometry":{"type":"Polygon","coordinates":[[[172404.25,559794.375],[172400.953,559791],[172401.484,559790.5],[172396.016,559784.938],[172400.531,559780.5],[172406.188,559786.25],[172402.813,559789.563],[172405.922,559792.688],[172404.25,559794.375]]]}},{"type":"Feature","properties":{"identificatie":"NL.IMBAG.Pand.0091100000009969","oorspronkelijkbouwjaar":1972,"status":"Pand in gebruik","b3_dak_type":"slanted","b3_bouwlagen":3,"b3_h_maaiveld":-0.1860000044107437,"b3_h_nok":8.082714080810547,"b3_n_nok":1,"b3_n_vlakken":3,"b3_opp_grond":70.70999908447266,"b3_opp_dak_plat":9.630000114440918,"b3_opp_dak_schuin":76.36000061035156,"b3_volume_lod22":456.2228088378906,"b3_kwaliteitsindicator":1,"b3_pw_bron":"ahn5","b3_h_goot_nap":3.4,"b3_h_nok_nap":8.24,"goothoogte":3.59,"nokhoogte":8.42},"geometry":{"type":"Polygon","coordinates":[[[172566.797,559678.75],[172559.484,559679.375],[172558.766,559671.188],[172563.766,559670.75],[172563.391,559666.438],[172565.719,559666.25],[172566.797,559678.75]]]}},{"type":"Feature","properties":{"identificatie":"NL.IMBAG.Pand.0091100000003604","oorspronkelijkbouwjaar":1972,"status":"Pand in gebruik","b3_dak_type":"slanted","b3_bouwlagen":3,"b3_h_maaiveld":-0.16200000047683716,"b3_h_nok":8.109139442443848,"b3_n_nok":1,"b3_n_vlakken":3,"b3_opp_grond":60.36000061035156,"b3_opp_dak_plat":10.329999923706055,"b3_opp_dak_schuin":60,"b3_volume_lod22":382.2039794921875,"b3_kwaliteitsindicator":1,"b3_pw_bron":"ahn5","b3_h_goot_nap":2.55,"b3_h_nok_nap":8.32,"goothoogte":2.71,"nokhoogte":8.48},"geometry":{"type":"Polygon","coordinates":[[[172462.625,559741.25],[172459.516,559738.125],[172460.188,559737.438],[172454.547,559731.688],[172458.969,559727.375],[172464.609,559733.063],[172461.188,559736.438],[172464.297,559739.625],[172462.625,559741.25]]]}}]}