{"type":"FeatureCollection","name":"bgt_pand","crs":{"type":"name","properties":{"name":"urn:ogc:def:crs:EPSG::28992"}},"features":[{"type":"Feature","properties":{"relatieveHoogteligging":0,"lokaalID":"G1900.3cd6415f244b4cc3b767b16652c67f60","bgt_status":"bestaand","identificatieBAGPND":"1900100010090842"},"geometry":{"type":"Polygon","coordinates":[[[171953.371,559318.31],[171953.163,559318.317],[171950.768,559318.399],[171950.661,559315.284],[171953.264,559315.195],[171953.371,559318.31]]]}},{"type":"Feature","properties":{"relatieveHoogteligging":0,"lokaalID":"G1900.60ca8aab348a428d862eb560f713558f","bgt_status":"bestaand","identificatieBAGPND":"0091100000013622","identificatieBAGVBOLaagsteHuisnummer":"0091010000030337","identificatieBAGVBOHoogsteHuisnummer":"0091010000030337","huisnummers":[{"tekst":"58","pos":[171949,559331],"hoek":0}]},"geometry":{"type":"Polygon","coordinates":[[[171950.922,559322.891],[171951.371,559332.447],[171945.81,559332.63],[171945.435,559321.705],[171945.328,559318.586],[171947.724,559318.504],[171947.878,559322.995],[171950.922,559322.891]]]}},{"type":"Feature","properties":{"relatieveHoogteligging":0,"lokaalID":"G1900.71b8123b0fba436693ca96743f5e9637","bgt_status":"bestaand","identificatieBAGPND":"0091100000013448","identificatieBAGVBOLaagsteHuisnummer":"0091010000030324","identificatieBAGVBOHoogsteHuisnummer":"0091010000030324","huisnummers":[{"tekst":"66","pos":[171970,559329],"hoek":0}]},"geometry":{"type":"Polygon","coordinates":[[[171967.407,559331.921],[171967.092,559322.335],[171966.938,559317.844],[171969.333,559317.761],[171969.487,559322.253],[171972.891,559322.136],[171972.907,559322.616],[171973.22,559331.73],[171967.407,559331.921]]]}},{"type":"Feature","properties":{"relatieveHoogteligging":0,"lokaalID":"G1900.e8d505819ece4a14afa4b9fd0ee1a718","bgt_status":"bestaand","identificatieBAGPND":"0091100000017903","identificatieBAGVBOLaagsteHuisnummer":"0091010000030307","identificatieBAGVBOHoogsteHuisnummer":"0091010000030307","huisnummers":[{"tekst":"18","pos":[171990,559406],"hoek":0}]},"geometry":{"type":"Polygon","coordinates":[[[171985.827,559411.521],[171988.016,559402.179],[171993.26,559403.407],[171991.071,559412.747],[171990.067,559417.038],[171989.84,559416.985],[171987.885,559416.527],[171987.742,559416.494],[171988.746,559412.203],[171985.827,559411.521]]]}},{"type":"Feature","properties":{"relatieveHoogteligging":0,"lokaalID":"G1900.38c2723b4a124967866fd6606585dfe8","bgt_status":"bestaand","identificatieBAGPND":"1900100010090846"},"geometry":{"type":"Polygon","coordinates":[[[171964.142,559422.796],[171967.084,559421.737],[171968.067,559422.599],[171967.635,559424.701],[171964.544,559424.066],[171964.142,559422.796]]]}},{"type":"Feature","properties":{"relatieveHoogteligging":0,"lokaalID":"G1900.94ce31b9f9a6437cb4bfe276e63f22ab","bgt_status":"bestaand","identificatieBAGPND":"1900100010090841"},"geometry":{"type":"Polygon","coordinates":[[[171972.602,559312.8],[171972.865,559313.117],[171972.844,559314.472],[171972.66,559314.684],[171972.019,559315.425],[171970.558,559315.425],[171969.585,559314.451],[171969.627,559313.012],[171970.77,559311.996],[171972.04,559312.123],[171972.602,559312.8]]]}},{"type":"Feature","properties":{"relatieveHoogteligging":0,"lokaalID":"G1900.cad85695bf924362be8927faa98ccc0e","bgt_status":"bestaand","identificatieBAGPND":"1900100010090843"},"geometry":{"type":"Polygon","coordinates":[[[171918.034,559380.244],[171915.048,559381.349],[171914.054,559378.661],[171917.039,559377.556],[171918.034,559380.244]]]}},{"type":"Feature","properties":{"relatieveHoogteligging":0,"lokaalID":"G1900.a150374a8cec44ddaf7db0f5ac23d6bd","bgt_status":"bestaand","identificatieBAGPND":"0091100000013632","identificatieBAGVBOLaagsteHuisnummer":"0091010000030285","identificatieBAGVBOHoogsteHuisnummer":"0091010000030285","huisnummers":[{"tekst":"76","pos":[172002,559273],"hoek":0}]},"geometry":{"type":"Polygon","coordinates":[[[172001.92,559264.91],[172004.782,559267.996],[172004.877,559267.908],[172010.492,559274.082],[172006.668,559277.621],[172006.038,559278.203],[172004.816,559276.883],[171996.848,559268.279],[171997.662,559267.525],[171998.476,559266.77],[171999.141,559267.487],[172001.92,559264.91]]]}},{"type":"Feature","properties":{"relatieveHoogteligging":0,"lokaalID":"G1900.d20b8c9d881847b7a033163b2570b220","bgt_status":"bestaand","identificatieBAGPND":"1900100010090844"},"geometry":{"type":"Polygon","coordinates":[[[171942.972,559409.459],[171944.466,559409.822],[171943.694,559412.995],[171942.2,559412.632],[171942.239,559412.472],[171942.972,559409.459]]]}},{"type":"Feature","properties":{"relatieveHoogteligging":0,"lokaalID":"G1900.787fd55bc6064dddb3a2c5b51bf153e8","bgt_status":"bestaand","identificatieBAGPND":"0091100000009624"},"geometry":{"type":"Polygon","coordinates":[[[171901.36,559463.956],[171904.267,559466.828],[171901.023,559470.102],[171898.126,559467.233],[171901.36,559463.956]]]}},{"type":"Feature","properties":{"relatieveHoogteligging":0,"lokaalID":"G1900.96c73bb4bb6b4da4a01adc58ba930b76","bgt_status":"bestaand","identificatieBAGPND":"0091100000018855","identificatieBAGVBOLaagsteHuisnummer":"0091010000033409","identificatieBAGVBOHoogsteHuisnummer":"0091010000033409","huisnummers":[{"tekst":"18","pos":[171888,559117],"hoek":0}]},"geometry":{"type":"Polygon","coordinates":[[[171890.45,559124.808],[171887.197,559122.038],[171888.342,559120.666],[171879.119,559112.734],[171883.659,559107.38],[171893.151,559115.544],[171892.483,559116.33],[171895.502,559118.877],[171890.45,559124.808]]]}},{"type":"Feature","properties":{"relatieveHoogteligging":0,"lokaalID":"G1900.27d11a7ae91d472eb39f1c80298e4ec7","bgt_status":"bestaand","identificatieBAGPND":"0091100000018859"},"geometry":{"type":"Polygon","coordinates":[[[171965.26,559197.55],[171968.92,559201.03],[171966.74,559203.32],[171963.14,559199.73],[171965.26,559197.55]]]}},{"type":"Feature","properties":{"relatieveHoogteligging":0,"lokaalID":"G1900.e270241c09dc4d32b072ec243cc915b3","bgt_status":"bestaand","identificatieBAGPND":"0091100000013416","identificatieBAGVBOLaagsteHuisnummer":"0091010000030334","identificatieBAGVBOHoogsteHuisnummer":"0091010000030334","huisnummers":[{"tekst":"60","pos":[171956,559329],"hoek":0}]},"geometry":{"type":"Polygon","coordinates":[[[171956.312,559322.706],[171956.626,559332.275],[171951.371,559332.447],[171950.922,559322.891],[171950.768,559318.399],[171953.163,559318.317],[171953.318,559322.808],[171956.312,559322.706]]]}},{"type":"Feature","properties":{"relatieveHoogteligging":0,"lokaalID":"G1900.bc7e25be63d349f19dfd78aad5e6f544","bgt_status":"bestaand","identificatieBAGPND":"0091100000012966","identificatieBAGVBOLaagsteHuisnummer":"0091010000030332","identificatieBAGVBOHoogsteHuisnummer":"0091010000030332","huisnummers":[{"tekst":"62","pos":[171960,559329],"hoek":0}]},"geometry":{"type":"Polygon","coordinates":[[[171961.702,559322.52],[171962.017,559332.098],[171956.626,559332.275],[171956.312,559322.706],[171956.158,559318.214],[171958.553,559318.132],[171958.708,559322.623],[171961.702,559322.52]]]}},{"type":"Feature","properties":{"relatieveHoogteligging":0,"lokaalID":"G1900.35e0b58465444692a625ee7adf5503e1","bgt_status":"bestaand","identificatieBAGPND":"0091100000013438","identificatieBAGVBOLaagsteHuisnummer":"0091010000030326","identificatieBAGVBOHoogsteHuisnummer":"0091010000030326","huisnummers":[{"tekst":"64","pos":[171965,559329],"hoek":0}]},"geometry":{"type":"Polygon","coordinates":[[[171962.017,559332.098],[171961.702,559322.52],[171961.548,559318.029],[171961.699,559318.024],[171961.559,559313.987],[171963.725,559313.912],[171963.864,559317.949],[171963.943,559317.946],[171964.097,559322.438],[171967.092,559322.335],[171967.407,559331.921],[171962.017,559332.098]]]}},{"type":"Feature","properties":{"relatieveHoogteligging":0,"lokaalID":"G1900.06607b580f2c4f6992f40a804270b5d6","bgt_status":"bestaand","identificatieBAGPND":"1900100010090847"},"geometry":{"type":"Polygon","coordinates":[[[171987.885,559416.527],[171989.84,559416.985],[171989.093,559420.179],[171987.137,559419.721],[171987.885,559416.527]]]}},{"type":"Feature","properties":{"relatieveHoogteligging":0,"lokaalID":"G1900.0bbcc084a0f5430c88422e4b859302e8","bgt_status":"bestaand","identificatieBAGPND":"1900100010090840"},"geometry":{"type":"Polygon","coordinates":[[[171976.974,559290.105],[171978.559,559287.946],[171980.485,559289.36],[171978.876,559291.552],[171978.818,559291.63],[171976.892,559290.216],[171976.974,559290.105]]]}},{"type":"Feature","properties":{"relatieveHoogteligging":0,"lokaalID":"G1900.5297e701d33f498e8f7cb51a57b426d2","bgt_status":"bestaand","identificatieBAGPND":"1900100010090839"},"geometry":{"type":"Polygon","coordinates":[[[171996.216,559258.76],[171997.065,559257.972],[171998.659,559258.175],[171998.811,559258.194],[172000.267,559259.764],[171998.59,559261.319],[171997.183,559259.802],[171996.216,559258.76]]]}},{"type":"Feature","properties":{"relatieveHoogteligging":0,"lokaalID":"G1900.a7294970c7fc43188f7bf9feccc1cf13","bgt_status":"bestaand","identificatieBAGPND":"1900100010090845"},"geometry":{"type":"Polygon","coordinates":[[[171940.4,559408.834],[171942.972,559409.459],[171942.239,559412.472],[171939.667,559411.846],[171940.4,559408.834]]]}},{"type":"Feature","properties":{"relatieveHoogteligging":0,"lokaalID":"G1900.6745f81e10e8416c9ffc60f60b780ca7","bgt_status":"bestaand","identificatieBAGPND":"0091100000013490","identificatieBAGVBOLaagsteHuisnummer":"0091010000030343","identificatieBAGVBOHoogsteHuisnummer":"0091010000030343","huisnummers":[{"tekst":"56","pos":[171938,559335],"hoek":0}]},"geometry":{"type":"Polygon","coordinates":[[[171931.257,559332.707],[171927.949,559329.694],[171929.567,559327.918],[171932.875,559330.931],[171935.18,559328.4],[171942.28,559334.84],[171938.346,559339.161],[171931.257,559332.707]]]}},{"type":"Feature","properties":{"relatieveHoogteligging":0,"lokaalID":"G1900.5b2175885b6d4abfa796943c1819b77d","bgt_status":"bestaand","identificatieBAGPND":"0091100000011735","identificatieBAGVBOLaagsteHuisnummer":"0091010000030344","identificatieBAGVBOHoogsteHuisnummer":"0091010000030344","huisnummers":[{"tekst":"54","pos":[171935,559340],"hoek":0}]},"geometry":{"type":"Polygon","coordinates":[[[171931.257,559332.707],[171938.346,559339.161],[171934.707,559343.158],[171927.617,559336.703],[171924.31,559333.69],[171925.927,559331.914],[171929.235,559334.927],[171931.257,559332.707]]]}},{"type":"Feature","properties":{"relatieveHoogteligging":0,"lokaalID":"G1900.78c59b7233ba49ff8cca4ee65f749b96","bgt_status":"bestaand","identificatieBAGPND":"0091100000013473","identificatieBAGVBOLaagsteHuisnummer":"0091010000030351","identificatieBAGVBOHoogsteHuisnummer":"0091010000030351","huisnummers":[{"tekst":"50","pos":[171928,559346],"hoek":0}]},"geometry":{"type":"Polygon","coordinates":[[[171923.991,559340.684],[171931.081,559347.14],[171927.442,559351.137],[171920.351,559344.68],[171917.043,559341.667],[171918.661,559339.891],[171921.969,559342.904],[171923.991,559340.684]]]}},{"type":"Feature","properties":{"relatieveHoogteligging":0,"lokaalID":"G1900.9b7c0c81f5fa42f9b08b0ea39f67c21d","bgt_status":"bestaand","identificatieBAGPND":"0091100000013483","identificatieBAGVBOLaagsteHuisnummer":"0091010000030349","identificatieBAGVBOHoogsteHuisnummer":"0091010000030349","huisnummers":[{"tekst":"48","pos":[171924,559351],"hoek":0}]},"geometry":{"type":"Polygon","coordinates":[[[171920.351,559344.68],[171927.442,559351.137],[171923.77,559355.17],[171913.37,559345.7],[171914.994,559343.917],[171918.302,559346.93],[171920.351,559344.68]]]}},{"type":"Feature","properties":{"relatieveHoogteligging":0,"lokaalID":"G1900.e38a69a0b33d47db855d72da3398dd92","bgt_status":"bestaand","identificatieBAGPND":"0091100000011720","identificatieBAGVBOLaagsteHuisnummer":"0091010000030347","identificatieBAGVBOHoogsteHuisnummer":"0091010000030347","huisnummers":[{"tekst":"52","pos":[171931,559342],"hoek":0}]},"geometry":{"type":"Polygon","coordinates":[[[171927.617,559336.703],[171934.707,559343.158],[171931.081,559347.14],[171923.991,559340.684],[171920.683,559337.671],[171922.287,559335.91],[171925.595,559338.923],[171927.617,559336.703]]]}},{"type":"Feature","properties":{"relatieveHoogteligging":0,"lokaalID":"G1900.99171204612b4c8cb0c85c875630434b","bgt_status":"bestaand","identificatieBAGPND":"0091100000004108"},"geometry":{"type":"Polygon","coordinates":[[[171924.759,559326.762],[171927.132,559324.056],[171930.231,559326.886],[171927.852,559329.605],[171927.718,559329.759],[171924.6,559326.943],[171924.759,559326.762]]]}},{"type":"Feature","properties":{"relatieveHoogteligging":0,"lokaalID":"G1900.f3ed0234f2384735b24429887f76cf65","bgt_status":"bestaand","identificatieBAGPND":"0091100000009604"},"geometry":{"type":"Polygon","coordinates":[[[171909.997,559336.066],[171913.009,559338.729],[171910.428,559341.648],[171907.416,559338.985],[171909.997,559336.066]]]}},{"type":"Feature","properties":{"relatieveHoogteligging":0,"lokaalID":"G1900.ad3fb62e4a474f95a9bf00b2c7dae514","bgt_status":"bestaand","identificatieBAGPND":"1900100010087856"},"geometry":{"type":"Polygon","coordinates":[[[171916.501,559386.532],[171915.44,559383.593],[171918.938,559382.259],[171920.052,559385.177],[171916.501,559386.532]]]}},{"type":"Feature","properties":{"relatieveHoogteligging":0,"lokaalID":"G1900.01f266090e414ee8be0812ca68c2ac53","bgt_status":"bestaand","identificatieBAGPND":"0091100000009608"},"geometry":{"type":"Polygon","coordinates":[[[171914.887,559372.53],[171915.738,559374.795],[171911.804,559376.269],[171910.955,559374.006],[171914.887,559372.53]]]}},{"type":"Feature","properties":{"relatieveHoogteligging":0,"lokaalID":"G1900.026f2465f0eb4bde9de3febcbd23f715","bgt_status":"bestaand","identificatieBAGPND":"0091100000011715","identificatieBAGVBOLaagsteHuisnummer":"0091010000030348","identificatieBAGVBOHoogsteHuisnummer":"0091010000030348","huisnummers":[{"tekst":"46","pos":[171923,559364],"hoek":0}]},"geometry":{"type":"Polygon","coordinates":[[[171927.565,559365.039],[171918.62,559368.418],[171914.433,559369.998],[171911.429,559371.17],[171910.619,559368.931],[171913.586,559367.755],[171917.773,559366.175],[171916.567,559362.978],[171925.51,559359.6],[171927.565,559365.039]]]}},{"type":"Feature","properties":{"relatieveHoogteligging":0,"lokaalID":"G1900.7b6f5f7bf05e4c0791205caf42081263","bgt_status":"bestaand","identificatieBAGPND":"0091100000006583","identificatieBAGVBOLaagsteHuisnummer":"0091010000030355","identificatieBAGVBOHoogsteHuisnummer":"0091010000030355","huisnummers":[{"tekst":"44","pos":[171925,559370],"hoek":0}]},"geometry":{"type":"Polygon","coordinates":[[[171929.471,559370.086],[171920.525,559373.465],[171916.337,559375.046],[171915.491,559372.803],[171919.678,559371.222],[171918.62,559368.418],[171927.565,559365.039],[171929.471,559370.086]]]}},{"type":"Feature","properties":{"relatieveHoogteligging":0,"lokaalID":"G1900.5c2ce04b8f0e4a31b9d85d668cca754f","bgt_status":"bestaand","identificatieBAGPND":"0091100000013321","identificatieBAGVBOLaagsteHuisnummer":"0091010000030353","identificatieBAGVBOHoogsteHuisnummer":"0091010000030353","huisnummers":[{"tekst":"40","pos":[171928,559379],"hoek":0}]},"geometry":{"type":"Polygon","coordinates":[[[171920.147,559385.141],[171919.301,559382.897],[171923.488,559381.317],[171922.43,559378.513],[171931.377,559375.133],[171933.284,559380.18],[171924.335,559383.56],[171920.147,559385.141]]]}},{"type":"Feature","properties":{"relatieveHoogteligging":0,"lokaalID":"G1900.9a268dc393414c8aaff26269a13c3ad3","bgt_status":"bestaand","identificatieBAGPND":"0091100000004124","identificatieBAGVBOLaagsteHuisnummer":"0091010000031629","identificatieBAGVBOHoogsteHuisnummer":"0091010000031629","huisnummers":[{"tekst":"42","pos":[171925,559373],"hoek":0}]},"geometry":{"type":"Polygon","coordinates":[[[171918.242,559380.093],[171917.396,559377.85],[171921.583,559376.27],[171920.525,559373.465],[171929.471,559370.086],[171931.377,559375.133],[171922.43,559378.513],[171918.242,559380.093]]]}},{"type":"Feature","properties":{"relatieveHoogteligging":0,"lokaalID":"G1900.9aea56b1b71949c1a1ef66afebccc218","bgt_status":"bestaand","identificatieBAGPND":"0091100000013603","identificatieBAGVBOLaagsteHuisnummer":"0091010000030341","identificatieBAGVBOHoogsteHuisnummer":"0091010000030341","huisnummers":[{"tekst":"36","pos":[171933,559389],"hoek":0}]},"geometry":{"type":"Polygon","coordinates":[[[171937.11,559390.31],[171923.971,559395.273],[171923.124,559393.03],[171927.312,559391.449],[171926.24,559388.608],[171935.19,559385.227],[171937.11,559390.31]]]}},{"type":"Feature","properties":{"relatieveHoogteligging":0,"lokaalID":"G1900.72513b40a23d4f33903b5a79787576bc","bgt_status":"bestaand","identificatieBAGPND":"0091100000013478","identificatieBAGVBOLaagsteHuisnummer":"0091010000030350","identificatieBAGVBOHoogsteHuisnummer":"0091010000030350","huisnummers":[{"tekst":"38","pos":[171931,559384],"hoek":0}]},"geometry":{"type":"Polygon","coordinates":[[[171935.19,559385.227],[171926.24,559388.608],[171922.052,559390.188],[171921.205,559387.945],[171925.393,559386.365],[171924.335,559383.56],[171933.284,559380.18],[171935.19,559385.227]]]}},{"type":"Feature","properties":{"relatieveHoogteligging":0,"lokaalID":"G1900.a0566c0e4b9b4195913ea6728ee83503","bgt_status":"bestaand","identificatieBAGPND":"0091100000019731","identificatieBAGVBOLaagsteHuisnummer":"1900010000314156","identificatieBAGVBOHoogsteHuisnummer":"1900010000314156","huisnummers":[{"tekst":"2A","pos":[171969.485,559489.172],"hoek":0}]},"geometry":{"type":"Polygon","coordinates":[[[171968.074,559483.213],[171972.371,559486.974],[171962.788,559497.926],[171958.319,559494.361],[171968.074,559483.213]]]}},{"type":"Feature","properties":{"relatieveHoogteligging":0,"lokaalID":"G1900.75c4c5e8d9eb41f298ac8c0ee4b8edd9","bgt_status":"bestaand","identificatieBAGPND":"0091100000013617","identificatieBAGVBOLaagsteHuisnummer":"0091010000030338","identificatieBAGVBOHoogsteHuisnummer":"0091010000030338","huisnummers":[{"tekst":"32","pos":[171948,559401],"hoek":0}]},"geometry":{"type":"Polygon","coordinates":[[[171944.058,559404.762],[171946.26,559395.46],[171951.51,559396.702],[171949.308,559406.004],[171948.282,559410.34],[171945.948,559409.788],[171946.974,559405.452],[171944.058,559404.762]]]}},{"type":"Feature","properties":{"relatieveHoogteligging":0,"lokaalID":"G1900.9dd503dda48a4c8db6ecdd91daf127f5","bgt_status":"bestaand","identificatieBAGPND":"0091100000004120","identificatieBAGVBOLaagsteHuisnummer":"0091010000031630","identificatieBAGVBOHoogsteHuisnummer":"0091010000031630","huisnummers":[{"tekst":"34","pos":[171942,559401],"hoek":0}]},"geometry":{"type":"Polygon","coordinates":[[[171940.698,559408.546],[171941.724,559404.21],[171938.399,559403.423],[171940.6,559394.12],[171946.26,559395.46],[171944.058,559404.762],[171943.032,559409.098],[171940.698,559408.546]]]}},{"type":"Feature","properties":{"relatieveHoogteligging":0,"lokaalID":"G1900.d92681f5a0d440f9886f87924d8825e2","bgt_status":"bestaand","identificatieBAGPND":"0091100000013411","identificatieBAGVBOLaagsteHuisnummer":"0091010000030335","identificatieBAGVBOHoogsteHuisnummer":"0091010000030335","huisnummers":[{"tekst":"30","pos":[171952,559402],"hoek":0}]},"geometry":{"type":"Polygon","coordinates":[[[171949.308,559406.004],[171951.51,559396.702],[171956.749,559397.942],[171954.548,559407.244],[171953.522,559411.58],[171951.199,559411.031],[171952.225,559406.694],[171949.308,559406.004]]]}},{"type":"Feature","properties":{"relatieveHoogteligging":0,"lokaalID":"G1900.65eef46afde244278223f7b1966178c6","bgt_status":"bestaand","identificatieBAGPND":"0091100000013421","identificatieBAGVBOLaagsteHuisnummer":"0091010000030333","identificatieBAGVBOHoogsteHuisnummer":"0091010000030333","huisnummers":[{"tekst":"28","pos":[171957,559403],"hoek":0}]},"geometry":{"type":"Polygon","coordinates":[[[171954.548,559407.244],[171956.749,559397.942],[171962,559399.185],[171959.799,559408.486],[171958.773,559412.823],[171956.439,559412.27],[171957.465,559407.934],[171954.548,559407.244]]]}},{"type":"Feature","properties":{"relatieveHoogteligging":0,"lokaalID":"G1900.32b0417f8f8c4dcda0d98f5ff8f58790","bgt_status":"bestaand","identificatieBAGPND":"0091100000012976","identificatieBAGVBOLaagsteHuisnummer":"0091010000030330","identificatieBAGVBOHoogsteHuisnummer":"0091010000030330","huisnummers":[{"tekst":"26","pos":[171963,559404],"hoek":0}]},"geometry":{"type":"Polygon","coordinates":[[[171959.799,559408.486],[171962,559399.185],[171967.25,559400.427],[171965.049,559409.728],[171964.023,559414.065],[171961.689,559413.513],[171962.715,559409.176],[171959.799,559408.486]]]}},{"type":"Feature","properties":{"relatieveHoogteligging":0,"lokaalID":"G1900.76f57c48e5e648499040d54e36c16da1","bgt_status":"bestaand","identificatieBAGPND":"0091100000013443","identificatieBAGVBOLaagsteHuisnummer":"0091010000030325","identificatieBAGVBOHoogsteHuisnummer":"0091010000030325","huisnummers":[{"tekst":"24","pos":[171969,559405],"hoek":0}]},"geometry":{"type":"Polygon","coordinates":[[[171966.94,559414.755],[171967.966,559410.419],[171965.049,559409.728],[171967.25,559400.427],[171972.5,559401.67],[171969.273,559415.307],[171966.94,559414.755]]]}},{"type":"Feature","properties":{"relatieveHoogteligging":0,"lokaalID":"G1900.5c154d2bc91848a6bd26ca90fb8a0935","bgt_status":"bestaand","identificatieBAGPND":"0091100000013720","identificatieBAGVBOLaagsteHuisnummer":"0091010000030313","identificatieBAGVBOHoogsteHuisnummer":"0091010000030313","huisnummers":[{"tekst":"22","pos":[171979,559405],"hoek":0}]},"geometry":{"type":"Polygon","coordinates":[[[171982.763,559400.948],[171980.573,559410.292],[171979.57,559414.582],[171977.235,559414.036],[171978.238,559409.745],[171974.95,559408.976],[171977.14,559399.63],[171982.763,559400.948]]]}},{"type":"Feature","properties":{"relatieveHoogteligging":0,"lokaalID":"G1900.5df266bb8a7a4bfb8e26ac8e31088d1b","bgt_status":"bestaand","identificatieBAGPND":"0091100000013700","identificatieBAGVBOLaagsteHuisnummer":"0091010000030317","identificatieBAGVBOHoogsteHuisnummer":"0091010000030317","huisnummers":[{"tekst":"67","pos":[171975,559366],"hoek":0}]},"geometry":{"type":"Polygon","coordinates":[[[171976.926,559372.62],[171971.65,559370.86],[171974.653,559361.774],[171974.742,559361.803],[171978.003,559362.879],[171979.293,559358.969],[171981.381,559359.658],[171980.091,559363.568],[171976.926,559372.62]]]}},{"type":"Feature","properties":{"relatieveHoogteligging":0,"lokaalID":"G1900.3cd0bcecb7ba4efb80aa03554d3b2a2b","bgt_status":"bestaand","identificatieBAGPND":"0091100000013710","identificatieBAGVBOLaagsteHuisnummer":"0091010000030315","identificatieBAGVBOHoogsteHuisnummer":"0091010000030315","huisnummers":[{"tekst":"65","pos":[171981,559368],"hoek":0}]},"geometry":{"type":"Polygon","coordinates":[[[171976.926,559372.62],[171980.091,559363.568],[171983.138,559364.573],[171984.428,559360.663],[171986.515,559361.351],[171985.226,559365.261],[171982.065,559374.335],[171976.926,559372.62]]]}},{"type":"Feature","properties":{"relatieveHoogteligging":0,"lokaalID":"G1900.e360dc11424243458c75ab0e638d3e0f","bgt_status":"bestaand","identificatieBAGPND":"0091100000013735","identificatieBAGVBOLaagsteHuisnummer":"0091010000030310","identificatieBAGVBOHoogsteHuisnummer":"0091010000030310","huisnummers":[{"tekst":"63","pos":[171986,559370],"hoek":0}]},"geometry":{"type":"Polygon","coordinates":[[[171982.065,559374.335],[171985.226,559365.261],[171988.272,559366.266],[171989.562,559362.356],[171991.65,559363.045],[171990.36,559366.955],[171987.204,559376.05],[171982.065,559374.335]]]}},{"type":"Feature","properties":{"relatieveHoogteligging":0,"lokaalID":"G1900.57750b1d06644856b16f8df720ab655c","bgt_status":"bestaand","identificatieBAGPND":"0091100000018833","identificatieBAGVBOLaagsteHuisnummer":"0091010000030306","identificatieBAGVBOHoogsteHuisnummer":"0091010000030306","huisnummers":[{"tekst":"61","pos":[171990,559371],"hoek":0}]},"geometry":{"type":"Polygon","coordinates":[[[171987.204,559376.05],[171990.36,559366.955],[171993.416,559367.963],[171994.706,559364.053],[171996.82,559364.76],[171994.894,559370.537],[171994.715,559370.476],[171992.24,559377.73],[171987.204,559376.05]]]}},{"type":"Feature","properties":{"relatieveHoogteligging":0,"lokaalID":"G1900.5315ea897e2a49579e7a1a982f4dbfab","bgt_status":"bestaand","identificatieBAGPND":"0091100000018804","identificatieBAGVBOLaagsteHuisnummer":"0091010000030298","identificatieBAGVBOHoogsteHuisnummer":"0091010000030298","huisnummers":[{"tekst":"59","pos":[171993,559377],"hoek":0}]},"geometry":{"type":"Polygon","coordinates":[[[171992.24,559377.73],[171994.715,559370.476],[171994.894,559370.537],[171997.93,559371.554],[171999.236,559367.658],[172001.326,559368.358],[172000.02,559372.255],[171996.859,559381.355],[171991.61,559379.61],[171992.24,559377.73]]]}},{"type":"Feature","properties":{"relatieveHoogteligging":0,"lokaalID":"G1900.bdd17e484fb442a9aef375abac189ed4","bgt_status":"bestaand","identificatieBAGPND":"0091100000018798","identificatieBAGVBOLaagsteHuisnummer":"0091010000030301","identificatieBAGVBOHoogsteHuisnummer":"0091010000030301","huisnummers":[{"tekst":"16","pos":[171995,559408],"hoek":0}]},"geometry":{"type":"Polygon","coordinates":[[[171998.503,559404.636],[171996.315,559413.974],[171995.311,559418.265],[171992.986,559417.721],[171993.99,559413.43],[171991.071,559412.747],[171993.26,559403.407],[171998.503,559404.636]]]}},{"type":"Feature","properties":{"relatieveHoogteligging":0,"lokaalID":"G1900.3946b8215e3f423d8fad61dd0a27440e","bgt_status":"bestaand","identificatieBAGPND":"0091100000013725","identificatieBAGVBOLaagsteHuisnummer":"0091010000030312","identificatieBAGVBOHoogsteHuisnummer":"0091010000030312","huisnummers":[{"tekst":"20","pos":[171985,559405],"hoek":0}]},"geometry":{"type":"Polygon","coordinates":[[[171988.016,559402.179],[171985.827,559411.521],[171984.823,559415.811],[171982.488,559415.265],[171983.492,559410.974],[171980.573,559410.292],[171982.763,559400.948],[171988.016,559402.179]]]}},{"type":"Feature","properties":{"relatieveHoogteligging":0,"lokaalID":"G1900.9c1704f8111a4f2bb6c428d9369b0cd8","bgt_status":"bestaand","identificatieBAGPND":"0091100000009616"},"geometry":{"type":"Polygon","coordinates":[[[171990.639,559458.024],[171993.955,559459.297],[171992.491,559463.114],[171989.179,559461.831],[171990.639,559458.024]]]}},{"type":"Feature","properties":{"relatieveHoogteligging":0,"lokaalID":"G1900.ddc2ade0f9bc4157b7ab132b1570987e","bgt_status":"bestaand","identificatieBAGPND":"0091100000009612"},"geometry":{"type":"Polygon","coordinates":[[[171988.789,559463.219],[171992.351,559464.517],[171990.89,559468.526],[171987.328,559467.228],[171988.789,559463.219]]]}},{"type":"Feature","properties":{"relatieveHoogteligging":0,"lokaalID":"G1900.4db1d5d3f9f34851a90a41fc5876ba5d","bgt_status":"bestaand","identificatieBAGPND":"0091100000011469","identificatieBAGVBOLaagsteHuisnummer":"0091010000031473","identificatieBAGVBOHoogsteHuisnummer":"0091010000031473","huisnummers":[{"tekst":"14","pos":[171999,559409],"hoek":0}]},"geometry":{"type":"Polygon","coordinates":[[[172003.756,559405.867],[172001.568,559415.203],[172000.565,559419.494],[172000.107,559421.59],[171997.757,559421.011],[171998.23,559418.947],[171999.233,559414.657],[171996.315,559413.974],[171998.503,559404.636],[172003.756,559405.867]]]}},{"type":"Feature","properties":{"relatieveHoogteligging":0,"lokaalID":"G1900.b7322dbce5d14fada678fd48e154e495","bgt_status":"bestaand","identificatieBAGPND":"0091100000018814","identificatieBAGVBOLaagsteHuisnummer":"0091010000030293","identificatieBAGVBOHoogsteHuisnummer":"0091010000030293","huisnummers":[{"tekst":"57","pos":[172000,559378],"hoek":0}]},"geometry":{"type":"Polygon","coordinates":[[[171996.859,559381.355],[172000.02,559372.255],[172003.056,559373.272],[172004.362,559369.376],[172006.462,559370.08],[172005.155,559373.976],[172002,559383.063],[171996.859,559381.355]]]}},{"type":"Feature","properties":{"relatieveHoogteligging":0,"lokaalID":"G1900.ec19ea269d8943c4a75868b5670b8f0c","bgt_status":"bestaand","identificatieBAGPND":"0091100000013750","identificatieBAGVBOLaagsteHuisnummer":"0091010000030289","identificatieBAGVBOHoogsteHuisnummer":"0091010000030289","huisnummers":[{"tekst":"14","pos":[172005,559344],"hoek":0}]},"geometry":{"type":"Polygon","coordinates":[[[172008,559342.19],[172008.209,559342.316],[172005.46,559347],[172001.22,559354.02],[171999.309,559352.874],[172001.427,559349.342],[171998.693,559347.703],[172003.601,559339.541],[172008,559342.19]]]}},{"type":"Feature","properties":{"relatieveHoogteligging":0,"lokaalID":"G1900.bf639052c5a246169e116c7ebcedc461","bgt_status":"bestaand","identificatieBAGPND":"0091100000018806","identificatieBAGVBOLaagsteHuisnummer":"0091010000030297","identificatieBAGVBOHoogsteHuisnummer":"0091010000030297","huisnummers":[{"tekst":"16","pos":[171998,559341],"hoek":0}]},"geometry":{"type":"Polygon","coordinates":[[[171998.968,559336.752],[172003.601,559339.541],[171998.693,559347.703],[171996.575,559351.234],[171994.681,559350.097],[171996.799,559346.566],[171994.056,559344.921],[171998.968,559336.752]]]}},{"type":"Feature","properties":{"relatieveHoogteligging":0,"lokaalID":"G1900.8cae76c017b24c559be804ebb0eddd44","bgt_status":"bestaand","identificatieBAGPND":"0091100000018792","identificatieBAGVBOLaagsteHuisnummer":"0091010000030304","identificatieBAGVBOHoogsteHuisnummer":"0091010000030304","huisnummers":[{"tekst":"18","pos":[171994,559338],"hoek":0}]},"geometry":{"type":"Polygon","coordinates":[[[171994.354,559333.974],[171998.968,559336.752],[171994.056,559344.921],[171991.938,559348.452],[171990.053,559347.321],[171992.171,559343.79],[171989.437,559342.15],[171994.354,559333.974]]]}},{"type":"Feature","properties":{"relatieveHoogteligging":0,"lokaalID":"G1900.877e5ebc72d74c1eb70ef9a0c043c84a","bgt_status":"bestaand","identificatieBAGPND":"0091100000018794","identificatieBAGVBOLaagsteHuisnummer":"0091010000030303","identificatieBAGVBOHoogsteHuisnummer":"0091010000030303","huisnummers":[{"tekst":"20","pos":[171990,559335],"hoek":0}]},"geometry":{"type":"Polygon","coordinates":[[[171989.43,559331.01],[171994.354,559333.974],[171989.437,559342.15],[171987.319,559345.681],[171985.433,559344.55],[171987.551,559341.019],[171984.5,559339.189],[171989.43,559331.01]]]}},{"type":"Feature","properties":{"relatieveHoogteligging":0,"lokaalID":"G1900.9a031987da82491495c5646b064b45b4","bgt_status":"bestaand","identificatieBAGPND":"0091100000009712"},"geometry":{"type":"Polygon","coordinates":[[[171990.779,559266.607],[171987.093,559262.85],[171989.358,559260.629],[171993.035,559264.382],[171990.779,559266.607]]]}},{"type":"Feature","properties":{"relatieveHoogteligging":0,"lokaalID":"G1900.02e6b307c5fe47c6ac9789c0bd3aaf12","bgt_status":"bestaand","identificatieBAGPND":"0091100000013740","identificatieBAGVBOLaagsteHuisnummer":"0091010000030309","identificatieBAGVBOHoogsteHuisnummer":"0091010000030309","huisnummers":[{"tekst":"68","pos":[171991,559296],"hoek":0}]},"geometry":{"type":"Polygon","coordinates":[[[171987.301,559289.697],[171994.887,559295.4],[171991.559,559299.772],[171980.38,559291.29],[171981.823,559289.37],[171985.48,559292.119],[171987.301,559289.697]]]}},{"type":"Feature","properties":{"relatieveHoogteligging":0,"lokaalID":"G1900.336f7d270e974208b4fb779f3a5612b4","bgt_status":"bestaand","identificatieBAGPND":"0091100000017899","identificatieBAGVBOLaagsteHuisnummer":"0091010000030308","identificatieBAGVBOHoogsteHuisnummer":"0091010000030308","huisnummers":[{"tekst":"70","pos":[171993,559291],"hoek":0}]},"geometry":{"type":"Polygon","coordinates":[[[171990.535,559285.394],[171998.148,559291.117],[171994.887,559295.4],[171987.301,559289.697],[171983.644,559286.948],[171985.081,559285.036],[171988.738,559287.785],[171990.535,559285.394]]]}},{"type":"Feature","properties":{"relatieveHoogteligging":0,"lokaalID":"G1900.4511641c1e304eb8b356da2a89ffb03c","bgt_status":"bestaand","identificatieBAGPND":"0091100000018835","identificatieBAGVBOLaagsteHuisnummer":"0091010000030305","identificatieBAGVBOHoogsteHuisnummer":"0091010000030305","huisnummers":[{"tekst":"72","pos":[171997,559287],"hoek":0}]},"geometry":{"type":"Polygon","coordinates":[[[171993.769,559281.092],[172001.408,559286.834],[171998.148,559291.117],[171990.535,559285.394],[171986.878,559282.645],[171988.316,559280.733],[171991.973,559283.482],[171993.769,559281.092]]]}},{"type":"Feature","properties":{"relatieveHoogteligging":0,"lokaalID":"G1900.ffce9f3e695b40c69c3df8f30d2485ef","bgt_status":"bestaand","identificatieBAGPND":"0091100000018812","identificatieBAGVBOLaagsteHuisnummer":"0091010000030294","identificatieBAGVBOHoogsteHuisnummer":"0091010000030294","huisnummers":[{"tekst":"74","pos":[172000,559283],"hoek":0}]},"geometry":{"type":"Polygon","coordinates":[[[171993.769,559281.092],[171990.112,559278.343],[171991.55,559276.431],[171995.207,559279.18],[171997.249,559276.463],[172004.89,559282.26],[172001.408,559286.834],[171993.769,559281.092]]]}},{"type":"Feature","properties":{"relatieveHoogteligging":0,"lokaalID":"G1900.dc99442afa9a4a499d4fc6737108a37e","bgt_status":"bestaand","identificatieBAGPND":"0091100000002308"},"geometry":{"type":"Polygon","coordinates":[[[171996.88,558966.12],[172004.036,558972.613],[171999.39,558977.65],[171992.06,558971.04],[171996.88,558966.12]]]}},{"type":"Feature","properties":{"relatieveHoogteligging":0,"lokaalID":"G1900.492089576a5a4a7e9657f894d8a6e12d","bgt_status":"bestaand","identificatieBAGPND":"0683100000288962"},"geometry":{"type":"Polygon","coordinates":[[[171985.6,558947.61],[171988.94,558950.75],[171976,558964.81],[171975.29,558964.16],[171971.46,558968.29],[171972.18,558968.96],[171968.59,558972.87],[171954.86,558960.49],[171959.46,558955.42],[171958.67,558954.71],[171975.16,558936.53],[171986.41,558946.78],[171985.6,558947.61]]]}},{"type":"Feature","properties":{"relatieveHoogteligging":0,"lokaalID":"G1900.f9423beab95a4ea7b5360dcaf3935cdf","bgt_status":"bestaand","identificatieBAGPND":"1900100000315224","identificatieBAGVBOLaagsteHuisnummer":"0683010000302966","identificatieBAGVBOHoogsteHuisnummer":"0683010000302966","huisnummers":[{"tekst":"13","pos":[171948.905,558944.455],"hoek":0}]},"geometry":{"type":"Polygon","coordinates":[[[171949.037,558939.161],[171954.446,558944.195],[171947.698,558951.584],[171942.236,558946.711],[171949.037,558939.161]]]}},{"type":"Feature","properties":{"relatieveHoogteligging":0,"lokaalID":"G1900.9cafaa0ebb4f497eb35c7c62175f5b10","bgt_status":"bestaand","identificatieBAGPND":"0683100000296691"},"geometry":{"type":"Polygon","coordinates":[[[171966.198,558928.387],[171967.762,558929.815],[171957.579,558940.968],[171940.923,558925.76],[171948.132,558917.864],[171951.106,558914.607],[171966.198,558928.387]]]}},{"type":"Feature","properties":{"relatieveHoogteligging":0,"lokaalID":"G1900.9d3d1c9971e049178877af43731f70db","bgt_status":"bestaand","identificatieBAGPND":"0091100000013745","identificatieBAGVBOLaagsteHuisnummer":"0091010000030290","identificatieBAGVBOHoogsteHuisnummer":"0091010000030290","huisnummers":[{"tekst":"78","pos":[172009,559268],"hoek":0}]},"geometry":{"type":"Polygon","coordinates":[[[172006.691,559261.224],[172009.183,559263.912],[172009.278,559263.824],[172014.93,559269.976],[172010.492,559274.082],[172004.877,559267.908],[172004.782,559267.996],[172001.92,559264.91],[172001.255,559264.193],[171999.493,559262.293],[172000.967,559260.925],[172002.73,559262.826],[172002.879,559262.687],[172003.998,559263.894],[172006.691,559261.224]]]}},{"type":"Feature","properties":{"relatieveHoogteligging":0,"lokaalID":"G1900.1d1e75c0e4ae4e84b2d128d740b52842","bgt_status":"bestaand","identificatieBAGPND":"1900100010090872"},"geometry":{"type":"Polygon","coordinates":[[[172225.65,559277.08],[172225.522,559274.068],[172228.613,559273.937],[172228.741,559276.948],[172225.65,559277.08]]]}},{"type":"Feature","properties":{"relatieveHoogteligging":0,"lokaalID":"G1900.6e76314b6d624a22b51107bdad18a615","bgt_status":"bestaand","identificatieBAGPND":"1900100010090958"},"geometry":{"type":"Polygon","coordinates":[[[172598.402,559180.383],[172598.69,559182.593],[172595.647,559182.989],[172595.359,559180.78],[172598.402,559180.383]]]}},{"type":"Feature","properties":{"relatieveHoogteligging":0,"lokaalID":"G1900.70da8b4e29514c1caa7d3f53c85378c0","bgt_status":"bestaand","identificatieBAGPND":"1900100010090924"},"geometry":{"type":"Polygon","coordinates":[[[172446.417,559356.256],[172446.119,559353.619],[172449.307,559353.26],[172449.605,559355.897],[172446.417,559356.256]]]}},{"type":"Feature","properties":{"relatieveHoogteligging":0,"lokaalID":"G1900.73d22cfcaf774ec9a6a126c8246aba9d","bgt_status":"bestaand","identificatieBAGPND":"1900100010090477"},"geometry":{"type":"Polygon","coordinates":[[[172544.307,559719.221],[172544.482,559722.189],[172542.124,559722.328],[172541.949,559719.359],[172544.307,559719.221]]]}},{"type":"Feature","properties":{"relatieveHoogteligging":0,"lokaalID":"G1900.e9ff6bd8616048eb88caa9b77be93a34","bgt_status":"bestaand","identificatieBAGPND":"1900100010089647"},"geometry":{"type":"Polygon","coordinates":[[[172226.568,559234.899],[172229.198,559235.447],[172228.885,559236.95],[172228.602,559238.307],[172225.972,559237.759],[172226.11,559237.095],[172226.568,559234.899]]]}},{"type":"Feature","properties":{"relatieveHoogteligging":0,"lokaalID":"G1900.02b22d17cc2346c7b5529b9bd9a918fd","bgt_status":"bestaand","identificatieBAGPND":"1900100010088628"},"geometry":{"type":"Polygon","coordinates":[[[172413.782,559702.216],[172415.656,559700.368],[172417.866,559702.634],[172415.992,559704.482],[172413.782,559702.216]]]}},{"type":"Feature","properties":{"relatieveHoogteligging":0,"lokaalID":"G1900.03c5196f8b4d43e7aa02fcddb0b24a1e","bgt_status":"bestaand","identificatieBAGPND":"1900100010088702","identificatieBAGVBOLaagsteHuisnummer":"1900010010089770","identificatieBAGVBOHoogsteHuisnummer":"1900010010089770","huisnummers":[{"tekst":"55","pos":[172388.745,559754.206],"hoek":0}]},"geometry":{"type":"Polygon","coordinates":[[[172388.835,559757.943],[172382.723,559751.669],[172386.597,559747.896],[172392.709,559754.17],[172388.835,559757.943]]]}},{"type":"Feature","properties":{"relatieveHoogteligging":0,"lokaalID":"G1900.1f884e7032c64ae2af54a6e31929e8c1","bgt_status":"bestaand","identificatieBAGPND":"1900100010088616"},"geometry":{"type":"Polygon","coordinates":[[[172380.646,559741.835],[172382.53,559739.997],[172384.747,559742.27],[172382.863,559744.108],[172380.646,559741.835]]]}},{"type":"Feature","properties":{"relatieveHoogteligging":0,"lokaalID":"G1900.3df04f5131cb4c3a89c3479ea00b6e59","bgt_status":"bestaand","identificatieBAGPND":"1900100010088701","identificatieBAGVBOLaagsteHuisnummer":"1900010010089771","identificatieBAGVBOHoogsteHuisnummer":"1900010010089771","huisnummers":[{"tekst":"57","pos":[172385.09,559757.762],"hoek":0}]},"geometry":{"type":"Polygon","coordinates":[[[172385.12,559761.561],[172385.366,559761.817],[172385.219,559761.96],[172378.86,559755.432],[172382.723,559751.669],[172388.835,559757.943],[172385.12,559761.561]]]}},{"type":"Feature","properties":{"relatieveHoogteligging":0,"lokaalID":"G1900.467d93465d894b67937044cade4c15c3","bgt_status":"bestaand","identificatieBAGPND":"1900100010088626"},"geometry":{"type":"Polygon","coordinates":[[[172406.065,559709.752],[172407.938,559707.904],[172410.149,559710.17],[172408.275,559712.018],[172406.065,559709.752]]]}},{"type":"Feature","properties":{"relatieveHoogteligging":0,"lokaalID":"G1900.53f732faf6b04987be2473f5ef601167","bgt_status":"bestaand","identificatieBAGPND":"1900100010088694","identificatieBAGVBOLaagsteHuisnummer":"1900010010089776","identificatieBAGVBOHoogsteHuisnummer":"1900010010089776","huisnummers":[{"tekst":"67","pos":[172360.794,559781.404],"hoek":0}]},"geometry":{"type":"Polygon","coordinates":[[[172360.83,559785.228],[172354.697,559778.934],[172358.559,559775.171],[172364.69,559781.463],[172360.83,559785.228]]]}},{"type":"Feature","properties":{"relatieveHoogteligging":0,"lokaalID":"G1900.8bb8b842901341fc9c3998f90ac09c94","bgt_status":"bestaand","identificatieBAGPND":"1900100010088734","identificatieBAGVBOLaagsteHuisnummer":"1900010010089795","identificatieBAGVBOHoogsteHuisnummer":"1900010010089795","huisnummers":[{"tekst":"34","pos":[172346.681,559751.245],"hoek":0}]},"geometry":{"type":"Polygon","coordinates":[[[172349.214,559757.801],[172343.069,559751.499],[172346.775,559747.883],[172346.547,559747.649],[172346.683,559747.516],[172353.058,559754.053],[172349.214,559757.801]]]}},{"type":"Feature","properties":{"relatieveHoogteligging":0,"lokaalID":"G1900.ae740389f87940a9b484ae9a6f85515d","bgt_status":"bestaand","identificatieBAGPND":"1900100010088720"},"geometry":{"type":"Polygon","coordinates":[[[172421.509,559694.673],[172423.719,559696.939],[172421.846,559698.786],[172419.635,559696.521],[172421.509,559694.673]]]}},{"type":"Feature","properties":{"relatieveHoogteligging":0,"lokaalID":"G1900.d2939cdc519c40acae1c76403df01015","bgt_status":"bestaand","identificatieBAGPND":"1900100010088608","identificatieBAGVBOLaagsteHuisnummer":"1900010010089778","identificatieBAGVBOHoogsteHuisnummer":"1900010010089778","huisnummers":[{"tekst":"2","pos":[172415.458,559684.749],"hoek":0}]},"geometry":{"type":"Polygon","coordinates":[[[172417.824,559690.964],[172411.448,559684.41],[172415.456,559680.511],[172415.477,559680.491],[172421.852,559687.044],[172421.832,559687.064],[172417.824,559690.964]]]}},{"type":"Feature","properties":{"relatieveHoogteligging":0,"lokaalID":"G1900.f52f131caaf4417c81c90982ce1890ec","bgt_status":"bestaand","identificatieBAGPND":"1900100010088737","identificatieBAGVBOLaagsteHuisnummer":"1900010010089791","identificatieBAGVBOHoogsteHuisnummer":"1900010010089791","huisnummers":[{"tekst":"26","pos":[172366.973,559731.625],"hoek":0}]},"geometry":{"type":"Polygon","coordinates":[[[172369.471,559738.047],[172363.33,559731.749],[172367.212,559727.97],[172373.35,559734.265],[172369.471,559738.047]]]}},{"type":"Feature","properties":{"relatieveHoogteligging":0,"lokaalID":"G1900.73b6b9ef56084f63806af96b31dbbf64","bgt_status":"bestaand","identificatieBAGPND":"0091100000008332","identificatieBAGVBOLaagsteHuisnummer":"0091010000029477","identificatieBAGVBOHoogsteHuisnummer":"0091010000029477","huisnummers":[{"tekst":"11","pos":[172432,558995],"hoek":0}]},"geometry":{"type":"Polygon","coordinates":[[[172429.904,558998.614],[172428.828,558989.375],[172434.788,558988.682],[172434.917,558988.667],[172435.907,558997.178],[172439.432,558996.777],[172439.752,558999.588],[172436.486,558999.96],[172436.772,559002.607],[172435.121,559002.785],[172434.821,559000.149],[172434.586,558998.082],[172429.904,558998.614]]]}},{"type":"Feature","properties":{"relatieveHoogteligging":0,"lokaalID":"G1900.818d6a4053a64b92ba22f074acc4ceea","bgt_status":"bestaand","identificatieBAGPND":"0091100000007242","identificatieBAGVBOLaagsteHuisnummer":"0091010000029838","identificatieBAGVBOHoogsteHuisnummer":"0091010000029838","huisnummers":[{"tekst":"22","pos":[172286,559451],"hoek":0}]},"geometry":{"type":"Polygon","coordinates":[[[172281.069,559461.034],[172280.853,559460.831],[172279.444,559459.509],[172281.961,559456.827],[172278.251,559453.345],[172284.702,559446.472],[172289.269,559450.756],[172282.819,559457.633],[172283.586,559458.352],[172281.069,559461.034]]]}},{"type":"Feature","properties":{"relatieveHoogteligging":0,"lokaalID":"G1900.acb2fd7c1a254ce8bfbef480fbef09fd","bgt_status":"bestaand","identificatieBAGPND":"0091100000006446","identificatieBAGVBOLaagsteHuisnummer":"0091010000029890","identificatieBAGVBOHoogsteHuisnummer":"0091010000029890","huisnummers":[{"tekst":"37","pos":[172264,559375],"hoek":0}]},"geometry":{"type":"Polygon","coordinates":[[[172257.588,559378.212],[172264.15,559371.42],[172266.33,559373.48],[172269.45,559370.17],[172269.477,559370.195],[172271.21,559371.8],[172268.08,559375.13],[172261.531,559381.916],[172257.588,559378.212]]]}},{"type":"Feature","properties":{"relatieveHoogteligging":0,"lokaalID":"G1900.b0bd5d19d60b425c8beff9af1e76601f","bgt_status":"bestaand","identificatieBAGPND":"0091100000009314","identificatieBAGVBOLaagsteHuisnummer":"0091010000029076","identificatieBAGVBOHoogsteHuisnummer":"0091010000029076","huisnummers":[{"tekst":"8","pos":[172591,559643],"hoek":0}]},"geometry":{"type":"Polygon","coordinates":[[[172587.113,559648.365],[172586.401,559640.121],[172592.62,559639.584],[172593.333,559647.828],[172593.682,559651.867],[172589.774,559652.205],[172589.8,559652.502],[172587.487,559652.702],[172587.3,559650.534],[172587.113,559648.365]]]}},{"type":"Feature","properties":{"relatieveHoogteligging":0,"lokaalID":"G1900.06ddbfd9185241a28a6df40fa2284a0d","bgt_status":"bestaand","identificatieBAGPND":"0091100000015909","identificatieBAGVBOLaagsteHuisnummer":"0091010000030002","identificatieBAGVBOHoogsteHuisnummer":"0091010000030002","huisnummers":[{"tekst":"65","pos":[172210,559271],"hoek":0}]},"geometry":{"type":"Polygon","coordinates":[[[172213.17,559273.96],[172204.879,559274.229],[172204.687,559268.238],[172212.98,559267.96],[172212.98,559268.06],[172213.02,559268.06],[172213.14,559271.84],[172214.498,559271.796],[172218.34,559271.67],[172218.41,559273.89],[172213.21,559274.06],[172213.17,559274.06],[172213.17,559273.96]]]}},{"type":"Feature","properties":{"relatieveHoogteligging":0,"lokaalID":"G1900.fe672af1bb8b4e4283cb1c5ff5c5ad85","bgt_status":"bestaand","identificatieBAGPND":"0091100000009077","identificatieBAGVBOLaagsteHuisnummer":"0091010000029570","identificatieBAGVBOHoogsteHuisnummer":"0091010000029570","huisnummers":[{"tekst":"38","pos":[172393,559791],"hoek":0}]},"geometry":{"type":"Polygon","coordinates":[[[172396.722,559801.676],[172393.637,559798.518],[172394.301,559797.869],[172388.675,559792.107],[172393.24,559787.65],[172398.866,559793.408],[172395.301,559796.891],[172398.386,559800.049],[172396.722,559801.676]]]}},{"type":"Feature","properties":{"relatieveHoogteligging":0,"lokaalID":"G1900.4d8d1b42ed8e4660a92af1a31cbfb513","bgt_status":"bestaand","identificatieBAGPND":"0091100000006190","identificatieBAGVBOLaagsteHuisnummer":"0091010000029535","identificatieBAGVBOHoogsteHuisnummer":"0091010000029535","huisnummers":[{"tekst":"36","pos":[172399,559785],"hoek":0}]},"geometry":{"type":"Polygon","coordinates":[[[172404.246,559794.357],[172400.95,559790.999],[172401.479,559790.48],[172396.02,559784.91],[172400.534,559780.486],[172406.186,559786.253],[172405.59,559786.838],[172402.818,559789.559],[172405.917,559792.717],[172404.246,559794.357]]]}},{"type":"Feature","properties":{"relatieveHoogteligging":0,"lokaalID":"G1900.764846a8e4ac46f3a33fda454d30ab7d","bgt_status":"bestaand","identificatieBAGPND":"0091100000003881","identificatieBAGVBOLaagsteHuisnummer":"0091010000029539","identificatieBAGVBOHoogsteHuisnummer":"0091010000029539","huisnummers":[{"tekst":"34","pos":[172405,559779],"hoek":0}]},"geometry":{"type":"Polygon","coordinates":[[[172408.689,559789.996],[172405.59,559786.838],[172406.186,559786.253],[172400.534,559780.486],[172404.992,559776.116],[172410.642,559781.881],[172409.998,559782.513],[172407.255,559785.204],[172410.354,559788.363],[172408.689,559789.996]]]}},{"type":"Feature","properties":{"relatieveHoogteligging":0,"lokaalID":"G1900.5d88effaeb5b47aca2527c8ce5ff0ed6","bgt_status":"bestaand","identificatieBAGPND":"0091100000012376","identificatieBAGVBOLaagsteHuisnummer":"0091010000029527","identificatieBAGVBOHoogsteHuisnummer":"0091010000029527","huisnummers":[{"tekst":"32","pos":[172409,559776],"hoek":0}]},"geometry":{"type":"Polygon","coordinates":[[[172409.998,559782.513],[172410.642,559781.881],[172404.992,559776.116],[172409.451,559771.745],[172412.274,559774.626],[172415.097,559777.507],[172414.441,559778.15],[172411.655,559780.886],[172414.755,559784.044],[172413.097,559785.671],[172409.998,559782.513]]]}},{"type":"Feature","properties":{"relatieveHoogteligging":0,"lokaalID":"G1900.6eb220fbfa59466f824d52b9d57cef22","bgt_status":"bestaand","identificatieBAGPND":"0091100000018968","identificatieBAGVBOLaagsteHuisnummer":"0091010000029510","identificatieBAGVBOHoogsteHuisnummer":"0091010000029510","huisnummers":[{"tekst":"30","pos":[172414,559770],"hoek":0}]},"geometry":{"type":"Polygon","coordinates":[[[172414.441,559778.15],[172415.097,559777.507],[172412.274,559774.626],[172409.451,559771.745],[172413.91,559767.375],[172419.554,559773.134],[172418.9,559773.776],[172416.085,559776.538],[172419.184,559779.697],[172417.541,559781.309],[172414.441,559778.15]]]}},{"type":"Feature","properties":{"relatieveHoogteligging":0,"lokaalID":"G1900.3c734c86ae9a4489b7ed9a84d9e46ea7","bgt_status":"bestaand","identificatieBAGPND":"1900100010088696","identificatieBAGVBOLaagsteHuisnummer":"1900010010089774","identificatieBAGVBOHoogsteHuisnummer":"1900010010089774","huisnummers":[{"tekst":"63","pos":[172368.429,559773.974],"hoek":0}]},"geometry":{"type":"Polygon","coordinates":[[[172368.558,559777.69],[172362.43,559771.399],[172366.299,559767.63],[172372.664,559774.163],[172372.503,559774.319],[172372.265,559774.074],[172368.558,559777.69]]]}},{"type":"Feature","properties":{"relatieveHoogteligging":0,"lokaalID":"G1900.66da1b09f3f64b00ac49aaf0b4efca08","bgt_status":"bestaand","identificatieBAGPND":"1900100010088729"},"geometry":{"type":"Polygon","coordinates":[[[172343.46,559775.198],[172341.576,559777.036],[172339.359,559774.764],[172341.243,559772.926],[172343.46,559775.198]]]}},{"type":"Feature","properties":{"relatieveHoogteligging":0,"lokaalID":"G1900.849c8764889740e9946079255654647a","bgt_status":"bestaand","identificatieBAGPND":"1900100010090481"},"geometry":{"type":"Polygon","coordinates":[[[172439.5,559773.931],[172437.517,559775.863],[172436.139,559774.449],[172438.122,559772.517],[172439.5,559773.931]]]}},{"type":"Feature","properties":{"relatieveHoogteligging":0,"lokaalID":"G1900.320762c47afc44cfbace38fd021215ab","bgt_status":"bestaand","identificatieBAGPND":"0091100000005792","identificatieBAGVBOLaagsteHuisnummer":"0091010000029420","identificatieBAGVBOHoogsteHuisnummer":"0091010000029420","huisnummers":[{"tekst":"19","pos":[172446,559787],"hoek":0}]},"geometry":{"type":"Polygon","coordinates":[[[172446.225,559791.599],[172440.556,559785.832],[172441.21,559785.193],[172443.969,559782.484],[172440.875,559779.333],[172442.529,559777.709],[172445.819,559781.06],[172445.292,559781.578],[172450.76,559787.14],[172446.225,559791.599]]]}},{"type":"Feature","properties":{"relatieveHoogteligging":0,"lokaalID":"G1900.8ab1a8eaa99a4f10921a4bb4745ec110","bgt_status":"bestaand","identificatieBAGPND":"0091100000010310","identificatieBAGVBOLaagsteHuisnummer":"0091010000029433","identificatieBAGVBOHoogsteHuisnummer":"0091010000029433","huisnummers":[{"tekst":"21","pos":[172442,559792],"hoek":0}]},"geometry":{"type":"Polygon","coordinates":[[[172441.907,559795.844],[172436.237,559790.07],[172436.796,559789.526],[172439.556,559786.817],[172436.469,559783.673],[172438.123,559782.049],[172441.21,559785.193],[172440.556,559785.832],[172446.225,559791.599],[172441.907,559795.844]]]}},{"type":"Feature","properties":{"relatieveHoogteligging":0,"lokaalID":"G1900.672f70f6068a463b9206b5c7dfa7e0af","bgt_status":"bestaand","identificatieBAGPND":"0091100000010241","identificatieBAGVBOLaagsteHuisnummer":"0091010000029452","identificatieBAGVBOHoogsteHuisnummer":"0091010000029452","huisnummers":[{"tekst":"23","pos":[172437,559796],"hoek":0}]},"geometry":{"type":"Polygon","coordinates":[[[172437.487,559800.191],[172431.811,559794.419],[172432.369,559793.873],[172435.142,559791.15],[172432.055,559788.006],[172433.709,559786.382],[172436.796,559789.526],[172436.237,559790.07],[172441.907,559795.844],[172437.487,559800.191]]]}},{"type":"Feature","properties":{"relatieveHoogteligging":0,"lokaalID":"G1900.8a5e8c5bec10458f9b574931302a4e8d","bgt_status":"bestaand","identificatieBAGPND":"0091100000009679","identificatieBAGVBOLaagsteHuisnummer":"0091010000029241","identificatieBAGVBOHoogsteHuisnummer":"0091010000029241","huisnummers":[{"tekst":"71","pos":[172538,559618],"hoek":0}]},"geometry":{"type":"Polygon","coordinates":[[[172534.495,559620.197],[172534.046,559615.283],[172533.53,559609.63],[172542.931,559608.773],[172542.998,559609.52],[172546.684,559609.182],[172547.135,559614.133],[172543.45,559614.471],[172543.789,559618.175],[172543.895,559619.338],[172534.495,559620.197]]]}},{"type":"Feature","properties":{"relatieveHoogteligging":0,"lokaalID":"G1900.ff1ed807b3ff4d9e85cfec3bcaf2a8f1","bgt_status":"bestaand","identificatieBAGPND":"0091100000006577","identificatieBAGVBOLaagsteHuisnummer":"0091010000029501","identificatieBAGVBOHoogsteHuisnummer":"0091010000029501","huisnummers":[{"tekst":"28","pos":[172418,559766],"hoek":0}]},"geometry":{"type":"Polygon","coordinates":[[[172422,559776.934],[172418.9,559773.776],[172419.554,559773.134],[172413.91,559767.375],[172418.369,559763.005],[172424.01,559768.761],[172423.358,559769.401],[172420.571,559772.136],[172423.671,559775.294],[172422,559776.934]]]}},{"type":"Feature","properties":{"relatieveHoogteligging":0,"lokaalID":"G1900.ec703deab39d494f9755545a49215c1f","bgt_status":"bestaand","identificatieBAGPND":"0091100000014465","identificatieBAGVBOLaagsteHuisnummer":"0091010000029489","identificatieBAGVBOHoogsteHuisnummer":"0091010000029489","huisnummers":[{"tekst":"24","pos":[172427,559758],"hoek":0}]},"geometry":{"type":"Polygon","coordinates":[[[172430.901,559768.198],[172427.802,559765.04],[172428.467,559764.39],[172422.827,559758.635],[172427.286,559754.265],[172432.927,559760.021],[172432.215,559760.72],[172429.466,559763.415],[172432.559,559766.571],[172430.901,559768.198]]]}},{"type":"Feature","properties":{"relatieveHoogteligging":0,"lokaalID":"G1900.8a1828d3ce3e4834b8ca7d1a7c7286b5","bgt_status":"bestaand","identificatieBAGPND":"0091100000008108","identificatieBAGVBOLaagsteHuisnummer":"0091010000029469","identificatieBAGVBOHoogsteHuisnummer":"0091010000029469","huisnummers":[{"tekst":"22","pos":[172431,559753],"hoek":0}]},"geometry":{"type":"Polygon","coordinates":[[[172435.308,559763.876],[172432.215,559760.72],[172432.927,559760.021],[172427.286,559754.265],[172431.8,559749.84],[172437.441,559755.596],[172433.871,559759.095],[172436.964,559762.251],[172435.308,559763.876]]]}},{"type":"Feature","properties":{"relatieveHoogteligging":0,"lokaalID":"G1900.1ef6ffd3109c4f71b63a35f3affcc49e","bgt_status":"bestaand","identificatieBAGPND":"0091100000006980","identificatieBAGVBOLaagsteHuisnummer":"0091010000029422","identificatieBAGVBOHoogsteHuisnummer":"0091010000029422","huisnummers":[{"tekst":"20","pos":[172440,559749],"hoek":0}]},"geometry":{"type":"Polygon","coordinates":[[[172444.954,559758.661],[172441.667,559755.325],[172442.209,559754.791],[172436.73,559749.23],[172441.281,559744.752],[172446.936,559750.5],[172446.297,559751.127],[172443.517,559753.867],[172446.621,559757.018],[172444.954,559758.661]]]}},{"type":"Feature","properties":{"relatieveHoogteligging":0,"lokaalID":"G1900.2037a28f486b44f38c1aba2130536871","bgt_status":"bestaand","identificatieBAGPND":"0091100000006968","identificatieBAGVBOLaagsteHuisnummer":"0091010000029425","identificatieBAGVBOHoogsteHuisnummer":"0091010000029425","huisnummers":[{"tekst":"18","pos":[172445,559744],"hoek":0}]},"geometry":{"type":"Polygon","coordinates":[[[172449.409,559754.285],[172446.297,559751.127],[172446.936,559750.5],[172441.281,559744.752],[172445.7,559740.403],[172451.354,559746.149],[172450.71,559746.793],[172447.958,559749.505],[172451.063,559752.656],[172449.409,559754.285]]]}},{"type":"Feature","properties":{"relatieveHoogteligging":0,"lokaalID":"G1900.4d412a19f6884c75bd1309c6e371f318","bgt_status":"bestaand","identificatieBAGPND":"0091100000007805","identificatieBAGVBOLaagsteHuisnummer":"0091010000029400","identificatieBAGVBOHoogsteHuisnummer":"0091010000029400","huisnummers":[{"tekst":"17","pos":[172454,559781],"hoek":0}]},"geometry":{"type":"Polygon","coordinates":[[[172453.66,559784.3],[172448.008,559778.54],[172451.569,559775.045],[172448.544,559771.961],[172447.731,559772.759],[172443.619,559768.505],[172446.083,559766.123],[172450.138,559770.257],[172453.233,559773.414],[172452.568,559774.065],[172458.222,559779.824],[172453.66,559784.3]]]}},{"type":"Feature","properties":{"relatieveHoogteligging":0,"lokaalID":"G1900.83a0b21055b844dfaa6e4d8d4e8473f8","bgt_status":"bestaand","identificatieBAGPND":"0091100000010449","identificatieBAGVBOLaagsteHuisnummer":"0091010000029395","identificatieBAGVBOHoogsteHuisnummer":"0091010000029395","huisnummers":[{"tekst":"13","pos":[172463,559772],"hoek":0}]},"geometry":{"type":"Polygon","coordinates":[[[172462.688,559775.441],[172457.04,559769.686],[172457.706,559769.034],[172460.463,559766.332],[172457.368,559763.175],[172459.032,559761.545],[172462.127,559764.702],[172461.406,559765.408],[172467.05,559771.16],[172462.688,559775.441]]]}},{"type":"Feature","properties":{"relatieveHoogteligging":0,"lokaalID":"G1900.03ea4db43b124fa6accca8aabe4d48c6","bgt_status":"bestaand","identificatieBAGPND":"0091100000003592","identificatieBAGVBOLaagsteHuisnummer":"0091010000029406","identificatieBAGVBOHoogsteHuisnummer":"0091010000029406","huisnummers":[{"tekst":"15","pos":[172458,559776],"hoek":0}]},"geometry":{"type":"Polygon","coordinates":[[[172458.222,559779.824],[172452.568,559774.065],[172453.233,559773.414],[172456.041,559770.664],[172452.946,559767.507],[172454.611,559765.877],[172457.706,559769.034],[172457.04,559769.686],[172462.688,559775.441],[172458.222,559779.824]]]}},{"type":"Feature","properties":{"relatieveHoogteligging":0,"lokaalID":"G1900.044028e1dc4040f4a1fb6f918dca784d","bgt_status":"bestaand","identificatieBAGPND":"0091100000005526","identificatieBAGVBOLaagsteHuisnummer":"0091010000029381","identificatieBAGVBOHoogsteHuisnummer":"0091010000029381","huisnummers":[{"tekst":"11","pos":[172467,559768],"hoek":0}]},"geometry":{"type":"Polygon","coordinates":[[[172467.05,559771.16],[172461.406,559765.408],[172462.127,559764.702],[172464.884,559762],[172461.789,559758.843],[172463.453,559757.212],[172466.548,559760.369],[172465.824,559761.078],[172471.465,559766.827],[172467.05,559771.16]]]}},{"type":"Feature","properties":{"relatieveHoogteligging":0,"lokaalID":"G1900.de354ac4227f4029b0604e337a760e83","bgt_status":"bestaand","identificatieBAGPND":"0091100000010951","identificatieBAGVBOLaagsteHuisnummer":"0091010000029360","identificatieBAGVBOHoogsteHuisnummer":"0091010000029360","huisnummers":[{"tekst":"8","pos":[172477,559719],"hoek":0}]},"geometry":{"type":"Polygon","coordinates":[[[172473.763,559728.995],[172473.34,559724.306],[172474.069,559724.24],[172473.37,559716.48],[172479.746,559715.906],[172480.47,559723.946],[172479.521,559724.031],[172475.68,559724.377],[172476.077,559728.786],[172473.763,559728.995]]]}},{"type":"Feature","properties":{"relatieveHoogteligging":0,"lokaalID":"G1900.69e4d78da3054a7189f5502a062e701f","bgt_status":"bestaand","identificatieBAGPND":"0091100000003600","identificatieBAGVBOLaagsteHuisnummer":"0091010000029404","identificatieBAGVBOHoogsteHuisnummer":"0091010000029404","huisnummers":[{"tekst":"10","pos":[172464,559726],"hoek":0}]},"geometry":{"type":"Polygon","coordinates":[[[172467.068,559736.885],[172463.962,559733.727],[172464.614,559733.085],[172458.969,559727.348],[172463.52,559722.87],[172469.165,559728.608],[172465.601,559732.114],[172468.707,559735.272],[172467.068,559736.885]]]}},{"type":"Feature","properties":{"relatieveHoogteligging":0,"lokaalID":"G1900.16c0b724c7ef48698da386e21b04259a","bgt_status":"bestaand","identificatieBAGPND":"0091100000003604","identificatieBAGVBOLaagsteHuisnummer":"0091010000029403","identificatieBAGVBOHoogsteHuisnummer":"0091010000029403","huisnummers":[{"tekst":"12","pos":[172458,559731],"hoek":0}]},"geometry":{"type":"Polygon","coordinates":[[[172462.633,559741.256],[172459.521,559738.098],[172460.189,559737.44],[172454.543,559731.703],[172458.969,559727.348],[172464.614,559733.085],[172463.962,559733.727],[172461.189,559736.455],[172464.301,559739.613],[172462.633,559741.256]]]}},{"type":"Feature","properties":{"relatieveHoogteligging":0,"lokaalID":"G1900.1ca498712340448d960b9b56a3708761","bgt_status":"bestaand","identificatieBAGPND":"0091100000008137","identificatieBAGVBOLaagsteHuisnummer":"0091010000029410","identificatieBAGVBOHoogsteHuisnummer":"0091010000029410","huisnummers":[{"tekst":"14","pos":[172454,559736],"hoek":0}]},"geometry":{"type":"Polygon","coordinates":[[[172458.221,559745.604],[172455.109,559742.445],[172455.772,559741.792],[172450.123,559736.051],[172454.543,559731.703],[172460.189,559737.44],[172459.521,559738.098],[172456.777,559740.802],[172459.888,559743.961],[172458.221,559745.604]]]}},{"type":"Feature","properties":{"relatieveHoogteligging":0,"lokaalID":"G1900.a5023d0bf3e64ba99a01be0ddb0aa883","bgt_status":"bestaand","identificatieBAGPND":"1900100010088819"},"geometry":{"type":"Polygon","coordinates":[[[172444.415,559682.319],[172447.555,559679.268],[172460.333,559692.42],[172457.193,559695.471],[172444.415,559682.319]]]}},{"type":"Feature","properties":{"relatieveHoogteligging":0,"lokaalID":"G1900.840df7871f594d1984d1a19859abb630","bgt_status":"bestaand","identificatieBAGPND":"1900100010088820"},"geometry":{"type":"Polygon","coordinates":[[[172452.283,559674.674],[172465.064,559687.804],[172461.927,559690.861],[172449.139,559677.738],[172452.283,559674.674]]]}},{"type":"Feature","properties":{"relatieveHoogteligging":0,"lokaalID":"G1900.f1c214c0b37f4d23af1ec39ccbf27e5f","bgt_status":"bestaand","identificatieBAGPND":"1900100010088818","identificatieBAGVBOLaagsteHuisnummer":"1900010010090098","identificatieBAGVBOHoogsteHuisnummer":"1900010010090117","huisnummers":[{"tekst":"1/202-7/101","pos":[172444.967,559666.5],"hoek":-2}]},"geometry":{"type":"Polygon","coordinates":[[[172455.79,559659.569],[172438.594,559676.34],[172428.617,559666.111],[172446.227,559648.935],[172452.078,559654.933],[172469.382,559638.217],[172479.429,559648.45],[172461.738,559665.666],[172460.354,559664.247],[172459.29,559665.285],[172456.697,559662.627],[172457.761,559661.59],[172455.79,559659.569]]]}},{"type":"Feature","properties":{"relatieveHoogteligging":0,"lokaalID":"G1900.f7de0ad97589451395f9568fed445ed9","bgt_status":"bestaand","identificatieBAGPND":"0091100000010872","identificatieBAGVBOLaagsteHuisnummer":"0091010000029356","identificatieBAGVBOHoogsteHuisnummer":"0091010000029356","huisnummers":[{"tekst":"6","pos":[172483,559719],"hoek":0}]},"geometry":{"type":"Polygon","coordinates":[[[172479.521,559724.031],[172480.47,559723.946],[172479.746,559715.906],[172485.919,559715.349],[172486.643,559723.39],[172485.747,559723.471],[172485.736,559723.472],[172481.845,559723.822],[172482.242,559728.231],[172479.918,559728.441],[172479.521,559724.031]]]}},{"type":"Feature","properties":{"relatieveHoogteligging":0,"lokaalID":"G1900.afa26d47fc3d435e9aa60340309b0756","bgt_status":"bestaand","identificatieBAGPND":"0091100000010747","identificatieBAGVBOLaagsteHuisnummer":"0091010000029341","identificatieBAGVBOHoogsteHuisnummer":"0091010000029341","huisnummers":[{"tekst":"4","pos":[172489,559718],"hoek":0}]},"geometry":{"type":"Polygon","coordinates":[[[172485.736,559723.472],[172485.747,559723.471],[172486.643,559723.39],[172485.919,559715.349],[172492.093,559714.793],[172492.817,559722.834],[172492.625,559722.851],[172491.921,559722.915],[172488.051,559723.263],[172488.448,559727.673],[172486.133,559727.881],[172485.736,559723.472]]]}},{"type":"Feature","properties":{"relatieveHoogteligging":0,"lokaalID":"G1900.16e3299540574f1580d9a604aa9236cc","bgt_status":"bestaand","identificatieBAGPND":"0091100000014139","identificatieBAGVBOLaagsteHuisnummer":"0091010000029337","identificatieBAGVBOHoogsteHuisnummer":"0091010000029337","huisnummers":[{"tekst":"2","pos":[172496,559718],"hoek":0}]},"geometry":{"type":"Polygon","coordinates":[[[172491.921,559722.915],[172492.625,559722.851],[172492.817,559722.834],[172492.093,559714.793],[172498.46,559714.22],[172499.184,559722.261],[172494.236,559722.706],[172494.633,559727.116],[172492.318,559727.324],[172491.921,559722.915]]]}},{"type":"Feature","properties":{"relatieveHoogteligging":0,"lokaalID":"G1900.0f0cca102238499092259e01c87f2f43","bgt_status":"bestaand","identificatieBAGPND":"0091100000009695","identificatieBAGVBOLaagsteHuisnummer":"0091010000029237","identificatieBAGVBOHoogsteHuisnummer":"0091010000029237","huisnummers":[{"tekst":"69","pos":[172538,559624],"hoek":0}]},"geometry":{"type":"Polygon","coordinates":[[[172535.053,559626.304],[172534.495,559620.197],[172543.895,559619.338],[172543.789,559618.175],[172547.474,559617.837],[172547.674,559620.037],[172543.99,559620.375],[172544.344,559624.252],[172544.452,559625.445],[172535.053,559626.304]]]}},{"type":"Feature","properties":{"relatieveHoogteligging":0,"lokaalID":"G1900.fea54da7c56f4edd97eaedf8f1070b4f","bgt_status":"bestaand","identificatieBAGPND":"0091100000009711","identificatieBAGVBOLaagsteHuisnummer":"0091010000029233","identificatieBAGVBOHoogsteHuisnummer":"0091010000029233","huisnummers":[{"tekst":"67","pos":[172538,559630],"hoek":0}]},"geometry":{"type":"Polygon","coordinates":[[[172535.612,559632.428],[172535.053,559626.304],[172544.452,559625.445],[172544.344,559624.252],[172548.029,559623.914],[172548.046,559624.099],[172550.935,559623.833],[172551.118,559625.878],[172544.547,559626.482],[172544.9,559630.345],[172545.011,559631.57],[172535.612,559632.428]]]}},{"type":"Feature","properties":{"relatieveHoogteligging":0,"lokaalID":"G1900.54c0d6cdb9f8454f85ab03f37cdb1689","bgt_status":"bestaand","identificatieBAGPND":"0091100000009591","identificatieBAGVBOLaagsteHuisnummer":"0091010000029231","identificatieBAGVBOHoogsteHuisnummer":"0091010000029231","huisnummers":[{"tekst":"65","pos":[172538,559635],"hoek":0}]},"geometry":{"type":"Polygon","coordinates":[[[172535.612,559632.428],[172545.011,559631.57],[172544.9,559630.345],[172548.585,559630.007],[172548.788,559632.234],[172545.107,559632.607],[172545.455,559636.427],[172545.54,559637.445],[172543.408,559637.614],[172536.14,559638.22],[172535.612,559632.428]]]}},{"type":"Feature","properties":{"relatieveHoogteligging":0,"lokaalID":"G1900.a7cfbad8656e4410a297730ac0726335","bgt_status":"bestaand","identificatieBAGPND":"0091100000009683","identificatieBAGVBOLaagsteHuisnummer":"0091010000029240","identificatieBAGVBOHoogsteHuisnummer":"0091010000029240","huisnummers":[{"tekst":"61","pos":[172537,559647],"hoek":0}]},"geometry":{"type":"Polygon","coordinates":[[[172535.04,559650.672],[172534.517,559644.615],[172543.941,559643.801],[172543.851,559642.764],[172547.535,559642.426],[172547.727,559644.641],[172544.042,559644.978],[172544.374,559648.821],[172544.463,559649.858],[172535.04,559650.672]]]}},{"type":"Feature","properties":{"relatieveHoogteligging":0,"lokaalID":"G1900.091b2d8768314d61812d2d7bb4560cab","bgt_status":"bestaand","identificatieBAGPND":"0091100000009595","identificatieBAGVBOLaagsteHuisnummer":"0091010000029230","identificatieBAGVBOHoogsteHuisnummer":"0091010000029230","huisnummers":[{"tekst":"63","pos":[172537,559641],"hoek":0}]},"geometry":{"type":"Polygon","coordinates":[[[172543.851,559642.764],[172543.941,559643.801],[172534.517,559644.615],[172533.98,559638.4],[172536.14,559638.22],[172543.408,559637.614],[172545.54,559637.445],[172545.455,559636.427],[172549.14,559636.088],[172549.344,559638.323],[172543.515,559638.857],[172543.851,559642.764]]]}},{"type":"Feature","properties":{"relatieveHoogteligging":0,"lokaalID":"G1900.f61be372e62446be903e795e8512c5c3","bgt_status":"bestaand","identificatieBAGPND":"0091100000009703","identificatieBAGVBOLaagsteHuisnummer":"0091010000029235","identificatieBAGVBOHoogsteHuisnummer":"0091010000029235","huisnummers":[{"tekst":"59","pos":[172538,559653],"hoek":0}]},"geometry":{"type":"Polygon","coordinates":[[[172535.564,559656.738],[172535.04,559650.672],[172544.463,559649.858],[172544.374,559648.821],[172548.059,559648.483],[172548.252,559650.713],[172544.566,559651.051],[172544.898,559654.887],[172544.985,559655.924],[172535.564,559656.738]]]}},{"type":"Feature","properties":{"relatieveHoogteligging":0,"lokaalID":"G1900.7a350cb71ae740a59be6360b37fa7dfd","bgt_status":"bestaand","identificatieBAGPND":"0091100000009603","identificatieBAGVBOLaagsteHuisnummer":"0091010000029228","identificatieBAGVBOHoogsteHuisnummer":"0091010000029228","huisnummers":[{"tekst":"55","pos":[172539,559665],"hoek":0}]},"geometry":{"type":"Polygon","coordinates":[[[172536.614,559668.898],[172536.09,559662.828],[172545.511,559662.014],[172545.424,559660.977],[172549.109,559660.638],[172549.3,559662.849],[172545.615,559663.187],[172545.948,559667.046],[172546.037,559668.083],[172536.614,559668.898]]]}},{"type":"Feature","properties":{"relatieveHoogteligging":0,"lokaalID":"G1900.7f603311e4af491189305dbd6faed3c6","bgt_status":"bestaand","identificatieBAGPND":"0091100000009607","identificatieBAGVBOLaagsteHuisnummer":"0091010000029227","identificatieBAGVBOHoogsteHuisnummer":"0091010000029227","huisnummers":[{"tekst":"53","pos":[172540,559672],"hoek":0}]},"geometry":{"type":"Polygon","coordinates":[[[172537.138,559674.969],[172536.614,559668.898],[172546.037,559668.083],[172545.948,559667.046],[172549.633,559666.708],[172549.825,559668.923],[172546.14,559669.26],[172546.473,559673.119],[172546.563,559674.156],[172537.138,559674.969]]]}},{"type":"Feature","properties":{"relatieveHoogteligging":0,"lokaalID":"G1900.8cdcf89978c044c1865bc07365da560d","bgt_status":"bestaand","identificatieBAGPND":"0091100000009707","identificatieBAGVBOLaagsteHuisnummer":"0091010000029234","identificatieBAGVBOHoogsteHuisnummer":"0091010000029234","huisnummers":[{"tekst":"49","pos":[172528,559710],"hoek":0}]},"geometry":{"type":"Polygon","coordinates":[[[172526.278,559712.519],[172525.72,559706.4],[172534.928,559705.562],[172534.847,559704.677],[172538.709,559704.326],[172541.728,559704.052],[172541.93,559706.271],[172538.911,559706.546],[172535.228,559706.881],[172535.581,559710.753],[172535.664,559711.665],[172526.278,559712.519]]]}},{"type":"Feature","properties":{"relatieveHoogteligging":0,"lokaalID":"G1900.43102a20b6c34320a7374b14b96358e7","bgt_status":"bestaand","identificatieBAGPND":"0091100000009793","identificatieBAGVBOLaagsteHuisnummer":"0091010000029253","identificatieBAGVBOHoogsteHuisnummer":"0091010000029253","huisnummers":[{"tekst":"39","pos":[172530,559740],"hoek":0}]},"geometry":{"type":"Polygon","coordinates":[[[172529.038,559742.812],[172528.484,559736.74],[172537.868,559735.884],[172537.784,559734.971],[172541.467,559734.636],[172541.665,559736.806],[172537.982,559737.141],[172538.337,559741.044],[172538.42,559741.957],[172529.038,559742.812]]]}},{"type":"Feature","properties":{"relatieveHoogteligging":0,"lokaalID":"G1900.e1a8c0e4828344f3ab6ad9b0f56f1f02","bgt_status":"bestaand","identificatieBAGPND":"0091100000009789","identificatieBAGVBOLaagsteHuisnummer":"0091010000029254","identificatieBAGVBOHoogsteHuisnummer":"0091010000029254","huisnummers":[{"tekst":"41","pos":[172530,559734],"hoek":0}]},"geometry":{"type":"Polygon","coordinates":[[[172528.484,559736.74],[172527.932,559730.677],[172537.316,559729.822],[172537.233,559728.909],[172540.916,559728.574],[172541.116,559730.774],[172537.433,559731.109],[172537.784,559734.971],[172537.868,559735.884],[172528.484,559736.74]]]}},{"type":"Feature","properties":{"relatieveHoogteligging":0,"lokaalID":"G1900.f56d3c07446c4aaa91086047a64d114b","bgt_status":"bestaand","identificatieBAGPND":"0091100000009765","identificatieBAGVBOLaagsteHuisnummer":"0091010000029260","identificatieBAGVBOHoogsteHuisnummer":"0091010000029260","huisnummers":[{"tekst":"47","pos":[172528,559716],"hoek":0}]},"geometry":{"type":"Polygon","coordinates":[[[172526.827,559718.553],[172526.278,559712.519],[172535.664,559711.665],[172535.581,559710.753],[172539.264,559710.418],[172543.391,559710.042],[172543.586,559712.232],[172539.463,559712.608],[172535.78,559712.943],[172536.13,559716.785],[172536.213,559717.698],[172526.827,559718.553]]]}},{"type":"Feature","properties":{"relatieveHoogteligging":0,"lokaalID":"G1900.d530e719297044b18f2ea59e0d500ab8","bgt_status":"bestaand","identificatieBAGPND":"0091100000009773","identificatieBAGVBOLaagsteHuisnummer":"0091010000029258","identificatieBAGVBOHoogsteHuisnummer":"0091010000029258","huisnummers":[{"tekst":"45","pos":[172529,559721],"hoek":0}]},"geometry":{"type":"Polygon","coordinates":[[[172527.38,559724.626],[172526.827,559718.553],[172536.213,559717.698],[172536.13,559716.785],[172539.813,559716.45],[172540.014,559718.66],[172536.331,559718.995],[172536.682,559722.857],[172536.765,559723.77],[172527.38,559724.626]]]}},{"type":"Feature","properties":{"relatieveHoogteligging":0,"lokaalID":"G1900.20367d953fb747eb9a0dc2f94e3a0fd8","bgt_status":"bestaand","identificatieBAGPND":"0091100000009785","identificatieBAGVBOLaagsteHuisnummer":"0091010000029255","identificatieBAGVBOHoogsteHuisnummer":"0091010000029255","huisnummers":[{"tekst":"43","pos":[172529,559728],"hoek":0}]},"geometry":{"type":"Polygon","coordinates":[[[172527.932,559730.677],[172527.38,559724.626],[172536.765,559723.77],[172536.682,559722.857],[172540.365,559722.522],[172540.566,559724.732],[172536.883,559725.067],[172537.233,559728.909],[172537.316,559729.822],[172527.932,559730.677]]]}},{"type":"Feature","properties":{"relatieveHoogteligging":0,"lokaalID":"G1900.e05a1f9147ff4f28a436d499206861ce","bgt_status":"bestaand","identificatieBAGPND":"0091100000010712","identificatieBAGVBOLaagsteHuisnummer":"0091010000029322","identificatieBAGVBOHoogsteHuisnummer":"0091010000029322","huisnummers":[{"tekst":"1","pos":[172498,559750],"hoek":0}]},"geometry":{"type":"Polygon","coordinates":[[[172495.573,559754.606],[172494.86,559746.582],[172495.775,559746.503],[172499.65,559746.167],[172499.267,559741.752],[172501.589,559741.551],[172501.995,559746.224],[172501.257,559746.288],[172501.93,559754.04],[172495.573,559754.606]]]}},{"type":"Feature","properties":{"relatieveHoogteligging":0,"lokaalID":"G1900.36fe44992368418d93d43b1ea2069ca0","bgt_status":"bestaand","identificatieBAGPND":"0091100000010401","identificatieBAGVBOLaagsteHuisnummer":"0091010000029326","identificatieBAGVBOHoogsteHuisnummer":"0091010000029326","huisnummers":[{"tekst":"3","pos":[172491,559752],"hoek":0}]},"geometry":{"type":"Polygon","coordinates":[[[172489.387,559755.154],[172488.672,559747.12],[172489.587,559747.041],[172493.482,559746.702],[172493.099,559742.288],[172495.411,559742.087],[172495.775,559746.503],[172494.86,559746.582],[172495.573,559754.606],[172489.387,559755.154]]]}},{"type":"Feature","properties":{"relatieveHoogteligging":0,"lokaalID":"G1900.093578ee5cc44c72936b8c8c2901319d","bgt_status":"bestaand","identificatieBAGPND":"0091100000010528","identificatieBAGVBOLaagsteHuisnummer":"0091010000029345","identificatieBAGVBOHoogsteHuisnummer":"0091010000029345","huisnummers":[{"tekst":"5","pos":[172485,559753],"hoek":0}]},"geometry":{"type":"Polygon","coordinates":[[[172482.55,559749.959],[172482.389,559748.103],[172482.351,559747.668],[172487.294,559747.239],[172486.911,559742.825],[172489.222,559742.624],[172489.587,559747.041],[172488.672,559747.12],[172489.387,559755.154],[172483.05,559755.72],[172482.55,559749.959]]]}},{"type":"Feature","properties":{"relatieveHoogteligging":0,"lokaalID":"G1900.00a151b79c254474816da998645592e5","bgt_status":"bestaand","identificatieBAGPND":"1900100010090789"},"geometry":{"type":"Polygon","coordinates":[[[172551.76,559636.098],[172551.928,559638.284],[172549.669,559638.458],[172549.501,559636.272],[172551.564,559636.113],[172551.76,559636.098]]]}},{"type":"Feature","properties":{"relatieveHoogteligging":0,"lokaalID":"G1900.02a60c7f72c34f6dab019e2ba714c0f2","bgt_status":"bestaand","identificatieBAGPND":"1900100010090475"},"geometry":{"type":"Polygon","coordinates":[[[172545.392,559714.315],[172545.363,559713.756],[172545.222,559711.045],[172548.809,559710.859],[172548.978,559714.129],[172545.407,559714.314],[172545.392,559714.315]]]}},{"type":"Feature","properties":{"relatieveHoogteligging":0,"lokaalID":"G1900.58b15199787248a48777ee0c75f5a8d3","bgt_status":"bestaand","identificatieBAGPND":"1900100010090479"},"geometry":{"type":"Polygon","coordinates":[[[172478.009,559755.543],[172476.864,559754.376],[172476.421,559753.924],[172474.976,559752.452],[172475.428,559752.007],[172475.589,559751.848],[172477.055,559750.403],[172480.093,559753.499],[172478.009,559755.543]]]}},{"type":"Feature","properties":{"relatieveHoogteligging":0,"lokaalID":"G1900.109f0965578b494793e9bb9c0a48ddb5","bgt_status":"bestaand","identificatieBAGPND":"0091100000011461","identificatieBAGVBOLaagsteHuisnummer":"0091010000031475","identificatieBAGVBOHoogsteHuisnummer":"0091010000031475","huisnummers":[{"tekst":"26","pos":[172422,559763],"hoek":0}]},"geometry":{"type":"Polygon","coordinates":[[[172424.01,559768.761],[172418.369,559763.005],[172422.827,559758.635],[172428.467,559764.39],[172427.802,559765.04],[172425.023,559767.767],[172428.122,559770.925],[172426.453,559772.564],[172423.358,559769.401],[172424.01,559768.761]]]}},{"type":"Feature","properties":{"relatieveHoogteligging":0,"lokaalID":"G1900.1611888d095e4e4a86a3c2b1f15dd0c4","bgt_status":"bestaand","identificatieBAGPND":"1900100010088747","identificatieBAGVBOLaagsteHuisnummer":"1900010010089780","identificatieBAGVBOHoogsteHuisnummer":"1900010010089780","huisnummers":[{"tekst":"4","pos":[172411.578,559688.499],"hoek":0}]},"geometry":{"type":"Polygon","coordinates":[[[172413.956,559694.727],[172407.779,559688.379],[172411.482,559684.752],[172411.295,559684.559],[172411.448,559684.41],[172417.824,559690.964],[172413.956,559694.727]]]}},{"type":"Feature","properties":{"relatieveHoogteligging":0,"lokaalID":"G1900.1904dac04f1a4385b9fe450521edf23a","bgt_status":"bestaand","identificatieBAGPND":"1900100010088630"},"geometry":{"type":"Polygon","coordinates":[[[172421.509,559694.673],[172423.383,559692.825],[172425.594,559695.091],[172423.719,559696.939],[172421.509,559694.673]]]}},{"type":"Feature","properties":{"relatieveHoogteligging":0,"lokaalID":"G1900.63342527071d40edaa8c2630d8556220","bgt_status":"bestaand","identificatieBAGPND":"1900100010088605","identificatieBAGVBOLaagsteHuisnummer":"1900010010089764","identificatieBAGVBOHoogsteHuisnummer":"1900010010089764","huisnummers":[{"tekst":"45","pos":[172408.206,559735.269],"hoek":0}]},"geometry":{"type":"Polygon","coordinates":[[[172402.023,559732.872],[172406.048,559728.95],[172412.387,559735.485],[172408.37,559739.388],[172402.023,559732.872]]]}},{"type":"Feature","properties":{"relatieveHoogteligging":0,"lokaalID":"G1900.a122d656afab4f48a9ff5f28465697db","bgt_status":"bestaand","identificatieBAGPND":"1900100010088745","identificatieBAGVBOLaagsteHuisnummer":"1900010010089782","identificatieBAGVBOHoogsteHuisnummer":"1900010010089782","huisnummers":[{"tekst":"8","pos":[172403.772,559696.047],"hoek":0}]},"geometry":{"type":"Polygon","coordinates":[[[172406.214,559702.26],[172400.063,559695.938],[172403.93,559692.15],[172410.093,559698.485],[172406.214,559702.26]]]}},{"type":"Feature","properties":{"relatieveHoogteligging":0,"lokaalID":"G1900.bc01f0a17a1f4701b536bc3930e1b39e","bgt_status":"bestaand","identificatieBAGPND":"1900100010088625"},"geometry":{"type":"Polygon","coordinates":[[[172409.718,559713.497],[172411.592,559711.649],[172413.802,559713.915],[172411.928,559715.762],[172409.718,559713.497]]]}},{"type":"Feature","properties":{"relatieveHoogteligging":0,"lokaalID":"G1900.c1ed499d37d540a9b3d8def8daae2724","bgt_status":"bestaand","identificatieBAGPND":"1900100010088688","identificatieBAGVBOLaagsteHuisnummer":"1900010010089749","identificatieBAGVBOHoogsteHuisnummer":"1900010010089749","huisnummers":[{"tekst":"10","pos":[172320.923,559790.899],"hoek":0}]},"geometry":{"type":"Polygon","coordinates":[[[172314.806,559793.006],[172321.095,559786.86],[172324.872,559790.724],[172318.583,559796.87],[172314.806,559793.006]]]}},{"type":"Feature","properties":{"relatieveHoogteligging":0,"lokaalID":"G1900.e6801750cccb424cbefc4c4807687c68","bgt_status":"bestaand","identificatieBAGPND":"1900100010088621"},"geometry":{"type":"Polygon","coordinates":[[[172386.939,559732.818],[172384.722,559730.545],[172386.606,559728.707],[172388.823,559730.98],[172386.939,559732.818]]]}},{"type":"Feature","properties":{"relatieveHoogteligging":0,"lokaalID":"G1900.258ab90f9eed41848397f0c6445395a1","bgt_status":"bestaand","identificatieBAGPND":"0091100000003473","identificatieBAGVBOLaagsteHuisnummer":"0091010000029780","identificatieBAGVBOHoogsteHuisnummer":"0091010000029780","huisnummers":[{"tekst":"15","pos":[172311,559420],"hoek":0}]},"geometry":{"type":"Polygon","coordinates":[[[172314.63,559418.78],[172308.164,559425.685],[172304.212,559421.978],[172310.68,559415.07],[172312.87,559417.12],[172316,559413.77],[172317.654,559415.322],[172317.77,559415.43],[172314.63,559418.78]]]}},{"type":"Feature","properties":{"relatieveHoogteligging":0,"lokaalID":"G1900.c03fdbec08fa42e7ab4882cd02d00d1d","bgt_status":"bestaand","identificatieBAGPND":"0091100000006732","identificatieBAGVBOLaagsteHuisnummer":"0091010000029641","identificatieBAGVBOHoogsteHuisnummer":"0091010000029641","huisnummers":[{"tekst":"13","pos":[172370,559325],"hoek":0}]},"geometry":{"type":"Polygon","coordinates":[[[172376.328,559327.015],[172367.956,559327.821],[172367.97,559327.97],[172363.74,559328.37],[172360.695,559328.658],[172360.473,559326.304],[172363.51,559326.01],[172367.75,559325.6],[172367.43,559322.28],[172367.416,559322.131],[172375.797,559321.331],[172376.328,559327.015]]]}},{"type":"Feature","properties":{"relatieveHoogteligging":0,"lokaalID":"G1900.c8c3ec5632494573ab320e0820db7182","bgt_status":"bestaand","identificatieBAGPND":"0091100000004645","identificatieBAGVBOLaagsteHuisnummer":"0091010000030131","identificatieBAGVBOHoogsteHuisnummer":"0091010000030131","huisnummers":[{"tekst":"8","pos":[172139,559465],"hoek":0}]},"geometry":{"type":"Polygon","coordinates":[[[172133.375,559467.727],[172139.931,559460.741],[172143.868,559464.436],[172137.313,559471.422],[172134.507,559474.456],[172134.401,559474.357],[172133.168,559473.199],[172132.895,559472.943],[172135.701,559469.909],[172133.375,559467.727]]]}},{"type":"Feature","properties":{"relatieveHoogteligging":0,"lokaalID":"G1900.e279eeef43fa4062bc172424ffbb4144","bgt_status":"bestaand","identificatieBAGPND":"0091100000014788","identificatieBAGVBOLaagsteHuisnummer":"0091010000029960","identificatieBAGVBOHoogsteHuisnummer":"0091010000029960","huisnummers":[{"tekst":"39","pos":[172232,559460],"hoek":0}]},"geometry":{"type":"Polygon","coordinates":[[[172229.15,559452.332],[172235.35,559459.587],[172231.348,559463.011],[172225.141,559455.755],[172225.027,559455.852],[172222.416,559452.795],[172222.333,559452.697],[172224.021,559451.256],[172226.716,559454.411],[172229.15,559452.332]]]}},{"type":"Feature","properties":{"relatieveHoogteligging":0,"lokaalID":"G1900.e9380fa06c664e5993008a56ed662746","bgt_status":"bestaand","identificatieBAGPND":"0091100000007286","identificatieBAGVBOLaagsteHuisnummer":"0091010000029829","identificatieBAGVBOHoogsteHuisnummer":"0091010000029829","huisnummers":[{"tekst":"25","pos":[172292,559400],"hoek":0}]},"geometry":{"type":"Polygon","coordinates":[[[172296.97,559398.05],[172290.497,559404.963],[172286.545,559401.264],[172293,559394.37],[172295.2,559396.42],[172298.31,559393.11],[172299.973,559394.669],[172300.07,559394.76],[172296.97,559398.05]]]}},{"type":"Feature","properties":{"relatieveHoogteligging":0,"lokaalID":"G1900.6d8e26afa05e4887820f4290396f7d64","bgt_status":"bestaand","identificatieBAGPND":"1900100010090876"},"geometry":{"type":"Polygon","coordinates":[[[172228.908,559222.355],[172231.577,559222.883],[172231.053,559225.534],[172228.384,559225.006],[172228.908,559222.355]]]}},{"type":"Feature","properties":{"relatieveHoogteligging":0,"lokaalID":"G1900.6ed24e2a9a37486983d64a835215e686","bgt_status":"bestaand","identificatieBAGPND":"1900100010090925"},"geometry":{"type":"Polygon","coordinates":[[[172425.71,559334.386],[172425.51,559332.032],[172429.24,559331.714],[172429.341,559332.891],[172427.951,559334.195],[172425.71,559334.386]]]}},{"type":"Feature","properties":{"relatieveHoogteligging":0,"lokaalID":"G1900.d5a2b9a4fbde4761ac454f351fc74178","bgt_status":"bestaand","identificatieBAGPND":"1900100010090783"},"geometry":{"type":"Polygon","coordinates":[[[172594.174,559657.329],[172591.203,559657.607],[172591.196,559657.527],[172590.743,559652.686],[172593.714,559652.408],[172594.17,559657.289],[172594.174,559657.329]]]}},{"type":"Feature","properties":{"relatieveHoogteligging":0,"lokaalID":"G1900.f7f30b51c60b4e85be9f30c1c36b8f7b","bgt_status":"bestaand","identificatieBAGPND":"0091100000010439"},"geometry":{"type":"Polygon","coordinates":[[[172556.365,559747.031],[172556.571,559750.074],[172552.639,559750.34],[172552.434,559747.297],[172556.365,559747.031]]]}},{"type":"Feature","properties":{"relatieveHoogteligging":0,"lokaalID":"G1900.439fd69193284b89bd983a7f59dab178","bgt_status":"bestaand","identificatieBAGPND":"0091100000005788","identificatieBAGVBOLaagsteHuisnummer":"0091010000029143","identificatieBAGVBOHoogsteHuisnummer":"0091010000029143","huisnummers":[{"tekst":"42","pos":[172560.469,559747.038],"hoek":0}]},"geometry":{"type":"Polygon","coordinates":[[[172558.555,559749.898],[172558.107,559745.038],[172560.1,559744.855],[172562.939,559744.593],[172563.386,559749.453],[172558.555,559749.898]]]}},{"type":"Feature","properties":{"relatieveHoogteligging":0,"lokaalID":"G1900.421d43c06b09494fa28daa681489b395","bgt_status":"bestaand","identificatieBAGPND":"0091100000009961","identificatieBAGVBOLaagsteHuisnummer":"0091010000029151","identificatieBAGVBOHoogsteHuisnummer":"0091010000029151","huisnummers":[{"tekst":"56","pos":[172562,559705],"hoek":0}]},"geometry":{"type":"Polygon","coordinates":[[[172556.679,559707.797],[172556.1,559701.527],[172565.71,559700.64],[172566.288,559706.91],[172556.679,559707.797]]]}},{"type":"Feature","properties":{"relatieveHoogteligging":0,"lokaalID":"G1900.80853240fb5b4e5faed765569f16b9f1","bgt_status":"bestaand","identificatieBAGPND":"0091100000009861","identificatieBAGVBOLaagsteHuisnummer":"0091010000029173","identificatieBAGVBOHoogsteHuisnummer":"0091010000029173","huisnummers":[{"tekst":"50","pos":[172562,559722],"hoek":0}]},"geometry":{"type":"Polygon","coordinates":[[[172558.385,559726.276],[172557.817,559720.122],[172567.427,559719.235],[172567.995,559725.389],[172558.385,559726.276]]]}},{"type":"Feature","properties":{"relatieveHoogteligging":0,"lokaalID":"G1900.f029f240c2af4a40aa9535ed9dd81017","bgt_status":"bestaand","identificatieBAGPND":"0091100000010025","identificatieBAGVBOLaagsteHuisnummer":"0091010000029165","identificatieBAGVBOHoogsteHuisnummer":"0091010000029165","huisnummers":[{"tekst":"46","pos":[172564.954,559734.873],"hoek":0}]},"geometry":{"type":"Polygon","coordinates":[[[172559.521,559738.584],[172558.953,559732.43],[172568.563,559731.543],[172569.131,559737.697],[172559.521,559738.584]]]}},{"type":"Feature","properties":{"relatieveHoogteligging":0,"lokaalID":"G1900.2df117a98bf54ea0a046e9252ee49fd1","bgt_status":"bestaand","identificatieBAGPND":"0091100000010029","identificatieBAGVBOLaagsteHuisnummer":"0091010000029164","identificatieBAGVBOHoogsteHuisnummer":"0091010000029164","huisnummers":[{"tekst":"44","pos":[172564.726,559740.575],"hoek":0}]},"geometry":{"type":"Polygon","coordinates":[[[172560.1,559744.855],[172559.521,559738.584],[172569.131,559737.697],[172569.71,559743.968],[172562.939,559744.593],[172560.1,559744.855]]]}},{"type":"Feature","properties":{"relatieveHoogteligging":0,"lokaalID":"G1900.a7ceefb8883045df8d247c3d0f04da5c","bgt_status":"bestaand","identificatieBAGPND":"0091100000009873","identificatieBAGVBOLaagsteHuisnummer":"0091010000029173","identificatieBAGVBOHoogsteHuisnummer":"0091010000029173","huisnummers":[{"tekst":"48","pos":[172565.182,559728.639],"hoek":0}]},"geometry":{"type":"Polygon","coordinates":[[[172558.953,559732.43],[172558.385,559726.276],[172567.995,559725.389],[172568.563,559731.543],[172558.953,559732.43]]]}},{"type":"Feature","properties":{"relatieveHoogteligging":0,"lokaalID":"G1900.4a35d57edf9d4ec7bd694f8687034cce","bgt_status":"bestaand","identificatieBAGPND":"0091100000010435"},"geometry":{"type":"Polygon","coordinates":[[[172548.986,559723.179],[172549.301,559726.578],[172546.66,559726.823],[172546.345,559723.423],[172548.986,559723.179]]]}},{"type":"Feature","properties":{"relatieveHoogteligging":0,"lokaalID":"G1900.0563c3452ac3413f8ef64f6c2cd38530","bgt_status":"bestaand","identificatieBAGPND":"0091100000010431"},"geometry":{"type":"Polygon","coordinates":[[[172544.587,559704.155],[172547.315,559703.896],[172547.698,559707.99],[172544.93,559708.252],[172544.539,559704.16],[172544.587,559704.155]]]}},{"type":"Feature","properties":{"relatieveHoogteligging":0,"lokaalID":"G1900.b1f4fe0078ae4c609820df3971813d8c","bgt_status":"bestaand","identificatieBAGPND":"0091100000009969","identificatieBAGVBOLaagsteHuisnummer":"0091010000029149","identificatieBAGVBOHoogsteHuisnummer":"0091010000029149","huisnummers":[{"tekst":"57","pos":[172560,559677],"hoek":0}]},"geometry":{"type":"Polygon","coordinates":[[[172559.48,559679.39],[172558.769,559671.159],[172563.765,559670.728],[172563.394,559666.428],[172565.713,559666.227],[172566.082,559670.525],[172566.796,559678.755],[172559.48,559679.39]]]}},{"type":"Feature","properties":{"relatieveHoogteligging":0,"lokaalID":"G1900.6bb71b8d890b4564bbbaa51011f3c001","bgt_status":"bestaand","identificatieBAGPND":"0091100000010153","identificatieBAGVBOLaagsteHuisnummer":"0091010000029137","identificatieBAGVBOHoogsteHuisnummer":"0091010000029137","huisnummers":[{"tekst":"55","pos":[172569,559676],"hoek":0}]},"geometry":{"type":"Polygon","coordinates":[[[172566.796,559678.755],[172566.082,559670.525],[172569.919,559670.192],[172569.551,559665.895],[172571.881,559665.694],[172572.25,559669.99],[172572.964,559678.22],[172566.796,559678.755]]]}},{"type":"Feature","properties":{"relatieveHoogteligging":0,"lokaalID":"G1900.f202c8f5e02942c2819323db43d93e82","bgt_status":"bestaand","identificatieBAGPND":"0091100000005780","identificatieBAGVBOLaagsteHuisnummer":"0091010000029122","identificatieBAGVBOHoogsteHuisnummer":"0091010000029122","huisnummers":[{"tekst":"53","pos":[172576,559676],"hoek":0}]},"geometry":{"type":"Polygon","coordinates":[[[172572.964,559678.22],[172572.25,559669.99],[172576.15,559669.652],[172575.78,559665.357],[172578.092,559665.157],[172578.46,559669.451],[172579.174,559677.681],[172572.964,559678.22]]]}},{"type":"Feature","properties":{"relatieveHoogteligging":0,"lokaalID":"G1900.1f43d96fe53a4355950faf2834fa258b","bgt_status":"bestaand","identificatieBAGPND":"0091100000013032","identificatieBAGVBOLaagsteHuisnummer":"0091010000029096","identificatieBAGVBOHoogsteHuisnummer":"0091010000029096","huisnummers":[{"tekst":"10","pos":[172585,559643],"hoek":0}]},"geometry":{"type":"Polygon","coordinates":[[[172586.401,559640.121],[172587.113,559648.365],[172583.274,559648.697],[172583.646,559653.004],[172581.334,559653.203],[172580.93,559648.528],[172581.657,559648.465],[172580.975,559640.59],[172586.401,559640.121]]]}},{"type":"Feature","properties":{"relatieveHoogteligging":0,"lokaalID":"G1900.9c929b272fd045d39501d2c984629776","bgt_status":"bestaand","identificatieBAGPND":"0091100000014764","identificatieBAGVBOLaagsteHuisnummer":"0091010000029104","identificatieBAGVBOHoogsteHuisnummer":"0091010000029104","huisnummers":[{"tekst":"51","pos":[172581,559675],"hoek":0}]},"geometry":{"type":"Polygon","coordinates":[[[172579.174,559677.681],[172578.46,559669.451],[172582.266,559669.121],[172581.898,559664.828],[172584.218,559664.628],[172584.586,559668.919],[172585.3,559677.15],[172579.174,559677.681]]]}},{"type":"Feature","properties":{"relatieveHoogteligging":0,"lokaalID":"G1900.9bc1964851e8452dab29642b37def035","bgt_status":"bestaand","identificatieBAGPND":"0091100000010195","identificatieBAGVBOLaagsteHuisnummer":"0091010000029081","identificatieBAGVBOHoogsteHuisnummer":"0091010000029081","huisnummers":[{"tekst":"30","pos":[172594,559707],"hoek":0}]},"geometry":{"type":"Polygon","coordinates":[[[172591.334,559710.982],[172590.883,559704.806],[172600.497,559704.104],[172600.949,559710.28],[172591.334,559710.982]]]}},{"type":"Feature","properties":{"relatieveHoogteligging":0,"lokaalID":"G1900.4b4c6f583be2437cb8e9c6df04e68a16","bgt_status":"bestaand","identificatieBAGPND":"0091100000011777","identificatieBAGVBOLaagsteHuisnummer":"0091010000029056","identificatieBAGVBOHoogsteHuisnummer":"0091010000029056","huisnummers":[{"tekst":"28","pos":[172594,559701],"hoek":0}]},"geometry":{"type":"Polygon","coordinates":[[[172590.883,559704.806],[172590.42,559698.47],[172600.035,559697.769],[172600.497,559704.104],[172590.883,559704.806]]]}},{"type":"Feature","properties":{"relatieveHoogteligging":0,"lokaalID":"G1900.9c70daac26f1439aa7a6fec4e0475e84","bgt_status":"bestaand","identificatieBAGPND":"0091100000012465","identificatieBAGVBOLaagsteHuisnummer":"0091010000029074","identificatieBAGVBOHoogsteHuisnummer":"0091010000029074","huisnummers":[{"tekst":"38","pos":[172596,559735],"hoek":0}]},"geometry":{"type":"Polygon","coordinates":[[[172593.137,559735.686],[172592.687,559729.51],[172602.301,559728.807],[172602.752,559734.983],[172593.137,559735.686]]]}},{"type":"Feature","properties":{"relatieveHoogteligging":0,"lokaalID":"G1900.d10f5eca5772402fba2fda23845b69b8","bgt_status":"bestaand","identificatieBAGPND":"0091100000014000","identificatieBAGVBOLaagsteHuisnummer":"0091010000029051","identificatieBAGVBOHoogsteHuisnummer":"0091010000029051","huisnummers":[{"tekst":"40","pos":[172596,559740],"hoek":0}]},"geometry":{"type":"Polygon","coordinates":[[[172593.6,559742.02],[172593.137,559735.686],[172602.752,559734.983],[172603.215,559741.319],[172593.6,559742.02]]]}},{"type":"Feature","properties":{"relatieveHoogteligging":0,"lokaalID":"G1900.5984aa51dd6649ecb86f49be6d7c8efa","bgt_status":"bestaand","identificatieBAGPND":"0091100000010668","identificatieBAGVBOLaagsteHuisnummer":"0091010000029075","identificatieBAGVBOHoogsteHuisnummer":"0091010000029075","huisnummers":[{"tekst":"36","pos":[172595,559727],"hoek":0}]},"geometry":{"type":"Polygon","coordinates":[[[172592.687,559729.51],[172592.236,559723.334],[172601.85,559722.631],[172602.301,559728.807],[172592.687,559729.51]]]}},{"type":"Feature","properties":{"relatieveHoogteligging":0,"lokaalID":"G1900.1fea82a47fe1417581035e896d0c00ae","bgt_status":"bestaand","identificatieBAGPND":"0091100000009306","identificatieBAGVBOLaagsteHuisnummer":"0091010000029078","identificatieBAGVBOHoogsteHuisnummer":"0091010000029078","huisnummers":[{"tekst":"34","pos":[172595,559721],"hoek":0}]},"geometry":{"type":"Polygon","coordinates":[[[172592.236,559723.334],[172591.785,559717.157],[172601.4,559716.455],[172601.85,559722.631],[172592.236,559723.334]]]}},{"type":"Feature","properties":{"relatieveHoogteligging":0,"lokaalID":"G1900.644290a951fb4639bfa1d5cf2f54f8c3","bgt_status":"bestaand","identificatieBAGPND":"0091100000010199","identificatieBAGVBOLaagsteHuisnummer":"0091010000029080","identificatieBAGVBOHoogsteHuisnummer":"0091010000029080","huisnummers":[{"tekst":"32","pos":[172595,559715],"hoek":0}]},"geometry":{"type":"Polygon","coordinates":[[[172591.785,559717.157],[172591.334,559710.982],[172600.949,559710.28],[172601.4,559716.455],[172591.785,559717.157]]]}},{"type":"Feature","properties":{"relatieveHoogteligging":0,"lokaalID":"G1900.8764b32196c4491fabc2c641e1cb098b","bgt_status":"bestaand","identificatieBAGPND":"0091100000014010","identificatieBAGVBOLaagsteHuisnummer":"0091010000029049","identificatieBAGVBOHoogsteHuisnummer":"0091010000029049","huisnummers":[{"tekst":"45","pos":[172600,559674],"hoek":0}]},"geometry":{"type":"Polygon","coordinates":[[[172597.775,559676.067],[172597.061,559667.837],[172600.929,559667.501],[172600.561,559663.216],[172602.867,559663.017],[172603.234,559667.301],[172603.948,559675.532],[172597.775,559676.067]]]}},{"type":"Feature","properties":{"relatieveHoogteligging":0,"lokaalID":"G1900.e15524bb0e9f477784ddcbac3d63cf65","bgt_status":"bestaand","identificatieBAGPND":"0091100000016504","identificatieBAGVBOLaagsteHuisnummer":"0091010000029066","identificatieBAGVBOHoogsteHuisnummer":"0091010000029066","huisnummers":[{"tekst":"47","pos":[172593,559674],"hoek":0}]},"geometry":{"type":"Polygon","coordinates":[[[172591.584,559676.604],[172590.87,559668.374],[172594.734,559668.039],[172594.366,559663.752],[172596.693,559663.552],[172597.061,559667.837],[172597.775,559676.067],[172591.584,559676.604]]]}},{"type":"Feature","properties":{"relatieveHoogteligging":0,"lokaalID":"G1900.528909abd01e4ac9ba69e0bfc8960519","bgt_status":"bestaand","identificatieBAGPND":"0091100000014734","identificatieBAGVBOLaagsteHuisnummer":"0091010000029042","identificatieBAGVBOHoogsteHuisnummer":"0091010000029042","huisnummers":[{"tekst":"4","pos":[172602,559642],"hoek":0}]},"geometry":{"type":"Polygon","coordinates":[[[172604.954,559638.518],[172605.666,559646.762],[172601.778,559647.098],[172602.152,559651.435],[172599.829,559651.636],[172599.455,559647.299],[172598.743,559639.055],[172604.954,559638.518]]]}},{"type":"Feature","properties":{"relatieveHoogteligging":0,"lokaalID":"G1900.52479efaaf4b4b22beae41520991cde2","bgt_status":"bestaand","identificatieBAGPND":"0091100000019599","identificatieBAGVBOLaagsteHuisnummer":"0091010000020901","identificatieBAGVBOHoogsteHuisnummer":"0091010000036803","huisnummers":[{"tekst":"122-168","pos":[172576.807,559770.186],"hoek":0}]},"geometry":{"type":"Polygon","coordinates":[[[172574.617,559774.913],[172574.524,559773.807],[172573.86,559765.89],[172638.087,559760.529],[172638.19,559760.52],[172638.357,559762.513],[172641.155,559764.263],[172642.004,559762.905],[172642.318,559763.101],[172641.469,559764.459],[172643.105,559765.482],[172643.535,559770.614],[172638.959,559770.998],[172638.835,559769.523],[172576.827,559774.727],[172574.617,559774.913]]]}},{"type":"Feature","properties":{"relatieveHoogteligging":0,"lokaalID":"G1900.fcc37777b6e143738f01e01581c52a58","bgt_status":"bestaand","identificatieBAGPND":"0091100000014719","identificatieBAGVBOLaagsteHuisnummer":"0091010000029045","identificatieBAGVBOHoogsteHuisnummer":"0091010000029045","huisnummers":[{"tekst":"28","pos":[172599,559610],"hoek":0}]},"geometry":{"type":"Polygon","coordinates":[[[172603.815,559604.495],[172604.546,559612.756],[172598.368,559613.302],[172597.637,559605.041],[172601.493,559604.7],[172601.113,559600.405],[172603.435,559600.2],[172603.815,559604.495]]]}},{"type":"Feature","properties":{"relatieveHoogteligging":0,"lokaalID":"G1900.2e1a6eb8b7ba4c8aa65ccd5a535e8f75","bgt_status":"bestaand","identificatieBAGPND":"0091100000014689","identificatieBAGVBOLaagsteHuisnummer":"0091010000029062","identificatieBAGVBOHoogsteHuisnummer":"0091010000029062","huisnummers":[{"tekst":"26","pos":[172595,559610],"hoek":0}]},"geometry":{"type":"Polygon","coordinates":[[[172597.637,559605.041],[172598.368,559613.302],[172592.169,559613.851],[172591.438,559605.59],[172595.325,559605.246],[172594.945,559600.951],[172597.257,559600.746],[172597.637,559605.041]]]}},{"type":"Feature","properties":{"relatieveHoogteligging":0,"lokaalID":"G1900.14eb12edca3243b2aff3728716192862","bgt_status":"bestaand","identificatieBAGPND":"0091100000010087","identificatieBAGVBOLaagsteHuisnummer":"0091010000029130","identificatieBAGVBOHoogsteHuisnummer":"0091010000029130","huisnummers":[{"tekst":"20","pos":[172571,559612],"hoek":0}]},"geometry":{"type":"Polygon","coordinates":[[[172574.727,559607],[172575.464,559615.328],[172569.268,559615.876],[172568.533,559607.57],[172572.436,559607.211],[172572.041,559602.919],[172574.332,559602.708],[172574.727,559607]]]}},{"type":"Feature","properties":{"relatieveHoogteligging":0,"lokaalID":"G1900.0ee129bbe1ca493ba05a865658000c15","bgt_status":"bestaand","identificatieBAGPND":"0091100000009993","identificatieBAGVBOLaagsteHuisnummer":"0091010000029146","identificatieBAGVBOHoogsteHuisnummer":"0091010000029146","huisnummers":[{"tekst":"18","pos":[172563,559614],"hoek":0}]},"geometry":{"type":"Polygon","coordinates":[[[172568.533,559607.57],[172569.268,559615.876],[172563.072,559616.425],[172562.339,559608.141],[172566.222,559607.783],[172565.827,559603.491],[172568.138,559603.278],[172568.533,559607.57]]]}},{"type":"Feature","properties":{"relatieveHoogteligging":0,"lokaalID":"G1900.511bd6b80c7c46c0bff3b5e800eb38f9","bgt_status":"bestaand","identificatieBAGPND":"0091100000010052","identificatieBAGVBOLaagsteHuisnummer":"0091010000029160","identificatieBAGVBOHoogsteHuisnummer":"0091010000029160","huisnummers":[{"tekst":"16","pos":[172557,559613],"hoek":0}]},"geometry":{"type":"Polygon","coordinates":[[[172562.339,559608.141],[172563.072,559616.425],[172555.818,559617.066],[172555.06,559608.821],[172560.039,559608.362],[172559.643,559604.06],[172561.944,559603.849],[172562.339,559608.141]]]}},{"type":"Feature","properties":{"relatieveHoogteligging":0,"lokaalID":"G1900.0885f472cedd41599d0d3f29e944fded","bgt_status":"bestaand","identificatieBAGPND":"1900100010090474"},"geometry":{"type":"Polygon","coordinates":[[[172557.213,559713.577],[172557.249,559713.968],[172557.398,559715.579],[172553.469,559715.941],[172553.284,559713.939],[172557.213,559713.577]]]}},{"type":"Feature","properties":{"relatieveHoogteligging":0,"lokaalID":"G1900.13e6563a6ab547dca2ccca00cbcc700b","bgt_status":"bestaand","identificatieBAGPND":"1900100010090786"},"geometry":{"type":"Polygon","coordinates":[[[172549.775,559672.815],[172549.537,559670.235],[172551.134,559670.087],[172552.175,559670.932],[172552.327,559672.58],[172550.157,559672.78],[172549.775,559672.815]]]}},{"type":"Feature","properties":{"relatieveHoogteligging":0,"lokaalID":"G1900.20e09a41846e44749ac9696d0244c639","bgt_status":"bestaand","identificatieBAGPND":"1900100010090788"},"geometry":{"type":"Polygon","coordinates":[[[172549.028,559644.727],[172548.958,559642.384],[172552.04,559642.292],[172552.111,559644.635],[172549.028,559644.727]]]}},{"type":"Feature","properties":{"relatieveHoogteligging":0,"lokaalID":"G1900.1f6e0c077f144a0fb2cd5e84837d99f1","bgt_status":"bestaand","identificatieBAGPND":"0091100000003846"},"geometry":{"type":"Polygon","coordinates":[[[172049.019,559576.568],[172053.116,559572.188],[172061.464,559579.995],[172058.395,559583.481],[172065.744,559590.444],[172052.482,559604.596],[172046.557,559610.918],[172044.336,559608.87],[172043.411,559609.844],[172043.086,559610.187],[172042.526,559610.777],[172042.049,559611.279],[172034.231,559603.981],[172036.791,559601.281],[172032.103,559596.802],[172035.115,559593.589],[172034.097,559592.523],[172044.763,559581.119],[172044.953,559580.916],[172049.019,559576.568]]]}},{"type":"Feature","properties":{"relatieveHoogteligging":0,"lokaalID":"G1900.7164b7cb88ac4d00bce2d027d5728fbf","bgt_status":"bestaand","identificatieBAGPND":"0091100000006407"},"geometry":{"type":"Polygon","coordinates":[[[172038.99,559699.46],[172042.35,559702.66],[172040.571,559704.529],[172037.201,559701.391],[172038.99,559699.46]]]}},{"type":"Feature","properties":{"relatieveHoogteligging":0,"lokaalID":"G1900.eaf730d3bfe34596b0622f73d8d22f21","bgt_status":"bestaand","identificatieBAGPND":"0091100000004234"},"geometry":{"type":"Polygon","coordinates":[[[172054.26,559715.49],[172048.77,559710.14],[172048.13,559709.5],[172047.88,559708.92],[172047.61,559708.05],[172047.35,559707.25],[172047.2,559706.13],[172047.13,559705.23],[172047.26,559704.27],[172047.41,559703.43],[172047.7,559702.49],[172048.06,559701.56],[172048.59,559700.68],[172048.42,559700.38],[172050.34,559698.32],[172050.47,559698.48],[172051.04,559698.02],[172051.7,559697.75],[172052.26,559697.42],[172053.3,559697.19],[172054.27,559697.01],[172055.13,559696.86],[172056.13,559696.93],[172057.24,559697.16],[172058.5,559697.31],[172058.97,559696.7],[172058.69,559696.29],[172058.58,559695.53],[172058.45,559694.71],[172058.4,559693.89],[172058.4,559692.91],[172058.45,559692.07],[172058.54,559691.23],[172058.67,559690.47],[172059.16,559689.56],[172059.76,559688.74],[172059.49,559688.34],[172059.866,559687.951],[172060.91,559686.871],[172061.54,559686.22],[172061.78,559686.44],[172062.43,559686.09],[172063.17,559685.63],[172064.24,559685.18],[172065.18,559684.97],[172065.98,559684.86],[172067.06,559684.85],[172068.4,559685.02],[172069.43,559685.19],[172070.11,559685.5],[172070.75,559685.48],[172072.69,559685.48],[172074.28,559686.9],[172073.41,559687.85],[172076.92,559691.26],[172054.26,559715.49]]]}},{"type":"Feature","properties":{"relatieveHoogteligging":0,"lokaalID":"G1900.3c3ecdc5c1634a16add8e6b853d30506","bgt_status":"bestaand","identificatieBAGPND":"0091100000003842"},"geometry":{"type":"Polygon","coordinates":[[[172072.392,559663.036],[172071.911,559662.586],[172070.614,559661.372],[172062.2,559653.5],[172069.25,559645.97],[172073.752,559650.185],[172077.607,559653.794],[172079.433,559655.504],[172080.437,559656.444],[172073.39,559663.97],[172072.392,559663.036]]]}},{"type":"Feature","properties":{"relatieveHoogteligging":0,"lokaalID":"G1900.952ea108fac74b0dbce21236b8323711","bgt_status":"bestaand","identificatieBAGPND":"0091100000004226","identificatieBAGVBOLaagsteHuisnummer":"0091010000032464","identificatieBAGVBOHoogsteHuisnummer":"0091010000032464","huisnummers":[{"tekst":"1","pos":[172079,559620],"hoek":0}]},"geometry":{"type":"Polygon","coordinates":[[[172072.486,559612.052],[172074.47,559609.936],[172074.98,559610.415],[172089.823,559624.333],[172084.137,559630.407],[172071.935,559618.982],[172067.41,559623.814],[172065.723,559623.85],[172059.35,559617.911],[172064.711,559612.207],[172064.31,559611.83],[172067.986,559607.844],[172068.545,559608.36],[172072.486,559612.052]]]}},{"type":"Feature","properties":{"relatieveHoogteligging":0,"lokaalID":"G1900.204b8c7b6ab14a3ea3c774a7445e0deb","bgt_status":"bestaand","identificatieBAGPND":"0091100000004238"},"geometry":{"type":"Polygon","coordinates":[[[172094.875,559679.997],[172094.9,559680.25],[172095.25,559682.131],[172094.863,559682.207],[172092.485,559684.789],[172094.873,559686.97],[172094.138,559687.768],[172086.935,559695.587],[172086.79,559695.744],[172081.758,559691.021],[172082.449,559690.336],[172076.749,559685.017],[172079.527,559682.014],[172084.106,559677.065],[172082.225,559675.167],[172082.271,559674.652],[172084.37,559674.742],[172084.387,559675.216],[172085.175,559675.968],[172086.11,559674.976],[172084.508,559673.528],[172084.488,559672.991],[172086.502,559672.838],[172086.558,559673.399],[172087.142,559673.882],[172087.967,559672.997],[172092.668,559677.334],[172090.663,559679.474],[172093.068,559681.67],[172094.653,559680.072],[172094.875,559679.997]]]}},{"type":"Feature","properties":{"relatieveHoogteligging":0,"lokaalID":"G1900.336202791cec4aab832a3f4d1f9bc69c","bgt_status":"bestaand","identificatieBAGPND":"1900100010088594"},"geometry":{"type":"Polygon","coordinates":[[[172285.88,559787.56],[172288.142,559785.349],[172289.927,559787.175],[172287.664,559789.386],[172285.88,559787.56]]]}},{"type":"Feature","properties":{"relatieveHoogteligging":0,"lokaalID":"G1900.0362fbd3e06f45a8b58c0ddf86038454","bgt_status":"bestaand","identificatieBAGPND":"1900100010088680"},"geometry":{"type":"Polygon","coordinates":[[[172291.389,559785.747],[172293.648,559783.539],[172295.433,559785.365],[172293.174,559787.573],[172291.389,559785.747]]]}},{"type":"Feature","properties":{"relatieveHoogteligging":0,"lokaalID":"G1900.13b70f06ada64e9c82452143f2f8262e","bgt_status":"bestaand","identificatieBAGPND":"1900100010088727"},"geometry":{"type":"Polygon","coordinates":[[[172356.714,559757.862],[172358.931,559760.134],[172357.047,559761.972],[172354.83,559759.699],[172356.714,559757.862]]]}},{"type":"Feature","properties":{"relatieveHoogteligging":0,"lokaalID":"G1900.25c59046827644fa805f5374df4a5217","bgt_status":"bestaand","identificatieBAGPND":"1900100010088713","identificatieBAGVBOLaagsteHuisnummer":"1900010010089762","identificatieBAGVBOHoogsteHuisnummer":"1900010010089762","huisnummers":[{"tekst":"39","pos":[172421.753,559722.089],"hoek":0}]},"geometry":{"type":"Polygon","coordinates":[[[172425.597,559722.141],[172421.729,559725.909],[172415.595,559719.604],[172419.466,559715.839],[172425.597,559722.141]]]}},{"type":"Feature","properties":{"relatieveHoogteligging":0,"lokaalID":"G1900.354d2df9c97b44fb823a76bc38cc6032","bgt_status":"bestaand","identificatieBAGPND":"1900100010088697"},"geometry":{"type":"Polygon","coordinates":[[[172360.366,559761.61],[172362.583,559763.882],[172360.699,559765.72],[172358.482,559763.447],[172360.366,559761.61]]]}},{"type":"Feature","properties":{"relatieveHoogteligging":0,"lokaalID":"G1900.8a7704a1cbdd4b2ba77bbb7cccf161d8","bgt_status":"bestaand","identificatieBAGPND":"1900100010088733","identificatieBAGVBOLaagsteHuisnummer":"1900010010089796","identificatieBAGVBOHoogsteHuisnummer":"1900010010089796","huisnummers":[{"tekst":"36","pos":[172342.705,559755.088],"hoek":0}]},"geometry":{"type":"Polygon","coordinates":[[[172345.345,559761.574],[172339.2,559755.273],[172343.069,559751.499],[172349.214,559757.801],[172345.345,559761.574]]]}},{"type":"Feature","properties":{"relatieveHoogteligging":0,"lokaalID":"G1900.d44dc853dcef4d49ab85d9dee48a0420","bgt_status":"bestaand","identificatieBAGPND":"1900100010088744","identificatieBAGVBOLaagsteHuisnummer":"1900010010089783","identificatieBAGVBOHoogsteHuisnummer":"1900010010089783","huisnummers":[{"tekst":"10","pos":[172399.989,559699.705],"hoek":0}]},"geometry":{"type":"Polygon","coordinates":[[[172402.338,559706.03],[172396.201,559699.722],[172400.063,559695.938],[172406.214,559702.26],[172402.338,559706.03]]]}},{"type":"Feature","properties":{"relatieveHoogteligging":0,"lokaalID":"G1900.df3287ea0e9d4dd18f0e2ae10d4485a4","bgt_status":"bestaand","identificatieBAGPND":"1900100010088700","identificatieBAGVBOLaagsteHuisnummer":"1900010010089765","identificatieBAGVBOHoogsteHuisnummer":"1900010010089765","huisnummers":[{"tekst":"59","pos":[172381.002,559761.74],"hoek":0}]},"geometry":{"type":"Polygon","coordinates":[[[172381.17,559765.858],[172374.834,559759.353],[172378.86,559755.432],[172385.219,559761.96],[172381.17,559765.858]]]}},{"type":"Feature","properties":{"relatieveHoogteligging":0,"lokaalID":"G1900.f7f47cf59e0542c49e376d8bcf102fb5","bgt_status":"bestaand","identificatieBAGPND":"1900100010088726"},"geometry":{"type":"Polygon","coordinates":[[[172369.254,559745.623],[172371.471,559747.896],[172369.588,559749.734],[172367.37,559747.461],[172369.254,559745.623]]]}},{"type":"Feature","properties":{"relatieveHoogteligging":0,"lokaalID":"G1900.ff9d80705c324584818aca028a60d468","bgt_status":"bestaand","identificatieBAGPND":"1900100010088723"},"geometry":{"type":"Polygon","coordinates":[[[172392.454,559723.011],[172394.671,559725.284],[172392.787,559727.121],[172390.57,559724.849],[172392.454,559723.011]]]}},{"type":"Feature","properties":{"relatieveHoogteligging":0,"lokaalID":"G1900.796ae28996b14e559a76c96b5512342e","bgt_status":"bestaand","identificatieBAGPND":"1900100010090817"},"geometry":{"type":"Polygon","coordinates":[[[172316.344,559574.731],[172320.088,559573.869],[172320.693,559576.498],[172316.949,559577.359],[172316.786,559576.653],[172316.344,559574.731]]]}},{"type":"Feature","properties":{"relatieveHoogteligging":0,"lokaalID":"G1900.01d16e99551347c5b6e7153a2cdb31ef","bgt_status":"bestaand","identificatieBAGPND":"0091100000007744","identificatieBAGVBOLaagsteHuisnummer":"0091010000036841","identificatieBAGVBOHoogsteHuisnummer":"0091010000036841","huisnummers":[{"tekst":"51","pos":[172541,559678],"hoek":0}]},"geometry":{"type":"Polygon","coordinates":[[[172537.138,559674.969],[172546.563,559674.156],[172546.473,559673.119],[172549.775,559672.815],[172550.157,559672.78],[172550.35,559675.001],[172546.665,559675.339],[172547.095,559680.317],[172537.67,559681.13],[172537.138,559674.969]]]}},{"type":"Feature","properties":{"relatieveHoogteligging":0,"lokaalID":"G1900.36c86ec01a84449cb4f0d9874d9c2ba0","bgt_status":"bestaand","identificatieBAGPND":"0091100000015921","identificatieBAGVBOLaagsteHuisnummer":"0091010000029999","identificatieBAGVBOHoogsteHuisnummer":"0091010000029999","huisnummers":[{"tekst":"61","pos":[172212,559283],"hoek":0}]},"geometry":{"type":"Polygon","coordinates":[[[172221.278,559285.792],[172218.8,559285.87],[172213.6,559286.04],[172213.57,559286.04],[172213.56,559285.94],[172205.264,559286.219],[172205.071,559280.219],[172213.37,559279.95],[172213.37,559280.05],[172213.41,559280.05],[172213.52,559283.82],[172218.73,559283.65],[172218.725,559283.486],[172221.203,559283.408],[172221.278,559285.792]]]}},{"type":"Feature","properties":{"relatieveHoogteligging":0,"lokaalID":"G1900.59edfae42e8a4b20b103f09c1e212b5e","bgt_status":"bestaand","identificatieBAGPND":"0091100000007452","identificatieBAGVBOLaagsteHuisnummer":"0091010000029795","identificatieBAGVBOHoogsteHuisnummer":"0091010000029795","huisnummers":[{"tekst":"98","pos":[172306,559573],"hoek":0}]},"geometry":{"type":"Polygon","coordinates":[[[172320.982,559567.883],[172321.257,559569.08],[172321.506,559570.163],[172315.605,559571.521],[172315.574,559571.388],[172311.552,559572.314],[172312.268,559575.422],[172302.929,559577.563],[172301.759,559572.46],[172311.094,559570.321],[172311.058,559570.167],[172315.08,559569.241],[172320.982,559567.883]]]}},{"type":"Feature","properties":{"relatieveHoogteligging":0,"lokaalID":"G1900.11870bd3854a4342a4c67284166041bd","bgt_status":"bestaand","identificatieBAGPND":"1900100010090918"},"geometry":{"type":"Polygon","coordinates":[[[172387.22,559324.649],[172386.823,559323.745],[172386.246,559322.435],[172390.294,559322.117],[172390.473,559324.393],[172387.22,559324.649]]]}},{"type":"Feature","properties":{"relatieveHoogteligging":0,"lokaalID":"G1900.119af3ae51274af4a8ff539791f7ba88","bgt_status":"bestaand","identificatieBAGPND":"1900100010090869"},"geometry":{"type":"Polygon","coordinates":[[[172151.444,559222.796],[172151.859,559224.236],[172151.689,559224.285],[172148.917,559225.083],[172148.296,559222.926],[172151.238,559222.079],[172151.444,559222.796]]]}},{"type":"Feature","properties":{"relatieveHoogteligging":0,"lokaalID":"G1900.122b548b5ced40fabbb49a584bd57d24","bgt_status":"bestaand","identificatieBAGPND":"1900100010090934"},"geometry":{"type":"Polygon","coordinates":[[[172409.973,559143.034],[172409.013,559143.617],[172408.17,559144.129],[172406.726,559141.753],[172408.74,559140.53],[172410.184,559142.906],[172409.973,559143.034]]]}},{"type":"Feature","properties":{"relatieveHoogteligging":0,"lokaalID":"G1900.374c15bb91244ab9873b3dcb7383079a","bgt_status":"bestaand","identificatieBAGPND":"1900100010090898"},"geometry":{"type":"Polygon","coordinates":[[[172271.21,559371.8],[172269.477,559370.195],[172270.76,559368.811],[172272.492,559370.415],[172271.21,559371.8]]]}},{"type":"Feature","properties":{"relatieveHoogteligging":0,"lokaalID":"G1900.51dca558762c400290c9aa927e2204c1","bgt_status":"bestaand","identificatieBAGPND":"1900100010090837"},"geometry":{"type":"Polygon","coordinates":[[[172078.864,559206],[172080.22,559208.884],[172079.997,559208.989],[172077.995,559209.93],[172076.639,559207.046],[172077.752,559206.523],[172078.864,559206]]]}},{"type":"Feature","properties":{"relatieveHoogteligging":0,"lokaalID":"G1900.59e0118415324451be018544eb5870ab","bgt_status":"bestaand","identificatieBAGPND":"1900100010090957"},"geometry":{"type":"Polygon","coordinates":[[[172577.615,559155.271],[172577.869,559158.255],[172574.874,559158.51],[172574.62,559155.525],[172577.615,559155.271]]]}},{"type":"Feature","properties":{"relatieveHoogteligging":0,"lokaalID":"G1900.5a609c52fb9b4e278f76f169b1c83ff3","bgt_status":"bestaand","identificatieBAGPND":"1900100010090908"},"geometry":{"type":"Polygon","coordinates":[[[172358.191,559321.447],[172358.381,559323.457],[172354.633,559323.719],[172354.492,559321.706],[172358.191,559321.447]]]}},{"type":"Feature","properties":{"relatieveHoogteligging":0,"lokaalID":"G1900.5dc56047ed3e4bfa86983d86d9a24a77","bgt_status":"bestaand","identificatieBAGPND":"1900100010090859"},"geometry":{"type":"Polygon","coordinates":[[[172076.645,559242.944],[172076.492,559242.71],[172079.162,559240.962],[172079.241,559240.91],[172080.181,559242.828],[172077.652,559244.483],[172076.833,559243.231],[172076.645,559242.944]]]}},{"type":"Feature","properties":{"relatieveHoogteligging":0,"lokaalID":"G1900.70900cf9d92c41c291f1356dfd840c7a","bgt_status":"bestaand","identificatieBAGPND":"1900100010090974"},"geometry":{"type":"Polygon","coordinates":[[[172477.719,558979.854],[172474.213,558980.151],[172474.05,558978.232],[172477.556,558977.934],[172477.719,558979.854]]]}},{"type":"Feature","properties":{"relatieveHoogteligging":0,"lokaalID":"G1900.7f46db1c141e4d06a5f6cdda6acea1ba","bgt_status":"bestaand","identificatieBAGPND":"1900100010090920"},"geometry":{"type":"Polygon","coordinates":[[[172381.228,559296.633],[172380.934,559293.257],[172384.954,559292.907],[172385.248,559296.283],[172381.228,559296.633]]]}},{"type":"Feature","properties":{"relatieveHoogteligging":0,"lokaalID":"G1900.7f79756d05cd4a08a5fad7c64709296e","bgt_status":"bestaand","identificatieBAGPND":"1900100010090979"},"geometry":{"type":"Polygon","coordinates":[[[172548.634,558946.355],[172548.174,558942.767],[172552.149,558942.258],[172552.609,558945.846],[172548.634,558946.355]]]}},{"type":"Feature","properties":{"relatieveHoogteligging":0,"lokaalID":"G1900.87f053a51e9a4496a0166caf6b5ca9b0","bgt_status":"bestaand","identificatieBAGPND":"1900100010090910"},"geometry":{"type":"Polygon","coordinates":[[[172355.758,559304.164],[172352.591,559304.469],[172352.211,559300.511],[172355.377,559300.206],[172355.758,559304.164]]]}},{"type":"Feature","properties":{"relatieveHoogteligging":0,"lokaalID":"G1900.93034c33004b4caabf375f8dda1127d4","bgt_status":"bestaand","identificatieBAGPND":"1900100010090929"},"geometry":{"type":"Polygon","coordinates":[[[172424.129,559234.575],[172426.357,559234.399],[172426.443,559235.497],[172426.448,559235.555],[172422.956,559235.83],[172422.865,559234.675],[172424.129,559234.575]]]}},{"type":"Feature","properties":{"relatieveHoogteligging":0,"lokaalID":"G1900.b17a3ee51c6a4c2f8c5597c64551e67c","bgt_status":"bestaand","identificatieBAGPND":"1900100010090927"},"geometry":{"type":"Polygon","coordinates":[[[172441.418,559263.678],[172437.785,559263.88],[172437.673,559261.88],[172441.307,559261.678],[172441.418,559263.678]]]}},{"type":"Feature","properties":{"relatieveHoogteligging":0,"lokaalID":"G1900.dc7d96afb81b4ce6815f12bd65dab874","bgt_status":"bestaand","identificatieBAGPND":"1900100010090790"},"geometry":{"type":"Polygon","coordinates":[[[172551.76,559636.098],[172551.564,559636.113],[172551.403,559634.022],[172553.466,559633.863],[172553.627,559635.955],[172551.76,559636.098]]]}},{"type":"Feature","properties":{"relatieveHoogteligging":0,"lokaalID":"G1900.dcf4914703594769b26636fb987051f3","bgt_status":"bestaand","identificatieBAGPND":"1900100010090903"},"geometry":{"type":"Polygon","coordinates":[[[172316,559413.77],[172315.882,559413.659],[172317.207,559412.246],[172318.98,559413.908],[172317.654,559415.322],[172316,559413.77]]]}},{"type":"Feature","properties":{"relatieveHoogteligging":0,"lokaalID":"G1900.e5d6e4c7d6014c27aed366691600606b","bgt_status":"bestaand","identificatieBAGPND":"1900100010090814"},"geometry":{"type":"Polygon","coordinates":[[[172170.983,559506.965],[172172.178,559505.698],[172174.421,559507.815],[172173.256,559509.05],[172173.125,559509.189],[172170.882,559507.072],[172170.983,559506.965]]]}},{"type":"Feature","properties":{"relatieveHoogteligging":0,"lokaalID":"G1900.4d40a18667f54a069fbf6a46a774c536","bgt_status":"bestaand","identificatieBAGPND":"1900100010088732","identificatieBAGVBOLaagsteHuisnummer":"1900010010089797","identificatieBAGVBOHoogsteHuisnummer":"1900010010089797","huisnummers":[{"tekst":"38","pos":[172338.827,559758.838],"hoek":0}]},"geometry":{"type":"Polygon","coordinates":[[[172341.486,559765.338],[172335.341,559759.037],[172339.2,559755.273],[172345.345,559761.574],[172341.486,559765.338]]]}},{"type":"Feature","properties":{"relatieveHoogteligging":0,"lokaalID":"G1900.c9dd51d16ed54ee38356314b863e75e9","bgt_status":"bestaand","identificatieBAGPND":"0091100000005510","identificatieBAGVBOLaagsteHuisnummer":"0091010000029385","identificatieBAGVBOHoogsteHuisnummer":"0091010000029385","huisnummers":[{"tekst":"3","pos":[172462,558987],"hoek":0}]},"geometry":{"type":"Polygon","coordinates":[[[172462.799,558992.27],[172462.607,558990.63],[172459.92,558990.943],[172458.875,558981.711],[172464.954,558981.018],[172466.013,558990.219],[172466.132,558990.207],[172466.381,558992.566],[172466.48,558993.5],[172466.13,558993.541],[172466.458,558996.328],[172463.317,558996.697],[172462.99,558993.91],[172462.799,558992.27]]]}},{"type":"Feature","properties":{"relatieveHoogteligging":0,"lokaalID":"G1900.f820787807e943e881f2350d4f7b5f11","bgt_status":"bestaand","identificatieBAGPND":"0091100000016554","identificatieBAGVBOLaagsteHuisnummer":"0091010000029595","identificatieBAGVBOHoogsteHuisnummer":"0091010000029595","huisnummers":[{"tekst":"19","pos":[172390,559116],"hoek":0}]},"geometry":{"type":"Polygon","coordinates":[[[172384.739,559125.132],[172383.29,559122.754],[172381.35,559119.57],[172386.396,559116.511],[172384.855,559113.97],[172390.49,559110.546],[172395.431,559107.544],[172397.212,559110.476],[172395.844,559111.307],[172395.59,559112.201],[172396.755,559114.117],[172393.764,559115.934],[172391.627,559117.232],[172393.276,559119.945],[172384.739,559125.132]]]}},{"type":"Feature","properties":{"relatieveHoogteligging":0,"lokaalID":"G1900.4607976bd6084d0e82b169b9163bb8ca","bgt_status":"bestaand","identificatieBAGPND":"1900100010090807"},"geometry":{"type":"Polygon","coordinates":[[[172087.946,559426.653],[172088.086,559426.676],[172090.203,559427.02],[172089.759,559429.751],[172089.482,559429.706],[172087.502,559429.384],[172087.946,559426.653]]]}},{"type":"Feature","properties":{"relatieveHoogteligging":0,"lokaalID":"G1900.a573bddc2ba74c739d950ad5c1b4ecda","bgt_status":"bestaand","identificatieBAGPND":"1900100010090795"},"geometry":{"type":"Polygon","coordinates":[[[172268.007,559489.754],[172265.214,559487.292],[172267.377,559484.838],[172270.17,559487.301],[172268.007,559489.754]]]}},{"type":"Feature","properties":{"relatieveHoogteligging":0,"lokaalID":"G1900.b6ac9c333364481bab39de629ab5931b","bgt_status":"bestaand","identificatieBAGPND":"1900100010090911"},"geometry":{"type":"Polygon","coordinates":[[[172352.61,559262.133],[172352.893,559262.119],[172352.981,559263.865],[172352.77,559263.875],[172352.729,559263.877],[172351.122,559263.958],[172350.139,559264.008],[172350.08,559262.835],[172350.79,559262.225],[172352.61,559262.133]]]}},{"type":"Feature","properties":{"relatieveHoogteligging":0,"lokaalID":"G1900.e961e0f1a05545929ddc078bf88b63c9","bgt_status":"bestaand","identificatieBAGPND":"1900100010090863"},"geometry":{"type":"Polygon","coordinates":[[[172148.471,559241.385],[172147.885,559239.423],[172147.828,559239.231],[172149.971,559238.592],[172150.614,559240.745],[172148.471,559241.385]]]}},{"type":"Feature","properties":{"relatieveHoogteligging":0,"lokaalID":"G1900.9b4d9c1f43cb476abc966d8210c53fef","bgt_status":"bestaand","identificatieBAGPND":"0091100000016446","identificatieBAGVBOLaagsteHuisnummer":"0091010000029199","identificatieBAGVBOHoogsteHuisnummer":"0091010000029199","huisnummers":[{"tekst":"19","pos":[172554,558973],"hoek":0}]},"geometry":{"type":"Polygon","coordinates":[[[172551.992,558970.616],[172552.009,558970.754],[172559.559,558969.749],[172559.576,558969.887],[172560.257,558975.369],[172556.411,558975.847],[172556.394,558975.709],[172548.843,558976.684],[172548.825,558976.546],[172548.429,558973.504],[172546.013,558973.818],[172545.701,558971.422],[172551.992,558970.616]]]}},{"type":"Feature","properties":{"relatieveHoogteligging":0,"lokaalID":"G1900.0198b11ab65f4543986369eaa5122fdc","bgt_status":"bestaand","identificatieBAGPND":"0091100000009837","identificatieBAGVBOLaagsteHuisnummer":"0091010000029179","identificatieBAGVBOHoogsteHuisnummer":"0091010000029179","huisnummers":[{"tekst":"21","pos":[172562,558965],"hoek":0}]},"geometry":{"type":"Polygon","coordinates":[[[172563.422,558969.409],[172559.576,558969.887],[172559.559,558969.749],[172552.009,558970.754],[172551.992,558970.616],[172551.599,558967.55],[172549.18,558967.86],[172548.86,558965.48],[172557.003,558964.422],[172562.711,558963.68],[172563.422,558969.409]]]}},{"type":"Feature","properties":{"relatieveHoogteligging":0,"lokaalID":"G1900.672c1f0815d042ba8bb7f420ae8d5e5f","bgt_status":"bestaand","identificatieBAGPND":"0091100000010045","identificatieBAGVBOLaagsteHuisnummer":"0091010000029161","identificatieBAGVBOHoogsteHuisnummer":"0091010000029161","huisnummers":[{"tekst":"22","pos":[172554,558933],"hoek":0}]},"geometry":{"type":"Polygon","coordinates":[[[172561.507,558930.322],[172562.862,558941.23],[172553.295,558942.451],[172551.94,558931.53],[172561.507,558930.322]]]}},{"type":"Feature","properties":{"relatieveHoogteligging":0,"lokaalID":"G1900.ce4f22de987f46bd848215da47812117","bgt_status":"bestaand","identificatieBAGPND":"0091100000010137","identificatieBAGVBOLaagsteHuisnummer":"0091010000029140","identificatieBAGVBOHoogsteHuisnummer":"0091010000029140","huisnummers":[{"tekst":"24","pos":[172566,558934],"hoek":0}]},"geometry":{"type":"Polygon","coordinates":[[[172570.316,558929.21],[172571.67,558940.106],[172562.862,558941.23],[172561.507,558930.322],[172570.316,558929.21]]]}},{"type":"Feature","properties":{"relatieveHoogteligging":0,"lokaalID":"G1900.a11928a560ee47fbaeb95eb5613cdbc4","bgt_status":"bestaand","identificatieBAGPND":"0091100000009962"},"geometry":{"type":"Polygon","coordinates":[[[172569.734,558964.843],[172570.104,558968.312],[172567.411,558968.6],[172567.04,558965.131],[172569.734,558964.843]]]}},{"type":"Feature","properties":{"relatieveHoogteligging":0,"lokaalID":"G1900.12a7d6fece6144339ff6307caf871c7b","bgt_status":"bestaand","identificatieBAGPND":"0091100000009099","identificatieBAGVBOLaagsteHuisnummer":"0091010000029119","identificatieBAGVBOHoogsteHuisnummer":"0091010000029119","huisnummers":[{"tekst":"26","pos":[172574,558933],"hoek":0}]},"geometry":{"type":"Polygon","coordinates":[[[172579.107,558928.101],[172580.458,558938.984],[172571.67,558940.106],[172570.316,558929.21],[172579.107,558928.101]]]}},{"type":"Feature","properties":{"relatieveHoogteligging":0,"lokaalID":"G1900.667b2f817ce44de8b90c6b2e38508006","bgt_status":"bestaand","identificatieBAGPND":"0091100000011453","identificatieBAGVBOLaagsteHuisnummer":"0091010000031476","identificatieBAGVBOHoogsteHuisnummer":"0091010000031476","huisnummers":[{"tekst":"10","pos":[172587,558973],"hoek":0}]},"geometry":{"type":"Polygon","coordinates":[[[172591.891,558969.375],[172592.182,558971.823],[172596.115,558971.355],[172596.167,558971.783],[172598.212,558971.5],[172598.522,558974.174],[172596.483,558974.409],[172583.155,558975.969],[172582.493,558970.489],[172591.891,558969.375]]]}},{"type":"Feature","properties":{"relatieveHoogteligging":0,"lokaalID":"G1900.b3cec13644614a25a2c25db48fd485d5","bgt_status":"bestaand","identificatieBAGPND":"0091100000011356","identificatieBAGVBOLaagsteHuisnummer":"0091010000031477","identificatieBAGVBOHoogsteHuisnummer":"0091010000031477","huisnummers":[{"tekst":"12","pos":[172586,558966],"hoek":0}]},"geometry":{"type":"Polygon","coordinates":[[[172593.933,558963.42],[172593.813,558962.212],[172596.994,558961.822],[172597.121,558963.066],[172597.32,558965.007],[172595.376,558965.238],[172595.523,558966.46],[172591.6,558966.926],[172591.891,558969.375],[172582.493,558970.489],[172581.82,558964.91],[172593.933,558963.42]]]}},{"type":"Feature","properties":{"relatieveHoogteligging":0,"lokaalID":"G1900.dfa6db0262dd4c35ba030e7b97b64787","bgt_status":"bestaand","identificatieBAGPND":"0091100000009095","identificatieBAGVBOLaagsteHuisnummer":"0091010000029120","identificatieBAGVBOHoogsteHuisnummer":"0091010000029120","huisnummers":[{"tekst":"28","pos":[172585,558929],"hoek":0}]},"geometry":{"type":"Polygon","coordinates":[[[172579.107,558928.101],[172588.7,558926.89],[172590.05,558937.76],[172580.458,558938.984],[172579.107,558928.101]]]}},{"type":"Feature","properties":{"relatieveHoogteligging":0,"lokaalID":"G1900.12bc4b11b6444815943d58a087c26b38","bgt_status":"bestaand","identificatieBAGPND":"0091100000014541","identificatieBAGVBOLaagsteHuisnummer":"0091010000029111","identificatieBAGVBOHoogsteHuisnummer":"0091010000029111","huisnummers":[{"tekst":"7d","pos":[172581.128,558998.252],"hoek":0}]},"geometry":{"type":"Polygon","coordinates":[[[172582.914,559001.262],[172580.115,559001.603],[172579.343,558995.24],[172582.142,558994.901],[172582.914,559001.262]]]}},{"type":"Feature","properties":{"relatieveHoogteligging":0,"lokaalID":"G1900.4c0068ff333149a8af9d6620c9595fad","bgt_status":"bestaand","identificatieBAGPND":"0091100000014779","identificatieBAGVBOLaagsteHuisnummer":"0091010000029101","identificatieBAGVBOHoogsteHuisnummer":"0091010000029101","huisnummers":[{"tekst":"7c","pos":[172583.928,558997.911],"hoek":0}]},"geometry":{"type":"Polygon","coordinates":[[[172585.714,559000.92],[172582.914,559001.262],[172582.142,558994.901],[172584.942,558994.561],[172585.714,559000.92]]]}},{"type":"Feature","properties":{"relatieveHoogteligging":0,"lokaalID":"G1900.d479e1765b154cdf967211813b772fe8","bgt_status":"bestaand","identificatieBAGPND":"0091100000009111","identificatieBAGVBOLaagsteHuisnummer":"0091010000029116","identificatieBAGVBOHoogsteHuisnummer":"0091010000029116","huisnummers":[{"tekst":"7e","pos":[172578.227,558998.605],"hoek":0}]},"geometry":{"type":"Polygon","coordinates":[[[172577.11,559001.97],[172577.101,559001.896],[172576.886,559000.12],[172576.338,558995.605],[172576.617,558995.571],[172579.343,558995.24],[172580.115,559001.603],[172577.11,559001.97]]]}},{"type":"Feature","properties":{"relatieveHoogteligging":0,"lokaalID":"G1900.e6b101d631d34930bcc72faacd27e006","bgt_status":"bestaand","identificatieBAGPND":"0091100000012473","identificatieBAGVBOLaagsteHuisnummer":"0091010000029073","identificatieBAGVBOHoogsteHuisnummer":"0091010000029073","huisnummers":[{"tekst":"126","pos":[172587,559029],"hoek":0}]},"geometry":{"type":"Polygon","coordinates":[[[172592.95,559022.632],[172594.225,559032.092],[172588.95,559032.817],[172589.14,559034.2],[172585.9,559034.59],[172585.006,559027.881],[172588.104,559027.468],[172587.555,559023.351],[172592.95,559022.632]]]}},{"type":"Feature","properties":{"relatieveHoogteligging":0,"lokaalID":"G1900.ffb263ca3e784ee59b27a3ea80887aae","bgt_status":"bestaand","identificatieBAGPND":"0091100000008761","identificatieBAGVBOLaagsteHuisnummer":"0091010000029092","identificatieBAGVBOHoogsteHuisnummer":"0091010000029092","huisnummers":[{"tekst":"7a","pos":[172589.636,558997.216],"hoek":0}]},"geometry":{"type":"Polygon","coordinates":[[[172591.53,559000.21],[172588.513,559000.578],[172587.742,558994.221],[172590.759,558993.855],[172591.221,558997.666],[172591.53,559000.21]]]}},{"type":"Feature","properties":{"relatieveHoogteligging":0,"lokaalID":"G1900.6cb67c9d589f4b57b36063675cc00f7e","bgt_status":"bestaand","identificatieBAGPND":"0091100000010235","identificatieBAGVBOLaagsteHuisnummer":"0091010000029093","identificatieBAGVBOHoogsteHuisnummer":"0091010000029093","huisnummers":[{"tekst":"7b","pos":[172586.727,558997.57],"hoek":0}]},"geometry":{"type":"Polygon","coordinates":[[[172588.513,559000.578],[172585.714,559000.92],[172584.942,558994.561],[172587.742,558994.221],[172588.513,559000.578]]]}},{"type":"Feature","properties":{"relatieveHoogteligging":0,"lokaalID":"G1900.ecd8c176894f42c582b603161ed32935","bgt_status":"bestaand","identificatieBAGPND":"0091100000011352","identificatieBAGVBOLaagsteHuisnummer":"0091010000031478","identificatieBAGVBOHoogsteHuisnummer":"0091010000031478","huisnummers":[{"tekst":"6","pos":[172592,558983],"hoek":0}]},"geometry":{"type":"Polygon","coordinates":[[[172593.216,558980.153],[172600.145,558979.302],[172600.51,558982.472],[172596.61,558982.921],[172596.89,558985.35],[172587.46,558986.54],[172587.475,558986.654],[172583.808,558987.146],[172583.152,558981.514],[172583.814,558981.431],[172583.832,558981.582],[172586.819,558981.222],[172586.803,558981.084],[172593.233,558980.291],[172593.216,558980.153]]]}},{"type":"Feature","properties":{"relatieveHoogteligging":0,"lokaalID":"G1900.52edd66298d8461cad77378b8208d895","bgt_status":"bestaand","identificatieBAGPND":"0091100000014556","identificatieBAGVBOLaagsteHuisnummer":"0091010000029108","identificatieBAGVBOHoogsteHuisnummer":"0091010000029108","huisnummers":[{"tekst":"8","pos":[172589,558978],"hoek":0}]},"geometry":{"type":"Polygon","coordinates":[[[172596.483,558974.409],[172596.842,558977.391],[172592.933,558977.877],[172593.216,558980.153],[172593.233,558980.291],[172586.803,558981.084],[172586.819,558981.222],[172583.832,558981.582],[172583.814,558981.431],[172583.155,558975.969],[172596.483,558974.409]]]}},{"type":"Feature","properties":{"relatieveHoogteligging":0,"lokaalID":"G1900.3d42b5070d5a40e6be331114133e9d9a","bgt_status":"bestaand","identificatieBAGPND":"0091100000016500","identificatieBAGVBOLaagsteHuisnummer":"0091010000029067","identificatieBAGVBOHoogsteHuisnummer":"0091010000029067","huisnummers":[{"tekst":"4","pos":[172592,558989],"hoek":0}]},"geometry":{"type":"Polygon","coordinates":[[[172596.89,558985.35],[172597.17,558987.779],[172601.07,558987.33],[172601.46,558990.49],[172590.512,558991.812],[172588.132,558992.099],[172587.475,558986.654],[172587.46,558986.54],[172596.89,558985.35]]]}},{"type":"Feature","properties":{"relatieveHoogteligging":0,"lokaalID":"G1900.9b8e7b90b45b4ad1a3dee207750ffc6f","bgt_status":"bestaand","identificatieBAGPND":"0091100000002510","identificatieBAGVBOLaagsteHuisnummer":"0091010000033410","identificatieBAGVBOHoogsteHuisnummer":"0091010000033410","huisnummers":[{"tekst":"2","pos":[172593.862,558995.313],"hoek":0}]},"geometry":{"type":"Polygon","coordinates":[[[172594.79,558993.79],[172595.12,558996.26],[172592.63,558996.57],[172592.324,558994.094],[172594.79,558993.79]]]}},{"type":"Feature","properties":{"relatieveHoogteligging":0,"lokaalID":"G1900.ef7b25c343ab4675a07c600386cd6b94","bgt_status":"bestaand","identificatieBAGPND":"0091100000009966"},"geometry":{"type":"Polygon","coordinates":[[[172602.797,559008.706],[172603.319,559011.793],[172599.631,559012.421],[172599.109,559009.33],[172602.797,559008.706]]]}},{"type":"Feature","properties":{"relatieveHoogteligging":0,"lokaalID":"G1900.f1c99e8b492048cc9167356e119f28de","bgt_status":"bestaand","identificatieBAGPND":"0091100000012477","identificatieBAGVBOLaagsteHuisnummer":"0091010000029072","identificatieBAGVBOHoogsteHuisnummer":"0091010000029072","huisnummers":[{"tekst":"128","pos":[172597,559028],"hoek":0}]},"geometry":{"type":"Polygon","coordinates":[[[172592.95,559022.632],[172598.342,559021.914],[172598.887,559026.001],[172601.801,559025.613],[172601.255,559021.169],[172605.18,559020.652],[172605.633,559024.032],[172605.775,559025.093],[172606.672,559031.787],[172602.86,559032.31],[172599.69,559032.75],[172599.5,559031.367],[172594.225,559032.092],[172592.95,559022.632]]]}},{"type":"Feature","properties":{"relatieveHoogteligging":0,"lokaalID":"G1900.1435f8b922f847c5a142e7a0789e1e18","bgt_status":"bestaand","identificatieBAGPND":"0091100000010005","identificatieBAGVBOLaagsteHuisnummer":"0091010000029144","identificatieBAGVBOHoogsteHuisnummer":"0091010000029144","huisnummers":[{"tekst":"124","pos":[172571,559033],"hoek":0}]},"geometry":{"type":"Polygon","coordinates":[[[172567.249,559025.505],[172576.345,559024.353],[172577.126,559031.055],[172576.58,559031.129],[172577.34,559037.3],[172574.16,559037.71],[172573.992,559036.32],[172568.691,559036.96],[172567.249,559025.505]]]}},{"type":"Feature","properties":{"relatieveHoogteligging":0,"lokaalID":"G1900.f03ee8554fb04e2da7dbced3c6bb40cf","bgt_status":"bestaand","identificatieBAGPND":"0091100000019340"},"geometry":{"type":"Polygon","coordinates":[[[172574.273,558977.025],[172574.862,558980.856],[172571.923,558981.312],[172571.334,558977.476],[172574.273,558977.025]]]}},{"type":"Feature","properties":{"relatieveHoogteligging":0,"lokaalID":"G1900.47e004d38a1f4d48a129571a14c45445","bgt_status":"bestaand","identificatieBAGPND":"0091100000010145"},"geometry":{"type":"Polygon","coordinates":[[[172568.401,558985.445],[172567.77,558981.411],[172571.096,558980.891],[172571.742,558985.051],[172570.828,558985.188],[172570.822,558985.145],[172568.401,558985.445]]]}},{"type":"Feature","properties":{"relatieveHoogteligging":0,"lokaalID":"G1900.bc67be0b667b4c159ad2ad29cbfa789f","bgt_status":"bestaand","identificatieBAGPND":"0091100000009989"},"geometry":{"type":"Polygon","coordinates":[[[172568.401,558985.445],[172570.822,558985.145],[172570.828,558985.188],[172571.324,558988.491],[172568.276,558988.875],[172567.762,558985.639],[172568.416,558985.537],[172568.401,558985.445]]]}},{"type":"Feature","properties":{"relatieveHoogteligging":0,"lokaalID":"G1900.7dcf7c6009934873bdad7b2edc8bd934","bgt_status":"bestaand","identificatieBAGPND":"0091100000010001","identificatieBAGVBOLaagsteHuisnummer":"0091010000029145","identificatieBAGVBOHoogsteHuisnummer":"0091010000029145","huisnummers":[{"tekst":"122","pos":[172561,559034],"hoek":0}]},"geometry":{"type":"Polygon","coordinates":[[[172567.249,559025.505],[172568.691,559036.96],[172563.392,559037.599],[172563.56,559038.989],[172560.38,559039.409],[172559.535,559032.697],[172562.619,559032.309],[172562.163,559028.686],[172561.504,559028.767],[172561.201,559026.27],[172567.249,559025.505]]]}},{"type":"Feature","properties":{"relatieveHoogteligging":0,"lokaalID":"G1900.5be3696d36164f5e80946b350a06af95","bgt_status":"bestaand","identificatieBAGPND":"0091100000019330"},"geometry":{"type":"Polygon","coordinates":[[[172557.234,559028.954],[172557.771,559033.097],[172555.098,559033.446],[172554.558,559029.302],[172557.234,559028.954]]]}},{"type":"Feature","properties":{"relatieveHoogteligging":0,"lokaalID":"G1900.fe7816e9a3304339ba1cd16a8c736da1","bgt_status":"bestaand","identificatieBAGPND":"0091100000010264"},"geometry":{"type":"Polygon","coordinates":[[[172559.14,558998.328],[172559.523,559002.607],[172555.872,559002.922],[172555.494,558998.637],[172559.14,558998.328]]]}},{"type":"Feature","properties":{"relatieveHoogteligging":0,"lokaalID":"G1900.6a2aa27b4cd24db39f0c41ea3b453180","bgt_status":"bestaand","identificatieBAGPND":"0091100000012080","identificatieBAGVBOLaagsteHuisnummer":"0091010000029205","identificatieBAGVBOHoogsteHuisnummer":"0091010000029205","huisnummers":[{"tekst":"17","pos":[172551,558980],"hoek":0}]},"geometry":{"type":"Polygon","coordinates":[[[172548.825,558976.546],[172548.843,558976.684],[172556.394,558975.709],[172556.411,558975.847],[172557.086,558981.28],[172553.24,558981.758],[172553.223,558981.62],[172545.693,558982.612],[172545.675,558982.474],[172545.273,558979.431],[172542.857,558979.75],[172542.541,558977.364],[172548.825,558976.546]]]}},{"type":"Feature","properties":{"relatieveHoogteligging":0,"lokaalID":"G1900.e3406e048e0a4766b9bea97fc5d2e16a","bgt_status":"bestaand","identificatieBAGPND":"0091100000011967","identificatieBAGVBOLaagsteHuisnummer":"0091010000029211","identificatieBAGVBOHoogsteHuisnummer":"0091010000029211","huisnummers":[{"tekst":"15","pos":[172548,558985],"hoek":0}]},"geometry":{"type":"Polygon","coordinates":[[[172545.675,558982.474],[172545.693,558982.612],[172553.223,558981.62],[172553.24,558981.758],[172553.921,558987.24],[172550.075,558987.718],[172550.058,558987.58],[172542.501,558988.562],[172542.484,558988.424],[172542.095,558985.379],[172539.685,558985.687],[172539.381,558983.306],[172545.675,558982.474]]]}},{"type":"Feature","properties":{"relatieveHoogteligging":0,"lokaalID":"G1900.f074be1f6db04cdf9a9a67d71fd13db6","bgt_status":"bestaand","identificatieBAGPND":"0091100000010284"},"geometry":{"type":"Polygon","coordinates":[[[172553.762,559026.859],[172554.332,559030.966],[172549.168,559031.683],[172548.598,559027.575],[172553.762,559026.859]]]}},{"type":"Feature","properties":{"relatieveHoogteligging":0,"lokaalID":"G1900.8b8cac0da2064cc5a979a5d7df3e2b9a","bgt_status":"bestaand","identificatieBAGPND":"0091100000002270","identificatieBAGVBOLaagsteHuisnummer":"0091010000033413","identificatieBAGVBOHoogsteHuisnummer":"0091010000033413","huisnummers":[{"tekst":"1","pos":[172544,559039],"hoek":0}]},"geometry":{"type":"Polygon","coordinates":[[[172540.67,559036.655],[172540.31,559034.017],[172546.459,559033.176],[172547.221,559038.75],[172544.543,559039.116],[172545.031,559042.686],[172535.57,559043.98],[172534.71,559037.47],[172540.67,559036.655]]]}},{"type":"Feature","properties":{"relatieveHoogteligging":0,"lokaalID":"G1900.5d4857290e034cc88264cd617bfbd1a2","bgt_status":"bestaand","identificatieBAGPND":"0091100000019246","identificatieBAGVBOLaagsteHuisnummer":"0091010000029219","identificatieBAGVBOHoogsteHuisnummer":"0091010000029219","huisnummers":[{"tekst":"3","pos":[172542,559025],"hoek":0}]},"geometry":{"type":"Polygon","coordinates":[[[172540.08,559032.046],[172539.73,559029.408],[172533.76,559030.2],[172532.905,559023.832],[172542.376,559022.58],[172545.055,559022.226],[172545.508,559025.655],[172546.248,559031.228],[172540.08,559032.046]]]}},{"type":"Feature","properties":{"relatieveHoogteligging":0,"lokaalID":"G1900.2b82b9888ae34eb6bb206f4d26c6be2d","bgt_status":"bestaand","identificatieBAGPND":"0091100000012764","identificatieBAGVBOLaagsteHuisnummer":"0091010000029218","identificatieBAGVBOHoogsteHuisnummer":"0091010000029218","huisnummers":[{"tekst":"5","pos":[172541,559019],"hoek":0}]},"geometry":{"type":"Polygon","coordinates":[[[172532.905,559023.832],[172532.05,559017.46],[172538.02,559016.668],[172537.67,559014.03],[172543.858,559013.21],[172544.597,559018.783],[172541.919,559019.138],[172542.376,559022.58],[172532.905,559023.832]]]}},{"type":"Feature","properties":{"relatieveHoogteligging":0,"lokaalID":"G1900.daab28fc62fb411db538fe2eecd618d3","bgt_status":"bestaand","identificatieBAGPND":"0091100000009599","identificatieBAGVBOLaagsteHuisnummer":"0091010000029229","identificatieBAGVBOHoogsteHuisnummer":"0091010000029229","huisnummers":[{"tekst":"11","pos":[172546,558996],"hoek":0}]},"geometry":{"type":"Polygon","coordinates":[[[172539.338,558994.34],[172539.355,558994.478],[172546.887,558993.491],[172546.904,558993.629],[172547.579,558999.061],[172543.773,558999.534],[172543.757,558999.405],[172536.204,559000.392],[172536.188,559000.264],[172535.799,558997.219],[172533.389,558997.527],[172533.084,558995.139],[172539.338,558994.34]]]}},{"type":"Feature","properties":{"relatieveHoogteligging":0,"lokaalID":"G1900.2b9f8441da4b45fd87a255a9da62ab87","bgt_status":"bestaand","identificatieBAGPND":"0091100000016507","identificatieBAGVBOLaagsteHuisnummer":"0091010000029215","identificatieBAGVBOHoogsteHuisnummer":"0091010000029215","huisnummers":[{"tekst":"13","pos":[172546,558991],"hoek":0}]},"geometry":{"type":"Polygon","coordinates":[[[172542.484,558988.424],[172542.501,558988.562],[172550.058,558987.58],[172550.075,558987.718],[172550.75,558993.15],[172546.904,558993.629],[172546.887,558993.491],[172539.355,558994.478],[172539.338,558994.34],[172538.949,558991.295],[172536.539,558991.603],[172536.235,558989.222],[172542.484,558988.424]]]}},{"type":"Feature","properties":{"relatieveHoogteligging":0,"lokaalID":"G1900.5a2455f8281c45d49a0ed63bd3412881","bgt_status":"bestaand","identificatieBAGPND":"0091100000016519","identificatieBAGVBOLaagsteHuisnummer":"0091010000029213","identificatieBAGVBOHoogsteHuisnummer":"0091010000029213","huisnummers":[{"tekst":"9","pos":[172543,559002],"hoek":0}]},"geometry":{"type":"Polygon","coordinates":[[[172536.188,559000.264],[172536.204,559000.392],[172543.757,558999.405],[172543.773,558999.534],[172544.447,559004.957],[172533.057,559006.373],[172532.659,559003.171],[172530.25,559003.47],[172529.94,559001.062],[172536.188,559000.264]]]}},{"type":"Feature","properties":{"relatieveHoogteligging":0,"lokaalID":"G1900.3f2f99b4d1e247ee93f954433749d870","bgt_status":"bestaand","identificatieBAGPND":"0091100000010716","identificatieBAGVBOLaagsteHuisnummer":"0091010000029321","identificatieBAGVBOHoogsteHuisnummer":"0091010000029321","huisnummers":[{"tekst":"116","pos":[172489,559037],"hoek":0}]},"geometry":{"type":"Polygon","coordinates":[[[172497.559,559039.536],[172494.683,559039.903],[172495.12,559043.33],[172489.488,559044.065],[172487.742,559030.525],[172490.902,559030.107],[172493.457,559031.588],[172493.58,559032.589],[172496.637,559032.176],[172497.559,559039.536]]]}},{"type":"Feature","properties":{"relatieveHoogteligging":0,"lokaalID":"G1900.feb11a6a375b40e9ae875c55976f6d0a","bgt_status":"bestaand","identificatieBAGPND":"0091100000010605","identificatieBAGVBOLaagsteHuisnummer":"0091010000029349","identificatieBAGVBOHoogsteHuisnummer":"0091010000029349","huisnummers":[{"tekst":"114","pos":[172484,559039],"hoek":0}]},"geometry":{"type":"Polygon","coordinates":[[[172489.488,559044.065],[172483.85,559044.8],[172483.149,559039.464],[172480.334,559039.834],[172479.381,559032.512],[172479.161,559032.54],[172479.033,559031.678],[172487.742,559030.525],[172489.488,559044.065]]]}},{"type":"Feature","properties":{"relatieveHoogteligging":0,"lokaalID":"G1900.589334b4a68947f1bf310aa1b9d5843d","bgt_status":"bestaand","identificatieBAGPND":"0091100000010979","identificatieBAGVBOLaagsteHuisnummer":"0091010000029357","identificatieBAGVBOHoogsteHuisnummer":"0091010000029357","huisnummers":[{"tekst":"2b","pos":[172483.473,559018.104],"hoek":0}]},"geometry":{"type":"Polygon","coordinates":[[[172484.606,559014.954],[172485.281,559020.92],[172482.34,559021.253],[172481.665,559015.29],[172484.606,559014.954]]]}},{"type":"Feature","properties":{"relatieveHoogteligging":0,"lokaalID":"G1900.4e8c713f40d34403899c826d4affd2b8","bgt_status":"bestaand","identificatieBAGPND":"0091100000010963","identificatieBAGVBOLaagsteHuisnummer":"0091010000029359","identificatieBAGVBOHoogsteHuisnummer":"0091010000029359","huisnummers":[{"tekst":"2c","pos":[172480.523,559018.44],"hoek":0}]},"geometry":{"type":"Polygon","coordinates":[[[172481.665,559015.29],[172482.34,559021.253],[172479.379,559021.588],[172478.705,559015.628],[172481.665,559015.29]]]}},{"type":"Feature","properties":{"relatieveHoogteligging":0,"lokaalID":"G1900.18bd99283a8c44bea6a7d7b71d67a3c3","bgt_status":"bestaand","identificatieBAGPND":"0091100000010472","identificatieBAGVBOLaagsteHuisnummer":"0091010000029354","identificatieBAGVBOHoogsteHuisnummer":"0091010000029354","huisnummers":[{"tekst":"2a","pos":[172486.46,559017.764],"hoek":0}]},"geometry":{"type":"Polygon","coordinates":[[[172487.639,559014.607],[172487.681,559014.979],[172488.314,559020.577],[172485.281,559020.92],[172484.606,559014.954],[172487.639,559014.607]]]}},{"type":"Feature","properties":{"relatieveHoogteligging":0,"lokaalID":"G1900.4c1c844d974d4f2ca437580264d1e145","bgt_status":"bestaand","identificatieBAGPND":"0091100000019335"},"geometry":{"type":"Polygon","coordinates":[[[172492.519,558993.432],[172492.912,558997.005],[172489.753,558997.351],[172489.361,558993.777],[172492.519,558993.432]]]}},{"type":"Feature","properties":{"relatieveHoogteligging":0,"lokaalID":"G1900.915b988a7f094db4a7a509787321b780","bgt_status":"bestaand","identificatieBAGPND":"0091100000002515","identificatieBAGVBOLaagsteHuisnummer":"0091010000029330","identificatieBAGVBOHoogsteHuisnummer":"0091010000029330","huisnummers":[{"tekst":"10","pos":[172491,558979],"hoek":0}]},"geometry":{"type":"Polygon","coordinates":[[[172486.695,558976.61],[172495.924,558975.493],[172496.226,558978.1],[172505.959,558976.97],[172506.37,558980.36],[172499.89,558981.1],[172499.903,558981.219],[172493.839,558981.946],[172493.853,558982.075],[172487.404,558982.813],[172486.695,558976.61]]]}},{"type":"Feature","properties":{"relatieveHoogteligging":0,"lokaalID":"G1900.fc4d0dc7de024f4fac9d0b01472e4334","bgt_status":"bestaand","identificatieBAGPND":"0091100000002268","identificatieBAGVBOLaagsteHuisnummer":"0091010000033414","identificatieBAGVBOHoogsteHuisnummer":"0091010000033414","huisnummers":[{"tekst":"6","pos":[172499,558991],"hoek":0}]},"geometry":{"type":"Polygon","coordinates":[[[172494.526,558987.968],[172503.778,558986.889],[172504.066,558989.591],[172507.37,558989.26],[172507.739,558992.76],[172495.237,558994.19],[172494.526,558987.968]]]}},{"type":"Feature","properties":{"relatieveHoogteligging":0,"lokaalID":"G1900.23d174d26ccf401493615d38d1b76b41","bgt_status":"bestaand","identificatieBAGPND":"0091100000002519","identificatieBAGVBOLaagsteHuisnummer":"0091010000029328","identificatieBAGVBOHoogsteHuisnummer":"0091010000029328","huisnummers":[{"tekst":"8","pos":[172498,558985],"hoek":0}]},"geometry":{"type":"Polygon","coordinates":[[[172493.853,558982.075],[172493.839,558981.946],[172499.903,558981.219],[172499.89,558981.1],[172506.37,558980.36],[172506.79,558983.82],[172503.491,558984.193],[172503.778,558986.889],[172494.526,558987.968],[172493.853,558982.075]]]}},{"type":"Feature","properties":{"relatieveHoogteligging":0,"lokaalID":"G1900.c87700668e324905bdfb9381c82ca2e7","bgt_status":"bestaand","identificatieBAGPND":"0091100000010585","identificatieBAGVBOLaagsteHuisnummer":"0091010000029312","identificatieBAGVBOHoogsteHuisnummer":"0091010000029312","huisnummers":[{"tekst":"118","pos":[172501,559037],"hoek":0}]},"geometry":{"type":"Polygon","coordinates":[[[172506.752,559043.715],[172501.1,559044.45],[172500.427,559039.171],[172497.559,559039.536],[172496.637,559032.176],[172499.725,559031.758],[172500.208,559035.324],[172505.568,559034.597],[172506.752,559043.715]]]}},{"type":"Feature","properties":{"relatieveHoogteligging":0,"lokaalID":"G1900.1dff310d6a7b46dfbda6d3b3bc82c320","bgt_status":"bestaand","identificatieBAGPND":"0091100000010880","identificatieBAGVBOLaagsteHuisnummer":"0091010000029303","identificatieBAGVBOHoogsteHuisnummer":"0091010000029303","huisnummers":[{"tekst":"4","pos":[172506,559010],"hoek":0}]},"geometry":{"type":"Polygon","coordinates":[[[172507.72,559006.74],[172508.117,559009.651],[172510.535,559009.321],[172510.749,559010.891],[172512.22,559010.69],[172512.78,559014.983],[172499.759,559016.743],[172499.439,559014.365],[172502.692,559013.927],[172502.238,559010.555],[172500.75,559010.755],[172500.34,559007.71],[172507.72,559006.74]]]}},{"type":"Feature","properties":{"relatieveHoogteligging":0,"lokaalID":"G1900.ab99f4739ae64aa989629f0dd6c2dca0","bgt_status":"bestaand","identificatieBAGPND":"0091100000010736","identificatieBAGVBOLaagsteHuisnummer":"0091010000029317","identificatieBAGVBOHoogsteHuisnummer":"0091010000029317","huisnummers":[{"tekst":"2","pos":[172508,559020],"hoek":0}]},"geometry":{"type":"Polygon","coordinates":[[[172512.78,559014.983],[172513.34,559019.28],[172511.852,559019.48],[172512.066,559021.067],[172509.636,559021.395],[172510.03,559024.321],[172502.709,559025.306],[172502.301,559022.271],[172503.789,559022.071],[172503.334,559018.698],[172500.081,559019.136],[172499.759,559016.743],[172512.78,559014.983]]]}},{"type":"Feature","properties":{"relatieveHoogteligging":0,"lokaalID":"G1900.d3f77b4bdcfc4f799560e8d79dbf00cc","bgt_status":"bestaand","identificatieBAGPND":"0091100000010835","identificatieBAGVBOLaagsteHuisnummer":"0091010000029309","identificatieBAGVBOHoogsteHuisnummer":"0091010000029309","huisnummers":[{"tekst":"120","pos":[172508,559036],"hoek":0}]},"geometry":{"type":"Polygon","coordinates":[[[172514.78,559038.54],[172511.88,559038.92],[172512.4,559042.98],[172506.752,559043.715],[172505.568,559034.597],[172510.926,559033.871],[172510.61,559031.544],[172513.81,559031.11],[172514.78,559038.54]]]}},{"type":"Feature","properties":{"relatieveHoogteligging":0,"lokaalID":"G1900.d49d49522c6044e3b3964fbbf3d31481","bgt_status":"bestaand","identificatieBAGPND":"0091100000010924","identificatieBAGVBOLaagsteHuisnummer":"0091010000029292","identificatieBAGVBOHoogsteHuisnummer":"0091010000029292","huisnummers":[{"tekst":"14","pos":[172506,558946],"hoek":0}]},"geometry":{"type":"Polygon","coordinates":[[[172505.552,558955.704],[172504.65,558948.777],[172500.188,558949.358],[172499.281,558942.387],[172505.161,558941.622],[172505.55,558944.611],[172513.709,558943.549],[172515.106,558954.46],[172505.552,558955.704]]]}},{"type":"Feature","properties":{"relatieveHoogteligging":0,"lokaalID":"G1900.45353ea501b64ba09c722d5dcb9af5a3","bgt_status":"bestaand","identificatieBAGPND":"0091100000010268"},"geometry":{"type":"Polygon","coordinates":[[[172503.223,558963.234],[172503.389,558966.163],[172497.613,558966.49],[172497.447,558963.562],[172503.223,558963.234]]]}},{"type":"Feature","properties":{"relatieveHoogteligging":0,"lokaalID":"G1900.7c72f26a2eb44a7f8359ba1b8db1afeb","bgt_status":"bestaand","identificatieBAGPND":"0091100000010700","identificatieBAGVBOLaagsteHuisnummer":"0091010000029325","identificatieBAGVBOHoogsteHuisnummer":"0091010000029325","huisnummers":[{"tekst":"12","pos":[172490,558971],"hoek":0}]},"geometry":{"type":"Polygon","coordinates":[[[172486.695,558976.61],[172485.99,558970.45],[172498.49,558969.01],[172498.894,558972.492],[172495.62,558972.872],[172495.924,558975.493],[172486.695,558976.61]]]}},{"type":"Feature","properties":{"relatieveHoogteligging":0,"lokaalID":"G1900.07ee21ade7c94047866ba5a65101a54f","bgt_status":"bestaand","identificatieBAGPND":"0091100000009647","identificatieBAGVBOLaagsteHuisnummer":"0091010000029273","identificatieBAGVBOHoogsteHuisnummer":"0091010000029273","huisnummers":[{"tekst":"16","pos":[172518,558947],"hoek":0}]},"geometry":{"type":"Polygon","coordinates":[[[172522.496,558942.406],[172523.893,558953.316],[172515.106,558954.46],[172513.709,558943.549],[172513.853,558943.531],[172512.448,558934.041],[172516.392,558933.458],[172517.228,558939.112],[172515.492,558939.369],[172516.066,558943.243],[172522.496,558942.406]]]}},{"type":"Feature","properties":{"relatieveHoogteligging":0,"lokaalID":"G1900.5de005b6cebb459faa9eede7678fb53e","bgt_status":"bestaand","identificatieBAGPND":"0091100000009809","identificatieBAGVBOLaagsteHuisnummer":"0091010000029249","identificatieBAGVBOHoogsteHuisnummer":"0091010000029249","huisnummers":[{"tekst":"18","pos":[172527,558946],"hoek":0}]},"geometry":{"type":"Polygon","coordinates":[[[172531.283,558941.262],[172532.68,558952.172],[172523.893,558953.316],[172522.496,558942.406],[172522.625,558942.389],[172522.172,558938.957],[172530.579,558937.848],[172531.033,558941.294],[172531.283,558941.262]]]}},{"type":"Feature","properties":{"relatieveHoogteligging":0,"lokaalID":"G1900.50eaa559012b421d84dbc1759f43da34","bgt_status":"bestaand","identificatieBAGPND":"0091100000009663","identificatieBAGVBOLaagsteHuisnummer":"0091010000029245","identificatieBAGVBOHoogsteHuisnummer":"0091010000029245","huisnummers":[{"tekst":"20","pos":[172537,558942],"hoek":0}]},"geometry":{"type":"Polygon","coordinates":[[[172532.68,558952.172],[172531.283,558941.262],[172540.877,558940.013],[172542.297,558950.92],[172532.68,558952.172]]]}},{"type":"Feature","properties":{"relatieveHoogteligging":0,"lokaalID":"G1900.9f59f54ed56d4e7abbdd1c6bd074c8f4","bgt_status":"bestaand","identificatieBAGPND":"1900100010090975"},"geometry":{"type":"Polygon","coordinates":[[[172526.232,558927.397],[172525.852,558924.685],[172529.058,558924.236],[172529.437,558926.949],[172526.232,558927.397]]]}},{"type":"Feature","properties":{"relatieveHoogteligging":0,"lokaalID":"G1900.b315b199bec14cd190a6f01ebfd18689","bgt_status":"bestaand","identificatieBAGPND":"1900100010090970"},"geometry":{"type":"Polygon","coordinates":[[[172557.234,559028.954],[172554.558,559029.302],[172554.293,559027.27],[172557.418,559026.863],[172557.683,559028.896],[172557.234,559028.954]]]}},{"type":"Feature","properties":{"relatieveHoogteligging":0,"lokaalID":"G1900.c25061119c78467ea02132c78448edca","bgt_status":"bestaand","identificatieBAGPND":"1900100010090978"},"geometry":{"type":"Polygon","coordinates":[[[172547.117,558934.523],[172546.706,558931.317],[172549.08,558931.013],[172549.491,558934.219],[172547.117,558934.523]]]}},{"type":"Feature","properties":{"relatieveHoogteligging":0,"lokaalID":"G1900.1413feda3fac472fb3429bf5c659189e","bgt_status":"bestaand","identificatieBAGPND":"1900100010090969"},"geometry":{"type":"Polygon","coordinates":[[[172571.482,558977.175],[172570.941,558972.223],[172575.005,558971.778],[172575.546,558976.73],[172571.482,558977.175]]]}},{"type":"Feature","properties":{"relatieveHoogteligging":0,"lokaalID":"G1900.6143561e284a4b1b8d8e5a89b0c2aa24","bgt_status":"bestaand","identificatieBAGPND":"1900100010088722"},"geometry":{"type":"Polygon","coordinates":[[[172406.065,559709.752],[172408.275,559712.018],[172406.401,559713.865],[172404.19,559711.599],[172406.065,559709.752]]]}},{"type":"Feature","properties":{"relatieveHoogteligging":0,"lokaalID":"G1900.91b60415a09f4f41ada7af1d5c29360c","bgt_status":"bestaand","identificatieBAGPND":"1900100010088699"},"geometry":{"type":"Polygon","coordinates":[[[172347.114,559778.943],[172345.23,559780.781],[172343.013,559778.508],[172344.897,559776.671],[172347.114,559778.943]]]}},{"type":"Feature","properties":{"relatieveHoogteligging":0,"lokaalID":"G1900.fcf20495267948cf949920c432fa5f9f","bgt_status":"bestaand","identificatieBAGPND":"1900100010088618"},"geometry":{"type":"Polygon","coordinates":[[[172396.182,559726.72],[172398.066,559724.882],[172400.283,559727.155],[172398.399,559728.992],[172396.182,559726.72]]]}},{"type":"Feature","properties":{"relatieveHoogteligging":0,"lokaalID":"G1900.85312944dec7402ab77252243712126d","bgt_status":"bestaand","identificatieBAGPND":"0091100000008606","identificatieBAGVBOLaagsteHuisnummer":"0091010000029745","identificatieBAGVBOHoogsteHuisnummer":"0091010000029745","huisnummers":[{"tekst":"95","pos":[172339,559271],"hoek":0}]},"geometry":{"type":"Polygon","coordinates":[[[172340.956,559273.84],[172329.347,559274.919],[172329.36,559275.07],[172323.2,559275.61],[172322.99,559273.238],[172327.149,559272.862],[172329.16,559272.68],[172328.96,559270.51],[172328.946,559270.361],[172330.114,559270.249],[172330.1,559270.1],[172333.4,559269.8],[172333.414,559269.959],[172340.535,559269.311],[172340.55,559269.47],[172340.956,559273.84]]]}},{"type":"Feature","properties":{"relatieveHoogteligging":0,"lokaalID":"G1900.04d673b4ddd8437b86c14337e1f497cb","bgt_status":"bestaand","identificatieBAGPND":"1900100010090821"},"geometry":{"type":"Polygon","coordinates":[[[172383.319,559529],[172385.107,559527.797],[172386.588,559529.998],[172384.801,559531.201],[172383.319,559529]]]}},{"type":"Feature","properties":{"relatieveHoogteligging":0,"lokaalID":"G1900.4abecdf31bf74e098361fac0ba7423da","bgt_status":"bestaand","identificatieBAGPND":"1900100010090873"},"geometry":{"type":"Polygon","coordinates":[[[172227.811,559261.83],[172227.892,559264.371],[172224.952,559264.465],[172224.871,559261.923],[172227.811,559261.83]]]}},{"type":"Feature","properties":{"relatieveHoogteligging":0,"lokaalID":"G1900.6b4ea47c7a2c4e50afee7d364f1e1dae","bgt_status":"bestaand","identificatieBAGPND":"1900100010090953"},"geometry":{"type":"Polygon","coordinates":[[[172571.056,559124.294],[172571.185,559126.135],[172568.473,559126.326],[172568.343,559124.484],[172571.056,559124.294]]]}},{"type":"Feature","properties":{"relatieveHoogteligging":0,"lokaalID":"G1900.b0f43ef7f1044b4ca5867b4b5806743e","bgt_status":"bestaand","identificatieBAGPND":"0091100000014651","identificatieBAGVBOLaagsteHuisnummer":"0091010000034344","identificatieBAGVBOHoogsteHuisnummer":"0091010000034344","huisnummers":[{"tekst":"169","pos":[172497.05,559357.169],"hoek":0}]},"geometry":{"type":"Polygon","coordinates":[[[172555.02,559366.192],[172555.861,559374.754],[172548.589,559375.468],[172548.146,559375.512],[172543.146,559376.003],[172543.757,559382.492],[172544.91,559394.75],[172533.315,559395.812],[172532.36,559395.9],[172532.35,559395.7],[172528.4,559396.06],[172528.362,559395.651],[172528.01,559391.88],[172522.788,559392.364],[172514.86,559393.1],[172513.184,559375.561],[172512.96,559373.22],[172503.975,559374.079],[172503.486,559368.63],[172495.01,559369.39],[172494.609,559364.901],[172494.5,559363.761],[172494.506,559363.753],[172494.36,559362.12],[172490.57,559362.46],[172489.84,559354.89],[172486.07,559355.25],[172485.33,559347.28],[172489.1,559346.92],[172488.415,559339.731],[172488.38,559339.36],[172491.09,559339.1],[172490.78,559335.73],[172488.05,559335.99],[172487.3,559328.01],[172492.64,559327.52],[172491.97,559320.289],[172491.94,559319.96],[172498.97,559319.29],[172498.47,559314.05],[172495.31,559314.36],[172494.59,559306.65],[172485.63,559307.49],[172485.39,559305.28],[172482.17,559305.63],[172480.947,559292.7],[172480.89,559292.1],[172488.98,559291.39],[172489.52,559297.09],[172514.93,559294.73],[172515.18,559297.393],[172515.88,559304.86],[172514.54,559304.98],[172515.26,559312.58],[172512.1,559312.87],[172512.59,559318.1],[172519.64,559317.45],[172520.35,559325.04],[172525.68,559324.54],[172526.42,559332.5],[172523.74,559332.75],[172524.06,559336.12],[172526.74,559335.87],[172526.792,559336.415],[172527.46,559343.45],[172531.23,559343.1],[172531.99,559351.06],[172528.21,559351.41],[172528.955,559359.286],[172529.4,559363.994],[172531.739,559363.764],[172547.28,559362.238],[172547.739,559366.907],[172555.02,559366.192]]]}},{"type":"Feature","properties":{"relatieveHoogteligging":0,"lokaalID":"G1900.04b0257fdb4344e9a1b804e22e85da31","bgt_status":"bestaand","identificatieBAGPND":"1900100010088730","identificatieBAGVBOLaagsteHuisnummer":"1900010010089794","identificatieBAGVBOHoogsteHuisnummer":"1900010010089794","huisnummers":[{"tekst":"42","pos":[172331.069,559766.339],"hoek":0}]},"geometry":{"type":"Polygon","coordinates":[[[172333.606,559773.023],[172327.218,559766.505],[172331.248,559762.555],[172331.383,559762.423],[172331.621,559762.666],[172337.63,559769.099],[172333.606,559773.023]]]}},{"type":"Feature","properties":{"relatieveHoogteligging":0,"lokaalID":"G1900.0ebb60d63daa4ba7af93c4bdb9992b42","bgt_status":"bestaand","identificatieBAGPND":"1900100010088718"},"geometry":{"type":"Polygon","coordinates":[[[172417.434,559705.958],[172419.645,559708.224],[172417.771,559710.072],[172415.56,559707.806],[172417.434,559705.958]]]}},{"type":"Feature","properties":{"relatieveHoogteligging":0,"lokaalID":"G1900.142076fe3d824cf989f54a9d3c24a426","bgt_status":"bestaand","identificatieBAGPND":"1900100010088695","identificatieBAGVBOLaagsteHuisnummer":"1900010010089775","identificatieBAGVBOHoogsteHuisnummer":"1900010010089775","huisnummers":[{"tekst":"65","pos":[172364.629,559777.672],"hoek":0}]},"geometry":{"type":"Polygon","coordinates":[[[172364.69,559781.463],[172358.559,559775.171],[172362.43,559771.399],[172368.558,559777.69],[172364.69,559781.463]]]}},{"type":"Feature","properties":{"relatieveHoogteligging":0,"lokaalID":"G1900.18a10cf42bff45a384a18fe74064c10e","bgt_status":"bestaand","identificatieBAGPND":"1900100010088740","identificatieBAGVBOLaagsteHuisnummer":"1900010010089788","identificatieBAGVBOHoogsteHuisnummer":"1900010010089788","huisnummers":[{"tekst":"20","pos":[172378.518,559720.463],"hoek":0}]},"geometry":{"type":"Polygon","coordinates":[[[172374.94,559720.448],[172378.807,559716.684],[172384.935,559722.967],[172381.071,559726.735],[172374.94,559720.448]]]}},{"type":"Feature","properties":{"relatieveHoogteligging":0,"lokaalID":"G1900.27936ab5bfb5490bb4b0bf705d0fa614","bgt_status":"bestaand","identificatieBAGPND":"1900100010088714","identificatieBAGVBOLaagsteHuisnummer":"1900010010089761","identificatieBAGVBOHoogsteHuisnummer":"1900010010089761","huisnummers":[{"tekst":"37","pos":[172425.732,559718.217],"hoek":0}]},"geometry":{"type":"Polygon","coordinates":[[[172425.597,559722.141],[172419.466,559715.839],[172423.347,559712.062],[172429.477,559718.362],[172425.597,559722.141]]]}},{"type":"Feature","properties":{"relatieveHoogteligging":0,"lokaalID":"G1900.33fd89d618d14cc89aafb51979a4f82c","bgt_status":"bestaand","identificatieBAGPND":"1900100010088686","identificatieBAGVBOLaagsteHuisnummer":"1900010010089751","identificatieBAGVBOHoogsteHuisnummer":"1900010010089751","huisnummers":[{"tekst":"14","pos":[172313.252,559783.055],"hoek":0}]},"geometry":{"type":"Polygon","coordinates":[[[172307.268,559785.293],[172313.557,559779.147],[172317.317,559782.995],[172311.029,559789.141],[172307.268,559785.293]]]}},{"type":"Feature","properties":{"relatieveHoogteligging":0,"lokaalID":"G1900.36c53f7c141d402696d248a1a919e8e0","bgt_status":"bestaand","identificatieBAGPND":"1900100010088717"},"geometry":{"type":"Polygon","coordinates":[[[172425.148,559698.42],[172427.359,559700.686],[172425.485,559702.534],[172423.274,559700.268],[172425.148,559698.42]]]}},{"type":"Feature","properties":{"relatieveHoogteligging":0,"lokaalID":"G1900.396a32bc2fd844e3ad2d61273b4f93c6","bgt_status":"bestaand","identificatieBAGPND":"1900100010088682","identificatieBAGVBOLaagsteHuisnummer":"1900010010089745","identificatieBAGVBOHoogsteHuisnummer":"1900010010089745","huisnummers":[{"tekst":"22","pos":[172297.954,559767.412],"hoek":0}]},"geometry":{"type":"Polygon","coordinates":[[[172292.016,559769.688],[172298.558,559763.316],[172302.469,559767.325],[172295.942,559773.705],[172292.016,559769.688]]]}},{"type":"Feature","properties":{"relatieveHoogteligging":0,"lokaalID":"G1900.41b324112d674ef0a0dbe5d174631319","bgt_status":"bestaand","identificatieBAGPND":"1900100010088711","identificatieBAGVBOLaagsteHuisnummer":"1900010010089758","identificatieBAGVBOHoogsteHuisnummer":"1900010010089758","huisnummers":[{"tekst":"43","pos":[172413.865,559729.763],"hoek":0}]},"geometry":{"type":"Polygon","coordinates":[[[172414.045,559733.874],[172407.639,559727.345],[172411.667,559723.426],[172418.029,559729.965],[172414.045,559733.874]]]}},{"type":"Feature","properties":{"relatieveHoogteligging":0,"lokaalID":"G1900.4307998fbc6f47809415ae9dfb3a92bb","bgt_status":"bestaand","identificatieBAGPND":"1900100010088721"},"geometry":{"type":"Polygon","coordinates":[[[172413.782,559702.216],[172415.992,559704.482],[172414.118,559706.329],[172411.907,559704.063],[172413.782,559702.216]]]}},{"type":"Feature","properties":{"relatieveHoogteligging":0,"lokaalID":"G1900.4bf2d1c8e6434ba1bc33e09d08746af9","bgt_status":"bestaand","identificatieBAGPND":"1900100010088629"},"geometry":{"type":"Polygon","coordinates":[[[172425.148,559698.42],[172427.023,559696.573],[172429.233,559698.839],[172427.359,559700.686],[172425.148,559698.42]]]}},{"type":"Feature","properties":{"relatieveHoogteligging":0,"lokaalID":"G1900.4c4afff9f53c4bae9ee22194de8db196","bgt_status":"bestaand","identificatieBAGPND":"1900100010088692","identificatieBAGVBOLaagsteHuisnummer":"1900010010089773","identificatieBAGVBOHoogsteHuisnummer":"1900010010089773","huisnummers":[{"tekst":"71","pos":[172352.926,559789.06],"hoek":0}]},"geometry":{"type":"Polygon","coordinates":[[[172346.818,559786.611],[172350.843,559782.689],[172357.209,559789.222],[172353.17,559793.147],[172346.818,559786.611]]]}},{"type":"Feature","properties":{"relatieveHoogteligging":0,"lokaalID":"G1900.4f08abf45a0c489b8011bd278255e86a","bgt_status":"bestaand","identificatieBAGPND":"1900100010088725"},"geometry":{"type":"Polygon","coordinates":[[[172376.984,559738.086],[172379.201,559740.359],[172377.317,559742.197],[172375.1,559739.924],[172376.984,559738.086]]]}},{"type":"Feature","properties":{"relatieveHoogteligging":0,"lokaalID":"G1900.54967aca9177460380f62d08ffe72388","bgt_status":"bestaand","identificatieBAGPND":"1900100010088612"},"geometry":{"type":"Polygon","coordinates":[[[172343.46,559775.198],[172341.243,559772.926],[172343.127,559771.088],[172345.344,559773.361],[172343.46,559775.198]]]}},{"type":"Feature","properties":{"relatieveHoogteligging":0,"lokaalID":"G1900.57e0b844e0324bb593f284c9863b2bab","bgt_status":"bestaand","identificatieBAGPND":"1900100010088604","identificatieBAGVBOLaagsteHuisnummer":"1900010010089793","identificatieBAGVBOHoogsteHuisnummer":"1900010010089793","huisnummers":[{"tekst":"32","pos":[172350.606,559747.449],"hoek":0}]},"geometry":{"type":"Polygon","coordinates":[[[172353.058,559754.053],[172346.683,559747.516],[172350.733,559743.587],[172357.082,559750.129],[172353.058,559754.053]]]}},{"type":"Feature","properties":{"relatieveHoogteligging":0,"lokaalID":"G1900.5869ff0d042e457cbea52075a0b465c7","bgt_status":"bestaand","identificatieBAGPND":"1900100010088681"},"geometry":{"type":"Polygon","coordinates":[[[172285.761,559779.99],[172288.029,559777.794],[172289.845,559779.651],[172287.588,559781.858],[172285.761,559779.99]]]}},{"type":"Feature","properties":{"relatieveHoogteligging":0,"lokaalID":"G1900.8af118c7ba0f46c09ea7401bc199494e","bgt_status":"bestaand","identificatieBAGPND":"1900100010088719"},"geometry":{"type":"Polygon","coordinates":[[[172409.718,559713.497],[172411.928,559715.762],[172410.054,559717.61],[172407.844,559715.344],[172409.718,559713.497]]]}},{"type":"Feature","properties":{"relatieveHoogteligging":0,"lokaalID":"G1900.8c573c7694104d82a517252dddc87783","bgt_status":"bestaand","identificatieBAGPND":"1900100010088614"},"geometry":{"type":"Polygon","coordinates":[[[172356.714,559757.862],[172358.597,559756.024],[172360.815,559758.297],[172358.931,559760.134],[172356.714,559757.862]]]}},{"type":"Feature","properties":{"relatieveHoogteligging":0,"lokaalID":"G1900.8c5f195d56624ac7bffacbfe319d2057","bgt_status":"bestaand","identificatieBAGPND":"1900100010088623"},"geometry":{"type":"Polygon","coordinates":[[[172404.002,559723.518],[172401.785,559721.246],[172403.681,559719.396],[172405.885,559721.681],[172404.002,559723.518]]]}},{"type":"Feature","properties":{"relatieveHoogteligging":0,"lokaalID":"G1900.9214f1cd9dcb4b368ffb6371052baa08","bgt_status":"bestaand","identificatieBAGPND":"1900100010088707"},"geometry":{"type":"Polygon","coordinates":[[[172372.927,559749.375],[172375.144,559751.647],[172373.26,559753.485],[172371.043,559751.213],[172372.927,559749.375]]]}},{"type":"Feature","properties":{"relatieveHoogteligging":0,"lokaalID":"G1900.9582ffb82f8e4a3788efcd02b13ee36e","bgt_status":"bestaand","identificatieBAGPND":"1900100010088739","identificatieBAGVBOLaagsteHuisnummer":"1900010010089789","identificatieBAGVBOHoogsteHuisnummer":"1900010010089789","huisnummers":[{"tekst":"22","pos":[172374.728,559724.127],"hoek":0}]},"geometry":{"type":"Polygon","coordinates":[[[172377.204,559730.506],[172371.07,559724.215],[172374.94,559720.448],[172381.071,559726.735],[172377.204,559730.506]]]}},{"type":"Feature","properties":{"relatieveHoogteligging":0,"lokaalID":"G1900.ad9098c69fdd4fa5a7697f341a3a5bf9","bgt_status":"bestaand","identificatieBAGPND":"1900100010088603","identificatieBAGVBOLaagsteHuisnummer":"1900010010089772","identificatieBAGVBOHoogsteHuisnummer":"1900010010089772","huisnummers":[{"tekst":"61","pos":[172372.43,559770.082],"hoek":0}]},"geometry":{"type":"Polygon","coordinates":[[[172372.664,559774.163],[172366.299,559767.63],[172370.324,559763.708],[172376.691,559770.243],[172372.664,559774.163]]]}},{"type":"Feature","properties":{"relatieveHoogteligging":0,"lokaalID":"G1900.ae45feaa978a444293092779074fbbce","bgt_status":"bestaand","identificatieBAGPND":"1900100010088417"},"geometry":{"type":"Polygon","coordinates":[[[172268.372,559104.794],[172268.259,559104.617],[172271.75,559102.388],[172271.887,559102.602],[172273.619,559105.316],[172270.128,559107.545],[172268.372,559104.794]]]}},{"type":"Feature","properties":{"relatieveHoogteligging":0,"lokaalID":"G1900.c024d801a60a467c9a6382844192cd9e","bgt_status":"bestaand","identificatieBAGPND":"1900100010088724"},"geometry":{"type":"Polygon","coordinates":[[[172386.939,559732.818],[172385.055,559734.655],[172382.838,559732.383],[172384.722,559730.545],[172386.939,559732.818]]]}},{"type":"Feature","properties":{"relatieveHoogteligging":0,"lokaalID":"G1900.c82317e4389548f1a816021d8e36b6b4","bgt_status":"bestaand","identificatieBAGPND":"1900100010088683","identificatieBAGVBOLaagsteHuisnummer":"1900010010089754","identificatieBAGVBOHoogsteHuisnummer":"1900010010089754","huisnummers":[{"tekst":"20","pos":[172302.043,559771.593],"hoek":0}]},"geometry":{"type":"Polygon","coordinates":[[[172295.942,559773.705],[172302.469,559767.325],[172302.633,559767.493],[172302.394,559767.726],[172306.003,559771.418],[172299.714,559777.565],[172295.942,559773.705]]]}},{"type":"Feature","properties":{"relatieveHoogteligging":0,"lokaalID":"G1900.d28a8c3b9a274118ab4d8a67f91cea92","bgt_status":"bestaand","identificatieBAGPND":"1900100010088615"},"geometry":{"type":"Polygon","coordinates":[[[172372.927,559749.375],[172374.811,559747.537],[172377.028,559749.81],[172375.144,559751.647],[172372.927,559749.375]]]}},{"type":"Feature","properties":{"relatieveHoogteligging":0,"lokaalID":"G1900.e252fc09766b4226b7c710ff8e958575","bgt_status":"bestaand","identificatieBAGPND":"1900100010088687","identificatieBAGVBOLaagsteHuisnummer":"1900010010089750","identificatieBAGVBOHoogsteHuisnummer":"1900010010089750","huisnummers":[{"tekst":"12","pos":[172317.109,559786.999],"hoek":0}]},"geometry":{"type":"Polygon","coordinates":[[[172311.029,559789.141],[172317.317,559782.995],[172321.095,559786.86],[172314.806,559793.006],[172311.029,559789.141]]]}},{"type":"Feature","properties":{"relatieveHoogteligging":0,"lokaalID":"G1900.fd269c9650654e2dac8ec80b669495be","bgt_status":"bestaand","identificatieBAGPND":"1900100010088709"},"geometry":{"type":"Polygon","coordinates":[[[172388.436,559734.256],[172390.653,559736.529],[172388.769,559738.367],[172386.552,559736.094],[172388.436,559734.256]]]}},{"type":"Feature","properties":{"relatieveHoogteligging":0,"lokaalID":"G1900.97d59f18b3884e6c87ef793db9353868","bgt_status":"bestaand","identificatieBAGPND":"0091100000009660"},"geometry":{"type":"Polygon","coordinates":[[[172227.811,559261.83],[172224.871,559261.923],[172224.784,559261.926],[172224.625,559256.932],[172228.05,559256.823],[172228.209,559261.817],[172227.811,559261.83]]]}},{"type":"Feature","properties":{"relatieveHoogteligging":0,"lokaalID":"G1900.5654b81ecd9741e08c94b1612dfbe301","bgt_status":"bestaand","identificatieBAGPND":"1900100010090862"},"geometry":{"type":"Polygon","coordinates":[[[172083.074,559244.686],[172081.991,559241.935],[172085.112,559240.707],[172086.194,559243.457],[172083.074,559244.686]]]}},{"type":"Feature","properties":{"relatieveHoogteligging":0,"lokaalID":"G1900.6f2c67418de5491cbd2704ef81f1ad51","bgt_status":"bestaand","identificatieBAGPND":"1900100010090798"},"geometry":{"type":"Polygon","coordinates":[[[172150.545,559407.083],[172153.073,559407.668],[172152.495,559410.168],[172149.967,559409.583],[172150.545,559407.083]]]}},{"type":"Feature","properties":{"relatieveHoogteligging":0,"lokaalID":"G1900.bcd2de5f27a74617a9e7c715f3a7bc29","bgt_status":"bestaand","identificatieBAGPND":"1900100010090922"},"geometry":{"type":"Polygon","coordinates":[[[172395.271,559342.668],[172395.456,559344.858],[172392.249,559345.128],[172392.065,559342.938],[172395.271,559342.668]]]}},{"type":"Feature","properties":{"relatieveHoogteligging":0,"lokaalID":"G1900.82dee9ad5aff4dc58e6fdf32e42eae42","bgt_status":"bestaand","identificatieBAGPND":"1900100010088742","identificatieBAGVBOLaagsteHuisnummer":"1900010010089779","identificatieBAGVBOHoogsteHuisnummer":"1900010010089779","huisnummers":[{"tekst":"14","pos":[172391.805,559707.617],"hoek":0}]},"geometry":{"type":"Polygon","coordinates":[[[172394.454,559713.7],[172388.085,559707.193],[172392.121,559703.243],[172398.482,559709.781],[172394.454,559713.7]]]}},{"type":"Feature","properties":{"relatieveHoogteligging":0,"lokaalID":"G1900.98754d18bc88457aa2ed05264e583562","bgt_status":"bestaand","identificatieBAGPND":"1900100010088731","identificatieBAGVBOLaagsteHuisnummer":"1900010010089798","identificatieBAGVBOHoogsteHuisnummer":"1900010010089798","huisnummers":[{"tekst":"40","pos":[172334.996,559762.542],"hoek":0}]},"geometry":{"type":"Polygon","coordinates":[[[172337.63,559769.099],[172331.621,559762.666],[172335.341,559759.037],[172341.486,559765.338],[172337.63,559769.099]]]}},{"type":"Feature","properties":{"relatieveHoogteligging":0,"lokaalID":"G1900.8fe5728670294e35bca2a666f8a0a90b","bgt_status":"bestaand","identificatieBAGPND":"1900100010090916"},"geometry":{"type":"Polygon","coordinates":[[[172355.239,559234.326],[172352.69,559234.599],[172352.389,559231.773],[172354.937,559231.501],[172355.239,559234.326]]]}},{"type":"Feature","properties":{"relatieveHoogteligging":0,"lokaalID":"G1900.84724b9cc3f14002a46634a008bad649","bgt_status":"bestaand","identificatieBAGPND":"1900100010088746","identificatieBAGVBOLaagsteHuisnummer":"1900010010089781","identificatieBAGVBOHoogsteHuisnummer":"1900010010089781","huisnummers":[{"tekst":"6","pos":[172407.697,559692.252],"hoek":0}]},"geometry":{"type":"Polygon","coordinates":[[[172410.093,559698.485],[172403.93,559692.15],[172407.779,559688.379],[172413.956,559694.727],[172410.093,559698.485]]]}},{"type":"Feature","properties":{"relatieveHoogteligging":0,"lokaalID":"G1900.15b9029fb76f4a239bdfdb67324f2779","bgt_status":"bestaand","identificatieBAGPND":"1900100010088599"},"geometry":{"type":"Polygon","coordinates":[[[172297.131,559791.62],[172299.391,559789.412],[172301.182,559791.244],[172298.922,559793.453],[172297.131,559791.62]]]}},{"type":"Feature","properties":{"relatieveHoogteligging":0,"lokaalID":"G1900.f10d6a677b5e4233844b98d3ed53fd9a","bgt_status":"bestaand","identificatieBAGPND":"1900100010088706","identificatieBAGVBOLaagsteHuisnummer":"1900010010089766","identificatieBAGVBOHoogsteHuisnummer":"1900010010089766","huisnummers":[{"tekst":"47","pos":[172404.307,559739.064],"hoek":0}]},"geometry":{"type":"Polygon","coordinates":[[[172404.312,559742.87],[172398.2,559736.594],[172402.023,559732.872],[172408.37,559739.388],[172408.256,559739.499],[172408.021,559739.257],[172404.312,559742.87]]]}},{"type":"Feature","properties":{"relatieveHoogteligging":0,"lokaalID":"G1900.37ac0fbd0aa04ee28151735049574f33","bgt_status":"bestaand","identificatieBAGPND":"0091100000012510"},"geometry":{"type":"Polygon","coordinates":[[[172236.986,559112.407],[172235.971,559115.715],[172235.826,559116.188],[172232.924,559115.298],[172233.503,559113.411],[172234.084,559111.516],[172236.986,559112.407]]]}},{"type":"Feature","properties":{"relatieveHoogteligging":0,"lokaalID":"G1900.6ff2cca3f72e47d5a40650e48e5d275d","bgt_status":"bestaand","identificatieBAGPND":"1900100010090797"},"geometry":{"type":"Polygon","coordinates":[[[172159.675,559397.93],[172160.246,559394.993],[172162.315,559395.396],[172161.743,559398.333],[172159.675,559397.93]]]}},{"type":"Feature","properties":{"relatieveHoogteligging":0,"lokaalID":"G1900.9025987d31044058b26baea63d2bb8f7","bgt_status":"bestaand","identificatieBAGPND":"1900100010090856"},"geometry":{"type":"Polygon","coordinates":[[[172102.197,559283.234],[172101.428,559281.257],[172104.415,559280.096],[172105.193,559282.096],[172102.208,559283.257],[172102.206,559283.258],[172102.197,559283.234]]]}},{"type":"Feature","properties":{"relatieveHoogteligging":0,"lokaalID":"G1900.b6231f302bf4429cb301e5e8e0dca51d","bgt_status":"bestaand","identificatieBAGPND":"1900100010090877"},"geometry":{"type":"Polygon","coordinates":[[[172238.538,559208.606],[172235.659,559211.204],[172234.289,559209.686],[172237.169,559207.089],[172237.905,559206.424],[172238.988,559205.447],[172240.358,559206.965],[172238.538,559208.606]]]}},{"type":"Feature","properties":{"relatieveHoogteligging":0,"lokaalID":"G1900.5e63c38a28144febbf60c0ea46e97f73","bgt_status":"bestaand","identificatieBAGPND":"0091100000003061"},"geometry":{"type":"Polygon","coordinates":[[[172329.45,559262.62],[172329.74,559265.9],[172326.55,559266.19],[172326.25,559262.89],[172329.45,559262.62]]]}},{"type":"Feature","properties":{"relatieveHoogteligging":0,"lokaalID":"G1900.45644437e034479bb356ae9852295cc6","bgt_status":"bestaand","identificatieBAGPND":"0091100000008618"},"geometry":{"type":"Polygon","coordinates":[[[172328.96,559270.51],[172326.94,559270.69],[172326.65,559267.41],[172329.83,559267.12],[172330.1,559270.1],[172330.114,559270.249],[172328.946,559270.361],[172328.96,559270.51]]]}},{"type":"Feature","properties":{"relatieveHoogteligging":0,"lokaalID":"G1900.3d09c2c743244dca984ab17d6864b063","bgt_status":"bestaand","identificatieBAGPND":"0091100000009067","identificatieBAGVBOLaagsteHuisnummer":"0091010000029708","identificatieBAGVBOHoogsteHuisnummer":"0091010000029708","huisnummers":[{"tekst":"93","pos":[172339,559276],"hoek":0}]},"geometry":{"type":"Polygon","coordinates":[[[172341.39,559278.51],[172323.61,559280.13],[172323.38,559277.77],[172329.55,559277.23],[172329.36,559275.07],[172329.347,559274.919],[172340.956,559273.84],[172341.39,559278.51]]]}},{"type":"Feature","properties":{"relatieveHoogteligging":0,"lokaalID":"G1900.f7ff91de8e3c4036b6f0d5c80c4641fb","bgt_status":"bestaand","identificatieBAGPND":"0091100000008650","identificatieBAGVBOLaagsteHuisnummer":"0091010000029735","identificatieBAGVBOHoogsteHuisnummer":"0091010000029735","huisnummers":[{"tekst":"99","pos":[172342,559262],"hoek":0}]},"geometry":{"type":"Polygon","coordinates":[[[172344.593,559264.379],[172333.003,559265.415],[172332.594,559260.904],[172344.19,559259.867],[172344.593,559264.379]]]}},{"type":"Feature","properties":{"relatieveHoogteligging":0,"lokaalID":"G1900.87658cb76278429b97a01ae38652b43a","bgt_status":"bestaand","identificatieBAGPND":"0091100000016133","identificatieBAGVBOLaagsteHuisnummer":"0091010000029732","identificatieBAGVBOHoogsteHuisnummer":"0091010000029732","huisnummers":[{"tekst":"97","pos":[172343,559266],"hoek":0}]},"geometry":{"type":"Polygon","coordinates":[[[172340.55,559269.47],[172340.535,559269.311],[172333.414,559269.959],[172333.4,559269.8],[172333.003,559265.415],[172344.593,559264.379],[172345.01,559269.05],[172340.55,559269.47]]]}},{"type":"Feature","properties":{"relatieveHoogteligging":0,"lokaalID":"G1900.a9b9ab877e5446fd9ce9061196340af4","bgt_status":"bestaand","identificatieBAGPND":"0091100000009091","identificatieBAGVBOLaagsteHuisnummer":"0091010000029702","identificatieBAGVBOHoogsteHuisnummer":"0091010000029702","huisnummers":[{"tekst":"29","pos":[172340,559296],"hoek":0}]},"geometry":{"type":"Polygon","coordinates":[[[172334.51,559301.2],[172330.28,559301.62],[172330.05,559299.26],[172334.28,559298.84],[172333.89,559295.27],[172342.3,559294.45],[172342.87,559300.219],[172334.495,559301.051],[172334.51,559301.2]]]}},{"type":"Feature","properties":{"relatieveHoogteligging":0,"lokaalID":"G1900.14da78c808984633926b5597cfa853b3","bgt_status":"bestaand","identificatieBAGPND":"0091100000008558","identificatieBAGVBOLaagsteHuisnummer":"0091010000029726","identificatieBAGVBOHoogsteHuisnummer":"0091010000029726","huisnummers":[{"tekst":"27","pos":[172341,559302],"hoek":0}]},"geometry":{"type":"Polygon","coordinates":[[[172334.51,559301.2],[172334.495,559301.051],[172342.87,559300.219],[172343.434,559305.928],[172335.056,559306.741],[172335.07,559306.89],[172330.84,559307.3],[172330.61,559304.94],[172334.83,559304.53],[172334.51,559301.2]]]}},{"type":"Feature","properties":{"relatieveHoogteligging":0,"lokaalID":"G1900.ad78d8ce515c4ae68b0c231927900080","bgt_status":"bestaand","identificatieBAGPND":"0091100000008570","identificatieBAGVBOLaagsteHuisnummer":"0091010000029723","identificatieBAGVBOHoogsteHuisnummer":"0091010000029723","huisnummers":[{"tekst":"25","pos":[172342,559308],"hoek":0}]},"geometry":{"type":"Polygon","coordinates":[[[172335.07,559306.89],[172335.056,559306.741],[172343.434,559305.928],[172343.987,559311.526],[172335.605,559312.411],[172335.62,559312.56],[172331.36,559313.01],[172331.16,559310.61],[172335.39,559310.19],[172335.07,559306.89]]]}},{"type":"Feature","properties":{"relatieveHoogteligging":0,"lokaalID":"G1900.d142c01d24ee44c1af6c39934b864f84","bgt_status":"bestaand","identificatieBAGPND":"0091100000008590","identificatieBAGVBOLaagsteHuisnummer":"0091010000029718","identificatieBAGVBOHoogsteHuisnummer":"0091010000029718","huisnummers":[{"tekst":"21","pos":[172343,559319],"hoek":0}]},"geometry":{"type":"Polygon","coordinates":[[[172336.17,559318.22],[172336.155,559318.071],[172344.551,559317.236],[172345.111,559322.907],[172336.715,559323.741],[172336.73,559323.89],[172332.5,559324.31],[172332.26,559321.95],[172336.5,559321.53],[172336.17,559318.22]]]}},{"type":"Feature","properties":{"relatieveHoogteligging":0,"lokaalID":"G1900.54b7c21266174b6797ad62e6d162b844","bgt_status":"bestaand","identificatieBAGPND":"0091100000016146","identificatieBAGVBOLaagsteHuisnummer":"0091010000029715","identificatieBAGVBOHoogsteHuisnummer":"0091010000029715","huisnummers":[{"tekst":"19","pos":[172340,559326],"hoek":0}]},"geometry":{"type":"Polygon","coordinates":[[[172336.73,559323.89],[172336.715,559323.741],[172345.111,559322.907],[172345.67,559328.566],[172337.265,559329.401],[172337.28,559329.55],[172333.05,559329.97],[172332.8,559327.53],[172337.05,559327.19],[172336.73,559323.89]]]}},{"type":"Feature","properties":{"relatieveHoogteligging":0,"lokaalID":"G1900.db179d98e72f4c21a4b10d664b35786a","bgt_status":"bestaand","identificatieBAGPND":"0091100000008578","identificatieBAGVBOLaagsteHuisnummer":"0091010000029721","identificatieBAGVBOHoogsteHuisnummer":"0091010000029721","huisnummers":[{"tekst":"23","pos":[172342,559314],"hoek":0}]},"geometry":{"type":"Polygon","coordinates":[[[172335.62,559312.56],[172335.605,559312.411],[172343.987,559311.526],[172344.551,559317.236],[172336.155,559318.071],[172336.17,559318.22],[172331.95,559318.64],[172331.72,559316.3],[172335.94,559315.86],[172335.62,559312.56]]]}},{"type":"Feature","properties":{"relatieveHoogteligging":0,"lokaalID":"G1900.8fa25da123954fb49c054172df922d8a","bgt_status":"bestaand","identificatieBAGPND":"0091100000009075","identificatieBAGVBOLaagsteHuisnummer":"0091010000029706","identificatieBAGVBOHoogsteHuisnummer":"0091010000029706","huisnummers":[{"tekst":"8","pos":[172345,559359],"hoek":0}]},"geometry":{"type":"Polygon","coordinates":[[[172354.447,559361.417],[172350.4,559361.81],[172350.385,559361.661],[172341.96,559362.48],[172341.416,559356.845],[172349.825,559356.011],[172349.84,559356.16],[172350.17,559359.46],[172354.245,559359.074],[172354.39,559359.06],[172354.62,559361.4],[172354.447,559361.417]]]}},{"type":"Feature","properties":{"relatieveHoogteligging":0,"lokaalID":"G1900.da3e800c1d36479894b7de3d68018982","bgt_status":"bestaand","identificatieBAGPND":"0091100000009071","identificatieBAGVBOLaagsteHuisnummer":"0091010000029707","identificatieBAGVBOHoogsteHuisnummer":"0091010000029707","huisnummers":[{"tekst":"10","pos":[172344,559353],"hoek":0}]},"geometry":{"type":"Polygon","coordinates":[[[172353.958,559355.751],[172349.84,559356.16],[172349.825,559356.011],[172341.416,559356.845],[172340.869,559351.165],[172349.285,559350.351],[172349.3,559350.5],[172349.62,559353.8],[172353.84,559353.4],[172354.07,559355.74],[172353.958,559355.751]]]}},{"type":"Feature","properties":{"relatieveHoogteligging":0,"lokaalID":"G1900.d3f7073c8ce14e22a6d4e82d24c6a609","bgt_status":"bestaand","identificatieBAGPND":"0091100000006633","identificatieBAGVBOLaagsteHuisnummer":"0091010000029684","identificatieBAGVBOHoogsteHuisnummer":"0091010000029684","huisnummers":[{"tekst":"12","pos":[172343,559347],"hoek":0}]},"geometry":{"type":"Polygon","coordinates":[[[172353.267,559347.753],[172353.3,559347.75],[172353.53,559350.09],[172349.3,559350.5],[172349.285,559350.351],[172340.869,559351.165],[172340.31,559345.37],[172348.73,559344.5],[172349.07,559348.16],[172353.267,559347.753]]]}},{"type":"Feature","properties":{"relatieveHoogteligging":0,"lokaalID":"G1900.383cb7f0501f4945b093c097996aa3b0","bgt_status":"bestaand","identificatieBAGPND":"0091100000014629","identificatieBAGVBOLaagsteHuisnummer":"0091010000029692","identificatieBAGVBOHoogsteHuisnummer":"0091010000029692","huisnummers":[{"tekst":"17","pos":[172342,559332],"hoek":0}]},"geometry":{"type":"Polygon","coordinates":[[[172337.28,559329.55],[172337.265,559329.401],[172345.67,559328.566],[172346.25,559334.44],[172333.6,559335.64],[172333.38,559333.28],[172337.6,559332.87],[172337.28,559329.55]]]}},{"type":"Feature","properties":{"relatieveHoogteligging":0,"lokaalID":"G1900.e87c969dc88144709509c362d33fc5de","bgt_status":"bestaand","identificatieBAGPND":"0091100000009676"},"geometry":{"type":"Polygon","coordinates":[[[172333.271,559343.142],[172333.68,559347.436],[172329.804,559347.812],[172329.39,559343.515],[172333.271,559343.142]]]}},{"type":"Feature","properties":{"relatieveHoogteligging":0,"lokaalID":"G1900.11b928327616460cad3e2c0af14315bb","bgt_status":"bestaand","identificatieBAGPND":"0091100000012089","identificatieBAGVBOLaagsteHuisnummer":"0091010000022020","identificatieBAGVBOHoogsteHuisnummer":"0091010000022020","huisnummers":[{"tekst":"14","pos":[172312,559338],"hoek":0}]},"geometry":{"type":"Polygon","coordinates":[[[172317.03,559336.1],[172317.34,559339.43],[172321.57,559339.03],[172321.79,559341.38],[172309.17,559342.6],[172308.631,559336.825],[172317.018,559335.991],[172317.03,559336.1]]]}},{"type":"Feature","properties":{"relatieveHoogteligging":0,"lokaalID":"G1900.775d8fedbdc743adb306b7b1ca88cf09","bgt_status":"bestaand","identificatieBAGPND":"0091100000003481","identificatieBAGVBOLaagsteHuisnummer":"0091010000029778","identificatieBAGVBOHoogsteHuisnummer":"0091010000029778","huisnummers":[{"tekst":"16","pos":[172312,559333],"hoek":0}]},"geometry":{"type":"Polygon","coordinates":[[[172316.5,559330.43],[172316.81,559333.75],[172321.04,559333.36],[172321.26,559335.72],[172317.03,559336.1],[172317.018,559335.991],[172308.631,559336.825],[172308.105,559331.186],[172316.5,559330.43]]]}},{"type":"Feature","properties":{"relatieveHoogteligging":0,"lokaalID":"G1900.df2390c5ac9242d4a3d64e526770532d","bgt_status":"bestaand","identificatieBAGPND":"0091100000010767","identificatieBAGVBOLaagsteHuisnummer":"0091010000029783","identificatieBAGVBOHoogsteHuisnummer":"0091010000029783","huisnummers":[{"tekst":"20","pos":[172304,559322],"hoek":0}]},"geometry":{"type":"Polygon","coordinates":[[[172301.05,559320.279],[172309.436,559319.511],[172309.45,559319.66],[172309.76,559322.97],[172313.809,559322.587],[172313.99,559322.57],[172314.19,559324.7],[172314.204,559324.849],[172307.566,559325.411],[172307.58,559325.56],[172301.6,559326.13],[172301.05,559320.279]]]}},{"type":"Feature","properties":{"relatieveHoogteligging":0,"lokaalID":"G1900.e3fa0bae50ca478eaf071495d5aee627","bgt_status":"bestaand","identificatieBAGPND":"0091100000007428","identificatieBAGVBOLaagsteHuisnummer":"0091010000029801","identificatieBAGVBOHoogsteHuisnummer":"0091010000029801","huisnummers":[{"tekst":"22","pos":[172304,559316],"hoek":0}]},"geometry":{"type":"Polygon","coordinates":[[[172313.336,559316.913],[172313.47,559316.9],[172313.69,559319.27],[172313.534,559319.284],[172309.45,559319.66],[172309.436,559319.511],[172301.05,559320.279],[172300.521,559314.657],[172308.906,559313.842],[172308.921,559313.99],[172309.23,559317.3],[172313.336,559316.913]]]}},{"type":"Feature","properties":{"relatieveHoogteligging":0,"lokaalID":"G1900.cd5fa12f0de0443c9f236d21bceb8e88","bgt_status":"bestaand","identificatieBAGPND":"0091100000007416","identificatieBAGVBOLaagsteHuisnummer":"0091010000029804","identificatieBAGVBOHoogsteHuisnummer":"0091010000029804","huisnummers":[{"tekst":"26","pos":[172303,559305],"hoek":0}]},"geometry":{"type":"Polygon","coordinates":[[[172299.454,559303.303],[172307.835,559302.491],[172307.85,559302.64],[172308.16,559305.95],[172312.39,559305.55],[172312.62,559307.91],[172312.587,559307.913],[172308.381,559308.32],[172308.367,559308.171],[172299.988,559308.98],[172299.454,559303.303]]]}},{"type":"Feature","properties":{"relatieveHoogteligging":0,"lokaalID":"G1900.8533861fd7bd431092bf6e92b90c9d42","bgt_status":"bestaand","identificatieBAGPND":"0091100000006356","identificatieBAGVBOLaagsteHuisnummer":"0091010000032460","identificatieBAGVBOHoogsteHuisnummer":"0091010000032460","huisnummers":[{"tekst":"24","pos":[172303,559310],"hoek":0}]},"geometry":{"type":"Polygon","coordinates":[[[172299.988,559308.98],[172308.367,559308.171],[172308.381,559308.32],[172308.69,559311.62],[172312.92,559311.22],[172313.15,559313.58],[172308.921,559313.99],[172308.906,559313.842],[172300.521,559314.657],[172299.988,559308.98]]]}},{"type":"Feature","properties":{"relatieveHoogteligging":0,"lokaalID":"G1900.524bd8adc0d84a999655f78f32d4dd3d","bgt_status":"bestaand","identificatieBAGPND":"0091100000003465","identificatieBAGVBOLaagsteHuisnummer":"0091010000029782","identificatieBAGVBOHoogsteHuisnummer":"0091010000029782","huisnummers":[{"tekst":"28","pos":[172302,559299],"hoek":0}]},"geometry":{"type":"Polygon","coordinates":[[[172311.86,559299.88],[172312.08,559302.23],[172307.85,559302.64],[172307.835,559302.491],[172299.454,559303.303],[172298.91,559297.52],[172307.29,559296.73],[172307.63,559300.28],[172311.86,559299.88]]]}},{"type":"Feature","properties":{"relatieveHoogteligging":0,"lokaalID":"G1900.668bd52460d54955ad733186b9c9949e","bgt_status":"bestaand","identificatieBAGPND":"0091100000003469","identificatieBAGVBOLaagsteHuisnummer":"0091010000029781","identificatieBAGVBOHoogsteHuisnummer":"0091010000029781","huisnummers":[{"tekst":"18","pos":[172314,559328],"hoek":0}]},"geometry":{"type":"Polygon","coordinates":[[[172315.93,559324.52],[172316.28,559328.07],[172320.51,559327.68],[172320.72,559330.05],[172316.5,559330.43],[172308.105,559331.186],[172307.58,559325.56],[172307.566,559325.411],[172314.204,559324.849],[172314.19,559324.7],[172315.93,559324.52]]]}},{"type":"Feature","properties":{"relatieveHoogteligging":0,"lokaalID":"G1900.185a54775b24425f96307723d7591f74","bgt_status":"bestaand","identificatieBAGPND":"0091100000019046"},"geometry":{"type":"Polygon","coordinates":[[[172309.74,559259.81],[172310.05,559263.11],[172306.86,559263.41],[172306.56,559260.11],[172309.74,559259.81]]]}},{"type":"Feature","properties":{"relatieveHoogteligging":0,"lokaalID":"G1900.74fb20438d1540a49598e39d55aaab8e","bgt_status":"bestaand","identificatieBAGPND":"0091100000007218","identificatieBAGVBOLaagsteHuisnummer":"0091010000029814","identificatieBAGVBOHoogsteHuisnummer":"0091010000029814","huisnummers":[{"tekst":"127","pos":[172305,559278],"hoek":0}]},"geometry":{"type":"Polygon","coordinates":[[[172297.79,559282.45],[172297,559273.39],[172296.987,559273.241],[172304.074,559272.629],[172304.06,559272.48],[172307.66,559272.15],[172308.844,559272.041],[172308.87,559272.32],[172309.26,559276.59],[172313.58,559276.21],[172313.975,559280.408],[172314.03,559280.99],[172300.735,559282.185],[172297.79,559282.45]]]}},{"type":"Feature","properties":{"relatieveHoogteligging":0,"lokaalID":"G1900.b6a646aa07014f90a9079a72c6feabb3","bgt_status":"bestaand","identificatieBAGPND":"0091100000019042"},"geometry":{"type":"Polygon","coordinates":[[[172310.15,559264.35],[172310.45,559267.63],[172307.27,559267.93],[172306.98,559264.65],[172310.15,559264.35]]]}},{"type":"Feature","properties":{"relatieveHoogteligging":0,"lokaalID":"G1900.aa1d242130004f44a9c2c90b6a106e1c","bgt_status":"bestaand","identificatieBAGPND":"0091100000007034","identificatieBAGVBOLaagsteHuisnummer":"0091010000029825","identificatieBAGVBOHoogsteHuisnummer":"0091010000029825","huisnummers":[{"tekst":"123","pos":[172301,559266],"hoek":0}]},"geometry":{"type":"Polygon","coordinates":[[[172292.099,559269.203],[172291.682,559264.671],[172303.26,559263.608],[172303.67,559268.157],[172292.099,559269.203]]]}},{"type":"Feature","properties":{"relatieveHoogteligging":0,"lokaalID":"G1900.ea97465c3416420b83bc4842de6be6f9","bgt_status":"bestaand","identificatieBAGPND":"0091100000007214","identificatieBAGVBOLaagsteHuisnummer":"0091010000029815","identificatieBAGVBOHoogsteHuisnummer":"0091010000029815","huisnummers":[{"tekst":"125","pos":[172298,559271],"hoek":0}]},"geometry":{"type":"Polygon","coordinates":[[[172297,559273.39],[172292.52,559273.79],[172292.099,559269.203],[172303.67,559268.157],[172304.06,559272.48],[172304.074,559272.629],[172296.987,559273.241],[172297,559273.39]]]}},{"type":"Feature","properties":{"relatieveHoogteligging":0,"lokaalID":"G1900.c1bc1da224714628b6037caa269f1264","bgt_status":"bestaand","identificatieBAGPND":"0091100000007030","identificatieBAGVBOLaagsteHuisnummer":"0091010000029826","identificatieBAGVBOHoogsteHuisnummer":"0091010000029826","huisnummers":[{"tekst":"121","pos":[172295,559261],"hoek":0}]},"geometry":{"type":"Polygon","coordinates":[[[172291.682,559264.671],[172291.266,559260.14],[172302.852,559259.075],[172303.26,559263.608],[172291.682,559264.671]]]}},{"type":"Feature","properties":{"relatieveHoogteligging":0,"lokaalID":"G1900.b797f131fbf34536bd99a301c1c4c534","bgt_status":"bestaand","identificatieBAGPND":"0091100000007054","identificatieBAGVBOLaagsteHuisnummer":"0091010000029820","identificatieBAGVBOHoogsteHuisnummer":"0091010000029820","huisnummers":[{"tekst":"23","pos":[172296,559404],"hoek":0}]},"geometry":{"type":"Polygon","coordinates":[[[172300.91,559401.74],[172294.437,559408.653],[172290.497,559404.963],[172296.97,559398.05],[172299.15,559400.1],[172302.24,559396.8],[172304,559398.45],[172300.91,559401.74]]]}},{"type":"Feature","properties":{"relatieveHoogteligging":0,"lokaalID":"G1900.4de787c2edad4acda64a48a4a0c7aa9f","bgt_status":"bestaand","identificatieBAGPND":"0091100000007420","identificatieBAGVBOLaagsteHuisnummer":"0091010000029803","identificatieBAGVBOHoogsteHuisnummer":"0091010000029803","huisnummers":[{"tekst":"19","pos":[172302,559411],"hoek":0}]},"geometry":{"type":"Polygon","coordinates":[[[172306.74,559411.38],[172300.275,559418.284],[172296.06,559414.33],[172298.15,559412.13],[172298.258,559412.232],[172302.652,559407.539],[172302.77,559407.65],[172304.99,559409.74],[172308.13,559406.39],[172309.88,559408.03],[172306.74,559411.38]]]}},{"type":"Feature","properties":{"relatieveHoogteligging":0,"lokaalID":"G1900.a17e68aa68c04403be7b76bd0c358c0c","bgt_status":"bestaand","identificatieBAGPND":"0091100000007226","identificatieBAGVBOLaagsteHuisnummer":"0091010000029812","identificatieBAGVBOHoogsteHuisnummer":"0091010000029812","huisnummers":[{"tekst":"21","pos":[172299,559407],"hoek":0}]},"geometry":{"type":"Polygon","coordinates":[[[172302.77,559407.65],[172302.652,559407.539],[172298.258,559412.232],[172298.15,559412.13],[172294.437,559408.653],[172300.91,559401.74],[172303.1,559403.79],[172306.19,559400.5],[172307.94,559402.15],[172302.77,559407.65]]]}},{"type":"Feature","properties":{"relatieveHoogteligging":0,"lokaalID":"G1900.6d63da0af0f64f47a29bdff4c24a2925","bgt_status":"bestaand","identificatieBAGPND":"0091100000007440","identificatieBAGVBOLaagsteHuisnummer":"0091010000029798","identificatieBAGVBOHoogsteHuisnummer":"0091010000029798","huisnummers":[{"tekst":"22","pos":[172297,559361],"hoek":0}]},"geometry":{"type":"Polygon","coordinates":[[[172292.296,559370.883],[172290.71,559369.37],[172293.79,559366.14],[172291.36,559363.79],[172298.01,559356.84],[172302.036,559360.685],[172292.296,559370.883]]]}},{"type":"Feature","properties":{"relatieveHoogteligging":0,"lokaalID":"G1900.73bfcf705a614b7caa3f29989a3e4eda","bgt_status":"bestaand","identificatieBAGPND":"0091100000007400","identificatieBAGVBOLaagsteHuisnummer":"0091010000029808","identificatieBAGVBOHoogsteHuisnummer":"0091010000029808","huisnummers":[{"tekst":"20","pos":[172301,559364],"hoek":0}]},"geometry":{"type":"Polygon","coordinates":[[[172292.296,559370.883],[172302.036,559360.685],[172305.952,559364.426],[172299.47,559371.42],[172296.32,559374.72],[172294.56,559373.04],[172297.72,559369.75],[172295.6,559367.73],[172292.45,559371.03],[172292.296,559370.883]]]}},{"type":"Feature","properties":{"relatieveHoogteligging":0,"lokaalID":"G1900.4b0c027f4a7549a9850eb1c5578d51df","bgt_status":"bestaand","identificatieBAGPND":"0091100000010840","identificatieBAGVBOLaagsteHuisnummer":"0091010000029792","identificatieBAGVBOHoogsteHuisnummer":"0091010000029792","huisnummers":[{"tekst":"18","pos":[172305,559369],"hoek":0}]},"geometry":{"type":"Polygon","coordinates":[[[172299.47,559371.42],[172305.952,559364.426],[172309.868,559368.166],[172303.38,559375.14],[172300.23,559378.44],[172298.49,559376.78],[172301.63,559373.49],[172299.47,559371.42]]]}},{"type":"Feature","properties":{"relatieveHoogteligging":0,"lokaalID":"G1900.7b47f386419243f881d23732bc43c834","bgt_status":"bestaand","identificatieBAGPND":"0091100000010763","identificatieBAGVBOLaagsteHuisnummer":"0091010000029784","identificatieBAGVBOHoogsteHuisnummer":"0091010000029784","huisnummers":[{"tekst":"16","pos":[172309,559372],"hoek":0}]},"geometry":{"type":"Polygon","coordinates":[[[172303.38,559375.14],[172309.868,559368.166],[172313.784,559371.907],[172307.3,559378.88],[172304.15,559382.18],[172302.4,559380.52],[172305.55,559377.21],[172303.38,559375.14]]]}},{"type":"Feature","properties":{"relatieveHoogteligging":0,"lokaalID":"G1900.023cbd7cb2fe4d2580f4e5a5d1e94629","bgt_status":"bestaand","identificatieBAGPND":"0091100000009464","identificatieBAGVBOLaagsteHuisnummer":"0091010000029766","identificatieBAGVBOHoogsteHuisnummer":"0091010000029766","huisnummers":[{"tekst":"10","pos":[172321,559383],"hoek":0}]},"geometry":{"type":"Polygon","coordinates":[[[172315.12,559386.34],[172321.617,559379.387],[172325.65,559383.24],[172324.17,559384.75],[172324.072,559384.657],[172317.594,559391.44],[172317.51,559391.36],[172315.73,559393.23],[172314.1,559391.68],[172317.25,559388.38],[172315.12,559386.34]]]}},{"type":"Feature","properties":{"relatieveHoogteligging":0,"lokaalID":"G1900.7700307b836c429f904dd9a4f92d62fe","bgt_status":"bestaand","identificatieBAGPND":"0091100000009444","identificatieBAGVBOLaagsteHuisnummer":"0091010000029771","identificatieBAGVBOHoogsteHuisnummer":"0091010000029771","huisnummers":[{"tekst":"12","pos":[172316,559380],"hoek":0}]},"geometry":{"type":"Polygon","coordinates":[[[172311.2,559382.61],[172317.7,559375.647],[172321.617,559379.387],[172315.12,559386.34],[172311.97,559389.64],[172310.22,559387.98],[172313.37,559384.68],[172311.2,559382.61]]]}},{"type":"Feature","properties":{"relatieveHoogteligging":0,"lokaalID":"G1900.396da3d010734defa8481fa6d55803dc","bgt_status":"bestaand","identificatieBAGPND":"0091100000009235","identificatieBAGVBOLaagsteHuisnummer":"0091010000029775","identificatieBAGVBOHoogsteHuisnummer":"0091010000029775","huisnummers":[{"tekst":"14","pos":[172312,559376],"hoek":0}]},"geometry":{"type":"Polygon","coordinates":[[[172307.3,559378.88],[172313.784,559371.907],[172317.7,559375.647],[172311.2,559382.61],[172308.05,559385.91],[172306.31,559384.25],[172309.46,559380.95],[172307.3,559378.88]]]}},{"type":"Feature","properties":{"relatieveHoogteligging":0,"lokaalID":"G1900.b19be630068845a78a80274c8c3fd0cc","bgt_status":"bestaand","identificatieBAGPND":"0091100000008991","identificatieBAGVBOLaagsteHuisnummer":"0091010000029774","identificatieBAGVBOHoogsteHuisnummer":"0091010000029774","huisnummers":[{"tekst":"13","pos":[172315,559423],"hoek":0}]},"geometry":{"type":"Polygon","coordinates":[[[172318.57,559422.48],[172312.106,559429.383],[172308.164,559425.685],[172314.63,559418.78],[172316.81,559420.83],[172319.95,559417.47],[172321.71,559419.13],[172318.57,559422.48]]]}},{"type":"Feature","properties":{"relatieveHoogteligging":0,"lokaalID":"G1900.24b9121f6ddb41c396784bbbda9d0603","bgt_status":"bestaand","identificatieBAGPND":"0091100000010856","identificatieBAGVBOLaagsteHuisnummer":"0091010000029788","identificatieBAGVBOHoogsteHuisnummer":"0091010000029788","huisnummers":[{"tekst":"17","pos":[172306,559416],"hoek":0}]},"geometry":{"type":"Polygon","coordinates":[[[172310.68,559415.07],[172304.212,559421.978],[172300.275,559418.284],[172306.74,559411.38],[172308.93,559413.43],[172312.07,559410.08],[172313.85,559411.74],[172310.68,559415.07]]]}},{"type":"Feature","properties":{"relatieveHoogteligging":0,"lokaalID":"G1900.375618d4262942d39bd7f9ee7afefbc0","bgt_status":"bestaand","identificatieBAGPND":"0091100000009456","identificatieBAGVBOLaagsteHuisnummer":"0091010000029768","identificatieBAGVBOHoogsteHuisnummer":"0091010000029768","huisnummers":[{"tekst":"11","pos":[172318,559426],"hoek":0}]},"geometry":{"type":"Polygon","coordinates":[[[172322.51,559426.18],[172316.048,559433.081],[172312.106,559429.383],[172318.57,559422.48],[172320.76,559424.53],[172323.9,559421.18],[172325.66,559422.83],[172322.51,559426.18]]]}},{"type":"Feature","properties":{"relatieveHoogteligging":0,"lokaalID":"G1900.f1722acff22c4482afd23157d6955d21","bgt_status":"bestaand","identificatieBAGPND":"0091100000007335","identificatieBAGVBOLaagsteHuisnummer":"0091010000029810","identificatieBAGVBOHoogsteHuisnummer":"0091010000029810","huisnummers":[{"tekst":"16","pos":[172298,559464],"hoek":0}]},"geometry":{"type":"Polygon","coordinates":[[[172294.398,559473.532],[172292.78,559472.013],[172295.298,559469.331],[172292.47,559466.677],[172291.703,559465.958],[172298.149,559459.085],[172302.71,559463.362],[172296.369,559470.118],[172297.025,559470.734],[172294.398,559473.532]]]}},{"type":"Feature","properties":{"relatieveHoogteligging":0,"lokaalID":"G1900.659353fa12e94a0fb139bbc199ca6244","bgt_status":"bestaand","identificatieBAGPND":"0091100000010868","identificatieBAGVBOLaagsteHuisnummer":"0091010000029785","identificatieBAGVBOHoogsteHuisnummer":"0091010000029785","huisnummers":[{"tekst":"88","pos":[172300,559547],"hoek":0}]},"geometry":{"type":"Polygon","coordinates":[[[172295.68,559545.95],[172309.017,559542.906],[172309.518,559545.082],[172305.496,559546.008],[172306.212,559549.116],[172296.896,559551.252],[172295.68,559545.95]]]}},{"type":"Feature","properties":{"relatieveHoogteligging":0,"lokaalID":"G1900.cbb1a66bdd2145148da81f41425a3990","bgt_status":"bestaand","identificatieBAGPND":"0091100000007222","identificatieBAGVBOLaagsteHuisnummer":"0091010000029813","identificatieBAGVBOHoogsteHuisnummer":"0091010000029813","huisnummers":[{"tekst":"90","pos":[172302,559552],"hoek":0}]},"geometry":{"type":"Polygon","coordinates":[[[172296.896,559551.252],[172306.212,559549.116],[172310.234,559548.191],[172310.728,559550.337],[172306.706,559551.263],[172307.422,559554.372],[172298.101,559556.509],[172296.896,559551.252]]]}},{"type":"Feature","properties":{"relatieveHoogteligging":0,"lokaalID":"G1900.9a48e531cbc14e279367d4b6bfc1b08e","bgt_status":"bestaand","identificatieBAGPND":"0091100000007339","identificatieBAGVBOLaagsteHuisnummer":"0091010000029809","identificatieBAGVBOHoogsteHuisnummer":"0091010000029809","huisnummers":[{"tekst":"92","pos":[172303,559558],"hoek":0}]},"geometry":{"type":"Polygon","coordinates":[[[172298.101,559556.509],[172307.422,559554.372],[172311.443,559553.446],[172311.94,559555.602],[172307.918,559556.528],[172308.634,559559.637],[172308.668,559559.787],[172299.343,559561.924],[172298.101,559556.509]]]}},{"type":"Feature","properties":{"relatieveHoogteligging":0,"lokaalID":"G1900.3380b0c22f074d68b353ce12e049a363","bgt_status":"bestaand","identificatieBAGPND":"0091100000007424","identificatieBAGVBOLaagsteHuisnummer":"0091010000029802","identificatieBAGVBOHoogsteHuisnummer":"0091010000029802","huisnummers":[{"tekst":"94","pos":[172308,559563],"hoek":0}]},"geometry":{"type":"Polygon","coordinates":[[[172299.343,559561.924],[172308.668,559559.787],[172308.634,559559.637],[172312.656,559558.711],[172313.152,559560.868],[172309.13,559561.793],[172309.849,559564.912],[172309.883,559565.059],[172300.552,559567.197],[172299.343,559561.924]]]}},{"type":"Feature","properties":{"relatieveHoogteligging":0,"lokaalID":"G1900.93d04f91bb7e4b39b665593cd0751fdc","bgt_status":"bestaand","identificatieBAGPND":"0091100000007436","identificatieBAGVBOLaagsteHuisnummer":"0091010000029799","identificatieBAGVBOHoogsteHuisnummer":"0091010000029799","huisnummers":[{"tekst":"96","pos":[172309,559567],"hoek":0}]},"geometry":{"type":"Polygon","coordinates":[[[172300.552,559567.197],[172309.883,559565.059],[172309.849,559564.912],[172313.87,559563.986],[172313.918,559564.195],[172316.737,559563.564],[172317.156,559565.476],[172314.364,559566.133],[172310.343,559567.058],[172311.058,559570.167],[172311.094,559570.321],[172301.759,559572.46],[172300.552,559567.197]]]}},{"type":"Feature","properties":{"relatieveHoogteligging":0,"lokaalID":"G1900.fcfb8af0b54244c5a8c0a5d6a1bfee33","bgt_status":"bestaand","identificatieBAGPND":"0091100000009440","identificatieBAGVBOLaagsteHuisnummer":"0091010000029772","identificatieBAGVBOHoogsteHuisnummer":"0091010000029772","huisnummers":[{"tekst":"102","pos":[172308,559585],"hoek":0}]},"geometry":{"type":"Polygon","coordinates":[[[172305.427,559588.455],[172304.137,559582.829],[172313.48,559580.687],[172317.502,559579.762],[172318.018,559581.913],[172313.977,559582.844],[172314.775,559586.312],[172305.427,559588.455]]]}},{"type":"Feature","properties":{"relatieveHoogteligging":0,"lokaalID":"G1900.345baa44861840a8be2879e83ee06456","bgt_status":"bestaand","identificatieBAGPND":"0091100000008622","identificatieBAGVBOLaagsteHuisnummer":"0091010000029742","identificatieBAGVBOHoogsteHuisnummer":"0091010000029742","huisnummers":[{"tekst":"80","pos":[172334,559547],"hoek":0}]},"geometry":{"type":"Polygon","coordinates":[[[172330.144,559554.212],[172326.352,559555.874],[172325.463,559553.845],[172329.256,559552.184],[172327.978,559549.268],[172327.906,559549.104],[172336.679,559545.263],[172338.918,559550.377],[172330.144,559554.212]]]}},{"type":"Feature","properties":{"relatieveHoogteligging":0,"lokaalID":"G1900.f745be3c98a54055b3db7ddd8f6f6fdd","bgt_status":"bestaand","identificatieBAGPND":"0091100000018870","identificatieBAGVBOLaagsteHuisnummer":"0091010000029754","identificatieBAGVBOHoogsteHuisnummer":"0091010000029754","huisnummers":[{"tekst":"84","pos":[172330,559538],"hoek":0}]},"geometry":{"type":"Polygon","coordinates":[[[172332.421,559535.534],[172334.506,559540.298],[172325.732,559544.142],[172325.808,559544.315],[172322.025,559545.972],[172321.14,559543.953],[172324.923,559542.295],[172323.642,559539.371],[172332.421,559535.534]]]}},{"type":"Feature","properties":{"relatieveHoogteligging":0,"lokaalID":"G1900.b7738d773c104939bdf9ace0bdf09cbe","bgt_status":"bestaand","identificatieBAGPND":"0091100000008642","identificatieBAGVBOLaagsteHuisnummer":"0091010000029737","identificatieBAGVBOHoogsteHuisnummer":"0091010000029737","huisnummers":[{"tekst":"86","pos":[172328,559534],"hoek":0}]},"geometry":{"type":"Polygon","coordinates":[[[172330.1,559530.23],[172332.421,559535.534],[172323.642,559539.371],[172319.859,559541.028],[172318.966,559538.99],[172322.749,559537.333],[172321.32,559534.07],[172330.1,559530.23]]]}},{"type":"Feature","properties":{"relatieveHoogteligging":0,"lokaalID":"G1900.efc3a8693f74440383d1e6bfe8c28439","bgt_status":"bestaand","identificatieBAGPND":"0091100000008638","identificatieBAGVBOLaagsteHuisnummer":"0091010000029738","identificatieBAGVBOHoogsteHuisnummer":"0091010000029738","huisnummers":[{"tekst":"78","pos":[172336,559552],"hoek":0}]},"geometry":{"type":"Polygon","coordinates":[[[172332.31,559559.157],[172328.518,559560.818],[172327.629,559558.789],[172331.422,559557.128],[172330.144,559554.212],[172338.918,559550.377],[172341.082,559555.323],[172332.31,559559.157]]]}},{"type":"Feature","properties":{"relatieveHoogteligging":0,"lokaalID":"G1900.b1a31aa86fa543328cd9add252abbb42","bgt_status":"bestaand","identificatieBAGPND":"0091100000008554","identificatieBAGVBOLaagsteHuisnummer":"0091010000029727","identificatieBAGVBOHoogsteHuisnummer":"0091010000029727","huisnummers":[{"tekst":"76","pos":[172338,559557],"hoek":0}]},"geometry":{"type":"Polygon","coordinates":[[[172334.473,559564.092],[172330.68,559565.753],[172329.795,559563.734],[172333.588,559562.072],[172332.31,559559.157],[172341.082,559555.323],[172343.242,559560.259],[172334.473,559564.092]]]}},{"type":"Feature","properties":{"relatieveHoogteligging":0,"lokaalID":"G1900.ee0f38a14ddb4c1c9b82276994615dfd","bgt_status":"bestaand","identificatieBAGPND":"0091100000008586","identificatieBAGVBOLaagsteHuisnummer":"0091010000029719","identificatieBAGVBOHoogsteHuisnummer":"0091010000029719","huisnummers":[{"tekst":"74","pos":[172341,559562],"hoek":0}]},"geometry":{"type":"Polygon","coordinates":[[[172336.639,559569.036],[172332.846,559570.698],[172331.957,559568.669],[172335.75,559567.007],[172334.473,559564.092],[172343.242,559560.259],[172345.407,559565.204],[172336.639,559569.036]]]}},{"type":"Feature","properties":{"relatieveHoogteligging":0,"lokaalID":"G1900.94a701b847b54c509b927839febf64d5","bgt_status":"bestaand","identificatieBAGPND":"0091100000014624","identificatieBAGVBOLaagsteHuisnummer":"0091010000029693","identificatieBAGVBOHoogsteHuisnummer":"0091010000029693","huisnummers":[{"tekst":"72","pos":[172344,559568],"hoek":0}]},"geometry":{"type":"Polygon","coordinates":[[[172335.02,559575.66],[172334.127,559573.622],[172337.92,559571.96],[172336.639,559569.036],[172345.407,559565.204],[172347.58,559570.17],[172335.02,559575.66]]]}},{"type":"Feature","properties":{"relatieveHoogteligging":0,"lokaalID":"G1900.919ab574b14a4eb581277e4337d1fc3f","bgt_status":"bestaand","identificatieBAGPND":"0091100000002313","identificatieBAGVBOLaagsteHuisnummer":"0091010000029670","identificatieBAGVBOHoogsteHuisnummer":"0091010000029670","huisnummers":[{"tekst":"6","pos":[172351,559480],"hoek":0}]},"geometry":{"type":"Polygon","coordinates":[[[172349.291,559486.144],[172348.162,559486.242],[172347.347,559476.854],[172353.408,559476.329],[172354.222,559485.709],[172355.361,559485.61],[172355.686,559489.292],[172353.476,559489.486],[172353.152,559485.804],[172349.291,559486.144]]]}},{"type":"Feature","properties":{"relatieveHoogteligging":0,"lokaalID":"G1900.1e358ab7c7b74799b609328c421ade4e","bgt_status":"bestaand","identificatieBAGPND":"0091100000009655","identificatieBAGVBOLaagsteHuisnummer":"0091010000029687","identificatieBAGVBOHoogsteHuisnummer":"0091010000029687","huisnummers":[{"tekst":"8","pos":[172344,559481],"hoek":0}]},"geometry":{"type":"Polygon","coordinates":[[[172343.221,559486.679],[172342.185,559486.769],[172341.37,559477.373],[172347.347,559476.854],[172348.162,559486.242],[172349.291,559486.144],[172349.615,559489.826],[172347.416,559490.02],[172347.092,559486.338],[172343.221,559486.679]]]}},{"type":"Feature","properties":{"relatieveHoogteligging":0,"lokaalID":"G1900.d73ebbe856f84661b24af724d00ac009","bgt_status":"bestaand","identificatieBAGPND":"0091100000002303","identificatieBAGVBOLaagsteHuisnummer":"0091010000029675","identificatieBAGVBOHoogsteHuisnummer":"0091010000029675","huisnummers":[{"tekst":"2","pos":[172351,559437],"hoek":0}]},"geometry":{"type":"Polygon","coordinates":[[[172340.37,559440.49],[172340.14,559438.1],[172344.69,559437.67],[172344.42,559434.68],[172353.874,559433.815],[172354.37,559439.231],[172340.37,559440.49]]]}},{"type":"Feature","properties":{"relatieveHoogteligging":0,"lokaalID":"G1900.ababe490949c4baba9eef42b6d5042bb","bgt_status":"bestaand","identificatieBAGPND":"0091100000014599","identificatieBAGVBOLaagsteHuisnummer":"0091010000029698","identificatieBAGVBOHoogsteHuisnummer":"0091010000029698","huisnummers":[{"tekst":"6","pos":[172351,559426],"hoek":0}]},"geometry":{"type":"Polygon","coordinates":[[[172343.92,559429.29],[172339.37,559429.71],[172339.14,559427.32],[172343.7,559426.89],[172343.42,559423.9],[172352.887,559423.033],[172353.381,559428.424],[172343.92,559429.29]]]}},{"type":"Feature","properties":{"relatieveHoogteligging":0,"lokaalID":"G1900.a97bfaf4089d4b1cbe453a88e8498cc1","bgt_status":"bestaand","identificatieBAGPND":"0091100000014614","identificatieBAGVBOLaagsteHuisnummer":"0091010000029695","identificatieBAGVBOHoogsteHuisnummer":"0091010000029695","huisnummers":[{"tekst":"4","pos":[172351,559431],"hoek":0}]},"geometry":{"type":"Polygon","coordinates":[[[172344.42,559434.68],[172339.87,559435.1],[172339.63,559432.69],[172344.2,559432.28],[172343.92,559429.29],[172353.381,559428.424],[172353.874,559433.815],[172344.42,559434.68]]]}},{"type":"Feature","properties":{"relatieveHoogteligging":0,"lokaalID":"G1900.dee1725ec6354d628f7e00543f47e09b","bgt_status":"bestaand","identificatieBAGPND":"0091100000009083","identificatieBAGVBOLaagsteHuisnummer":"0091010000029704","identificatieBAGVBOHoogsteHuisnummer":"0091010000029704","huisnummers":[{"tekst":"10","pos":[172338,559481],"hoek":0}]},"geometry":{"type":"Polygon","coordinates":[[[172341.356,559490.554],[172341.031,559486.872],[172337.16,559487.213],[172336.207,559487.296],[172335.392,559477.891],[172341.37,559477.373],[172342.185,559486.769],[172343.221,559486.679],[172343.545,559490.361],[172341.356,559490.554]]]}},{"type":"Feature","properties":{"relatieveHoogteligging":0,"lokaalID":"G1900.62342ff285b149af9727b44e9b98620f","bgt_status":"bestaand","identificatieBAGPND":"0091100000016142","identificatieBAGVBOLaagsteHuisnummer":"0091010000029716","identificatieBAGVBOHoogsteHuisnummer":"0091010000029716","huisnummers":[{"tekst":"12","pos":[172332,559482],"hoek":0}]},"geometry":{"type":"Polygon","coordinates":[[[172335.264,559491.08],[172334.94,559487.398],[172329.875,559487.844],[172329.06,559478.44],[172335.392,559477.891],[172336.207,559487.296],[172337.16,559487.213],[172337.484,559490.885],[172335.264,559491.08]]]}},{"type":"Feature","properties":{"relatieveHoogteligging":0,"lokaalID":"G1900.6f65623dc0854902bd3cee256de5a2c2","bgt_status":"bestaand","identificatieBAGPND":"0091100000007231","identificatieBAGVBOLaagsteHuisnummer":"0091010000036846","identificatieBAGVBOHoogsteHuisnummer":"0091010000036846","huisnummers":[{"tekst":"14","pos":[172326,559485],"hoek":0}]},"geometry":{"type":"Polygon","coordinates":[[[172326.67,559482.64],[172326.982,559486.138],[172324.49,559486.36],[172324.18,559482.86],[172326.67,559482.64]]]}},{"type":"Feature","properties":{"relatieveHoogteligging":0,"lokaalID":"G1900.03887ba40a184f9688fe6be46872f464","bgt_status":"bestaand","identificatieBAGPND":"0091100000014161","identificatieBAGVBOLaagsteHuisnummer":"0091010000029761","identificatieBAGVBOHoogsteHuisnummer":"0091010000029761","huisnummers":[{"tekst":"9","pos":[172322,559430],"hoek":0}]},"geometry":{"type":"Polygon","coordinates":[[[172319.98,559436.77],[172316.048,559433.081],[172322.51,559426.18],[172324.69,559428.22],[172327.84,559424.87],[172329.589,559426.511],[172319.98,559436.77]]]}},{"type":"Feature","properties":{"relatieveHoogteligging":0,"lokaalID":"G1900.6670b5f7e8604a66b2cedfe0ae60eac7","bgt_status":"bestaand","identificatieBAGPND":"0091100000008614","identificatieBAGVBOLaagsteHuisnummer":"0091010000029743","identificatieBAGVBOHoogsteHuisnummer":"0091010000029743","huisnummers":[{"tekst":"2","pos":[172336,559399],"hoek":0}]},"geometry":{"type":"Polygon","coordinates":[[[172329.41,559402.78],[172335.848,559395.849],[172339.89,559399.69],[172330.14,559409.81],[172328.39,559408.15],[172331.57,559404.86],[172329.41,559402.78]]]}},{"type":"Feature","properties":{"relatieveHoogteligging":0,"lokaalID":"G1900.f2e6023b694343b5a5d81d2b6e16776c","bgt_status":"bestaand","identificatieBAGPND":"0091100000008610","identificatieBAGVBOLaagsteHuisnummer":"0091010000029744","identificatieBAGVBOHoogsteHuisnummer":"0091010000029744","huisnummers":[{"tekst":"4","pos":[172333,559396],"hoek":0}]},"geometry":{"type":"Polygon","coordinates":[[[172325.5,559399.02],[172331.923,559392.118],[172335.848,559395.849],[172329.41,559402.78],[172326.25,559406.07],[172324.49,559404.41],[172327.67,559401.11],[172325.5,559399.02]]]}},{"type":"Feature","properties":{"relatieveHoogteligging":0,"lokaalID":"G1900.084ca266db094320ac4b16bfb299db6e","bgt_status":"bestaand","identificatieBAGPND":"0091100000009692"},"geometry":{"type":"Polygon","coordinates":[[[172323.413,559404.661],[172327.679,559408.78],[172325.007,559411.554],[172320.737,559407.433],[172323.413,559404.661]]]}},{"type":"Feature","properties":{"relatieveHoogteligging":0,"lokaalID":"G1900.29467b4c324a480fafcbb8879e93c736","bgt_status":"bestaand","identificatieBAGPND":"0091100000005977","identificatieBAGVBOLaagsteHuisnummer":"0091010000029755","identificatieBAGVBOHoogsteHuisnummer":"0091010000029755","huisnummers":[{"tekst":"6","pos":[172328,559393],"hoek":0}]},"geometry":{"type":"Polygon","coordinates":[[[172321.6,559395.28],[172327.998,559388.388],[172331.923,559392.118],[172325.5,559399.02],[172322.33,559402.32],[172320.59,559400.65],[172323.75,559397.35],[172321.6,559395.28]]]}},{"type":"Feature","properties":{"relatieveHoogteligging":0,"lokaalID":"G1900.ca7fe861dc1b4593b936d7d28687a7aa","bgt_status":"bestaand","identificatieBAGPND":"0091100000014156","identificatieBAGVBOLaagsteHuisnummer":"0091010000029762","identificatieBAGVBOHoogsteHuisnummer":"0091010000029762","huisnummers":[{"tekst":"8","pos":[172322,559389],"hoek":0}]},"geometry":{"type":"Polygon","coordinates":[[[172317.594,559391.44],[172324.072,559384.657],[172324.17,559384.75],[172327.998,559388.388],[172321.6,559395.28],[172318.43,559398.57],[172316.68,559396.89],[172319.85,559393.6],[172317.594,559391.44]]]}},{"type":"Feature","properties":{"relatieveHoogteligging":0,"lokaalID":"G1900.f1475e21a1b340d7b36a7b018c28d678","bgt_status":"bestaand","identificatieBAGPND":"0091100000009087","identificatieBAGVBOLaagsteHuisnummer":"0091010000029703","identificatieBAGVBOHoogsteHuisnummer":"0091010000029703","huisnummers":[{"tekst":"12","pos":[172349,559410],"hoek":0}]},"geometry":{"type":"Polygon","coordinates":[[[172342.441,559413.164],[172342.44,559413.15],[172337.89,559413.57],[172337.873,559413.385],[172337.67,559411.17],[172342.1,559410.76],[172341.82,559407.44],[172351.38,559406.57],[172351.904,559412.297],[172342.441,559413.164]]]}},{"type":"Feature","properties":{"relatieveHoogteligging":0,"lokaalID":"G1900.41c666ba76e6463bac89f42989e10080","bgt_status":"bestaand","identificatieBAGPND":"0091100000008658","identificatieBAGVBOLaagsteHuisnummer":"0091010000029701","identificatieBAGVBOHoogsteHuisnummer":"0091010000029701","huisnummers":[{"tekst":"10","pos":[172349,559415],"hoek":0}]},"geometry":{"type":"Polygon","coordinates":[[[172342.94,559418.5],[172338.38,559418.93],[172338.19,559416.53],[172342.72,559416.12],[172342.441,559413.164],[172351.904,559412.297],[172352.393,559417.635],[172342.94,559418.5]]]}},{"type":"Feature","properties":{"relatieveHoogteligging":0,"lokaalID":"G1900.9ccd9adc09fd4e8a874b15ad40151687","bgt_status":"bestaand","identificatieBAGPND":"0091100000014594","identificatieBAGVBOLaagsteHuisnummer":"0091010000029699","identificatieBAGVBOHoogsteHuisnummer":"0091010000029699","huisnummers":[{"tekst":"8","pos":[172349,559421],"hoek":0}]},"geometry":{"type":"Polygon","coordinates":[[[172343.42,559423.9],[172338.87,559424.32],[172338.67,559421.94],[172343.2,559421.5],[172342.94,559418.5],[172352.393,559417.635],[172352.887,559423.033],[172343.42,559423.9]]]}},{"type":"Feature","properties":{"relatieveHoogteligging":0,"lokaalID":"G1900.294ce35f0b4f4a0b8132f312581cf23e","bgt_status":"bestaand","identificatieBAGPND":"0091100000006645","identificatieBAGVBOLaagsteHuisnummer":"0091010000029681","identificatieBAGVBOHoogsteHuisnummer":"0091010000029681","huisnummers":[{"tekst":"6","pos":[172345,559364],"hoek":0}]},"geometry":{"type":"Polygon","coordinates":[[[172355.111,559366.53],[172355.14,559366.84],[172355.154,559366.989],[172351.375,559367.271],[172351.39,559367.42],[172342.52,559368.29],[172341.96,559362.48],[172350.385,559361.661],[172350.4,559361.81],[172350.72,559365.13],[172354.734,559364.74],[172354.94,559364.72],[172355.111,559366.53]]]}},{"type":"Feature","properties":{"relatieveHoogteligging":0,"lokaalID":"G1900.f4b24f33ef98407d983ebe495026da39","bgt_status":"bestaand","identificatieBAGPND":"0091100000002269","identificatieBAGVBOLaagsteHuisnummer":"0091010000029660","identificatieBAGVBOHoogsteHuisnummer":"0091010000029660","huisnummers":[{"tekst":"2","pos":[172355,559375],"hoek":0}]},"geometry":{"type":"Polygon","coordinates":[[[172360.35,559372.32],[172360.68,559375.64],[172364.91,559375.21],[172365.14,559377.58],[172352.5,559378.78],[172351.936,559373.007],[172360.335,559372.171],[172360.35,559372.32]]]}},{"type":"Feature","properties":{"relatieveHoogteligging":0,"lokaalID":"G1900.a1b85ed4bdf94c049b2cc8968442a151","bgt_status":"bestaand","identificatieBAGPND":"0091100000006530","identificatieBAGVBOLaagsteHuisnummer":"0091010000029678","identificatieBAGVBOHoogsteHuisnummer":"0091010000029678","huisnummers":[{"tekst":"4","pos":[172355,559370],"hoek":0}]},"geometry":{"type":"Polygon","coordinates":[[[172355.14,559366.84],[172359.78,559366.43],[172360.12,559369.97],[172364.34,559369.56],[172364.57,559371.9],[172360.35,559372.32],[172360.335,559372.171],[172351.936,559373.007],[172351.39,559367.42],[172351.375,559367.271],[172355.154,559366.989],[172355.14,559366.84]]]}},{"type":"Feature","properties":{"relatieveHoogteligging":0,"lokaalID":"G1900.577db7c112cc41d6bb0c4b448df032dd","bgt_status":"bestaand","identificatieBAGPND":"0091100000009672"},"geometry":{"type":"Polygon","coordinates":[[[172357.035,559383.869],[172357.08,559384.308],[172352.898,559384.738],[172352.828,559384.062],[172352.515,559381.022],[172356.696,559380.59],[172357.035,559383.869]]]}},{"type":"Feature","properties":{"relatieveHoogteligging":0,"lokaalID":"G1900.4451c8502cb84f1aa643a1bb00567733","bgt_status":"bestaand","identificatieBAGPND":"0091100000004379"},"geometry":{"type":"Polygon","coordinates":[[[172382.6,559402.72],[172382.91,559406],[172379.72,559406.3],[172379.42,559403.03],[172382.6,559402.72]]]}},{"type":"Feature","properties":{"relatieveHoogteligging":0,"lokaalID":"G1900.5d1e6df4135e4e8080b3eccf9341ad81","bgt_status":"bestaand","identificatieBAGPND":"0091100000018982"},"geometry":{"type":"Polygon","coordinates":[[[172383.02,559407.24],[172383.34,559410.54],[172380.16,559410.81],[172379.78,559407.53],[172383.02,559407.24]]]}},{"type":"Feature","properties":{"relatieveHoogteligging":0,"lokaalID":"G1900.4ff718fa19a346a4976f066c3b0a787f","bgt_status":"bestaand","identificatieBAGPND":"0091100000009858"},"geometry":{"type":"Polygon","coordinates":[[[172370.268,559411.825],[172370.582,559416.068],[172367.538,559416.294],[172367.224,559412.05],[172370.268,559411.825]]]}},{"type":"Feature","properties":{"relatieveHoogteligging":0,"lokaalID":"G1900.b0d45cb846cd4b4e924fc92a69cecf5a","bgt_status":"bestaand","identificatieBAGPND":"0091100000006780","identificatieBAGVBOLaagsteHuisnummer":"0091010000029599","identificatieBAGVBOHoogsteHuisnummer":"0091010000029599","huisnummers":[{"tekst":"7","pos":[172378,559423],"hoek":0}]},"geometry":{"type":"Polygon","coordinates":[[[172382.188,559421.263],[172382.709,559430.817],[172376.76,559431.18],[172376.43,559425.05],[172373.37,559425.21],[172372.98,559418.21],[172379.03,559417.74],[172379.27,559421.45],[172382.188,559421.263]]]}},{"type":"Feature","properties":{"relatieveHoogteligging":0,"lokaalID":"G1900.6db6e8b4f9b748c29565c3d0f9defd98","bgt_status":"bestaand","identificatieBAGPND":"0091100000013083","identificatieBAGVBOLaagsteHuisnummer":"0091010000029603","identificatieBAGVBOHoogsteHuisnummer":"0091010000029603","huisnummers":[{"tekst":"2","pos":[172378,559469],"hoek":0}]},"geometry":{"type":"Polygon","coordinates":[[[172376.37,559475.98],[172375.708,559468.553],[172375.52,559466.44],[172381.068,559465.946],[172381.918,559475.487],[172376.37,559475.98]]]}},{"type":"Feature","properties":{"relatieveHoogteligging":0,"lokaalID":"G1900.80f18ab99f654902b8b9fbe07bb10c6f","bgt_status":"bestaand","identificatieBAGPND":"0091100000013087"},"geometry":{"type":"Polygon","coordinates":[[[172382.185,559478.473],[172384.385,559478.278],[172384.651,559481.267],[172382.451,559481.462],[172382.185,559478.473]]]}},{"type":"Feature","properties":{"relatieveHoogteligging":0,"lokaalID":"G1900.da1e1506a48b4e2aacb18aa361589250","bgt_status":"bestaand","identificatieBAGPND":"0091100000006776"},"geometry":{"type":"Polygon","coordinates":[[[172382.185,559478.473],[172382.451,559481.462],[172380.339,559481.65],[172380.073,559478.661],[172382.185,559478.473]]]}},{"type":"Feature","properties":{"relatieveHoogteligging":0,"lokaalID":"G1900.b583110cf4ac4d7f94ba61cc68c701b8","bgt_status":"bestaand","identificatieBAGPND":"0091100000002315","identificatieBAGVBOLaagsteHuisnummer":"0091010000029669","identificatieBAGVBOHoogsteHuisnummer":"0091010000029669","huisnummers":[{"tekst":"4","pos":[172357,559480],"hoek":0}]},"geometry":{"type":"Polygon","coordinates":[[[172359.547,559488.952],[172359.223,559485.27],[172355.361,559485.61],[172354.222,559485.709],[172353.408,559476.329],[172359.734,559475.78],[172360.534,559485.015],[172361.43,559484.936],[172361.766,559488.756],[172359.547,559488.952]]]}},{"type":"Feature","properties":{"relatieveHoogteligging":0,"lokaalID":"G1900.dfe686b712404f918e632afc6cf1df79","bgt_status":"bestaand","identificatieBAGPND":"0091100000002317","identificatieBAGVBOLaagsteHuisnummer":"0091010000029668","identificatieBAGVBOHoogsteHuisnummer":"0091010000029668","huisnummers":[{"tekst":"56","pos":[172359,559517],"hoek":0}]},"geometry":{"type":"Polygon","coordinates":[[[172353.62,559517.08],[172365.746,559510.673],[172366.787,559512.643],[172363.113,559514.574],[172364.608,559517.416],[172356.141,559521.868],[172353.62,559517.08]]]}},{"type":"Feature","properties":{"relatieveHoogteligging":0,"lokaalID":"G1900.4330a0ec2a004c73b2f6ad32835ffd43","bgt_status":"bestaand","identificatieBAGPND":"0091100000002263","identificatieBAGVBOLaagsteHuisnummer":"0091010000029663","identificatieBAGVBOHoogsteHuisnummer":"0091010000029663","huisnummers":[{"tekst":"58","pos":[172360,559522],"hoek":0}]},"geometry":{"type":"Polygon","coordinates":[[[172367.12,559522.194],[172358.655,559526.645],[172356.141,559521.868],[172364.608,559517.416],[172368.282,559515.485],[172369.3,559517.422],[172365.626,559519.353],[172367.12,559522.194]]]}},{"type":"Feature","properties":{"relatieveHoogteligging":0,"lokaalID":"G1900.a9fc44104f384826a48c2da903ea3ba9","bgt_status":"bestaand","identificatieBAGPND":"0091100000002271","identificatieBAGVBOLaagsteHuisnummer":"0091010000029659","identificatieBAGVBOHoogsteHuisnummer":"0091010000029659","huisnummers":[{"tekst":"60","pos":[172364,559527],"hoek":0}]},"geometry":{"type":"Polygon","coordinates":[[[172361.166,559531.415],[172358.655,559526.645],[172367.12,559522.194],[172370.794,559520.263],[172371.827,559522.228],[172371.251,559522.531],[172368.154,559524.16],[172369.629,559526.965],[172361.166,559531.415]]]}},{"type":"Feature","properties":{"relatieveHoogteligging":0,"lokaalID":"G1900.1b85bdad18ac43fda8646d5de4fd90b6","bgt_status":"bestaand","identificatieBAGPND":"0091100000006566","identificatieBAGVBOLaagsteHuisnummer":"0091010000029650","identificatieBAGVBOHoogsteHuisnummer":"0091010000029650","huisnummers":[{"tekst":"62","pos":[172366,559531],"hoek":0}]},"geometry":{"type":"Polygon","coordinates":[[[172372.16,559531.78],[172372.242,559531.937],[172363.784,559536.387],[172361.166,559531.415],[172369.629,559526.965],[172373.302,559525.034],[172374.336,559526.999],[172370.662,559528.93],[172372.16,559531.78]]]}},{"type":"Feature","properties":{"relatieveHoogteligging":0,"lokaalID":"G1900.8af0eca07de945ebbbf4d291e874d1a2","bgt_status":"bestaand","identificatieBAGPND":"0091100000006860","identificatieBAGVBOLaagsteHuisnummer":"0091010000029610","identificatieBAGVBOHoogsteHuisnummer":"0091010000029610","huisnummers":[{"tekst":"70","pos":[172376,559552],"hoek":0}]},"geometry":{"type":"Polygon","coordinates":[[[172382.409,559551.202],[172373.93,559555.66],[172373.697,559555.218],[172371.251,559550.572],[172379.704,559546.128],[172383.378,559544.197],[172384.406,559546.153],[172380.741,559548.079],[172382.409,559551.202]]]}},{"type":"Feature","properties":{"relatieveHoogteligging":0,"lokaalID":"G1900.3adaf47affee4034921b7e84f99d08df","bgt_status":"bestaand","identificatieBAGPND":"0091100000006768","identificatieBAGVBOLaagsteHuisnummer":"0091010000029632","identificatieBAGVBOHoogsteHuisnummer":"0091010000029632","huisnummers":[{"tekst":"68","pos":[172375,559546],"hoek":0}]},"geometry":{"type":"Polygon","coordinates":[[[172379.704,559546.128],[172371.251,559550.572],[172368.732,559545.785],[172377.186,559541.34],[172380.86,559539.409],[172381.893,559541.374],[172378.219,559543.305],[172379.704,559546.128]]]}},{"type":"Feature","properties":{"relatieveHoogteligging":0,"lokaalID":"G1900.c276e127a96e49488df69cf9703c28da","bgt_status":"bestaand","identificatieBAGPND":"0091100000006748","identificatieBAGVBOLaagsteHuisnummer":"0091010000029637","identificatieBAGVBOHoogsteHuisnummer":"0091010000029637","huisnummers":[{"tekst":"66","pos":[172371,559541],"hoek":0}]},"geometry":{"type":"Polygon","coordinates":[[[172377.186,559541.34],[172368.732,559545.785],[172366.3,559541.166],[172374.756,559536.719],[172374.673,559536.56],[172378.347,559534.629],[172379.381,559536.595],[172375.707,559538.526],[172377.186,559541.34]]]}},{"type":"Feature","properties":{"relatieveHoogteligging":0,"lokaalID":"G1900.d9e1bf6f107b4a50858919d16a0995ef","bgt_status":"bestaand","identificatieBAGPND":"0091100000006581","identificatieBAGVBOLaagsteHuisnummer":"0091010000029647","identificatieBAGVBOHoogsteHuisnummer":"0091010000029647","huisnummers":[{"tekst":"64","pos":[172372,559535],"hoek":0}]},"geometry":{"type":"Polygon","coordinates":[[[172374.673,559536.56],[172374.756,559536.719],[172366.3,559541.166],[172363.784,559536.387],[172372.242,559531.937],[172372.16,559531.78],[172375.834,559529.849],[172375.884,559529.945],[172378.205,559528.677],[172379.185,559530.565],[172376.858,559531.797],[172373.184,559533.728],[172374.673,559536.56]]]}},{"type":"Feature","properties":{"relatieveHoogteligging":0,"lokaalID":"G1900.25e6555cf05540a69eff97ef6318035c","bgt_status":"bestaand","identificatieBAGPND":"0091100000009704"},"geometry":{"type":"Polygon","coordinates":[[[172372.619,559511.645],[172374.556,559510.486],[172376.179,559513.199],[172374.246,559514.356],[172374.243,559514.358],[172374.133,559514.174],[172372.619,559511.645]]]}},{"type":"Feature","properties":{"relatieveHoogteligging":0,"lokaalID":"G1900.b3a6837837e041b08e3b180436840a6a","bgt_status":"bestaand","identificatieBAGPND":"0091100000008584","identificatieBAGVBOLaagsteHuisnummer":"0091010000029582","identificatieBAGVBOHoogsteHuisnummer":"0091010000029582","huisnummers":[{"tekst":"54","pos":[172382,559505],"hoek":0}]},"geometry":{"type":"Polygon","coordinates":[[[172386.5,559499.69],[172389.765,559504.227],[172382.002,559509.819],[172382.107,559509.965],[172378.75,559512.38],[172377.455,559510.58],[172380.812,559508.165],[172378.73,559505.27],[172378.918,559505.135],[172386.5,559499.69]]]}},{"type":"Feature","properties":{"relatieveHoogteligging":0,"lokaalID":"G1900.ccccee9767a64c5980ec539f07998874","bgt_status":"bestaand","identificatieBAGPND":"0091100000016564","identificatieBAGVBOLaagsteHuisnummer":"0091010000029593","identificatieBAGVBOHoogsteHuisnummer":"0091010000029593","huisnummers":[{"tekst":"52","pos":[172389.618,559508.058],"hoek":0}]},"geometry":{"type":"Polygon","coordinates":[[[172389.765,559504.227],[172393.03,559508.762],[172385.263,559514.352],[172381.906,559516.767],[172380.611,559514.967],[172383.968,559512.552],[172382.107,559509.965],[172382.002,559509.819],[172389.765,559504.227]]]}},{"type":"Feature","properties":{"relatieveHoogteligging":0,"lokaalID":"G1900.2bf7e8d45c084176a3276becd56871dc","bgt_status":"bestaand","identificatieBAGPND":"0091100000008576","identificatieBAGVBOLaagsteHuisnummer":"0091010000029592","identificatieBAGVBOHoogsteHuisnummer":"0091010000029592","huisnummers":[{"tekst":"50","pos":[172392.938,559512.431],"hoek":0}]},"geometry":{"type":"Polygon","coordinates":[[[172393.03,559508.762],[172396.192,559513.157],[172388.425,559518.747],[172385.068,559521.162],[172383.767,559519.354],[172387.124,559516.939],[172385.263,559514.352],[172393.03,559508.762]]]}},{"type":"Feature","properties":{"relatieveHoogteligging":0,"lokaalID":"G1900.c07f6c24e8f04ecc88533f830bb096ea","bgt_status":"bestaand","identificatieBAGPND":"0091100000012102","identificatieBAGVBOLaagsteHuisnummer":"0091010000029583","identificatieBAGVBOHoogsteHuisnummer":"0091010000029583","huisnummers":[{"tekst":"48","pos":[172395.772,559516.723],"hoek":0}]},"geometry":{"type":"Polygon","coordinates":[[[172396.192,559513.157],[172399.343,559517.534],[172389.05,559524.942],[172388.217,559525.541],[172388.05,559525.309],[172386.928,559523.749],[172390.285,559521.334],[172388.425,559518.747],[172396.192,559513.157]]]}},{"type":"Feature","properties":{"relatieveHoogteligging":0,"lokaalID":"G1900.b6b09781d20d47e0a6214cd638e3fa23","bgt_status":"bestaand","identificatieBAGPND":"0091100000009349","identificatieBAGVBOLaagsteHuisnummer":"0091010000031221","identificatieBAGVBOHoogsteHuisnummer":"0091010000031221","huisnummers":[{"tekst":"46","pos":[172398.525,559521.419],"hoek":0}]},"geometry":{"type":"Polygon","coordinates":[[[172399.343,559517.534],[172402.494,559521.912],[172394.724,559527.505],[172391.367,559529.92],[172390.072,559528.12],[172390.888,559527.533],[172389.05,559524.942],[172399.343,559517.534]]]}},{"type":"Feature","properties":{"relatieveHoogteligging":0,"lokaalID":"G1900.914a07d0a5184472a2471df0d131c301","bgt_status":"bestaand","identificatieBAGPND":"0091100000008193","identificatieBAGVBOLaagsteHuisnummer":"0091010000029561","identificatieBAGVBOHoogsteHuisnummer":"0091010000029561","huisnummers":[{"tekst":"44","pos":[172400,559525],"hoek":0}]},"geometry":{"type":"Polygon","coordinates":[[[172402.494,559521.912],[172405.555,559526.165],[172397.785,559531.759],[172397.869,559531.876],[172394.511,559534.291],[172393.228,559532.507],[172396.585,559530.092],[172394.724,559527.505],[172402.494,559521.912]]]}},{"type":"Feature","properties":{"relatieveHoogteligging":0,"lokaalID":"G1900.c5276db599514fdcab00bb025a1b00b5","bgt_status":"bestaand","identificatieBAGPND":"0091100000012371","identificatieBAGVBOLaagsteHuisnummer":"0091010000029528","identificatieBAGVBOHoogsteHuisnummer":"0091010000029528","huisnummers":[{"tekst":"40","pos":[172404,559535],"hoek":0}]},"geometry":{"type":"Polygon","coordinates":[[[172408.71,559530.548],[172411.981,559535.093],[172400.852,559543.105],[172399.54,559541.28],[172402.897,559538.866],[172401.036,559536.279],[172400.939,559536.145],[172408.71,559530.548]]]}},{"type":"Feature","properties":{"relatieveHoogteligging":0,"lokaalID":"G1900.0e5fa0f17198458c9fc172c7b0a411a5","bgt_status":"bestaand","identificatieBAGPND":"0091100000007238","identificatieBAGVBOLaagsteHuisnummer":"0091010000029553","identificatieBAGVBOHoogsteHuisnummer":"0091010000029553","huisnummers":[{"tekst":"42","pos":[172401,559531],"hoek":0}]},"geometry":{"type":"Polygon","coordinates":[[[172405.555,559526.165],[172408.71,559530.548],[172400.939,559536.145],[172401.036,559536.279],[172397.679,559538.694],[172396.384,559536.894],[172399.741,559534.479],[172397.869,559531.876],[172397.785,559531.759],[172405.555,559526.165]]]}},{"type":"Feature","properties":{"relatieveHoogteligging":0,"lokaalID":"G1900.cb02c426847c463ba06980bd5eeaea10","bgt_status":"bestaand","identificatieBAGPND":"0091100000016954"},"geometry":{"type":"Polygon","coordinates":[[[172414.519,559475.599],[172416.659,559475.409],[172416.925,559478.398],[172414.785,559478.588],[172414.519,559475.599]]]}},{"type":"Feature","properties":{"relatieveHoogteligging":0,"lokaalID":"G1900.04f10876ef274956890dcbd41558c1e1","bgt_status":"bestaand","identificatieBAGPND":"0091100000016956"},"geometry":{"type":"Polygon","coordinates":[[[172414.519,559475.599],[172414.785,559478.588],[172412.612,559478.781],[172412.346,559475.792],[172414.519,559475.599]]]}},{"type":"Feature","properties":{"relatieveHoogteligging":0,"lokaalID":"G1900.6d9bf030cf3b4422921452361b378ac9","bgt_status":"bestaand","identificatieBAGPND":"0091100000018976","identificatieBAGVBOLaagsteHuisnummer":"0091010000029508","identificatieBAGVBOHoogsteHuisnummer":"0091010000029508","huisnummers":[{"tekst":"14","pos":[172411,559469],"hoek":0}]},"geometry":{"type":"Polygon","coordinates":[[[172408.863,559473.091],[172408.013,559463.545],[172413.402,559463.065],[172414.253,559472.612],[172408.863,559473.091]]]}},{"type":"Feature","properties":{"relatieveHoogteligging":0,"lokaalID":"G1900.ac42579c2589468db960d683f9fa03cb","bgt_status":"bestaand","identificatieBAGPND":"0091100000006890","identificatieBAGVBOLaagsteHuisnummer":"0091010000029547","identificatieBAGVBOHoogsteHuisnummer":"0091010000029547","huisnummers":[{"tekst":"10","pos":[172400,559469],"hoek":0}]},"geometry":{"type":"Polygon","coordinates":[[[172398.085,559474.049],[172397.235,559464.505],[172402.624,559464.025],[172403.474,559473.57],[172398.085,559474.049]]]}},{"type":"Feature","properties":{"relatieveHoogteligging":0,"lokaalID":"G1900.69d43b7154f9431589812a613fb007cb","bgt_status":"bestaand","identificatieBAGPND":"0091100000012361","identificatieBAGVBOLaagsteHuisnummer":"0091010000029530","identificatieBAGVBOHoogsteHuisnummer":"0091010000029530","huisnummers":[{"tekst":"12","pos":[172405,559469],"hoek":0}]},"geometry":{"type":"Polygon","coordinates":[[[172403.474,559473.57],[172402.624,559464.025],[172408.013,559463.545],[172408.863,559473.091],[172403.474,559473.57]]]}},{"type":"Feature","properties":{"relatieveHoogteligging":0,"lokaalID":"G1900.6b30dbfd255c4327aa17e56d364f1eab","bgt_status":"bestaand","identificatieBAGPND":"0091100000003865"},"geometry":{"type":"Polygon","coordinates":[[[172403.741,559476.557],[172405.901,559476.365],[172406.167,559479.354],[172404.007,559479.546],[172403.741,559476.557]]]}},{"type":"Feature","properties":{"relatieveHoogteligging":0,"lokaalID":"G1900.139d5188e73e4b87bd34fe9cefb9ff03","bgt_status":"bestaand","identificatieBAGPND":"0091100000003873"},"geometry":{"type":"Polygon","coordinates":[[[172403.741,559476.557],[172404.007,559479.546],[172401.864,559479.737],[172401.598,559476.748],[172403.741,559476.557]]]}},{"type":"Feature","properties":{"relatieveHoogteligging":0,"lokaalID":"G1900.7f640e3292014abfb5f5dceecd924f51","bgt_status":"bestaand","identificatieBAGPND":"0091100000008185","identificatieBAGVBOLaagsteHuisnummer":"0091010000029563","identificatieBAGVBOHoogsteHuisnummer":"0091010000029563","huisnummers":[{"tekst":"8","pos":[172395,559470],"hoek":0}]},"geometry":{"type":"Polygon","coordinates":[[[172392.696,559474.528],[172391.846,559464.985],[172397.235,559464.505],[172398.085,559474.049],[172392.696,559474.528]]]}},{"type":"Feature","properties":{"relatieveHoogteligging":0,"lokaalID":"G1900.6e491e8c8e534d01bbd5cf889bf713bf","bgt_status":"bestaand","identificatieBAGPND":"0091100000009065"},"geometry":{"type":"Polygon","coordinates":[[[172392.963,559477.516],[172393.229,559480.505],[172391.096,559480.694],[172390.83,559477.705],[172392.963,559477.516]]]}},{"type":"Feature","properties":{"relatieveHoogteligging":0,"lokaalID":"G1900.3d6def9c6302404a928958b59141366c","bgt_status":"bestaand","identificatieBAGPND":"0091100000009061"},"geometry":{"type":"Polygon","coordinates":[[[172392.963,559477.516],[172395.154,559477.321],[172395.42,559480.31],[172393.229,559480.505],[172392.963,559477.516]]]}},{"type":"Feature","properties":{"relatieveHoogteligging":0,"lokaalID":"G1900.3177f077c3694d2cae380d1fcd893552","bgt_status":"bestaand","identificatieBAGPND":"0091100000013913","identificatieBAGVBOLaagsteHuisnummer":"0091010000029588","identificatieBAGVBOHoogsteHuisnummer":"0091010000029588","huisnummers":[{"tekst":"4","pos":[172385,559472],"hoek":0}]},"geometry":{"type":"Polygon","coordinates":[[[172381.918,559475.487],[172381.068,559465.946],[172386.457,559465.465],[172387.307,559475.008],[172381.918,559475.487]]]}},{"type":"Feature","properties":{"relatieveHoogteligging":0,"lokaalID":"G1900.4157764d85d24d1e8887cea69fd5dc6f","bgt_status":"bestaand","identificatieBAGPND":"0091100000016144","identificatieBAGVBOLaagsteHuisnummer":"0091010000029578","identificatieBAGVBOHoogsteHuisnummer":"0091010000029578","huisnummers":[{"tekst":"6","pos":[172390,559470],"hoek":0}]},"geometry":{"type":"Polygon","coordinates":[[[172387.307,559475.008],[172386.457,559465.465],[172391.846,559464.985],[172392.696,559474.528],[172387.307,559475.008]]]}},{"type":"Feature","properties":{"relatieveHoogteligging":0,"lokaalID":"G1900.a9fc8d65f068410184363fd763c6c4ab","bgt_status":"bestaand","identificatieBAGPND":"0091100000006182","identificatieBAGVBOLaagsteHuisnummer":"0091010000029537","identificatieBAGVBOHoogsteHuisnummer":"0091010000029537","huisnummers":[{"tekst":"3","pos":[172400,559422],"hoek":0}]},"geometry":{"type":"Polygon","coordinates":[[[172404.275,559419.887],[172404.879,559429.428],[172398.94,559429.8],[172398.56,559423.79],[172395.46,559423.98],[172395,559416.77],[172401.06,559416.39],[172401.29,559420.07],[172404.275,559419.887]]]}},{"type":"Feature","properties":{"relatieveHoogteligging":0,"lokaalID":"G1900.5be802d48705460bb4a9090e30e51819","bgt_status":"bestaand","identificatieBAGPND":"0091100000009081","identificatieBAGVBOLaagsteHuisnummer":"0091010000029569","identificatieBAGVBOHoogsteHuisnummer":"0091010000029569","huisnummers":[{"tekst":"5","pos":[172401,559397],"hoek":0}]},"geometry":{"type":"Polygon","coordinates":[[[172404.872,559394.65],[172405.31,559399.32],[172398.14,559399.97],[172398.127,559399.841],[172393.712,559400.259],[172393.7,559400.13],[172393.413,559397.124],[172393.282,559395.759],[172404.872,559394.65]]]}},{"type":"Feature","properties":{"relatieveHoogteligging":0,"lokaalID":"G1900.1c6ac54af4d44dd5b82981a10c8f2dee","bgt_status":"bestaand","identificatieBAGPND":"0091100000009073","identificatieBAGVBOLaagsteHuisnummer":"0091010000029571","identificatieBAGVBOHoogsteHuisnummer":"0091010000029571","huisnummers":[{"tekst":"7","pos":[172403,559393],"hoek":0}]},"geometry":{"type":"Polygon","coordinates":[[[172404.46,559390.26],[172404.872,559394.65],[172393.282,559395.759],[172392.85,559391.238],[172396.034,559390.934],[172396.02,559390.79],[172399.99,559390.41],[172400.003,559390.549],[172404.447,559390.121],[172404.46,559390.26]]]}},{"type":"Feature","properties":{"relatieveHoogteligging":0,"lokaalID":"G1900.7921f30044cf48e1a68f58006529211a","bgt_status":"bestaand","identificatieBAGPND":"0091100000014032","identificatieBAGVBOLaagsteHuisnummer":"0091010000029587","identificatieBAGVBOHoogsteHuisnummer":"0091010000029587","huisnummers":[{"tekst":"3","pos":[172396,559403],"hoek":0}]},"geometry":{"type":"Polygon","coordinates":[[[172398.14,559399.97],[172398.577,559404.351],[172386.979,559405.477],[172386.542,559400.953],[172389.713,559400.647],[172389.7,559400.51],[172393.7,559400.13],[172393.712,559400.259],[172398.127,559399.841],[172398.14,559399.97]]]}},{"type":"Feature","properties":{"relatieveHoogteligging":0,"lokaalID":"G1900.d54905f23976472b896a923d22539e8d","bgt_status":"bestaand","identificatieBAGPND":"0091100000008197","identificatieBAGVBOLaagsteHuisnummer":"0091010000029560","identificatieBAGVBOHoogsteHuisnummer":"0091010000029560","huisnummers":[{"tekst":"1","pos":[172396,559407],"hoek":0}]},"geometry":{"type":"Polygon","coordinates":[[[172398.577,559404.351],[172399.04,559409],[172387.43,559410.15],[172386.979,559405.477],[172398.577,559404.351]]]}},{"type":"Feature","properties":{"relatieveHoogteligging":0,"lokaalID":"G1900.213cffef6e1643fa91fc5512b28cf68e","bgt_status":"bestaand","identificatieBAGPND":"0091100000009688"},"geometry":{"type":"Polygon","coordinates":[[[172392.639,559410.14],[172392.804,559415.182],[172389.302,559415.299],[172389.136,559410.256],[172392.639,559410.14]]]}},{"type":"Feature","properties":{"relatieveHoogteligging":0,"lokaalID":"G1900.cdf1cb81b44a402cb110f69ff6b69a1a","bgt_status":"bestaand","identificatieBAGPND":"0091100000006870","identificatieBAGVBOLaagsteHuisnummer":"0091010000029602","identificatieBAGVBOHoogsteHuisnummer":"0091010000029602","huisnummers":[{"tekst":"5","pos":[172386,559423],"hoek":0}]},"geometry":{"type":"Polygon","coordinates":[[[172382.188,559421.263],[172385.19,559421.07],[172384.95,559417.4],[172391.1,559417.01],[172391.49,559424.19],[172388.4,559424.35],[172388.73,559430.45],[172382.709,559430.817],[172382.188,559421.263]]]}},{"type":"Feature","properties":{"relatieveHoogteligging":0,"lokaalID":"G1900.24ae5bae77fe4e77942c5f28a1718afd","bgt_status":"bestaand","identificatieBAGPND":"0091100000013742"},"geometry":{"type":"Polygon","coordinates":[[[172389,559393.01],[172389.29,559396.31],[172386.2,559396.58],[172385.81,559393.3],[172389,559393.01]]]}},{"type":"Feature","properties":{"relatieveHoogteligging":0,"lokaalID":"G1900.b6dad80283134a16a8a1de52dee0abbe","bgt_status":"bestaand","identificatieBAGPND":"0091100000008580"},"geometry":{"type":"Polygon","coordinates":[[[172393.413,559397.124],[172393.7,559400.13],[172389.7,559400.51],[172389.713,559400.647],[172386.542,559400.953],[172386.24,559397.82],[172393.413,559397.124]]]}},{"type":"Feature","properties":{"relatieveHoogteligging":0,"lokaalID":"G1900.0756cb0fe377407ab7334dbd573113a4","bgt_status":"bestaand","identificatieBAGPND":"0091100000013737"},"geometry":{"type":"Polygon","coordinates":[[[172395.31,559383.28],[172395.61,559386.56],[172392.44,559386.86],[172392.13,559383.59],[172395.31,559383.28]]]}},{"type":"Feature","properties":{"relatieveHoogteligging":0,"lokaalID":"G1900.4c0fbcbd8e704d7aaba56ca4f6e22973","bgt_status":"bestaand","identificatieBAGPND":"0091100000007135"},"geometry":{"type":"Polygon","coordinates":[[[172396.02,559390.79],[172396.034,559390.934],[172392.85,559391.238],[172392.55,559388.1],[172395.73,559387.8],[172396.02,559390.79]]]}},{"type":"Feature","properties":{"relatieveHoogteligging":0,"lokaalID":"G1900.42a0771d8d0b43efa5b1889714007a6c","bgt_status":"bestaand","identificatieBAGPND":"0091100000004437"},"geometry":{"type":"Polygon","coordinates":[[[172401.6,559373.54],[172401.91,559376.84],[172398.73,559377.15],[172398.43,559373.84],[172401.6,559373.54]]]}},{"type":"Feature","properties":{"relatieveHoogteligging":0,"lokaalID":"G1900.31395b7e58ac48fdb2703ec5621be479","bgt_status":"bestaand","identificatieBAGPND":"0091100000008205","identificatieBAGVBOLaagsteHuisnummer":"0091010000029558","identificatieBAGVBOHoogsteHuisnummer":"0091010000029558","huisnummers":[{"tekst":"11","pos":[172409,559382],"hoek":0}]},"geometry":{"type":"Polygon","coordinates":[[[172406.31,559380.71],[172406.318,559380.809],[172410.748,559380.419],[172410.76,559380.53],[172411.182,559384.929],[172399.572,559386.039],[172399.14,559381.519],[172402.322,559381.215],[172402.31,559381.08],[172406.31,559380.71]]]}},{"type":"Feature","properties":{"relatieveHoogteligging":0,"lokaalID":"G1900.2ed2ce5cce674dcead82671f430e01b4","bgt_status":"bestaand","identificatieBAGPND":"0091100000007140","identificatieBAGVBOLaagsteHuisnummer":"0091010000029557","identificatieBAGVBOHoogsteHuisnummer":"0091010000029557","huisnummers":[{"tekst":"9","pos":[172409,559388],"hoek":0}]},"geometry":{"type":"Polygon","coordinates":[[[172411.182,559384.929],[172411.63,559389.59],[172404.46,559390.26],[172404.447,559390.121],[172400.003,559390.549],[172399.99,559390.41],[172399.572,559386.039],[172411.182,559384.929]]]}},{"type":"Feature","properties":{"relatieveHoogteligging":0,"lokaalID":"G1900.b4a4ee6a783d49dda2b893f575043dae","bgt_status":"bestaand","identificatieBAGPND":"0091100000006882"},"geometry":{"type":"Polygon","coordinates":[[[172402.31,559381.08],[172402.322,559381.215],[172399.14,559381.519],[172398.84,559378.38],[172402.03,559378.08],[172402.31,559381.08]]]}},{"type":"Feature","properties":{"relatieveHoogteligging":0,"lokaalID":"G1900.64392c5f2f2a42009984d806f91f36a3","bgt_status":"bestaand","identificatieBAGPND":"0091100000003877","identificatieBAGVBOLaagsteHuisnummer":"0091010000029540","identificatieBAGVBOHoogsteHuisnummer":"0091010000029540","huisnummers":[{"tekst":"1","pos":[172408,559421],"hoek":0}]},"geometry":{"type":"Polygon","coordinates":[[[172404.275,559419.887],[172407.34,559419.7],[172407.11,559416.02],[172413.18,559415.64],[172413.64,559422.85],[172410.52,559423.04],[172410.9,559429.05],[172404.879,559429.428],[172404.275,559419.887]]]}},{"type":"Feature","properties":{"relatieveHoogteligging":0,"lokaalID":"G1900.90a895937814414189ee82140503dc05","bgt_status":"bestaand","identificatieBAGPND":"0091100000012346","identificatieBAGVBOLaagsteHuisnummer":"0091010000029533","identificatieBAGVBOHoogsteHuisnummer":"0091010000029533","huisnummers":[{"tekst":"13","pos":[172415,559377],"hoek":0}]},"geometry":{"type":"Polygon","coordinates":[[[172405.893,559376.329],[172417.495,559375.225],[172417.93,559379.9],[172410.76,559380.53],[172410.748,559380.419],[172406.318,559380.809],[172406.31,559380.71],[172405.893,559376.329]]]}},{"type":"Feature","properties":{"relatieveHoogteligging":0,"lokaalID":"G1900.8a1ddade6d07446f863ce0d9940637c6","bgt_status":"bestaand","identificatieBAGPND":"0091100000014270","identificatieBAGVBOLaagsteHuisnummer":"0091010000029502","identificatieBAGVBOHoogsteHuisnummer":"0091010000029502","huisnummers":[{"tekst":"15","pos":[172414,559372],"hoek":0}]},"geometry":{"type":"Polygon","coordinates":[[[172405.893,559376.329],[172405.45,559371.67],[172417.06,559370.56],[172417.495,559375.225],[172405.893,559376.329]]]}},{"type":"Feature","properties":{"relatieveHoogteligging":0,"lokaalID":"G1900.22da8b5268ff4c14b6a37105140fa14f","bgt_status":"bestaand","identificatieBAGPND":"0091100000006910","identificatieBAGVBOLaagsteHuisnummer":"0091010000029542","identificatieBAGVBOHoogsteHuisnummer":"0091010000029542","huisnummers":[{"tekst":"14","pos":[172398,559327],"hoek":0}]},"geometry":{"type":"Polygon","coordinates":[[[172408.169,559328.833],[172408.17,559328.84],[172395.907,559329.938],[172395.44,559329.98],[172394.914,559324.157],[172403.346,559323.371],[172403.36,559323.52],[172403.68,559326.83],[172407.9,559326.42],[172408.169,559328.833]]]}},{"type":"Feature","properties":{"relatieveHoogteligging":0,"lokaalID":"G1900.43cd2b721bb34fc4aa00dc7f9ccf54ab","bgt_status":"bestaand","identificatieBAGPND":"0091100000005029","identificatieBAGVBOLaagsteHuisnummer":"0091010000029566","identificatieBAGVBOHoogsteHuisnummer":"0091010000029566","huisnummers":[{"tekst":"16","pos":[172398,559320],"hoek":0}]},"geometry":{"type":"Polygon","coordinates":[[[172403.36,559323.52],[172403.346,559323.371],[172394.914,559324.157],[172394.408,559318.555],[172402.795,559317.701],[172402.81,559317.85],[172403.13,559321.16],[172407.35,559320.75],[172407.54,559323.13],[172403.36,559323.52]]]}},{"type":"Feature","properties":{"relatieveHoogteligging":0,"lokaalID":"G1900.2272593049f140ab97e41ce16d85d7ef","bgt_status":"bestaand","identificatieBAGPND":"0091100000009089","identificatieBAGVBOLaagsteHuisnummer":"0091010000029567","identificatieBAGVBOHoogsteHuisnummer":"0091010000029567","huisnummers":[{"tekst":"18","pos":[172397,559314],"hoek":0}]},"geometry":{"type":"Polygon","coordinates":[[[172402.81,559317.85],[172402.795,559317.701],[172394.408,559318.555],[172393.894,559312.864],[172402.255,559312.031],[172402.27,559312.18],[172402.59,559315.5],[172406.8,559315.08],[172407.03,559317.42],[172402.81,559317.85]]]}},{"type":"Feature","properties":{"relatieveHoogteligging":0,"lokaalID":"G1900.1a2e9347e85d46af9322f15a66584f8d","bgt_status":"bestaand","identificatieBAGPND":"0091100000007148","identificatieBAGVBOLaagsteHuisnummer":"0091010000029555","identificatieBAGVBOHoogsteHuisnummer":"0091010000029555","huisnummers":[{"tekst":"26","pos":[172395,559292],"hoek":0}]},"geometry":{"type":"Polygon","coordinates":[[[172400.64,559295.18],[172400.625,559295.031],[172392.359,559295.856],[172391.82,559289.89],[172400.06,559289.26],[172400.41,559292.83],[172404.526,559292.431],[172404.64,559292.42],[172404.85,559294.76],[172400.64,559295.18]]]}},{"type":"Feature","properties":{"relatieveHoogteligging":0,"lokaalID":"G1900.19a720a5c0914586990e6bf64b6680b0","bgt_status":"bestaand","identificatieBAGPND":"0091100000015999","identificatieBAGVBOLaagsteHuisnummer":"0091010000029573","identificatieBAGVBOHoogsteHuisnummer":"0091010000029573","huisnummers":[{"tekst":"24","pos":[172395,559297],"hoek":0}]},"geometry":{"type":"Polygon","coordinates":[[[172401.18,559300.84],[172401.165,559300.691],[172392.872,559301.537],[172392.865,559301.457],[172392.359,559295.856],[172400.625,559295.031],[172400.64,559295.18],[172400.96,559298.49],[172405.17,559298.05],[172405.39,559300.41],[172401.18,559300.84]]]}},{"type":"Feature","properties":{"relatieveHoogteligging":0,"lokaalID":"G1900.4f7c7f01c7be4c5c8deeff869bd47762","bgt_status":"bestaand","identificatieBAGPND":"0091100000009085","identificatieBAGVBOLaagsteHuisnummer":"0091010000029568","identificatieBAGVBOHoogsteHuisnummer":"0091010000029568","huisnummers":[{"tekst":"20","pos":[172397,559309],"hoek":0}]},"geometry":{"type":"Polygon","coordinates":[[[172402.27,559312.18],[172402.255,559312.031],[172393.894,559312.864],[172393.396,559307.34],[172393.389,559307.269],[172401.714,559306.381],[172401.73,559306.53],[172402.05,559309.84],[172406.26,559309.4],[172406.48,559311.76],[172402.27,559312.18]]]}},{"type":"Feature","properties":{"relatieveHoogteligging":0,"lokaalID":"G1900.9158ac52419f47aeab87abd4a13027aa","bgt_status":"bestaand","identificatieBAGPND":"0091100000017528","identificatieBAGVBOLaagsteHuisnummer":"0091010000031607","identificatieBAGVBOHoogsteHuisnummer":"0091010000031607","huisnummers":[{"tekst":"22","pos":[172396,559303],"hoek":0}]},"geometry":{"type":"Polygon","coordinates":[[[172401.73,559306.53],[172401.714,559306.381],[172393.389,559307.269],[172393.396,559307.34],[172390.211,559307.658],[172389.727,559301.796],[172392.865,559301.457],[172392.872,559301.537],[172401.165,559300.691],[172401.18,559300.84],[172401.5,559304.16],[172405.72,559303.73],[172405.94,559306.08],[172401.73,559306.53]]]}},{"type":"Feature","properties":{"relatieveHoogteligging":0,"lokaalID":"G1900.ed8121722c4947bda445f40a5d6333a0","bgt_status":"bestaand","identificatieBAGPND":"0091100000011067","identificatieBAGVBOLaagsteHuisnummer":"0091010000031708","identificatieBAGVBOHoogsteHuisnummer":"0091010000031708","huisnummers":[{"tekst":"1","pos":[172383,559358],"hoek":0}]},"geometry":{"type":"Polygon","coordinates":[[[172387.939,559360.387],[172372.89,559361.85],[172372.69,559359.38],[172376.89,559359.09],[172376.57,559355.8],[172376.556,559355.651],[172384.961,559354.816],[172384.962,559354.827],[172387.38,559354.594],[172387.939,559360.387]]]}},{"type":"Feature","properties":{"relatieveHoogteligging":0,"lokaalID":"G1900.6c9cfce993ba4552b83fdf5b455ef26d","bgt_status":"bestaand","identificatieBAGPND":"0091100000003859","identificatieBAGVBOLaagsteHuisnummer":"0091010000029615","identificatieBAGVBOHoogsteHuisnummer":"0091010000029615","huisnummers":[{"tekst":"3","pos":[172381,559352],"hoek":0}]},"geometry":{"type":"Polygon","coordinates":[[[172384.961,559354.816],[172376.556,559355.651],[172376.57,559355.8],[172372.34,559356.22],[172372.12,559353.82],[172376.35,559353.41],[172376.03,559350.1],[172376.016,559349.951],[172384.413,559349.137],[172384.961,559354.816]]]}},{"type":"Feature","properties":{"relatieveHoogteligging":0,"lokaalID":"G1900.708e50925de644289eaca92934d548a2","bgt_status":"bestaand","identificatieBAGPND":"0091100000003847","identificatieBAGVBOLaagsteHuisnummer":"0091010000029618","identificatieBAGVBOHoogsteHuisnummer":"0091010000029618","huisnummers":[{"tekst":"5","pos":[172377,559346],"hoek":0}]},"geometry":{"type":"Polygon","coordinates":[[[172384.413,559349.137],[172376.016,559349.951],[172376.03,559350.1],[172371.81,559350.5],[172371.59,559348.13],[172375.81,559347.75],[172375.49,559344.41],[172375.475,559344.261],[172383.864,559343.442],[172384.413,559349.137]]]}},{"type":"Feature","properties":{"relatieveHoogteligging":0,"lokaalID":"G1900.75d6dfdfac3142489201f74e9ed20314","bgt_status":"bestaand","identificatieBAGPND":"0091100000006677","identificatieBAGVBOLaagsteHuisnummer":"0091010000029623","identificatieBAGVBOHoogsteHuisnummer":"0091010000029623","huisnummers":[{"tekst":"7","pos":[172378,559340],"hoek":0}]},"geometry":{"type":"Polygon","coordinates":[[[172383.864,559343.442],[172375.475,559344.261],[172375.49,559344.41],[172371.26,559344.8],[172371.03,559342.45],[172375.26,559342.05],[172374.95,559338.73],[172374.935,559338.581],[172383.317,559337.762],[172383.864,559343.442]]]}},{"type":"Feature","properties":{"relatieveHoogteligging":0,"lokaalID":"G1900.1f9c6c4ec2c04fa4899e16a38b6867bd","bgt_status":"bestaand","identificatieBAGPND":"0091100000006665","identificatieBAGVBOLaagsteHuisnummer":"0091010000029626","identificatieBAGVBOHoogsteHuisnummer":"0091010000029626","huisnummers":[{"tekst":"9","pos":[172377,559334],"hoek":0}]},"geometry":{"type":"Polygon","coordinates":[[[172383.317,559337.762],[172374.935,559338.581],[172374.95,559338.73],[172370.72,559339.14],[172370.5,559336.77],[172374.72,559336.37],[172374.41,559333.05],[172374.401,559332.958],[172376.858,559332.707],[172376.85,559332.61],[172382.76,559331.99],[172383.317,559337.762]]]}},{"type":"Feature","properties":{"relatieveHoogteligging":0,"lokaalID":"G1900.70d12e84b33c4e7eb52359efed9813ff","bgt_status":"bestaand","identificatieBAGPND":"0091100000003843","identificatieBAGVBOLaagsteHuisnummer":"0091010000029619","identificatieBAGVBOHoogsteHuisnummer":"0091010000029619","huisnummers":[{"tekst":"15","pos":[172375,559317],"hoek":0}]},"geometry":{"type":"Polygon","coordinates":[[[172363.238,559322.661],[172362.97,559320.33],[172367.2,559319.94],[172366.86,559316.38],[172375.26,559315.58],[172375.797,559321.331],[172367.416,559322.131],[172367.43,559322.28],[172363.24,559322.68],[172363.238,559322.661]]]}},{"type":"Feature","properties":{"relatieveHoogteligging":0,"lokaalID":"G1900.d795ca88c10d4384bb31cad87fbfcafd","bgt_status":"bestaand","identificatieBAGPND":"0091100000006661","identificatieBAGVBOLaagsteHuisnummer":"0091010000029627","identificatieBAGVBOHoogsteHuisnummer":"0091010000029627","huisnummers":[{"tekst":"11","pos":[172372,559330],"hoek":0}]},"geometry":{"type":"Polygon","coordinates":[[[172368.124,559333.683],[172364.29,559334.069],[172364.06,559331.7],[172368.29,559331.3],[172367.97,559327.97],[172367.956,559327.821],[172376.328,559327.015],[172376.85,559332.61],[172376.858,559332.707],[172374.401,559332.958],[172374.41,559333.05],[172370.193,559333.475],[172368.124,559333.683]]]}},{"type":"Feature","properties":{"relatieveHoogteligging":0,"lokaalID":"G1900.35746b30055949138451b211d4095a4b","bgt_status":"bestaand","identificatieBAGPND":"0091100000009684"},"geometry":{"type":"Polygon","coordinates":[[[172358.557,559328.865],[172358.986,559333.446],[172355.286,559333.793],[172354.856,559329.211],[172358.557,559328.865]]]}},{"type":"Feature","properties":{"relatieveHoogteligging":0,"lokaalID":"G1900.427dd1f79a5d49258689d6651a72ee48","bgt_status":"bestaand","identificatieBAGPND":"0091100000009850"},"geometry":{"type":"Polygon","coordinates":[[[172355.781,559304.826],[172356.131,559308.164],[172353.328,559308.458],[172352.98,559305.121],[172355.781,559304.826]]]}},{"type":"Feature","properties":{"relatieveHoogteligging":0,"lokaalID":"G1900.a366fa9e77c94e4b9c040d808350a5ad","bgt_status":"bestaand","identificatieBAGPND":"1900100000315937"},"geometry":{"type":"Polygon","coordinates":[[[172363.238,559322.661],[172360.152,559322.914],[172360.12,559322.917],[172359.932,559320.646],[172362.97,559320.33],[172363.238,559322.661]]]}},{"type":"Feature","properties":{"relatieveHoogteligging":0,"lokaalID":"G1900.4e77091606784955871774f309b341aa","bgt_status":"bestaand","identificatieBAGPND":"0091100000006756","identificatieBAGVBOLaagsteHuisnummer":"0091010000029635","identificatieBAGVBOHoogsteHuisnummer":"0091010000029635","huisnummers":[{"tekst":"89","pos":[172375,559264],"hoek":0}]},"geometry":{"type":"Polygon","coordinates":[[[172379.854,559261.199],[172380.006,559262.918],[172382.706,559262.656],[172382.949,559262.428],[172386.13,559262.05],[172386.43,559265.33],[172382.359,559265.702],[172382.33,559265.38],[172380.24,559265.56],[172380.255,559265.726],[172370.445,559266.604],[172370.46,559266.77],[172368.67,559266.93],[172368.227,559262.229],[172379.854,559261.199]]]}},{"type":"Feature","properties":{"relatieveHoogteligging":0,"lokaalID":"G1900.78300c3308754daba5b54700e2bb5af8","bgt_status":"bestaand","identificatieBAGPND":"0091100000006760","identificatieBAGVBOLaagsteHuisnummer":"0091010000029634","identificatieBAGVBOHoogsteHuisnummer":"0091010000029634","huisnummers":[{"tekst":"91","pos":[172378,559271],"hoek":0}]},"geometry":{"type":"Polygon","coordinates":[[[172371.28,559275.8],[172370.46,559266.77],[172370.445,559266.604],[172380.255,559265.726],[172380.24,559265.56],[172382.33,559265.38],[172382.359,559265.702],[172382.39,559266.041],[172382.74,559269.92],[172387.08,559269.56],[172387.54,559274.34],[172371.28,559275.8]]]}},{"type":"Feature","properties":{"relatieveHoogteligging":0,"lokaalID":"G1900.7c576e9de1084b3fa99d252ea895eb1d","bgt_status":"bestaand","identificatieBAGPND":"0091100000004258"},"geometry":{"type":"Polygon","coordinates":[[[172426.12,559276.65],[172426.44,559279.92],[172423.26,559280.22],[172422.92,559276.94],[172426.12,559276.65]]]}},{"type":"Feature","properties":{"relatieveHoogteligging":0,"lokaalID":"G1900.b8b8f50ca7684778973e977a95a44e13","bgt_status":"bestaand","identificatieBAGPND":"0091100000010277","identificatieBAGVBOLaagsteHuisnummer":"0091010000029444","identificatieBAGVBOHoogsteHuisnummer":"0091010000029444","huisnummers":[{"tekst":"53","pos":[172436,559266],"hoek":0}]},"geometry":{"type":"Polygon","coordinates":[[[172420.875,559271.197],[172420.68,559268.97],[172426.82,559268.38],[172426.59,559265.94],[172438.16,559264.85],[172438.603,559269.509],[172420.875,559271.197]]]}},{"type":"Feature","properties":{"relatieveHoogteligging":0,"lokaalID":"G1900.6ee498ab91c241e189f530c8393abf75","bgt_status":"bestaand","identificatieBAGPND":"0091100000003960","identificatieBAGVBOLaagsteHuisnummer":"0091010000029471","identificatieBAGVBOHoogsteHuisnummer":"0091010000029471","huisnummers":[{"tekst":"51","pos":[172437,559271],"hoek":0}]},"geometry":{"type":"Polygon","coordinates":[[[172420.875,559271.197],[172438.603,559269.509],[172439.02,559273.89],[172439.033,559274.029],[172431.917,559274.711],[172431.93,559274.85],[172427.46,559275.27],[172427.22,559272.83],[172421.07,559273.42],[172420.875,559271.197]]]}},{"type":"Feature","properties":{"relatieveHoogteligging":0,"lokaalID":"G1900.ffd0bb056ac8413a81d059da5663df3c","bgt_status":"bestaand","identificatieBAGPND":"0091100000004371"},"geometry":{"type":"Polygon","coordinates":[[[172428.8,559290.11],[172429.09,559293.37],[172425.94,559293.66],[172425.61,559290.38],[172428.8,559290.11]]]}},{"type":"Feature","properties":{"relatieveHoogteligging":0,"lokaalID":"G1900.bfab481bd0044c02a94a0c729f1b1d87","bgt_status":"bestaand","identificatieBAGPND":"0091100000004250"},"geometry":{"type":"Polygon","coordinates":[[[172428.4,559285.6],[172428.69,559288.87],[172425.52,559289.15],[172425.2,559285.86],[172428.4,559285.6]]]}},{"type":"Feature","properties":{"relatieveHoogteligging":0,"lokaalID":"G1900.e6a65d3acdc54a63913f051f2f687a01","bgt_status":"bestaand","identificatieBAGPND":"0091100000004254"},"geometry":{"type":"Polygon","coordinates":[[[172426.52,559281.17],[172426.83,559284.44],[172423.65,559284.74],[172423.33,559281.46],[172426.52,559281.17]]]}},{"type":"Feature","properties":{"relatieveHoogteligging":0,"lokaalID":"G1900.48daa0f845a741bdbc3922b14c8b21fa","bgt_status":"bestaand","identificatieBAGPND":"0091100000014450"},"geometry":{"type":"Polygon","coordinates":[[[172421.5,559316.665],[172421.2,559313.48],[172424.39,559313.19],[172424.683,559316.373],[172421.5,559316.665]]]}},{"type":"Feature","properties":{"relatieveHoogteligging":0,"lokaalID":"G1900.2881e6dd8b504d55ba45de34a42f3984","bgt_status":"bestaand","identificatieBAGPND":"0091100000014445"},"geometry":{"type":"Polygon","coordinates":[[[172421.5,559316.665],[172424.683,559316.373],[172424.98,559319.6],[172421.81,559319.96],[172421.5,559316.665]]]}},{"type":"Feature","properties":{"relatieveHoogteligging":0,"lokaalID":"G1900.f4d39ae0e7da40deb52fe149490c5b8c","bgt_status":"bestaand","identificatieBAGPND":"0091100000008308"},"geometry":{"type":"Polygon","coordinates":[[[172429.29,559311.26],[172429.301,559311.377],[172428.107,559311.51],[172428.12,559311.65],[172426.15,559311.87],[172426.087,559311.202],[172425.84,559308.57],[172429.01,559308.28],[172429.29,559311.26]]]}},{"type":"Feature","properties":{"relatieveHoogteligging":0,"lokaalID":"G1900.0fab1012c1214a9eafc23e94895d5a0a","bgt_status":"bestaand","identificatieBAGPND":"0091100000004246"},"geometry":{"type":"Polygon","coordinates":[[[172428.62,559303.78],[172428.92,559307.04],[172425.73,559307.34],[172425.43,559304.07],[172428.62,559303.78]]]}},{"type":"Feature","properties":{"relatieveHoogteligging":0,"lokaalID":"G1900.721dfb20fdd142beb4c71d75d5e755a4","bgt_status":"bestaand","identificatieBAGPND":"0091100000004375"},"geometry":{"type":"Polygon","coordinates":[[[172428.2,559299.25],[172428.5,559302.53],[172425.32,559302.84],[172425.01,559299.54],[172428.2,559299.25]]]}},{"type":"Feature","properties":{"relatieveHoogteligging":0,"lokaalID":"G1900.9d6164c9227f49e6bc1ceac06ac315cb","bgt_status":"bestaand","identificatieBAGPND":"0091100000018917"},"geometry":{"type":"Polygon","coordinates":[[[172429.2,559294.61],[172429.49,559297.87],[172426.36,559298.19],[172426.03,559294.89],[172429.2,559294.61]]]}},{"type":"Feature","properties":{"relatieveHoogteligging":0,"lokaalID":"G1900.5ca1fc62ce6e478bac693d7846420103","bgt_status":"bestaand","identificatieBAGPND":"0091100000008104","identificatieBAGVBOLaagsteHuisnummer":"0091010000029470","identificatieBAGVBOHoogsteHuisnummer":"0091010000029470","huisnummers":[{"tekst":"37","pos":[172442,559303],"hoek":0}]},"geometry":{"type":"Polygon","coordinates":[[[172431.742,559302.048],[172443.35,559300.988],[172443.764,559305.519],[172432.163,559306.579],[172431.742,559302.048]]]}},{"type":"Feature","properties":{"relatieveHoogteligging":0,"lokaalID":"G1900.c3a9880f7cb242e5ac33f05c8a97edee","bgt_status":"bestaand","identificatieBAGPND":"0091100000008276","identificatieBAGVBOLaagsteHuisnummer":"0091010000029459","identificatieBAGVBOHoogsteHuisnummer":"0091010000029459","huisnummers":[{"tekst":"39","pos":[172441,559298],"hoek":0}]},"geometry":{"type":"Polygon","coordinates":[[[172434.01,559297.15],[172434.024,559297.299],[172442.936,559296.461],[172442.95,559296.61],[172443.35,559300.988],[172431.742,559302.048],[172431.31,559297.41],[172434.01,559297.15]]]}},{"type":"Feature","properties":{"relatieveHoogteligging":0,"lokaalID":"G1900.8d78276428db4237a4c8a0707dce22c3","bgt_status":"bestaand","identificatieBAGPND":"0091100000008120","identificatieBAGVBOLaagsteHuisnummer":"0091010000029466","identificatieBAGVBOHoogsteHuisnummer":"0091010000029466","huisnummers":[{"tekst":"35","pos":[172442,559307],"hoek":0}]},"geometry":{"type":"Polygon","coordinates":[[[172432.163,559306.579],[172443.764,559305.519],[172444.19,559310.18],[172439.72,559310.51],[172439.709,559310.401],[172432.58,559311.06],[172432.57,559310.95],[172432.163,559306.579]]]}},{"type":"Feature","properties":{"relatieveHoogteligging":0,"lokaalID":"G1900.409fe32626ba4767b2ed45c40f05b95f","bgt_status":"bestaand","identificatieBAGPND":"0091100000014492","identificatieBAGVBOLaagsteHuisnummer":"0091010000029486","identificatieBAGVBOHoogsteHuisnummer":"0091010000029486","huisnummers":[{"tekst":"33","pos":[172438,559313],"hoek":0}]},"geometry":{"type":"Polygon","coordinates":[[[172432.57,559310.95],[172432.58,559311.06],[172439.709,559310.401],[172439.72,559310.51],[172440.152,559314.952],[172428.521,559316.02],[172428.12,559311.65],[172428.107,559311.51],[172429.301,559311.377],[172429.29,559311.26],[172432.57,559310.95]]]}},{"type":"Feature","properties":{"relatieveHoogteligging":0,"lokaalID":"G1900.3e4052781ad14766a7ca9dbcca6375b3","bgt_status":"bestaand","identificatieBAGPND":"0091100000009316","identificatieBAGVBOLaagsteHuisnummer":"0091010000029438","identificatieBAGVBOHoogsteHuisnummer":"0091010000029438","huisnummers":[{"tekst":"31","pos":[172438,559317],"hoek":0}]},"geometry":{"type":"Polygon","coordinates":[[[172440.152,559314.952],[172440.6,559319.56],[172428.95,559320.69],[172428.521,559316.02],[172440.152,559314.952]]]}},{"type":"Feature","properties":{"relatieveHoogteligging":0,"lokaalID":"G1900.a82e26683adc4f0b9dd5189b8dd46abb","bgt_status":"bestaand","identificatieBAGPND":"0091100000010261","identificatieBAGVBOLaagsteHuisnummer":"0091010000029448","identificatieBAGVBOHoogsteHuisnummer":"0091010000029448","huisnummers":[{"tekst":"17","pos":[172434,559359],"hoek":0}]},"geometry":{"type":"Polygon","coordinates":[[[172437.61,559353.52],[172438.05,559358.04],[172435.11,559358.3],[172435.53,559362.82],[172426.86,559363.64],[172425.99,559354.463],[172437.594,559353.362],[172437.61,559353.52]]]}},{"type":"Feature","properties":{"relatieveHoogteligging":0,"lokaalID":"G1900.89411c85f0764e74ab02c8a8b72ae6ec","bgt_status":"bestaand","identificatieBAGPND":"0091100000003956","identificatieBAGVBOLaagsteHuisnummer":"0091010000029472","identificatieBAGVBOHoogsteHuisnummer":"0091010000029472","huisnummers":[{"tekst":"19","pos":[172441,559350],"hoek":0}]},"geometry":{"type":"Polygon","coordinates":[[[172443.302,559348.251],[172443.74,559352.92],[172437.61,559353.52],[172437.594,559353.362],[172425.99,559354.463],[172425.78,559352.25],[172431.94,559351.64],[172431.72,559349.47],[172431.707,559349.338],[172443.302,559348.251]]]}},{"type":"Feature","properties":{"relatieveHoogteligging":0,"lokaalID":"G1900.2a0c92e69f734b6ba91e318e40445a31","bgt_status":"bestaand","identificatieBAGPND":"0091100000016127","identificatieBAGVBOLaagsteHuisnummer":"0091010000029473","identificatieBAGVBOHoogsteHuisnummer":"0091010000029473","huisnummers":[{"tekst":"21","pos":[172441,559345],"hoek":0}]},"geometry":{"type":"Polygon","coordinates":[[[172442.89,559343.87],[172443.302,559348.251],[172431.707,559349.338],[172431.72,559349.47],[172425.55,559350.09],[172425.34,559347.72],[172431.47,559347.15],[172431.27,559344.98],[172431.259,559344.863],[172442.875,559343.721],[172442.89,559343.87]]]}},{"type":"Feature","properties":{"relatieveHoogteligging":0,"lokaalID":"G1900.5b7800e9b1984f228134233c890c8f7c","bgt_status":"bestaand","identificatieBAGPND":"0091100000010330","identificatieBAGVBOLaagsteHuisnummer":"0091010000029456","identificatieBAGVBOHoogsteHuisnummer":"0091010000029456","huisnummers":[{"tekst":"23","pos":[172444,559341],"hoek":0}]},"geometry":{"type":"Polygon","coordinates":[[[172446.001,559338.851],[172446.45,559343.52],[172442.89,559343.87],[172442.875,559343.721],[172431.259,559344.863],[172431.27,559344.98],[172428.71,559345.22],[172428.49,559342.86],[172434.62,559342.29],[172434.42,559340.13],[172434.405,559339.968],[172446.001,559338.851]]]}},{"type":"Feature","properties":{"relatieveHoogteligging":0,"lokaalID":"G1900.68ff44c0c6a64296aa736c5dd8445b4f","bgt_status":"bestaand","identificatieBAGPND":"0091100000008947","identificatieBAGVBOLaagsteHuisnummer":"0091010000029457","identificatieBAGVBOHoogsteHuisnummer":"0091010000029457","huisnummers":[{"tekst":"25","pos":[172444,559336],"hoek":0}]},"geometry":{"type":"Polygon","coordinates":[[[172445.58,559334.48],[172446.001,559338.851],[172434.405,559339.968],[172434.42,559340.13],[172428.28,559340.69],[172428.06,559338.33],[172434.22,559337.76],[172434.01,559335.61],[172434,559335.51],[172445.57,559334.38],[172445.58,559334.48]]]}},{"type":"Feature","properties":{"relatieveHoogteligging":0,"lokaalID":"G1900.c3dc493a48db4f619680a111717b434b","bgt_status":"bestaand","identificatieBAGPND":"0091100000005804","identificatieBAGVBOLaagsteHuisnummer":"0091010000029417","identificatieBAGVBOHoogsteHuisnummer":"0091010000029417","huisnummers":[{"tekst":"29","pos":[172446,559326],"hoek":0}]},"geometry":{"type":"Polygon","coordinates":[[[172448.3,559324.79],[172448.729,559329.479],[172437.118,559330.542],[172437.14,559330.77],[172430.99,559331.34],[172430.77,559328.98],[172436.91,559328.39],[172436.69,559325.93],[172448.3,559324.79]]]}},{"type":"Feature","properties":{"relatieveHoogteligging":0,"lokaalID":"G1900.49f8555c83ac4fc295a31467edccceaf","bgt_status":"bestaand","identificatieBAGPND":"0091100000010249","identificatieBAGVBOLaagsteHuisnummer":"0091010000029450","identificatieBAGVBOHoogsteHuisnummer":"0091010000029450","huisnummers":[{"tekst":"27","pos":[172447,559331],"hoek":0}]},"geometry":{"type":"Polygon","coordinates":[[[172448.729,559329.479],[172449.16,559334.19],[172445.58,559334.48],[172445.57,559334.38],[172434,559335.51],[172434.01,559335.61],[172431.45,559335.86],[172431.21,559333.5],[172437.35,559332.91],[172437.14,559330.77],[172437.118,559330.542],[172448.729,559329.479]]]}},{"type":"Feature","properties":{"relatieveHoogteligging":0,"lokaalID":"G1900.cfbfc9858e434dde8ba6340175d6e707","bgt_status":"bestaand","identificatieBAGPND":"0091100000008943","identificatieBAGVBOLaagsteHuisnummer":"0091010000029460","identificatieBAGVBOHoogsteHuisnummer":"0091010000029460","huisnummers":[{"tekst":"41","pos":[172443,559293],"hoek":0}]},"geometry":{"type":"Polygon","coordinates":[[[172433.599,559292.748],[172445.194,559291.661],[172445.63,559296.32],[172442.95,559296.61],[172442.936,559296.461],[172434.024,559297.299],[172434.01,559297.15],[172433.599,559292.748]]]}},{"type":"Feature","properties":{"relatieveHoogteligging":0,"lokaalID":"G1900.ed7729e3e2d942a18b10ac1e45fab156","bgt_status":"bestaand","identificatieBAGPND":"0091100000008931","identificatieBAGVBOLaagsteHuisnummer":"0091010000029463","identificatieBAGVBOHoogsteHuisnummer":"0091010000029463","huisnummers":[{"tekst":"43","pos":[172443,559288],"hoek":0}]},"geometry":{"type":"Polygon","coordinates":[[[172433.179,559288.236],[172444.772,559287.15],[172445.194,559291.661],[172433.599,559292.748],[172433.179,559288.236]]]}},{"type":"Feature","properties":{"relatieveHoogteligging":0,"lokaalID":"G1900.12b21eb670fd416c8ae05d2ebe2c3102","bgt_status":"bestaand","identificatieBAGPND":"0091100000008923","identificatieBAGVBOLaagsteHuisnummer":"0091010000029465","identificatieBAGVBOHoogsteHuisnummer":"0091010000029465","huisnummers":[{"tekst":"47","pos":[172442,559280],"hoek":0}]},"geometry":{"type":"Polygon","coordinates":[[[172432.336,559279.206],[172443.926,559278.119],[172444.349,559282.64],[172432.758,559283.725],[172432.336,559279.206]]]}},{"type":"Feature","properties":{"relatieveHoogteligging":0,"lokaalID":"G1900.e8336aa7a7b544018d8466c513b8349a","bgt_status":"bestaand","identificatieBAGPND":"0091100000008927","identificatieBAGVBOLaagsteHuisnummer":"0091010000029464","identificatieBAGVBOHoogsteHuisnummer":"0091010000029464","huisnummers":[{"tekst":"45","pos":[172442,559284],"hoek":0}]},"geometry":{"type":"Polygon","coordinates":[[[172432.758,559283.725],[172444.349,559282.64],[172444.772,559287.15],[172433.179,559288.236],[172432.758,559283.725]]]}},{"type":"Feature","properties":{"relatieveHoogteligging":0,"lokaalID":"G1900.a1f00ad722884420b670da18f592aaa9","bgt_status":"bestaand","identificatieBAGPND":"0091100000008112","identificatieBAGVBOLaagsteHuisnummer":"0091010000029468","identificatieBAGVBOHoogsteHuisnummer":"0091010000029468","huisnummers":[{"tekst":"49","pos":[172442,559275],"hoek":0}]},"geometry":{"type":"Polygon","coordinates":[[[172431.93,559274.85],[172431.917,559274.711],[172439.033,559274.029],[172439.02,559273.89],[172443.49,559273.46],[172443.926,559278.119],[172432.336,559279.206],[172431.93,559274.85]]]}},{"type":"Feature","properties":{"relatieveHoogteligging":0,"lokaalID":"G1900.afda98a541d244b6b344697f63d15d9f","bgt_status":"bestaand","identificatieBAGPND":"0091100000015898","identificatieBAGVBOLaagsteHuisnummer":"0091010000034348","identificatieBAGVBOHoogsteHuisnummer":"0091010000034348","huisnummers":[{"tekst":"171","pos":[172468,559404],"hoek":0}]},"geometry":{"type":"Polygon","coordinates":[[[172478.6,559380.97],[172481.443,559411.448],[172470.901,559412.436],[172470.873,559412.138],[172461.475,559413.019],[172461.489,559413.168],[172444.912,559414.721],[172442.542,559389.422],[172448.407,559388.873],[172448.229,559386.361],[172448.217,559386.187],[172457.104,559384.286],[172457.38,559384.227],[172457.846,559384.127],[172457.991,559384.096],[172458.16,559384.06],[172466.082,559382.366],[172467.98,559381.96],[172478.6,559380.97]]]}},{"type":"Feature","properties":{"relatieveHoogteligging":0,"lokaalID":"G1900.cf2df37d4cf043fab479ea36f8ca61e6","bgt_status":"bestaand","identificatieBAGPND":"0091100000014646","identificatieBAGVBOLaagsteHuisnummer":"0091010000036774","identificatieBAGVBOHoogsteHuisnummer":"0091010000036774","huisnummers":[{"tekst":"173","pos":[172459.69,559377.532],"hoek":0}]},"geometry":{"type":"Polygon","coordinates":[[[172461.181,559376.16],[172461.429,559378.629],[172457.98,559379],[172457.7,559376.48],[172461.181,559376.16]]]}},{"type":"Feature","properties":{"relatieveHoogteligging":0,"lokaalID":"G1900.289e0ef408a2448dab5d7f039febb54b","bgt_status":"bestaand","identificatieBAGPND":"0091100000006972","identificatieBAGVBOLaagsteHuisnummer":"0091010000029424","identificatieBAGVBOHoogsteHuisnummer":"0091010000029424","huisnummers":[{"tekst":"20","pos":[172437,559474],"hoek":0}]},"geometry":{"type":"Polygon","coordinates":[[[172435.918,559478.266],[172435.27,559472.49],[172444.78,559471.44],[172445.175,559474.969],[172449.258,559474.511],[172453.222,559474.043],[172453.387,559476.031],[172449.479,559476.475],[172449.505,559476.712],[172445.421,559477.169],[172445.424,559477.2],[172435.918,559478.266]]]}},{"type":"Feature","properties":{"relatieveHoogteligging":0,"lokaalID":"G1900.f0d6a622378a49faa5ac77a6ba7ac7d6","bgt_status":"bestaand","identificatieBAGPND":"0091100000010237","identificatieBAGVBOLaagsteHuisnummer":"0091010000029453","identificatieBAGVBOHoogsteHuisnummer":"0091010000029453","huisnummers":[{"tekst":"22","pos":[172439,559480],"hoek":0}]},"geometry":{"type":"Polygon","coordinates":[[[172435.918,559478.266],[172445.424,559477.2],[172445.776,559480.341],[172449.86,559479.884],[172450.106,559482.084],[172446.022,559482.541],[172436.517,559483.607],[172435.918,559478.266]]]}},{"type":"Feature","properties":{"relatieveHoogteligging":0,"lokaalID":"G1900.99633b7c433042fbb83a8c153975b16e","bgt_status":"bestaand","identificatieBAGPND":"0091100000010245","identificatieBAGVBOLaagsteHuisnummer":"0091010000029451","identificatieBAGVBOHoogsteHuisnummer":"0091010000029451","huisnummers":[{"tekst":"24","pos":[172439,559485],"hoek":0}]},"geometry":{"type":"Polygon","coordinates":[[[172436.517,559483.607],[172446.022,559482.541],[172446.377,559485.713],[172450.461,559485.256],[172450.706,559487.446],[172446.632,559487.902],[172437.118,559488.969],[172436.517,559483.607]]]}},{"type":"Feature","properties":{"relatieveHoogteligging":0,"lokaalID":"G1900.134c91cdaf7d4273b193277cbc3d7f5d","bgt_status":"bestaand","identificatieBAGPND":"0091100000003786","identificatieBAGVBOLaagsteHuisnummer":"0091010000029603","identificatieBAGVBOHoogsteHuisnummer":"0091010000029603","huisnummers":[{"tekst":"2","pos":[172436.868,559460.873],"hoek":0}]},"geometry":{"type":"Polygon","coordinates":[[[172439.74,559458.94],[172440.061,559461.889],[172434.371,559462.509],[172434.05,559459.56],[172439.74,559458.94]]]}},{"type":"Feature","properties":{"relatieveHoogteligging":0,"lokaalID":"G1900.b825ea9cf47746aea8883c8a2072b864","bgt_status":"bestaand","identificatieBAGPND":"0091100000018986"},"geometry":{"type":"Polygon","coordinates":[[[172423.44,559360.66],[172423.75,559363.94],[172420.59,559364.25],[172420.26,559360.96],[172423.44,559360.66]]]}},{"type":"Feature","properties":{"relatieveHoogteligging":0,"lokaalID":"G1900.9c2eea2b34c74ef482e319f3d648feee","bgt_status":"bestaand","identificatieBAGPND":"0091100000003790"},"geometry":{"type":"Polygon","coordinates":[[[172425.442,559474.628],[172425.705,559477.617],[172423.538,559477.81],[172423.272,559474.821],[172425.442,559474.628]]]}},{"type":"Feature","properties":{"relatieveHoogteligging":0,"lokaalID":"G1900.93f38f9a2a664cdba5908d976e363119","bgt_status":"bestaand","identificatieBAGPND":"0091100000012386","identificatieBAGVBOLaagsteHuisnummer":"0091010000029494","identificatieBAGVBOHoogsteHuisnummer":"0091010000029494","huisnummers":[{"tekst":"18","pos":[172420,559468],"hoek":0}]},"geometry":{"type":"Polygon","coordinates":[[[172419.642,559472.133],[172418.791,559462.584],[172424.339,559462.09],[172425.18,559471.64],[172419.642,559472.133]]]}},{"type":"Feature","properties":{"relatieveHoogteligging":0,"lokaalID":"G1900.ca125bea8cb54243a46a028e99cc9428","bgt_status":"bestaand","identificatieBAGPND":"0091100000006723","identificatieBAGVBOLaagsteHuisnummer":"0091010000029496","identificatieBAGVBOHoogsteHuisnummer":"0091010000029496","huisnummers":[{"tekst":"16","pos":[172416,559468],"hoek":0}]},"geometry":{"type":"Polygon","coordinates":[[[172414.253,559472.612],[172413.402,559463.065],[172418.791,559462.584],[172419.642,559472.133],[172414.253,559472.612]]]}},{"type":"Feature","properties":{"relatieveHoogteligging":0,"lokaalID":"G1900.5621799ec6bc4183bd75d2e485429e47","bgt_status":"bestaand","identificatieBAGPND":"0091100000008336","identificatieBAGVBOLaagsteHuisnummer":"0091010000029476","identificatieBAGVBOHoogsteHuisnummer":"0091010000029476","huisnummers":[{"tekst":"38","pos":[172424,559523],"hoek":0}]},"geometry":{"type":"Polygon","coordinates":[[[172424.916,559519.842],[172430.454,559527.66],[172427.856,559529.499],[172430.23,559532.854],[172428.39,559534.157],[172420.477,559522.986],[172424.916,559519.842]]]}},{"type":"Feature","properties":{"relatieveHoogteligging":0,"lokaalID":"G1900.62211551d4d14e39b8a0a2c9ae479489","bgt_status":"bestaand","identificatieBAGPND":"0091100000008312","identificatieBAGVBOLaagsteHuisnummer":"0091010000029482","identificatieBAGVBOHoogsteHuisnummer":"0091010000029482","huisnummers":[{"tekst":"36","pos":[172430,559519],"hoek":0}]},"geometry":{"type":"Polygon","coordinates":[[[172429.32,559516.722],[172434.859,559524.542],[172432.253,559526.387],[172434.628,559529.742],[172432.828,559531.016],[172430.454,559527.66],[172424.916,559519.842],[172429.32,559516.722]]]}},{"type":"Feature","properties":{"relatieveHoogteligging":0,"lokaalID":"G1900.6fd5b30daa3148d18041040b2e5a5a01","bgt_status":"bestaand","identificatieBAGPND":"0091100000010273","identificatieBAGVBOLaagsteHuisnummer":"0091010000029445","identificatieBAGVBOHoogsteHuisnummer":"0091010000029445","huisnummers":[{"tekst":"32","pos":[172438,559514],"hoek":0}]},"geometry":{"type":"Polygon","coordinates":[[[172438.137,559510.477],[172443.673,559518.292],[172446.048,559521.647],[172443.442,559523.491],[172441.642,559524.765],[172439.273,559521.418],[172433.733,559513.597],[172438.137,559510.477]]]}},{"type":"Feature","properties":{"relatieveHoogteligging":0,"lokaalID":"G1900.aa0965c4e36e48fe97f4577c26954952","bgt_status":"bestaand","identificatieBAGPND":"0091100000010265","identificatieBAGVBOLaagsteHuisnummer":"0091010000029447","identificatieBAGVBOHoogsteHuisnummer":"0091010000029447","huisnummers":[{"tekst":"26","pos":[172439,559491],"hoek":0}]},"geometry":{"type":"Polygon","coordinates":[[[172437.118,559488.969],[172446.632,559487.902],[172446.987,559491.074],[172451.061,559490.618],[172451.305,559492.798],[172447.231,559493.254],[172437.718,559494.321],[172437.118,559488.969]]]}},{"type":"Feature","properties":{"relatieveHoogteligging":0,"lokaalID":"G1900.5ac992a525a3426f9be857270c7bb181","bgt_status":"bestaand","identificatieBAGPND":"0091100000005796","identificatieBAGVBOLaagsteHuisnummer":"0091010000029419","identificatieBAGVBOHoogsteHuisnummer":"0091010000029419","huisnummers":[{"tekst":"28","pos":[172440,559496],"hoek":0}]},"geometry":{"type":"Polygon","coordinates":[[[172437.718,559494.321],[172447.231,559493.254],[172447.586,559496.426],[172451.66,559495.97],[172451.91,559498.19],[172438.323,559499.714],[172437.718,559494.321]]]}},{"type":"Feature","properties":{"relatieveHoogteligging":0,"lokaalID":"G1900.bd83d14727a74da5b3c964af645691cc","bgt_status":"bestaand","identificatieBAGPND":"0091100000008939","identificatieBAGVBOLaagsteHuisnummer":"0091010000029461","identificatieBAGVBOHoogsteHuisnummer":"0091010000029461","huisnummers":[{"tekst":"34","pos":[172433,559517],"hoek":0}]},"geometry":{"type":"Polygon","coordinates":[[[172433.733,559513.597],[172439.273,559521.418],[172436.667,559523.263],[172439.042,559526.618],[172437.234,559527.897],[172434.859,559524.542],[172429.32,559516.722],[172433.733,559513.597]]]}},{"type":"Feature","properties":{"relatieveHoogteligging":0,"lokaalID":"G1900.2638d10122e2457ca227944a444cfede","bgt_status":"bestaand","identificatieBAGPND":"1900100010090822"},"geometry":{"type":"Polygon","coordinates":[[[172372.619,559511.645],[172370.548,559508.184],[172373.918,559506.168],[172374.983,559507.947],[172375.989,559509.628],[172374.556,559510.486],[172372.619,559511.645]]]}},{"type":"Feature","properties":{"relatieveHoogteligging":0,"lokaalID":"G1900.544f1845a3fd4abeabd0e4314480f096","bgt_status":"bestaand","identificatieBAGPND":"1900100010090830"},"geometry":{"type":"Polygon","coordinates":[[[172521.268,559259.758],[172524.664,559259.385],[172524.979,559262.252],[172521.836,559262.598],[172521.145,559262.674],[172520.83,559259.806],[172521.268,559259.758]]]}},{"type":"Feature","properties":{"relatieveHoogteligging":0,"lokaalID":"G1900.6bb89d23087c4c2e84067143b1f77542","bgt_status":"bestaand","identificatieBAGPND":"1900100010090824"},"geometry":{"type":"Polygon","coordinates":[[[172378.673,559523.946],[172378.822,559523.854],[172380.632,559526.775],[172380.485,559526.866],[172378.01,559528.399],[172376.201,559525.478],[172378.673,559523.946]]]}},{"type":"Feature","properties":{"relatieveHoogteligging":0,"lokaalID":"G1900.88adec78dc2b44dba05b6d950abfc02f","bgt_status":"bestaand","identificatieBAGPND":"0091100000008152","identificatieBAGVBOLaagsteHuisnummer":"0091010000029869","identificatieBAGVBOHoogsteHuisnummer":"0091010000029869","huisnummers":[{"tekst":"106","pos":[172275,559574],"hoek":0}]},"geometry":{"type":"Polygon","coordinates":[[[172269.294,559571.513],[172278.796,559570.258],[172279.481,559575.445],[172269.98,559576.702],[172270.002,559576.872],[172265.891,559577.416],[172265.602,559575.227],[172269.713,559574.683],[172269.294,559571.513]]]}},{"type":"Feature","properties":{"relatieveHoogteligging":0,"lokaalID":"G1900.99547cc85ceb48b39759c164fbc70eef","bgt_status":"bestaand","identificatieBAGPND":"0091100000008156","identificatieBAGVBOLaagsteHuisnummer":"0091010000029868","identificatieBAGVBOHoogsteHuisnummer":"0091010000029868","huisnummers":[{"tekst":"104","pos":[172274,559577],"hoek":0}]},"geometry":{"type":"Polygon","coordinates":[[[172270.002,559576.872],[172269.98,559576.702],[172279.481,559575.445],[172280.216,559581.007],[172266.604,559582.805],[172266.311,559580.586],[172270.422,559580.042],[172270.002,559576.872]]]}},{"type":"Feature","properties":{"relatieveHoogteligging":0,"lokaalID":"G1900.0913d910a8574d608ce89e8d99301983","bgt_status":"bestaand","identificatieBAGPND":"0091100000006621","identificatieBAGVBOLaagsteHuisnummer":"0091010000029871","identificatieBAGVBOHoogsteHuisnummer":"0091010000029871","huisnummers":[{"tekst":"108","pos":[172276,559570],"hoek":0}]},"geometry":{"type":"Polygon","coordinates":[[[172268.585,559566.154],[172278.089,559564.899],[172278.796,559570.258],[172269.294,559571.513],[172265.192,559572.056],[172264.903,559569.866],[172269.004,559569.324],[172268.585,559566.154]]]}},{"type":"Feature","properties":{"relatieveHoogteligging":0,"lokaalID":"G1900.acea9564d31f45fa8897edfd4a0c3052","bgt_status":"bestaand","identificatieBAGPND":"0091100000006605","identificatieBAGVBOLaagsteHuisnummer":"0091010000029875","identificatieBAGVBOHoogsteHuisnummer":"0091010000029875","huisnummers":[{"tekst":"110","pos":[172274,559563],"hoek":0}]},"geometry":{"type":"Polygon","coordinates":[[[172267.876,559560.795],[172277.381,559559.54],[172278.089,559564.899],[172268.585,559566.154],[172264.484,559566.696],[172264.194,559564.507],[172268.295,559563.965],[172267.876,559560.795]]]}},{"type":"Feature","properties":{"relatieveHoogteligging":0,"lokaalID":"G1900.d370cef043f441018521451dad57b19b","bgt_status":"bestaand","identificatieBAGPND":"0091100000008640","identificatieBAGVBOLaagsteHuisnummer":"0091010000029854","identificatieBAGVBOHoogsteHuisnummer":"0091010000029854","huisnummers":[{"tekst":"114","pos":[172274,559553],"hoek":0}]},"geometry":{"type":"Polygon","coordinates":[[[172266.41,559549.71],[172275.92,559548.48],[172276.67,559554.161],[172267.165,559555.416],[172263.064,559555.958],[172262.775,559553.779],[172266.876,559553.237],[172266.41,559549.71]]]}},{"type":"Feature","properties":{"relatieveHoogteligging":0,"lokaalID":"G1900.21b4d9ee9d214f848a6076d4383c5148","bgt_status":"bestaand","identificatieBAGPND":"0091100000006589","identificatieBAGVBOLaagsteHuisnummer":"0091010000029878","identificatieBAGVBOHoogsteHuisnummer":"0091010000029878","huisnummers":[{"tekst":"112","pos":[172274,559557],"hoek":0}]},"geometry":{"type":"Polygon","coordinates":[[[172267.165,559555.416],[172276.67,559554.161],[172277.381,559559.54],[172267.876,559560.795],[172263.775,559561.337],[172263.484,559559.138],[172267.585,559558.596],[172267.165,559555.416]]]}},{"type":"Feature","properties":{"relatieveHoogteligging":0,"lokaalID":"G1900.1a51a6f32019478c96db9639b44816e2","bgt_status":"bestaand","identificatieBAGPND":"0091100000006450","identificatieBAGVBOLaagsteHuisnummer":"0091010000029889","identificatieBAGVBOHoogsteHuisnummer":"0091010000029889","huisnummers":[{"tekst":"7","pos":[172264,559512],"hoek":0}]},"geometry":{"type":"Polygon","coordinates":[[[172265.149,559516.663],[172258.143,559510.09],[172258.016,559510.226],[172254.993,559507.394],[172256.501,559505.783],[172259.525,559508.616],[172261.715,559506.277],[172268.725,559512.851],[172265.149,559516.663]]]}},{"type":"Feature","properties":{"relatieveHoogteligging":0,"lokaalID":"G1900.ada3cca8e5e742c380aa84767e810fb1","bgt_status":"bestaand","identificatieBAGPND":"0091100000006518","identificatieBAGVBOLaagsteHuisnummer":"0091010000029894","identificatieBAGVBOHoogsteHuisnummer":"0091010000029894","huisnummers":[{"tekst":"5","pos":[172258,559514],"hoek":0}]},"geometry":{"type":"Polygon","coordinates":[[[172261.455,559520.602],[172254.452,559514.032],[172254.324,559514.168],[172251.3,559511.336],[172252.815,559509.718],[172255.839,559512.55],[172258.016,559510.226],[172258.143,559510.09],[172265.149,559516.663],[172261.455,559520.602]]]}},{"type":"Feature","properties":{"relatieveHoogteligging":0,"lokaalID":"G1900.5f5f4517de21490db4b7f22fdc45fe7c","bgt_status":"bestaand","identificatieBAGPND":"0091100000006454","identificatieBAGVBOLaagsteHuisnummer":"0091010000029888","identificatieBAGVBOHoogsteHuisnummer":"0091010000029888","huisnummers":[{"tekst":"9","pos":[172268,559509],"hoek":0}]},"geometry":{"type":"Polygon","coordinates":[[[172268.725,559512.851],[172261.715,559506.277],[172258.692,559503.444],[172260.213,559501.819],[172263.237,559504.652],[172265.414,559502.327],[172272.427,559508.905],[172268.725,559512.851]]]}},{"type":"Feature","properties":{"relatieveHoogteligging":0,"lokaalID":"G1900.c04a1182da45465291e2362b5e820d28","bgt_status":"bestaand","identificatieBAGPND":"0091100000006617","identificatieBAGVBOLaagsteHuisnummer":"0091010000029872","identificatieBAGVBOHoogsteHuisnummer":"0091010000029872","huisnummers":[{"tekst":"11","pos":[172270,559505],"hoek":0}]},"geometry":{"type":"Polygon","coordinates":[[[172276.122,559504.965],[172272.427,559508.905],[172265.414,559502.327],[172262.391,559499.495],[172263.899,559497.885],[172266.923,559500.717],[172269.107,559498.385],[172276.122,559504.965]]]}},{"type":"Feature","properties":{"relatieveHoogteligging":0,"lokaalID":"G1900.c9f791cfcb18460f8a32ace42a5f416e","bgt_status":"bestaand","identificatieBAGPND":"0091100000008620","identificatieBAGVBOLaagsteHuisnummer":"0091010000029859","identificatieBAGVBOHoogsteHuisnummer":"0091010000029859","huisnummers":[{"tekst":"13","pos":[172275,559501],"hoek":0}]},"geometry":{"type":"Polygon","coordinates":[[[172279.817,559501.026],[172276.122,559504.965],[172269.107,559498.385],[172266.083,559495.553],[172267.591,559493.943],[172270.615,559496.775],[172272.799,559494.443],[172279.817,559501.026]]]}},{"type":"Feature","properties":{"relatieveHoogteligging":0,"lokaalID":"G1900.5d25f69daeff4b73b4a3d8e5121ecedd","bgt_status":"bestaand","identificatieBAGPND":"0091100000009579","identificatieBAGVBOLaagsteHuisnummer":"0091010000029866","identificatieBAGVBOHoogsteHuisnummer":"0091010000029866","huisnummers":[{"tekst":"24","pos":[172276,559447],"hoek":0}]},"geometry":{"type":"Polygon","coordinates":[[[172272.448,559457.221],[172270.84,559455.711],[172273.377,559453.009],[172270.536,559450.34],[172269.77,559449.62],[172276.282,559442.69],[172280.841,559446.974],[172274.45,559453.781],[172275.022,559454.318],[172275.103,559454.394],[172272.448,559457.221]]]}},{"type":"Feature","properties":{"relatieveHoogteligging":0,"lokaalID":"G1900.5f56fc2c5a8244eab7eeba835637957a","bgt_status":"bestaand","identificatieBAGPND":"0091100000008556","identificatieBAGVBOLaagsteHuisnummer":"0091010000029843","identificatieBAGVBOHoogsteHuisnummer":"0091010000029843","huisnummers":[{"tekst":"29","pos":[172285,559392],"hoek":0}]},"geometry":{"type":"Polygon","coordinates":[[[172289.06,559390.69],[172282.61,559397.579],[172278.659,559393.879],[172285.1,559387],[172287.31,559389.07],[172290.44,559385.75],[172292.18,559387.37],[172289.06,559390.69]]]}},{"type":"Feature","properties":{"relatieveHoogteligging":0,"lokaalID":"G1900.f037a31eb7e248f3b57312eb3a4a6b5e","bgt_status":"bestaand","identificatieBAGPND":"0091100000008656","identificatieBAGVBOLaagsteHuisnummer":"0091010000029850","identificatieBAGVBOHoogsteHuisnummer":"0091010000029850","huisnummers":[{"tekst":"31","pos":[172280,559388],"hoek":0}]},"geometry":{"type":"Polygon","coordinates":[[[172285.1,559387],[172278.659,559393.879],[172274.708,559390.179],[172281.14,559383.31],[172283.33,559385.35],[172286.48,559382.02],[172288.23,559383.66],[172285.1,559387]]]}},{"type":"Feature","properties":{"relatieveHoogteligging":0,"lokaalID":"G1900.101e46a8c47648449be5cb0913d63007","bgt_status":"bestaand","identificatieBAGPND":"0091100000008341","identificatieBAGVBOLaagsteHuisnummer":"0091010000029846","identificatieBAGVBOHoogsteHuisnummer":"0091010000029846","huisnummers":[{"tekst":"33","pos":[172276,559386],"hoek":0}]},"geometry":{"type":"Polygon","coordinates":[[[172281.14,559383.31],[172274.708,559390.179],[172270.49,559386.23],[172277.07,559379.26],[172279.39,559381.66],[172282.53,559378.32],[172284.29,559379.96],[172281.14,559383.31]]]}},{"type":"Feature","properties":{"relatieveHoogteligging":0,"lokaalID":"G1900.103ec507080c4c8f8904516dfaa523fa","bgt_status":"bestaand","identificatieBAGPND":"0091100000006593","identificatieBAGVBOLaagsteHuisnummer":"0091010000029877","identificatieBAGVBOHoogsteHuisnummer":"0091010000029877","huisnummers":[{"tekst":"35","pos":[172267,559380],"hoek":0}]},"geometry":{"type":"Polygon","coordinates":[[[172261.531,559381.916],[172268.08,559375.13],[172270.26,559377.19],[172273.38,559373.88],[172275.14,559375.54],[172265.59,559385.73],[172261.531,559381.916]]]}},{"type":"Feature","properties":{"relatieveHoogteligging":0,"lokaalID":"G1900.d3ae7fc9ff2a44579c29fdd8f51c8918","bgt_status":"bestaand","identificatieBAGPND":"0091100000006510","identificatieBAGVBOLaagsteHuisnummer":"0091010000029896","identificatieBAGVBOHoogsteHuisnummer":"0091010000029896","huisnummers":[{"tekst":"39","pos":[172259,559372],"hoek":0}]},"geometry":{"type":"Polygon","coordinates":[[[172253.646,559374.508],[172260.22,559367.71],[172262.39,559369.76],[172265.51,559366.46],[172267.27,559368.12],[172264.15,559371.42],[172257.588,559378.212],[172253.646,559374.508]]]}},{"type":"Feature","properties":{"relatieveHoogteligging":0,"lokaalID":"G1900.b7c09c1a6a8b4fd7b574f11276c104f5","bgt_status":"bestaand","identificatieBAGPND":"0091100000006478","identificatieBAGVBOLaagsteHuisnummer":"0091010000029900","identificatieBAGVBOHoogsteHuisnummer":"0091010000029900","huisnummers":[{"tekst":"41","pos":[172256,559368],"hoek":0}]},"geometry":{"type":"Polygon","coordinates":[[[172249.703,559370.803],[172256.29,559364.01],[172258.47,559366.07],[172261.59,559362.75],[172263.34,559364.37],[172260.22,559367.71],[172253.646,559374.508],[172249.703,559370.803]]]}},{"type":"Feature","properties":{"relatieveHoogteligging":0,"lokaalID":"G1900.94c66f29577148f8acf99d082e5756da","bgt_status":"bestaand","identificatieBAGPND":"0091100000006360","identificatieBAGVBOLaagsteHuisnummer":"0091010000032459","identificatieBAGVBOHoogsteHuisnummer":"0091010000032459","huisnummers":[{"tekst":"32","pos":[172259,559425],"hoek":0}]},"geometry":{"type":"Polygon","coordinates":[[[172254.55,559436.146],[172253.11,559434.797],[172255.634,559432.105],[172252.787,559429.438],[172252.021,559428.72],[172258.454,559421.858],[172263.02,559426.14],[172256.692,559432.894],[172257.204,559433.373],[172257.341,559433.502],[172254.717,559436.302],[172254.55,559436.146]]]}},{"type":"Feature","properties":{"relatieveHoogteligging":0,"lokaalID":"G1900.84698d33230a4849b5f804a28a9dc7c5","bgt_status":"bestaand","identificatieBAGPND":"0091100000006597","identificatieBAGVBOLaagsteHuisnummer":"0091010000029876","identificatieBAGVBOHoogsteHuisnummer":"0091010000029876","huisnummers":[{"tekst":"30","pos":[172263,559434],"hoek":0}]},"geometry":{"type":"Polygon","coordinates":[[[172259.077,559444.652],[172257.447,559443.121],[172259.984,559440.419],[172256.254,559436.917],[172262.762,559429.985],[172267.357,559434.303],[172260.855,559441.222],[172261.621,559441.942],[172259.077,559444.652]]]}},{"type":"Feature","properties":{"relatieveHoogteligging":0,"lokaalID":"G1900.81735f736179405e976df3673a4b065a","bgt_status":"bestaand","identificatieBAGPND":"0091100000008160","identificatieBAGVBOLaagsteHuisnummer":"0091010000029867","identificatieBAGVBOHoogsteHuisnummer":"0091010000029867","huisnummers":[{"tekst":"26","pos":[172271,559443],"hoek":0}]},"geometry":{"type":"Polygon","coordinates":[[[172266.093,559446.155],[172265.327,559445.435],[172271.834,559438.51],[172276.282,559442.69],[172269.77,559449.62],[172270.536,559450.34],[172267.999,559453.043],[172266.376,559451.519],[172268.92,559448.809],[172266.093,559446.155]]]}},{"type":"Feature","properties":{"relatieveHoogteligging":0,"lokaalID":"G1900.4397f20099404b2cb84f5f21c3de618f","bgt_status":"bestaand","identificatieBAGPND":"0091100000006473","identificatieBAGVBOLaagsteHuisnummer":"0091010000029884","identificatieBAGVBOHoogsteHuisnummer":"0091010000029884","huisnummers":[{"tekst":"28","pos":[172267,559438],"hoek":0}]},"geometry":{"type":"Polygon","coordinates":[[[172263.556,559448.857],[172261.926,559447.327],[172264.47,559444.617],[172261.621,559441.942],[172260.855,559441.222],[172267.357,559434.303],[172271.834,559438.51],[172265.327,559445.435],[172266.093,559446.155],[172263.556,559448.857]]]}},{"type":"Feature","properties":{"relatieveHoogteligging":0,"lokaalID":"G1900.47b2fd14110b4b6a9241fd7e0332a02b","bgt_status":"bestaand","identificatieBAGPND":"0091100000010012","identificatieBAGVBOLaagsteHuisnummer":"0091010000029904","identificatieBAGVBOHoogsteHuisnummer":"0091010000029904","huisnummers":[{"tekst":"31","pos":[172255,559475],"hoek":0}]},"geometry":{"type":"Polygon","coordinates":[[[172260.697,559474.054],[172264.009,559476.545],[172262.683,559478.308],[172259.371,559475.817],[172257.45,559478.371],[172249.79,559472.613],[172252.951,559468.408],[172260.697,559474.054]]]}},{"type":"Feature","properties":{"relatieveHoogteligging":0,"lokaalID":"G1900.6868e010dd6b4d3b87e025fde5f05396","bgt_status":"bestaand","identificatieBAGPND":"0091100000009872","identificatieBAGVBOLaagsteHuisnummer":"0091010000029907","identificatieBAGVBOHoogsteHuisnummer":"0091010000029907","huisnummers":[{"tekst":"29","pos":[172252,559478],"hoek":0}]},"geometry":{"type":"Polygon","coordinates":[[[172257.45,559478.371],[172260.762,559480.862],[172259.436,559482.626],[172256.124,559480.135],[172254.203,559482.689],[172246.544,559476.931],[172249.79,559472.613],[172257.45,559478.371]]]}},{"type":"Feature","properties":{"relatieveHoogteligging":0,"lokaalID":"G1900.d48a03fd0ece464786722b2b96f9a7b7","bgt_status":"bestaand","identificatieBAGPND":"0091100000014231","identificatieBAGVBOLaagsteHuisnummer":"0091010000029915","identificatieBAGVBOHoogsteHuisnummer":"0091010000029915","huisnummers":[{"tekst":"27","pos":[172248,559483],"hoek":0}]},"geometry":{"type":"Polygon","coordinates":[[[172250.956,559487.006],[172243.298,559481.249],[172246.544,559476.931],[172254.203,559482.689],[172257.515,559485.18],[172256.189,559486.943],[172252.877,559484.453],[172250.956,559487.006]]]}},{"type":"Feature","properties":{"relatieveHoogteligging":0,"lokaalID":"G1900.bd8a08748bca464f87799aa336ecda67","bgt_status":"bestaand","identificatieBAGPND":"0091100000016412","identificatieBAGVBOLaagsteHuisnummer":"0091010000029929","identificatieBAGVBOHoogsteHuisnummer":"0091010000029929","huisnummers":[{"tekst":"25","pos":[172244,559486],"hoek":0}]},"geometry":{"type":"Polygon","coordinates":[[[172247.709,559491.324],[172240.052,559485.568],[172243.298,559481.249],[172250.956,559487.006],[172254.268,559489.497],[172252.942,559491.261],[172249.63,559488.77],[172247.709,559491.324]]]}},{"type":"Feature","properties":{"relatieveHoogteligging":0,"lokaalID":"G1900.1c51c4c1cbc94352954a25154d893603","bgt_status":"bestaand","identificatieBAGPND":"0091100000012659","identificatieBAGVBOLaagsteHuisnummer":"0091010000029912","identificatieBAGVBOHoogsteHuisnummer":"0091010000029912","huisnummers":[{"tekst":"34","pos":[172253,559421],"hoek":0}]},"geometry":{"type":"Polygon","coordinates":[[[172248.121,559434.414],[172246.17,559432.54],[172248.326,559430.296],[172248.65,559430.618],[172251.174,559427.927],[172248.335,559425.282],[172247.569,559424.563],[172254.011,559417.692],[172258.454,559421.858],[172252.021,559428.72],[172252.787,559429.438],[172250.263,559432.13],[172248.121,559434.414]]]}},{"type":"Feature","properties":{"relatieveHoogteligging":0,"lokaalID":"G1900.6bceed072a9c4c5c85dfdaea5e3e5c7f","bgt_status":"bestaand","identificatieBAGPND":"0091100000006383","identificatieBAGVBOLaagsteHuisnummer":"0091010000032458","identificatieBAGVBOHoogsteHuisnummer":"0091010000032458","huisnummers":[{"tekst":"36","pos":[172249,559417],"hoek":0}]},"geometry":{"type":"Polygon","coordinates":[[[172245.819,559427.966],[172244.215,559426.462],[172246.738,559423.77],[172243.899,559421.111],[172243.133,559420.393],[172249.57,559413.527],[172254.011,559417.692],[172247.569,559424.563],[172248.335,559425.282],[172245.819,559427.966]]]}},{"type":"Feature","properties":{"relatieveHoogteligging":0,"lokaalID":"G1900.04b72f6876834bd1a770cdb1763a635d","bgt_status":"bestaand","identificatieBAGPND":"0091100000008876","identificatieBAGVBOLaagsteHuisnummer":"0091010000029908","identificatieBAGVBOHoogsteHuisnummer":"0091010000029908","huisnummers":[{"tekst":"43","pos":[172252,559365],"hoek":0}]},"geometry":{"type":"Polygon","coordinates":[[[172245.863,559367.195],[172252.35,559360.29],[172254.52,559362.34],[172257.64,559359.04],[172259.41,559360.69],[172256.29,559364.01],[172249.703,559370.803],[172245.863,559367.195]]]}},{"type":"Feature","properties":{"relatieveHoogteligging":0,"lokaalID":"G1900.ea5cbe3ebab647c893fada0bb63511ed","bgt_status":"bestaand","identificatieBAGPND":"0091100000014211","identificatieBAGVBOLaagsteHuisnummer":"0091010000029919","identificatieBAGVBOHoogsteHuisnummer":"0091010000029919","huisnummers":[{"tekst":"45","pos":[172247,559360],"hoek":0}]},"geometry":{"type":"Polygon","coordinates":[[[172241.934,559363.504],[172248.43,559356.59],[172250.61,559358.65],[172253.73,559355.34],[172255.48,559356.98],[172252.35,559360.29],[172245.863,559367.195],[172241.934,559363.504]]]}},{"type":"Feature","properties":{"relatieveHoogteligging":0,"lokaalID":"G1900.b0db9fdcb33e4678af7916e234432add","bgt_status":"bestaand","identificatieBAGPND":"0091100000006387","identificatieBAGVBOLaagsteHuisnummer":"0091010000032457","identificatieBAGVBOHoogsteHuisnummer":"0091010000032457","huisnummers":[{"tekst":"38","pos":[172244,559413],"hoek":0}]},"geometry":{"type":"Polygon","coordinates":[[[172241.376,559423.802],[172239.763,559422.29],[172242.286,559419.6],[172239.447,559416.94],[172238.681,559416.222],[172245.12,559409.354],[172249.57,559413.527],[172243.133,559420.393],[172243.899,559421.111],[172241.376,559423.802]]]}},{"type":"Feature","properties":{"relatieveHoogteligging":0,"lokaalID":"G1900.bfcafc4da9be4755bf0b15f08dc2fb07","bgt_status":"bestaand","identificatieBAGPND":"0091100000006391","identificatieBAGVBOLaagsteHuisnummer":"0091010000032456","identificatieBAGVBOHoogsteHuisnummer":"0091010000032456","huisnummers":[{"tekst":"40","pos":[172240,559409],"hoek":0}]},"geometry":{"type":"Polygon","coordinates":[[[172236.924,559419.629],[172235.304,559418.113],[172237.827,559415.422],[172235.004,559412.79],[172234.238,559412.071],[172240.685,559405.195],[172245.12,559409.354],[172238.681,559416.222],[172239.447,559416.94],[172236.924,559419.629]]]}},{"type":"Feature","properties":{"relatieveHoogteligging":0,"lokaalID":"G1900.be48ff9501794c19b20de3df4d9a599a","bgt_status":"bestaand","identificatieBAGPND":"0091100000006395","identificatieBAGVBOLaagsteHuisnummer":"0091010000032455","identificatieBAGVBOHoogsteHuisnummer":"0091010000032455","huisnummers":[{"tekst":"42","pos":[172236,559406],"hoek":0}]},"geometry":{"type":"Polygon","coordinates":[[[172232.487,559415.474],[172230.875,559413.963],[172233.391,559411.279],[172230.545,559408.613],[172229.779,559407.895],[172236.229,559401.015],[172240.685,559405.195],[172234.238,559412.071],[172235.004,559412.79],[172232.487,559415.474]]]}},{"type":"Feature","properties":{"relatieveHoogteligging":0,"lokaalID":"G1900.9a6b831a1cc746c3b5bdd90b4de39691","bgt_status":"bestaand","identificatieBAGPND":"0091100000015045","identificatieBAGVBOLaagsteHuisnummer":"0091010000029944","identificatieBAGVBOHoogsteHuisnummer":"0091010000029944","huisnummers":[{"tekst":"44","pos":[172231,559402],"hoek":0}]},"geometry":{"type":"Polygon","coordinates":[[[172228.028,559411.297],[172226.417,559409.788],[172228.932,559407.104],[172225.219,559403.625],[172231.67,559396.74],[172236.229,559401.015],[172229.779,559407.895],[172230.545,559408.613],[172228.028,559411.297]]]}},{"type":"Feature","properties":{"relatieveHoogteligging":0,"lokaalID":"G1900.c8f4c815067e4b51a9e85be38df36649","bgt_status":"bestaand","identificatieBAGPND":"0091100000014856","identificatieBAGVBOLaagsteHuisnummer":"0091010000029957","identificatieBAGVBOHoogsteHuisnummer":"0091010000029957","huisnummers":[{"tekst":"37","pos":[172235,559457],"hoek":0}]},"geometry":{"type":"Polygon","coordinates":[[[172233.24,559448.825],[172239.444,559456.085],[172235.35,559459.587],[172229.15,559452.332],[172226.454,559449.177],[172228.137,559447.745],[172230.814,559450.89],[172233.24,559448.825]]]}},{"type":"Feature","properties":{"relatieveHoogteligging":0,"lokaalID":"G1900.a8b9832db74b4d028f7303a34f4a07bd","bgt_status":"bestaand","identificatieBAGPND":"0091100000014768","identificatieBAGVBOLaagsteHuisnummer":"0091010000029964","identificatieBAGVBOHoogsteHuisnummer":"0091010000029964","huisnummers":[{"tekst":"128","pos":[172227,559529],"hoek":0}]},"geometry":{"type":"Polygon","coordinates":[[[172232.227,559528.259],[172225.7,559535.281],[172222.88,559538.318],[172221.263,559536.816],[172224.083,559533.779],[172221.742,559531.604],[172228.27,559524.581],[172232.227,559528.259]]]}},{"type":"Feature","properties":{"relatieveHoogteligging":0,"lokaalID":"G1900.aa82b8d1e9794ace9dab09a971c4202f","bgt_status":"bestaand","identificatieBAGPND":"0091100000014846","identificatieBAGVBOLaagsteHuisnummer":"0091010000029959","identificatieBAGVBOHoogsteHuisnummer":"0091010000029959","huisnummers":[{"tekst":"126","pos":[172232,559532],"hoek":0}]},"geometry":{"type":"Polygon","coordinates":[[[172236.177,559531.931],[172229.651,559538.951],[172226.831,559541.988],[172225.221,559540.492],[172228.042,559537.456],[172225.7,559535.281],[172232.227,559528.259],[172236.177,559531.931]]]}},{"type":"Feature","properties":{"relatieveHoogteligging":0,"lokaalID":"G1900.a55def54ac524fe3be971e07def7425b","bgt_status":"bestaand","identificatieBAGPND":"0091100000014866","identificatieBAGVBOLaagsteHuisnummer":"0091010000029955","identificatieBAGVBOHoogsteHuisnummer":"0091010000029955","huisnummers":[{"tekst":"124","pos":[172236,559534],"hoek":0}]},"geometry":{"type":"Polygon","coordinates":[[[172240.134,559535.609],[172233.61,559542.628],[172230.789,559545.664],[172229.172,559544.162],[172231.993,559541.126],[172229.651,559538.951],[172236.177,559531.931],[172240.134,559535.609]]]}},{"type":"Feature","properties":{"relatieveHoogteligging":0,"lokaalID":"G1900.6a82cd5247544943a6a46ce074c91386","bgt_status":"bestaand","identificatieBAGPND":"0091100000014871","identificatieBAGVBOLaagsteHuisnummer":"0091010000029954","identificatieBAGVBOHoogsteHuisnummer":"0091010000029954","huisnummers":[{"tekst":"122","pos":[172240,559540],"hoek":0}]},"geometry":{"type":"Polygon","coordinates":[[[172244.084,559539.28],[172237.568,559546.29],[172234.747,559549.327],[172233.13,559547.825],[172235.944,559544.796],[172233.61,559542.628],[172240.134,559535.609],[172244.084,559539.28]]]}},{"type":"Feature","properties":{"relatieveHoogteligging":0,"lokaalID":"G1900.f4d164e599b8451b8a6aac967098d940","bgt_status":"bestaand","identificatieBAGPND":"0091100000014803","identificatieBAGVBOLaagsteHuisnummer":"0091010000029934","identificatieBAGVBOHoogsteHuisnummer":"0091010000029934","huisnummers":[{"tekst":"19","pos":[172234,559500],"hoek":0}]},"geometry":{"type":"Polygon","coordinates":[[[172237.74,559504.58],[172230.09,559498.82],[172233.56,559494.204],[172241.215,559499.959],[172241.269,559500],[172244.527,559502.45],[172243.201,559504.214],[172239.889,559501.723],[172237.74,559504.58]]]}},{"type":"Feature","properties":{"relatieveHoogteligging":0,"lokaalID":"G1900.8dd84b9afbae4f348a95940a69a4e246","bgt_status":"bestaand","identificatieBAGPND":"0091100000014793","identificatieBAGVBOLaagsteHuisnummer":"0091010000029936","identificatieBAGVBOHoogsteHuisnummer":"0091010000029936","huisnummers":[{"tekst":"23","pos":[172241,559491],"hoek":0}]},"geometry":{"type":"Polygon","coordinates":[[[172244.456,559495.65],[172236.799,559489.894],[172240.052,559485.568],[172247.709,559491.324],[172251.021,559493.815],[172249.695,559495.579],[172246.383,559493.088],[172244.456,559495.65]]]}},{"type":"Feature","properties":{"relatieveHoogteligging":0,"lokaalID":"G1900.661547fc229d4ea882f496bec484c55e","bgt_status":"bestaand","identificatieBAGPND":"0091100000006482","identificatieBAGVBOLaagsteHuisnummer":"0091010000029899","identificatieBAGVBOHoogsteHuisnummer":"0091010000029899","huisnummers":[{"tekst":"3","pos":[172257,559521],"hoek":0}]},"geometry":{"type":"Polygon","coordinates":[[[172257.596,559524.715],[172247.574,559515.314],[172249.116,559513.667],[172252.14,559516.5],[172254.324,559514.168],[172254.452,559514.032],[172261.455,559520.602],[172257.596,559524.715]]]}},{"type":"Feature","properties":{"relatieveHoogteligging":0,"lokaalID":"G1900.9126bfd0bc624241840709d4dc15f2cb","bgt_status":"bestaand","identificatieBAGPND":"0091100000014356","identificatieBAGVBOLaagsteHuisnummer":"0091010000029922","identificatieBAGVBOHoogsteHuisnummer":"0091010000029922","huisnummers":[{"tekst":"118","pos":[172246,559546],"hoek":0}]},"geometry":{"type":"Polygon","coordinates":[[[172251.983,559546.623],[172245.47,559553.63],[172242.65,559556.667],[172241.04,559555.172],[172243.86,559552.135],[172241.519,559549.96],[172248.033,559542.951],[172251.983,559546.623]]]}},{"type":"Feature","properties":{"relatieveHoogteligging":0,"lokaalID":"G1900.e5bf51272f184b84968137de0038277b","bgt_status":"bestaand","identificatieBAGPND":"0091100000014808","identificatieBAGVBOLaagsteHuisnummer":"0091010000029933","identificatieBAGVBOHoogsteHuisnummer":"0091010000029933","huisnummers":[{"tekst":"120","pos":[172242,559543],"hoek":0}]},"geometry":{"type":"Polygon","coordinates":[[[172248.033,559542.951],[172241.519,559549.96],[172238.699,559552.997],[172237.089,559551.502],[172239.909,559548.465],[172237.568,559546.29],[172244.084,559539.28],[172248.033,559542.951]]]}},{"type":"Feature","properties":{"relatieveHoogteligging":0,"lokaalID":"G1900.6efdcecb03fd45a59f1380b13082c706","bgt_status":"bestaand","identificatieBAGPND":"0091100000014201","identificatieBAGVBOLaagsteHuisnummer":"0091010000029921","identificatieBAGVBOHoogsteHuisnummer":"0091010000029921","huisnummers":[{"tekst":"116","pos":[172251,559549],"hoek":0}]},"geometry":{"type":"Polygon","coordinates":[[[172255.95,559550.31],[172254.274,559552.116],[172246.623,559560.357],[172244.991,559558.841],[172247.812,559555.805],[172245.47,559553.63],[172251.983,559546.623],[172255.95,559550.31]]]}},{"type":"Feature","properties":{"relatieveHoogteligging":0,"lokaalID":"G1900.fe51ec7413a746a7b76f45f20490f56d","bgt_status":"bestaand","identificatieBAGPND":"0091100000003026"},"geometry":{"type":"Polygon","coordinates":[[[172228.333,559560.211],[172228.295,559560.256],[172226.57,559558.786],[172226.67,559558.669],[172228.282,559556.778],[172230.006,559558.249],[172228.333,559560.211]]]}},{"type":"Feature","properties":{"relatieveHoogteligging":0,"lokaalID":"G1900.9cc56529ca1146058dd3b7b46d8d1986","bgt_status":"bestaand","identificatieBAGPND":"0091100000008423","identificatieBAGVBOLaagsteHuisnummer":"0091010000029971","identificatieBAGVBOHoogsteHuisnummer":"0091010000029971","huisnummers":[{"tekst":"130","pos":[172223,559524],"hoek":0}]},"geometry":{"type":"Polygon","coordinates":[[[172228.27,559524.581],[172221.742,559531.604],[172218.921,559534.641],[172217.311,559533.146],[172220.132,559530.109],[172217.79,559527.934],[172224.319,559520.909],[172228.27,559524.581]]]}},{"type":"Feature","properties":{"relatieveHoogteligging":0,"lokaalID":"G1900.fb7df775a67940d48117fc517d7351aa","bgt_status":"bestaand","identificatieBAGPND":"0091100000015905","identificatieBAGVBOLaagsteHuisnummer":"0091010000030003","identificatieBAGVBOHoogsteHuisnummer":"0091010000030003","huisnummers":[{"tekst":"136","pos":[172210,559514],"hoek":0}]},"geometry":{"type":"Polygon","coordinates":[[[172214.996,559514.982],[172208.484,559521.988],[172205.661,559525.027],[172204.035,559523.517],[172206.856,559520.476],[172204.519,559518.306],[172211.03,559511.302],[172214.996,559514.982]]]}},{"type":"Feature","properties":{"relatieveHoogteligging":0,"lokaalID":"G1900.21aaa3c33df148da9013ccf6c99c2bd5","bgt_status":"bestaand","identificatieBAGPND":"0091100000012910","identificatieBAGVBOLaagsteHuisnummer":"0091010000029988","identificatieBAGVBOHoogsteHuisnummer":"0091010000029988","huisnummers":[{"tekst":"134","pos":[172214,559519],"hoek":0}]},"geometry":{"type":"Polygon","coordinates":[[[172218.7,559518.42],[172218.975,559518.675],[172213.812,559524.229],[172209.641,559528.722],[172208,559527.198],[172210.821,559524.157],[172208.484,559521.988],[172214.996,559514.982],[172218.7,559518.42]]]}},{"type":"Feature","properties":{"relatieveHoogteligging":0,"lokaalID":"G1900.2d96b6ded17f475da49904bb35281295","bgt_status":"bestaand","identificatieBAGPND":"0091100000014022","identificatieBAGVBOLaagsteHuisnummer":"0091010000030011","identificatieBAGVBOHoogsteHuisnummer":"0091010000030011","huisnummers":[{"tekst":"140","pos":[172202,559507],"hoek":0}]},"geometry":{"type":"Polygon","coordinates":[[[172207.063,559507.621],[172200.553,559514.625],[172197.73,559517.666],[172196.11,559516.162],[172198.933,559513.12],[172196.589,559510.944],[172203.098,559503.941],[172207.063,559507.621]]]}},{"type":"Feature","properties":{"relatieveHoogteligging":0,"lokaalID":"G1900.ddde3bc3f54e4db38fcd55ead6f81633","bgt_status":"bestaand","identificatieBAGPND":"0091100000008428","identificatieBAGVBOLaagsteHuisnummer":"0091010000030022","identificatieBAGVBOHoogsteHuisnummer":"0091010000030022","huisnummers":[{"tekst":"142","pos":[172199,559504],"hoek":0}]},"geometry":{"type":"Polygon","coordinates":[[[172193.767,559513.985],[172192.174,559512.507],[172194.993,559509.47],[172192.322,559506.99],[172198.83,559499.98],[172203.098,559503.941],[172196.589,559510.944],[172193.767,559513.985]]]}},{"type":"Feature","properties":{"relatieveHoogteligging":0,"lokaalID":"G1900.1334f18e08d14e9b9b5fb4e3ebf849ed","bgt_status":"bestaand","identificatieBAGPND":"0091100000004574","identificatieBAGVBOLaagsteHuisnummer":"0091010000030052","identificatieBAGVBOHoogsteHuisnummer":"0091010000030052","huisnummers":[{"tekst":"150","pos":[172179,559485],"hoek":0}]},"geometry":{"type":"Polygon","coordinates":[[[172172.783,559488.812],[172179.341,559481.787],[172183.292,559485.475],[172176.736,559492.497],[172173.904,559495.535],[172172.286,559494.026],[172175.118,559490.989],[172172.783,559488.812]]]}},{"type":"Feature","properties":{"relatieveHoogteligging":0,"lokaalID":"G1900.90667a4cf53744d69e4272ffd4e00a11","bgt_status":"bestaand","identificatieBAGPND":"0091100000005993","identificatieBAGVBOLaagsteHuisnummer":"0091010000030043","identificatieBAGVBOHoogsteHuisnummer":"0091010000030043","huisnummers":[{"tekst":"148","pos":[172183,559489],"hoek":0}]},"geometry":{"type":"Polygon","coordinates":[[[172176.736,559492.497],[172183.292,559485.475],[172187.242,559489.163],[172180.688,559496.183],[172177.855,559499.22],[172176.238,559497.712],[172179.071,559494.674],[172176.736,559492.497]]]}},{"type":"Feature","properties":{"relatieveHoogteligging":0,"lokaalID":"G1900.1c9274c5f91a4cb28c2d2e8deef4cb1e","bgt_status":"bestaand","identificatieBAGPND":"0091100000006025","identificatieBAGVBOLaagsteHuisnummer":"0091010000030036","identificatieBAGVBOHoogsteHuisnummer":"0091010000030036","huisnummers":[{"tekst":"146","pos":[172187,559493],"hoek":0}]},"geometry":{"type":"Polygon","coordinates":[[[172180.688,559496.183],[172187.242,559489.163],[172191.185,559492.843],[172184.633,559499.861],[172181.801,559502.899],[172180.191,559501.397],[172183.023,559498.36],[172180.688,559496.183]]]}},{"type":"Feature","properties":{"relatieveHoogteligging":0,"lokaalID":"G1900.d2e2e3af890b4fcf8e12f6c11bed8911","bgt_status":"bestaand","identificatieBAGPND":"0091100000006174","identificatieBAGVBOLaagsteHuisnummer":"0091010000030028","identificatieBAGVBOHoogsteHuisnummer":"0091010000030028","huisnummers":[{"tekst":"144","pos":[172191,559496],"hoek":0}]},"geometry":{"type":"Polygon","coordinates":[[[172184.633,559499.861],[172191.185,559492.843],[172195.153,559496.548],[172185.775,559506.605],[172184.143,559505.083],[172186.976,559502.045],[172184.633,559499.861]]]}},{"type":"Feature","properties":{"relatieveHoogteligging":0,"lokaalID":"G1900.f3ffe4f7d57a4e5ab07c42a36bfbb978","bgt_status":"bestaand","identificatieBAGPND":"0091100000002739","identificatieBAGVBOLaagsteHuisnummer":"0091010000030085","identificatieBAGVBOHoogsteHuisnummer":"0091010000030085","huisnummers":[{"tekst":"154","pos":[172172,559478],"hoek":0}]},"geometry":{"type":"Polygon","coordinates":[[[172164.879,559481.44],[172171.441,559474.411],[172175.391,559478.099],[172168.831,559485.126],[172165.999,559488.164],[172165.712,559487.896],[172164.388,559486.662],[172167.221,559483.624],[172164.879,559481.44]]]}},{"type":"Feature","properties":{"relatieveHoogteligging":0,"lokaalID":"G1900.324110280f7742e7bd3b14635277c5fc","bgt_status":"bestaand","identificatieBAGPND":"0091100000018623","identificatieBAGVBOLaagsteHuisnummer":"0091010000030061","identificatieBAGVBOHoogsteHuisnummer":"0091010000030061","huisnummers":[{"tekst":"156","pos":[172167,559474],"hoek":0}]},"geometry":{"type":"Polygon","coordinates":[[[172164.879,559481.44],[172162.046,559484.478],[172160.436,559482.976],[172163.296,559479.91],[172160.69,559477.48],[172167.23,559470.48],[172171.441,559474.411],[172164.879,559481.44]]]}},{"type":"Feature","properties":{"relatieveHoogteligging":0,"lokaalID":"G1900.1d1cdbd6e9aa45bb9c4b60d2e3108f6f","bgt_status":"bestaand","identificatieBAGPND":"0091100000014255","identificatieBAGVBOLaagsteHuisnummer":"0091010000030066","identificatieBAGVBOHoogsteHuisnummer":"0091010000030066","huisnummers":[{"tekst":"158","pos":[172165,559441],"hoek":0}]},"geometry":{"type":"Polygon","coordinates":[[[172159.848,559437.262],[172169.225,559439.384],[172167.969,559444.749],[172154.57,559441.629],[172154.993,559439.813],[172155.08,559439.438],[172159.122,559440.379],[172159.848,559437.262]]]}},{"type":"Feature","properties":{"relatieveHoogteligging":0,"lokaalID":"G1900.b0453ff6d008465992fe1d554fd388a6","bgt_status":"bestaand","identificatieBAGPND":"0091100000004653","identificatieBAGVBOLaagsteHuisnummer":"0091010000030094","identificatieBAGVBOHoogsteHuisnummer":"0091010000030094","huisnummers":[{"tekst":"160","pos":[172167,559434],"hoek":0}]},"geometry":{"type":"Polygon","coordinates":[[[172161.072,559432.003],[172170.456,559434.127],[172169.225,559439.384],[172159.848,559437.262],[172155.806,559436.321],[172156.305,559434.178],[172160.346,559435.119],[172161.072,559432.003]]]}},{"type":"Feature","properties":{"relatieveHoogteligging":0,"lokaalID":"G1900.7b5bdc1760dc45da8d54dc75f106307c","bgt_status":"bestaand","identificatieBAGPND":"0091100000002731","identificatieBAGVBOLaagsteHuisnummer":"0091010000030087","identificatieBAGVBOHoogsteHuisnummer":"0091010000030087","huisnummers":[{"tekst":"164","pos":[172171,559424],"hoek":0}]},"geometry":{"type":"Polygon","coordinates":[[[172163.528,559421.483],[172163.562,559421.337],[172172.945,559423.493],[172171.688,559428.865],[172162.304,559426.741],[172158.256,559425.798],[172158.758,559423.642],[172162.806,559424.585],[172163.528,559421.483]]]}},{"type":"Feature","properties":{"relatieveHoogteligging":0,"lokaalID":"G1900.b9ad8581be644d7ba0c6b849ff50ef8e","bgt_status":"bestaand","identificatieBAGPND":"0091100000011824","identificatieBAGVBOLaagsteHuisnummer":"0091010000030090","identificatieBAGVBOHoogsteHuisnummer":"0091010000030090","huisnummers":[{"tekst":"162","pos":[172169,559430],"hoek":0}]},"geometry":{"type":"Polygon","coordinates":[[[172162.304,559426.741],[172171.688,559428.865],[172170.456,559434.127],[172161.072,559432.003],[172157.03,559431.062],[172157.529,559428.919],[172161.577,559429.862],[172162.304,559426.741]]]}},{"type":"Feature","properties":{"relatieveHoogteligging":0,"lokaalID":"G1900.a608ece8ca164eea98bc71a63094b555","bgt_status":"bestaand","identificatieBAGPND":"0091100000014225","identificatieBAGVBOLaagsteHuisnummer":"0091010000030072","identificatieBAGVBOHoogsteHuisnummer":"0091010000030072","huisnummers":[{"tekst":"172","pos":[172175,559404],"hoek":0}]},"geometry":{"type":"Polygon","coordinates":[[[172168.447,559400.382],[172177.857,559402.512],[172176.626,559407.769],[172167.211,559405.638],[172163.169,559404.697],[172163.671,559402.553],[172167.716,559403.501],[172168.447,559400.382]]]}},{"type":"Feature","properties":{"relatieveHoogteligging":0,"lokaalID":"G1900.69051398848e40b8b066af56693a6998","bgt_status":"bestaand","identificatieBAGPND":"0091100000014230","identificatieBAGVBOLaagsteHuisnummer":"0091010000030071","identificatieBAGVBOHoogsteHuisnummer":"0091010000030071","huisnummers":[{"tekst":"174","pos":[172176,559400],"hoek":0}]},"geometry":{"type":"Polygon","coordinates":[[[172168.447,559400.382],[172164.402,559399.434],[172164.9,559397.309],[172168.945,559398.257],[172169.739,559394.86],[172179.15,559396.99],[172177.857,559402.512],[172168.447,559400.382]]]}},{"type":"Feature","properties":{"relatieveHoogteligging":0,"lokaalID":"G1900.ad21963dfd0143549bc45626eab7a9f2","bgt_status":"bestaand","identificatieBAGPND":"0091100000004211","identificatieBAGVBOLaagsteHuisnummer":"0091010000030083","identificatieBAGVBOHoogsteHuisnummer":"0091010000030083","huisnummers":[{"tekst":"168","pos":[172174,559413],"hoek":0}]},"geometry":{"type":"Polygon","coordinates":[[[172165.987,559410.897],[172175.396,559413.027],[172174.176,559418.236],[172164.791,559416.061],[172164.757,559416.207],[172160.709,559415.264],[172161.219,559413.073],[172165.261,559414.014],[172165.987,559410.897]]]}},{"type":"Feature","properties":{"relatieveHoogteligging":0,"lokaalID":"G1900.3f23fab0d60e4f1dbe50e4c7447bb419","bgt_status":"bestaand","identificatieBAGPND":"0091100000014350","identificatieBAGVBOLaagsteHuisnummer":"0091010000030078","identificatieBAGVBOHoogsteHuisnummer":"0091010000030078","huisnummers":[{"tekst":"170","pos":[172175,559409],"hoek":0}]},"geometry":{"type":"Polygon","coordinates":[[[172167.211,559405.638],[172176.626,559407.769],[172175.396,559413.027],[172165.987,559410.897],[172161.945,559409.956],[172162.444,559407.813],[172166.485,559408.754],[172167.211,559405.638]]]}},{"type":"Feature","properties":{"relatieveHoogteligging":0,"lokaalID":"G1900.be2c3ccea4924b7389f510127b9224d0","bgt_status":"bestaand","identificatieBAGPND":"0091100000002735","identificatieBAGVBOLaagsteHuisnummer":"0091010000030086","identificatieBAGVBOHoogsteHuisnummer":"0091010000030086","huisnummers":[{"tekst":"166","pos":[172172,559418],"hoek":0}]},"geometry":{"type":"Polygon","coordinates":[[[172164.757,559416.207],[172164.791,559416.061],[172174.176,559418.236],[172172.945,559423.493],[172163.562,559421.337],[172163.528,559421.483],[172159.48,559420.541],[172159.982,559418.385],[172164.03,559419.328],[172164.757,559416.207]]]}},{"type":"Feature","properties":{"relatieveHoogteligging":0,"lokaalID":"G1900.99e46b877bc44174990811ef060fdcb7","bgt_status":"bestaand","identificatieBAGPND":"0091100000014200"},"geometry":{"type":"Polygon","coordinates":[[[172169.727,559360.078],[172167.681,559362.271],[172166.1,559360.79],[172168.143,559358.594],[172169.727,559360.078]]]}},{"type":"Feature","properties":{"relatieveHoogteligging":0,"lokaalID":"G1900.1830a4ea9e3b4bb5bf74a83a173404e0","bgt_status":"bestaand","identificatieBAGPND":"0091100000006403"},"geometry":{"type":"Polygon","coordinates":[[[172169.26,559363.75],[172167.681,559362.271],[172169.727,559360.078],[172171.303,559361.554],[172169.26,559363.75]]]}},{"type":"Feature","properties":{"relatieveHoogteligging":0,"lokaalID":"G1900.a4e4dae7f230435d83bbc09ead562677","bgt_status":"bestaand","identificatieBAGPND":"0091100000006399"},"geometry":{"type":"Polygon","coordinates":[[[172177.637,559367.457],[172175.591,559369.65],[172173.99,559368.17],[172176.033,559365.974],[172177.637,559367.457]]]}},{"type":"Feature","properties":{"relatieveHoogteligging":0,"lokaalID":"G1900.a35dd9780e5747f696213760e1a215c4","bgt_status":"bestaand","identificatieBAGPND":"0091100000015834"},"geometry":{"type":"Polygon","coordinates":[[[172177.17,559371.11],[172175.591,559369.65],[172177.637,559367.457],[172179.213,559368.914],[172177.17,559371.11]]]}},{"type":"Feature","properties":{"relatieveHoogteligging":0,"lokaalID":"G1900.eba97bd89b664d7eb114f38f78e0275e","bgt_status":"bestaand","identificatieBAGPND":"0091100000006033"},"geometry":{"type":"Polygon","coordinates":[[[172185.552,559374.832],[172183.505,559377.025],[172181.91,559375.55],[172183.953,559373.354],[172185.552,559374.832]]]}},{"type":"Feature","properties":{"relatieveHoogteligging":0,"lokaalID":"G1900.d14ea8a7a8c84135a06cc91aca22b72a","bgt_status":"bestaand","identificatieBAGPND":"0091100000006013"},"geometry":{"type":"Polygon","coordinates":[[[172185.08,559378.48],[172183.505,559377.025],[172185.552,559374.832],[172187.123,559376.284],[172185.08,559378.48]]]}},{"type":"Feature","properties":{"relatieveHoogteligging":0,"lokaalID":"G1900.f8d8a92e12ec4f9e9cf10f04160b88c5","bgt_status":"bestaand","identificatieBAGPND":"0091100000006017","identificatieBAGVBOLaagsteHuisnummer":"0091010000030038","identificatieBAGVBOHoogsteHuisnummer":"0091010000030038","huisnummers":[{"tekst":"66","pos":[172184,559365],"hoek":0}]},"geometry":{"type":"Polygon","coordinates":[[[172190.174,559361.951],[172183.641,559368.951],[172179.687,559365.261],[172186.22,559358.26],[172190.174,559361.951]]]}},{"type":"Feature","properties":{"relatieveHoogteligging":0,"lokaalID":"G1900.e335f3246ddf47fea2c7b7fe5ab974f7","bgt_status":"bestaand","identificatieBAGPND":"0091100000015901","identificatieBAGVBOLaagsteHuisnummer":"0091010000030030","identificatieBAGVBOHoogsteHuisnummer":"0091010000030030","huisnummers":[{"tekst":"68","pos":[172188,559369],"hoek":0}]},"geometry":{"type":"Polygon","coordinates":[[[172194.129,559365.641],[172187.596,559372.642],[172183.641,559368.951],[172190.174,559361.951],[172194.129,559365.641]]]}},{"type":"Feature","properties":{"relatieveHoogteligging":0,"lokaalID":"G1900.019547ddf80e49e89d8d8aedfea70897","bgt_status":"bestaand","identificatieBAGPND":"0091100000015897","identificatieBAGVBOLaagsteHuisnummer":"0091010000030031","identificatieBAGVBOHoogsteHuisnummer":"0091010000030031","huisnummers":[{"tekst":"70","pos":[172191,559372],"hoek":0}]},"geometry":{"type":"Polygon","coordinates":[[[172198.2,559369.44],[172191.667,559376.441],[172187.596,559372.642],[172194.129,559365.641],[172198.2,559369.44]]]}},{"type":"Feature","properties":{"relatieveHoogteligging":0,"lokaalID":"G1900.e3bf8fdb841342cab0e0276ee6ae315f","bgt_status":"bestaand","identificatieBAGPND":"0091100000008424","identificatieBAGVBOLaagsteHuisnummer":"0091010000030023","identificatieBAGVBOHoogsteHuisnummer":"0091010000030023","huisnummers":[{"tekst":"55","pos":[172195,559448],"hoek":0}]},"geometry":{"type":"Polygon","coordinates":[[[172191.557,559448.253],[172195.372,559444.165],[172202.228,559450.585],[172205.252,559453.417],[172203.737,559455.035],[172200.712,559452.201],[172198.527,559454.534],[172198.418,559454.651],[172191.557,559448.253]]]}},{"type":"Feature","properties":{"relatieveHoogteligging":0,"lokaalID":"G1900.2d003043df154112b877bf7fd1634058","bgt_status":"bestaand","identificatieBAGPND":"0091100000006326","identificatieBAGVBOLaagsteHuisnummer":"0091010000030009","identificatieBAGVBOHoogsteHuisnummer":"0091010000030009","huisnummers":[{"tekst":"59","pos":[172203,559439],"hoek":0}]},"geometry":{"type":"Polygon","coordinates":[[[172199.06,559440.214],[172202.749,559436.26],[172209.616,559442.699],[172212.638,559445.533],[172211.129,559447.143],[172208.105,559444.311],[172205.921,559446.642],[172199.06,559440.214]]]}},{"type":"Feature","properties":{"relatieveHoogteligging":0,"lokaalID":"G1900.701430c26f2a48d0bb763ea73bb815a7","bgt_status":"bestaand","identificatieBAGPND":"0091100000016585","identificatieBAGVBOLaagsteHuisnummer":"0091010000030014","identificatieBAGVBOHoogsteHuisnummer":"0091010000030014","huisnummers":[{"tekst":"57","pos":[172199,559443],"hoek":0}]},"geometry":{"type":"Polygon","coordinates":[[[172195.372,559444.165],[172199.06,559440.214],[172205.921,559446.642],[172208.945,559449.475],[172207.437,559451.086],[172204.413,559448.253],[172202.228,559450.585],[172195.372,559444.165]]]}},{"type":"Feature","properties":{"relatieveHoogteligging":0,"lokaalID":"G1900.9e9765cfb2fa42e88455b1f18e4ad066","bgt_status":"bestaand","identificatieBAGPND":"0091100000006365","identificatieBAGVBOLaagsteHuisnummer":"0091010000029996","identificatieBAGVBOHoogsteHuisnummer":"0091010000029996","huisnummers":[{"tekst":"61","pos":[172206,559434],"hoek":0}]},"geometry":{"type":"Polygon","coordinates":[[[172202.749,559436.26],[172206.432,559432.313],[172213.303,559438.754],[172216.325,559441.587],[172214.816,559443.196],[172211.801,559440.369],[172209.616,559442.699],[172202.749,559436.26]]]}},{"type":"Feature","properties":{"relatieveHoogteligging":0,"lokaalID":"G1900.ce7967be486c4a9c80e9ab5ff5dadfaa","bgt_status":"bestaand","identificatieBAGPND":"0091100000019275","identificatieBAGVBOLaagsteHuisnummer":"0091010000029993","identificatieBAGVBOHoogsteHuisnummer":"0091010000029993","huisnummers":[{"tekst":"63","pos":[172210,559431],"hoek":0}]},"geometry":{"type":"Polygon","coordinates":[[[172206.432,559432.313],[172210.111,559428.371],[172216.99,559434.822],[172220.012,559437.656],[172218.51,559439.257],[172215.488,559436.424],[172213.303,559438.754],[172206.432,559432.313]]]}},{"type":"Feature","properties":{"relatieveHoogteligging":0,"lokaalID":"G1900.b2159d55cb474e4abb2b32c95c3026a4","bgt_status":"bestaand","identificatieBAGPND":"0091100000012918","identificatieBAGVBOLaagsteHuisnummer":"0091010000029986","identificatieBAGVBOHoogsteHuisnummer":"0091010000029986","huisnummers":[{"tekst":"49","pos":[172211,559478],"hoek":0}]},"geometry":{"type":"Polygon","coordinates":[[[172210.659,559480.709],[172201.75,559470.28],[172203.403,559468.728],[172206.486,559472.012],[172208.802,559469.838],[172214.953,559477.036],[172210.659,559480.709]]]}},{"type":"Feature","properties":{"relatieveHoogteligging":0,"lokaalID":"G1900.810b94484ab1475d86bc7cc3efafe560","bgt_status":"bestaand","identificatieBAGPND":"0091100000019241","identificatieBAGVBOLaagsteHuisnummer":"0091010000029990","identificatieBAGVBOHoogsteHuisnummer":"0091010000029990","huisnummers":[{"tekst":"47","pos":[172214,559475],"hoek":0}]},"geometry":{"type":"Polygon","coordinates":[[[172214.953,559477.036],[172208.802,559469.838],[172205.965,559466.816],[172207.567,559465.312],[172210.263,559468.467],[172212.703,559466.382],[172218.912,559473.649],[172214.953,559477.036]]]}},{"type":"Feature","properties":{"relatieveHoogteligging":0,"lokaalID":"G1900.e653f18ea7854b5b934a8a10a4b6906f","bgt_status":"bestaand","identificatieBAGPND":"0091100000012942","identificatieBAGVBOLaagsteHuisnummer":"0091010000029980","identificatieBAGVBOHoogsteHuisnummer":"0091010000029980","huisnummers":[{"tekst":"45","pos":[172219,559471],"hoek":0}]},"geometry":{"type":"Polygon","coordinates":[[[172218.912,559473.649],[172212.703,559466.382],[172210.008,559463.227],[172211.68,559461.798],[172214.376,559464.953],[172216.809,559462.875],[172223.016,559470.138],[172218.912,559473.649]]]}},{"type":"Feature","properties":{"relatieveHoogteligging":0,"lokaalID":"G1900.98b50f52849945dbbc0357920f0d6fea","bgt_status":"bestaand","identificatieBAGPND":"0091100000013160","identificatieBAGVBOLaagsteHuisnummer":"0091010000029974","identificatieBAGVBOHoogsteHuisnummer":"0091010000029974","huisnummers":[{"tekst":"43","pos":[172223,559468],"hoek":0}]},"geometry":{"type":"Polygon","coordinates":[[[172223.016,559470.138],[172216.809,559462.875],[172214.114,559459.719],[172215.794,559458.284],[172218.49,559461.439],[172220.923,559459.36],[172221.041,559459.259],[172227.249,559466.517],[172223.016,559470.138]]]}},{"type":"Feature","properties":{"relatieveHoogteligging":0,"lokaalID":"G1900.2e418030ce5e4436b0beb763b76950d6","bgt_status":"bestaand","identificatieBAGPND":"0091100000012946","identificatieBAGVBOLaagsteHuisnummer":"0091010000029979","identificatieBAGVBOHoogsteHuisnummer":"0091010000029979","huisnummers":[{"tekst":"65","pos":[172213,559428],"hoek":0}]},"geometry":{"type":"Polygon","coordinates":[[[172210.111,559428.371],[172213.831,559424.385],[172220.704,559430.822],[172223.747,559433.673],[172222.211,559435.311],[172219.189,559432.477],[172216.99,559434.822],[172210.111,559428.371]]]}},{"type":"Feature","properties":{"relatieveHoogteligging":0,"lokaalID":"G1900.40385d1c10434e3d8174f69e1b0c6c7a","bgt_status":"bestaand","identificatieBAGPND":"0091100000012954","identificatieBAGVBOLaagsteHuisnummer":"0091010000029977","identificatieBAGVBOHoogsteHuisnummer":"0091010000029977","huisnummers":[{"tekst":"46","pos":[172223,559396],"hoek":0}]},"geometry":{"type":"Polygon","coordinates":[[[172219.44,559407.407],[172217.848,559405.913],[172220.373,559403.222],[172217.543,559400.567],[172216.776,559399.849],[172223.228,559392.951],[172227.793,559397.221],[172221.455,559404.021],[172222.067,559404.592],[172222.107,559404.629],[172219.482,559407.446],[172219.44,559407.407]]]}},{"type":"Feature","properties":{"relatieveHoogteligging":0,"lokaalID":"G1900.5eebe95f031e489ea4a37343a8c5da2b","bgt_status":"bestaand","identificatieBAGPND":"0091100000012950","identificatieBAGVBOLaagsteHuisnummer":"0091010000029978","identificatieBAGVBOHoogsteHuisnummer":"0091010000029978","huisnummers":[{"tekst":"48","pos":[172219,559394],"hoek":0}]},"geometry":{"type":"Polygon","coordinates":[[[172215.018,559403.258],[172213.392,559401.732],[172215.917,559399.041],[172213.087,559396.386],[172212.32,559395.668],[172218.767,559388.777],[172223.228,559392.951],[172216.776,559399.849],[172217.543,559400.567],[172215.018,559403.258]]]}},{"type":"Feature","properties":{"relatieveHoogteligging":0,"lokaalID":"G1900.418fc8469f2b4699b5bb68bdae83d338","bgt_status":"bestaand","identificatieBAGPND":"0091100000012906","identificatieBAGVBOLaagsteHuisnummer":"0091010000029989","identificatieBAGVBOHoogsteHuisnummer":"0091010000029989","huisnummers":[{"tekst":"50","pos":[172214,559388],"hoek":0}]},"geometry":{"type":"Polygon","coordinates":[[[172208.645,559392.219],[172207.878,559391.501],[172214.319,559384.616],[172218.767,559388.777],[172212.32,559395.668],[172213.087,559396.386],[172210.562,559399.077],[172208.95,559397.565],[172211.475,559394.874],[172208.645,559392.219]]]}},{"type":"Feature","properties":{"relatieveHoogteligging":0,"lokaalID":"G1900.80dbb4027d614bbf8cb1d8cb74159020","bgt_status":"bestaand","identificatieBAGPND":"0091100000012084","identificatieBAGVBOLaagsteHuisnummer":"0091010000022021","identificatieBAGVBOHoogsteHuisnummer":"0091010000022021","huisnummers":[{"tekst":"67","pos":[172212,559263],"hoek":0}]},"geometry":{"type":"Polygon","coordinates":[[[172204.687,559268.238],[172204.49,559262.09],[172212.82,559261.82],[172212.95,559265.84],[172218.14,559265.68],[172218.21,559267.9],[172213.02,559268.06],[172212.98,559268.06],[172212.98,559267.96],[172204.687,559268.238]]]}},{"type":"Feature","properties":{"relatieveHoogteligging":0,"lokaalID":"G1900.5ad90c724c5a4a788279ba3f3ba09157","bgt_status":"bestaand","identificatieBAGPND":"0091100000015925","identificatieBAGVBOLaagsteHuisnummer":"0091010000029998","identificatieBAGVBOHoogsteHuisnummer":"0091010000029998","huisnummers":[{"tekst":"59","pos":[172213,559288],"hoek":0}]},"geometry":{"type":"Polygon","coordinates":[[[172205.46,559292.34],[172205.264,559286.219],[172213.56,559285.94],[172213.57,559286.04],[172213.6,559286.04],[172213.72,559289.81],[172218.91,559289.65],[172218.98,559291.86],[172205.46,559292.34]]]}},{"type":"Feature","properties":{"relatieveHoogteligging":0,"lokaalID":"G1900.083dd3d158e743e9a7e9f67459dd45a5","bgt_status":"bestaand","identificatieBAGPND":"0091100000006105","identificatieBAGVBOLaagsteHuisnummer":"0091010000030047","identificatieBAGVBOHoogsteHuisnummer":"0091010000030047","huisnummers":[{"tekst":"64","pos":[172180,559362],"hoek":0}]},"geometry":{"type":"Polygon","coordinates":[[[172186.22,559358.26],[172179.687,559365.261],[172175.732,559361.571],[172182.265,559354.57],[172186.22,559358.26]]]}},{"type":"Feature","properties":{"relatieveHoogteligging":0,"lokaalID":"G1900.e1fbf487e8d24e4eba79915ff6473d4d","bgt_status":"bestaand","identificatieBAGPND":"0091100000015838","identificatieBAGVBOLaagsteHuisnummer":"0091010000030054","identificatieBAGVBOHoogsteHuisnummer":"0091010000030054","huisnummers":[{"tekst":"62","pos":[172177,559358],"hoek":0}]},"geometry":{"type":"Polygon","coordinates":[[[172182.265,559354.57],[172175.732,559361.571],[172171.778,559357.881],[172178.311,559350.88],[172182.265,559354.57]]]}},{"type":"Feature","properties":{"relatieveHoogteligging":0,"lokaalID":"G1900.6913526cb77f428e86bb20850931a828","bgt_status":"bestaand","identificatieBAGPND":"0091100000018625","identificatieBAGVBOLaagsteHuisnummer":"0091010000030060","identificatieBAGVBOHoogsteHuisnummer":"0091010000030060","huisnummers":[{"tekst":"60","pos":[172173,559354],"hoek":0}]},"geometry":{"type":"Polygon","coordinates":[[[172178.311,559350.88],[172171.778,559357.881],[172167.823,559354.19],[172174.356,559347.19],[172178.311,559350.88]]]}},{"type":"Feature","properties":{"relatieveHoogteligging":0,"lokaalID":"G1900.801adf7b007149c6bda14efc66e926f4","bgt_status":"bestaand","identificatieBAGPND":"0091100000014205","identificatieBAGVBOLaagsteHuisnummer":"0091010000030076","identificatieBAGVBOHoogsteHuisnummer":"0091010000030076","huisnummers":[{"tekst":"58","pos":[172169,559350],"hoek":0}]},"geometry":{"type":"Polygon","coordinates":[[[172174.356,559347.19],[172167.823,559354.19],[172163.868,559350.5],[172170.402,559343.499],[172174.356,559347.19]]]}},{"type":"Feature","properties":{"relatieveHoogteligging":0,"lokaalID":"G1900.216b4366d1dd46a891d7ad94e4313a9f","bgt_status":"bestaand","identificatieBAGPND":"0091100000018617","identificatieBAGVBOLaagsteHuisnummer":"0091010000030064","identificatieBAGVBOHoogsteHuisnummer":"0091010000030064","huisnummers":[{"tekst":"56","pos":[172164,559346],"hoek":0}]},"geometry":{"type":"Polygon","coordinates":[[[172170.402,559343.499],[172163.868,559350.5],[172159.797,559346.701],[172166.33,559339.7],[172170.402,559343.499]]]}},{"type":"Feature","properties":{"relatieveHoogteligging":0,"lokaalID":"G1900.52a44bd50a1344a79e1e143e62ad0be3","bgt_status":"bestaand","identificatieBAGPND":"0091100000004665"},"geometry":{"type":"Polygon","coordinates":[[[172158.19,559353.42],[172160.233,559351.224],[172161.817,559352.698],[172159.771,559354.891],[172158.19,559353.42]]]}},{"type":"Feature","properties":{"relatieveHoogteligging":0,"lokaalID":"G1900.459b9f1bc97a47b4b4a21d8a7972eba3","bgt_status":"bestaand","identificatieBAGPND":"0091100000017693"},"geometry":{"type":"Polygon","coordinates":[[[172159.771,559354.891],[172161.817,559352.698],[172163.393,559354.164],[172161.35,559356.36],[172159.771,559354.891]]]}},{"type":"Feature","properties":{"relatieveHoogteligging":0,"lokaalID":"G1900.f26c7f9b98044d928029cca584f65aec","bgt_status":"bestaand","identificatieBAGPND":"0091100000006501","identificatieBAGVBOLaagsteHuisnummer":"0091010000030058","identificatieBAGVBOHoogsteHuisnummer":"0091010000030058","huisnummers":[{"tekst":"3","pos":[172173,559287],"hoek":0}]},"geometry":{"type":"Polygon","coordinates":[[[172168.78,559280.478],[172167.891,559276.11],[172170.253,559275.63],[172171.143,559279.998],[172174.073,559279.403],[172175.987,559288.832],[172170.694,559289.906],[172168.78,559280.478]]]}},{"type":"Feature","properties":{"relatieveHoogteligging":0,"lokaalID":"G1900.9dcca92519c84ec0bea5c68d2ebcc9b0","bgt_status":"bestaand","identificatieBAGPND":"0091100000014240","identificatieBAGVBOLaagsteHuisnummer":"0091010000030069","identificatieBAGVBOHoogsteHuisnummer":"0091010000030069","huisnummers":[{"tekst":"5","pos":[172168,559288],"hoek":0}]},"geometry":{"type":"Polygon","coordinates":[[[172163.475,559281.557],[172162.585,559277.186],[172164.957,559276.705],[172165.847,559281.074],[172168.78,559280.478],[172170.694,559289.906],[172165.388,559290.983],[172163.475,559281.557]]]}},{"type":"Feature","properties":{"relatieveHoogteligging":0,"lokaalID":"G1900.0c9ef02851ad4d409024b5080e86a723","bgt_status":"bestaand","identificatieBAGPND":"0091100000015826","identificatieBAGVBOLaagsteHuisnummer":"0091010000030088","identificatieBAGVBOHoogsteHuisnummer":"0091010000030088","huisnummers":[{"tekst":"7","pos":[172163,559288],"hoek":0}]},"geometry":{"type":"Polygon","coordinates":[[[172158.172,559282.633],[172157.282,559278.263],[172159.643,559277.786],[172160.533,559282.153],[172163.475,559281.557],[172165.388,559290.983],[172160.085,559292.06],[172158.172,559282.633]]]}},{"type":"Feature","properties":{"relatieveHoogteligging":0,"lokaalID":"G1900.63ba4bb23c5e482c90470b837dd41685","bgt_status":"bestaand","identificatieBAGPND":"0091100000006101","identificatieBAGVBOLaagsteHuisnummer":"0091010000030048","identificatieBAGVBOHoogsteHuisnummer":"0091010000030048","huisnummers":[{"tekst":"54","pos":[172175.9,559263.074],"hoek":0}]},"geometry":{"type":"Polygon","coordinates":[[[172165.68,559267.89],[172165.513,559265.809],[172169.175,559265.445],[172168.861,559261.507],[172168.77,559260.397],[172178.191,559259.628],[172178.71,559265.98],[172169.46,559266.67],[172169.53,559267.59],[172165.68,559267.89]]]}},{"type":"Feature","properties":{"relatieveHoogteligging":0,"lokaalID":"G1900.2d245151a7d54134bcb0229e459b2f33","bgt_status":"bestaand","identificatieBAGPND":"0091100000004570","identificatieBAGVBOLaagsteHuisnummer":"0091010000030053","identificatieBAGVBOHoogsteHuisnummer":"0091010000030053","huisnummers":[{"tekst":"1","pos":[172179,559285],"hoek":0}]},"geometry":{"type":"Polygon","coordinates":[[[172174.073,559279.403],[172173.184,559275.034],[172175.552,559274.553],[172176.442,559278.922],[172179.76,559278.248],[172181.681,559287.676],[172175.987,559288.832],[172174.073,559279.403]]]}},{"type":"Feature","properties":{"relatieveHoogteligging":0,"lokaalID":"G1900.9bb1ee61f4484cf0888935cb306f9ae6","bgt_status":"bestaand","identificatieBAGPND":"0091100000015015","identificatieBAGVBOLaagsteHuisnummer":"0091010000029950","identificatieBAGVBOHoogsteHuisnummer":"0091010000029950","huisnummers":[{"tekst":"4","pos":[172240,559271],"hoek":0}]},"geometry":{"type":"Polygon","coordinates":[[[172244.361,559272.999],[172235.946,559273.299],[172235.95,559273.4],[172230.76,559273.57],[172230.69,559271.36],[172235.88,559271.18],[172235.75,559267.41],[172235.746,559267.309],[172244.162,559267.009],[172244.361,559272.999]]]}},{"type":"Feature","properties":{"relatieveHoogteligging":0,"lokaalID":"G1900.79e0bcd1ff564438ba40b6e05f4c00b0","bgt_status":"bestaand","identificatieBAGPND":"0091100000015010","identificatieBAGVBOLaagsteHuisnummer":"0091010000029951","identificatieBAGVBOHoogsteHuisnummer":"0091010000029951","huisnummers":[{"tekst":"5","pos":[172241,559265],"hoek":0}]},"geometry":{"type":"Polygon","coordinates":[[[172244.162,559267.009],[172235.746,559267.309],[172235.75,559267.41],[172230.56,559267.58],[172230.49,559265.36],[172235.68,559265.19],[172235.55,559261.41],[172235.546,559261.309],[172243.963,559261.009],[172244.162,559267.009]]]}},{"type":"Feature","properties":{"relatieveHoogteligging":0,"lokaalID":"G1900.1713d73ccfa14052a7336c7ab3953770","bgt_status":"bestaand","identificatieBAGPND":"0091100000012675","identificatieBAGVBOLaagsteHuisnummer":"0091010000029926","identificatieBAGVBOHoogsteHuisnummer":"0091010000029926","huisnummers":[{"tekst":"1","pos":[172241,559288],"hoek":0}]},"geometry":{"type":"Polygon","coordinates":[[[172244.96,559291.08],[172231.36,559291.55],[172231.29,559289.33],[172236.48,559289.16],[172236.35,559285.38],[172236.347,559285.279],[172244.758,559284.989],[172244.96,559291.08]]]}},{"type":"Feature","properties":{"relatieveHoogteligging":0,"lokaalID":"G1900.ca99a27fe00e42308362237dca9aec77","bgt_status":"bestaand","identificatieBAGPND":"0091100000009664"},"geometry":{"type":"Polygon","coordinates":[[[172229.093,559285.84],[172229.139,559289.292],[172225.134,559289.344],[172225.089,559285.892],[172229.093,559285.84]]]}},{"type":"Feature","properties":{"relatieveHoogteligging":0,"lokaalID":"G1900.6a0094b96819439ab3a961b0a8cb40d3","bgt_status":"bestaand","identificatieBAGPND":"0091100000013021","identificatieBAGVBOLaagsteHuisnummer":"0091010000029940","identificatieBAGVBOHoogsteHuisnummer":"0091010000029940","huisnummers":[{"tekst":"49","pos":[172239,559353],"hoek":0}]},"geometry":{"type":"Polygon","coordinates":[[[172237.995,559359.803],[172233.82,559355.88],[172240.39,559348.88],[172242.81,559351.15],[172245.86,559347.92],[172247.719,559345.785],[172249.471,559347.447],[172247.61,559349.57],[172244.5,559352.88],[172237.995,559359.803]]]}},{"type":"Feature","properties":{"relatieveHoogteligging":0,"lokaalID":"G1900.ded3dde764cd4e749d2d0a5091eb1923","bgt_status":"bestaand","identificatieBAGPND":"0091100000014673","identificatieBAGVBOLaagsteHuisnummer":"0091010000029932","identificatieBAGVBOHoogsteHuisnummer":"0091010000029932","huisnummers":[{"tekst":"47","pos":[172244,559357],"hoek":0}]},"geometry":{"type":"Polygon","coordinates":[[[172237.995,559359.803],[172244.5,559352.88],[172246.67,559354.93],[172249.79,559351.63],[172251.55,559353.27],[172248.43,559356.59],[172241.934,559363.504],[172237.995,559359.803]]]}},{"type":"Feature","properties":{"relatieveHoogteligging":0,"lokaalID":"G1900.11559c9c49d44fe9b6675e0039e0f132","bgt_status":"bestaand","identificatieBAGPND":"0091100000009696"},"geometry":{"type":"Polygon","coordinates":[[[172250.642,559337.743],[172251.909,559338.857],[172249.384,559341.73],[172248.051,559340.558],[172246.118,559338.859],[172247.641,559337.126],[172248.643,559335.986],[172248.775,559336.102],[172250.642,559337.743]]]}},{"type":"Feature","properties":{"relatieveHoogteligging":0,"lokaalID":"G1900.7d8ddf66069c4400a8504ff32bf1cc31","bgt_status":"bestaand","identificatieBAGPND":"0091100000004979","identificatieBAGVBOLaagsteHuisnummer":"0091010000029883","identificatieBAGVBOHoogsteHuisnummer":"0091010000029883","huisnummers":[{"tekst":"38","pos":[172262,559329],"hoek":0}]},"geometry":{"type":"Polygon","coordinates":[[[172259.77,559336.27],[172256.63,559339.55],[172254.89,559337.88],[172257.95,559334.69],[172255.56,559332.4],[172262.25,559325.46],[172266.251,559329.291],[172259.77,559336.27]]]}},{"type":"Feature","properties":{"relatieveHoogteligging":0,"lokaalID":"G1900.b51ec2f33f8445d68cc1d91bb9a6aa91","bgt_status":"bestaand","identificatieBAGPND":"0091100000006462","identificatieBAGVBOLaagsteHuisnummer":"0091010000029886","identificatieBAGVBOHoogsteHuisnummer":"0091010000029886","huisnummers":[{"tekst":"36","pos":[172265,559333],"hoek":0}]},"geometry":{"type":"Polygon","coordinates":[[[172259.77,559336.27],[172266.251,559329.291],[172270.16,559333.033],[172263.68,559340.01],[172260.54,559343.29],[172258.79,559341.62],[172261.93,559338.34],[172259.77,559336.27]]]}},{"type":"Feature","properties":{"relatieveHoogteligging":0,"lokaalID":"G1900.98ca808af77c4181b964cc8337c007f2","bgt_status":"bestaand","identificatieBAGPND":"0091100000006585","identificatieBAGVBOLaagsteHuisnummer":"0091010000029879","identificatieBAGVBOHoogsteHuisnummer":"0091010000029879","huisnummers":[{"tekst":"34","pos":[172269,559336],"hoek":0}]},"geometry":{"type":"Polygon","coordinates":[[[172263.68,559340.01],[172270.16,559333.033],[172274.069,559336.776],[172267.58,559343.74],[172264.44,559347.02],[172262.7,559345.36],[172265.84,559342.08],[172263.68,559340.01]]]}},{"type":"Feature","properties":{"relatieveHoogteligging":0,"lokaalID":"G1900.a96ae93a332c47d4be7721da8efd7878","bgt_status":"bestaand","identificatieBAGPND":"0091100000008612","identificatieBAGVBOLaagsteHuisnummer":"0091010000029861","identificatieBAGVBOHoogsteHuisnummer":"0091010000029861","huisnummers":[{"tekst":"32","pos":[172273,559341],"hoek":0}]},"geometry":{"type":"Polygon","coordinates":[[[172267.58,559343.74],[172274.069,559336.776],[172277.978,559340.519],[172271.48,559347.46],[172268.35,559350.76],[172266.61,559349.09],[172269.75,559345.8],[172267.58,559343.74]]]}},{"type":"Feature","properties":{"relatieveHoogteligging":0,"lokaalID":"G1900.29d40d3773f341a8b21bfbbf4d6eebd3","bgt_status":"bestaand","identificatieBAGPND":"0091100000008632","identificatieBAGVBOLaagsteHuisnummer":"0091010000029856","identificatieBAGVBOHoogsteHuisnummer":"0091010000029856","huisnummers":[{"tekst":"30","pos":[172277,559345],"hoek":0}]},"geometry":{"type":"Polygon","coordinates":[[[172271.48,559347.46],[172277.978,559340.519],[172281.887,559344.261],[172275.4,559351.2],[172272.26,559354.49],[172270.51,559352.81],[172273.66,559349.53],[172271.48,559347.46]]]}},{"type":"Feature","properties":{"relatieveHoogteligging":0,"lokaalID":"G1900.c400e9b9999f4ce694105fc691ff7d20","bgt_status":"bestaand","identificatieBAGPND":"0091100000016135","identificatieBAGVBOLaagsteHuisnummer":"0091010000029848","identificatieBAGVBOHoogsteHuisnummer":"0091010000029848","huisnummers":[{"tekst":"28","pos":[172283,559348],"hoek":0}]},"geometry":{"type":"Polygon","coordinates":[[[172275.4,559351.2],[172281.887,559344.261],[172285.796,559348.004],[172279.3,559354.93],[172276.19,559358.25],[172274.42,559356.55],[172277.57,559353.27],[172275.4,559351.2]]]}},{"type":"Feature","properties":{"relatieveHoogteligging":0,"lokaalID":"G1900.e8bdbcd4862641e38303dbb39839672d","bgt_status":"bestaand","identificatieBAGPND":"0091100000008560","identificatieBAGVBOLaagsteHuisnummer":"0091010000029842","identificatieBAGVBOHoogsteHuisnummer":"0091010000029842","huisnummers":[{"tekst":"26","pos":[172285,559351],"hoek":0}]},"geometry":{"type":"Polygon","coordinates":[[[172279.3,559354.93],[172285.796,559348.004],[172289.705,559351.747],[172283.22,559358.68],[172280.1,559361.98],[172278.34,559360.29],[172281.48,559357.01],[172279.3,559354.93]]]}},{"type":"Feature","properties":{"relatieveHoogteligging":0,"lokaalID":"G1900.9d37f5e2c4c446b689cafda35dfe82a0","bgt_status":"bestaand","identificatieBAGPND":"0091100000009668"},"geometry":{"type":"Polygon","coordinates":[[[172290.587,559306.855],[172290.899,559310.091],[172286.964,559310.47],[172286.652,559307.235],[172290.587,559306.855]]]}},{"type":"Feature","properties":{"relatieveHoogteligging":0,"lokaalID":"G1900.ce8b2a11650547718a1bddad1c4bdb50","bgt_status":"bestaand","identificatieBAGPND":"0091100000007282","identificatieBAGVBOLaagsteHuisnummer":"0091010000029830","identificatieBAGVBOHoogsteHuisnummer":"0091010000029830","huisnummers":[{"tekst":"24","pos":[172288,559356],"hoek":0}]},"geometry":{"type":"Polygon","coordinates":[[[172283.22,559358.68],[172289.705,559351.747],[172293.73,559355.6],[172284.01,559365.72],[172282.25,559364.03],[172285.39,559360.75],[172283.22,559358.68]]]}},{"type":"Feature","properties":{"relatieveHoogteligging":0,"lokaalID":"G1900.f3ef19c5b9e74c99b2205eb6da92cb25","bgt_status":"bestaand","identificatieBAGPND":"0091100000007258","identificatieBAGVBOLaagsteHuisnummer":"0091010000029835","identificatieBAGVBOHoogsteHuisnummer":"0091010000029835","huisnummers":[{"tekst":"27","pos":[172289,559395],"hoek":0}]},"geometry":{"type":"Polygon","coordinates":[[[172293,559394.37],[172286.545,559401.264],[172282.61,559397.579],[172289.06,559390.69],[172291.22,559392.71],[172294.37,559389.42],[172296.11,559391.04],[172293,559394.37]]]}},{"type":"Feature","properties":{"relatieveHoogteligging":0,"lokaalID":"G1900.e500c005fb234b02ac95ccc99440f09e","bgt_status":"bestaand","identificatieBAGPND":"0091100000007274","identificatieBAGVBOLaagsteHuisnummer":"0091010000029832","identificatieBAGVBOHoogsteHuisnummer":"0091010000029832","huisnummers":[{"tekst":"20","pos":[172288,559455],"hoek":0}]},"geometry":{"type":"Polygon","coordinates":[[[172285.5,559465.193],[172283.889,559463.682],[172286.407,559461],[172283.586,559458.352],[172282.819,559457.633],[172289.269,559450.756],[172293.702,559454.914],[172287.258,559461.785],[172288.024,559462.504],[172285.5,559465.193]]]}},{"type":"Feature","properties":{"relatieveHoogteligging":0,"lokaalID":"G1900.b538976aa7b1423c870503a635feb251","bgt_status":"bestaand","identificatieBAGPND":"0091100000007042","identificatieBAGVBOLaagsteHuisnummer":"0091010000029823","identificatieBAGVBOHoogsteHuisnummer":"0091010000029823","huisnummers":[{"tekst":"18","pos":[172293,559459],"hoek":0}]},"geometry":{"type":"Polygon","coordinates":[[[172288.024,559462.504],[172287.258,559461.785],[172293.702,559454.914],[172298.149,559459.085],[172291.703,559465.958],[172292.47,559466.677],[172289.946,559469.366],[172288.335,559467.854],[172290.859,559465.165],[172288.024,559462.504]]]}},{"type":"Feature","properties":{"relatieveHoogteligging":0,"lokaalID":"G1900.1868d64bfb3f4dcda1037e4d65d10413","bgt_status":"bestaand","identificatieBAGPND":"0091100000009846"},"geometry":{"type":"Polygon","coordinates":[[[172295.792,559297.814],[172295.862,559298.713],[172292.84,559298.953],[172292.773,559298.098],[172292.648,559296.506],[172295.672,559296.272],[172295.792,559297.814]]]}},{"type":"Feature","properties":{"relatieveHoogteligging":0,"lokaalID":"G1900.01bb233f131f4f6dac3801b8b20818f8","bgt_status":"bestaand","identificatieBAGPND":"0091100000015030","identificatieBAGVBOLaagsteHuisnummer":"0091010000029947","identificatieBAGVBOHoogsteHuisnummer":"0091010000029947","huisnummers":[{"tekst":"2","pos":[172241,559283],"hoek":0}]},"geometry":{"type":"Polygon","coordinates":[[[172232.915,559283.28],[172233.685,559283.255],[172233.561,559279.475],[172236.15,559279.39],[172236.146,559279.289],[172236.958,559279.261],[172244.56,559278.999],[172244.758,559284.989],[172236.347,559285.279],[172236.35,559285.38],[172231.16,559285.56],[172229.22,559285.627],[172229.147,559283.404],[172231.09,559283.34],[172232.806,559283.284],[172232.915,559283.28]]]}},{"type":"Feature","properties":{"relatieveHoogteligging":0,"lokaalID":"G1900.50666de818324d1e9bbb7fe23377eb41","bgt_status":"bestaand","identificatieBAGPND":"0091100000009708"},"geometry":{"type":"Polygon","coordinates":[[[172262.294,559585.313],[172263.655,559583.338],[172265.23,559583.149],[172265.643,559586.6],[172265.658,559586.722],[172262.508,559587.099],[172262.294,559585.313]]]}},{"type":"Feature","properties":{"relatieveHoogteligging":0,"lokaalID":"G1900.5f6c223f62e140db9144fa3d48beaaa4","bgt_status":"bestaand","identificatieBAGPND":"0091100000008651","identificatieBAGVBOLaagsteHuisnummer":"0091010000031245","identificatieBAGVBOHoogsteHuisnummer":"0091010000031245","huisnummers":[{"tekst":"41","pos":[172223,559460],"hoek":0}]},"geometry":{"type":"Polygon","coordinates":[[[172231.348,559463.011],[172227.249,559466.517],[172221.041,559459.259],[172220.923,559459.36],[172218.227,559456.205],[172215.605,559453.126],[172216.41,559452.39],[172217.215,559451.654],[172219.907,559454.77],[172219.991,559454.868],[172222.416,559452.795],[172225.027,559455.852],[172225.141,559455.755],[172231.348,559463.011]]]}},{"type":"Feature","properties":{"relatieveHoogteligging":0,"lokaalID":"G1900.820d1e3203e6434f9fecb1845bcf25ee","bgt_status":"bestaand","identificatieBAGPND":"0091100000015040","identificatieBAGVBOLaagsteHuisnummer":"0091010000029945","identificatieBAGVBOHoogsteHuisnummer":"0091010000029945","huisnummers":[{"tekst":"21","pos":[172238,559495],"hoek":0}]},"geometry":{"type":"Polygon","coordinates":[[[172241.215,559499.959],[172233.56,559494.204],[172236.799,559489.894],[172244.456,559495.65],[172247.768,559498.14],[172247.711,559498.216],[172247.066,559499.074],[172246.448,559499.896],[172243.136,559497.405],[172241.215,559499.959]]]}},{"type":"Feature","properties":{"relatieveHoogteligging":0,"lokaalID":"G1900.96f645273a8f42789d14fec48640f872","bgt_status":"bestaand","identificatieBAGPND":"0091100000015913","identificatieBAGVBOLaagsteHuisnummer":"0091010000030001","identificatieBAGVBOHoogsteHuisnummer":"0091010000030001","huisnummers":[{"tekst":"63","pos":[172211,559277],"hoek":0}]},"geometry":{"type":"Polygon","coordinates":[[[172213.41,559280.05],[172213.37,559280.05],[172213.37,559279.95],[172205.071,559280.219],[172204.879,559274.229],[172213.17,559273.96],[172213.17,559274.06],[172213.21,559274.06],[172213.34,559277.83],[172218.53,559277.66],[172223.935,559277.483],[172223.991,559279.704],[172222.93,559279.738],[172218.6,559279.88],[172213.41,559280.05]]]}},{"type":"Feature","properties":{"relatieveHoogteligging":0,"lokaalID":"G1900.b8fc005079b94d72bcf844d63bf08788","bgt_status":"bestaand","identificatieBAGPND":"0091100000006346","identificatieBAGVBOLaagsteHuisnummer":"0091010000030004","identificatieBAGVBOHoogsteHuisnummer":"0091010000030004","huisnummers":[{"tekst":"138","pos":[172207,559511],"hoek":0}]},"geometry":{"type":"Polygon","coordinates":[[[172198.353,559524.607],[172197.586,559523.895],[172196.819,559523.183],[172199.992,559519.764],[172200.076,559519.842],[172200.334,559519.564],[172202.898,559516.802],[172200.553,559514.625],[172207.063,559507.621],[172211.03,559511.302],[172204.519,559518.306],[172201.698,559521.347],[172201.526,559521.188],[172198.353,559524.607]]]}},{"type":"Feature","properties":{"relatieveHoogteligging":0,"lokaalID":"G1900.268b4f6f6be1406dba7c5a80618aec6a","bgt_status":"bestaand","identificatieBAGPND":"1900100010090796"},"geometry":{"type":"Polygon","coordinates":[[[172267.788,559479.602],[172269.836,559477.078],[172271.673,559478.568],[172269.625,559481.092],[172267.788,559479.602]]]}},{"type":"Feature","properties":{"relatieveHoogteligging":0,"lokaalID":"G1900.ae6c9a4caf4e4e8888e680b0543fb639","bgt_status":"bestaand","identificatieBAGPND":"1900100010090793"},"geometry":{"type":"Polygon","coordinates":[[[172260.367,559491.392],[172258.549,559490.024],[172257.76,559489.431],[172258.387,559488.596],[172259.633,559486.94],[172262.241,559488.901],[172260.367,559491.392]]]}},{"type":"Feature","properties":{"relatieveHoogteligging":0,"lokaalID":"G1900.e172e92e2b114317943d53612b17c935","bgt_status":"bestaand","identificatieBAGPND":"1900100010090792"},"geometry":{"type":"Polygon","coordinates":[[[172246.448,559499.896],[172247.066,559499.074],[172247.711,559498.216],[172249.381,559499.471],[172247.966,559501.353],[172246.296,559500.098],[172246.448,559499.896]]]}},{"type":"Feature","properties":{"relatieveHoogteligging":0,"lokaalID":"G1900.3f3356dbf3df467282cc3f2b3dc56015","bgt_status":"bestaand","identificatieBAGPND":"1900100010088673"},"geometry":{"type":"Polygon","coordinates":[[[172287.664,559789.386],[172289.927,559787.175],[172291.712,559789.001],[172289.449,559791.213],[172287.664,559789.386]]]}},{"type":"Feature","properties":{"relatieveHoogteligging":0,"lokaalID":"G1900.4413b24fffb348d2b5d0809b54a4c5b8","bgt_status":"bestaand","identificatieBAGPND":"1900100010088738","identificatieBAGVBOLaagsteHuisnummer":"1900010010089790","identificatieBAGVBOHoogsteHuisnummer":"1900010010089790","huisnummers":[{"tekst":"24","pos":[172370.9,559727.828],"hoek":0}]},"geometry":{"type":"Polygon","coordinates":[[[172373.35,559734.265],[172367.212,559727.97],[172371.07,559724.215],[172377.204,559730.506],[172373.35,559734.265]]]}},{"type":"Feature","properties":{"relatieveHoogteligging":0,"lokaalID":"G1900.b589b81cff8e41df8148624381394026","bgt_status":"bestaand","identificatieBAGPND":"1900100010088741","identificatieBAGVBOLaagsteHuisnummer":"1900010010089787","identificatieBAGVBOHoogsteHuisnummer":"1900010010089787","huisnummers":[{"tekst":"18","pos":[172382.582,559716.535],"hoek":0}]},"geometry":{"type":"Polygon","coordinates":[[[172384.935,559722.967],[172378.807,559716.684],[172382.528,559713.062],[172382.295,559712.822],[172382.422,559712.699],[172388.779,559719.218],[172384.935,559722.967]]]}},{"type":"Feature","properties":{"relatieveHoogteligging":0,"lokaalID":"G1900.140f5f9af5c846b8ab6bd604840de296","bgt_status":"bestaand","identificatieBAGPND":"1900100010090803"},"geometry":{"type":"Polygon","coordinates":[[[172117.446,559356.953],[172119.319,559358.549],[172117.711,559360.436],[172115.938,559358.925],[172115.563,559358.605],[172117.17,559356.718],[172117.446,559356.953]]]}},{"type":"Feature","properties":{"relatieveHoogteligging":0,"lokaalID":"G1900.8291a33b985d4dd68d323d751a22b8da","bgt_status":"bestaand","identificatieBAGPND":"1900100010090932"},"geometry":{"type":"Polygon","coordinates":[[[172407.385,559124.288],[172410.337,559122.469],[172412.147,559125.405],[172409.195,559127.224],[172407.385,559124.288]]]}},{"type":"Feature","properties":{"relatieveHoogteligging":0,"lokaalID":"G1900.8ff13c7bd94e4f73a8c0bb50e8ead0d9","bgt_status":"bestaand","identificatieBAGPND":"1900100010090810"},"geometry":{"type":"Polygon","coordinates":[[[172132.895,559472.943],[172133.168,559473.199],[172134.401,559474.357],[172133.105,559475.738],[172131.334,559474.076],[172132.631,559472.695],[172132.895,559472.943]]]}},{"type":"Feature","properties":{"relatieveHoogteligging":0,"lokaalID":"G1900.b82c0895ab184ff09fb978727e0b9bc2","bgt_status":"bestaand","identificatieBAGPND":"1900100010090820"},"geometry":{"type":"Polygon","coordinates":[[[172317.427,559549.381],[172318.906,559548.84],[172320.282,559552.608],[172318.802,559553.148],[172317.427,559549.381]]]}},{"type":"Feature","properties":{"relatieveHoogteligging":0,"lokaalID":"G1900.d139b0d100b84a90b0904bb7a46f00a0","bgt_status":"bestaand","identificatieBAGPND":"1900100010090852"},"geometry":{"type":"Polygon","coordinates":[[[172047.289,559313.991],[172045.742,559316.102],[172042.774,559313.928],[172044.321,559311.816],[172047.289,559313.991]]]}},{"type":"Feature","properties":{"relatieveHoogteligging":0,"lokaalID":"G1900.9e7cec79e8f244cf897028bf83194d9c","bgt_status":"bestaand","identificatieBAGPND":"0091100000019045","identificatieBAGVBOLaagsteHuisnummer":"0091010000030231","identificatieBAGVBOHoogsteHuisnummer":"0091010000030231","huisnummers":[{"tekst":"10","pos":[172055,559298],"hoek":0}]},"geometry":{"type":"Polygon","coordinates":[[[172050.152,559297.776],[172057.4,559291.496],[172060.943,559295.585],[172053.69,559301.87],[172050.58,559304.558],[172050.361,559304.304],[172049.122,559302.871],[172052.232,559300.182],[172050.152,559297.776]]]}},{"type":"Feature","properties":{"relatieveHoogteligging":0,"lokaalID":"G1900.af8ea77de402464283f3ff8fdb0ef1db","bgt_status":"bestaand","identificatieBAGPND":"0091100000012679","identificatieBAGVBOLaagsteHuisnummer":"0091010000029925","identificatieBAGVBOHoogsteHuisnummer":"0091010000029925","huisnummers":[{"tekst":"7","pos":[172238,559246],"hoek":0}]},"geometry":{"type":"Polygon","coordinates":[[[172244.888,559243.74],[172243.62,559249.72],[172230.32,559246.92],[172230.78,559244.76],[172231.565,559241.061],[172236.65,559242.14],[172236.669,559242.048],[172244.888,559243.74]]]}},{"type":"Feature","properties":{"relatieveHoogteligging":0,"lokaalID":"G1900.179f4413c3d34684bda0121eb4e40636","bgt_status":"bestaand","identificatieBAGPND":"1900100010090867"},"geometry":{"type":"Polygon","coordinates":[[[172157.719,559231.307],[172154.735,559231.609],[172154.545,559229.729],[172157.529,559229.427],[172157.719,559231.307]]]}},{"type":"Feature","properties":{"relatieveHoogteligging":0,"lokaalID":"G1900.23d56ddc9d9e47138b9df421b1ca51c1","bgt_status":"bestaand","identificatieBAGPND":"1900100010090950"},"geometry":{"type":"Polygon","coordinates":[[[172578.398,559077.12],[172576.918,559075.106],[172579.976,559072.861],[172581.455,559074.875],[172578.398,559077.12]]]}},{"type":"Feature","properties":{"relatieveHoogteligging":0,"lokaalID":"G1900.388fcfd6ac2346489c1a31ae0dfe61bf","bgt_status":"bestaand","identificatieBAGPND":"1900100010090791"},"geometry":{"type":"Polygon","coordinates":[[[172251.3,559511.336],[172249.472,559509.624],[172250.987,559508.006],[172252.815,559509.718],[172251.3,559511.336]]]}},{"type":"Feature","properties":{"relatieveHoogteligging":0,"lokaalID":"G1900.54d7f1044b5e474c93fbf2557d13e02d","bgt_status":"bestaand","identificatieBAGPND":"1900100010090866"},"geometry":{"type":"Polygon","coordinates":[[[172148.24,559253.952],[172147.634,559252.062],[172150.142,559251.258],[172150.748,559253.148],[172148.24,559253.952]]]}},{"type":"Feature","properties":{"relatieveHoogteligging":0,"lokaalID":"G1900.9ac8fa0f2697432f839231b1ee058f28","bgt_status":"bestaand","identificatieBAGPND":"1900100010090891"},"geometry":{"type":"Polygon","coordinates":[[[172268.244,559068.285],[172266.562,559065.502],[172268.469,559064.349],[172270.152,559067.132],[172268.244,559068.285]]]}},{"type":"Feature","properties":{"relatieveHoogteligging":0,"lokaalID":"G1900.b61714942cfe4b598d17ed27d76878a7","bgt_status":"bestaand","identificatieBAGPND":"1900100010090897"},"geometry":{"type":"Polygon","coordinates":[[[172263.61,559357.153],[172265.886,559359.428],[172264.007,559361.307],[172261.732,559359.031],[172263.61,559357.153]]]}},{"type":"Feature","properties":{"relatieveHoogteligging":0,"lokaalID":"G1900.654223bf674b4200a4d3fb3c99b97888","bgt_status":"bestaand","identificatieBAGPND":"0091100000010203","identificatieBAGVBOLaagsteHuisnummer":"0091010000029079","identificatieBAGVBOHoogsteHuisnummer":"0091010000029079","huisnummers":[{"tekst":"24","pos":[172588,559610],"hoek":0}]},"geometry":{"type":"Polygon","coordinates":[[[172592.169,559613.851],[172584.864,559614.497],[172584.135,559606.246],[172584.449,559606.218],[172589.117,559605.805],[172588.737,559601.5],[172591.058,559601.295],[172591.438,559605.59],[172592.169,559613.851]]]}},{"type":"Feature","properties":{"relatieveHoogteligging":0,"lokaalID":"G1900.4d5f79c3922341d3b7610bb32002b203","bgt_status":"bestaand","identificatieBAGPND":"0091100000012922","identificatieBAGVBOLaagsteHuisnummer":"0091010000029985","identificatieBAGVBOHoogsteHuisnummer":"0091010000029985","huisnummers":[{"tekst":"52","pos":[172209,559384],"hoek":0}]},"geometry":{"type":"Polygon","coordinates":[[[172204.076,559396.78],[172203.378,559396.121],[172202.68,559395.462],[172204.577,559393.453],[172204.51,559393.39],[172207.021,559390.716],[172203.33,559387.25],[172209.78,559380.37],[172214.319,559384.616],[172207.878,559391.501],[172208.645,559392.219],[172206.12,559394.91],[172205.972,559394.771],[172204.076,559396.78]]]}},{"type":"Feature","properties":{"relatieveHoogteligging":0,"lokaalID":"G1900.a484bcbac57e4ca2b7b6cf9d4965eec6","bgt_status":"bestaand","identificatieBAGPND":"0091100000010272"},"geometry":{"type":"Polygon","coordinates":[[[172489.891,558925.938],[172490.321,558925.764],[172494.874,558923.918],[172495.947,558926.568],[172496.173,558927.126],[172497.033,558929.253],[172492.049,558931.269],[172491.949,558931.023],[172491.698,558931.124],[172490.341,558931.673],[172489.355,558929.235],[172488.765,558927.777],[172490.372,558927.126],[172489.891,558925.938]]]}},{"type":"Feature","properties":{"relatieveHoogteligging":0,"lokaalID":"G1900.6ba733fc621b4e06a197f237766c269a","bgt_status":"bestaand","identificatieBAGPND":"1900100010097225"},"geometry":{"type":"Polygon","coordinates":[[[172224.339,559251.175],[172224.339,559246.614],[172227.795,559246.614],[172227.795,559251.223],[172227.795,559251.391],[172224.339,559251.391],[172224.339,559251.175]]]}},{"type":"Feature","properties":{"relatieveHoogteligging":0,"lokaalID":"G1900.172f6199163049a08b6da573dd595bcd","bgt_status":"bestaand","identificatieBAGPND":"1900100010088698"},"geometry":{"type":"Polygon","coordinates":[[[172354.853,559771.417],[172352.969,559773.255],[172350.753,559770.982],[172352.636,559769.144],[172354.853,559771.417]]]}},{"type":"Feature","properties":{"relatieveHoogteligging":0,"lokaalID":"G1900.2de4b77c618c43f0af320fbd9f57a7d2","bgt_status":"bestaand","identificatieBAGPND":"1900100010088735","identificatieBAGVBOLaagsteHuisnummer":"1900010010089786","identificatieBAGVBOHoogsteHuisnummer":"1900010010089786","huisnummers":[{"tekst":"30","pos":[172358.979,559739.354],"hoek":0}]},"geometry":{"type":"Polygon","coordinates":[[[172361.589,559745.734],[172355.211,559739.195],[172359.235,559735.271],[172365.612,559741.81],[172361.589,559745.734]]]}},{"type":"Feature","properties":{"relatieveHoogteligging":0,"lokaalID":"G1900.d58848b9116c487eb90781ad59866935","bgt_status":"bestaand","identificatieBAGPND":"1900100010088708"},"geometry":{"type":"Polygon","coordinates":[[[172380.646,559741.835],[172382.863,559744.108],[172380.98,559745.945],[172378.763,559743.673],[172380.646,559741.835]]]}},{"type":"Feature","properties":{"relatieveHoogteligging":0,"lokaalID":"G1900.739e48caa6b24e22a6da229664c91f51","bgt_status":"bestaand","identificatieBAGPND":"0091100000009797","identificatieBAGVBOLaagsteHuisnummer":"0091010000029252","identificatieBAGVBOHoogsteHuisnummer":"0091010000029252","huisnummers":[{"tekst":"37","pos":[172531,559747],"hoek":0}]},"geometry":{"type":"Polygon","coordinates":[[[172529.038,559742.812],[172538.42,559741.957],[172538.337,559741.044],[172542.02,559740.708],[172546.171,559740.329],[172546.536,559740.296],[172546.734,559742.707],[172546.358,559742.741],[172542.239,559743.116],[172542.221,559742.918],[172538.538,559743.253],[172539,559748.33],[172529.62,559749.2],[172529.329,559746.006],[172529.038,559742.812]]]}},{"type":"Feature","properties":{"relatieveHoogteligging":0,"lokaalID":"G1900.81e0121bf5a047c9aae20bc078cfdd50","bgt_status":"bestaand","identificatieBAGPND":"1900100010090805"},"geometry":{"type":"Polygon","coordinates":[[[172100.155,559410.031],[172099.648,559412.172],[172096.48,559411.422],[172096.987,559409.281],[172100.155,559410.031]]]}},{"type":"Feature","properties":{"relatieveHoogteligging":0,"lokaalID":"G1900.9c88680cc6844b3b99666217942bcfe9","bgt_status":"bestaand","identificatieBAGPND":"1900100010090963"},"geometry":{"type":"Polygon","coordinates":[[[172502.738,559085.051],[172504.809,559084.93],[172504.978,559087.82],[172503.06,559087.932],[172502.398,559087.97],[172502.229,559085.081],[172502.738,559085.051]]]}},{"type":"Feature","properties":{"relatieveHoogteligging":0,"lokaalID":"G1900.cb764bdaaf05431a90059d685e8d2b8c","bgt_status":"bestaand","identificatieBAGPND":"1900100010088684","identificatieBAGVBOLaagsteHuisnummer":"1900010010089753","identificatieBAGVBOHoogsteHuisnummer":"1900010010089753","huisnummers":[{"tekst":"18","pos":[172305.855,559775.492],"hoek":0}]},"geometry":{"type":"Polygon","coordinates":[[[172299.714,559777.565],[172306.003,559771.418],[172309.774,559775.276],[172303.485,559781.423],[172299.714,559777.565]]]}},{"type":"Feature","properties":{"relatieveHoogteligging":0,"lokaalID":"G1900.3d0cb6be937a4ca887277d762b31c587","bgt_status":"bestaand","identificatieBAGPND":"0091100000009587","identificatieBAGVBOLaagsteHuisnummer":"0091010000029232","identificatieBAGVBOHoogsteHuisnummer":"0091010000029232","huisnummers":[{"tekst":"57","pos":[172539,559659],"hoek":0}]},"geometry":{"type":"Polygon","coordinates":[[[172553.931,559656.877],[172551.059,559657.036],[172550.086,559657.09],[172550.064,559656.702],[172548.776,559656.773],[172545.09,559657.112],[172545.424,559660.977],[172545.511,559662.014],[172536.09,559662.828],[172535.564,559656.738],[172544.985,559655.924],[172544.898,559654.887],[172548.583,559654.548],[172548.586,559654.577],[172549.943,559654.502],[172553.788,559654.29],[172553.931,559656.877]]]}},{"type":"Feature","properties":{"relatieveHoogteligging":0,"lokaalID":"G1900.20160528ff0749b7abd970da8e1ef408","bgt_status":"bestaand","identificatieBAGPND":"1900100010090828"},"geometry":{"type":"Polygon","coordinates":[[[172516.122,559230.971],[172516.273,559232.909],[172514.284,559233.064],[172514.133,559231.131],[172514.051,559230.08],[172516.041,559229.925],[172516.122,559230.971]]]}},{"type":"Feature","properties":{"relatieveHoogteligging":0,"lokaalID":"G1900.228ef43db89d47faa48ecbcf42502b38","bgt_status":"bestaand","identificatieBAGPND":"1900100010090813"},"geometry":{"type":"Polygon","coordinates":[[[172148.746,559485.645],[172150.333,559484.1],[172151.825,559485.632],[172150.237,559487.178],[172148.746,559485.645]]]}},{"type":"Feature","properties":{"relatieveHoogteligging":0,"lokaalID":"G1900.8d1ed9d9ddb04680b153a429b680183c","bgt_status":"bestaand","identificatieBAGPND":"1900100010090909"},"geometry":{"type":"Polygon","coordinates":[[[172351.619,559299.016],[172351.353,559296.269],[172355.502,559295.867],[172355.768,559298.613],[172351.619,559299.016]]]}},{"type":"Feature","properties":{"relatieveHoogteligging":0,"lokaalID":"G1900.fa1b456c596243afae34225758664b8d","bgt_status":"bestaand","identificatieBAGPND":"1900100010090835"},"geometry":{"type":"Polygon","coordinates":[[[172092.801,559176.911],[172093.271,559177.527],[172090.663,559179.518],[172090.145,559178.839],[172087.933,559175.94],[172090.54,559173.95],[172092.801,559176.911]]]}},{"type":"Feature","properties":{"relatieveHoogteligging":0,"lokaalID":"G1900.442f19deea6d4641b08cec7ae1e2882e","bgt_status":"bestaand","identificatieBAGPND":"0091100000007732","identificatieBAGVBOLaagsteHuisnummer":"0091010000036843","identificatieBAGVBOHoogsteHuisnummer":"0091010000036843","huisnummers":[{"tekst":"234","pos":[172569,559477],"hoek":0}]},"geometry":{"type":"Polygon","coordinates":[[[172536.75,559482.87],[172536.4,559475.79],[172546.416,559475.279],[172546.519,559470.62],[172543.84,559470.56],[172543.846,559470.363],[172543.94,559467.01],[172544,559466.71],[172544.637,559464.909],[172543.072,559464.356],[172543.088,559460.505],[172543.248,559460.505],[172543.245,559461.255],[172545.63,559462.099],[172546.27,559460.29],[172546.42,559460.01],[172550.55,559454.62],[172550.79,559454.4],[172552.368,559453.324],[172551.434,559451.953],[172553.724,559448.857],[172553.853,559448.952],[172553.407,559449.555],[172554.832,559451.646],[172556.41,559450.57],[172556.71,559450.42],[172563.23,559448.5],[172563.53,559448.45],[172565.45,559448.501],[172565.517,559445.972],[172564.815,559445.706],[172564.872,559445.556],[172568.474,559446.92],[172568.43,559448.579],[172570.35,559448.63],[172570.66,559448.7],[172577.05,559450.97],[172577.33,559451.12],[172578.843,559452.285],[172580.387,559450.281],[172579.977,559449.653],[172580.111,559449.566],[172582.218,559452.789],[172581.206,559454.104],[172582.95,559455.5],[172585.327,559458.975],[172591.542,559454.724],[172593.761,559457.968],[172596.457,559467.06],[172596.357,559470.988],[172588.828,559470.796],[172588.8,559471.8],[172587.624,559471.774],[172587.586,559473.255],[172591.182,559473.053],[172591.58,559480.12],[172543.141,559482.549],[172536.75,559482.87]]]}},{"type":"Feature","properties":{"relatieveHoogteligging":0,"lokaalID":"G1900.4159a2d5eb4246e6b411224186fed9e9","bgt_status":"bestaand","identificatieBAGPND":"1900100010085168","identificatieBAGVBOLaagsteHuisnummer":"1900010010085170","identificatieBAGVBOHoogsteHuisnummer":"1900010010085170","huisnummers":[{"tekst":"167H","pos":[172553.128,559393.135],"hoek":0}]},"geometry":{"type":"Polygon","coordinates":[[[172553.487,559395.206],[172552.153,559394.829],[172552.097,559394.813],[172551.363,559395.016],[172551.34,559395.108],[172551.051,559395.037],[172551.315,559394.091],[172553.607,559385.867],[172553.894,559385.948],[172553.865,559386.047],[172554.386,559386.595],[172556.212,559387.109],[172556.661,559386.826],[172556.689,559386.726],[172556.974,559386.805],[172555.038,559393.759],[172554.422,559395.972],[172554.138,559395.898],[172554.163,559395.8],[172553.933,559395.332],[172553.487,559395.206]]]}},{"type":"Feature","properties":{"relatieveHoogteligging":0,"lokaalID":"G1900.4a38d7a519834bfa83e54e917a6936f1","bgt_status":"bestaand","identificatieBAGPND":"1900100010085165","identificatieBAGVBOLaagsteHuisnummer":"1900010010085167","identificatieBAGVBOHoogsteHuisnummer":"1900010010085167","huisnummers":[{"tekst":"167G","pos":[172558.052,559391.016],"hoek":0}]},"geometry":{"type":"Polygon","coordinates":[[[172558.21,559393.334],[172556.86,559392.952],[172556.795,559392.934],[172556.062,559393.138],[172556.039,559393.23],[172555.75,559393.158],[172558.305,559383.988],[172558.592,559384.069],[172558.564,559384.168],[172559.084,559384.716],[172560.911,559385.231],[172561.359,559384.947],[172561.387,559384.847],[172561.672,559384.926],[172559.32,559393.377],[172559.121,559394.093],[172558.836,559394.019],[172558.862,559393.922],[172558.632,559393.453],[172558.593,559393.442],[172558.21,559393.334]]]}},{"type":"Feature","properties":{"relatieveHoogteligging":0,"lokaalID":"G1900.9622b1d220b3435f9ddd2f137dd9ba42","bgt_status":"bestaand","identificatieBAGPND":"1900100010085162","identificatieBAGVBOLaagsteHuisnummer":"1900010010085164","identificatieBAGVBOHoogsteHuisnummer":"1900010010085164","huisnummers":[{"tekst":"167F","pos":[172562.737,559388.941],"hoek":0}]},"geometry":{"type":"Polygon","coordinates":[[[172562.876,559391.427],[172561.535,559391.045],[172561.471,559391.027],[172560.737,559391.229],[172560.714,559391.32],[172560.425,559391.248],[172563.001,559382.084],[172563.287,559382.166],[172563.259,559382.265],[172563.778,559382.814],[172565.603,559383.332],[172566.052,559383.05],[172566.08,559382.949],[172566.332,559383.02],[172566.366,559383.03],[172566.341,559383.12],[172563.794,559392.191],[172563.51,559392.116],[172563.535,559392.019],[172563.307,559391.55],[172562.876,559391.427]]]}},{"type":"Feature","properties":{"relatieveHoogteligging":0,"lokaalID":"G1900.56cbbcfe7c004f52b912fb26d8db6766","bgt_status":"bestaand","identificatieBAGPND":"1900100010085156","identificatieBAGVBOLaagsteHuisnummer":"1900010010085158","identificatieBAGVBOHoogsteHuisnummer":"1900010010085158","huisnummers":[{"tekst":"167D","pos":[172573.603,559383.744],"hoek":0}]},"geometry":{"type":"Polygon","coordinates":[[[172573.456,559386.916],[172572.143,559386.545],[172572.059,559386.521],[172571.326,559386.724],[172571.303,559386.816],[172571.014,559386.745],[172573.569,559377.575],[172573.856,559377.656],[172573.836,559377.763],[172574.348,559378.303],[172576.175,559378.818],[172576.623,559378.534],[172576.651,559378.434],[172576.936,559378.513],[172574.385,559387.68],[172574.1,559387.606],[172574.126,559387.508],[172573.896,559387.04],[172573.456,559386.916]]]}},{"type":"Feature","properties":{"relatieveHoogteligging":0,"lokaalID":"G1900.b39fb7b373e04f7199e71d2fdb94cec7","bgt_status":"bestaand","identificatieBAGPND":"1900100010085159","identificatieBAGVBOLaagsteHuisnummer":"1900010010085161","identificatieBAGVBOHoogsteHuisnummer":"1900010010085161","huisnummers":[{"tekst":"167E","pos":[172567.435,559386.967],"hoek":0}]},"geometry":{"type":"Polygon","coordinates":[[[172566.175,559389.13],[172566.12,559389.114],[172565.387,559389.317],[172565.364,559389.409],[172565.075,559389.338],[172567.631,559380.168],[172567.917,559380.249],[172567.889,559380.348],[172568.409,559380.896],[172570.236,559381.411],[172570.684,559381.127],[172570.712,559381.027],[172570.998,559381.106],[172568.446,559390.273],[172568.161,559390.199],[172568.187,559390.102],[172567.957,559389.633],[172567.521,559389.51],[172566.895,559389.333],[172566.175,559389.13]]]}},{"type":"Feature","properties":{"relatieveHoogteligging":0,"lokaalID":"G1900.04b10312e88f474e849ef747026f5db5","bgt_status":"bestaand","identificatieBAGPND":"1900100010085153","identificatieBAGVBOLaagsteHuisnummer":"1900010010085155","identificatieBAGVBOHoogsteHuisnummer":"1900010010085155","huisnummers":[{"tekst":"167C","pos":[172577.951,559382.558],"hoek":0}]},"geometry":{"type":"Polygon","coordinates":[[[172578.138,559384.999],[172576.776,559384.614],[172576.761,559384.61],[172576.028,559384.813],[172576.005,559384.905],[172575.716,559384.833],[172578.272,559375.664],[172578.558,559375.745],[172578.53,559375.844],[172579.05,559376.392],[172580.877,559376.906],[172581.325,559376.623],[172581.353,559376.522],[172581.639,559376.602],[172579.087,559385.769],[172578.802,559385.694],[172578.828,559385.597],[172578.598,559385.129],[172578.138,559384.999]]]}},{"type":"Feature","properties":{"relatieveHoogteligging":0,"lokaalID":"G1900.05127c0313ef48a2aed9b4525f2491b2","bgt_status":"bestaand","identificatieBAGPND":"1900100010085150","identificatieBAGVBOLaagsteHuisnummer":"1900010010085152","identificatieBAGVBOHoogsteHuisnummer":"1900010010085152","huisnummers":[{"tekst":"167B","pos":[172582.703,559381.184],"hoek":0}]},"geometry":{"type":"Polygon","coordinates":[[[172582.77,559383.075],[172581.449,559382.702],[172581.446,559382.701],[172580.713,559382.904],[172580.69,559382.996],[172580.401,559382.924],[172582.956,559373.755],[172583.243,559373.836],[172583.215,559373.935],[172583.735,559374.483],[172585.562,559374.997],[172586.01,559374.714],[172586.038,559374.613],[172586.323,559374.693],[172583.772,559383.86],[172583.487,559383.785],[172583.513,559383.688],[172583.283,559383.22],[172582.77,559383.075]]]}},{"type":"Feature","properties":{"relatieveHoogteligging":0,"lokaalID":"G1900.a3e10ea177984c05881b189815053363","bgt_status":"bestaand","identificatieBAGPND":"1900100010085147","identificatieBAGVBOLaagsteHuisnummer":"1900010010085149","identificatieBAGVBOHoogsteHuisnummer":"1900010010085149","huisnummers":[{"tekst":"167A","pos":[172587.437,559379.194],"hoek":0}]},"geometry":{"type":"Polygon","coordinates":[[[172587.621,559381.251],[172586.325,559380.882],[172586.115,559380.822],[172585.381,559381.024],[172585.358,559381.116],[172585.069,559381.044],[172587.643,559371.879],[172587.929,559371.961],[172587.901,559372.06],[172588.42,559372.609],[172590.246,559373.127],[172590.695,559372.845],[172590.723,559372.744],[172591.008,559372.824],[172588.438,559381.986],[172588.153,559381.911],[172588.179,559381.814],[172587.95,559381.345],[172587.621,559381.251]]]}},{"type":"Feature","properties":{"relatieveHoogteligging":0,"lokaalID":"G1900.8b154677120543bebe12c923dd8e4ded","bgt_status":"bestaand","identificatieBAGPND":"0091100000013985","identificatieBAGVBOLaagsteHuisnummer":"0091010000029054","identificatieBAGVBOHoogsteHuisnummer":"0091010000029054","huisnummers":[{"tekst":"2","pos":[172599,559235],"hoek":0}]},"geometry":{"type":"Polygon","coordinates":[[[172596.081,559229.559],[172598.82,559229.3],[172599.03,559231.59],[172602.011,559231.313],[172603.201,559243.998],[172600.62,559244.25],[172600.17,559239.27],[172597.051,559239.548],[172596.081,559229.559]]]}},{"type":"Feature","properties":{"relatieveHoogteligging":0,"lokaalID":"G1900.c831b0dc4f3643ce8ae8dc1beb2f1e7a","bgt_status":"bestaand","identificatieBAGPND":"0091100000012485","identificatieBAGVBOLaagsteHuisnummer":"0091010000029070","identificatieBAGVBOHoogsteHuisnummer":"0091010000029070","huisnummers":[{"tekst":"3","pos":[172593,559233],"hoek":0}]},"geometry":{"type":"Polygon","coordinates":[[[172589.89,559225.081],[172592.64,559224.85],[172593.11,559229.84],[172596.081,559229.559],[172597.051,559239.548],[172594.45,559239.78],[172594.23,559237.49],[172591.091,559237.793],[172589.89,559225.081]]]}},{"type":"Feature","properties":{"relatieveHoogteligging":0,"lokaalID":"G1900.bc972675b4ee4e1f8642de4f97b45b64","bgt_status":"bestaand","identificatieBAGPND":"0091100000011252"},"geometry":{"type":"Polygon","coordinates":[[[172599.318,559276.968],[172595.615,559277.361],[172595.268,559274.084],[172599.018,559273.686],[172599.097,559273.678],[172599.444,559276.955],[172599.318,559276.968]]]}},{"type":"Feature","properties":{"relatieveHoogteligging":0,"lokaalID":"G1900.102030a7c09c439b91305fce541320ad","bgt_status":"bestaand","identificatieBAGPND":"0091100000010163","identificatieBAGVBOLaagsteHuisnummer":"0091010000029087","identificatieBAGVBOHoogsteHuisnummer":"0091010000029087","huisnummers":[{"tekst":"4","pos":[172587,559234],"hoek":0}]},"geometry":{"type":"Polygon","coordinates":[[[172584.675,559230.583],[172587.8,559230.26],[172587.28,559225.3],[172589.89,559225.081],[172591.091,559237.793],[172588.11,559238.08],[172588.4,559241.07],[172585.654,559241.328],[172584.675,559230.583]]]}},{"type":"Feature","properties":{"relatieveHoogteligging":0,"lokaalID":"G1900.774741d3b313418888e75fd3c6666e7d","bgt_status":"bestaand","identificatieBAGPND":"0091100000014774","identificatieBAGVBOLaagsteHuisnummer":"0091010000029102","identificatieBAGVBOHoogsteHuisnummer":"0091010000029102","huisnummers":[{"tekst":"5","pos":[172581,559235],"hoek":0}]},"geometry":{"type":"Polygon","coordinates":[[[172578.749,559228.862],[172581.48,559228.61],[172581.71,559230.89],[172584.675,559230.583],[172585.654,559241.328],[172583.08,559241.57],[172582.8,559238.58],[172579.56,559238.88],[172579.5,559238.32],[172579.562,559238.314],[172578.749,559228.862]]]}},{"type":"Feature","properties":{"relatieveHoogteligging":0,"lokaalID":"G1900.b6f581d40400488591018668b87912e2","bgt_status":"bestaand","identificatieBAGPND":"0091100000010211","identificatieBAGVBOLaagsteHuisnummer":"0091010000029121","identificatieBAGVBOHoogsteHuisnummer":"0091010000029121","huisnummers":[{"tekst":"6","pos":[172577,559235],"hoek":0}]},"geometry":{"type":"Polygon","coordinates":[[[172573.55,559235.83],[172572.92,559229.4],[172578.749,559228.862],[172579.562,559238.314],[172579.5,559238.32],[172576.85,559238.59],[172576.788,559238.596],[172576.78,559238.59],[172573.556,559235.894],[172573.55,559235.83]]]}},{"type":"Feature","properties":{"relatieveHoogteligging":0,"lokaalID":"G1900.4a84caf69f374e809c70f0241c37be1c","bgt_status":"bestaand","identificatieBAGPND":"0091100000009293","identificatieBAGVBOLaagsteHuisnummer":"0091010000029133","identificatieBAGVBOHoogsteHuisnummer":"0091010000029133","huisnummers":[{"tekst":"42","pos":[172577,559261],"hoek":0}]},"geometry":{"type":"Polygon","coordinates":[[[172571.809,559259.333],[172581.547,559258.343],[172581.84,559261.38],[172586.81,559260.91],[172587.05,559263.582],[172574.525,559264.883],[172574.29,559261.82],[172572.01,559262],[172571.809,559259.333]]]}},{"type":"Feature","properties":{"relatieveHoogteligging":0,"lokaalID":"G1900.b1f00cbe579548b982c809a9dd0304dd","bgt_status":"bestaand","identificatieBAGPND":"0091100000010095","identificatieBAGVBOLaagsteHuisnummer":"0091010000029129","identificatieBAGVBOHoogsteHuisnummer":"0091010000029129","huisnummers":[{"tekst":"46","pos":[172580,559273],"hoek":0}]},"geometry":{"type":"Polygon","coordinates":[[[172585.467,559275.301],[172585.39,559275.31],[172575.477,559276.192],[172575.19,559273.16],[172570.19,559273.63],[172569.99,559270.964],[172582.635,559269.791],[172582.93,559272.85],[172585.21,559272.63],[172585.467,559275.301]]]}},{"type":"Feature","properties":{"relatieveHoogteligging":0,"lokaalID":"G1900.fd2c0144fda4436bbdfc17791724dd72","bgt_status":"bestaand","identificatieBAGPND":"0091100000010075","identificatieBAGVBOLaagsteHuisnummer":"0091010000029132","identificatieBAGVBOHoogsteHuisnummer":"0091010000029132","huisnummers":[{"tekst":"44","pos":[172579,559268],"hoek":0}]},"geometry":{"type":"Polygon","coordinates":[[[172582.635,559269.791],[172569.99,559270.964],[172569.79,559268.31],[172574.76,559267.94],[172574.525,559264.883],[172587.05,559263.582],[172587.29,559266.25],[172582.34,559266.73],[172582.635,559269.791]]]}},{"type":"Feature","properties":{"relatieveHoogteligging":0,"lokaalID":"G1900.d599b3210f204379ad8f2551368e4659","bgt_status":"bestaand","identificatieBAGPND":"0091100000005776","identificatieBAGVBOLaagsteHuisnummer":"0091010000029123","identificatieBAGVBOHoogsteHuisnummer":"0091010000029123","huisnummers":[{"tekst":"48","pos":[172582,559279],"hoek":0}]},"geometry":{"type":"Polygon","coordinates":[[[172590.97,559280.522],[172578.299,559281.703],[172578.01,559278.64],[172575.73,559278.86],[172575.477,559276.192],[172585.39,559275.31],[172585.467,559275.301],[172585.481,559275.442],[172587.569,559275.214],[172587.885,559278.134],[172590.72,559277.86],[172590.97,559280.522]]]}},{"type":"Feature","properties":{"relatieveHoogteligging":0,"lokaalID":"G1900.a13981cbbd7b430f912fbf6ddbe802bf","bgt_status":"bestaand","identificatieBAGPND":"0091100000017543","identificatieBAGVBOLaagsteHuisnummer":"0091010000031604","identificatieBAGVBOHoogsteHuisnummer":"0091010000031604","huisnummers":[{"tekst":"50","pos":[172584,559284],"hoek":0}]},"geometry":{"type":"Polygon","coordinates":[[[172586.567,559286.926],[172586.547,559286.712],[172576.562,559287.675],[172576.31,559285],[172578.59,559284.79],[172578.299,559281.703],[172590.97,559280.522],[172591.22,559283.19],[172589.339,559283.368],[172589.631,559286.655],[172586.567,559286.926]]]}},{"type":"Feature","properties":{"relatieveHoogteligging":0,"lokaalID":"G1900.702e54c2e3e3433c80e2283ca72fdea0","bgt_status":"bestaand","identificatieBAGPND":"0091100000008162","identificatieBAGVBOLaagsteHuisnummer":"0091010000029128","identificatieBAGVBOHoogsteHuisnummer":"0091010000029128","huisnummers":[{"tekst":"52","pos":[172584,559290],"hoek":0}]},"geometry":{"type":"Polygon","coordinates":[[[172584.8,559292.806],[172584.8,559292.81],[172572.11,559294.01],[172572.11,559294.009],[172571.86,559291.2],[172576.85,559290.73],[172576.562,559287.675],[172586.547,559286.712],[172586.567,559286.926],[172586.8,559289.4],[172584.5,559289.62],[172584.8,559292.806]]]}},{"type":"Feature","properties":{"relatieveHoogteligging":0,"lokaalID":"G1900.1dce8b3cb4904ac18a308954b452ec5b","bgt_status":"bestaand","identificatieBAGPND":"1900100010085180","identificatieBAGVBOLaagsteHuisnummer":"1900010010085182","identificatieBAGVBOHoogsteHuisnummer":"1900010010085182","huisnummers":[{"tekst":"167N","pos":[172581.588,559338.117],"hoek":0}]},"geometry":{"type":"Polygon","coordinates":[[[172584.318,559336.829],[172584.641,559337.938],[172584.798,559338.083],[172585.187,559338.443],[172585.292,559338.429],[172585.378,559338.71],[172577.963,559341.15],[172576.256,559341.711],[172576.164,559341.431],[172576.301,559341.386],[172576.487,559340.686],[172575.947,559338.856],[172575.468,559338.631],[172575.381,559338.659],[172575.29,559338.378],[172577.632,559337.602],[172584.399,559335.359],[172584.485,559335.638],[172584.386,559335.669],[172584.107,559336.105],[172584.318,559336.829]]]}},{"type":"Feature","properties":{"relatieveHoogteligging":0,"lokaalID":"G1900.ffb5ad0a1479416baaea407e13c93843","bgt_status":"bestaand","identificatieBAGPND":"1900100010085177","identificatieBAGVBOLaagsteHuisnummer":"1900010010085179","identificatieBAGVBOHoogsteHuisnummer":"1900010010085179","huisnummers":[{"tekst":"167M","pos":[172581.115,559342.525],"hoek":0}]},"geometry":{"type":"Polygon","coordinates":[[[172582.503,559341.553],[172582.832,559342.681],[172582.993,559342.83],[172583.392,559343.199],[172583.483,559343.171],[172583.568,559343.453],[172578.337,559345.173],[172574.447,559346.453],[172574.355,559346.174],[172574.492,559346.129],[172574.678,559345.429],[172574.138,559343.599],[172573.687,559343.387],[172573.572,559343.402],[172573.481,559343.121],[172578.007,559341.621],[172582.589,559340.102],[172582.676,559340.381],[172582.577,559340.412],[172582.298,559340.848],[172582.503,559341.553]]]}},{"type":"Feature","properties":{"relatieveHoogteligging":0,"lokaalID":"G1900.b19ce5c30cb64450a24458c2de278825","bgt_status":"bestaand","identificatieBAGPND":"1900100010085174","identificatieBAGVBOLaagsteHuisnummer":"1900010010085176","identificatieBAGVBOHoogsteHuisnummer":"1900010010085176","huisnummers":[{"tekst":"167L","pos":[172577.748,559347.753],"hoek":0}]},"geometry":{"type":"Polygon","coordinates":[[[172581.161,559347.534],[172581.585,559347.925],[172581.675,559347.897],[172581.761,559348.179],[172572.639,559351.179],[172572.547,559350.9],[172572.684,559350.855],[172572.87,559350.155],[172572.34,559348.357],[172571.851,559348.1],[172571.764,559348.128],[172571.674,559347.847],[172573.188,559347.345],[172580.782,559344.828],[172580.869,559345.107],[172580.769,559345.138],[172580.49,559345.574],[172580.682,559346.231],[172580.801,559346.64],[172581.024,559347.407],[172581.161,559347.534]]]}},{"type":"Feature","properties":{"relatieveHoogteligging":0,"lokaalID":"G1900.8756e717d31147fab0e60dbbc8b8972c","bgt_status":"bestaand","identificatieBAGPND":"1900100010085171","identificatieBAGVBOLaagsteHuisnummer":"1900010010085173","identificatieBAGVBOHoogsteHuisnummer":"1900010010085173","huisnummers":[{"tekst":"167K","pos":[172575.499,559352.57],"hoek":0}]},"geometry":{"type":"Polygon","coordinates":[[[172578.838,559350.987],[172579.166,559352.112],[172579.338,559352.271],[172579.726,559352.63],[172579.817,559352.603],[172579.902,559352.884],[172570.781,559355.885],[172570.689,559355.605],[172570.826,559355.56],[172571.012,559354.86],[172570.472,559353.03],[172569.993,559352.805],[172569.906,559352.833],[172569.815,559352.552],[172578.923,559349.533],[172579.01,559349.813],[172578.911,559349.843],[172578.632,559350.279],[172578.838,559350.987]]]}},{"type":"Feature","properties":{"relatieveHoogteligging":0,"lokaalID":"G1900.39d63a6e0d3c4fa1a9acd9ab6fe0245c","bgt_status":"bestaand","identificatieBAGPND":"1900100010085183","identificatieBAGVBOLaagsteHuisnummer":"1900010010085185","identificatieBAGVBOHoogsteHuisnummer":"1900010010085185","huisnummers":[{"tekst":"167P","pos":[172572.957,559329.073],"hoek":0}]},"geometry":{"type":"Polygon","coordinates":[[[172574.961,559330.254],[172573.976,559331.2],[172573.902,559331.271],[172573.709,559331.991],[172573.785,559332.07],[172573.56,559332.287],[172567.408,559325.874],[172566.96,559325.407],[172567.171,559325.199],[172567.241,559325.271],[172567.349,559325.246],[172567.976,559325.102],[172569.354,559323.788],[172569.343,559323.267],[172569.267,559323.188],[172569.479,559322.985],[172576.08,559329.863],[172575.866,559330.071],[172575.785,559329.988],[172575.277,559329.951],[172574.961,559330.254]]]}},{"type":"Feature","properties":{"relatieveHoogteligging":0,"lokaalID":"G1900.f8677947168040c48d4e74873aba35a3","bgt_status":"bestaand","identificatieBAGPND":"1900100010085189","identificatieBAGVBOLaagsteHuisnummer":"1900010010085191","identificatieBAGVBOHoogsteHuisnummer":"1900010010085191","huisnummers":[{"tekst":"167S","pos":[172561.615,559328.541],"hoek":0}]},"geometry":{"type":"Polygon","coordinates":[[[172563.52,559333.383],[172556.92,559326.503],[172557.131,559326.295],[172557.201,559326.367],[172557.936,559326.198],[172559.315,559324.884],[172559.303,559324.363],[172559.227,559324.284],[172559.439,559324.081],[172564.783,559329.65],[172566.04,559330.959],[172565.826,559331.167],[172565.745,559331.084],[172565.237,559331.047],[172564.927,559331.345],[172563.955,559332.279],[172563.863,559332.367],[172563.669,559333.087],[172563.746,559333.166],[172563.52,559333.383]]]}},{"type":"Feature","properties":{"relatieveHoogteligging":0,"lokaalID":"G1900.f2b92d1c89b642bda7aab0c25639ec80","bgt_status":"bestaand","identificatieBAGPND":"1900100010085186","identificatieBAGVBOLaagsteHuisnummer":"1900010010085188","identificatieBAGVBOHoogsteHuisnummer":"1900010010085188","huisnummers":[{"tekst":"167R","pos":[172567.521,559329.321],"hoek":0}]},"geometry":{"type":"Polygon","coordinates":[[[172569.923,559330.814],[172568.932,559331.766],[172568.869,559331.826],[172568.676,559332.545],[172568.752,559332.625],[172568.527,559332.841],[172561.927,559325.961],[172562.138,559325.754],[172562.208,559325.825],[172562.943,559325.656],[172564.322,559324.343],[172564.31,559323.822],[172564.234,559323.742],[172564.446,559323.539],[172567.485,559326.706],[172571.047,559330.418],[172570.833,559330.626],[172570.752,559330.542],[172570.244,559330.506],[172569.923,559330.814]]]}},{"type":"Feature","properties":{"relatieveHoogteligging":0,"lokaalID":"G1900.5a4422ff82e045f7a1a8da7cd35ca338","bgt_status":"bestaand","identificatieBAGPND":"1900100010085192","identificatieBAGVBOLaagsteHuisnummer":"1900010010085194","identificatieBAGVBOHoogsteHuisnummer":"1900010010085194","huisnummers":[{"tekst":"167T","pos":[172557.532,559330.789],"hoek":0}]},"geometry":{"type":"Polygon","coordinates":[[[172559.829,559331.958],[172558.876,559332.874],[172558.816,559332.931],[172558.623,559333.651],[172558.699,559333.73],[172558.494,559333.926],[172558.473,559333.946],[172558.457,559333.929],[172555.119,559330.45],[172551.873,559327.066],[172552.084,559326.859],[172552.155,559326.93],[172552.889,559326.761],[172554.268,559325.448],[172554.256,559324.927],[172554.18,559324.848],[172554.392,559324.645],[172559.606,559330.078],[172560.993,559331.523],[172560.78,559331.731],[172560.698,559331.647],[172560.19,559331.611],[172559.829,559331.958]]]}},{"type":"Feature","properties":{"relatieveHoogteligging":0,"lokaalID":"G1900.b61398c973f5433299fea56c12dca7b5","bgt_status":"bestaand","identificatieBAGPND":"1900100010085201","identificatieBAGVBOLaagsteHuisnummer":"1900010010085203","identificatieBAGVBOHoogsteHuisnummer":"1900010010085203","huisnummers":[{"tekst":"167W","pos":[172551.459,559345.203],"hoek":0}]},"geometry":{"type":"Polygon","coordinates":[[[172553.813,559346.824],[172552.836,559347.762],[172552.743,559347.852],[172552.55,559348.572],[172552.626,559348.651],[172552.4,559348.868],[172545.8,559341.988],[172546.011,559341.78],[172546.082,559341.852],[172546.816,559341.683],[172548.195,559340.37],[172548.183,559339.848],[172548.107,559339.769],[172548.319,559339.566],[172554.92,559346.445],[172554.707,559346.652],[172554.625,559346.569],[172554.117,559346.532],[172553.813,559346.824]]]}},{"type":"Feature","properties":{"relatieveHoogteligging":0,"lokaalID":"G1900.224284e6bb9945c7bf5ce9cda4b7a68e","bgt_status":"bestaand","identificatieBAGPND":"1900100010085204","identificatieBAGVBOLaagsteHuisnummer":"1900010010085206","identificatieBAGVBOHoogsteHuisnummer":"1900010010085206","huisnummers":[{"tekst":"167X","pos":[172551.672,559351.758],"hoek":0}]},"geometry":{"type":"Polygon","coordinates":[[[172554.378,559353.14],[172553.402,559354.079],[172553.294,559354.182],[172553.101,559354.902],[172553.177,559354.981],[172552.951,559355.198],[172546.351,559348.318],[172546.563,559348.11],[172546.643,559348.179],[172547.367,559348.013],[172548.746,559346.699],[172548.735,559346.178],[172548.659,559346.099],[172548.871,559345.896],[172555.471,559352.774],[172555.258,559352.982],[172555.176,559352.898],[172554.668,559352.862],[172554.378,559353.14]]]}},{"type":"Feature","properties":{"relatieveHoogteligging":0,"lokaalID":"G1900.9967e51490cd4fccb791e723ceb4e028","bgt_status":"bestaand","identificatieBAGPND":"1900100010085198","identificatieBAGVBOLaagsteHuisnummer":"1900010010085200","identificatieBAGVBOHoogsteHuisnummer":"1900010010085200","huisnummers":[{"tekst":"167V","pos":[172550.896,559339.316],"hoek":0}]},"geometry":{"type":"Polygon","coordinates":[[[172553.241,559340.496],[172552.283,559341.416],[172552.18,559341.515],[172551.987,559342.235],[172552.063,559342.314],[172551.838,559342.53],[172545.237,559335.65],[172545.449,559335.443],[172545.519,559335.514],[172546.253,559335.345],[172547.632,559334.032],[172547.621,559333.511],[172547.545,559333.432],[172547.757,559333.228],[172553.368,559339.076],[172554.357,559340.107],[172554.144,559340.315],[172554.062,559340.231],[172553.555,559340.195],[172553.455,559340.291],[172553.241,559340.496]]]}},{"type":"Feature","properties":{"relatieveHoogteligging":0,"lokaalID":"G1900.2cbc9271a48447db909e7151dd9bcdab","bgt_status":"bestaand","identificatieBAGPND":"1900100010085195","identificatieBAGVBOLaagsteHuisnummer":"1900010010085197","identificatieBAGVBOHoogsteHuisnummer":"1900010010085197","huisnummers":[{"tekst":"167U","pos":[172551.715,559330.594],"hoek":0}]},"geometry":{"type":"Polygon","coordinates":[[[172554.911,559332.393],[172553.914,559333.351],[172553.794,559333.466],[172553.601,559334.186],[172553.677,559334.265],[172553.555,559334.382],[172553.451,559334.482],[172553.371,559334.399],[172549.99,559330.875],[172546.851,559327.602],[172547.062,559327.394],[172547.133,559327.466],[172547.867,559327.297],[172549.246,559325.983],[172549.234,559325.462],[172549.158,559325.383],[172549.37,559325.18],[172554.479,559330.503],[172555.971,559332.058],[172555.758,559332.266],[172555.676,559332.182],[172555.168,559332.146],[172554.911,559332.393]]]}},{"type":"Feature","properties":{"relatieveHoogteligging":0,"lokaalID":"G1900.ddea79e7b58041cda10d50d6975f98e3","bgt_status":"bestaand","identificatieBAGPND":"0091100000006030","identificatieBAGVBOLaagsteHuisnummer":"0091010000034400","identificatieBAGVBOHoogsteHuisnummer":"0091010000034400","huisnummers":[{"tekst":"55","pos":[172542,559260],"hoek":0}]},"geometry":{"type":"Polygon","coordinates":[[[172554.93,559259.27],[172547.71,559259.9],[172547.95,559262.59],[172538.32,559263.43],[172537.87,559259.06],[172536.48,559259.21],[172536.399,559257.835],[172547.36,559256.9],[172547.35,559256.74],[172547.42,559256.734],[172547.42,559256.74],[172554.67,559256.14],[172554.93,559259.27]]]}},{"type":"Feature","properties":{"relatieveHoogteligging":0,"lokaalID":"G1900.ccdcc08c2a484913962cc70ae1732263","bgt_status":"bestaand","identificatieBAGPND":"0091100000009675","identificatieBAGVBOLaagsteHuisnummer":"0091010000029242","identificatieBAGVBOHoogsteHuisnummer":"0091010000029242","huisnummers":[{"tekst":"53","pos":[172543,559254],"hoek":0}]},"geometry":{"type":"Polygon","coordinates":[[[172536.399,559257.835],[172536.362,559257.201],[172535.291,559256.192],[172533.803,559253.577],[172533.764,559252.335],[172537.31,559252.03],[172554.209,559250.615],[172554.214,559250.669],[172554.459,559253.613],[172549.99,559253.99],[172549.849,559253.316],[172547.16,559253.54],[172547.42,559256.734],[172547.35,559256.74],[172547.36,559256.9],[172536.399,559257.835]]]}},{"type":"Feature","properties":{"relatieveHoogteligging":0,"lokaalID":"G1900.e15533bf50d440e5bff4fd1dbdbd50bf","bgt_status":"bestaand","identificatieBAGPND":"0091100000010141","identificatieBAGVBOLaagsteHuisnummer":"0091010000029139","identificatieBAGVBOHoogsteHuisnummer":"0091010000029139","huisnummers":[{"tekst":"38","pos":[172578,559252],"hoek":0}]},"geometry":{"type":"Polygon","coordinates":[[[172565.27,559251.42],[172570.82,559250.86],[172570.516,559247.792],[172581.175,559246.83],[172581.42,559249.5],[172578.43,559249.78],[172578.719,559252.821],[172578.64,559252.83],[172565.51,559254.08],[172565.27,559251.42]]]}},{"type":"Feature","properties":{"relatieveHoogteligging":0,"lokaalID":"G1900.643ead78050641cbbe30ce96edc3c83f","bgt_status":"bestaand","identificatieBAGPND":"0091100000010149","identificatieBAGVBOLaagsteHuisnummer":"0091010000029138","identificatieBAGVBOHoogsteHuisnummer":"0091010000029138","huisnummers":[{"tekst":"40","pos":[172575,559257],"hoek":0}]},"geometry":{"type":"Polygon","coordinates":[[[172565.51,559254.08],[172578.64,559252.83],[172578.719,559252.821],[172579.01,559255.89],[172581.29,559255.68],[172581.547,559258.343],[172571.809,559259.333],[172571.58,559256.29],[172565.75,559256.74],[172565.51,559254.08]]]}},{"type":"Feature","properties":{"relatieveHoogteligging":0,"lokaalID":"G1900.5e842f95d118460c9249c4f77c4e0310","bgt_status":"bestaand","identificatieBAGPND":"0091100000009289","identificatieBAGVBOLaagsteHuisnummer":"0091010000029134","identificatieBAGVBOHoogsteHuisnummer":"0091010000029134","huisnummers":[{"tekst":"34","pos":[172576,559239],"hoek":0}]},"geometry":{"type":"Polygon","coordinates":[[[172567.08,559236.44],[172573.55,559235.83],[172573.556,559235.894],[172576.78,559238.59],[172576.788,559238.596],[172576.85,559238.59],[172577.06,559241.24],[172577.072,559241.367],[172567.664,559242.283],[172567.08,559236.44]]]}},{"type":"Feature","properties":{"relatieveHoogteligging":0,"lokaalID":"G1900.214e8c0c4bbd41f79dd4c9ec6ea214ff","bgt_status":"bestaand","identificatieBAGPND":"0091100000009973","identificatieBAGVBOLaagsteHuisnummer":"0091010000029148","identificatieBAGVBOHoogsteHuisnummer":"0091010000029148","huisnummers":[{"tekst":"36","pos":[172580,559246],"hoek":0}]},"geometry":{"type":"Polygon","coordinates":[[[172567.664,559242.283],[172577.072,559241.367],[172577.06,559241.24],[172577.61,559241.2],[172577.92,559244.46],[172580.93,559244.17],[172581.175,559246.83],[172570.516,559247.792],[172570.21,559244.71],[172567.93,559244.94],[172567.664,559242.283]]]}},{"type":"Feature","properties":{"relatieveHoogteligging":0,"lokaalID":"G1900.78c8f5a39549494aa20efa8696c90078","bgt_status":"bestaand","identificatieBAGPND":"0091100000005773","identificatieBAGVBOLaagsteHuisnummer":"0091010000029127","identificatieBAGVBOHoogsteHuisnummer":"0091010000029127","huisnummers":[{"tekst":"3","pos":[172573,559193],"hoek":0}]},"geometry":{"type":"Polygon","coordinates":[[[172576.17,559189.51],[172576.26,559189.5],[172576.94,559196.68],[172577.16,559196.65],[172577.34,559198.65],[172573.77,559198.97],[172574.3,559204.91],[172571.68,559205.14],[172570.27,559190.032],[172576.17,559189.51]]]}},{"type":"Feature","properties":{"relatieveHoogteligging":0,"lokaalID":"G1900.7f9308245df34318a8250c93568ed6ce","bgt_status":"bestaand","identificatieBAGPND":"0091100000010133","identificatieBAGVBOLaagsteHuisnummer":"0091010000029141","identificatieBAGVBOHoogsteHuisnummer":"0091010000029141","huisnummers":[{"tekst":"4","pos":[172566,559195],"hoek":0}]},"geometry":{"type":"Polygon","coordinates":[[[172570.27,559190.032],[172571.68,559205.14],[172569.18,559205.36],[172568.65,559199.41],[172565.39,559199.7],[172565.16,559199.72],[172564.31,559190.558],[172570.27,559190.032]]]}},{"type":"Feature","properties":{"relatieveHoogteligging":0,"lokaalID":"G1900.992848b153364022a70d76fb36fc7a11","bgt_status":"bestaand","identificatieBAGPND":"0091100000009550"},"geometry":{"type":"Polygon","coordinates":[[[172563.394,559179.756],[172563.705,559182.55],[172558.049,559183.2],[172557.721,559180.267],[172557.706,559180.132],[172563.365,559179.497],[172563.394,559179.756]]]}},{"type":"Feature","properties":{"relatieveHoogteligging":0,"lokaalID":"G1900.b38682f74bda49b5b4c06e10afe84990","bgt_status":"bestaand","identificatieBAGPND":"0091100000009953","identificatieBAGVBOLaagsteHuisnummer":"0091010000029153","identificatieBAGVBOHoogsteHuisnummer":"0091010000029153","huisnummers":[{"tekst":"5","pos":[172562,559196],"hoek":0}]},"geometry":{"type":"Polygon","coordinates":[[[172564.31,559190.558],[172565.16,559199.72],[172565.39,559199.7],[172565.92,559205.64],[172563.21,559205.88],[172562.66,559199.94],[172559.4,559200.23],[172559.19,559200.26],[172558.7,559195.04],[172558.601,559195.046],[172558.6,559195.04],[172558.25,559191.09],[172558.41,559191.08],[172564.31,559190.558]]]}},{"type":"Feature","properties":{"relatieveHoogteligging":0,"lokaalID":"G1900.f74cbd1a18a141ce94863a2411235a81","bgt_status":"bestaand","identificatieBAGPND":"0091100000012104","identificatieBAGVBOLaagsteHuisnummer":"0091010000022017","identificatieBAGVBOHoogsteHuisnummer":"0091010000022017","huisnummers":[{"tekst":"6","pos":[172555,559197],"hoek":0}]},"geometry":{"type":"Polygon","coordinates":[[[172557.199,559206.419],[172557.02,559204.43],[172553.529,559204.728],[172552.69,559195.56],[172558.6,559195.04],[172558.601,559195.046],[172558.7,559195.04],[172559.19,559200.26],[172559.4,559200.23],[172559.94,559206.17],[172557.199,559206.419]]]}},{"type":"Feature","properties":{"relatieveHoogteligging":0,"lokaalID":"G1900.19e2e931ad2445368099b786d01d8130","bgt_status":"bestaand","identificatieBAGPND":"0091100000009546"},"geometry":{"type":"Polygon","coordinates":[[[172557.594,559180.279],[172557.933,559183.816],[172551.654,559184.417],[172551.294,559184.451],[172550.953,559180.884],[172551.322,559180.849],[172553.725,559180.619],[172557.591,559180.249],[172557.594,559180.279]]]}},{"type":"Feature","properties":{"relatieveHoogteligging":0,"lokaalID":"G1900.68cbe45128e1409ab6540c140e740f6e","bgt_status":"bestaand","identificatieBAGPND":"0091100000017414","identificatieBAGVBOLaagsteHuisnummer":"0091010000020017","identificatieBAGVBOHoogsteHuisnummer":"0091010000020017","huisnummers":[{"tekst":"32","pos":[172561,559171],"hoek":0}]},"geometry":{"type":"Polygon","coordinates":[[[172557.35,559178.17],[172551.19,559178.7],[172550.66,559172.89],[172552.65,559172.72],[172552.37,559169.52],[172552.309,559169.525],[172552.29,559169.37],[172561.4,559168.56],[172561.42,559168.72],[172561.48,559168.714],[172562.02,559174.64],[172557.08,559175.07],[172557.35,559178.17]]]}},{"type":"Feature","properties":{"relatieveHoogteligging":0,"lokaalID":"G1900.7079b925198848c0bab9aa8d661efda5","bgt_status":"bestaand","identificatieBAGPND":"0091100000009945","identificatieBAGVBOLaagsteHuisnummer":"0091010000029184","identificatieBAGVBOHoogsteHuisnummer":"0091010000029184","huisnummers":[{"tekst":"30","pos":[172560,559167],"hoek":0}]},"geometry":{"type":"Polygon","coordinates":[[[172562.89,559162.22],[172564.91,559162.05],[172565.46,559168.34],[172561.48,559168.71],[172561.48,559168.714],[172561.42,559168.72],[172561.4,559168.56],[172552.29,559169.37],[172552.309,559169.525],[172550.38,559169.69],[172550.13,559166.96],[172556.11,559166.4],[172555.81,559163.13],[172555.749,559163.136],[172555.73,559162.98],[172562.84,559162.39],[172562.83,559162.23],[172562.89,559162.225],[172562.89,559162.22]]]}},{"type":"Feature","properties":{"relatieveHoogteligging":0,"lokaalID":"G1900.2c773616e4ca4f3a977ecdb8c86b2d16","bgt_status":"bestaand","identificatieBAGPND":"0091100000009885","identificatieBAGVBOLaagsteHuisnummer":"0091010000029197","identificatieBAGVBOHoogsteHuisnummer":"0091010000029197","huisnummers":[{"tekst":"24","pos":[172556,559149],"hoek":0}]},"geometry":{"type":"Polygon","coordinates":[[[172561.33,559144.414],[172561.856,559150.41],[172552.68,559151.22],[172552.699,559151.376],[172546.76,559151.93],[172546.51,559149.23],[172552.52,559148.67],[172552.21,559145.4],[172552.159,559145.405],[172552.14,559145.25],[172557.3,559144.77],[172559.94,559144.55],[172561.33,559144.414]]]}},{"type":"Feature","properties":{"relatieveHoogteligging":0,"lokaalID":"G1900.ac08a078f0ae4ed282740e738e6e5a12","bgt_status":"bestaand","identificatieBAGPND":"0091100000009889","identificatieBAGVBOLaagsteHuisnummer":"0091010000029196","identificatieBAGVBOHoogsteHuisnummer":"0091010000029196","huisnummers":[{"tekst":"26","pos":[172557,559154],"hoek":0}]},"geometry":{"type":"Polygon","coordinates":[[[172561.856,559150.41],[172562.38,559156.395],[172547.29,559157.765],[172547.081,559155.437],[172547.06,559155.2],[172553.06,559154.64],[172552.76,559151.37],[172552.699,559151.376],[172552.68,559151.22],[172561.856,559150.41]]]}},{"type":"Feature","properties":{"relatieveHoogteligging":0,"lokaalID":"G1900.e6df6bcd557d4293bf3a2c27e378a31d","bgt_status":"bestaand","identificatieBAGPND":"0091100000009941","identificatieBAGVBOLaagsteHuisnummer":"0091010000029185","identificatieBAGVBOHoogsteHuisnummer":"0091010000029185","huisnummers":[{"tekst":"28","pos":[172558,559161],"hoek":0}]},"geometry":{"type":"Polygon","coordinates":[[[172562.38,559156.395],[172562.89,559162.22],[172562.89,559162.225],[172562.83,559162.23],[172562.84,559162.39],[172555.73,559162.98],[172555.749,559163.136],[172553.81,559163.32],[172553.48,559159.74],[172547.5,559160.29],[172547.49,559160.173],[172547.29,559157.765],[172562.38,559156.395]]]}},{"type":"Feature","properties":{"relatieveHoogteligging":0,"lokaalID":"G1900.40ff46f680394736916e4008e1f5c1c2","bgt_status":"bestaand","identificatieBAGPND":"0091100000016488","identificatieBAGVBOLaagsteHuisnummer":"0091010000031490","identificatieBAGVBOHoogsteHuisnummer":"0091010000031490","huisnummers":[{"tekst":"20","pos":[172551,559131],"hoek":0}]},"geometry":{"type":"Polygon","coordinates":[[[172550.483,559137.291],[172547.23,559137.59],[172539.95,559138.24],[172539.42,559132.29],[172543.75,559131.9],[172543.492,559129.071],[172551.58,559128.35],[172551.639,559128.482],[172552.15,559134.14],[172551.688,559134.183],[172551.848,559136.241],[172550.483,559137.291]]]}},{"type":"Feature","properties":{"relatieveHoogteligging":0,"lokaalID":"G1900.378ffb4f48d2452bb7763672c4e54577","bgt_status":"bestaand","identificatieBAGPND":"0091100000008868","identificatieBAGVBOLaagsteHuisnummer":"0091010000029216","identificatieBAGVBOHoogsteHuisnummer":"0091010000029216","huisnummers":[{"tekst":"16","pos":[172547,559120],"hoek":0}]},"geometry":{"type":"Polygon","coordinates":[[[172553.147,559116.72],[172553.647,559122.42],[172551.06,559122.66],[172538.646,559123.802],[172538.39,559120.97],[172542.73,559120.59],[172542.476,559117.755],[172550.54,559116.96],[172553.147,559116.72]]]}},{"type":"Feature","properties":{"relatieveHoogteligging":0,"lokaalID":"G1900.f6f82f4cbb5a420496e41a8576e0667a","bgt_status":"bestaand","identificatieBAGPND":"0091100000016515","identificatieBAGVBOLaagsteHuisnummer":"0091010000029214","identificatieBAGVBOHoogsteHuisnummer":"0091010000029214","huisnummers":[{"tekst":"18","pos":[172547,559125],"hoek":0}]},"geometry":{"type":"Polygon","coordinates":[[[172551.639,559128.482],[172551.58,559128.35],[172543.492,559129.071],[172543.23,559126.21],[172538.9,559126.61],[172538.646,559123.802],[172551.06,559122.66],[172553.647,559122.42],[172554.157,559128.231],[172551.639,559128.482]]]}},{"type":"Feature","properties":{"relatieveHoogteligging":0,"lokaalID":"G1900.b33cb6ed291f4572a7c953ef83f5795f","bgt_status":"bestaand","identificatieBAGPND":"0091100000012768","identificatieBAGVBOLaagsteHuisnummer":"0091010000029217","identificatieBAGVBOHoogsteHuisnummer":"0091010000029217","huisnummers":[{"tekst":"14","pos":[172546,559113],"hoek":0}]},"geometry":{"type":"Polygon","coordinates":[[[172550.085,559111.285],[172550.107,559111.536],[172552.67,559111.272],[172553.147,559116.72],[172550.54,559116.96],[172542.476,559117.755],[172542.22,559114.89],[172537.88,559115.27],[172537.611,559112.476],[172550.085,559111.285]]]}},{"type":"Feature","properties":{"relatieveHoogteligging":0,"lokaalID":"G1900.dade1acc704b417e877026e34a62b5a1","bgt_status":"bestaand","identificatieBAGPND":"0091100000009295"},"geometry":{"type":"Polygon","coordinates":[[[172572.235,559105.117],[172572.551,559108.108],[172568.387,559108.549],[172568.07,559105.558],[172572.235,559105.117]]]}},{"type":"Feature","properties":{"relatieveHoogteligging":0,"lokaalID":"G1900.300b3e4ef91d49ee99221b94a638bc37","bgt_status":"bestaand","identificatieBAGPND":"0091100000009554"},"geometry":{"type":"Polygon","coordinates":[[[172584.343,559126.407],[172584.632,559130.653],[172579.124,559131.028],[172578.835,559126.781],[172584.343,559126.407]]]}},{"type":"Feature","properties":{"relatieveHoogteligging":0,"lokaalID":"G1900.859674d3b6d24a049f09e551e7e071f9","bgt_status":"bestaand","identificatieBAGPND":"0091100000014569","identificatieBAGVBOLaagsteHuisnummer":"0091010000029107","identificatieBAGVBOHoogsteHuisnummer":"0091010000029107","huisnummers":[{"tekst":"2","pos":[172580,559193],"hoek":0}]},"geometry":{"type":"Polygon","coordinates":[[[172582.63,559190.95],[172582.4,559190.97],[172583.27,559200.11],[172583.5,559200.08],[172583.67,559202.06],[172580.94,559202.3],[172580.41,559196.37],[172577.16,559196.65],[172576.94,559196.68],[172576.26,559189.5],[172576.17,559189.51],[172576,559187.52],[172582.27,559186.97],[172582.63,559190.95]]]}},{"type":"Feature","properties":{"relatieveHoogteligging":0,"lokaalID":"G1900.308e8c51d8d54fb2a491d668693bfcc1","bgt_status":"bestaand","identificatieBAGPND":"0091100000019206","identificatieBAGVBOLaagsteHuisnummer":"0091010000022015","identificatieBAGVBOHoogsteHuisnummer":"0091010000022015","huisnummers":[{"tekst":"1","pos":[172587,559192],"hoek":0}]},"geometry":{"type":"Polygon","coordinates":[[[172592.11,559195.07],[172592.404,559198.38],[172592.663,559201.287],[172586.86,559201.79],[172586.69,559199.81],[172583.5,559200.08],[172583.27,559200.11],[172582.4,559190.97],[172582.63,559190.95],[172588.55,559190.41],[172589.01,559195.36],[172592.11,559195.07]]]}},{"type":"Feature","properties":{"relatieveHoogteligging":0,"lokaalID":"G1900.b56d2568ce024f43b86ac2d0931bd378","bgt_status":"bestaand","identificatieBAGPND":"0091100000014749","identificatieBAGVBOLaagsteHuisnummer":"0091010000029039","identificatieBAGVBOHoogsteHuisnummer":"0091010000029039","huisnummers":[{"tekst":"125","pos":[172601,559138],"hoek":0}]},"geometry":{"type":"Polygon","coordinates":[[[172596.85,559142.331],[172596.59,559139.29],[172593.93,559139.52],[172593.48,559134.33],[172600.09,559133.77],[172600.34,559136.77],[172606.94,559136.2],[172607.38,559141.43],[172596.85,559142.331]]]}},{"type":"Feature","properties":{"relatieveHoogteligging":0,"lokaalID":"G1900.1f008178ef084b8fb6e56b93eb3363b6","bgt_status":"bestaand","identificatieBAGPND":"0091100000012497","identificatieBAGVBOLaagsteHuisnummer":"0091010000029068","identificatieBAGVBOHoogsteHuisnummer":"0091010000029068","huisnummers":[{"tekst":"125a","pos":[172600,559145],"hoek":0}]},"geometry":{"type":"Polygon","coordinates":[[[172596.85,559142.331],[172607.38,559141.43],[172607.83,559146.66],[172601.25,559147.21],[172601.5,559150.09],[172601.505,559150.143],[172596.865,559150.555],[172596.87,559150.62],[172594.89,559150.78],[172594.89,559150.73],[172594.45,559145.6],[172597.11,559145.37],[172596.85,559142.331]]]}},{"type":"Feature","properties":{"relatieveHoogteligging":0,"lokaalID":"G1900.dffbc9ef595744748c05350134eeb3f8","bgt_status":"bestaand","identificatieBAGPND":"0091100000014709","identificatieBAGVBOLaagsteHuisnummer":"0091010000029058","identificatieBAGVBOHoogsteHuisnummer":"0091010000029058","huisnummers":[{"tekst":"127","pos":[172603,559155],"hoek":0}]},"geometry":{"type":"Polygon","coordinates":[[[172596.87,559150.62],[172596.865,559150.555],[172601.505,559150.143],[172601.5,559150.09],[172603.49,559149.92],[172603.49,559149.97],[172603.74,559152.9],[172610.31,559152.34],[172610.76,559157.58],[172600.23,559158.48],[172599.96,559155.44],[172597.29,559155.67],[172596.87,559150.62]]]}},{"type":"Feature","properties":{"relatieveHoogteligging":0,"lokaalID":"G1900.ac2ec0563a61474ca0437b371482a542","bgt_status":"bestaand","identificatieBAGPND":"0091100000014714","identificatieBAGVBOLaagsteHuisnummer":"0091010000029057","identificatieBAGVBOHoogsteHuisnummer":"0091010000029057","huisnummers":[{"tekst":"127a","pos":[172604,559162],"hoek":0}]},"geometry":{"type":"Polygon","coordinates":[[[172600.23,559158.48],[172610.76,559157.58],[172611.2,559162.81],[172604.61,559163.36],[172604.85,559166.24],[172604.856,559166.314],[172600.224,559166.727],[172600.23,559166.79],[172596.26,559167.13],[172596.26,559167.08],[172596,559164.03],[172598,559163.85],[172597.82,559161.76],[172600.49,559161.53],[172600.23,559158.48]]]}},{"type":"Feature","properties":{"relatieveHoogteligging":0,"lokaalID":"G1900.d48319c60bb24a26a3b0a1497236644b","bgt_status":"bestaand","identificatieBAGPND":"0091100000014739","identificatieBAGVBOLaagsteHuisnummer":"0091010000029041","identificatieBAGVBOHoogsteHuisnummer":"0091010000029041","huisnummers":[{"tekst":"123","pos":[172600,559116],"hoek":0}]},"geometry":{"type":"Polygon","coordinates":[[[172588.835,559125.934],[172588.37,559120.564],[172590.87,559120.35],[172596.06,559119.91],[172595.641,559115.015],[172605.081,559114.219],[172605.68,559121.11],[172597.07,559121.84],[172597.36,559125.24],[172591.33,559125.72],[172588.835,559125.934]]]}},{"type":"Feature","properties":{"relatieveHoogteligging":0,"lokaalID":"G1900.28137136a10141d09d3e29c6c90e810f","bgt_status":"bestaand","identificatieBAGPND":"0091100000014744","identificatieBAGVBOLaagsteHuisnummer":"0091010000029040","identificatieBAGVBOHoogsteHuisnummer":"0091010000029040","huisnummers":[{"tekst":"121","pos":[172599,559109],"hoek":0}]},"geometry":{"type":"Polygon","coordinates":[[[172595.641,559115.015],[172595.22,559110.09],[172590.04,559110.53],[172589.58,559105.16],[172595.59,559104.64],[172595.88,559108.04],[172604.48,559107.31],[172605.081,559114.219],[172595.641,559115.015]]]}},{"type":"Feature","properties":{"relatieveHoogteligging":0,"lokaalID":"G1900.5f758082a9b341f088760f7f54bdbb2b","bgt_status":"bestaand","identificatieBAGPND":"0091100000014641","identificatieBAGVBOLaagsteHuisnummer":"0091010000036775","identificatieBAGVBOHoogsteHuisnummer":"0091010000036775","huisnummers":[{"tekst":"119","pos":[172593,559091],"hoek":0}]},"geometry":{"type":"Polygon","coordinates":[[[172600.81,559088.33],[172601.43,559095.4],[172596.64,559095.81],[172596.93,559099.21],[172587.33,559100.02],[172586.78,559093.58],[172589.27,559093.41],[172588.85,559089.41],[172600.81,559088.33]]]}},{"type":"Feature","properties":{"relatieveHoogteligging":0,"lokaalID":"G1900.12fb637b96d74df5b57d058e4dea03f1","bgt_status":"bestaand","identificatieBAGPND":"0091100000010056","identificatieBAGVBOLaagsteHuisnummer":"0091010000029159","identificatieBAGVBOHoogsteHuisnummer":"0091010000029159","huisnummers":[{"tekst":"2h","pos":[172562.34,559076.3],"hoek":0}]},"geometry":{"type":"Polygon","coordinates":[[[172560.698,559073.572],[172563.459,559073.305],[172563.979,559078.995],[172561.218,559079.26],[172560.698,559073.572]]]}},{"type":"Feature","properties":{"relatieveHoogteligging":0,"lokaalID":"G1900.d95a918627444ce9a359b37120bae321","bgt_status":"bestaand","identificatieBAGPND":"0091100000010063","identificatieBAGVBOLaagsteHuisnummer":"0091010000029157","identificatieBAGVBOHoogsteHuisnummer":"0091010000029157","huisnummers":[{"tekst":"2i","pos":[172565.12,559076.028],"hoek":0}]},"geometry":{"type":"Polygon","coordinates":[[[172563.459,559073.305],[172566.31,559073.03],[172566.83,559078.72],[172565.289,559078.869],[172563.979,559078.995],[172563.459,559073.305]]]}},{"type":"Feature","properties":{"relatieveHoogteligging":0,"lokaalID":"G1900.5723af048c7b403ba00ba267565047a2","bgt_status":"bestaand","identificatieBAGPND":"0091100000009933","identificatieBAGVBOLaagsteHuisnummer":"0091010000029187","identificatieBAGVBOHoogsteHuisnummer":"0091010000029187","huisnummers":[{"tekst":"2e","pos":[172554.05,559077.098],"hoek":0}]},"geometry":{"type":"Polygon","coordinates":[[[172552.418,559074.372],[172555.169,559074.106],[172555.679,559079.794],[172554.37,559079.92],[172554.371,559079.935],[172552.95,559080.07],[172552.418,559074.372]]]}},{"type":"Feature","properties":{"relatieveHoogteligging":0,"lokaalID":"G1900.da0d60116d5c4cec9696ffd5acbe1d68","bgt_status":"bestaand","identificatieBAGPND":"0091100000009857","identificatieBAGVBOLaagsteHuisnummer":"0091010000029174","identificatieBAGVBOHoogsteHuisnummer":"0091010000029174","huisnummers":[{"tekst":"2f","pos":[172556.82,559076.827],"hoek":0}]},"geometry":{"type":"Polygon","coordinates":[[[172555.169,559074.106],[172557.949,559073.838],[172558.469,559079.525],[172555.679,559079.794],[172555.169,559074.106]]]}},{"type":"Feature","properties":{"relatieveHoogteligging":0,"lokaalID":"G1900.13f07cb0959c425a95cb424f478c301f","bgt_status":"bestaand","identificatieBAGPND":"0091100000010037","identificatieBAGVBOLaagsteHuisnummer":"0091010000029162","identificatieBAGVBOHoogsteHuisnummer":"0091010000029162","huisnummers":[{"tekst":"2g","pos":[172559.585,559076.565],"hoek":0}]},"geometry":{"type":"Polygon","coordinates":[[[172557.949,559073.838],[172560.698,559073.572],[172561.218,559079.26],[172558.469,559079.525],[172557.949,559073.838]]]}},{"type":"Feature","properties":{"relatieveHoogteligging":0,"lokaalID":"G1900.71c53e479a9443fd9d7da290d0c96390","bgt_status":"bestaand","identificatieBAGPND":"0091100000009821","identificatieBAGVBOLaagsteHuisnummer":"0091010000029183","identificatieBAGVBOHoogsteHuisnummer":"0091010000029183","huisnummers":[{"tekst":"10","pos":[172555,559099],"hoek":0}]},"geometry":{"type":"Polygon","coordinates":[[[172556.46,559102.82],[172543.98,559104.02],[172543.72,559101.07],[172548.08,559100.68],[172547.825,559097.837],[172555.931,559097.025],[172556.46,559102.82]]]}},{"type":"Feature","properties":{"relatieveHoogteligging":0,"lokaalID":"G1900.74e88013ddfe4818bc60378c23d3df36","bgt_status":"bestaand","identificatieBAGPND":"0091100000009739","identificatieBAGVBOLaagsteHuisnummer":"0091010000029222","identificatieBAGVBOHoogsteHuisnummer":"0091010000029222","huisnummers":[{"tekst":"8","pos":[172553,559094],"hoek":0}]},"geometry":{"type":"Polygon","coordinates":[[[172555.931,559097.025],[172547.825,559097.837],[172547.57,559094.99],[172543.82,559095.31],[172540.6,559095.61],[172540.337,559092.788],[172543.5,559092.49],[172545.99,559092.27],[172555.413,559091.353],[172555.931,559097.025]]]}},{"type":"Feature","properties":{"relatieveHoogteligging":0,"lokaalID":"G1900.fe71361972704f4fb3b49c50a84ba6d8","bgt_status":"bestaand","identificatieBAGPND":"0091100000016450","identificatieBAGVBOLaagsteHuisnummer":"0091010000029198","identificatieBAGVBOHoogsteHuisnummer":"0091010000029198","huisnummers":[{"tekst":"2d","pos":[172551.295,559077.362],"hoek":0}]},"geometry":{"type":"Polygon","coordinates":[[[172549.638,559074.64],[172552.418,559074.372],[172552.95,559080.07],[172550.17,559080.33],[172549.638,559074.64]]]}},{"type":"Feature","properties":{"relatieveHoogteligging":0,"lokaalID":"G1900.535236cbf13a47988f1b19338702f246","bgt_status":"bestaand","identificatieBAGPND":"0091100000009751","identificatieBAGVBOLaagsteHuisnummer":"0091010000029203","identificatieBAGVBOHoogsteHuisnummer":"0091010000029203","huisnummers":[{"tekst":"2c","pos":[172548.515,559077.63],"hoek":0}]},"geometry":{"type":"Polygon","coordinates":[[[172546.858,559074.909],[172549.638,559074.64],[172550.17,559080.33],[172547.39,559080.6],[172546.858,559074.909]]]}},{"type":"Feature","properties":{"relatieveHoogteligging":0,"lokaalID":"G1900.53850b233400453f80ce21489e7a09e0","bgt_status":"bestaand","identificatieBAGPND":"0091100000012060","identificatieBAGVBOLaagsteHuisnummer":"0091010000029208","identificatieBAGVBOHoogsteHuisnummer":"0091010000029208","huisnummers":[{"tekst":"4","pos":[172551,559083],"hoek":0}]},"geometry":{"type":"Polygon","coordinates":[[[172541.891,559081.126],[172544.63,559080.86],[172547.39,559080.6],[172550.17,559080.33],[172552.95,559080.07],[172554.371,559079.935],[172554.892,559085.635],[172546.782,559086.466],[172546.52,559083.6],[172542.15,559083.99],[172541.891,559081.126]]]}},{"type":"Feature","properties":{"relatieveHoogteligging":0,"lokaalID":"G1900.ce11a0e8c1804f8f95559d97837bfdb3","bgt_status":"bestaand","identificatieBAGPND":"0091100000012065","identificatieBAGVBOLaagsteHuisnummer":"0091010000029207","identificatieBAGVBOHoogsteHuisnummer":"0091010000029207","huisnummers":[{"tekst":"2b","pos":[172545.745,559077.895],"hoek":0}]},"geometry":{"type":"Polygon","coordinates":[[[172544.099,559075.176],[172546.858,559074.909],[172547.39,559080.6],[172544.63,559080.86],[172544.099,559075.176]]]}},{"type":"Feature","properties":{"relatieveHoogteligging":0,"lokaalID":"G1900.c294f0d065464fa780b2e4ff85cc52dd","bgt_status":"bestaand","identificatieBAGPND":"0091100000013747","identificatieBAGVBOLaagsteHuisnummer":"0091010000032462","identificatieBAGVBOHoogsteHuisnummer":"0091010000032462","huisnummers":[{"tekst":"6","pos":[172552,559089],"hoek":0}]},"geometry":{"type":"Polygon","coordinates":[[[172555.413,559091.353],[172545.99,559092.27],[172543.5,559092.49],[172540.337,559092.788],[172540.07,559089.93],[172543.28,559089.63],[172545.77,559089.41],[172547.04,559089.29],[172546.782,559086.466],[172554.892,559085.635],[172555.413,559091.353]]]}},{"type":"Feature","properties":{"relatieveHoogteligging":0,"lokaalID":"G1900.303ea97ab6864d4cb25c1d642f0bea25","bgt_status":"bestaand","identificatieBAGPND":"0091100000018030","identificatieBAGVBOLaagsteHuisnummer":"0091010000029212","identificatieBAGVBOHoogsteHuisnummer":"0091010000029212","huisnummers":[{"tekst":"2a","pos":[172542.975,559078.16],"hoek":0}]},"geometry":{"type":"Polygon","coordinates":[[[172541.36,559075.44],[172544.099,559075.176],[172544.63,559080.86],[172541.891,559081.126],[172541.36,559075.44]]]}},{"type":"Feature","properties":{"relatieveHoogteligging":0,"lokaalID":"G1900.f5eab77f50204f87ae6156653570ba2f","bgt_status":"bestaand","identificatieBAGPND":"0091100000011031","identificatieBAGVBOLaagsteHuisnummer":"0091010000029289","identificatieBAGVBOHoogsteHuisnummer":"0091010000029289","huisnummers":[{"tekst":"3","pos":[172522,559086],"hoek":0}]},"geometry":{"type":"Polygon","coordinates":[[[172514.189,559089.63],[172513.664,559083.98],[172516.645,559083.706],[172524.697,559082.95],[172524.97,559085.79],[172529.37,559085.36],[172529.641,559088.207],[172521.839,559088.926],[172517.17,559089.356],[172514.189,559089.63]]]}},{"type":"Feature","properties":{"relatieveHoogteligging":0,"lokaalID":"G1900.1225e90ebc5744f39c2aa209bdb6758a","bgt_status":"bestaand","identificatieBAGPND":"0091100000009204","identificatieBAGVBOLaagsteHuisnummer":"0091010000029266","identificatieBAGVBOHoogsteHuisnummer":"0091010000029266","huisnummers":[{"tekst":"1","pos":[172520,559079],"hoek":0}]},"geometry":{"type":"Polygon","coordinates":[[[172524.697,559082.95],[172516.645,559083.706],[172516.1,559077.85],[172521.29,559077.36],[172521.01,559074.38],[172528.34,559073.71],[172528.84,559079.65],[172524.42,559080.07],[172524.697,559082.95]]]}},{"type":"Feature","properties":{"relatieveHoogteligging":0,"lokaalID":"G1900.a8f208e606f24c9a8333f8213346ab6b","bgt_status":"bestaand","identificatieBAGPND":"0091100000011039","identificatieBAGVBOLaagsteHuisnummer":"0091010000029287","identificatieBAGVBOHoogsteHuisnummer":"0091010000029287","huisnummers":[{"tekst":"7","pos":[172522,559098],"hoek":0}]},"geometry":{"type":"Polygon","coordinates":[[[172530.71,559099.7],[172518.24,559100.85],[172517.7,559095.045],[172525.801,559094.29],[172526.06,559097.12],[172530.44,559096.73],[172530.71,559099.7]]]}},{"type":"Feature","properties":{"relatieveHoogteligging":0,"lokaalID":"G1900.9552eb47a3b54719b502985edf876e6c","bgt_status":"bestaand","identificatieBAGPND":"0091100000011035","identificatieBAGVBOLaagsteHuisnummer":"0091010000029288","identificatieBAGVBOHoogsteHuisnummer":"0091010000029288","huisnummers":[{"tekst":"5","pos":[172522,559092],"hoek":0}]},"geometry":{"type":"Polygon","coordinates":[[[172514.189,559089.63],[172517.17,559089.356],[172521.839,559088.926],[172529.641,559088.207],[172529.91,559091.03],[172525.54,559091.43],[172525.801,559094.29],[172517.7,559095.045],[172513.571,559095.423],[172513.071,559089.733],[172514.189,559089.63]]]}},{"type":"Feature","properties":{"relatieveHoogteligging":0,"lokaalID":"G1900.93a511a94a24453cb42c5e61c456fe0c","bgt_status":"bestaand","identificatieBAGPND":"0091100000009303"},"geometry":{"type":"Polygon","coordinates":[[[172504.103,559097.253],[172504.377,559101.827],[172499.547,559102.116],[172499.273,559097.543],[172504.103,559097.253]]]}},{"type":"Feature","properties":{"relatieveHoogteligging":0,"lokaalID":"G1900.39f7159ee9e7433e9171252f37ca9208","bgt_status":"bestaand","identificatieBAGPND":"0091100000019201","identificatieBAGVBOLaagsteHuisnummer":"0091010000022016","identificatieBAGVBOHoogsteHuisnummer":"0091010000022016","huisnummers":[{"tekst":"22","pos":[172556,559141],"hoek":0}]},"geometry":{"type":"Polygon","coordinates":[[[172562.955,559144.037],[172562.98,559144.27],[172561.33,559144.41],[172561.33,559144.414],[172559.94,559144.55],[172557.3,559144.77],[172552.14,559145.25],[172552.159,559145.405],[172546.22,559145.95],[172545.99,559143.22],[172547.99,559143.05],[172547.69,559139.54],[172556.84,559138.71],[172557.191,559142.797],[172559.82,559142.57],[172562.77,559142.29],[172564.382,559142.137],[172564.686,559142.108],[172564.884,559142.089],[172565.086,559142.07],[172565.249,559143.794],[172565.192,559143.8],[172565.048,559143.815],[172564.85,559143.836],[172562.955,559144.037]]]}},{"type":"Feature","properties":{"relatieveHoogteligging":0,"lokaalID":"G1900.6e06f0120aea4877baee404d3575bcdc","bgt_status":"bestaand","identificatieBAGPND":"1900100010090959"},"geometry":{"type":"Polygon","coordinates":[[[172566.919,559179.437],[172567.133,559181.834],[172564.169,559182.098],[172563.956,559179.705],[172563.944,559179.569],[172566.907,559179.305],[172566.919,559179.437]]]}},{"type":"Feature","properties":{"relatieveHoogteligging":0,"lokaalID":"G1900.8162d20c1b8f4e9d8a748879d1011fb0","bgt_status":"bestaand","identificatieBAGPND":"1900100010090956"},"geometry":{"type":"Polygon","coordinates":[[[172574.228,559154.779],[172573.995,559151.223],[172576.822,559151.038],[172577.054,559154.594],[172574.228,559154.779]]]}},{"type":"Feature","properties":{"relatieveHoogteligging":0,"lokaalID":"G1900.8fcba570ae65413b964e600ed29b5704","bgt_status":"bestaand","identificatieBAGPND":"1900100010090949"},"geometry":{"type":"Polygon","coordinates":[[[172579.595,559135.979],[172579.618,559135.977],[172583.258,559135.596],[172583.593,559138.799],[172579.929,559139.181],[172579.597,559136],[172579.595,559135.979]]]}},{"type":"Feature","properties":{"relatieveHoogteligging":0,"lokaalID":"G1900.bc018f30232e4a5eb89ab09558d54e3f","bgt_status":"bestaand","identificatieBAGPND":"1900100010090951"},"geometry":{"type":"Polygon","coordinates":[[[172573.904,559114.805],[172568.299,559115.322],[172567.901,559111.001],[172573.506,559110.484],[172573.904,559114.805]]]}},{"type":"Feature","properties":{"relatieveHoogteligging":0,"lokaalID":"G1900.f43b9c3a4e6247eca549381959a77342","bgt_status":"bestaand","identificatieBAGPND":"1900100010090952"},"geometry":{"type":"Polygon","coordinates":[[[172562.944,559116.319],[172568.315,559115.896],[172568.545,559118.809],[172563.174,559119.232],[172562.944,559116.319]]]}},{"type":"Feature","properties":{"relatieveHoogteligging":0,"lokaalID":"G1900.1475963be651466ab5539b00b53605eb","bgt_status":"bestaand","identificatieBAGPND":"1900100010081748"},"geometry":{"type":"Polygon","coordinates":[[[172457.503,558994.55],[172457.837,558997.526],[172454.434,558997.915],[172454.099,558994.931],[172454.11,558994.93],[172457.503,558994.55]]]}},{"type":"Feature","properties":{"relatieveHoogteligging":0,"lokaalID":"G1900.a13d9f4d54e34623a3b50d1395a32615","bgt_status":"bestaand","identificatieBAGPND":"0091100000007801"},"geometry":{"type":"Polygon","coordinates":[[[172458.881,559027.576],[172458.042,559020.13],[172461.02,559019.8],[172461.854,559027.243],[172458.881,559027.576]]]}},{"type":"Feature","properties":{"relatieveHoogteligging":0,"lokaalID":"G1900.f65cc54cdece48b48704e9bc85232cc1","bgt_status":"bestaand","identificatieBAGPND":"0091100000007797"},"geometry":{"type":"Polygon","coordinates":[[[172455.234,559020.441],[172458.042,559020.13],[172458.881,559027.576],[172455.9,559027.91],[172455.06,559020.46],[172455.234,559020.441]]]}},{"type":"Feature","properties":{"relatieveHoogteligging":0,"lokaalID":"G1900.e754fe9b5e2547dabdb54d821c9914c4","bgt_status":"bestaand","identificatieBAGPND":"0091100000005498","identificatieBAGVBOLaagsteHuisnummer":"0091010000029388","identificatieBAGVBOHoogsteHuisnummer":"0091010000029388","huisnummers":[{"tekst":"2i","pos":[172462.757,559020.46],"hoek":0}]},"geometry":{"type":"Polygon","coordinates":[[[172461.151,559019.787],[172460.911,559017.662],[172463.931,559017.317],[172464.603,559023.259],[172461.583,559023.601],[172461.151,559019.787]]]}},{"type":"Feature","properties":{"relatieveHoogteligging":0,"lokaalID":"G1900.3d41c8c676014004b9c9602b800c2a90","bgt_status":"bestaand","identificatieBAGPND":"0091100000010441","identificatieBAGVBOLaagsteHuisnummer":"0091010000029397","identificatieBAGVBOHoogsteHuisnummer":"0091010000029397","huisnummers":[{"tekst":"5","pos":[172456,558989],"hoek":0}]},"geometry":{"type":"Polygon","coordinates":[[[172459.92,558990.943],[172457.207,558991.26],[172457.59,558994.54],[172457.503,558994.55],[172454.11,558994.93],[172452.65,558982.42],[172458.875,558981.711],[172459.92,558990.943]]]}},{"type":"Feature","properties":{"relatieveHoogteligging":0,"lokaalID":"G1900.fde3d046f377407da2c0df1288782d03","bgt_status":"bestaand","identificatieBAGPND":"0091100000005522","identificatieBAGVBOLaagsteHuisnummer":"0091010000029382","identificatieBAGVBOHoogsteHuisnummer":"0091010000029382","huisnummers":[{"tekst":"1","pos":[172469,558988],"hoek":0}]},"geometry":{"type":"Polygon","coordinates":[[[172464.954,558981.018],[172471.113,558980.316],[172472.54,558992.84],[172469.05,558993.22],[172468.691,558989.93],[172466.132,558990.207],[172466.013,558990.219],[172464.954,558981.018]]]}},{"type":"Feature","properties":{"relatieveHoogteligging":0,"lokaalID":"G1900.4f5a5b3634354366ade00f065c5f11cd","bgt_status":"bestaand","identificatieBAGPND":"0091100000008773","identificatieBAGVBOLaagsteHuisnummer":"0091010000029366","identificatieBAGVBOHoogsteHuisnummer":"0091010000029366","huisnummers":[{"tekst":"2e","pos":[172474.61,559019.112],"hoek":0}]},"geometry":{"type":"Polygon","coordinates":[[[172475.754,559015.966],[172476.428,559021.922],[172473.467,559022.257],[172472.793,559016.304],[172475.754,559015.966]]]}},{"type":"Feature","properties":{"relatieveHoogteligging":0,"lokaalID":"G1900.204c95708094411189e8cedf315e7e32","bgt_status":"bestaand","identificatieBAGPND":"0091100000008781","identificatieBAGVBOLaagsteHuisnummer":"0091010000029364","identificatieBAGVBOHoogsteHuisnummer":"0091010000029364","huisnummers":[{"tekst":"2d","pos":[172477.567,559018.776],"hoek":0}]},"geometry":{"type":"Polygon","coordinates":[[[172478.705,559015.628],[172479.379,559021.588],[172476.428,559021.922],[172475.754,559015.966],[172478.705,559015.628]]]}},{"type":"Feature","properties":{"relatieveHoogteligging":0,"lokaalID":"G1900.24b0065c75fc401791a6b9fecd39863e","bgt_status":"bestaand","identificatieBAGPND":"0091100000010819","identificatieBAGVBOLaagsteHuisnummer":"0091010000029367","identificatieBAGVBOHoogsteHuisnummer":"0091010000029367","huisnummers":[{"tekst":"2f","pos":[172471.65,559019.449],"hoek":0}]},"geometry":{"type":"Polygon","coordinates":[[[172472.793,559016.304],[172473.467,559022.257],[172470.506,559022.592],[172469.833,559016.642],[172472.793,559016.304]]]}},{"type":"Feature","properties":{"relatieveHoogteligging":0,"lokaalID":"G1900.77f44f4ac17d49eeb6957155ba22f151","bgt_status":"bestaand","identificatieBAGPND":"0091100000010791","identificatieBAGVBOLaagsteHuisnummer":"0091010000029374","identificatieBAGVBOHoogsteHuisnummer":"0091010000029374","huisnummers":[{"tekst":"2g","pos":[172468.694,559019.785],"hoek":0}]},"geometry":{"type":"Polygon","coordinates":[[[172467.555,559022.925],[172466.882,559016.979],[172469.833,559016.642],[172470.506,559022.592],[172467.555,559022.925]]]}},{"type":"Feature","properties":{"relatieveHoogteligging":0,"lokaalID":"G1900.9e4bb71c64e1437da33fae261cf94662","bgt_status":"bestaand","identificatieBAGPND":"0091100000005530","identificatieBAGVBOLaagsteHuisnummer":"0091010000029380","identificatieBAGVBOHoogsteHuisnummer":"0091010000029380","huisnummers":[{"tekst":"2h","pos":[172465.743,559020.121],"hoek":0}]},"geometry":{"type":"Polygon","coordinates":[[[172464.603,559023.259],[172463.931,559017.317],[172466.882,559016.979],[172467.555,559022.925],[172464.603,559023.259]]]}},{"type":"Feature","properties":{"relatieveHoogteligging":0,"lokaalID":"G1900.eadc78223b794a089be83044d3c3d402","bgt_status":"bestaand","identificatieBAGPND":"0091100000005482"},"geometry":{"type":"Polygon","coordinates":[[[172463.433,559043.539],[172460.469,559043.929],[172459.491,559036.509],[172462.405,559036.125],[172462.454,559036.119],[172463.433,559043.539]]]}},{"type":"Feature","properties":{"relatieveHoogteligging":0,"lokaalID":"G1900.d2de47afcbd64addbaec49c2a6afc3b6","bgt_status":"bestaand","identificatieBAGPND":"0091100000002272","identificatieBAGVBOLaagsteHuisnummer":"0091010000033412","identificatieBAGVBOHoogsteHuisnummer":"0091010000033412","huisnummers":[{"tekst":"8","pos":[172444,559041],"hoek":0}]},"geometry":{"type":"Polygon","coordinates":[[[172442.188,559038.477],[172442.161,559038.34],[172450.926,559036.627],[172450.887,559036.432],[172454.409,559035.733],[172454.963,559038.529],[172451.638,559039.189],[172452.44,559043.23],[172443.391,559045.039],[172442.188,559038.477]]]}},{"type":"Feature","properties":{"relatieveHoogteligging":0,"lokaalID":"G1900.f64b02d6106d468b90839fd8442747e1","bgt_status":"bestaand","identificatieBAGPND":"0091100000006680","identificatieBAGVBOLaagsteHuisnummer":"0091010000035203","identificatieBAGVBOHoogsteHuisnummer":"0091010000035203","huisnummers":[{"tekst":"115","pos":[172441,559109],"hoek":0}]},"geometry":{"type":"Polygon","coordinates":[[[172451.24,559085.99],[172462,559095.32],[172461.45,559095.9],[172465.13,559099.15],[172452.35,559113.98],[172451.817,559113.526],[172446.997,559119.118],[172433.625,559107.702],[172437.76,559102.812],[172437.248,559102.379],[172451.24,559085.99]]]}},{"type":"Feature","properties":{"relatieveHoogteligging":0,"lokaalID":"G1900.d00911bb14e8414f943aa525a0c12d97","bgt_status":"bestaand","identificatieBAGPND":"0091100000010322","identificatieBAGVBOLaagsteHuisnummer":"0091010000029430","identificatieBAGVBOHoogsteHuisnummer":"0091010000029430","huisnummers":[{"tekst":"6","pos":[172442,559035],"hoek":0}]},"geometry":{"type":"Polygon","coordinates":[[[172439.406,559032.202],[172439.378,559032.057],[172448.315,559030.318],[172448.288,559030.181],[172451.97,559029.455],[172452.529,559032.273],[172450.155,559032.744],[172450.887,559036.432],[172450.926,559036.627],[172442.161,559038.34],[172442.188,559038.477],[172440.613,559038.784],[172439.406,559032.202]]]}},{"type":"Feature","properties":{"relatieveHoogteligging":0,"lokaalID":"G1900.3cae0f68255849638bd96638f9692360","bgt_status":"bestaand","identificatieBAGPND":"0091100000009308","identificatieBAGVBOLaagsteHuisnummer":"0091010000029440","identificatieBAGVBOHoogsteHuisnummer":"0091010000029440","huisnummers":[{"tekst":"4","pos":[172439,559028],"hoek":0}]},"geometry":{"type":"Polygon","coordinates":[[[172439.406,559032.202],[172437.83,559032.5],[172436.47,559025.72],[172445.504,559023.927],[172445.999,559026.435],[172447.486,559026.14],[172448.288,559030.181],[172448.315,559030.318],[172439.378,559032.057],[172439.406,559032.202]]]}},{"type":"Feature","properties":{"relatieveHoogteligging":0,"lokaalID":"G1900.8512a5dabe5e4314880cb75739c8e943","bgt_status":"bestaand","identificatieBAGPND":"0091100000010302","identificatieBAGVBOLaagsteHuisnummer":"0091010000029435","identificatieBAGVBOHoogsteHuisnummer":"0091010000029435","huisnummers":[{"tekst":"7","pos":[172443,558990],"hoek":0}]},"geometry":{"type":"Polygon","coordinates":[[[172444.65,558996.01],[172444.274,558992.71],[172441.601,558993.014],[172440.498,558983.818],[172446.68,558983.1],[172448.15,558995.61],[172444.65,558996.01]]]}},{"type":"Feature","properties":{"relatieveHoogteligging":0,"lokaalID":"G1900.24ec67856f2646a08ab51e8007f936a7","bgt_status":"bestaand","identificatieBAGPND":"0091100000009312","identificatieBAGVBOLaagsteHuisnummer":"0091010000029439","identificatieBAGVBOHoogsteHuisnummer":"0091010000029439","huisnummers":[{"tekst":"9","pos":[172437,558990],"hoek":0}]},"geometry":{"type":"Polygon","coordinates":[[[172434.788,558988.682],[172434.306,558984.537],[172440.498,558983.818],[172441.601,558993.014],[172439.037,558993.306],[172439.432,558996.777],[172435.907,558997.178],[172434.917,558988.667],[172434.788,558988.682]]]}},{"type":"Feature","properties":{"relatieveHoogteligging":0,"lokaalID":"G1900.300648453db14b7b9d74b2f5269f3428","bgt_status":"bestaand","identificatieBAGPND":"1900100010088389"},"geometry":{"type":"Polygon","coordinates":[[[172432.934,559012.114],[172432.504,559008.242],[172434.831,559007.983],[172436.752,559007.77],[172437.183,559011.641],[172432.934,559012.114]]]}},{"type":"Feature","properties":{"relatieveHoogteligging":0,"lokaalID":"G1900.df6d7f2078e14594a1c32d9d7a3daa70","bgt_status":"bestaand","identificatieBAGPND":"0091100000014441","identificatieBAGVBOLaagsteHuisnummer":"0091010000029492","identificatieBAGVBOHoogsteHuisnummer":"0091010000029492","huisnummers":[{"tekst":"15","pos":[172421,559001],"hoek":0}]},"geometry":{"type":"Polygon","coordinates":[[[172423.176,558994.253],[172423.305,558994.238],[172424.279,559002.798],[172424.725,559005.564],[172425.437,559011.512],[172422.55,559011.84],[172421.836,559005.56],[172423.162,559005.411],[172422.964,559003.651],[172418.3,559004.176],[172417.246,558994.942],[172423.176,558994.253]]]}},{"type":"Feature","properties":{"relatieveHoogteligging":0,"lokaalID":"G1900.2e9a4aefc2d74bbabd7730c44b3a7a4b","bgt_status":"bestaand","identificatieBAGPND":"0091100000008631","identificatieBAGVBOLaagsteHuisnummer":"0091010000031249","identificatieBAGVBOHoogsteHuisnummer":"0091010000031249","huisnummers":[{"tekst":"96","pos":[172385,559051],"hoek":0}]},"geometry":{"type":"Polygon","coordinates":[[[172386.24,559045.813],[172386.166,559045.855],[172390.916,559054.215],[172391.038,559054.147],[172392.851,559057.373],[172390.418,559058.74],[172388.6,559055.505],[172385.692,559057.139],[172380.962,559048.78],[172380.618,559048.974],[172379.257,559046.506],[172384.898,559043.342],[172386.24,559045.813]]]}},{"type":"Feature","properties":{"relatieveHoogteligging":0,"lokaalID":"G1900.84e580f03d244db48818519b3cb52905","bgt_status":"bestaand","identificatieBAGPND":"0091100000008592","identificatieBAGVBOLaagsteHuisnummer":"0091010000029580","identificatieBAGVBOHoogsteHuisnummer":"0091010000029580","huisnummers":[{"tekst":"98","pos":[172389,559047],"hoek":0}]},"geometry":{"type":"Polygon","coordinates":[[[172393.837,559040.833],[172394.064,559040.706],[172400.617,559052.394],[172397.756,559053.998],[172398.02,559054.469],[172395.588,559055.835],[172393.775,559052.609],[172391.038,559054.147],[172390.916,559054.215],[172386.166,559045.855],[172386.24,559045.813],[172391.417,559042.902],[172391.15,559042.421],[172393.876,559040.903],[172393.837,559040.833]]]}},{"type":"Feature","properties":{"relatieveHoogteligging":0,"lokaalID":"G1900.56e8561a4ca547c0ac6be4146b0a6922","bgt_status":"bestaand","identificatieBAGPND":"0091100000006715","identificatieBAGVBOLaagsteHuisnummer":"0091010000029498","identificatieBAGVBOHoogsteHuisnummer":"0091010000029498","huisnummers":[{"tekst":"17","pos":[172415,559002],"hoek":0}]},"geometry":{"type":"Polygon","coordinates":[[[172411.082,558995.658],[172417.246,558994.942],[172418.3,559004.176],[172415.631,559004.476],[172416.286,559010.299],[172409.782,559011.032],[172409.112,559004.945],[172412.09,559004.617],[172411.082,558995.658]]]}},{"type":"Feature","properties":{"relatieveHoogteligging":0,"lokaalID":"G1900.9b0bb85ba0644a17945cb684e53321e4","bgt_status":"bestaand","identificatieBAGPND":"0091100000006669","identificatieBAGVBOLaagsteHuisnummer":"0091010000029625","identificatieBAGVBOHoogsteHuisnummer":"0091010000029625","huisnummers":[{"tekst":"90","pos":[172367,559059],"hoek":0}]},"geometry":{"type":"Polygon","coordinates":[[[172370.545,559054.637],[172375.243,559063.009],[172372.349,559064.635],[172374.167,559067.87],[172371.73,559069.24],[172365.199,559057.643],[172370.545,559054.637]]]}},{"type":"Feature","properties":{"relatieveHoogteligging":0,"lokaalID":"G1900.6f877bb0828440ed89bc536aa704d8d1","bgt_status":"bestaand","identificatieBAGPND":"0091100000003835","identificatieBAGVBOLaagsteHuisnummer":"0091010000029621","identificatieBAGVBOHoogsteHuisnummer":"0091010000029621","huisnummers":[{"tekst":"94","pos":[172379,559054],"hoek":0}]},"geometry":{"type":"Polygon","coordinates":[[[172380.618,559048.974],[172380.962,559048.78],[172385.692,559057.139],[172382.785,559058.772],[172384.603,559062.007],[172382.236,559063.337],[172375.741,559051.716],[172380.618,559048.974]]]}},{"type":"Feature","properties":{"relatieveHoogteligging":0,"lokaalID":"G1900.8055354281074233898a29747e30768c","bgt_status":"bestaand","identificatieBAGPND":"0091100000003839","identificatieBAGVBOLaagsteHuisnummer":"0091010000029620","identificatieBAGVBOHoogsteHuisnummer":"0091010000029620","huisnummers":[{"tekst":"92","pos":[172375,559056],"hoek":0}]},"geometry":{"type":"Polygon","coordinates":[[[172375.741,559051.716],[172382.236,559063.337],[172379.956,559064.618],[172378.138,559061.383],[172375.243,559063.009],[172370.545,559054.637],[172375.741,559051.716]]]}},{"type":"Feature","properties":{"relatieveHoogteligging":0,"lokaalID":"G1900.702bc9f4d6f44154bae2dd1443f53a25","bgt_status":"bestaand","identificatieBAGPND":"0091100000006526","identificatieBAGVBOLaagsteHuisnummer":"0091010000029679","identificatieBAGVBOHoogsteHuisnummer":"0091010000029679","huisnummers":[{"tekst":"16","pos":[172357,559058],"hoek":0}]},"geometry":{"type":"Polygon","coordinates":[[[172351.685,559068.42],[172355.536,559055.78],[172361.416,559057.581],[172360.328,559061.138],[172363.187,559062.013],[172361.547,559067.377],[172358.687,559066.503],[172358.629,559066.694],[172355.363,559065.706],[172354.3,559069.22],[172351.685,559068.42]]]}},{"type":"Feature","properties":{"relatieveHoogteligging":0,"lokaalID":"G1900.0c63128cd9c3480699a81f0519efc8ac","bgt_status":"bestaand","identificatieBAGPND":"0091100000009063","identificatieBAGVBOLaagsteHuisnummer":"0091010000029709","identificatieBAGVBOHoogsteHuisnummer":"0091010000029709","huisnummers":[{"tekst":"13","pos":[172339,559056],"hoek":0}]},"geometry":{"type":"Polygon","coordinates":[[[172336.229,559057.115],[172336.372,559057.159],[172338.385,559050.527],[172338.528,559050.57],[172344.101,559052.277],[172340.245,559064.92],[172337.62,559064.12],[172338.716,559060.596],[172335.432,559059.634],[172336.229,559057.115]]]}},{"type":"Feature","properties":{"relatieveHoogteligging":0,"lokaalID":"G1900.fae30200575244828dfec9e506c13ff7","bgt_status":"bestaand","identificatieBAGPND":"0091100000014634","identificatieBAGVBOLaagsteHuisnummer":"0091010000029691","identificatieBAGVBOHoogsteHuisnummer":"0091010000029691","huisnummers":[{"tekst":"14","pos":[172346,559057],"hoek":0}]},"geometry":{"type":"Polygon","coordinates":[[[172340.245,559064.92],[172344.101,559052.277],[172349.838,559054.034],[172347.053,559063.143],[172343.913,559062.181],[172342.87,559065.72],[172340.245,559064.92]]]}},{"type":"Feature","properties":{"relatieveHoogteligging":0,"lokaalID":"G1900.8462ce00c92d4b34a05854bf64442ea4","bgt_status":"bestaand","identificatieBAGPND":"0091100000006522","identificatieBAGVBOLaagsteHuisnummer":"0091010000029680","identificatieBAGVBOHoogsteHuisnummer":"0091010000029680","huisnummers":[{"tekst":"15","pos":[172352,559059],"hoek":0}]},"geometry":{"type":"Polygon","coordinates":[[[172347.053,559063.143],[172349.838,559054.034],[172355.536,559055.78],[172351.685,559068.42],[172349.07,559067.62],[172350.189,559064.103],[172347.053,559063.143]]]}},{"type":"Feature","properties":{"relatieveHoogteligging":0,"lokaalID":"G1900.7d4940d6bb364e4facd6b26d863deaf1","bgt_status":"bestaand","identificatieBAGPND":"0091100000018886","identificatieBAGVBOLaagsteHuisnummer":"0091010000029750","identificatieBAGVBOHoogsteHuisnummer":"0091010000029750","huisnummers":[{"tekst":"10","pos":[172323,559045],"hoek":0}]},"geometry":{"type":"Polygon","coordinates":[[[172317.981,559055.362],[172321.837,559042.717],[172327.698,559044.512],[172324.945,559053.638],[172321.792,559052.679],[172320.754,559056.21],[172317.981,559055.362]]]}},{"type":"Feature","properties":{"relatieveHoogteligging":0,"lokaalID":"G1900.aba470985e9e4a0a9ae6289764c223c4","bgt_status":"bestaand","identificatieBAGPND":"0091100000005973","identificatieBAGVBOLaagsteHuisnummer":"0091010000029756","identificatieBAGVBOHoogsteHuisnummer":"0091010000029756","huisnummers":[{"tekst":"11","pos":[172330,559049],"hoek":0}]},"geometry":{"type":"Polygon","coordinates":[[[172324.945,559053.638],[172327.698,559044.512],[172333.425,559046.267],[172328.913,559061.081],[172326.364,559060.298],[172328.097,559054.596],[172324.945,559053.638]]]}},{"type":"Feature","properties":{"relatieveHoogteligging":0,"lokaalID":"G1900.ddecefbc131d4bdbbaeac6647598b65d","bgt_status":"bestaand","identificatieBAGPND":"0091100000008582","identificatieBAGVBOLaagsteHuisnummer":"0091010000029720","identificatieBAGVBOHoogsteHuisnummer":"0091010000029720","huisnummers":[{"tekst":"12","pos":[172336,559052],"hoek":0}]},"geometry":{"type":"Polygon","coordinates":[[[172328.913,559061.081],[172333.425,559046.267],[172339.295,559048.065],[172338.528,559050.57],[172338.385,559050.527],[172336.372,559057.159],[172336.229,559057.115],[172333.255,559056.189],[172331.535,559061.875],[172328.913,559061.081]]]}},{"type":"Feature","properties":{"relatieveHoogteligging":0,"lokaalID":"G1900.a815cc314b874e4d9670ac2bf404d429","bgt_status":"bestaand","identificatieBAGPND":"1900100010084261"},"geometry":{"type":"Polygon","coordinates":[[[172317.981,559055.362],[172320.754,559056.21],[172320.113,559058.389],[172317.315,559057.546],[172317.981,559055.362]]]}},{"type":"Feature","properties":{"relatieveHoogteligging":0,"lokaalID":"G1900.91c24611529341b6b1ca32db9530e2e5","bgt_status":"bestaand","identificatieBAGPND":"0091100000010848","identificatieBAGVBOLaagsteHuisnummer":"0091010000029790","identificatieBAGVBOHoogsteHuisnummer":"0091010000029790","huisnummers":[{"tekst":"8","pos":[172294,559059],"hoek":0}]},"geometry":{"type":"Polygon","coordinates":[[[172298.204,559054.365],[172303.39,559062.77],[172297.45,559066.48],[172295.148,559062.795],[172292.749,559064.294],[172289.058,559058.385],[172291.72,559056.723],[172292.48,559057.94],[172298.204,559054.365]]]}},{"type":"Feature","properties":{"relatieveHoogteligging":0,"lokaalID":"G1900.5d4c5504dd4541199a67eda5d1703e8a","bgt_status":"bestaand","identificatieBAGPND":"0091100000010844","identificatieBAGVBOLaagsteHuisnummer":"0091010000029791","identificatieBAGVBOHoogsteHuisnummer":"0091010000029791","huisnummers":[{"tekst":"9","pos":[172304,559053],"hoek":0}]},"geometry":{"type":"Polygon","coordinates":[[[172298.204,559054.365],[172304.102,559050.681],[172303.342,559049.464],[172305.995,559047.807],[172309.686,559053.715],[172307.268,559055.225],[172309.57,559058.91],[172303.39,559062.77],[172298.204,559054.365]]]}},{"type":"Feature","properties":{"relatieveHoogteligging":0,"lokaalID":"G1900.308bba34c282454984d88e8766883628","bgt_status":"bestaand","identificatieBAGPND":"0091100000007246","identificatieBAGVBOLaagsteHuisnummer":"0091010000029837","identificatieBAGVBOHoogsteHuisnummer":"0091010000029837","huisnummers":[{"tekst":"7","pos":[172285,559065],"hoek":0}]},"geometry":{"type":"Polygon","coordinates":[[[172279.477,559065.984],[172285.336,559062.33],[172284.576,559061.111],[172287.233,559059.454],[172290.929,559065.379],[172288.508,559066.889],[172290.81,559070.58],[172284.644,559074.426],[172279.477,559065.984]]]}},{"type":"Feature","properties":{"relatieveHoogteligging":0,"lokaalID":"G1900.eb5975399d4a460886056dcdf499e608","bgt_status":"bestaand","identificatieBAGPND":"0091100000007250","identificatieBAGVBOLaagsteHuisnummer":"0091010000029836","identificatieBAGVBOHoogsteHuisnummer":"0091010000029836","huisnummers":[{"tekst":"6","pos":[172275,559071],"hoek":0}]},"geometry":{"type":"Polygon","coordinates":[[[172279.477,559065.984],[172284.644,559074.426],[172278.69,559078.14],[172276.388,559074.449],[172273.967,559075.959],[172270.271,559070.034],[172272.936,559068.371],[172273.697,559069.59],[172279.477,559065.984]]]}},{"type":"Feature","properties":{"relatieveHoogteligging":0,"lokaalID":"G1900.729c7de5c76e4248943cfe0e9a6552fe","bgt_status":"bestaand","identificatieBAGPND":"0091100000006438","identificatieBAGVBOLaagsteHuisnummer":"0091010000029892","identificatieBAGVBOHoogsteHuisnummer":"0091010000029892","huisnummers":[{"tekst":"5","pos":[172266,559077],"hoek":0}]},"geometry":{"type":"Polygon","coordinates":[[[172260.795,559077.656],[172266.607,559074.013],[172265.844,559072.795],[172268.507,559071.126],[172272.218,559077.046],[172269.799,559078.562],[172272.11,559082.25],[172265.958,559086.106],[172260.795,559077.656]]]}},{"type":"Feature","properties":{"relatieveHoogteligging":0,"lokaalID":"G1900.7d23c75db5594cce9e680264cbfc34b1","bgt_status":"bestaand","identificatieBAGPND":"0091100000012502"},"geometry":{"type":"Polygon","coordinates":[[[172266.133,559065.957],[172268.353,559069.618],[172264.86,559071.736],[172262.64,559068.075],[172266.133,559065.957]]]}},{"type":"Feature","properties":{"relatieveHoogteligging":0,"lokaalID":"G1900.573a009c89f449aea65dc1cd5436b9b8","bgt_status":"bestaand","identificatieBAGPND":"0091100000006469","identificatieBAGVBOLaagsteHuisnummer":"0091010000029885","identificatieBAGVBOHoogsteHuisnummer":"0091010000029885","huisnummers":[{"tekst":"4","pos":[172256,559083],"hoek":0}]},"geometry":{"type":"Polygon","coordinates":[[[172260.795,559077.656],[172265.958,559086.106],[172260,559089.84],[172257.689,559086.152],[172255.27,559087.668],[172251.559,559081.748],[172254.214,559080.084],[172254.977,559081.302],[172260.795,559077.656]]]}},{"type":"Feature","properties":{"relatieveHoogteligging":0,"lokaalID":"G1900.58b8097e183049199ff6b8c359f6c076","bgt_status":"bestaand","identificatieBAGPND":"0091100000006377","identificatieBAGVBOLaagsteHuisnummer":"0091010000029901","identificatieBAGVBOHoogsteHuisnummer":"0091010000029901","huisnummers":[{"tekst":"3","pos":[172247,559095],"hoek":0}]},"geometry":{"type":"Polygon","coordinates":[[[172244.051,559099.359],[172245.999,559092.762],[172244.62,559092.355],[172245.5,559089.37],[172252.22,559091.36],[172251.407,559094.112],[172255.605,559095.356],[172253.586,559102.193],[172244.051,559099.359]]]}},{"type":"Feature","properties":{"relatieveHoogteligging":0,"lokaalID":"G1900.e738d5d688b3473288e77786100eb4e2","bgt_status":"bestaand","identificatieBAGPND":"0091100000006402","identificatieBAGVBOLaagsteHuisnummer":"0091010000030222","identificatieBAGVBOHoogsteHuisnummer":"0091010000030222","huisnummers":[{"tekst":"94","pos":[172064,559226],"hoek":0}]},"geometry":{"type":"Polygon","coordinates":[[[172059.057,559224.401],[172056.189,559220.077],[172054.599,559217.664],[172056.438,559216.444],[172058.035,559218.852],[172060.903,559223.176],[172064.063,559221.081],[172064.171,559221.009],[172068.769,559228.101],[172063.776,559231.392],[172059.165,559224.329],[172059.057,559224.401]]]}},{"type":"Feature","properties":{"relatieveHoogteligging":0,"lokaalID":"G1900.db2ae4eda12e4d73a34d6d85fd70b6d2","bgt_status":"bestaand","identificatieBAGPND":"0091100000006394","identificatieBAGVBOLaagsteHuisnummer":"0091010000030224","identificatieBAGVBOHoogsteHuisnummer":"0091010000030224","huisnummers":[{"tekst":"92","pos":[172059,559230],"hoek":0}]},"geometry":{"type":"Polygon","coordinates":[[[172052.779,559225.798],[172051.183,559223.397],[172053.029,559222.172],[172055.897,559226.496],[172059.057,559224.401],[172059.165,559224.329],[172063.776,559231.392],[172058.866,559234.627],[172058.749,559234.704],[172054.915,559228.788],[172054.807,559228.86],[172052.779,559225.798]]]}},{"type":"Feature","properties":{"relatieveHoogteligging":0,"lokaalID":"G1900.9e3d9f76403e4e14bfcf2ee7f603c73d","bgt_status":"bestaand","identificatieBAGPND":"0091100000003824","identificatieBAGVBOLaagsteHuisnummer":"0091010000030241","identificatieBAGVBOHoogsteHuisnummer":"0091010000030241","huisnummers":[{"tekst":"86","pos":[172042,559240],"hoek":0}]},"geometry":{"type":"Polygon","coordinates":[[[172036.93,559234.49],[172038.784,559233.26],[172041.652,559237.584],[172044.812,559235.488],[172044.92,559235.416],[172049.501,559242.439],[172044.48,559245.747],[172044.37,559245.82],[172036.93,559234.49]]]}},{"type":"Feature","properties":{"relatieveHoogteligging":0,"lokaalID":"G1900.5527c9d82027430c8c860fe2f68015a4","bgt_status":"bestaand","identificatieBAGPND":"0091100000003820","identificatieBAGVBOLaagsteHuisnummer":"0091010000030242","identificatieBAGVBOHoogsteHuisnummer":"0091010000030242","huisnummers":[{"tekst":"14","pos":[172044,559292],"hoek":0}]},"geometry":{"type":"Polygon","coordinates":[[[172039.873,559292.23],[172047.112,559285.957],[172050.52,559289.9],[172050.594,559289.986],[172046.574,559293.637],[172040.31,559299.02],[172038.857,559297.343],[172041.968,559294.654],[172039.873,559292.23]]]}},{"type":"Feature","properties":{"relatieveHoogteligging":0,"lokaalID":"G1900.4435990901bf479d8c39c42812acded9","bgt_status":"bestaand","identificatieBAGPND":"0091100000019097","identificatieBAGVBOLaagsteHuisnummer":"0091010000030250","identificatieBAGVBOHoogsteHuisnummer":"0091010000030250","huisnummers":[{"tekst":"18","pos":[172038,559282],"hoek":0}]},"geometry":{"type":"Polygon","coordinates":[[[172032.811,559284.06],[172040.05,559277.787],[172043.581,559281.872],[172036.342,559288.145],[172033.231,559290.834],[172031.789,559289.165],[172034.9,559286.476],[172032.811,559284.06]]]}},{"type":"Feature","properties":{"relatieveHoogteligging":0,"lokaalID":"G1900.850d5b941c2f4851bc544a89efffecb2","bgt_status":"bestaand","identificatieBAGPND":"0091100000013702","identificatieBAGVBOLaagsteHuisnummer":"0091010000031269","identificatieBAGVBOHoogsteHuisnummer":"0091010000031269","huisnummers":[{"tekst":"20","pos":[172036,559278],"hoek":0}]},"geometry":{"type":"Polygon","coordinates":[[[172029.078,559279.74],[172036.319,559273.471],[172040.05,559277.787],[172032.811,559284.06],[172029.7,559286.749],[172029.572,559286.601],[172025.28,559290.377],[172024.029,559288.931],[172028.264,559285.088],[172031.375,559282.399],[172029.078,559279.74]]]}},{"type":"Feature","properties":{"relatieveHoogteligging":0,"lokaalID":"G1900.855d1b4bb77446599c89e42a90cbd7b2","bgt_status":"bestaand","identificatieBAGPND":"0091100000019085","identificatieBAGVBOLaagsteHuisnummer":"0091010000030253","identificatieBAGVBOHoogsteHuisnummer":"0091010000030253","huisnummers":[{"tekst":"7","pos":[172037,559323],"hoek":0}]},"geometry":{"type":"Polygon","coordinates":[[[172030.678,559327.359],[172036.363,559319.82],[172036.656,559320.038],[172039.224,559321.951],[172041.681,559318.653],[172043.446,559319.968],[172040.989,559323.266],[172040.694,559323.046],[172034.991,559330.609],[172030.678,559327.359]]]}},{"type":"Feature","properties":{"relatieveHoogteligging":0,"lokaalID":"G1900.fec8239ea2b14f038cb74ed371e9707d","bgt_status":"bestaand","identificatieBAGPND":"0091100000019053","identificatieBAGVBOLaagsteHuisnummer":"0091010000030261","identificatieBAGVBOHoogsteHuisnummer":"0091010000030261","huisnummers":[{"tekst":"9","pos":[172030,559324],"hoek":0}]},"geometry":{"type":"Polygon","coordinates":[[[172026.699,559324.36],[172032.323,559316.811],[172034.891,559318.723],[172037.348,559315.425],[172039.113,559316.74],[172036.656,559320.038],[172036.363,559319.82],[172030.678,559327.359],[172026.699,559324.36]]]}},{"type":"Feature","properties":{"relatieveHoogteligging":0,"lokaalID":"G1900.280eeeba25484df880e573a3e3df1390","bgt_status":"bestaand","identificatieBAGPND":"0091100000019101","identificatieBAGVBOLaagsteHuisnummer":"0091010000030249","identificatieBAGVBOHoogsteHuisnummer":"0091010000030249","huisnummers":[{"tekst":"5","pos":[172040,559330],"hoek":0}]},"geometry":{"type":"Polygon","coordinates":[[[172034.991,559330.609],[172040.694,559323.046],[172040.989,559323.266],[172043.557,559325.179],[172046.014,559321.881],[172047.779,559323.196],[172045.322,559326.494],[172039.644,559334.116],[172034.991,559330.609]]]}},{"type":"Feature","properties":{"relatieveHoogteligging":0,"lokaalID":"G1900.890b5f5e787149bab348f5ec19698bc5","bgt_status":"bestaand","identificatieBAGPND":"0091100000003809","identificatieBAGVBOLaagsteHuisnummer":"0091010000030245","identificatieBAGVBOHoogsteHuisnummer":"0091010000030245","huisnummers":[{"tekst":"3","pos":[172044,559333],"hoek":0}]},"geometry":{"type":"Polygon","coordinates":[[[172039.644,559334.116],[172045.322,559326.494],[172047.898,559328.412],[172050.355,559325.114],[172052.128,559326.435],[172049.671,559329.733],[172043.974,559337.38],[172039.644,559334.116]]]}},{"type":"Feature","properties":{"relatieveHoogteligging":0,"lokaalID":"G1900.27737b4e037a4717938c0698f178727d","bgt_status":"bestaand","identificatieBAGPND":"0091100000003048","identificatieBAGVBOLaagsteHuisnummer":"0091010000030238","identificatieBAGVBOHoogsteHuisnummer":"0091010000030238","huisnummers":[{"tekst":"1","pos":[172047,559336],"hoek":0}]},"geometry":{"type":"Polygon","coordinates":[[[172043.974,559337.38],[172049.671,559329.733],[172052.239,559331.646],[172054.696,559328.348],[172056.485,559329.681],[172048.1,559340.49],[172043.974,559337.38]]]}},{"type":"Feature","properties":{"relatieveHoogteligging":0,"lokaalID":"G1900.3d594940ff7a45ac9d24bf7a8022950c","bgt_status":"bestaand","identificatieBAGPND":"0091100000006804","identificatieBAGVBOLaagsteHuisnummer":"0091010000030216","identificatieBAGVBOHoogsteHuisnummer":"0091010000030216","huisnummers":[{"tekst":"35","pos":[172066,559349],"hoek":0}]},"geometry":{"type":"Polygon","coordinates":[[[172065.979,559352.61],[172055.511,559343.208],[172057.139,559341.446],[172060.442,559344.496],[172062.509,559342.258],[172069.542,559348.752],[172065.979,559352.61]]]}},{"type":"Feature","properties":{"relatieveHoogteligging":0,"lokaalID":"G1900.b0197f53c27640048e3009afe7a893a3","bgt_status":"bestaand","identificatieBAGPND":"0091100000006382","identificatieBAGVBOLaagsteHuisnummer":"0091010000030227","identificatieBAGVBOHoogsteHuisnummer":"0091010000030227","huisnummers":[{"tekst":"8","pos":[172059,559302],"hoek":0}]},"geometry":{"type":"Polygon","coordinates":[[[172053.69,559301.87],[172060.943,559295.585],[172064.474,559299.66],[172057.216,559305.949],[172054.106,559308.637],[172052.654,559306.957],[172055.764,559304.269],[172053.69,559301.87]]]}},{"type":"Feature","properties":{"relatieveHoogteligging":0,"lokaalID":"G1900.f396bb59dfc745db88ab666d0886b114","bgt_status":"bestaand","identificatieBAGPND":"0091100000006390","identificatieBAGVBOLaagsteHuisnummer":"0091010000030225","identificatieBAGVBOHoogsteHuisnummer":"0091010000030225","huisnummers":[{"tekst":"6","pos":[172061,559306],"hoek":0}]},"geometry":{"type":"Polygon","coordinates":[[[172057.216,559305.949],[172064.474,559299.66],[172068.017,559303.748],[172060.754,559310.042],[172057.644,559312.731],[172056.205,559311.066],[172059.315,559308.378],[172057.216,559305.949]]]}},{"type":"Feature","properties":{"relatieveHoogteligging":0,"lokaalID":"G1900.9187943a82fd469cb5bb2078b5b8ac1c","bgt_status":"bestaand","identificatieBAGPND":"0091100000003056","identificatieBAGVBOLaagsteHuisnummer":"0091010000030236","identificatieBAGVBOHoogsteHuisnummer":"0091010000030236","huisnummers":[{"tekst":"12","pos":[172050,559294],"hoek":0}]},"geometry":{"type":"Polygon","coordinates":[[[172046.574,559293.637],[172050.594,559289.986],[172050.52,559289.9],[172053.66,559287.18],[172057.4,559291.496],[172050.152,559297.776],[172047.042,559300.464],[172045.59,559298.783],[172048.7,559296.096],[172046.574,559293.637]]]}},{"type":"Feature","properties":{"relatieveHoogteligging":0,"lokaalID":"G1900.387f0a48084643c282e2c9ee3b1ba4b7","bgt_status":"bestaand","identificatieBAGPND":"0091100000003052","identificatieBAGVBOLaagsteHuisnummer":"0091010000030237","identificatieBAGVBOHoogsteHuisnummer":"0091010000030237","huisnummers":[{"tekst":"88","pos":[172049,559236],"hoek":0}]},"geometry":{"type":"Polygon","coordinates":[[[172044.812,559235.488],[172041.944,559231.165],[172043.79,559229.94],[172046.658,559234.264],[172049.818,559232.169],[172049.926,559232.097],[172054.514,559239.135],[172049.501,559242.439],[172044.92,559235.416],[172044.812,559235.488]]]}},{"type":"Feature","properties":{"relatieveHoogteligging":0,"lokaalID":"G1900.5e86ff184aff4fcba2dbb8f967007e24","bgt_status":"bestaand","identificatieBAGPND":"0091100000006386","identificatieBAGVBOLaagsteHuisnummer":"0091010000030226","identificatieBAGVBOHoogsteHuisnummer":"0091010000030226","huisnummers":[{"tekst":"90","pos":[172054,559234],"hoek":0}]},"geometry":{"type":"Polygon","coordinates":[[[172049.818,559232.169],[172046.95,559227.845],[172048.779,559226.631],[172049.671,559227.976],[172052.777,559225.799],[172052.779,559225.798],[172054.807,559228.86],[172054.915,559228.788],[172058.749,559234.704],[172058.866,559234.627],[172059.62,559235.77],[172054.514,559239.135],[172049.926,559232.097],[172049.818,559232.169]]]}},{"type":"Feature","properties":{"relatieveHoogteligging":0,"lokaalID":"G1900.4829f3a4d1c4493f95f8f2c34839a3d8","bgt_status":"bestaand","identificatieBAGPND":"0091100000006828","identificatieBAGVBOLaagsteHuisnummer":"0091010000030210","identificatieBAGVBOHoogsteHuisnummer":"0091010000030210","huisnummers":[{"tekst":"19","pos":[172066,559254],"hoek":0}]},"geometry":{"type":"Polygon","coordinates":[[[172064.654,559257.985],[172061.49,559253.38],[172069.389,559247.943],[172071.403,559250.876],[172074.8,559248.545],[172076.051,559250.368],[172072.654,559252.699],[172072.559,559252.561],[172064.654,559257.985]]]}},{"type":"Feature","properties":{"relatieveHoogteligging":0,"lokaalID":"G1900.0dc416e8b6db44379951e83a916a57cb","bgt_status":"bestaand","identificatieBAGPND":"0091100000006796","identificatieBAGVBOLaagsteHuisnummer":"0091010000030218","identificatieBAGVBOHoogsteHuisnummer":"0091010000030218","huisnummers":[{"tekst":"17","pos":[172070,559259],"hoek":0}]},"geometry":{"type":"Polygon","coordinates":[[[172067.711,559262.433],[172064.654,559257.985],[172072.559,559252.561],[172072.654,559252.699],[172074.459,559255.328],[172077.856,559252.997],[172079.102,559254.812],[172075.704,559257.142],[172075.611,559257.006],[172067.711,559262.433]]]}},{"type":"Feature","properties":{"relatieveHoogteligging":0,"lokaalID":"G1900.3fc14d3918bd4747bf68c4264ac9dbb3","bgt_status":"bestaand","identificatieBAGPND":"0091100000006816","identificatieBAGVBOLaagsteHuisnummer":"0091010000030213","identificatieBAGVBOHoogsteHuisnummer":"0091010000030213","huisnummers":[{"tekst":"15","pos":[172072,559263],"hoek":0}]},"geometry":{"type":"Polygon","coordinates":[[[172070.768,559266.881],[172067.711,559262.433],[172075.611,559257.006],[172075.704,559257.142],[172077.515,559259.781],[172080.912,559257.45],[172082.163,559259.272],[172078.766,559261.603],[172078.666,559261.458],[172070.768,559266.881]]]}},{"type":"Feature","properties":{"relatieveHoogteligging":0,"lokaalID":"G1900.77256cde074d4918b74a312892489e68","bgt_status":"bestaand","identificatieBAGPND":"0091100000011477","identificatieBAGVBOLaagsteHuisnummer":"0091010000031471","identificatieBAGVBOHoogsteHuisnummer":"0091010000031471","huisnummers":[{"tekst":"13","pos":[172075,559267],"hoek":0}]},"geometry":{"type":"Polygon","coordinates":[[[172073.99,559271.572],[172073.79,559271.28],[172070.768,559266.881],[172078.666,559261.458],[172078.766,559261.603],[172080.571,559264.233],[172083.968,559261.902],[172085.23,559263.74],[172078.462,559268.372],[172073.99,559271.572]]]}},{"type":"Feature","properties":{"relatieveHoogteligging":0,"lokaalID":"G1900.4b343acecb2d43be98344471e8dcb83e","bgt_status":"bestaand","identificatieBAGPND":"0091100000006836","identificatieBAGVBOLaagsteHuisnummer":"0091010000030208","identificatieBAGVBOHoogsteHuisnummer":"0091010000030208","huisnummers":[{"tekst":"11","pos":[172074,559273],"hoek":0}]},"geometry":{"type":"Polygon","coordinates":[[[172073.79,559271.28],[172073.99,559271.572],[172078.462,559268.372],[172080.309,559271.063],[172083.693,559268.741],[172084.939,559270.557],[172081.555,559272.879],[172081.484,559272.775],[172073.583,559278.198],[172070.42,559273.59],[172073.79,559271.28]]]}},{"type":"Feature","properties":{"relatieveHoogteligging":0,"lokaalID":"G1900.f46be765fdca48a99ac877d85fc40173","bgt_status":"bestaand","identificatieBAGPND":"0091100000006800","identificatieBAGVBOLaagsteHuisnummer":"0091010000030217","identificatieBAGVBOHoogsteHuisnummer":"0091010000030217","huisnummers":[{"tekst":"4","pos":[172065,559310],"hoek":0}]},"geometry":{"type":"Polygon","coordinates":[[[172060.754,559310.042],[172068.017,559303.748],[172071.58,559307.86],[172061.19,559316.83],[172059.737,559315.152],[172062.847,559312.464],[172060.754,559310.042]]]}},{"type":"Feature","properties":{"relatieveHoogteligging":0,"lokaalID":"G1900.cc75fc936a6a4bddb51e73c55d5f99a4","bgt_status":"bestaand","identificatieBAGPND":"0091100000002318","identificatieBAGVBOLaagsteHuisnummer":"0091010000033416","identificatieBAGVBOHoogsteHuisnummer":"0091010000033416","huisnummers":[{"tekst":"2","pos":[172072,559311],"hoek":0}]},"geometry":{"type":"Polygon","coordinates":[[[172071.46,559309.83],[172073.09,559311.72],[172070.42,559314.01],[172068.78,559312.11],[172071.46,559309.83]]]}},{"type":"Feature","properties":{"relatieveHoogteligging":0,"lokaalID":"G1900.622f403658544a4bb4e1e4ffccd85780","bgt_status":"bestaand","identificatieBAGPND":"0091100000006410","identificatieBAGVBOLaagsteHuisnummer":"0091010000030220","identificatieBAGVBOHoogsteHuisnummer":"0091010000030220","huisnummers":[{"tekst":"33","pos":[172069,559344],"hoek":0}]},"geometry":{"type":"Polygon","coordinates":[[[172069.542,559348.752],[172062.509,559342.258],[172059.206,559339.208],[172060.833,559337.446],[172064.136,559340.496],[172066.169,559338.294],[172073.202,559344.788],[172069.542,559348.752]]]}},{"type":"Feature","properties":{"relatieveHoogteligging":0,"lokaalID":"G1900.4df571f2011141109625b92be973d929","bgt_status":"bestaand","identificatieBAGPND":"0091100000006808","identificatieBAGVBOLaagsteHuisnummer":"0091010000030215","identificatieBAGVBOHoogsteHuisnummer":"0091010000030215","huisnummers":[{"tekst":"31","pos":[172072,559340],"hoek":0}]},"geometry":{"type":"Polygon","coordinates":[[[172073.202,559344.788],[172066.169,559338.294],[172062.866,559335.244],[172064.493,559333.482],[172067.796,559336.532],[172069.829,559334.33],[172076.862,559340.824],[172073.202,559344.788]]]}},{"type":"Feature","properties":{"relatieveHoogteligging":0,"lokaalID":"G1900.d4dc416092a347849f6f0ae775f30e75","bgt_status":"bestaand","identificatieBAGPND":"0091100000006832","identificatieBAGVBOLaagsteHuisnummer":"0091010000030209","identificatieBAGVBOHoogsteHuisnummer":"0091010000030209","huisnummers":[{"tekst":"29","pos":[172077,559336],"hoek":0}]},"geometry":{"type":"Polygon","coordinates":[[[172080.522,559336.86],[172076.862,559340.824],[172069.829,559334.33],[172066.526,559331.28],[172068.153,559329.518],[172071.456,559332.568],[172073.489,559330.366],[172080.522,559336.86]]]}},{"type":"Feature","properties":{"relatieveHoogteligging":0,"lokaalID":"G1900.1349431af86f4067a7bd1a19b9eb77d8","bgt_status":"bestaand","identificatieBAGPND":"0091100000006696","identificatieBAGVBOLaagsteHuisnummer":"0091010000030203","identificatieBAGVBOHoogsteHuisnummer":"0091010000030203","huisnummers":[{"tekst":"27","pos":[172080,559332],"hoek":0}]},"geometry":{"type":"Polygon","coordinates":[[[172084.181,559332.896],[172080.522,559336.86],[172073.489,559330.366],[172070.186,559327.316],[172071.813,559325.555],[172075.116,559328.605],[172077.149,559326.403],[172084.181,559332.896]]]}},{"type":"Feature","properties":{"relatieveHoogteligging":0,"lokaalID":"G1900.2daad6f59fee410ba02e94c7d4243ffe","bgt_status":"bestaand","identificatieBAGPND":"0091100000005741","identificatieBAGVBOLaagsteHuisnummer":"0091010000030199","identificatieBAGVBOHoogsteHuisnummer":"0091010000030199","huisnummers":[{"tekst":"25","pos":[172083,559329],"hoek":0}]},"geometry":{"type":"Polygon","coordinates":[[[172088.25,559328.49],[172084.181,559332.896],[172077.149,559326.403],[172073.846,559323.353],[172075.474,559321.59],[172078.823,559324.626],[172081.123,559322.088],[172088.25,559328.49]]]}},{"type":"Feature","properties":{"relatieveHoogteligging":0,"lokaalID":"G1900.bad5c6a2e4cb4789a2a5ef89bfe5fa5a","bgt_status":"bestaand","identificatieBAGPND":"0091100000006426","identificatieBAGVBOLaagsteHuisnummer":"0091010000030192","identificatieBAGVBOHoogsteHuisnummer":"0091010000030192","huisnummers":[{"tekst":"1","pos":[172091,559295],"hoek":0}]},"geometry":{"type":"Polygon","coordinates":[[[172088.97,559300.61],[172085.893,559296.129],[172093.79,559290.71],[172095.602,559293.352],[172098.987,559291.029],[172100.187,559292.779],[172100.25,559292.87],[172088.97,559300.61]]]}},{"type":"Feature","properties":{"relatieveHoogteligging":0,"lokaalID":"G1900.87cdd50dcd454e2da271b6b00d177405","bgt_status":"bestaand","identificatieBAGPND":"0091100000005745","identificatieBAGVBOLaagsteHuisnummer":"0091010000030198","identificatieBAGVBOHoogsteHuisnummer":"0091010000030198","huisnummers":[{"tekst":"3","pos":[172087,559292],"hoek":0}]},"geometry":{"type":"Polygon","coordinates":[[[172085.893,559296.129],[172082.833,559291.67],[172090.731,559286.252],[172092.544,559288.894],[172095.928,559286.571],[172097.174,559288.388],[172093.79,559290.71],[172085.893,559296.129]]]}},{"type":"Feature","properties":{"relatieveHoogteligging":0,"lokaalID":"G1900.dd8c780c49ff41e086079c0fc8c31efa","bgt_status":"bestaand","identificatieBAGPND":"0091100000006704","identificatieBAGVBOLaagsteHuisnummer":"0091010000030201","identificatieBAGVBOHoogsteHuisnummer":"0091010000030201","huisnummers":[{"tekst":"5","pos":[172085,559288],"hoek":0}]},"geometry":{"type":"Polygon","coordinates":[[[172082.833,559291.67],[172079.774,559287.215],[172087.672,559281.795],[172089.485,559284.436],[172092.869,559282.114],[172094.116,559283.93],[172090.731,559286.252],[172082.833,559291.67]]]}},{"type":"Feature","properties":{"relatieveHoogteligging":0,"lokaalID":"G1900.9fd562567ffd4f27b967d560bb45bd68","bgt_status":"bestaand","identificatieBAGPND":"0091100000006700","identificatieBAGVBOLaagsteHuisnummer":"0091010000030202","identificatieBAGVBOHoogsteHuisnummer":"0091010000030202","huisnummers":[{"tekst":"7","pos":[172082,559284],"hoek":0}]},"geometry":{"type":"Polygon","coordinates":[[[172079.774,559287.215],[172076.646,559282.658],[172084.544,559277.237],[172084.613,559277.337],[172086.426,559279.978],[172089.811,559277.656],[172091.057,559279.472],[172087.672,559281.795],[172079.774,559287.215]]]}},{"type":"Feature","properties":{"relatieveHoogteligging":0,"lokaalID":"G1900.fadbe07ce85d45d290b6ba219b063b05","bgt_status":"bestaand","identificatieBAGPND":"0091100000006692","identificatieBAGVBOLaagsteHuisnummer":"0091010000030204","identificatieBAGVBOHoogsteHuisnummer":"0091010000030204","huisnummers":[{"tekst":"9","pos":[172078,559278],"hoek":0}]},"geometry":{"type":"Polygon","coordinates":[[[172076.646,559282.658],[172073.583,559278.198],[172081.484,559272.775],[172081.555,559272.879],[172083.367,559275.521],[172086.752,559273.198],[172087.998,559275.015],[172084.613,559277.337],[172084.544,559277.237],[172076.646,559282.658]]]}},{"type":"Feature","properties":{"relatieveHoogteligging":0,"lokaalID":"G1900.3b6397be7a9448f9bd7001ebf3848798","bgt_status":"bestaand","identificatieBAGPND":"0091100000005016","identificatieBAGVBOLaagsteHuisnummer":"0091010000030185","identificatieBAGVBOHoogsteHuisnummer":"0091010000030185","huisnummers":[{"tekst":"20","pos":[172096,559237],"hoek":0}]},"geometry":{"type":"Polygon","coordinates":[[[172100.04,559232.11],[172102.146,559237.466],[172093.23,559240.967],[172089.41,559242.47],[172088.605,559240.425],[172092.425,559238.922],[172091.127,559235.622],[172100.04,559232.11]]]}},{"type":"Feature","properties":{"relatieveHoogteligging":0,"lokaalID":"G1900.957f6c14b70842cd858756503ab6bdd6","bgt_status":"bestaand","identificatieBAGPND":"0091100000003885","identificatieBAGVBOLaagsteHuisnummer":"0091010000030191","identificatieBAGVBOHoogsteHuisnummer":"0091010000030191","huisnummers":[{"tekst":"104","pos":[172092,559210],"hoek":0}]},"geometry":{"type":"Polygon","coordinates":[[[172089.297,559205.75],[172088.31,559203.65],[172090.294,559202.718],[172092.498,559207.407],[172096.15,559205.69],[172099.69,559213.26],[172099.589,559213.307],[172094.184,559215.838],[172090.632,559208.284],[172090.514,559208.339],[172089.297,559205.75]]]}},{"type":"Feature","properties":{"relatieveHoogteligging":0,"lokaalID":"G1900.3b1dd7c69f7c41cfa3342644b0875d0e","bgt_status":"bestaand","identificatieBAGPND":"0091100000005749","identificatieBAGVBOLaagsteHuisnummer":"0091010000030197","identificatieBAGVBOHoogsteHuisnummer":"0091010000030197","huisnummers":[{"tekst":"100","pos":[172084,559217],"hoek":0}]},"geometry":{"type":"Polygon","coordinates":[[[172084.065,559208.743],[172085.628,559212.067],[172085.746,559212.012],[172088.732,559218.391],[172088.85,559218.336],[172089.4,559219.51],[172083.862,559222.102],[172080.317,559214.564],[172080.199,559214.619],[172077.995,559209.93],[172079.997,559208.989],[172080.669,559210.419],[172084.065,559208.743]]]}},{"type":"Feature","properties":{"relatieveHoogteligging":0,"lokaalID":"G1900.3274d0c955bc4388b77bf247f8295e42","bgt_status":"bestaand","identificatieBAGPND":"0091100000006414","identificatieBAGVBOLaagsteHuisnummer":"0091010000030195","identificatieBAGVBOHoogsteHuisnummer":"0091010000030195","huisnummers":[{"tekst":"102","pos":[172090,559213],"hoek":0}]},"geometry":{"type":"Polygon","coordinates":[[[172084.065,559208.743],[172082.873,559206.206],[172081.209,559202.664],[172083.151,559201.751],[172083.769,559203.066],[172085.802,559207.393],[172089.297,559205.75],[172090.514,559208.339],[172090.632,559208.284],[172094.184,559215.838],[172088.85,559218.336],[172088.732,559218.391],[172085.746,559212.012],[172085.628,559212.067],[172084.065,559208.743]]]}},{"type":"Feature","properties":{"relatieveHoogteligging":0,"lokaalID":"G1900.73108819e7a14bffa8a906c068619312","bgt_status":"bestaand","identificatieBAGPND":"0091100000005737","identificatieBAGVBOLaagsteHuisnummer":"0091010000030200","identificatieBAGVBOHoogsteHuisnummer":"0091010000030200","huisnummers":[{"tekst":"98","pos":[172077,559218],"hoek":0}]},"geometry":{"type":"Polygon","coordinates":[[[172080.199,559214.619],[172080.317,559214.564],[172083.862,559222.102],[172078.31,559224.7],[172072.567,559212.481],[172074.569,559211.541],[172076.773,559216.23],[172080.199,559214.619]]]}},{"type":"Feature","properties":{"relatieveHoogteligging":0,"lokaalID":"G1900.98519ba219a54cd7b23836834bf0d053","bgt_status":"bestaand","identificatieBAGPND":"0091100000006406","identificatieBAGVBOLaagsteHuisnummer":"0091010000030221","identificatieBAGVBOHoogsteHuisnummer":"0091010000030221","huisnummers":[{"tekst":"96","pos":[172066,559222],"hoek":0}]},"geometry":{"type":"Polygon","coordinates":[[[172064.063,559221.081],[172061.195,559216.757],[172063.024,559215.544],[172065.892,559219.867],[172069.243,559217.645],[172073.904,559224.717],[172068.769,559228.101],[172064.171,559221.009],[172064.063,559221.081]]]}},{"type":"Feature","properties":{"relatieveHoogteligging":0,"lokaalID":"G1900.1f245970edde4e758fe6843d914c871f","bgt_status":"bestaand","identificatieBAGPND":"0091100000009588"},"geometry":{"type":"Polygon","coordinates":[[[172065.886,559207.723],[172065.941,559207.692],[172068.898,559213.008],[172068.831,559213.045],[172065.904,559214.667],[172062.954,559209.346],[172065.886,559207.723]]]}},{"type":"Feature","properties":{"relatieveHoogteligging":0,"lokaalID":"G1900.baa713f2ba9b464cb15e97a3fb9011bb","bgt_status":"bestaand","identificatieBAGPND":"0091100000009592"},"geometry":{"type":"Polygon","coordinates":[[[172070.082,559205.165],[172072.626,559209.737],[172069.559,559211.442],[172069.35,559211.558],[172066.807,559206.988],[172067.016,559206.872],[172070.082,559205.165]]]}},{"type":"Feature","properties":{"relatieveHoogteligging":0,"lokaalID":"G1900.137a02f38d97418a8847c950255d125e","bgt_status":"bestaand","identificatieBAGPND":"0091100000010034"},"geometry":{"type":"Polygon","coordinates":[[[172108.114,559157.454],[172109.624,559159.487],[172106.653,559161.693],[172105.144,559159.66],[172108.114,559157.454]]]}},{"type":"Feature","properties":{"relatieveHoogteligging":0,"lokaalID":"G1900.d12e5508c8af43d5ac78c588763ed977","bgt_status":"bestaand","identificatieBAGPND":"0091100000010038"},"geometry":{"type":"Polygon","coordinates":[[[172098.164,559164.738],[172099.749,559166.946],[172096.834,559169.037],[172095.251,559166.829],[172098.164,559164.738]]]}},{"type":"Feature","properties":{"relatieveHoogteligging":0,"lokaalID":"G1900.7f0b8bcbf9b64babbbe40e9dacf44b3a","bgt_status":"bestaand","identificatieBAGPND":"0091100000003924","identificatieBAGVBOLaagsteHuisnummer":"0091010000030169","identificatieBAGVBOHoogsteHuisnummer":"0091010000030169","huisnummers":[{"tekst":"108","pos":[172105,559188],"hoek":0}]},"geometry":{"type":"Polygon","coordinates":[[[172103.037,559180.614],[172105.171,559183.573],[172105.276,559183.497],[172110.17,559190.261],[172105.27,559193.795],[172100.408,559187.009],[172100.303,559187.085],[172099.003,559185.284],[172097.258,559182.867],[172099.054,559181.571],[172099.997,559182.878],[172103.037,559180.614]]]}},{"type":"Feature","properties":{"relatieveHoogteligging":0,"lokaalID":"G1900.9c8cc846311944be9f1ac698b325925e","bgt_status":"bestaand","identificatieBAGPND":"0091100000006955","identificatieBAGVBOLaagsteHuisnummer":"0091010000030164","identificatieBAGVBOHoogsteHuisnummer":"0091010000030164","huisnummers":[{"tekst":"110","pos":[172110,559185],"hoek":0}]},"geometry":{"type":"Polygon","coordinates":[[[172110.042,559180.059],[172110.147,559179.983],[172114.998,559186.779],[172110.17,559190.261],[172105.276,559183.497],[172105.171,559183.573],[172103.037,559180.614],[172102.127,559179.356],[172103.925,559178.059],[172106.969,559182.277],[172110.042,559180.059]]]}},{"type":"Feature","properties":{"relatieveHoogteligging":0,"lokaalID":"G1900.1d4416c3d3b74bbea24c82877364b403","bgt_status":"bestaand","identificatieBAGPND":"0091100000018894","identificatieBAGVBOLaagsteHuisnummer":"0091010000030158","identificatieBAGVBOHoogsteHuisnummer":"0091010000030158","huisnummers":[{"tekst":"114","pos":[172119,559177],"hoek":0}]},"geometry":{"type":"Polygon","coordinates":[[[172119.777,559173.038],[172119.882,559172.962],[172123.934,559178.644],[172124.039,559178.568],[172124.84,559179.68],[172119.876,559183.26],[172115.003,559176.482],[172114.898,559176.558],[172111.854,559172.34],[172113.672,559171.029],[172116.716,559175.247],[172119.777,559173.038]]]}},{"type":"Feature","properties":{"relatieveHoogteligging":0,"lokaalID":"G1900.b36295c9d71946a0bdeb3c38229d65e5","bgt_status":"bestaand","identificatieBAGPND":"0091100000017523","identificatieBAGVBOLaagsteHuisnummer":"0091010000031608","identificatieBAGVBOHoogsteHuisnummer":"0091010000031608","huisnummers":[{"tekst":"116","pos":[172121,559174],"hoek":0}]},"geometry":{"type":"Polygon","coordinates":[[[172119.777,559173.038],[172115.933,559167.711],[172117.708,559166.43],[172118.683,559167.78],[172121.88,559165.388],[172124.02,559168.291],[172128.903,559175.059],[172124.039,559178.568],[172123.934,559178.644],[172119.882,559172.962],[172119.777,559173.038]]]}},{"type":"Feature","properties":{"relatieveHoogteligging":0,"lokaalID":"G1900.f2352ad21af34e708bbca092d4f5b4e5","bgt_status":"bestaand","identificatieBAGPND":"0091100000009596"},"geometry":{"type":"Polygon","coordinates":[[[172120.042,559158.086],[172122.74,559156.111],[172125.33,559159.648],[172122.601,559161.646],[172122.486,559161.73],[172119.896,559158.193],[172120.042,559158.086]]]}},{"type":"Feature","properties":{"relatieveHoogteligging":0,"lokaalID":"G1900.a6f209c49086412cb453af22932b7b15","bgt_status":"bestaand","identificatieBAGPND":"0091100000010030"},"geometry":{"type":"Polygon","coordinates":[[[172113.944,559153.423],[172115.352,559155.487],[172112.297,559157.57],[172110.89,559155.506],[172113.944,559153.423]]]}},{"type":"Feature","properties":{"relatieveHoogteligging":0,"lokaalID":"G1900.1b0a3d7df3fd4f33a0450d1c4c31a8a0","bgt_status":"bestaand","identificatieBAGPND":"0091100000012354","identificatieBAGVBOLaagsteHuisnummer":"0091010000021966","identificatieBAGVBOHoogsteHuisnummer":"0091010000021966","huisnummers":[{"tekst":"118","pos":[172129,559168],"hoek":0}]},"geometry":{"type":"Polygon","coordinates":[[[172129.613,559159.507],[172131.938,559162.731],[172132.043,559162.655],[172136.905,559169.416],[172131.929,559172.999],[172124.017,559162.023],[172125.823,559160.722],[172126.584,559161.777],[172129.613,559159.507]]]}},{"type":"Feature","properties":{"relatieveHoogteligging":0,"lokaalID":"G1900.869229f41b6c4b499cb2758123138d6f","bgt_status":"bestaand","identificatieBAGPND":"0091100000004536","identificatieBAGVBOLaagsteHuisnummer":"0091010000030134","identificatieBAGVBOHoogsteHuisnummer":"0091010000030134","huisnummers":[{"tekst":"120","pos":[172136,559164],"hoek":0}]},"geometry":{"type":"Polygon","coordinates":[[[172136.818,559159.217],[172136.923,559159.141],[172141.76,559165.92],[172136.905,559169.416],[172132.043,559162.655],[172131.938,559162.731],[172129.613,559159.507],[172128.895,559158.511],[172130.714,559157.201],[172133.757,559161.422],[172136.818,559159.217]]]}},{"type":"Feature","properties":{"relatieveHoogteligging":0,"lokaalID":"G1900.136f0a9ea5ca4d87a24c8f726823006b","bgt_status":"bestaand","identificatieBAGPND":"0091100000004633","identificatieBAGVBOLaagsteHuisnummer":"0091010000030133","identificatieBAGVBOHoogsteHuisnummer":"0091010000030133","huisnummers":[{"tekst":"122","pos":[172141,559160],"hoek":0}]},"geometry":{"type":"Polygon","coordinates":[[[172139.369,559152.542],[172141.66,559155.728],[172141.765,559155.652],[172146.647,559162.4],[172146.534,559162.482],[172141.76,559165.92],[172136.923,559159.141],[172136.818,559159.217],[172133.775,559154.997],[172135.563,559153.709],[172136.376,559154.837],[172139.369,559152.542]]]}},{"type":"Feature","properties":{"relatieveHoogteligging":0,"lokaalID":"G1900.9cdc513fda414e90aec79e6e7eca6b68","bgt_status":"bestaand","identificatieBAGPND":"0091100000010022"},"geometry":{"type":"Polygon","coordinates":[[[172157.131,559135.905],[172159.756,559139.742],[172157.772,559141.1],[172155.146,559137.264],[172157.131,559135.905]]]}},{"type":"Feature","properties":{"relatieveHoogteligging":0,"lokaalID":"G1900.6d17e78292b64b10bbb38c068c673ec5","bgt_status":"bestaand","identificatieBAGPND":"0091100000011485","identificatieBAGVBOLaagsteHuisnummer":"0091010000031469","identificatieBAGVBOHoogsteHuisnummer":"0091010000031469","huisnummers":[{"tekst":"128","pos":[172158,559150],"hoek":0}]},"geometry":{"type":"Polygon","coordinates":[[[172161.316,559145.602],[172161.422,559145.526],[172166.272,559152.322],[172161.31,559155.89],[172153.398,559144.889],[172151.901,559142.818],[172153.706,559141.49],[172155.2,559143.592],[172158.238,559147.815],[172161.316,559145.602]]]}},{"type":"Feature","properties":{"relatieveHoogteligging":0,"lokaalID":"G1900.b54af9143e074639970d701ccd6c154f","bgt_status":"bestaand","identificatieBAGPND":"0091100000009434","identificatieBAGVBOLaagsteHuisnummer":"0091010000030106","identificatieBAGVBOHoogsteHuisnummer":"0091010000030106","huisnummers":[{"tekst":"126","pos":[172153,559155],"hoek":0}]},"geometry":{"type":"Polygon","coordinates":[[[172147.281,559153.265],[172144.24,559149.037],[172142.516,559146.608],[172144.296,559145.329],[172146.035,559147.743],[172149.076,559151.972],[172152.36,559149.61],[172157.23,559156.38],[172152.267,559159.954],[172147.386,559153.189],[172147.281,559153.265]]]}},{"type":"Feature","properties":{"relatieveHoogteligging":0,"lokaalID":"G1900.89da873ac69b4c2cb54d55706be455e4","bgt_status":"bestaand","identificatieBAGPND":"0091100000008993","identificatieBAGVBOLaagsteHuisnummer":"0091010000030107","identificatieBAGVBOHoogsteHuisnummer":"0091010000030107","huisnummers":[{"tekst":"124","pos":[172147,559157],"hoek":0}]},"geometry":{"type":"Polygon","coordinates":[[[172147.281,559153.265],[172147.386,559153.189],[172152.267,559159.954],[172147.293,559163.535],[172146.534,559162.482],[172146.647,559162.4],[172141.765,559155.652],[172141.66,559155.728],[172139.369,559152.542],[172141.172,559151.245],[172144.214,559155.474],[172147.281,559153.265]]]}},{"type":"Feature","properties":{"relatieveHoogteligging":0,"lokaalID":"G1900.7d97fc9451964496a7c7adfbd11cb136","bgt_status":"bestaand","identificatieBAGPND":"0091100000009878"},"geometry":{"type":"Polygon","coordinates":[[[172149.994,559218.522],[172150.75,559221.189],[172147.736,559222.044],[172146.98,559219.376],[172149.994,559218.522]]]}},{"type":"Feature","properties":{"relatieveHoogteligging":0,"lokaalID":"G1900.1a1c061d49724435bd4e415d86e98285","bgt_status":"bestaand","identificatieBAGPND":"0091100000006049","identificatieBAGVBOLaagsteHuisnummer":"0091010000030147","identificatieBAGVBOHoogsteHuisnummer":"0091010000030147","huisnummers":[{"tekst":"15","pos":[172133.292,559229.328],"hoek":0}]},"geometry":{"type":"Polygon","coordinates":[[[172141.49,559230.899],[172141.199,559229.93],[172132.176,559232.636],[172130.427,559226.803],[172139.455,559224.095],[172139.744,559225.06],[172140.853,559228.771],[172144.382,559227.716],[172145.019,559229.845],[172141.49,559230.899]]]}},{"type":"Feature","properties":{"relatieveHoogteligging":0,"lokaalID":"G1900.4c46918bf9f94b9eabdc3f642bf6102f","bgt_status":"bestaand","identificatieBAGPND":"0091100000017013","identificatieBAGVBOLaagsteHuisnummer":"0091010000030130","identificatieBAGVBOHoogsteHuisnummer":"0091010000030130","huisnummers":[{"tekst":"19","pos":[172129.736,559217.517],"hoek":0}]},"geometry":{"type":"Polygon","coordinates":[[[172137.987,559219.181],[172137.711,559218.26],[172128.676,559220.97],[172126.87,559214.95],[172135.912,559212.239],[172137.357,559217.072],[172140.885,559216.017],[172141.516,559218.127],[172137.987,559219.181]]]}},{"type":"Feature","properties":{"relatieveHoogteligging":0,"lokaalID":"G1900.6b755b35b7b24a568ed395a5cd20a059","bgt_status":"bestaand","identificatieBAGPND":"0091100000019030","identificatieBAGVBOLaagsteHuisnummer":"0091010000030149","identificatieBAGVBOHoogsteHuisnummer":"0091010000030149","huisnummers":[{"tekst":"17","pos":[172131.26,559223.486],"hoek":0}]},"geometry":{"type":"Polygon","coordinates":[[[172139.744,559225.06],[172139.455,559224.095],[172130.427,559226.803],[172128.676,559220.97],[172137.711,559218.26],[172137.987,559219.181],[172139.105,559222.921],[172142.634,559221.866],[172143.273,559224.005],[172139.744,559225.06]]]}},{"type":"Feature","properties":{"relatieveHoogteligging":0,"lokaalID":"G1900.8a237f63cd034a2d9514c8e9bf8dfacd","bgt_status":"bestaand","identificatieBAGPND":"0091100000004641","identificatieBAGVBOLaagsteHuisnummer":"0091010000030132","identificatieBAGVBOHoogsteHuisnummer":"0091010000030132","huisnummers":[{"tekst":"5","pos":[172137.991,559259.554],"hoek":0}]},"geometry":{"type":"Polygon","coordinates":[[[172137.012,559262.979],[172135.284,559257.139],[172144.336,559254.462],[172144.622,559255.43],[172145.722,559259.157],[172149.248,559258.115],[172149.876,559260.242],[172146.351,559261.283],[172146.061,559260.302],[172137.012,559262.979]]]}},{"type":"Feature","properties":{"relatieveHoogteligging":0,"lokaalID":"G1900.71624d8027854b6b90baa40dce087809","bgt_status":"bestaand","identificatieBAGPND":"0091100000006077","identificatieBAGVBOLaagsteHuisnummer":"0091010000030140","identificatieBAGVBOHoogsteHuisnummer":"0091010000030140","huisnummers":[{"tekst":"7","pos":[172136.34,559253.712],"hoek":0}]},"geometry":{"type":"Polygon","coordinates":[[[172144.622,559255.43],[172144.336,559254.462],[172135.284,559257.139],[172133.556,559251.299],[172142.61,559248.621],[172142.901,559249.606],[172143.999,559253.323],[172147.524,559252.281],[172148.147,559254.389],[172144.622,559255.43]]]}},{"type":"Feature","properties":{"relatieveHoogteligging":0,"lokaalID":"G1900.6224fa4710ed414eb0a2915a04c7692a","bgt_status":"bestaand","identificatieBAGPND":"0091100000006081","identificatieBAGVBOLaagsteHuisnummer":"0091010000030139","identificatieBAGVBOHoogsteHuisnummer":"0091010000030139","huisnummers":[{"tekst":"9","pos":[172135.197,559247.616],"hoek":0}]},"geometry":{"type":"Polygon","coordinates":[[[172142.901,559249.606],[172142.61,559248.621],[172133.556,559251.299],[172131.79,559245.33],[172135.64,559244.18],[172135.709,559244.411],[172140.911,559242.872],[172142.278,559247.499],[172145.804,559246.457],[172146.426,559248.565],[172142.901,559249.606]]]}},{"type":"Feature","properties":{"relatieveHoogteligging":0,"lokaalID":"G1900.07fcf5fa6f064b2bb8d97c02cc74b817","bgt_status":"bestaand","identificatieBAGPND":"0091100000006065","identificatieBAGVBOLaagsteHuisnummer":"0091010000030143","identificatieBAGVBOHoogsteHuisnummer":"0091010000030143","huisnummers":[{"tekst":"13","pos":[172135.197,559235.17],"hoek":0}]},"geometry":{"type":"Polygon","coordinates":[[[172143.233,559236.729],[172142.944,559235.765],[172133.927,559238.469],[172132.176,559232.636],[172141.199,559229.93],[172141.49,559230.899],[172142.596,559234.601],[172146.125,559233.546],[172146.761,559235.675],[172143.233,559236.729]]]}},{"type":"Feature","properties":{"relatieveHoogteligging":0,"lokaalID":"G1900.d6667947d98e4651b0f3d5393fbf6332","bgt_status":"bestaand","identificatieBAGPND":"0091100000017688","identificatieBAGVBOLaagsteHuisnummer":"0091010000030096","identificatieBAGVBOHoogsteHuisnummer":"0091010000030096","huisnummers":[{"tekst":"9","pos":[172159,559289],"hoek":0}]},"geometry":{"type":"Polygon","coordinates":[[[172152.887,559283.704],[172151.997,559279.335],[172154.349,559278.858],[172155.239,559283.228],[172158.172,559282.633],[172160.085,559292.06],[172154.801,559293.132],[172152.887,559283.704]]]}},{"type":"Feature","properties":{"relatieveHoogteligging":0,"lokaalID":"G1900.046dfdf0f69643d488b396da6a2bf119","bgt_status":"bestaand","identificatieBAGPND":"0091100000009446","identificatieBAGVBOLaagsteHuisnummer":"0091010000030103","identificatieBAGVBOHoogsteHuisnummer":"0091010000030103","huisnummers":[{"tekst":"1","pos":[172141.801,559270.857],"hoek":0}]},"geometry":{"type":"Polygon","coordinates":[[[172138.739,559268.819],[172147.786,559266.143],[172148.077,559267.127],[172149.161,559270.796],[172152.686,559269.754],[172153.219,559271.558],[172153.32,559271.9],[172149.62,559273.03],[172149.527,559272.713],[172149.37,559272.18],[172140.508,559274.795],[172138.739,559268.819]]]}},{"type":"Feature","properties":{"relatieveHoogteligging":0,"lokaalID":"G1900.67e1cd0d4a0948169467a7f0ed6767e1","bgt_status":"bestaand","identificatieBAGPND":"0091100000018252","identificatieBAGVBOLaagsteHuisnummer":"0091010000030125","identificatieBAGVBOHoogsteHuisnummer":"0091010000030125","huisnummers":[{"tekst":"3","pos":[172139.896,559265.523],"hoek":0}]},"geometry":{"type":"Polygon","coordinates":[[[172148.077,559267.127],[172147.786,559266.143],[172138.739,559268.819],[172137.012,559262.979],[172146.061,559260.302],[172146.351,559261.283],[172147.449,559265],[172150.974,559263.959],[172151.602,559266.085],[172148.077,559267.127]]]}},{"type":"Feature","properties":{"relatieveHoogteligging":0,"lokaalID":"G1900.6eddee7258b6439c8e98f397f1ecabac","bgt_status":"bestaand","identificatieBAGPND":"0091100000009458"},"geometry":{"type":"Polygon","coordinates":[[[172154.449,559357.479],[172152.253,559355.438],[172153.761,559353.811],[172155.96,559355.85],[172154.449,559357.479]]]}},{"type":"Feature","properties":{"relatieveHoogteligging":0,"lokaalID":"G1900.ddb3e41402304986bc35e9246fd4fe08","bgt_status":"bestaand","identificatieBAGPND":"0091100000017663"},"geometry":{"type":"Polygon","coordinates":[[[172153.02,559359.02],[172150.821,559356.981],[172152.253,559355.438],[172154.449,559357.479],[172153.02,559359.02]]]}},{"type":"Feature","properties":{"relatieveHoogteligging":0,"lokaalID":"G1900.c5ab6bd425024ed4bc8b32b9865c5dd4","bgt_status":"bestaand","identificatieBAGPND":"0091100000017870","identificatieBAGVBOLaagsteHuisnummer":"0091010000030115","identificatieBAGVBOHoogsteHuisnummer":"0091010000030115","huisnummers":[{"tekst":"54","pos":[172150,559351],"hoek":0}]},"geometry":{"type":"Polygon","coordinates":[[[172150.069,559353.408],[172143.054,559346.887],[172146.847,559342.808],[172153.86,559349.33],[172150.069,559353.408]]]}},{"type":"Feature","properties":{"relatieveHoogteligging":0,"lokaalID":"G1900.a6d65677ecd440f7b6edc0913e635703","bgt_status":"bestaand","identificatieBAGPND":"0091100000009278","identificatieBAGVBOLaagsteHuisnummer":"0091010000030114","identificatieBAGVBOHoogsteHuisnummer":"0091010000030114","huisnummers":[{"tekst":"52","pos":[172148,559354],"hoek":0}]},"geometry":{"type":"Polygon","coordinates":[[[172146.386,559357.37],[172139.369,559350.848],[172143.054,559346.887],[172150.069,559353.408],[172146.386,559357.37]]]}},{"type":"Feature","properties":{"relatieveHoogteligging":0,"lokaalID":"G1900.ed9f9b731189424b8995db5e0b0ee6ef","bgt_status":"bestaand","identificatieBAGPND":"0091100000018257","identificatieBAGVBOLaagsteHuisnummer":"0091010000030124","identificatieBAGVBOHoogsteHuisnummer":"0091010000030124","huisnummers":[{"tekst":"50","pos":[172144,559358],"hoek":0}]},"geometry":{"type":"Polygon","coordinates":[[[172142.703,559361.333],[172135.685,559354.809],[172139.369,559350.848],[172146.386,559357.37],[172142.703,559361.333]]]}},{"type":"Feature","properties":{"relatieveHoogteligging":0,"lokaalID":"G1900.cf072a0cf0864516b2cea7666a0e8b08","bgt_status":"bestaand","identificatieBAGPND":"0091100000006959","identificatieBAGVBOLaagsteHuisnummer":"0091010000030163","identificatieBAGVBOHoogsteHuisnummer":"0091010000030163","huisnummers":[{"tekst":"17","pos":[172117,559305],"hoek":0}]},"geometry":{"type":"Polygon","coordinates":[[[172115.546,559298.448],[172120.363,559306.78],[172115.678,559309.489],[172110.86,559301.156],[172108.649,559297.329],[172110.731,559296.125],[172112.943,559299.952],[172115.546,559298.448]]]}},{"type":"Feature","properties":{"relatieveHoogteligging":0,"lokaalID":"G1900.c39ccbaf8c1647bd83bffce6f9401a52","bgt_status":"bestaand","identificatieBAGPND":"0091100000018898","identificatieBAGVBOLaagsteHuisnummer":"0091010000030157","identificatieBAGVBOHoogsteHuisnummer":"0091010000030157","huisnummers":[{"tekst":"15","pos":[172120,559302],"hoek":0}]},"geometry":{"type":"Polygon","coordinates":[[[172120.232,559295.74],[172125.049,559304.071],[172120.363,559306.78],[172115.546,559298.448],[172113.335,559294.621],[172115.417,559293.418],[172117.629,559297.245],[172120.232,559295.74]]]}},{"type":"Feature","properties":{"relatieveHoogteligging":0,"lokaalID":"G1900.d3e60f92b20b4f6ea0fbba50c09d47e1","bgt_status":"bestaand","identificatieBAGPND":"0091100000017267","identificatieBAGVBOLaagsteHuisnummer":"0091010000030153","identificatieBAGVBOHoogsteHuisnummer":"0091010000030153","huisnummers":[{"tekst":"13","pos":[172125,559300],"hoek":0}]},"geometry":{"type":"Polygon","coordinates":[[[172125.265,559292.832],[172128.915,559299.12],[172130.096,559301.153],[172125.049,559304.071],[172120.232,559295.74],[172118.021,559291.913],[172120.103,559290.71],[172122.315,559294.537],[172125.265,559292.832]]]}},{"type":"Feature","properties":{"relatieveHoogteligging":0,"lokaalID":"G1900.a2497fa942ab44118c23eff0707ab130","bgt_status":"bestaand","identificatieBAGPND":"0091100000006943","identificatieBAGVBOLaagsteHuisnummer":"0091010000030167","identificatieBAGVBOHoogsteHuisnummer":"0091010000030167","huisnummers":[{"tekst":"4","pos":[172116.528,559275.175],"hoek":0}]},"geometry":{"type":"Polygon","coordinates":[[[172107.163,559282.028],[172106.307,559280.01],[172110.213,559278.472],[172109.041,559275.49],[172108.986,559275.35],[172117.873,559271.861],[172119.846,559276.887],[172110.961,559280.375],[172111.018,559280.52],[172107.163,559282.028]]]}},{"type":"Feature","properties":{"relatieveHoogteligging":0,"lokaalID":"G1900.7e8b9b8d8f464dffa0845c62560c122b","bgt_status":"bestaand","identificatieBAGPND":"0091100000011481","identificatieBAGVBOLaagsteHuisnummer":"0091010000031470","identificatieBAGVBOHoogsteHuisnummer":"0091010000031470","huisnummers":[{"tekst":"2","pos":[172118.433,559280.382],"hoek":0}]},"geometry":{"type":"Polygon","coordinates":[[[172111.018,559280.52],[172110.961,559280.375],[172119.846,559276.887],[172121.837,559281.956],[172121.89,559282.09],[172110.229,559286.641],[172107.264,559287.798],[172106.477,559285.777],[172112.188,559283.498],[172111.018,559280.52]]]}},{"type":"Feature","properties":{"relatieveHoogteligging":0,"lokaalID":"G1900.05ae9e3a483e453392d473e6ad174e46","bgt_status":"bestaand","identificatieBAGPND":"0091100000006990","identificatieBAGVBOLaagsteHuisnummer":"0091010000030175","identificatieBAGVBOHoogsteHuisnummer":"0091010000030175","huisnummers":[{"tekst":"8","pos":[172108,559266],"hoek":0}]},"geometry":{"type":"Polygon","coordinates":[[[172107.068,559270.468],[172103.215,559271.983],[172102.41,559269.935],[172106.263,559268.421],[172105.093,559265.443],[172113.983,559261.952],[172115.956,559266.978],[172107.068,559270.468]]]}},{"type":"Feature","properties":{"relatieveHoogteligging":0,"lokaalID":"G1900.7281d1519ee046fbb8e0bef35d761974","bgt_status":"bestaand","identificatieBAGPND":"0091100000003917","identificatieBAGVBOLaagsteHuisnummer":"0091010000030171","identificatieBAGVBOHoogsteHuisnummer":"0091010000030171","huisnummers":[{"tekst":"6","pos":[172114.496,559270.476],"hoek":0}]},"geometry":{"type":"Polygon","coordinates":[[[172108.986,559275.35],[172109.041,559275.49],[172105.19,559277.005],[172104.398,559274.992],[172108.238,559273.447],[172107.068,559270.468],[172115.956,559266.978],[172117.873,559271.861],[172108.986,559275.35]]]}},{"type":"Feature","properties":{"relatieveHoogteligging":0,"lokaalID":"G1900.8d846ce75d5f487b9991142b171dda76","bgt_status":"bestaand","identificatieBAGPND":"0091100000006930","identificatieBAGVBOLaagsteHuisnummer":"0091010000030180","identificatieBAGVBOHoogsteHuisnummer":"0091010000030180","huisnummers":[{"tekst":"10","pos":[172107,559261],"hoek":0}]},"geometry":{"type":"Polygon","coordinates":[[[172105.093,559265.443],[172101.24,559266.957],[172100.435,559264.909],[172104.288,559263.395],[172103.118,559260.417],[172112.009,559256.926],[172113.983,559261.952],[172105.093,559265.443]]]}},{"type":"Feature","properties":{"relatieveHoogteligging":0,"lokaalID":"G1900.3d8086ca0b5d48579a4ba63dc3877bb1","bgt_status":"bestaand","identificatieBAGPND":"0091100000006920","identificatieBAGVBOLaagsteHuisnummer":"0091010000030183","identificatieBAGVBOHoogsteHuisnummer":"0091010000030183","huisnummers":[{"tekst":"12","pos":[172104,559257],"hoek":0}]},"geometry":{"type":"Polygon","coordinates":[[[172107.99,559252.33],[172109.91,559251.58],[172112.009,559256.926],[172103.118,559260.417],[172099.265,559261.931],[172098.46,559259.884],[172102.313,559258.369],[172101.106,559255.298],[172101.056,559255.17],[172107.99,559252.33]]]}},{"type":"Feature","properties":{"relatieveHoogteligging":0,"lokaalID":"G1900.e6878d6708714453a84680c09aec3110","bgt_status":"bestaand","identificatieBAGPND":"0091100000005008","identificatieBAGVBOLaagsteHuisnummer":"0091010000030187","identificatieBAGVBOHoogsteHuisnummer":"0091010000030187","huisnummers":[{"tekst":"14","pos":[172101,559251],"hoek":0}]},"geometry":{"type":"Polygon","coordinates":[[[172106.093,559247.506],[172107.99,559252.33],[172101.056,559255.17],[172101.106,559255.298],[172095.34,559257.55],[172094.53,559255.484],[172098.35,559253.981],[172097.18,559251.006],[172106.093,559247.506]]]}},{"type":"Feature","properties":{"relatieveHoogteligging":0,"lokaalID":"G1900.e872558300b64046a79cdd3a74d2eb7e","bgt_status":"bestaand","identificatieBAGPND":"0091100000003893","identificatieBAGVBOLaagsteHuisnummer":"0091010000030189","identificatieBAGVBOHoogsteHuisnummer":"0091010000030189","huisnummers":[{"tekst":"16","pos":[172100,559247],"hoek":0}]},"geometry":{"type":"Polygon","coordinates":[[[172104.12,559242.486],[172106.093,559247.506],[172097.18,559251.006],[172093.36,559252.509],[172092.555,559250.464],[172096.375,559248.961],[172095.205,559245.987],[172104.12,559242.486]]]}},{"type":"Feature","properties":{"relatieveHoogteligging":0,"lokaalID":"G1900.678a0dc8de784c57857e734435f800c8","bgt_status":"bestaand","identificatieBAGPND":"0091100000003889","identificatieBAGVBOLaagsteHuisnummer":"0091010000030190","identificatieBAGVBOHoogsteHuisnummer":"0091010000030190","huisnummers":[{"tekst":"18","pos":[172098,559242],"hoek":0}]},"geometry":{"type":"Polygon","coordinates":[[[172102.146,559237.466],[172104.12,559242.486],[172095.205,559245.987],[172091.385,559247.49],[172090.58,559245.445],[172094.4,559243.942],[172093.23,559240.967],[172102.146,559237.466]]]}},{"type":"Feature","properties":{"relatieveHoogteligging":0,"lokaalID":"G1900.f8a47c6c4757490abd9917cc113d55d1","bgt_status":"bestaand","identificatieBAGPND":"0091100000006942","identificatieBAGVBOLaagsteHuisnummer":"0091010000030177","identificatieBAGVBOHoogsteHuisnummer":"0091010000030177","huisnummers":[{"tekst":"23","pos":[172102,559313],"hoek":0}]},"geometry":{"type":"Polygon","coordinates":[[[172094.591,559305.452],[172096.674,559304.249],[172098.885,559308.075],[172101.488,559306.571],[172106.308,559314.907],[172101.65,559317.6],[172094.591,559305.452]]]}},{"type":"Feature","properties":{"relatieveHoogteligging":0,"lokaalID":"G1900.a6adb7844b1a448196754ef972fe8239","bgt_status":"bestaand","identificatieBAGPND":"0091100000006938","identificatieBAGVBOLaagsteHuisnummer":"0091010000030178","identificatieBAGVBOHoogsteHuisnummer":"0091010000030178","huisnummers":[{"tekst":"21","pos":[172107,559309],"hoek":0}]},"geometry":{"type":"Polygon","coordinates":[[[172101.488,559306.571],[172099.277,559302.744],[172098.058,559300.641],[172099.901,559299.519],[172101.157,559301.658],[172101.36,559301.541],[172103.571,559305.368],[172106.174,559303.863],[172110.993,559312.198],[172106.308,559314.907],[172101.488,559306.571]]]}},{"type":"Feature","properties":{"relatieveHoogteligging":0,"lokaalID":"G1900.651f6232e7494aa0b7a1ad3794409e75","bgt_status":"bestaand","identificatieBAGPND":"0091100000003920","identificatieBAGVBOLaagsteHuisnummer":"0091010000030170","identificatieBAGVBOHoogsteHuisnummer":"0091010000030170","huisnummers":[{"tekst":"38","pos":[172117,559391],"hoek":0}]},"geometry":{"type":"Polygon","coordinates":[[[172119.188,559388.841],[172117.963,559394.106],[172108.595,559392.063],[172104.552,559391.121],[172105.052,559388.978],[172109.095,559389.92],[172109.821,559386.803],[172119.188,559388.841]]]}},{"type":"Feature","properties":{"relatieveHoogteligging":0,"lokaalID":"G1900.ba62fd4e5fab46b995406bf9ea3dc715","bgt_status":"bestaand","identificatieBAGPND":"0091100000003914","identificatieBAGVBOLaagsteHuisnummer":"0091010000030172","identificatieBAGVBOHoogsteHuisnummer":"0091010000030172","huisnummers":[{"tekst":"36","pos":[172116,559395],"hoek":0}]},"geometry":{"type":"Polygon","coordinates":[[[172117.963,559394.106],[172116.738,559399.372],[172107.374,559397.346],[172103.332,559396.403],[172103.836,559394.241],[172107.869,559395.181],[172108.595,559392.063],[172117.963,559394.106]]]}},{"type":"Feature","properties":{"relatieveHoogteligging":0,"lokaalID":"G1900.f50971334ebe438aab7b5450142a0581","bgt_status":"bestaand","identificatieBAGPND":"0091100000006994","identificatieBAGVBOLaagsteHuisnummer":"0091010000030174","identificatieBAGVBOHoogsteHuisnummer":"0091010000030174","huisnummers":[{"tekst":"34","pos":[172114,559400],"hoek":0}]},"geometry":{"type":"Polygon","coordinates":[[[172116.738,559399.372],[172115.478,559404.786],[172106.155,559402.616],[172102.113,559401.676],[172102.615,559399.523],[172106.648,559400.463],[172107.374,559397.346],[172116.738,559399.372]]]}},{"type":"Feature","properties":{"relatieveHoogteligging":0,"lokaalID":"G1900.a816077ff8d64f26852a4d78907bcff0","bgt_status":"bestaand","identificatieBAGPND":"0091100000002266","identificatieBAGVBOLaagsteHuisnummer":"0091010000033415","identificatieBAGVBOHoogsteHuisnummer":"0091010000033415","huisnummers":[{"tekst":"32","pos":[172113,559407],"hoek":0}]},"geometry":{"type":"Polygon","coordinates":[[[172115.478,559404.786],[172114.235,559410.129],[172104.9,559407.957],[172100.871,559407.02],[172101.389,559404.796],[172105.43,559405.736],[172106.155,559402.616],[172115.478,559404.786]]]}},{"type":"Feature","properties":{"relatieveHoogteligging":0,"lokaalID":"G1900.ec40b0391a3a420bbcce89d817183607","bgt_status":"bestaand","identificatieBAGPND":"0091100000006926","identificatieBAGVBOLaagsteHuisnummer":"0091010000030181","identificatieBAGVBOHoogsteHuisnummer":"0091010000030181","huisnummers":[{"tekst":"30","pos":[172111,559411],"hoek":0}]},"geometry":{"type":"Polygon","coordinates":[[[172099.648,559412.172],[172100.155,559410.031],[172104.198,559410.973],[172104.9,559407.957],[172114.235,559410.129],[172113.062,559415.167],[172103.698,559413.116],[172099.648,559412.172]]]}},{"type":"Feature","properties":{"relatieveHoogteligging":0,"lokaalID":"G1900.b409813a560241138658469092aa1b95","bgt_status":"bestaand","identificatieBAGPND":"0091100000006923","identificatieBAGVBOLaagsteHuisnummer":"0091010000030182","identificatieBAGVBOHoogsteHuisnummer":"0091010000030182","huisnummers":[{"tekst":"28","pos":[172110,559416],"hoek":0}]},"geometry":{"type":"Polygon","coordinates":[[[172113.062,559415.167],[172111.837,559420.432],[172102.477,559418.399],[172098.435,559417.456],[172098.939,559415.294],[172102.972,559416.234],[172103.698,559413.116],[172113.062,559415.167]]]}},{"type":"Feature","properties":{"relatieveHoogteligging":0,"lokaalID":"G1900.2438e62b9eeb4f6e95c450bf787f02d0","bgt_status":"bestaand","identificatieBAGPND":"0091100000006917","identificatieBAGVBOLaagsteHuisnummer":"0091010000030184","identificatieBAGVBOHoogsteHuisnummer":"0091010000030184","huisnummers":[{"tekst":"26","pos":[172109,559422],"hoek":0}]},"geometry":{"type":"Polygon","coordinates":[[[172111.837,559420.432],[172110.612,559425.698],[172101.245,559423.667],[172097.216,559422.729],[172097.718,559420.576],[172101.751,559421.516],[172102.477,559418.399],[172111.837,559420.432]]]}},{"type":"Feature","properties":{"relatieveHoogteligging":0,"lokaalID":"G1900.aadc449f42ba4935bb9a99a03b0b385a","bgt_status":"bestaand","identificatieBAGPND":"0091100000005012","identificatieBAGVBOLaagsteHuisnummer":"0091010000030186","identificatieBAGVBOHoogsteHuisnummer":"0091010000030186","huisnummers":[{"tekst":"24","pos":[172108,559428],"hoek":0}]},"geometry":{"type":"Polygon","coordinates":[[[172110.612,559425.698],[172109.387,559430.963],[172100.019,559428.927],[172095.976,559427.985],[172096.476,559425.842],[172100.519,559426.784],[172101.245,559423.667],[172110.612,559425.698]]]}},{"type":"Feature","properties":{"relatieveHoogteligging":0,"lokaalID":"G1900.2620a0cca9b8460fa3ed53b58bba44ff","bgt_status":"bestaand","identificatieBAGPND":"0091100000005004","identificatieBAGVBOLaagsteHuisnummer":"0091010000030188","identificatieBAGVBOHoogsteHuisnummer":"0091010000030188","huisnummers":[{"tekst":"22","pos":[172107,559433],"hoek":0}]},"geometry":{"type":"Polygon","coordinates":[[[172109.387,559430.963],[172108.126,559436.381],[172098.798,559434.21],[172094.756,559433.267],[172095.26,559431.105],[172099.293,559432.045],[172100.019,559428.927],[172109.387,559430.963]]]}},{"type":"Feature","properties":{"relatieveHoogteligging":0,"lokaalID":"G1900.7ab8c2e81cff428a9e71028a7dbb0ffe","bgt_status":"bestaand","identificatieBAGPND":"0091100000006998","identificatieBAGVBOLaagsteHuisnummer":"0091010000030173","identificatieBAGVBOHoogsteHuisnummer":"0091010000030173","huisnummers":[{"tekst":"20","pos":[172104,559438],"hoek":0}]},"geometry":{"type":"Polygon","coordinates":[[[172108.126,559436.381],[172106.9,559441.649],[172093.537,559438.54],[172094.039,559436.387],[172098.072,559437.327],[172098.798,559434.21],[172108.126,559436.381]]]}},{"type":"Feature","properties":{"relatieveHoogteligging":0,"lokaalID":"G1900.8b5dddf3763b41f68d04bb85d57111f6","bgt_status":"bestaand","identificatieBAGPND":"0091100000006962","identificatieBAGVBOLaagsteHuisnummer":"0091010000030162","identificatieBAGVBOHoogsteHuisnummer":"0091010000030162","huisnummers":[{"tekst":"18","pos":[172120,559446],"hoek":0}]},"geometry":{"type":"Polygon","coordinates":[[[172117.617,559452.94],[172114.81,559455.974],[172113.198,559454.462],[172116.006,559451.426],[172113.425,559449.005],[172119.98,559442.019],[172124.173,559445.954],[172117.617,559452.94]]]}},{"type":"Feature","properties":{"relatieveHoogteligging":0,"lokaalID":"G1900.0158157a3f2c4220af3a5917cb263571","bgt_status":"bestaand","identificatieBAGPND":"0091100000017271","identificatieBAGVBOLaagsteHuisnummer":"0091010000030152","identificatieBAGVBOHoogsteHuisnummer":"0091010000030152","huisnummers":[{"tekst":"14","pos":[172126,559454],"hoek":0}]},"geometry":{"type":"Polygon","coordinates":[[[172121.555,559456.635],[172128.111,559449.649],[172132.049,559453.344],[172125.493,559460.33],[172122.688,559463.364],[172121.083,559461.859],[172123.888,559458.825],[172121.555,559456.635]]]}},{"type":"Feature","properties":{"relatieveHoogteligging":0,"lokaalID":"G1900.5a5ee89a1f534102ae70098e46cdd4e1","bgt_status":"bestaand","identificatieBAGPND":"0091100000006966","identificatieBAGVBOLaagsteHuisnummer":"0091010000030161","identificatieBAGVBOHoogsteHuisnummer":"0091010000030161","huisnummers":[{"tekst":"16","pos":[172123,559448],"hoek":0}]},"geometry":{"type":"Polygon","coordinates":[[[172117.617,559452.94],[172124.173,559445.954],[172128.111,559449.649],[172121.555,559456.635],[172118.749,559459.668],[172116.261,559462.476],[172114.618,559460.988],[172117.137,559458.157],[172119.943,559455.123],[172117.617,559452.94]]]}},{"type":"Feature","properties":{"relatieveHoogteligging":0,"lokaalID":"G1900.b27e91fb86cd4567af2e41d0380f52b2","bgt_status":"bestaand","identificatieBAGPND":"0091100000006970","identificatieBAGVBOLaagsteHuisnummer":"0091010000030160","identificatieBAGVBOHoogsteHuisnummer":"0091010000030160","huisnummers":[{"tekst":"40","pos":[172118,559385],"hoek":0}]},"geometry":{"type":"Polygon","coordinates":[[[172120.45,559383.42],[172119.188,559388.841],[172109.821,559386.803],[172105.787,559385.841],[172106.297,559383.702],[172110.312,559384.66],[172111.137,559381.199],[172120.45,559383.42]]]}},{"type":"Feature","properties":{"relatieveHoogteligging":0,"lokaalID":"G1900.a318db730e7747e0910312256d8e5e42","bgt_status":"bestaand","identificatieBAGPND":"0091100000002264"},"geometry":{"type":"Polygon","coordinates":[[[172122.808,559378.472],[172119.973,559375.834],[172116.585,559372.682],[172119.718,559369.314],[172121.045,559370.549],[172120.839,559370.77],[172125.736,559375.324],[172122.808,559378.472]]]}},{"type":"Feature","properties":{"relatieveHoogteligging":0,"lokaalID":"G1900.5425fbecaec74877ad3539cf46245734","bgt_status":"bestaand","identificatieBAGPND":"0091100000017263","identificatieBAGVBOLaagsteHuisnummer":"0091010000030154","identificatieBAGVBOHoogsteHuisnummer":"0091010000030154","huisnummers":[{"tekst":"42","pos":[172128,559373],"hoek":0}]},"geometry":{"type":"Polygon","coordinates":[[[172125.736,559375.324],[172120.839,559370.77],[172121.045,559370.549],[172124.631,559366.693],[172131.653,559373.22],[172127.86,559377.3],[172125.736,559375.324]]]}},{"type":"Feature","properties":{"relatieveHoogteligging":0,"lokaalID":"G1900.dc31bc80ae614f1bac90f20fd40765f4","bgt_status":"bestaand","identificatieBAGPND":"0091100000017275","identificatieBAGVBOLaagsteHuisnummer":"0091010000030151","identificatieBAGVBOHoogsteHuisnummer":"0091010000030151","huisnummers":[{"tekst":"44","pos":[172132,559369],"hoek":0}]},"geometry":{"type":"Polygon","coordinates":[[[172131.653,559373.22],[172124.631,559366.693],[172128.316,559362.732],[172135.336,559369.258],[172131.653,559373.22]]]}},{"type":"Feature","properties":{"relatieveHoogteligging":0,"lokaalID":"G1900.384721e91e754413811323adbe5594ff","bgt_status":"bestaand","identificatieBAGPND":"0091100000006045","identificatieBAGVBOLaagsteHuisnummer":"0091010000030148","identificatieBAGVBOHoogsteHuisnummer":"0091010000030148","huisnummers":[{"tekst":"46","pos":[172136,559365],"hoek":0}]},"geometry":{"type":"Polygon","coordinates":[[[172135.336,559369.258],[172128.316,559362.732],[172132,559358.771],[172139.019,559365.295],[172135.336,559369.258]]]}},{"type":"Feature","properties":{"relatieveHoogteligging":0,"lokaalID":"G1900.741723d7eb2d4d12b43c98d55f30b4d8","bgt_status":"bestaand","identificatieBAGPND":"0091100000002262"},"geometry":{"type":"Polygon","coordinates":[[[172132.24,559381.38],[172130.04,559379.341],[172131.54,559377.721],[172133.74,559379.76],[172132.24,559381.38]]]}},{"type":"Feature","properties":{"relatieveHoogteligging":0,"lokaalID":"G1900.7db21e44ac864d9f97e6679c9a7a3c19","bgt_status":"bestaand","identificatieBAGPND":"0091100000006057","identificatieBAGVBOLaagsteHuisnummer":"0091010000030145","identificatieBAGVBOHoogsteHuisnummer":"0091010000030145","huisnummers":[{"tekst":"3","pos":[172135,559423],"hoek":0}]},"geometry":{"type":"Polygon","coordinates":[[[172133.53,559419.763],[172142.851,559421.937],[172146.887,559422.873],[172146.388,559425.021],[172142.353,559424.086],[172141.634,559427.188],[172132.305,559425.012],[172133.53,559419.763]]]}},{"type":"Feature","properties":{"relatieveHoogteligging":0,"lokaalID":"G1900.feb9e8ad9ee64c5eabae2c1d045f5bb8","bgt_status":"bestaand","identificatieBAGPND":"0091100000006073","identificatieBAGVBOLaagsteHuisnummer":"0091010000030141","identificatieBAGVBOHoogsteHuisnummer":"0091010000030141","huisnummers":[{"tekst":"5","pos":[172136,559416],"hoek":0}]},"geometry":{"type":"Polygon","coordinates":[[[172134.722,559414.652],[172144.059,559416.684],[172148.094,559417.62],[172147.598,559419.759],[172143.573,559418.825],[172142.851,559421.937],[172133.53,559419.763],[172134.722,559414.652]]]}},{"type":"Feature","properties":{"relatieveHoogteligging":0,"lokaalID":"G1900.1800bfe891cb4fd9a8d64595224d42fb","bgt_status":"bestaand","identificatieBAGPND":"0091100000004532","identificatieBAGVBOLaagsteHuisnummer":"0091010000030135","identificatieBAGVBOHoogsteHuisnummer":"0091010000030135","huisnummers":[{"tekst":"7","pos":[172138,559410],"hoek":0}]},"geometry":{"type":"Polygon","coordinates":[[[172135.984,559409.237],[172145.28,559411.405],[172149.329,559412.342],[172148.83,559414.498],[172144.781,559413.562],[172144.059,559416.684],[172134.722,559414.652],[172135.984,559409.237]]]}},{"type":"Feature","properties":{"relatieveHoogteligging":0,"lokaalID":"G1900.f3cf0cd9998e4048be7bf02d2fedb78b","bgt_status":"bestaand","identificatieBAGPND":"0091100000004637"},"geometry":{"type":"Polygon","coordinates":[[[172137.178,559404.117],[172146.496,559406.146],[172150.545,559407.083],[172150.046,559409.239],[172145.997,559408.303],[172145.28,559411.405],[172135.984,559409.237],[172137.178,559404.117]]]}},{"type":"Feature","properties":{"relatieveHoogteligging":0,"lokaalID":"G1900.178f535faab444b9aa4e9afe7932d0e2","bgt_status":"bestaand","identificatieBAGPND":"0091100000018267"},"geometry":{"type":"Polygon","coordinates":[[[172139.719,559373.332],[172137.522,559371.29],[172139.011,559369.691],[172141.21,559371.73],[172139.719,559373.332]]]}},{"type":"Feature","properties":{"relatieveHoogteligging":0,"lokaalID":"G1900.8bd427371e174620bc0e242463639cd9","bgt_status":"bestaand","identificatieBAGPND":"0091100000002260"},"geometry":{"type":"Polygon","coordinates":[[[172138.26,559374.9],[172136.06,559372.861],[172137.522,559371.29],[172139.719,559373.332],[172138.26,559374.9]]]}},{"type":"Feature","properties":{"relatieveHoogteligging":0,"lokaalID":"G1900.f3f2fcec57364ecbb46691dd05f50b47","bgt_status":"bestaand","identificatieBAGPND":"0091100000006085","identificatieBAGVBOLaagsteHuisnummer":"0091010000030138","identificatieBAGVBOHoogsteHuisnummer":"0091010000030138","huisnummers":[{"tekst":"48","pos":[172141,559361],"hoek":0}]},"geometry":{"type":"Polygon","coordinates":[[[172139.019,559365.295],[172132,559358.771],[172135.685,559354.809],[172142.703,559361.333],[172139.019,559365.295]]]}},{"type":"Feature","properties":{"relatieveHoogteligging":0,"lokaalID":"G1900.bfed38aad74945e0879fb0c930ce971a","bgt_status":"bestaand","identificatieBAGPND":"0091100000002258"},"geometry":{"type":"Polygon","coordinates":[[[172145.61,559366.99],[172143.41,559364.95],[172144.889,559363.366],[172147.087,559365.408],[172145.61,559366.99]]]}},{"type":"Feature","properties":{"relatieveHoogteligging":0,"lokaalID":"G1900.54223bdb1b9f4f4aa824dc0f738b8a02","bgt_status":"bestaand","identificatieBAGPND":"0091100000002320"},"geometry":{"type":"Polygon","coordinates":[[[172147.087,559365.408],[172144.889,559363.366],[172146.37,559361.78],[172148.57,559363.82],[172147.087,559365.408]]]}},{"type":"Feature","properties":{"relatieveHoogteligging":0,"lokaalID":"G1900.e085a79bde4c43c3af2358ee87cbf5c7","bgt_status":"bestaand","identificatieBAGPND":"0091100000009450","identificatieBAGVBOLaagsteHuisnummer":"0091010000030102","identificatieBAGVBOHoogsteHuisnummer":"0091010000030102","huisnummers":[{"tekst":"15","pos":[172142,559392],"hoek":0}]},"geometry":{"type":"Polygon","coordinates":[[[172139.635,559393.583],[172140.9,559388.16],[172154.231,559391.302],[172153.716,559393.485],[172149.69,559392.536],[172148.958,559395.641],[172139.635,559393.583]]]}},{"type":"Feature","properties":{"relatieveHoogteligging":0,"lokaalID":"G1900.aa6dd314e63e48d1beefdfee7babcd2f","bgt_status":"bestaand","identificatieBAGPND":"0091100000010014"},"geometry":{"type":"Polygon","coordinates":[[[172158.139,559409.251],[172161.811,559410.059],[172161.285,559412.454],[172157.612,559411.646],[172158.139,559409.251]]]}},{"type":"Feature","properties":{"relatieveHoogteligging":0,"lokaalID":"G1900.00b39f87dd024e8dad850b53d2f60f82","bgt_status":"bestaand","identificatieBAGPND":"0091100000018262","identificatieBAGVBOLaagsteHuisnummer":"0091010000030123","identificatieBAGVBOHoogsteHuisnummer":"0091010000030123","huisnummers":[{"tekst":"13","pos":[172141,559395],"hoek":0}]},"geometry":{"type":"Polygon","coordinates":[[[172139.635,559393.583],[172148.958,559395.641],[172152.985,559396.59],[172152.479,559398.734],[172148.453,559397.785],[172147.721,559400.89],[172138.407,559398.85],[172139.635,559393.583]]]}},{"type":"Feature","properties":{"relatieveHoogteligging":0,"lokaalID":"G1900.88a51be70a0c47cdba1de5477afba997","bgt_status":"bestaand","identificatieBAGPND":"0091100000018247","identificatieBAGVBOLaagsteHuisnummer":"0091010000030126","identificatieBAGVBOHoogsteHuisnummer":"0091010000030126","huisnummers":[{"tekst":"11","pos":[172141,559400],"hoek":0}]},"geometry":{"type":"Polygon","coordinates":[[[172138.407,559398.85],[172147.721,559400.89],[172151.747,559401.838],[172151.244,559403.973],[172147.218,559403.024],[172146.496,559406.146],[172137.178,559404.117],[172138.407,559398.85]]]}},{"type":"Feature","properties":{"relatieveHoogteligging":0,"lokaalID":"G1900.b85e2c9b7b7d461b9040cdef9e8d45e0","bgt_status":"bestaand","identificatieBAGPND":"0091100000009454","identificatieBAGVBOLaagsteHuisnummer":"0091010000030101","identificatieBAGVBOHoogsteHuisnummer":"0091010000030101","huisnummers":[{"tekst":"2","pos":[172151,559475],"hoek":0}]},"geometry":{"type":"Polygon","coordinates":[[[172145.187,559478.812],[172151.743,559471.826],[172155.69,559475.53],[172146.305,559485.53],[172144.708,559484.031],[172147.515,559480.997],[172145.187,559478.812]]]}},{"type":"Feature","properties":{"relatieveHoogteligging":0,"lokaalID":"G1900.97c55f582d614f1f8daa9d494b2d5c4d","bgt_status":"bestaand","identificatieBAGPND":"0091100000018282","identificatieBAGVBOLaagsteHuisnummer":"0091010000030120","identificatieBAGVBOHoogsteHuisnummer":"0091010000030120","huisnummers":[{"tekst":"4","pos":[172148,559473],"hoek":0}]},"geometry":{"type":"Polygon","coordinates":[[[172141.259,559475.126],[172147.815,559468.14],[172151.743,559471.826],[172145.187,559478.812],[172142.381,559481.847],[172142.307,559481.929],[172140.654,559480.416],[172140.748,559480.314],[172143.554,559477.281],[172141.259,559475.126]]]}},{"type":"Feature","properties":{"relatieveHoogteligging":0,"lokaalID":"G1900.c47c45d557d245c5938527282c7d1153","bgt_status":"bestaand","identificatieBAGPND":"0091100000018277","identificatieBAGVBOLaagsteHuisnummer":"0091010000030121","identificatieBAGVBOHoogsteHuisnummer":"0091010000030121","huisnummers":[{"tekst":"6","pos":[172144,559469],"hoek":0}]},"geometry":{"type":"Polygon","coordinates":[[[172137.313,559471.422],[172143.868,559464.436],[172147.815,559468.14],[172141.259,559475.126],[172138.453,559478.159],[172136.85,559476.654],[172139.654,559473.621],[172137.313,559471.422]]]}},{"type":"Feature","properties":{"relatieveHoogteligging":0,"lokaalID":"G1900.c53433e591704254b21df6cd9a4fac94","bgt_status":"bestaand","identificatieBAGPND":"0091100000018287","identificatieBAGVBOLaagsteHuisnummer":"0091010000030119","identificatieBAGVBOHoogsteHuisnummer":"0091010000030119","huisnummers":[{"tekst":"1","pos":[172134,559429],"hoek":0}]},"geometry":{"type":"Polygon","coordinates":[[[172132.305,559425.012],[172141.634,559427.188],[172145.669,559428.123],[172145.178,559430.243],[172141.143,559429.307],[172140.34,559432.769],[172131,559430.609],[172132.305,559425.012]]]}},{"type":"Feature","properties":{"relatieveHoogteligging":0,"lokaalID":"G1900.0dfbd63ffbdd4761abfb0b3f64ae3f80","bgt_status":"bestaand","identificatieBAGPND":"0091100000019026","identificatieBAGVBOLaagsteHuisnummer":"0091010000030150","identificatieBAGVBOHoogsteHuisnummer":"0091010000030150","huisnummers":[{"tekst":"12","pos":[172131,559458],"hoek":0}]},"geometry":{"type":"Polygon","coordinates":[[[172125.493,559460.33],[172132.049,559453.344],[172135.986,559457.04],[172129.43,559464.026],[172126.821,559466.848],[172125.099,559465.307],[172127.746,559462.444],[172125.493,559460.33]]]}},{"type":"Feature","properties":{"relatieveHoogteligging":0,"lokaalID":"G1900.44ff919a78344c41b522317cabebe013","bgt_status":"bestaand","identificatieBAGPND":"0091100000006053","identificatieBAGVBOLaagsteHuisnummer":"0091010000030146","identificatieBAGVBOHoogsteHuisnummer":"0091010000030146","huisnummers":[{"tekst":"10","pos":[172133,559461],"hoek":0}]},"geometry":{"type":"Polygon","coordinates":[[[172129.43,559464.026],[172135.986,559457.04],[172139.931,559460.741],[172133.375,559467.727],[172130.57,559470.76],[172128.951,559469.241],[172131.756,559466.208],[172129.43,559464.026]]]}},{"type":"Feature","properties":{"relatieveHoogteligging":0,"lokaalID":"G1900.a1f0597eb31a4f95be3dcd0fbc908913","bgt_status":"bestaand","identificatieBAGPND":"0091100000006351","identificatieBAGVBOLaagsteHuisnummer":"0091010000030230","identificatieBAGVBOHoogsteHuisnummer":"0091010000030230","huisnummers":[{"tekst":"37","pos":[172052,559369],"hoek":0}]},"geometry":{"type":"Polygon","coordinates":[[[172056.08,559367.35],[172053.69,559372.645],[172044.946,559368.698],[172040.909,559366.882],[172041.889,559364.704],[172045.926,559366.521],[172047.318,559363.427],[172056.08,559367.35]]]}},{"type":"Feature","properties":{"relatieveHoogteligging":0,"lokaalID":"G1900.566463e5530946138723cab54e7c2de2","bgt_status":"bestaand","identificatieBAGPND":"0091100000004720","identificatieBAGVBOLaagsteHuisnummer":"0091010000033406","identificatieBAGVBOHoogsteHuisnummer":"0091010000033406","huisnummers":[{"tekst":"43","pos":[172046,559383],"hoek":0}]},"geometry":{"type":"Polygon","coordinates":[[[172047.007,559387.451],[172038.247,559383.497],[172034.196,559381.677],[172035.177,559379.492],[172039.261,559381.308],[172040.485,559378.556],[172049.239,559382.507],[172047.007,559387.451]]]}},{"type":"Feature","properties":{"relatieveHoogteligging":0,"lokaalID":"G1900.faa1d41368aa40bd97adbb9bfd007e88","bgt_status":"bestaand","identificatieBAGPND":"0091100000002310","identificatieBAGVBOLaagsteHuisnummer":"0091010000033420","identificatieBAGVBOHoogsteHuisnummer":"0091010000033420","huisnummers":[{"tekst":"41","pos":[172049,559379],"hoek":0}]},"geometry":{"type":"Polygon","coordinates":[[[172051.48,559377.541],[172049.239,559382.507],[172040.485,559378.556],[172036.466,559376.756],[172037.48,559374.503],[172041.517,559376.319],[172042.742,559373.597],[172051.48,559377.541]]]}},{"type":"Feature","properties":{"relatieveHoogteligging":0,"lokaalID":"G1900.6ed7bd57aca94668a2c9a936e1951bf8","bgt_status":"bestaand","identificatieBAGPND":"0091100000018867","identificatieBAGVBOLaagsteHuisnummer":"0091010000033407","identificatieBAGVBOHoogsteHuisnummer":"0091010000033407","huisnummers":[{"tekst":"45","pos":[172044,559388],"hoek":0}]},"geometry":{"type":"Polygon","coordinates":[[[172044.79,559392.363],[172036.039,559388.413],[172031.988,559386.594],[172032.969,559384.408],[172037.021,559386.228],[172038.247,559383.497],[172047.007,559387.451],[172044.79,559392.363]]]}},{"type":"Feature","properties":{"relatieveHoogteligging":0,"lokaalID":"G1900.c70aa63d22da4e7b990b0e861730dd41","bgt_status":"bestaand","identificatieBAGPND":"0091100000019065","identificatieBAGVBOLaagsteHuisnummer":"0091010000030258","identificatieBAGVBOHoogsteHuisnummer":"0091010000030258","huisnummers":[{"tekst":"2","pos":[172034,559356],"hoek":0}]},"geometry":{"type":"Polygon","coordinates":[[[172038.22,559355.61],[172031.17,559367.33],[172031.148,559367.317],[172029.26,559366.177],[172031.39,559362.649],[172028.641,559360.99],[172033.561,559352.808],[172038.22,559355.61]]]}},{"type":"Feature","properties":{"relatieveHoogteligging":0,"lokaalID":"G1900.d86c3e90b1a74567b98ad4a7d3ccc8ef","bgt_status":"bestaand","identificatieBAGPND":"0091100000003813","identificatieBAGVBOLaagsteHuisnummer":"0091010000030244","identificatieBAGVBOHoogsteHuisnummer":"0091010000030244","huisnummers":[{"tekst":"47","pos":[172042,559393],"hoek":0}]},"geometry":{"type":"Polygon","coordinates":[[[172042.58,559397.26],[172040.26,559396.223],[172029.77,559391.533],[172030.761,559389.325],[172034.813,559391.144],[172036.039,559388.413],[172044.79,559392.363],[172042.58,559397.26]]]}},{"type":"Feature","properties":{"relatieveHoogteligging":0,"lokaalID":"G1900.abe592dd97a74b28ae6a9a5251fcb41d","bgt_status":"bestaand","identificatieBAGPND":"0091100000019069","identificatieBAGVBOLaagsteHuisnummer":"0091010000030257","identificatieBAGVBOHoogsteHuisnummer":"0091010000030257","huisnummers":[{"tekst":"2","pos":[172036,559419],"hoek":0}]},"geometry":{"type":"Polygon","coordinates":[[[172031.484,559425.173],[172033.669,559415.852],[172038.99,559417.1],[172035.76,559430.75],[172033.425,559430.203],[172034.441,559425.865],[172031.484,559425.173]]]}},{"type":"Feature","properties":{"relatieveHoogteligging":0,"lokaalID":"G1900.f2aa4b1ded7548b88c24989bff30dc53","bgt_status":"bestaand","identificatieBAGPND":"0091100000010026"},"geometry":{"type":"Polygon","coordinates":[[[172133.762,559140.503],[172134.01,559140.835],[172135.201,559142.432],[172135.685,559143.081],[172135.667,559143.094],[172133.552,559144.671],[172131.663,559142.135],[172133.762,559140.503]]]}},{"type":"Feature","properties":{"relatieveHoogteligging":0,"lokaalID":"G1900.40b9603de57e4c6b8f9233a13343b3dd","bgt_status":"bestaand","identificatieBAGPND":"1900100010088984"},"geometry":{"type":"Polygon","coordinates":[[[172131.663,559142.135],[172133.552,559144.671],[172131.515,559146.19],[172129.404,559143.356],[172131.442,559141.838],[172131.663,559142.135]]]}},{"type":"Feature","properties":{"relatieveHoogteligging":0,"lokaalID":"G1900.f204dbc4cc4847c1a3930e5dc62584c4","bgt_status":"bestaand","identificatieBAGPND":"1900100010088448"},"geometry":{"type":"Polygon","coordinates":[[[172017.902,559241.005],[172021.08,559238.497],[172026.076,559244.828],[172023.32,559247.003],[172022.724,559247.473],[172017.728,559241.142],[172017.902,559241.005]]]}},{"type":"Feature","properties":{"relatieveHoogteligging":0,"lokaalID":"G1900.2896bf674dfb4d54bb0443169aeaf2a9","bgt_status":"bestaand","identificatieBAGPND":"0091100000006951","identificatieBAGVBOLaagsteHuisnummer":"0091010000030165","identificatieBAGVBOHoogsteHuisnummer":"0091010000030165","huisnummers":[{"tekst":"112","pos":[172115,559181],"hoek":0}]},"geometry":{"type":"Polygon","coordinates":[[[172116.501,559185.695],[172115.709,559186.266],[172114.998,559186.779],[172110.147,559179.983],[172110.042,559180.059],[172107,559175.842],[172105.186,559173.328],[172106.99,559172.026],[172108.804,559174.54],[172111.848,559178.758],[172114.898,559176.558],[172115.003,559176.482],[172119.876,559183.26],[172116.501,559185.695]]]}},{"type":"Feature","properties":{"relatieveHoogteligging":0,"lokaalID":"G1900.6574aab6ac614ae79fb0c699270a1551","bgt_status":"bestaand","identificatieBAGPND":"0091100000019105","identificatieBAGVBOLaagsteHuisnummer":"0091010000030248","identificatieBAGVBOHoogsteHuisnummer":"0091010000030248","huisnummers":[{"tekst":"16","pos":[172041,559286],"hoek":0}]},"geometry":{"type":"Polygon","coordinates":[[[172033.231,559290.834],[172036.342,559288.145],[172043.581,559281.872],[172047.112,559285.957],[172039.873,559292.23],[172036.762,559294.919],[172036.325,559294.414],[172035.326,559293.258],[172033.231,559290.834]]]}},{"type":"Feature","properties":{"relatieveHoogteligging":0,"lokaalID":"G1900.797419e2614a4d8db703e6efd4d0f77d","bgt_status":"bestaand","identificatieBAGPND":"0091100000004590","identificatieBAGVBOLaagsteHuisnummer":"0091010000030273","identificatieBAGVBOHoogsteHuisnummer":"0091010000030273","huisnummers":[{"tekst":"8","pos":[172020,559350],"hoek":0}]},"geometry":{"type":"Polygon","coordinates":[[[172014.867,559362.946],[172013.718,559362.252],[172012.57,559361.559],[172014.983,559357.561],[172015.388,559357.805],[172017.517,559354.277],[172014.768,559352.618],[172019.675,559344.458],[172024.321,559347.252],[172019.41,559355.419],[172017.28,559358.947],[172014.867,559362.946]]]}},{"type":"Feature","properties":{"relatieveHoogteligging":0,"lokaalID":"G1900.97314fd3d9ea49d3b6394b59fdc588eb","bgt_status":"bestaand","identificatieBAGPND":"0091100000017673","identificatieBAGVBOLaagsteHuisnummer":"0091010000030099","identificatieBAGVBOHoogsteHuisnummer":"0091010000030099","huisnummers":[{"tekst":"11","pos":[172153,559291],"hoek":0}]},"geometry":{"type":"Polygon","coordinates":[[[172146.678,559280.413],[172146.925,559280.363],[172149.048,559279.933],[172149.938,559284.303],[172152.887,559283.704],[172154.801,559293.132],[172149.491,559294.21],[172146.678,559280.413]]]}},{"type":"Feature","properties":{"relatieveHoogteligging":0,"lokaalID":"G1900.c911c61e24114331b09deff531c9379f","bgt_status":"bestaand","identificatieBAGPND":"0091100000010453","identificatieBAGVBOLaagsteHuisnummer":"0091010000029394","identificatieBAGVBOHoogsteHuisnummer":"0091010000029394","huisnummers":[{"tekst":"110","pos":[172466,559040],"hoek":0}]},"geometry":{"type":"Polygon","coordinates":[[[172472.209,559044.41],[172466.56,559045.147],[172466.298,559043.161],[172466.021,559041.058],[172463.213,559041.429],[172462.239,559034.038],[172465.337,559033.643],[172470.583,559032.974],[172470.901,559035.304],[172471.038,559035.286],[172472.209,559044.41]]]}},{"type":"Feature","properties":{"relatieveHoogteligging":0,"lokaalID":"G1900.1ed424dd30274a1f87d4e8bf9d345913","bgt_status":"bestaand","identificatieBAGPND":"1900100010090914"},"geometry":{"type":"Polygon","coordinates":[[[172360.292,559258.405],[172360.13,559256.52],[172363.829,559256.202],[172363.991,559258.087],[172360.292,559258.405]]]}},{"type":"Feature","properties":{"relatieveHoogteligging":0,"lokaalID":"G1900.3519c5505023487ca42491da2971fa7a","bgt_status":"bestaand","identificatieBAGPND":"1900100010090802"},"geometry":{"type":"Polygon","coordinates":[[[172158.961,559345.304],[172156.939,559343.571],[172158.725,559341.487],[172160.747,559343.221],[172158.961,559345.304]]]}},{"type":"Feature","properties":{"relatieveHoogteligging":0,"lokaalID":"G1900.4204d457841f4e608f6c60a79eacc8d0","bgt_status":"bestaand","identificatieBAGPND":"1900100010090806"},"geometry":{"type":"Polygon","coordinates":[[[172098.435,559417.456],[172095.631,559416.802],[172096.135,559414.64],[172098.939,559415.294],[172098.435,559417.456]]]}},{"type":"Feature","properties":{"relatieveHoogteligging":0,"lokaalID":"G1900.5529fbc8337443d9859bffaf50c537a0","bgt_status":"bestaand","identificatieBAGPND":"1900100010090885"},"geometry":{"type":"Polygon","coordinates":[[[172382.658,559162.933],[172382.786,559164.339],[172382.933,559166.375],[172379.083,559166.653],[172378.835,559163.209],[172382.658,559162.933]]]}},{"type":"Feature","properties":{"relatieveHoogteligging":0,"lokaalID":"G1900.5582b0ddaad6418dabc84e6b820ae7c3","bgt_status":"bestaand","identificatieBAGPND":"1900100010090900"},"geometry":{"type":"Polygon","coordinates":[[[172284.439,559369.793],[172286.33,559367.769],[172288.361,559369.667],[172286.47,559371.691],[172284.439,559369.793]]]}},{"type":"Feature","properties":{"relatieveHoogteligging":0,"lokaalID":"G1900.5b2aaea2c835443e91feccecb0eddabb","bgt_status":"bestaand","identificatieBAGPND":"1900100010090868"},"geometry":{"type":"Polygon","coordinates":[[[172151.483,559210.641],[172153.661,559210.39],[172153.975,559213.117],[172151.798,559213.369],[172151.483,559210.641]]]}},{"type":"Feature","properties":{"relatieveHoogteligging":0,"lokaalID":"G1900.6930ac3dea424010b331ace7723dd9d9","bgt_status":"bestaand","identificatieBAGPND":"1900100010090865"},"geometry":{"type":"Polygon","coordinates":[[[172151.829,559265.677],[172151.209,559263.677],[172153.041,559263.11],[172153.661,559265.11],[172151.829,559265.677]]]}},{"type":"Feature","properties":{"relatieveHoogteligging":0,"lokaalID":"G1900.6efd28280a5e4236b6d6d9ce6da3fe55","bgt_status":"bestaand","identificatieBAGPND":"1900100010090850"},"geometry":{"type":"Polygon","coordinates":[[[172023.978,559300.14],[172022.53,559299.032],[172022.432,559298.957],[172023.748,559297.237],[172025.294,559298.421],[172023.978,559300.14]]]}},{"type":"Feature","properties":{"relatieveHoogteligging":0,"lokaalID":"G1900.7eba8b61e7aa4a3cb6e46882e9e4290a","bgt_status":"bestaand","identificatieBAGPND":"1900100010090919"},"geometry":{"type":"Polygon","coordinates":[[[172387.937,559316.202],[172388.143,559319.019],[172384.976,559319.251],[172383.856,559316.5],[172386.235,559316.326],[172387.937,559316.202]]]}},{"type":"Feature","properties":{"relatieveHoogteligging":0,"lokaalID":"G1900.927e54bb2e0d4532b7e9c4e961165933","bgt_status":"bestaand","identificatieBAGPND":"1900100010090882"},"geometry":{"type":"Polygon","coordinates":[[[172275.714,559178.872],[172274.021,559176.248],[172276.417,559174.702],[172278.11,559177.327],[172275.714,559178.872]]]}},{"type":"Feature","properties":{"relatieveHoogteligging":0,"lokaalID":"G1900.9a9706b0cc3846039a76db89889efa1a","bgt_status":"bestaand","identificatieBAGPND":"1900100010090855"},"geometry":{"type":"Polygon","coordinates":[[[172098.301,559284.43],[172097.454,559283.199],[172096.608,559281.969],[172099.183,559280.197],[172100.508,559282.911],[172098.301,559284.43]]]}},{"type":"Feature","properties":{"relatieveHoogteligging":0,"lokaalID":"G1900.abbd066e4a6a4bf7b9b14a33d252ea51","bgt_status":"bestaand","identificatieBAGPND":"1900100010090912"},"geometry":{"type":"Polygon","coordinates":[[[172358.089,559266.584],[172355.726,559266.834],[172355.393,559263.675],[172357.756,559263.425],[172358.089,559266.584]]]}},{"type":"Feature","properties":{"relatieveHoogteligging":0,"lokaalID":"G1900.b3951130439d4d0ab9d093cc065cb664","bgt_status":"bestaand","identificatieBAGPND":"1900100010090799"},"geometry":{"type":"Polygon","coordinates":[[[172280.853,559460.831],[172279.191,559462.602],[172277.484,559461],[172279.146,559459.23],[172279.444,559459.509],[172280.853,559460.831]]]}},{"type":"Feature","properties":{"relatieveHoogteligging":0,"lokaalID":"G1900.e207b39159274b87a080cf011b8981c7","bgt_status":"bestaand","identificatieBAGPND":"1900100010090921"},"geometry":{"type":"Polygon","coordinates":[[[172396.102,559347.992],[172396.647,559347.935],[172396.835,559349.735],[172396.253,559349.796],[172392.536,559350.185],[172392.347,559348.385],[172396.102,559347.992]]]}},{"type":"Feature","properties":{"relatieveHoogteligging":0,"lokaalID":"G1900.7d8f3a7e8782497eb3977bb6a1838379","bgt_status":"bestaand","identificatieBAGPND":"1900100010090864"},"geometry":{"type":"Polygon","coordinates":[[[172145.932,559275.46],[172145.93,559275.451],[172148,559274.786],[172148.004,559274.808],[172148.57,559277.584],[172149.048,559279.933],[172146.925,559280.363],[172146.428,559277.907],[172145.932,559275.46]]]}},{"type":"Feature","properties":{"relatieveHoogteligging":0,"lokaalID":"G1900.9adb5feadaad44459d013239c33f1965","bgt_status":"bestaand","identificatieBAGPND":"0091100000006728","identificatieBAGVBOLaagsteHuisnummer":"0091010000029642","identificatieBAGVBOHoogsteHuisnummer":"0091010000029642","huisnummers":[{"tekst":"85","pos":[172370,559254],"hoek":0}]},"geometry":{"type":"Polygon","coordinates":[[[172367.802,559257.731],[172367.39,559253.36],[172367.381,559253.26],[172374.6,559252.549],[172374.59,559252.45],[172378.21,559252.08],[172378.22,559252.18],[172379.032,559252.12],[172379.04,559252.22],[172379.21,559254.4],[172381.5,559254.222],[172385.37,559253.92],[172385.573,559256.056],[172367.802,559257.731]]]}},{"type":"Feature","properties":{"relatieveHoogteligging":0,"lokaalID":"G1900.b55146a08f9d450ea31df21bf1a6b8a9","bgt_status":"bestaand","identificatieBAGPND":"0091100000009538"},"geometry":{"type":"Polygon","coordinates":[[[172223.194,559239.234],[172223.297,559241.766],[172219.064,559241.938],[172218.96,559239.406],[172223.194,559239.234]]]}},{"type":"Feature","properties":{"relatieveHoogteligging":0,"lokaalID":"G1900.0e64cd66be7a499ca8b08532c52b4fd1","bgt_status":"bestaand","identificatieBAGPND":"0091100000009652"},"geometry":{"type":"Polygon","coordinates":[[[172223.088,559245.472],[172223.19,559247.993],[172223.202,559248.448],[172219.788,559248.587],[172219.666,559245.612],[172223.088,559245.472]]]}},{"type":"Feature","properties":{"relatieveHoogteligging":0,"lokaalID":"G1900.65dede28e16d40418847dcd205d10ed0","bgt_status":"bestaand","identificatieBAGPND":"0091100000006338","identificatieBAGVBOLaagsteHuisnummer":"0091010000030006","identificatieBAGVBOHoogsteHuisnummer":"0091010000030006","huisnummers":[{"tekst":"73","pos":[172209,559243],"hoek":0}]},"geometry":{"type":"Polygon","coordinates":[[[172203.76,559239.918],[172212.06,559239.68],[172212.06,559239.78],[172212.1,559239.78],[172212.22,559243.55],[172217.42,559243.38],[172217.49,559245.6],[172214.85,559245.685],[172212.3,559245.77],[172212.26,559245.77],[172212.25,559245.67],[172203.957,559245.914],[172203.76,559239.918]]]}},{"type":"Feature","properties":{"relatieveHoogteligging":0,"lokaalID":"G1900.dc61d616e31f493682648be40f074b0f","bgt_status":"bestaand","identificatieBAGPND":"0091100000006334","identificatieBAGVBOLaagsteHuisnummer":"0091010000030007","identificatieBAGVBOHoogsteHuisnummer":"0091010000030007","huisnummers":[{"tekst":"75","pos":[172209,559237],"hoek":0}]},"geometry":{"type":"Polygon","coordinates":[[[172203.562,559233.923],[172211.86,559233.69],[172211.87,559233.79],[172211.91,559233.79],[172212.03,559237.56],[172217.22,559237.39],[172217.29,559239.61],[172212.1,559239.78],[172212.06,559239.78],[172212.06,559239.68],[172203.76,559239.918],[172203.562,559233.923]]]}},{"type":"Feature","properties":{"relatieveHoogteligging":0,"lokaalID":"G1900.8ecc54890bbb4369a5dbf4a422966279","bgt_status":"bestaand","identificatieBAGPND":"0091100000006342","identificatieBAGVBOLaagsteHuisnummer":"0091010000030005","identificatieBAGVBOHoogsteHuisnummer":"0091010000030005","huisnummers":[{"tekst":"71","pos":[172209,559249],"hoek":0}]},"geometry":{"type":"Polygon","coordinates":[[[172204.155,559251.909],[172203.957,559245.914],[172212.25,559245.67],[172212.26,559245.77],[172212.3,559245.77],[172214.85,559245.685],[172214.996,559249.456],[172217.61,559249.37],[172217.68,559251.589],[172212.49,559251.76],[172212.45,559251.76],[172212.45,559251.66],[172204.155,559251.909]]]}},{"type":"Feature","properties":{"relatieveHoogteligging":0,"lokaalID":"G1900.a2b0c6a1bbf24e8b94f73a0ec063fe82","bgt_status":"bestaand","identificatieBAGPND":"0091100000012079","identificatieBAGVBOLaagsteHuisnummer":"0091010000022022","identificatieBAGVBOHoogsteHuisnummer":"0091010000022022","huisnummers":[{"tekst":"69","pos":[172212,559253],"hoek":0}]},"geometry":{"type":"Polygon","coordinates":[[[172204.155,559251.909],[172212.45,559251.66],[172212.45,559251.76],[172212.49,559251.76],[172212.61,559255.54],[172217.802,559255.369],[172217.875,559257.58],[172204.355,559257.985],[172204.155,559251.909]]]}},{"type":"Feature","properties":{"relatieveHoogteligging":0,"lokaalID":"G1900.fb502fe3f60d41f6ae9b8896397adbdd","bgt_status":"bestaand","identificatieBAGPND":"0091100000018964","identificatieBAGVBOLaagsteHuisnummer":"0091010000030079","identificatieBAGVBOHoogsteHuisnummer":"0091010000030079","huisnummers":[{"tekst":"64","pos":[172173.827,559232.331],"hoek":0}]},"geometry":{"type":"Polygon","coordinates":[[[172163.251,559237.557],[172163.073,559235.331],[172166.736,559234.967],[172166.341,559230.044],[172175.714,559229.279],[172176.209,559235.349],[172166.827,559236.115],[172166.915,559237.193],[172163.251,559237.557]]]}},{"type":"Feature","properties":{"relatieveHoogteligging":0,"lokaalID":"G1900.6a9fd629b0824f329f9cc61192b5014c","bgt_status":"bestaand","identificatieBAGPND":"0091100000014355","identificatieBAGVBOLaagsteHuisnummer":"0091010000030077","identificatieBAGVBOHoogsteHuisnummer":"0091010000030077","huisnummers":[{"tekst":"62","pos":[172173.999,559238.421],"hoek":0}]},"geometry":{"type":"Polygon","coordinates":[[[172163.74,559243.667],[172163.563,559241.442],[172167.225,559241.079],[172166.915,559237.193],[172166.827,559236.115],[172176.209,559235.349],[172176.705,559241.418],[172167.314,559242.185],[172167.405,559243.303],[172163.74,559243.667]]]}},{"type":"Feature","properties":{"relatieveHoogteligging":0,"lokaalID":"G1900.beec08653feb4b5ba83d19ccb03522cb","bgt_status":"bestaand","identificatieBAGPND":"0091100000014215","identificatieBAGVBOLaagsteHuisnummer":"0091010000030074","identificatieBAGVBOHoogsteHuisnummer":"0091010000030074","huisnummers":[{"tekst":"60","pos":[172174.482,559244.73],"hoek":0}]},"geometry":{"type":"Polygon","coordinates":[[[172164.225,559249.734],[172164.03,559247.496],[172167.71,559247.13],[172167.405,559243.303],[172167.314,559242.185],[172176.705,559241.418],[172177.2,559247.488],[172167.798,559248.256],[172167.888,559249.37],[172164.225,559249.734]]]}},{"type":"Feature","properties":{"relatieveHoogteligging":0,"lokaalID":"G1900.0083fe81b87946669780b6769ce2f477","bgt_status":"bestaand","identificatieBAGPND":"0091100000014250","identificatieBAGVBOLaagsteHuisnummer":"0091010000030067","identificatieBAGVBOHoogsteHuisnummer":"0091010000030067","huisnummers":[{"tekst":"56","pos":[172176.001,559256.403],"hoek":0}]},"geometry":{"type":"Polygon","coordinates":[[[172165.197,559261.871],[172165.023,559259.68],[172168.684,559259.318],[172168.375,559255.444],[172168.284,559254.327],[172177.696,559253.558],[172178.191,559259.628],[172168.77,559260.397],[172168.861,559261.507],[172165.197,559261.871]]]}},{"type":"Feature","properties":{"relatieveHoogteligging":0,"lokaalID":"G1900.350cabbfe99a4efe914925fa13857dc6","bgt_status":"bestaand","identificatieBAGPND":"0091100000014220","identificatieBAGVBOLaagsteHuisnummer":"0091010000030073","identificatieBAGVBOHoogsteHuisnummer":"0091010000030073","huisnummers":[{"tekst":"58","pos":[172175.387,559250.564],"hoek":0}]},"geometry":{"type":"Polygon","coordinates":[[[172177.696,559253.558],[172168.284,559254.327],[172168.375,559255.444],[172164.535,559255.822],[172164.348,559253.626],[172168.199,559253.246],[172167.888,559249.37],[172167.798,559248.256],[172177.2,559247.488],[172177.696,559253.558]]]}},{"type":"Feature","properties":{"relatieveHoogteligging":0,"lokaalID":"G1900.abc9bfd93bf2452a839440d960892ea5","bgt_status":"bestaand","identificatieBAGPND":"0091100000015830","identificatieBAGVBOLaagsteHuisnummer":"0091010000030055","identificatieBAGVBOHoogsteHuisnummer":"0091010000030055","huisnummers":[{"tekst":"68","pos":[172173.008,559220.134],"hoek":0}]},"geometry":{"type":"Polygon","coordinates":[[[172162.281,559225.42],[172162.105,559223.219],[172165.767,559222.855],[172165.363,559217.786],[172174.7,559216.86],[172175.219,559223.209],[172165.856,559223.974],[172165.942,559225.056],[172162.281,559225.42]]]}},{"type":"Feature","properties":{"relatieveHoogteligging":0,"lokaalID":"G1900.9015b7db228d4dc290cbdd58e90af88b","bgt_status":"bestaand","identificatieBAGPND":"0091100000002910","identificatieBAGVBOLaagsteHuisnummer":"0091010000030081","identificatieBAGVBOHoogsteHuisnummer":"0091010000030081","huisnummers":[{"tekst":"66","pos":[172173.338,559226.181],"hoek":0}]},"geometry":{"type":"Polygon","coordinates":[[[172162.766,559231.488],[172162.59,559229.279],[172166.252,559228.915],[172165.856,559223.974],[172175.219,559223.209],[172175.714,559229.279],[172166.341,559230.044],[172166.427,559231.124],[172162.766,559231.488]]]}},{"type":"Feature","properties":{"relatieveHoogteligging":0,"lokaalID":"G1900.25ebc2eacbf0489aa489603583f46632","bgt_status":"bestaand","identificatieBAGPND":"0091100000015823","identificatieBAGVBOLaagsteHuisnummer":"0091010000030089","identificatieBAGVBOHoogsteHuisnummer":"0091010000030089","huisnummers":[{"tekst":"72","pos":[172169.445,559204.605],"hoek":0}]},"geometry":{"type":"Polygon","coordinates":[[[172162.191,559203.196],[172162.093,559201.962],[172171.422,559201.224],[172171.903,559207.295],[172162.575,559208.033],[172162.671,559209.24],[172159.027,559209.588],[172158.851,559207.373],[172162.495,559207.024],[172162.191,559203.196]]]}},{"type":"Feature","properties":{"relatieveHoogteligging":0,"lokaalID":"G1900.94ae83bb5c6e478baebe2a07597635e2","bgt_status":"bestaand","identificatieBAGPND":"0091100000006497","identificatieBAGVBOLaagsteHuisnummer":"0091010000030059","identificatieBAGVBOHoogsteHuisnummer":"0091010000030059","huisnummers":[{"tekst":"70","pos":[172168.65,559210.57],"hoek":0}]},"geometry":{"type":"Polygon","coordinates":[[[172159.51,559215.66],[172159.336,559213.452],[172162.979,559213.103],[172162.671,559209.24],[172162.575,559208.033],[172171.903,559207.295],[172172.396,559213.533],[172163.269,559214.384],[172163.342,559215.301],[172159.51,559215.66]]]}},{"type":"Feature","properties":{"relatieveHoogteligging":0,"lokaalID":"G1900.6ee30eba132f46459fa086daa040f5ac","bgt_status":"bestaand","identificatieBAGPND":"0091100000004661","identificatieBAGVBOLaagsteHuisnummer":"0091010000030092","identificatieBAGVBOHoogsteHuisnummer":"0091010000030092","huisnummers":[{"tekst":"76","pos":[172168.434,559192.172],"hoek":0}]},"geometry":{"type":"Polygon","coordinates":[[[172158.061,559197.432],[172157.886,559195.233],[172161.531,559194.884],[172161.223,559191.02],[172161.128,559189.821],[172170.462,559189.082],[172170.943,559195.153],[172161.611,559195.891],[172161.705,559197.083],[172158.061,559197.432]]]}},{"type":"Feature","properties":{"relatieveHoogteligging":0,"lokaalID":"G1900.7f338572dd5c4bc6850bccb334b8ea47","bgt_status":"bestaand","identificatieBAGPND":"0091100000004669","identificatieBAGVBOLaagsteHuisnummer":"0091010000030091","identificatieBAGVBOHoogsteHuisnummer":"0091010000030091","huisnummers":[{"tekst":"74","pos":[172168.594,559198.022],"hoek":0}]},"geometry":{"type":"Polygon","coordinates":[[[172158.547,559203.544],[172158.37,559201.321],[172162.015,559200.972],[172161.611,559195.891],[172170.943,559195.153],[172171.422,559201.224],[172162.093,559201.962],[172162.191,559203.196],[172158.547,559203.544]]]}},{"type":"Feature","properties":{"relatieveHoogteligging":0,"lokaalID":"G1900.8c70b5c945ca4d2082b9a14efc8bfef0","bgt_status":"bestaand","identificatieBAGPND":"0091100000004657","identificatieBAGVBOLaagsteHuisnummer":"0091010000030093","identificatieBAGVBOHoogsteHuisnummer":"0091010000030093","huisnummers":[{"tekst":"78","pos":[172167.711,559186.024],"hoek":0}]},"geometry":{"type":"Polygon","coordinates":[[[172157.579,559191.369],[172157.404,559189.158],[172161.048,559188.809],[172160.728,559184.791],[172160.646,559183.75],[172169.982,559183.011],[172170.462,559189.082],[172161.128,559189.821],[172161.223,559191.02],[172157.579,559191.369]]]}},{"type":"Feature","properties":{"relatieveHoogteligging":0,"lokaalID":"G1900.920568000d2b432fa2736644c54a5db2","bgt_status":"bestaand","identificatieBAGPND":"0091100000018615","identificatieBAGVBOLaagsteHuisnummer":"0091010000030065","identificatieBAGVBOHoogsteHuisnummer":"0091010000030065","huisnummers":[{"tekst":"80","pos":[172166.693,559179.798],"hoek":0}]},"geometry":{"type":"Polygon","coordinates":[[[172157.085,559185.14],[172156.909,559182.934],[172160.554,559182.585],[172160.165,559177.681],[172169.49,559176.79],[172169.982,559183.011],[172160.646,559183.75],[172160.728,559184.791],[172157.085,559185.14]]]}},{"type":"Feature","properties":{"relatieveHoogteligging":0,"lokaalID":"G1900.ddbb21c63ab141a1a9a2db9d0eb5cd10","bgt_status":"bestaand","identificatieBAGPND":"0091100000006509","identificatieBAGVBOLaagsteHuisnummer":"0091010000030056","identificatieBAGVBOHoogsteHuisnummer":"0091010000030056","huisnummers":[{"tekst":"134","pos":[172175,559139],"hoek":0}]},"geometry":{"type":"Polygon","coordinates":[[[172175.134,559133.973],[172175.239,559133.897],[172180.079,559140.69],[172175.314,559144.12],[172175.208,559144.196],[172171.177,559138.51],[172171.071,559138.586],[172167.234,559133.252],[172169.035,559131.955],[172172.073,559136.178],[172175.134,559133.973]]]}},{"type":"Feature","properties":{"relatieveHoogteligging":0,"lokaalID":"G1900.9fe9392125244a7a88c8891ce0d00986","bgt_status":"bestaand","identificatieBAGPND":"0091100000018619","identificatieBAGVBOLaagsteHuisnummer":"0091010000030063","identificatieBAGVBOHoogsteHuisnummer":"0091010000030063","huisnummers":[{"tekst":"132","pos":[172171,559143],"hoek":0}]},"geometry":{"type":"Polygon","coordinates":[[[172171.071,559138.586],[172171.177,559138.51],[172175.208,559144.196],[172175.314,559144.12],[172176.12,559145.24],[172171.143,559148.819],[172166.289,559142.025],[172166.183,559142.101],[172163.146,559137.88],[172164.952,559136.581],[172167.988,559140.803],[172171.071,559138.586]]]}},{"type":"Feature","properties":{"relatieveHoogteligging":0,"lokaalID":"G1900.604525cf8c1247b58fa5531980e59dd3","bgt_status":"bestaand","identificatieBAGPND":"0091100000002906","identificatieBAGVBOLaagsteHuisnummer":"0091010000030082","identificatieBAGVBOHoogsteHuisnummer":"0091010000030082","huisnummers":[{"tekst":"130","pos":[172166,559147],"hoek":0}]},"geometry":{"type":"Polygon","coordinates":[[[172166.183,559142.101],[172166.289,559142.025],[172171.143,559148.819],[172166.272,559152.322],[172161.422,559145.526],[172161.316,559145.602],[172158.279,559141.38],[172160.075,559140.088],[172163.112,559144.31],[172166.183,559142.101]]]}},{"type":"Feature","properties":{"relatieveHoogteligging":0,"lokaalID":"G1900.71a48cc334ce479a81afc0066fb4ac4a","bgt_status":"bestaand","identificatieBAGPND":"0091100000010018"},"geometry":{"type":"Polygon","coordinates":[[[172172.477,559125.218],[172174.194,559127.749],[172171.635,559129.486],[172169.918,559126.955],[172172.477,559125.218]]]}},{"type":"Feature","properties":{"relatieveHoogteligging":0,"lokaalID":"G1900.397c2976242f4a6ca3eb058e0ee1afb5","bgt_status":"bestaand","identificatieBAGPND":"0091100000006166","identificatieBAGVBOLaagsteHuisnummer":"0091010000030029","identificatieBAGVBOHoogsteHuisnummer":"0091010000030029","huisnummers":[{"tekst":"138","pos":[172184,559131],"hoek":0}]},"geometry":{"type":"Polygon","coordinates":[[[172182.798,559124.163],[172184.82,559126.992],[172184.94,559126.913],[172189.059,559132.624],[172189.165,559132.548],[172189.924,559133.603],[172184.949,559137.184],[172180.129,559130.378],[172180.023,559130.454],[172176.986,559126.232],[172175.576,559124.286],[172177.332,559123.007],[172178.785,559124.937],[172179.828,559126.386],[172182.798,559124.163]]]}},{"type":"Feature","properties":{"relatieveHoogteligging":0,"lokaalID":"G1900.2eb87d07a5d14d699dbcd5acaee4939a","bgt_status":"bestaand","identificatieBAGPND":"0091100000005981","identificatieBAGVBOLaagsteHuisnummer":"0091010000030046","identificatieBAGVBOHoogsteHuisnummer":"0091010000030046","huisnummers":[{"tekst":"136","pos":[172180,559135],"hoek":0}]},"geometry":{"type":"Polygon","coordinates":[[[172180.023,559130.454],[172180.129,559130.378],[172184.949,559137.184],[172180.079,559140.69],[172175.239,559133.897],[172175.134,559133.973],[172172.097,559129.752],[172173.905,559128.45],[172176.942,559132.672],[172180.023,559130.454]]]}},{"type":"Feature","properties":{"relatieveHoogteligging":0,"lokaalID":"G1900.e29816d347d94fca96dffa719ee69698","bgt_status":"bestaand","identificatieBAGPND":"0091100000011489","identificatieBAGVBOLaagsteHuisnummer":"0091010000031468","identificatieBAGVBOHoogsteHuisnummer":"0091010000031468","huisnummers":[{"tekst":"140","pos":[172188,559127],"hoek":0}]},"geometry":{"type":"Polygon","coordinates":[[[172188.944,559122.408],[172189.05,559122.332],[172193.926,559129.121],[172189.165,559132.548],[172189.059,559132.624],[172184.94,559126.913],[172184.82,559126.992],[172182.798,559124.163],[172181.026,559121.7],[172182.828,559120.402],[172185.867,559124.623],[172188.944,559122.408]]]}},{"type":"Feature","properties":{"relatieveHoogteligging":0,"lokaalID":"G1900.b11c8855dc5f4b0cbb439642dfe88358","bgt_status":"bestaand","identificatieBAGPND":"0091100000004972","identificatieBAGVBOLaagsteHuisnummer":"0091010000030025","identificatieBAGVBOHoogsteHuisnummer":"0091010000030025","huisnummers":[{"tekst":"142","pos":[172191,559123],"hoek":0}]},"geometry":{"type":"Polygon","coordinates":[[[172193.93,559118.818],[172194.014,559118.757],[172198.9,559125.54],[172193.926,559129.121],[172189.05,559122.332],[172188.944,559122.408],[172185.904,559118.187],[172187.698,559116.896],[172190.737,559121.117],[172193.93,559118.818]]]}},{"type":"Feature","properties":{"relatieveHoogteligging":0,"lokaalID":"G1900.afd1db7f4fdf4bcdb9072c5a28abba35","bgt_status":"bestaand","identificatieBAGPND":"0091100000012074","identificatieBAGVBOLaagsteHuisnummer":"0091010000022023","identificatieBAGVBOHoogsteHuisnummer":"0091010000022023","huisnummers":[{"tekst":"77","pos":[172211,559230],"hoek":0}]},"geometry":{"type":"Polygon","coordinates":[[[172203.562,559233.923],[172203.36,559227.79],[172204.86,559227.745],[172204.76,559224.708],[172211.595,559224.502],[172211.84,559231.57],[172217.04,559231.4],[172217.1,559233.62],[172211.91,559233.79],[172211.87,559233.79],[172211.86,559233.69],[172203.562,559233.923]]]}},{"type":"Feature","properties":{"relatieveHoogteligging":0,"lokaalID":"G1900.4cde31e325234d4bb41a5d8f93a4c972","bgt_status":"bestaand","identificatieBAGPND":"0091100000015231","identificatieBAGVBOLaagsteHuisnummer":"0091010000031270","identificatieBAGVBOHoogsteHuisnummer":"0091010000031270","huisnummers":[{"tekst":"79","pos":[172213,559217],"hoek":0}]},"geometry":{"type":"Polygon","coordinates":[[[172206.786,559220.433],[172207.951,559218.56],[172207.664,559218.384],[172209.247,559215.779],[172207.91,559214.96],[172211.071,559209.761],[172218.17,559214.17],[172218.132,559214.239],[172218.17,559214.26],[172216.21,559217.49],[172220.66,559220.17],[172219.51,559222.07],[172221.457,559223.229],[172220.52,559224.783],[172220.288,559225.168],[172214.977,559223.264],[172215.046,559223.15],[172215.152,559222.975],[172210.944,559220.395],[172210.238,559221.569],[172209.902,559222.128],[172206.52,559220.861],[172206.786,559220.433]]]}},{"type":"Feature","properties":{"relatieveHoogteligging":0,"lokaalID":"G1900.05244b4e4baa4be396538131a553f257","bgt_status":"bestaand","identificatieBAGPND":"0091100000012914","identificatieBAGVBOLaagsteHuisnummer":"0091010000029987","identificatieBAGVBOHoogsteHuisnummer":"0091010000029987","huisnummers":[{"tekst":"81","pos":[172216,559210],"hoek":0}]},"geometry":{"type":"Polygon","coordinates":[[[172214.172,559204.661],[172221.27,559209.04],[172221.232,559209.109],[172221.27,559209.13],[172219.32,559212.36],[172223.76,559215.05],[172222.61,559216.94],[172218.17,559214.26],[172218.132,559214.239],[172218.17,559214.17],[172211.071,559209.761],[172214.172,559204.661]]]}},{"type":"Feature","properties":{"relatieveHoogteligging":0,"lokaalID":"G1900.329e7a06d14b4ba7a5f4c3ea5c9f2ecd","bgt_status":"bestaand","identificatieBAGPND":"0091100000002316","identificatieBAGVBOLaagsteHuisnummer":"0091010000033417","identificatieBAGVBOHoogsteHuisnummer":"0091010000033417","huisnummers":[{"tekst":"83","pos":[172220,559206],"hoek":0}]},"geometry":{"type":"Polygon","coordinates":[[[172227.852,559202.133],[172226.189,559204.89],[172224.459,559203.847],[172222.42,559207.23],[172226.86,559209.92],[172225.71,559211.82],[172221.27,559209.13],[172221.232,559209.109],[172221.27,559209.04],[172214.172,559204.661],[172217.34,559199.45],[172220.138,559201.142],[172221.944,559198.156],[172226.051,559200.64],[172227.852,559202.133]]]}},{"type":"Feature","properties":{"relatieveHoogteligging":0,"lokaalID":"G1900.c57cf305fc494588b63cc1eff92c79db","bgt_status":"bestaand","identificatieBAGPND":"0091100000012514"},"geometry":{"type":"Polygon","coordinates":[[[172213.48,559107.081],[172215.453,559107.685],[172215.364,559107.976],[172214.439,559111.004],[172212.491,559110.41],[172212.286,559110.347],[172213.302,559107.027],[172213.48,559107.081]]]}},{"type":"Feature","properties":{"relatieveHoogteligging":0,"lokaalID":"G1900.981fa42c52ef4d0bbb8bd24c5bb1c41d","bgt_status":"bestaand","identificatieBAGPND":"0091100000012934","identificatieBAGVBOLaagsteHuisnummer":"0091010000029982","identificatieBAGVBOHoogsteHuisnummer":"0091010000029982","huisnummers":[{"tekst":"144","pos":[172213,559118],"hoek":0}]},"geometry":{"type":"Polygon","coordinates":[[[172208.42,559124.07],[172212.28,559111.08],[172214.407,559111.715],[172212.925,559116.701],[172216.551,559117.781],[172216.589,559117.792],[172214.303,559125.824],[172208.42,559124.07]]]}},{"type":"Feature","properties":{"relatieveHoogteligging":0,"lokaalID":"G1900.d2d72d3de72c4725ac120a3f16221f76","bgt_status":"bestaand","identificatieBAGPND":"0091100000012938","identificatieBAGVBOLaagsteHuisnummer":"0091010000029981","identificatieBAGVBOHoogsteHuisnummer":"0091010000029981","huisnummers":[{"tekst":"146","pos":[172218,559121],"hoek":0}]},"geometry":{"type":"Polygon","coordinates":[[[172214.303,559125.824],[172216.589,559117.792],[172216.551,559117.781],[172218.031,559112.796],[172218.751,559110.35],[172220.834,559110.994],[172220.154,559113.429],[172218.672,559118.414],[172222.301,559119.495],[172222.435,559119.535],[172220.062,559127.541],[172219.928,559127.501],[172214.303,559125.824]]]}},{"type":"Feature","properties":{"relatieveHoogteligging":0,"lokaalID":"G1900.7c54f36926be4314b6ec089222686098","bgt_status":"bestaand","identificatieBAGPND":"0091100000008443","identificatieBAGVBOLaagsteHuisnummer":"0091010000029967","identificatieBAGVBOHoogsteHuisnummer":"0091010000029967","huisnummers":[{"tekst":"148","pos":[172224,559126],"hoek":0}]},"geometry":{"type":"Polygon","coordinates":[[[172219.928,559127.501],[172220.062,559127.541],[172222.435,559119.535],[172222.301,559119.495],[172223.182,559116.528],[172225.277,559117.153],[172223.804,559122.137],[172227.422,559123.217],[172227.547,559123.254],[172225.188,559131.311],[172219.314,559129.56],[172219.928,559127.501]]]}},{"type":"Feature","properties":{"relatieveHoogteligging":0,"lokaalID":"G1900.59fff6f4226b442d8fdbd0471ba3b176","bgt_status":"bestaand","identificatieBAGPND":"0091100000014851","identificatieBAGVBOLaagsteHuisnummer":"0091010000029958","identificatieBAGVBOHoogsteHuisnummer":"0091010000029958","huisnummers":[{"tekst":"150","pos":[172230,559127],"hoek":0}]},"geometry":{"type":"Polygon","coordinates":[[[172225.188,559131.311],[172227.547,559123.254],[172227.422,559123.217],[172228.896,559118.232],[172231.035,559118.869],[172229.562,559123.855],[172233.172,559124.931],[172233.297,559124.968],[172230.937,559133.025],[172225.188,559131.311]]]}},{"type":"Feature","properties":{"relatieveHoogteligging":0,"lokaalID":"G1900.ee182fab52b146fc8c602b6b800f5ce5","bgt_status":"bestaand","identificatieBAGPND":"0091100000015035","identificatieBAGVBOLaagsteHuisnummer":"0091010000029946","identificatieBAGVBOHoogsteHuisnummer":"0091010000029946","huisnummers":[{"tekst":"152","pos":[172235,559129],"hoek":0}]},"geometry":{"type":"Polygon","coordinates":[[[172230.937,559133.025],[172233.297,559124.968],[172233.172,559124.931],[172234.645,559119.947],[172236.779,559120.582],[172235.305,559125.568],[172238.935,559126.65],[172239.06,559126.687],[172236.686,559134.739],[172230.937,559133.025]]]}},{"type":"Feature","properties":{"relatieveHoogteligging":0,"lokaalID":"G1900.a1bb4d5ad6bf4e96aa4aa5a9f6742a32","bgt_status":"bestaand","identificatieBAGPND":"1900100010086642"},"geometry":{"type":"Polygon","coordinates":[[[172234.136,559107.594],[172235.011,559104.733],[172237.4,559105.463],[172236.525,559108.324],[172234.136,559107.594]]]}},{"type":"Feature","properties":{"relatieveHoogteligging":0,"lokaalID":"G1900.3c583616b95545b099fc325e149e077c","bgt_status":"bestaand","identificatieBAGPND":"0091100000012506"},"geometry":{"type":"Polygon","coordinates":[[[172244.46,559116.694],[172243.857,559118.561],[172241.509,559117.803],[172242.095,559115.986],[172242.721,559114.046],[172245.07,559114.804],[172244.46,559116.694]]]}},{"type":"Feature","properties":{"relatieveHoogteligging":0,"lokaalID":"G1900.219cdc7b822a44fd81640b5a9c9aae5a","bgt_status":"bestaand","identificatieBAGPND":"0091100000002312","identificatieBAGVBOLaagsteHuisnummer":"0091010000033419","identificatieBAGVBOHoogsteHuisnummer":"0091010000033419","huisnummers":[{"tekst":"154","pos":[172240,559129],"hoek":0}]},"geometry":{"type":"Polygon","coordinates":[[[172236.686,559134.739],[172239.06,559126.687],[172238.935,559126.65],[172240.409,559121.664],[172242.541,559122.299],[172242.142,559123.651],[172246.006,559124.793],[172245.327,559127.206],[172248.241,559128.073],[172246.32,559134.531],[172243.396,559133.661],[172242.56,559136.49],[172236.686,559134.739]]]}},{"type":"Feature","properties":{"relatieveHoogteligging":0,"lokaalID":"G1900.ed3b8dca51204b57af8a2cb437b1c28b","bgt_status":"bestaand","identificatieBAGPND":"0091100000006373","identificatieBAGVBOLaagsteHuisnummer":"0091010000029902","identificatieBAGVBOHoogsteHuisnummer":"0091010000029902","huisnummers":[{"tekst":"2","pos":[172244,559107],"hoek":0}]},"geometry":{"type":"Polygon","coordinates":[[[172244.051,559099.359],[172253.586,559102.193],[172251.567,559109.03],[172247.367,559107.79],[172246.554,559110.544],[172239.833,559108.56],[172240.723,559105.547],[172242.102,559105.956],[172244.051,559099.359]]]}},{"type":"Feature","properties":{"relatieveHoogteligging":0,"lokaalID":"G1900.177727e5f3a24544a79eba0d86a60a6e","bgt_status":"bestaand","identificatieBAGPND":"0091100000014798","identificatieBAGVBOLaagsteHuisnummer":"0091010000029935","identificatieBAGVBOHoogsteHuisnummer":"0091010000029935","huisnummers":[{"tekst":"89","pos":[172240,559185],"hoek":0}]},"geometry":{"type":"Polygon","coordinates":[[[172243.778,559196.697],[172242.89,559195.31],[172241.273,559192.783],[172241.237,559192.806],[172240.03,559190.92],[172240.11,559190.87],[172235.564,559183.862],[172240.604,559180.622],[172245.16,559187.63],[172245.116,559187.657],[172245.13,559187.68],[172241.94,559189.73],[172244.75,559194.11],[172244.221,559194.451],[172245.113,559195.841],[172243.778,559196.697]]]}},{"type":"Feature","properties":{"relatieveHoogteligging":0,"lokaalID":"G1900.8b3d382e9d064abab59a8897dd79c602","bgt_status":"bestaand","identificatieBAGPND":"0091100000014206","identificatieBAGVBOLaagsteHuisnummer":"0091010000029920","identificatieBAGVBOHoogsteHuisnummer":"0091010000029920","huisnummers":[{"tekst":"91","pos":[172245,559182],"hoek":0}]},"geometry":{"type":"Polygon","coordinates":[[[172248.832,559193.454],[172247.94,559192.06],[172245.13,559187.68],[172245.116,559187.657],[172245.16,559187.63],[172240.604,559180.622],[172245.645,559177.382],[172250.22,559184.38],[172250.165,559184.417],[172250.18,559184.44],[172247,559186.48],[172249.81,559190.86],[172250.704,559192.254],[172248.832,559193.454]]]}},{"type":"Feature","properties":{"relatieveHoogteligging":0,"lokaalID":"G1900.33749d36852d4f6d9039440b0a9173c0","bgt_status":"bestaand","identificatieBAGPND":"0091100000009876","identificatieBAGVBOLaagsteHuisnummer":"0091010000029906","identificatieBAGVBOHoogsteHuisnummer":"0091010000029906","huisnummers":[{"tekst":"93","pos":[172250,559181],"hoek":0}]},"geometry":{"type":"Polygon","coordinates":[[[172245.645,559177.382],[172250.86,559174.03],[172255.38,559181.06],[172252.05,559183.24],[172254.86,559187.62],[172253,559188.82],[172250.18,559184.44],[172250.165,559184.417],[172250.22,559184.38],[172245.645,559177.382]]]}},{"type":"Feature","properties":{"relatieveHoogteligging":0,"lokaalID":"G1900.9c36eb7d0fd14e5f8f4878eb41d9c8ba","bgt_status":"bestaand","identificatieBAGPND":"0091100000006442","identificatieBAGVBOLaagsteHuisnummer":"0091010000029891","identificatieBAGVBOHoogsteHuisnummer":"0091010000029891","huisnummers":[{"tekst":"12","pos":[172254,559210],"hoek":0}]},"geometry":{"type":"Polygon","coordinates":[[[172254.863,559203.213],[172256.64,559205.98],[172256.72,559205.93],[172261.265,559212.953],[172256.17,559216.22],[172254.272,559213.279],[172251.566,559215.026],[172246.379,559209.313],[172250.143,559206.883],[172248.83,559204.85],[172250.7,559203.65],[172251.761,559205.305],[172254.863,559203.213]]]}},{"type":"Feature","properties":{"relatieveHoogteligging":0,"lokaalID":"G1900.e154a5337738400086b00b69ae4e5434","bgt_status":"bestaand","identificatieBAGPND":"0091100000012663","identificatieBAGVBOLaagsteHuisnummer":"0091010000029911","identificatieBAGVBOHoogsteHuisnummer":"0091010000029911","huisnummers":[{"tekst":"11","pos":[172243,559223],"hoek":0}]},"geometry":{"type":"Polygon","coordinates":[[[172248.623,559226.13],[172240.409,559224.44],[172240.39,559224.53],[172235.3,559223.449],[172235.76,559221.28],[172240.86,559222.36],[172241.7,559218.4],[172242.47,559218.561],[172243.088,559215.608],[172248.98,559216.842],[172248.411,559219.8],[172249.9,559220.11],[172248.623,559226.13]]]}},{"type":"Feature","properties":{"relatieveHoogteligging":0,"lokaalID":"G1900.9eb01af2a03644679fef5205cd11fedc","bgt_status":"bestaand","identificatieBAGPND":"0091100000016526","identificatieBAGVBOLaagsteHuisnummer":"0091010000029910","identificatieBAGVBOHoogsteHuisnummer":"0091010000029910","huisnummers":[{"tekst":"10","pos":[172243,559228],"hoek":0}]},"geometry":{"type":"Polygon","coordinates":[[[172240.39,559224.53],[172240.409,559224.44],[172248.623,559226.13],[172247.378,559232.002],[172239.11,559230.3],[172239.09,559230.4],[172236.505,559229.85],[172236.507,559229.84],[172234.06,559229.32],[172234.52,559227.15],[172239.6,559228.23],[172240.39,559224.53]]]}},{"type":"Feature","properties":{"relatieveHoogteligging":0,"lokaalID":"G1900.2ce54cbbbc1241799e3e4b31cc336c65","bgt_status":"bestaand","identificatieBAGPND":"0091100000014881","identificatieBAGVBOLaagsteHuisnummer":"0091010000029952","identificatieBAGVBOHoogsteHuisnummer":"0091010000029952","huisnummers":[{"tekst":"87","pos":[172235,559190],"hoek":0}]},"geometry":{"type":"Polygon","coordinates":[[[172236.845,559197.092],[172234.97,559194.17],[172235.06,559194.11],[172230.524,559187.102],[172235.564,559183.862],[172240.11,559190.87],[172240.03,559190.92],[172241.237,559192.806],[172238.089,559194.854],[172239.69,559197.35],[172237.83,559198.55],[172236.88,559197.069],[172236.845,559197.092]]]}},{"type":"Feature","properties":{"relatieveHoogteligging":0,"lokaalID":"G1900.2feacf55d29247579cadfe279f0ea2b3","bgt_status":"bestaand","identificatieBAGPND":"0091100000002314","identificatieBAGVBOLaagsteHuisnummer":"0091010000033418","identificatieBAGVBOHoogsteHuisnummer":"0091010000033418","huisnummers":[{"tekst":"85","pos":[172230,559194],"hoek":0}]},"geometry":{"type":"Polygon","coordinates":[[[172228.811,559201.109],[172224.607,559194.567],[172227.105,559192.961],[172225.44,559190.37],[172230.524,559187.102],[172235.06,559194.11],[172234.97,559194.17],[172236.845,559197.092],[172233.69,559199.119],[172234.64,559200.6],[172230.851,559203.024],[172228.867,559201.196],[172228.811,559201.109]]]}},{"type":"Feature","properties":{"relatieveHoogteligging":0,"lokaalID":"G1900.b4c60e7713f84a68a0302e33616168f7","bgt_status":"bestaand","identificatieBAGPND":"0091100000009530"},"geometry":{"type":"Polygon","coordinates":[[[172227.342,559229.888],[172230.021,559230.411],[172229.383,559233.678],[172226.704,559233.154],[172227.342,559229.888]]]}},{"type":"Feature","properties":{"relatieveHoogteligging":0,"lokaalID":"G1900.58c9e270a5544ad39b95f27b34617902","bgt_status":"bestaand","identificatieBAGPND":"0091100000009656"},"geometry":{"type":"Polygon","coordinates":[[[172233.839,559251.355],[172229.135,559251.391],[172229.134,559251.241],[172229.111,559248.233],[172233.815,559248.197],[172233.839,559251.355]]]}},{"type":"Feature","properties":{"relatieveHoogteligging":0,"lokaalID":"G1900.d151cc7218a348368e4d04f028b4577c","bgt_status":"bestaand","identificatieBAGPND":"0091100000014876","identificatieBAGVBOLaagsteHuisnummer":"0091010000029953","identificatieBAGVBOHoogsteHuisnummer":"0091010000029953","huisnummers":[{"tekst":"6","pos":[172240,559257],"hoek":0}]},"geometry":{"type":"Polygon","coordinates":[[[172243.963,559261.009],[172235.546,559261.309],[172235.55,559261.41],[172230.36,559261.59],[172230.28,559259.37],[172232.196,559259.304],[172232.07,559255.301],[172235.38,559255.15],[172243.76,559254.87],[172243.963,559261.009]]]}},{"type":"Feature","properties":{"relatieveHoogteligging":0,"lokaalID":"G1900.36ea787faac24d7eab932d4eb16c5500","bgt_status":"bestaand","identificatieBAGPND":"0091100000014236","identificatieBAGVBOLaagsteHuisnummer":"0091010000029914","identificatieBAGVBOHoogsteHuisnummer":"0091010000029914","huisnummers":[{"tekst":"9","pos":[172242,559234],"hoek":0}]},"geometry":{"type":"Polygon","coordinates":[[[172236.505,559229.85],[172239.09,559230.4],[172239.11,559230.3],[172247.378,559232.002],[172246.132,559237.874],[172237.909,559236.178],[172237.89,559236.27],[172232.8,559235.19],[172233.26,559233.02],[172235.751,559233.549],[172236.505,559229.85]]]}},{"type":"Feature","properties":{"relatieveHoogteligging":0,"lokaalID":"G1900.78563bad425e4ad8a3e8b6d5b28aaae2","bgt_status":"bestaand","identificatieBAGPND":"0091100000007058","identificatieBAGVBOLaagsteHuisnummer":"0091010000029819","identificatieBAGVBOHoogsteHuisnummer":"0091010000029819","huisnummers":[{"tekst":"2","pos":[172288,559188],"hoek":0}]},"geometry":{"type":"Polygon","coordinates":[[[172289.805,559184.172],[172294.582,559191.768],[172289.37,559195.1],[172285.689,559189.348],[172283.166,559190.963],[172279.952,559185.941],[172284.756,559182.866],[172286.816,559186.085],[172289.805,559184.172]]]}},{"type":"Feature","properties":{"relatieveHoogteligging":0,"lokaalID":"G1900.b34217e1cba04f6cb2fefe7cebb5a6a7","bgt_status":"bestaand","identificatieBAGPND":"0091100000004983","identificatieBAGVBOLaagsteHuisnummer":"0091010000029882","identificatieBAGVBOHoogsteHuisnummer":"0091010000029882","huisnummers":[{"tekst":"14","pos":[172265,559203],"hoek":0}]},"geometry":{"type":"Polygon","coordinates":[[[172261.73,559202.74],[172258.92,559198.36],[172260.79,559197.16],[172263.61,559201.55],[172267.02,559199.34],[172271.53,559206.37],[172266.312,559209.716],[172261.786,559202.704],[172261.73,559202.74]]]}},{"type":"Feature","properties":{"relatieveHoogteligging":0,"lokaalID":"G1900.a0e170990e234983b4a3b280b14587e2","bgt_status":"bestaand","identificatieBAGPND":"0091100000004987","identificatieBAGVBOLaagsteHuisnummer":"0091010000029881","identificatieBAGVBOHoogsteHuisnummer":"0091010000029881","huisnummers":[{"tekst":"13","pos":[172261,559208],"hoek":0}]},"geometry":{"type":"Polygon","coordinates":[[[172261.73,559202.74],[172261.786,559202.704],[172266.312,559209.716],[172261.265,559212.953],[172256.72,559205.93],[172256.64,559205.98],[172254.863,559203.213],[172254.899,559203.189],[172253.88,559201.6],[172255.74,559200.4],[172258.55,559204.78],[172261.73,559202.74]]]}},{"type":"Feature","properties":{"relatieveHoogteligging":0,"lokaalID":"G1900.03b7ec3704b74a2287e521a2e61520c4","bgt_status":"bestaand","identificatieBAGPND":"0091100000013752","identificatieBAGVBOLaagsteHuisnummer":"0091010000032461","identificatieBAGVBOHoogsteHuisnummer":"0091010000032461","huisnummers":[{"tekst":"1","pos":[172257.617,559129.78],"hoek":0}]},"geometry":{"type":"Polygon","coordinates":[[[172257.77,559127.83],[172259.64,559130.75],[172257.53,559132.12],[172255.662,559129.16],[172257.77,559127.83]]]}},{"type":"Feature","properties":{"relatieveHoogteligging":0,"lokaalID":"G1900.f21639d0c77a458a8f4ecdf84d7443e3","bgt_status":"bestaand","identificatieBAGPND":"0091100000008628","identificatieBAGVBOLaagsteHuisnummer":"0091010000029857","identificatieBAGVBOHoogsteHuisnummer":"0091010000029857","huisnummers":[{"tekst":"82","pos":[172264,559125],"hoek":0}]},"geometry":{"type":"Polygon","coordinates":[[[172263.23,559129.93],[172259.484,559124.022],[172262.134,559122.342],[172262.904,559123.557],[172268.761,559119.844],[172273.976,559128.216],[172267.93,559132],[172265.62,559128.3],[172263.23,559129.93]]]}},{"type":"Feature","properties":{"relatieveHoogteligging":0,"lokaalID":"G1900.545ea13adf744500a4337284806e39dd","bgt_status":"bestaand","identificatieBAGPND":"0091100000006609","identificatieBAGVBOLaagsteHuisnummer":"0091010000029874","identificatieBAGVBOHoogsteHuisnummer":"0091010000029874","huisnummers":[{"tekst":"84","pos":[172273,559119],"hoek":0}]},"geometry":{"type":"Polygon","coordinates":[[[172273.976,559128.216],[172268.761,559119.844],[172274.501,559116.205],[172273.731,559114.989],[172276.38,559113.31],[172280.121,559119.209],[172277.707,559120.74],[172280.04,559124.42],[172273.976,559128.216]]]}},{"type":"Feature","properties":{"relatieveHoogteligging":0,"lokaalID":"G1900.13f8e0fe400745378168f564a123e9e4","bgt_status":"bestaand","identificatieBAGPND":"0091100000008648","identificatieBAGVBOLaagsteHuisnummer":"0091010000029852","identificatieBAGVBOHoogsteHuisnummer":"0091010000029852","huisnummers":[{"tekst":"95","pos":[172272,559167],"hoek":0}]},"geometry":{"type":"Polygon","coordinates":[[[172267.851,559167.157],[172270.227,559165.683],[172267.7,559161.61],[172273.157,559158.201],[172278.474,559166.772],[172274.144,559169.458],[172274.787,559170.493],[172271.273,559172.673],[172267.851,559167.157]]]}},{"type":"Feature","properties":{"relatieveHoogteligging":0,"lokaalID":"G1900.9cfcffdc1ae04a2c877376e70cfddf6f","bgt_status":"bestaand","identificatieBAGPND":"0091100000008652","identificatieBAGVBOLaagsteHuisnummer":"0091010000029851","identificatieBAGVBOHoogsteHuisnummer":"0091010000029851","huisnummers":[{"tekst":"97","pos":[172279,559163],"hoek":0}]},"geometry":{"type":"Polygon","coordinates":[[[172278.474,559166.772],[172273.157,559158.201],[172278.6,559154.8],[172281.132,559158.882],[172283.491,559157.418],[172285.603,559156.107],[172287.662,559159.423],[172289.898,559163.024],[172287.784,559164.335],[172286.93,559162.959],[172283.408,559165.144],[172282.766,559164.109],[172278.474,559166.772]]]}},{"type":"Feature","properties":{"relatieveHoogteligging":0,"lokaalID":"G1900.fa05877a5a684b9192dd74db225524ed","bgt_status":"bestaand","identificatieBAGPND":"0091100000007050","identificatieBAGVBOLaagsteHuisnummer":"0091010000029821","identificatieBAGVBOHoogsteHuisnummer":"0091010000029821","huisnummers":[{"tekst":"86","pos":[172284,559112],"hoek":0}]},"geometry":{"type":"Polygon","coordinates":[[[172289.096,559107.044],[172294.341,559115.464],[172288.28,559119.25],[172285.973,559115.547],[172283.526,559117.071],[172279.822,559111.125],[172282.48,559109.468],[172283.242,559110.691],[172289.096,559107.044]]]}},{"type":"Feature","properties":{"relatieveHoogteligging":0,"lokaalID":"G1900.5f70e3c51aa84bd6a5c4689425c2a636","bgt_status":"bestaand","identificatieBAGPND":"0091100000007278","identificatieBAGVBOLaagsteHuisnummer":"0091010000029831","identificatieBAGVBOHoogsteHuisnummer":"0091010000029831","huisnummers":[{"tekst":"88","pos":[172294,559106],"hoek":0}]},"geometry":{"type":"Polygon","coordinates":[[[172289.096,559107.044],[172294.913,559103.42],[172294.151,559102.197],[172296.81,559100.54],[172300.5,559106.47],[172298.052,559107.978],[172300.35,559111.71],[172294.341,559115.464],[172289.096,559107.044]]]}},{"type":"Feature","properties":{"relatieveHoogteligging":0,"lokaalID":"G1900.ed8d6413c2e543d9bf83d8462b1e0848","bgt_status":"bestaand","identificatieBAGPND":"0091100000010864","identificatieBAGVBOLaagsteHuisnummer":"0091010000029786","identificatieBAGVBOHoogsteHuisnummer":"0091010000029786","huisnummers":[{"tekst":"101","pos":[172301,559152],"hoek":0}]},"geometry":{"type":"Polygon","coordinates":[[[172304.864,559147.642],[172308.3,559153.149],[172304.852,559155.295],[172304.208,559154.259],[172299.874,559156.957],[172294.54,559148.409],[172300,559145.01],[172302.529,559149.09],[172304.864,559147.642]]]}},{"type":"Feature","properties":{"relatieveHoogteligging":0,"lokaalID":"G1900.bdfa78c6024c42b290794bb03706169d","bgt_status":"bestaand","identificatieBAGPND":"0091100000007408","identificatieBAGVBOLaagsteHuisnummer":"0091010000029806","identificatieBAGVBOHoogsteHuisnummer":"0091010000029806","huisnummers":[{"tekst":"99","pos":[172293,559157],"hoek":0}]},"geometry":{"type":"Polygon","coordinates":[[[172294.54,559148.409],[172299.874,559156.957],[172295.579,559159.63],[172296.228,559160.674],[172292.707,559162.865],[172290.61,559164.17],[172289.898,559163.024],[172287.662,559159.423],[172289.754,559158.121],[172289.274,559157.35],[172291.65,559155.871],[172289.11,559151.79],[172294.54,559148.409]]]}},{"type":"Feature","properties":{"relatieveHoogteligging":0,"lokaalID":"G1900.2da211d86753454f87a449c1d346b04e","bgt_status":"bestaand","identificatieBAGPND":"0091100000007206","identificatieBAGVBOLaagsteHuisnummer":"0091010000029817","identificatieBAGVBOHoogsteHuisnummer":"0091010000029817","huisnummers":[{"tekst":"4","pos":[172295,559186],"hoek":0}]},"geometry":{"type":"Polygon","coordinates":[[[172295.005,559180.857],[172294.837,559180.964],[172299.705,559188.493],[172294.582,559191.768],[172289.805,559184.172],[172292.71,559182.313],[172289.974,559178.037],[172292.263,559176.572],[172293.368,559178.298],[172295.005,559180.857]]]}},{"type":"Feature","properties":{"relatieveHoogteligging":0,"lokaalID":"G1900.2a1cfa7b6be44e7eb272c7f6ee983d09","bgt_status":"bestaand","identificatieBAGPND":"0091100000007404","identificatieBAGVBOLaagsteHuisnummer":"0091010000029807","identificatieBAGVBOHoogsteHuisnummer":"0091010000029807","huisnummers":[{"tekst":"6","pos":[172300.476,559183.428],"hoek":0}]},"geometry":{"type":"Polygon","coordinates":[[[172299.705,559188.493],[172294.837,559180.964],[172295.005,559180.857],[172293.368,559178.298],[172296.176,559176.501],[172295.072,559174.775],[172299.868,559171.706],[172303.758,559177.785],[172301.234,559179.4],[172304.92,559185.16],[172299.705,559188.493]]]}},{"type":"Feature","properties":{"relatieveHoogteligging":0,"lokaalID":"G1900.50386e1f1a92492592efa3a5200db6f2","bgt_status":"bestaand","identificatieBAGPND":"0091100000014141","identificatieBAGVBOLaagsteHuisnummer":"0091010000029765","identificatieBAGVBOHoogsteHuisnummer":"0091010000029765","huisnummers":[{"tekst":"8","pos":[172314,559175],"hoek":0}]},"geometry":{"type":"Polygon","coordinates":[[[172317.57,559172.582],[172318.341,559181.57],[172312.18,559182.1],[172311.592,559175.244],[172308.592,559175.502],[172308.077,559169.526],[172313.772,559169.035],[172314.103,559172.881],[172317.57,559172.582]]]}},{"type":"Feature","properties":{"relatieveHoogteligging":0,"lokaalID":"G1900.03410273b41d49dd8be3d54f6c0ece6e","bgt_status":"bestaand","identificatieBAGPND":"0091100000009448","identificatieBAGVBOLaagsteHuisnummer":"0091010000029770","identificatieBAGVBOHoogsteHuisnummer":"0091010000029770","huisnummers":[{"tekst":"105","pos":[172315,559144],"hoek":0}]},"geometry":{"type":"Polygon","coordinates":[[[172310.108,559138.714],[172315.57,559135.31],[172318.11,559139.391],[172320.495,559137.907],[172323.927,559143.423],[172320.406,559145.614],[172319.756,559144.571],[172315.44,559147.257],[172310.108,559138.714]]]}},{"type":"Feature","properties":{"relatieveHoogteligging":0,"lokaalID":"G1900.384ba1e47d544851a705457f78484724","bgt_status":"bestaand","identificatieBAGPND":"0091100000009231","identificatieBAGVBOLaagsteHuisnummer":"0091010000029776","identificatieBAGVBOHoogsteHuisnummer":"0091010000029776","huisnummers":[{"tekst":"103","pos":[172310,559146],"hoek":0}]},"geometry":{"type":"Polygon","coordinates":[[[172310.108,559138.714],[172315.44,559147.257],[172311.144,559149.931],[172311.793,559150.975],[172308.3,559153.149],[172304.864,559147.642],[172307.194,559146.198],[172304.66,559142.11],[172310.108,559138.714]]]}},{"type":"Feature","properties":{"relatieveHoogteligging":0,"lokaalID":"G1900.87f09c19d3bc49b4b8f795babac07999","bgt_status":"bestaand","identificatieBAGPND":"0091100000008546","identificatieBAGVBOLaagsteHuisnummer":"0091010000029729","identificatieBAGVBOHoogsteHuisnummer":"0091010000029729","huisnummers":[{"tekst":"107","pos":[172326,559133],"hoek":0}]},"geometry":{"type":"Polygon","coordinates":[[[172328.423,559123.743],[172333.771,559132.312],[172329.417,559135.024],[172330.064,559136.062],[172326.556,559138.247],[172323.115,559132.722],[172325.515,559131.226],[172322.97,559127.14],[172328.423,559123.743]]]}},{"type":"Feature","properties":{"relatieveHoogteligging":0,"lokaalID":"G1900.5cd604d96697441f8107d2c354fb17eb","bgt_status":"bestaand","identificatieBAGPND":"0091100000008550","identificatieBAGVBOLaagsteHuisnummer":"0091010000029728","identificatieBAGVBOHoogsteHuisnummer":"0091010000029728","huisnummers":[{"tekst":"109","pos":[172335,559128],"hoek":0}]},"geometry":{"type":"Polygon","coordinates":[[[172338.759,559122.968],[172342.21,559128.496],[172342.142,559128.539],[172345.762,559134.676],[172342.399,559136.82],[172338.722,559130.669],[172338.075,559129.631],[172333.771,559132.312],[172328.423,559123.743],[172333.87,559120.35],[172336.427,559124.429],[172338.759,559122.968]]]}},{"type":"Feature","properties":{"relatieveHoogteligging":0,"lokaalID":"G1900.d36b663def9a49178eb2a9903db3ebf5","bgt_status":"bestaand","identificatieBAGPND":"0091100000014604","identificatieBAGVBOLaagsteHuisnummer":"0091010000029697","identificatieBAGVBOHoogsteHuisnummer":"0091010000029697","huisnummers":[{"tekst":"111","pos":[172344,559122],"hoek":0}]},"geometry":{"type":"Polygon","coordinates":[[[172343.988,559114.046],[172349.336,559122.616],[172345.022,559125.304],[172345.668,559126.342],[172342.21,559128.496],[172338.759,559122.968],[172341.101,559121.5],[172338.55,559117.43],[172343.988,559114.046]]]}},{"type":"Feature","properties":{"relatieveHoogteligging":0,"lokaalID":"G1900.d291484ef2b040a8a81a4f724cb7fca0","bgt_status":"bestaand","identificatieBAGPND":"0091100000006637","identificatieBAGVBOLaagsteHuisnummer":"0091010000029683","identificatieBAGVBOHoogsteHuisnummer":"0091010000029683","huisnummers":[{"tekst":"113","pos":[172349,559119],"hoek":0}]},"geometry":{"type":"Polygon","coordinates":[[[172343.988,559114.046],[172349.43,559110.66],[172351.964,559114.729],[172354.373,559113.228],[172357.831,559118.779],[172354.315,559120.969],[172353.663,559119.921],[172349.336,559122.616],[172343.988,559114.046]]]}},{"type":"Feature","properties":{"relatieveHoogteligging":0,"lokaalID":"G1900.d54764c64e03416c8f3626cea8ede2c1","bgt_status":"bestaand","identificatieBAGPND":"0091100000009526"},"geometry":{"type":"Polygon","coordinates":[[[172350.541,559159.255],[172352.693,559162.817],[172349.157,559164.016],[172348.927,559163.731],[172346.53,559164.348],[172344.883,559161.59],[172350.077,559158.488],[172350.541,559159.255]]]}},{"type":"Feature","properties":{"relatieveHoogteligging":0,"lokaalID":"G1900.4263e214b2cd4f3f977148da069c1749","bgt_status":"bestaand","identificatieBAGPND":"0091100000019592","identificatieBAGVBOLaagsteHuisnummer":"0091010000037259","identificatieBAGVBOHoogsteHuisnummer":"0091010000037259","huisnummers":[{"tekst":"28a","pos":[172346.947,559158.718],"hoek":0}]},"geometry":{"type":"Polygon","coordinates":[[[172350.077,559158.488],[172344.883,559161.59],[172343.33,559158.989],[172348.524,559155.887],[172350.077,559158.488]]]}},{"type":"Feature","properties":{"relatieveHoogteligging":0,"lokaalID":"G1900.135c6cca297f4a21b9b962b763b49018","bgt_status":"bestaand","identificatieBAGPND":"0091100000019587","identificatieBAGVBOLaagsteHuisnummer":"0091010000037253","identificatieBAGVBOHoogsteHuisnummer":"0091010000037253","huisnummers":[{"tekst":"28b","pos":[172345.148,559156.133],"hoek":0}]},"geometry":{"type":"Polygon","coordinates":[[[172348.524,559155.887],[172343.33,559158.989],[172341.771,559156.38],[172346.957,559153.264],[172348.524,559155.887]]]}},{"type":"Feature","properties":{"relatieveHoogteligging":0,"lokaalID":"G1900.885de0e0c8ea4df1b927f89033367385","bgt_status":"bestaand","identificatieBAGPND":"0091100000002112","identificatieBAGVBOLaagsteHuisnummer":"0091010000034349","identificatieBAGVBOHoogsteHuisnummer":"0091010000034349","huisnummers":[{"tekst":"28c","pos":[172343.586,559153.519],"hoek":0}]},"geometry":{"type":"Polygon","coordinates":[[[172340.207,559153.76],[172345.401,559150.658],[172346.957,559153.264],[172341.771,559156.38],[172340.207,559153.76]]]}},{"type":"Feature","properties":{"relatieveHoogteligging":0,"lokaalID":"G1900.5f46bb70ecbd49f3937a21191550524b","bgt_status":"bestaand","identificatieBAGPND":"0091100000019588","identificatieBAGVBOLaagsteHuisnummer":"0091010000037254","identificatieBAGVBOHoogsteHuisnummer":"0091010000037254","huisnummers":[{"tekst":"28d","pos":[172342.008,559151.049],"hoek":0}]},"geometry":{"type":"Polygon","coordinates":[[[172343.753,559148.09],[172343.837,559148.04],[172345.401,559150.658],[172340.207,559153.76],[172338.643,559151.142],[172343.753,559148.09]]]}},{"type":"Feature","properties":{"relatieveHoogteligging":0,"lokaalID":"G1900.ad3a04d4c7104f7488c7a8d0eaf071ce","bgt_status":"bestaand","identificatieBAGPND":"0091100000014619","identificatieBAGVBOLaagsteHuisnummer":"0091010000029694","identificatieBAGVBOHoogsteHuisnummer":"0091010000029694","huisnummers":[{"tekst":"14","pos":[172341,559172],"hoek":0}]},"geometry":{"type":"Polygon","coordinates":[[[172344.554,559166.778],[172345.111,559173.291],[172342.192,559173.549],[172342.7,559179.5],[172336.537,559180.025],[172335.766,559171.039],[172339.238,559170.743],[172338.937,559167.255],[172344.554,559166.778]]]}},{"type":"Feature","properties":{"relatieveHoogteligging":0,"lokaalID":"G1900.1390b7fb39374e1dbdcb7c3a872a151a","bgt_status":"bestaand","identificatieBAGPND":"0091100000002309","identificatieBAGVBOLaagsteHuisnummer":"0091010000029672","identificatieBAGVBOHoogsteHuisnummer":"0091010000029672","huisnummers":[{"tekst":"16","pos":[172350,559178],"hoek":0}]},"geometry":{"type":"Polygon","coordinates":[[[172344.554,559166.778],[172347.712,559166.509],[172348.147,559171.648],[172350.589,559171.441],[172350.914,559175.287],[172354.4,559174.99],[172355.158,559183.957],[172349.02,559184.48],[172348.043,559173.031],[172345.111,559173.291],[172344.554,559166.778]]]}},{"type":"Feature","properties":{"relatieveHoogteligging":0,"lokaalID":"G1900.a20f40580b9646e78cf9bd577aa1bedd","bgt_status":"bestaand","identificatieBAGPND":"0091100000008574","identificatieBAGVBOLaagsteHuisnummer":"0091010000029722","identificatieBAGVBOHoogsteHuisnummer":"0091010000029722","huisnummers":[{"tekst":"12","pos":[172332,559174],"hoek":0}]},"geometry":{"type":"Polygon","coordinates":[[[172335.766,559171.039],[172336.537,559180.025],[172330.37,559180.55],[172329.783,559173.702],[172326.849,559173.953],[172326.338,559167.968],[172331.963,559167.498],[172332.294,559171.335],[172335.766,559171.039]]]}},{"type":"Feature","properties":{"relatieveHoogteligging":0,"lokaalID":"G1900.a4b76acc9eb548a3a7346787c256a18b","bgt_status":"bestaand","identificatieBAGPND":"0091100000018874","identificatieBAGVBOLaagsteHuisnummer":"0091010000029753","identificatieBAGVBOHoogsteHuisnummer":"0091010000029753","huisnummers":[{"tekst":"10","pos":[172322,559173],"hoek":0}]},"geometry":{"type":"Polygon","coordinates":[[[172326.338,559167.968],[172326.849,559173.953],[172323.912,559174.205],[172324.5,559181.04],[172318.341,559181.57],[172317.57,559172.582],[172321.04,559172.283],[172320.709,559168.439],[172326.338,559167.968]]]}},{"type":"Feature","properties":{"relatieveHoogteligging":0,"lokaalID":"G1900.5222ad041d014ff19cbd7006cfee4e03","bgt_status":"bestaand","identificatieBAGPND":"0091100000016141","identificatieBAGVBOLaagsteHuisnummer":"0091010000029730","identificatieBAGVBOHoogsteHuisnummer":"0091010000029730","huisnummers":[{"tekst":"113","pos":[172330,559231],"hoek":0}]},"geometry":{"type":"Polygon","coordinates":[[[172315.51,559230.4],[172333.28,559228.8],[172333.689,559233.492],[172322.042,559234.506],[172321.84,559232.24],[172315.73,559232.79],[172315.51,559230.4]]]}},{"type":"Feature","properties":{"relatieveHoogteligging":0,"lokaalID":"G1900.fbf690780c1a4509a014779b5dcbac05","bgt_status":"bestaand","identificatieBAGPND":"0091100000011380"},"geometry":{"type":"Polygon","coordinates":[[[172318.567,559243.891],[172321.746,559243.6],[172321.76,559243.73],[172323.836,559243.506],[172324.16,559246.643],[172322.09,559246.86],[172318.87,559247.21],[172318.567,559243.891]]]}},{"type":"Feature","properties":{"relatieveHoogteligging":0,"lokaalID":"G1900.3985494d78be4bc7997f65f73db4f0f0","bgt_status":"bestaand","identificatieBAGPND":"0091100000014166","identificatieBAGVBOLaagsteHuisnummer":"0091010000029760","identificatieBAGVBOHoogsteHuisnummer":"0091010000029760","huisnummers":[{"tekst":"111","pos":[172332,559235],"hoek":0}]},"geometry":{"type":"Polygon","coordinates":[[[172333.689,559233.492],[172334.07,559237.87],[172334.083,559238.019],[172324.307,559238.871],[172324.32,559239.02],[172316.35,559239.75],[172316.14,559237.38],[172322.25,559236.83],[172322.042,559234.506],[172333.689,559233.492]]]}},{"type":"Feature","properties":{"relatieveHoogteligging":0,"lokaalID":"G1900.d24977ae34f54adbb24a55025940edb5","bgt_status":"bestaand","identificatieBAGPND":"0091100000013498","identificatieBAGVBOLaagsteHuisnummer":"0091010000029759","identificatieBAGVBOHoogsteHuisnummer":"0091010000029759","huisnummers":[{"tekst":"109","pos":[172332,559240],"hoek":0}]},"geometry":{"type":"Polygon","coordinates":[[[172334.07,559237.87],[172335.87,559237.71],[172336.3,559242.22],[172336.314,559242.369],[172326.58,559243.21],[172323.836,559243.506],[172321.76,559243.73],[172321.746,559243.6],[172318.567,559243.891],[172318.37,559241.73],[172324.51,559241.18],[172324.32,559239.02],[172324.307,559238.871],[172334.083,559238.019],[172334.07,559237.87]]]}},{"type":"Feature","properties":{"relatieveHoogteligging":0,"lokaalID":"G1900.5e07dfe1bcfe4f6c90e34cdc1a1e671e","bgt_status":"bestaand","identificatieBAGPND":"0091100000004964"},"geometry":{"type":"Polygon","coordinates":[[[172328.63,559253.58],[172328.93,559256.85],[172325.74,559257.14],[172325.45,559253.87],[172328.63,559253.58]]]}},{"type":"Feature","properties":{"relatieveHoogteligging":0,"lokaalID":"G1900.6eb0fb1d033e42ba8b4033482d0eaf82","bgt_status":"bestaand","identificatieBAGPND":"0091100000003065"},"geometry":{"type":"Polygon","coordinates":[[[172329.04,559258.09],[172329.33,559261.38],[172326.15,559261.66],[172325.85,559258.37],[172329.04,559258.09]]]}},{"type":"Feature","properties":{"relatieveHoogteligging":0,"lokaalID":"G1900.8e4aa1285f4c4efc9e8aca41fdcdb076","bgt_status":"bestaand","identificatieBAGPND":"0091100000018882","identificatieBAGVBOLaagsteHuisnummer":"0091010000029751","identificatieBAGVBOHoogsteHuisnummer":"0091010000029751","huisnummers":[{"tekst":"107","pos":[172336,559243],"hoek":0}]},"geometry":{"type":"Polygon","coordinates":[[[172336.3,559242.22],[172338.09,559242.06],[172338.502,559246.717],[172327.063,559247.728],[172326.58,559243.21],[172336.314,559242.369],[172336.3,559242.22]]]}},{"type":"Feature","properties":{"relatieveHoogteligging":0,"lokaalID":"G1900.98879f3dc22b4fab924f6738f1c7a1f2","bgt_status":"bestaand","identificatieBAGPND":"0091100000008634","identificatieBAGVBOLaagsteHuisnummer":"0091010000029739","identificatieBAGVBOHoogsteHuisnummer":"0091010000029739","huisnummers":[{"tekst":"103","pos":[172339,559253],"hoek":0}]},"geometry":{"type":"Polygon","coordinates":[[[172338.89,559251.1],[172343.37,559250.69],[172343.788,559255.364],[172332.185,559256.398],[172331.79,559252.04],[172331.776,559251.891],[172338.903,559251.249],[172338.89,559251.1]]]}},{"type":"Feature","properties":{"relatieveHoogteligging":0,"lokaalID":"G1900.17a3a3660fa2409a8a799ac4ddfe5a25","bgt_status":"bestaand","identificatieBAGPND":"0091100000008646","identificatieBAGVBOLaagsteHuisnummer":"0091010000029736","identificatieBAGVBOHoogsteHuisnummer":"0091010000029736","huisnummers":[{"tekst":"101","pos":[172342,559256],"hoek":0}]},"geometry":{"type":"Polygon","coordinates":[[[172343.788,559255.364],[172344.19,559259.867],[172332.594,559260.904],[172332.185,559256.398],[172343.788,559255.364]]]}},{"type":"Feature","properties":{"relatieveHoogteligging":0,"lokaalID":"G1900.815cb9ac3ee7471089f8e18caa060320","bgt_status":"bestaand","identificatieBAGPND":"0091100000005617"},"geometry":{"type":"Polygon","coordinates":[[[172309.495,559249.365],[172312.675,559249.08],[172312.97,559252.3],[172309.78,559252.57],[172309.495,559249.365]]]}},{"type":"Feature","properties":{"relatieveHoogteligging":0,"lokaalID":"G1900.53bb9bb82a1446e6a5eb239d74a2ce20","bgt_status":"bestaand","identificatieBAGPND":"0091100000006352"},"geometry":{"type":"Polygon","coordinates":[[[172309.33,559255.33],[172309.63,559258.61],[172306.45,559258.91],[172306.15,559255.62],[172309.33,559255.33]]]}},{"type":"Feature","properties":{"relatieveHoogteligging":0,"lokaalID":"G1900.a28390d7018040d288a6b9a6d03d1149","bgt_status":"bestaand","identificatieBAGPND":"0091100000007444","identificatieBAGVBOLaagsteHuisnummer":"0091010000029797","identificatieBAGVBOHoogsteHuisnummer":"0091010000029797","huisnummers":[{"tekst":"115","pos":[172300,559243],"hoek":0}]},"geometry":{"type":"Polygon","coordinates":[[[172294.91,559250.54],[172294.47,559246.01],[172297.41,559245.77],[172297.01,559241.24],[172305.7,559240.48],[172306.55,559249.78],[172302.05,559250.18],[172302.038,559250.05],[172294.923,559250.677],[172294.91,559250.54]]]}},{"type":"Feature","properties":{"relatieveHoogteligging":0,"lokaalID":"G1900.78fd76c7b92544a7a1d0d6a22273713a","bgt_status":"bestaand","identificatieBAGPND":"0091100000007202","identificatieBAGVBOLaagsteHuisnummer":"0091010000029818","identificatieBAGVBOHoogsteHuisnummer":"0091010000029818","huisnummers":[{"tekst":"117","pos":[172296,559253],"hoek":0}]},"geometry":{"type":"Polygon","coordinates":[[[172290.85,559255.609],[172290.42,559250.93],[172294.91,559250.54],[172294.923,559250.677],[172302.038,559250.05],[172302.05,559250.18],[172302.443,559254.543],[172290.85,559255.609]]]}},{"type":"Feature","properties":{"relatieveHoogteligging":0,"lokaalID":"G1900.96e15df65aa7403d8b91cdf4179ce46b","bgt_status":"bestaand","identificatieBAGPND":"0091100000007293","identificatieBAGVBOLaagsteHuisnummer":"0091010000029827","identificatieBAGVBOHoogsteHuisnummer":"0091010000029827","huisnummers":[{"tekst":"119","pos":[172296,559257],"hoek":0}]},"geometry":{"type":"Polygon","coordinates":[[[172291.266,559260.14],[172290.85,559255.609],[172302.443,559254.543],[172302.852,559259.075],[172291.266,559260.14]]]}},{"type":"Feature","properties":{"relatieveHoogteligging":0,"lokaalID":"G1900.1a7f740e24374f858722a5fa531beb9f","bgt_status":"bestaand","identificatieBAGPND":"0091100000006445","identificatieBAGVBOLaagsteHuisnummer":"0091010000029520","identificatieBAGVBOHoogsteHuisnummer":"0091010000029520","huisnummers":[{"tekst":"55","pos":[172421,559252],"hoek":0}]},"geometry":{"type":"Polygon","coordinates":[[[172422.88,559254.26],[172411.545,559255.195],[172411.663,559256.636],[172403.94,559257.272],[172403.908,559257.275],[172403.592,559253.447],[172403.714,559253.437],[172411.049,559252.832],[172410.861,559250.547],[172422.448,559249.595],[172422.88,559254.26]]]}},{"type":"Feature","properties":{"relatieveHoogteligging":0,"lokaalID":"G1900.54c04df0ef3d47a7b0a641aa92ab12a7","bgt_status":"bestaand","identificatieBAGPND":"0091100000006194","identificatieBAGVBOLaagsteHuisnummer":"0091010000029534","identificatieBAGVBOHoogsteHuisnummer":"0091010000029534","huisnummers":[{"tekst":"61","pos":[172416,559238],"hoek":0}]},"geometry":{"type":"Polygon","coordinates":[[[172400.295,559242.501],[172400.09,559240.28],[172406.282,559239.713],[172406.084,559237.549],[172406.07,559237.4],[172414.051,559236.699],[172414.037,559236.55],[172417.608,559236.219],[172418.041,559240.894],[172400.295,559242.501]]]}},{"type":"Feature","properties":{"relatieveHoogteligging":0,"lokaalID":"G1900.af1f6124ff55481393e53e6616ab9d96","bgt_status":"bestaand","identificatieBAGPND":"0091100000006437","identificatieBAGVBOLaagsteHuisnummer":"0091010000029522","identificatieBAGVBOHoogsteHuisnummer":"0091010000029522","huisnummers":[{"tekst":"59","pos":[172416,559243],"hoek":0}]},"geometry":{"type":"Polygon","coordinates":[[[172400.295,559242.501],[172418.041,559240.894],[172418.446,559245.265],[172418.46,559245.414],[172410.488,559246.021],[172410.5,559246.17],[172406.88,559246.51],[172406.63,559244.06],[172400.5,559244.72],[172400.295,559242.501]]]}},{"type":"Feature","properties":{"relatieveHoogteligging":0,"lokaalID":"G1900.751a7f08a9e148529b6f0e9554051fd5","bgt_status":"bestaand","identificatieBAGPND":"0091100000005033","identificatieBAGVBOLaagsteHuisnummer":"0091010000029565","identificatieBAGVBOHoogsteHuisnummer":"0091010000029565","huisnummers":[{"tekst":"63","pos":[172412,559235],"hoek":0}]},"geometry":{"type":"Polygon","coordinates":[[[172406.084,559237.549],[172402.477,559237.879],[172402.252,559235.424],[172396.07,559235.99],[172395.865,559233.766],[172413.633,559232.192],[172414.037,559236.55],[172414.051,559236.699],[172406.07,559237.4],[172406.084,559237.549]]]}},{"type":"Feature","properties":{"relatieveHoogteligging":0,"lokaalID":"G1900.8294f00b4f8345549e565ecf963367ed","bgt_status":"bestaand","identificatieBAGPND":"0091100000016050"},"geometry":{"type":"Polygon","coordinates":[[[172400.7,559246.87],[172403.88,559246.61],[172404.18,559249.88],[172403.508,559249.939],[172401,559250.16],[172400.7,559246.87]]]}},{"type":"Feature","properties":{"relatieveHoogteligging":0,"lokaalID":"G1900.363226625d264388b0d3383590b83239","bgt_status":"bestaand","identificatieBAGPND":"0091100000009842"},"geometry":{"type":"Polygon","coordinates":[[[172354.541,559256.224],[172357.397,559255.881],[172357.708,559258.469],[172354.852,559258.812],[172354.541,559256.224]]]}},{"type":"Feature","properties":{"relatieveHoogteligging":0,"lokaalID":"G1900.723423f8cb0c4aa3b1f6043b74b6e6db","bgt_status":"bestaand","identificatieBAGPND":"0091100000006542","identificatieBAGVBOLaagsteHuisnummer":"0091010000029656","identificatieBAGVBOHoogsteHuisnummer":"0091010000029656","huisnummers":[{"tekst":"79","pos":[172365,559242],"hoek":0}]},"geometry":{"type":"Polygon","coordinates":[[[172362.091,559244.595],[172361.678,559240.072],[172373.223,559239.018],[172373.683,559243.536],[172362.091,559244.595]]]}},{"type":"Feature","properties":{"relatieveHoogteligging":0,"lokaalID":"G1900.d27ff446658644c6aa4600531fbee6fb","bgt_status":"bestaand","identificatieBAGPND":"0091100000006574","identificatieBAGVBOLaagsteHuisnummer":"0091010000029648","identificatieBAGVBOHoogsteHuisnummer":"0091010000029648","huisnummers":[{"tekst":"77","pos":[172364,559237],"hoek":0}]},"geometry":{"type":"Polygon","coordinates":[[[172361.678,559240.072],[172361.25,559235.38],[172365.73,559234.97],[172365.744,559235.119],[172372.758,559234.441],[172372.77,559234.56],[172373.223,559239.018],[172361.678,559240.072]]]}},{"type":"Feature","properties":{"relatieveHoogteligging":0,"lokaalID":"G1900.8f162fd547254a1085e9a2af99f462c5","bgt_status":"bestaand","identificatieBAGPND":"0091100000006550","identificatieBAGVBOLaagsteHuisnummer":"0091010000029654","identificatieBAGVBOHoogsteHuisnummer":"0091010000029654","huisnummers":[{"tekst":"81","pos":[172365,559246],"hoek":0}]},"geometry":{"type":"Polygon","coordinates":[[[172362.503,559249.108],[172362.091,559244.595],[172373.683,559243.536],[172374.142,559248.045],[172362.503,559249.108]]]}},{"type":"Feature","properties":{"relatieveHoogteligging":0,"lokaalID":"G1900.134056012fb04d2b8edfa29464cda8d6","bgt_status":"bestaand","identificatieBAGPND":"0091100000006724","identificatieBAGVBOLaagsteHuisnummer":"0091010000029643","identificatieBAGVBOHoogsteHuisnummer":"0091010000029643","huisnummers":[{"tekst":"83","pos":[172366,559250],"hoek":0}]},"geometry":{"type":"Polygon","coordinates":[[[172367.39,559253.36],[172362.93,559253.79],[172362.503,559249.108],[172374.142,559248.045],[172374.59,559252.45],[172374.6,559252.549],[172367.381,559253.26],[172367.39,559253.36]]]}},{"type":"Feature","properties":{"relatieveHoogteligging":0,"lokaalID":"G1900.e0a9d2144f4f4e37aee72319d6c4d084","bgt_status":"bestaand","identificatieBAGPND":"0091100000006736","identificatieBAGVBOLaagsteHuisnummer":"0091010000029640","identificatieBAGVBOHoogsteHuisnummer":"0091010000029640","huisnummers":[{"tekst":"87","pos":[172374,559259],"hoek":0}]},"geometry":{"type":"Polygon","coordinates":[[[172368.227,559262.229],[172367.802,559257.731],[172385.573,559256.056],[172385.79,559258.35],[172379.65,559258.9],[172379.854,559261.199],[172368.227,559262.229]]]}},{"type":"Feature","properties":{"relatieveHoogteligging":0,"lokaalID":"G1900.397d68dd0b7b4d23bbfd3aaba2678e71","bgt_status":"bestaand","identificatieBAGPND":"0091100000006852"},"geometry":{"type":"Polygon","coordinates":[[[172379.04,559252.22],[172379.032,559252.12],[172378.22,559252.18],[172378.21,559252.08],[172377.91,559249.08],[172381.08,559248.78],[172381.33,559252.05],[172379.04,559252.22]]]}},{"type":"Feature","properties":{"relatieveHoogteligging":0,"lokaalID":"G1900.bf7d01f665ed4996ac716d089092aa20","bgt_status":"bestaand","identificatieBAGPND":"0091100000003053"},"geometry":{"type":"Polygon","coordinates":[[[172380.61,559244.28],[172380.96,559247.54],[172377.79,559247.84],[172377.48,559244.55],[172380.61,559244.28]]]}},{"type":"Feature","properties":{"relatieveHoogteligging":0,"lokaalID":"G1900.ba9aa315a9f948ca966da224d34bf0b1","bgt_status":"bestaand","identificatieBAGPND":"0091100000013634"},"geometry":{"type":"Polygon","coordinates":[[[172380.2,559239.76],[172380.5,559243.05],[172377.36,559243.31],[172377.05,559240.05],[172380.2,559239.76]]]}},{"type":"Feature","properties":{"relatieveHoogteligging":0,"lokaalID":"G1900.30cfd47a52484f0881587685a2d78da2","bgt_status":"bestaand","identificatieBAGPND":"0091100000006653","identificatieBAGVBOLaagsteHuisnummer":"0091010000029629","identificatieBAGVBOHoogsteHuisnummer":"0091010000029629","huisnummers":[{"tekst":"22","pos":[172374,559175],"hoek":0}]},"geometry":{"type":"Polygon","coordinates":[[[172373.322,559182.423],[172372.564,559173.457],[172372.609,559173.453],[172376.062,559173.161],[172375.736,559169.314],[172381.425,559168.832],[172381.931,559174.811],[172378.933,559175.065],[172379.51,559181.9],[172373.322,559182.423]]]}},{"type":"Feature","properties":{"relatieveHoogteligging":0,"lokaalID":"G1900.60c991b8645348a0b2638917a4efae84","bgt_status":"bestaand","identificatieBAGPND":"0091100000017533","identificatieBAGVBOLaagsteHuisnummer":"0091010000031606","identificatieBAGVBOHoogsteHuisnummer":"0091010000031606","huisnummers":[{"tekst":"20","pos":[172368,559175],"hoek":0}]},"geometry":{"type":"Polygon","coordinates":[[[172363.647,559176.358],[172363.141,559170.377],[172368.75,559169.905],[172368.765,559170.076],[172372.31,559169.773],[172372.609,559173.453],[172372.564,559173.457],[172373.322,559182.423],[172367.21,559182.94],[172366.634,559176.124],[172363.647,559176.358]]]}},{"type":"Feature","properties":{"relatieveHoogteligging":0,"lokaalID":"G1900.c6c01011dbf747f38b2198cc901e9edd","bgt_status":"bestaand","identificatieBAGPND":"0091100000006840","identificatieBAGVBOLaagsteHuisnummer":"0091010000029614","identificatieBAGVBOHoogsteHuisnummer":"0091010000029614","huisnummers":[{"tekst":"73","pos":[172368,559227],"hoek":0}]},"geometry":{"type":"Polygon","coordinates":[[[172365.324,559230.598],[172364.89,559225.93],[172382.65,559224.33],[172382.89,559226.7],[172376.75,559227.27],[172376.956,559229.517],[172365.324,559230.598]]]}},{"type":"Feature","properties":{"relatieveHoogteligging":0,"lokaalID":"G1900.256f0a2234ce4a76a210c8bd67103d95","bgt_status":"bestaand","identificatieBAGPND":"0091100000006562","identificatieBAGVBOLaagsteHuisnummer":"0091010000029651","identificatieBAGVBOHoogsteHuisnummer":"0091010000029651","huisnummers":[{"tekst":"18","pos":[172360,559175],"hoek":0}]},"geometry":{"type":"Polygon","coordinates":[[[172355.158,559183.957],[172354.4,559174.99],[172357.851,559174.695],[172357.525,559170.849],[172363.141,559170.377],[172363.647,559176.358],[172360.746,559176.585],[172361.33,559183.43],[172355.158,559183.957]]]}},{"type":"Feature","properties":{"relatieveHoogteligging":0,"lokaalID":"G1900.d68288bb0e1c4ff7a315d62e28a8a7b7","bgt_status":"bestaand","identificatieBAGPND":"0091100000002259","identificatieBAGVBOLaagsteHuisnummer":"0091010000029665","identificatieBAGVBOHoogsteHuisnummer":"0091010000029665","huisnummers":[{"tekst":"30","pos":[172362,559138],"hoek":0}]},"geometry":{"type":"Polygon","coordinates":[[[172369.85,559139.09],[172361.31,559144.255],[172361.232,559144.127],[172359.442,559145.21],[172359.093,559145.421],[172357.457,559142.717],[172359.596,559141.423],[172357.935,559138.677],[172366.491,559133.526],[172369.85,559139.09]]]}},{"type":"Feature","properties":{"relatieveHoogteligging":0,"lokaalID":"G1900.66f0616909e748edb549f0d6f8c37549","bgt_status":"bestaand","identificatieBAGPND":"0091100000003855","identificatieBAGVBOLaagsteHuisnummer":"0091010000029616","identificatieBAGVBOHoogsteHuisnummer":"0091010000029616","huisnummers":[{"tekst":"26","pos":[172369,559149],"hoek":0}]},"geometry":{"type":"Polygon","coordinates":[[[172367.504,559154.524],[172365.862,559151.8],[172363.721,559153.09],[172362.084,559150.375],[172364.226,559149.085],[172364.143,559148.947],[172372.7,559143.79],[172376.061,559149.356],[172367.504,559154.524]]]}},{"type":"Feature","properties":{"relatieveHoogteligging":0,"lokaalID":"G1900.81c197f7097b4f63b64346364b4cca6b","bgt_status":"bestaand","identificatieBAGPND":"0091100000003851","identificatieBAGVBOLaagsteHuisnummer":"0091010000029617","identificatieBAGVBOHoogsteHuisnummer":"0091010000029617","huisnummers":[{"tekst":"24","pos":[172372,559154],"hoek":0}]},"geometry":{"type":"Polygon","coordinates":[[[172367.504,559154.524],[172376.061,559149.356],[172379.42,559154.92],[172370.854,559160.083],[172370.777,559159.954],[172368.636,559161.245],[172367.004,559158.538],[172369.146,559157.247],[172367.504,559154.524]]]}},{"type":"Feature","properties":{"relatieveHoogteligging":0,"lokaalID":"G1900.24c1c92cfae644ce9bff94fc47ddb847","bgt_status":"bestaand","identificatieBAGPND":"0091100000016559","identificatieBAGVBOLaagsteHuisnummer":"0091010000029594","identificatieBAGVBOHoogsteHuisnummer":"0091010000029594","huisnummers":[{"tekst":"21","pos":[172383,559109],"hoek":0}]},"geometry":{"type":"Polygon","coordinates":[[[172374.883,559108.924],[172383.424,559103.735],[172385.073,559106.447],[172387.21,559105.149],[172390.49,559110.546],[172384.855,559113.97],[172383.316,559111.431],[172378.27,559114.49],[172374.883,559108.924]]]}},{"type":"Feature","properties":{"relatieveHoogteligging":0,"lokaalID":"G1900.eba1332f665a466bb07f6a75159e87dd","bgt_status":"bestaand","identificatieBAGPND":"0091100000009069","identificatieBAGVBOLaagsteHuisnummer":"0091010000029572","identificatieBAGVBOHoogsteHuisnummer":"0091010000029572","huisnummers":[{"tekst":"17","pos":[172394,559123],"hoek":0}]},"geometry":{"type":"Polygon","coordinates":[[[172384.739,559125.132],[172393.276,559119.945],[172394.92,559122.65],[172397.057,559121.352],[172400.365,559126.795],[172394.742,559130.212],[172393.162,559127.614],[172388.12,559130.68],[172384.739,559125.132]]]}},{"type":"Feature","properties":{"relatieveHoogteligging":0,"lokaalID":"G1900.1d27777ee134409881ee3e68c643cd07","bgt_status":"bestaand","identificatieBAGPND":"0091100000003910","identificatieBAGVBOLaagsteHuisnummer":"0091010000029549","identificatieBAGVBOHoogsteHuisnummer":"0091010000029549","huisnummers":[{"tekst":"15","pos":[172399,559135],"hoek":0}]},"geometry":{"type":"Polygon","coordinates":[[[172393.499,559143.479],[172390.75,559138.95],[172395.951,559135.797],[172394.45,559133.32],[172399.582,559130.213],[172401.135,559132.779],[172401.421,559132.661],[172404.135,559136.967],[172401.945,559138.347],[172393.499,559143.479]]]}},{"type":"Feature","properties":{"relatieveHoogteligging":0,"lokaalID":"G1900.c22df96a40a84f958676e5d29b054950","bgt_status":"bestaand","identificatieBAGPND":"0091100000003049"},"geometry":{"type":"Polygon","coordinates":[[[172397.37,559215.25],[172397.67,559218.51],[172394.49,559218.8],[172394.18,559215.53],[172397.37,559215.25]]]}},{"type":"Feature","properties":{"relatieveHoogteligging":0,"lokaalID":"G1900.0fedaadc60dc456ba213bb0892cb3f27","bgt_status":"bestaand","identificatieBAGPND":"0091100000013767"},"geometry":{"type":"Polygon","coordinates":[[[172397.79,559219.76],[172398.09,559223.04],[172394.92,559223.34],[172394.6,559220.04],[172397.79,559219.76]]]}},{"type":"Feature","properties":{"relatieveHoogteligging":0,"lokaalID":"G1900.f08fd740cb5a432aa9cd38e8e68d3b7e","bgt_status":"bestaand","identificatieBAGPND":"0091100000013762"},"geometry":{"type":"Polygon","coordinates":[[[172398.2,559224.28],[172398.5,559227.56],[172395.32,559227.85],[172395.03,559224.56],[172398.2,559224.28]]]}},{"type":"Feature","properties":{"relatieveHoogteligging":0,"lokaalID":"G1900.b3a3be794a5a4527ab6f90a91fe86e65","bgt_status":"bestaand","identificatieBAGPND":"0091100000003906","identificatieBAGVBOLaagsteHuisnummer":"0091010000029550","identificatieBAGVBOHoogsteHuisnummer":"0091010000029550","huisnummers":[{"tekst":"65","pos":[172411,559230],"hoek":0}]},"geometry":{"type":"Polygon","coordinates":[[[172395.865,559233.766],[172395.66,559231.54],[172401.8,559230.96],[172401.592,559228.707],[172413.211,559227.63],[172413.633,559232.192],[172395.865,559233.766]]]}},{"type":"Feature","properties":{"relatieveHoogteligging":0,"lokaalID":"G1900.51a2b1d0f94f4ac5bc0bf8c2f4f4969a","bgt_status":"bestaand","identificatieBAGPND":"0091100000003902","identificatieBAGVBOLaagsteHuisnummer":"0091010000029551","identificatieBAGVBOHoogsteHuisnummer":"0091010000029551","huisnummers":[{"tekst":"67","pos":[172411,559226],"hoek":0}]},"geometry":{"type":"Polygon","coordinates":[[[172401.592,559228.707],[172401.175,559224.196],[172412.793,559223.12],[172413.211,559227.63],[172401.592,559228.707]]]}},{"type":"Feature","properties":{"relatieveHoogteligging":0,"lokaalID":"G1900.89131fbf7150400a96cfa1832af4ee0a","bgt_status":"bestaand","identificatieBAGPND":"0091100000003898","identificatieBAGVBOLaagsteHuisnummer":"0091010000029552","identificatieBAGVBOHoogsteHuisnummer":"0091010000029552","huisnummers":[{"tekst":"69","pos":[172411,559221],"hoek":0}]},"geometry":{"type":"Polygon","coordinates":[[[172401.175,559224.196],[172400.755,559219.655],[172412.372,559218.579],[172412.793,559223.12],[172401.175,559224.196]]]}},{"type":"Feature","properties":{"relatieveHoogteligging":0,"lokaalID":"G1900.a37f3e8f5e234c6cbe888dce9d17a054","bgt_status":"bestaand","identificatieBAGPND":"0091100000006472","identificatieBAGVBOLaagsteHuisnummer":"0091010000029513","identificatieBAGVBOHoogsteHuisnummer":"0091010000029513","huisnummers":[{"tekst":"71","pos":[172410,559216],"hoek":0}]},"geometry":{"type":"Polygon","coordinates":[[[172400.755,559219.655],[172400.32,559214.95],[172411.94,559213.91],[172412.372,559218.579],[172400.755,559219.655]]]}},{"type":"Feature","properties":{"relatieveHoogteligging":0,"lokaalID":"G1900.08c64d7bff994fd78e881bec4dc2e5a8","bgt_status":"bestaand","identificatieBAGPND":"0091100000004982","identificatieBAGVBOLaagsteHuisnummer":"0091010000029511","identificatieBAGVBOHoogsteHuisnummer":"0091010000029511","huisnummers":[{"tekst":"7","pos":[172408,559177],"hoek":0}]},"geometry":{"type":"Polygon","coordinates":[[[172404.48,559179.52],[172403.95,559173.53],[172406.939,559173.263],[172407.134,559175.454],[172412.338,559174.99],[172413.213,559184.815],[172407.9,559185.3],[172407.356,559179.261],[172404.48,559179.52]]]}},{"type":"Feature","properties":{"relatieveHoogteligging":0,"lokaalID":"G1900.1bcfe111943b408aab87b441ea584ef9","bgt_status":"bestaand","identificatieBAGPND":"0091100000006433","identificatieBAGVBOLaagsteHuisnummer":"0091010000029523","identificatieBAGVBOHoogsteHuisnummer":"0091010000029523","huisnummers":[{"tekst":"9","pos":[172411,559156],"hoek":0}]},"geometry":{"type":"Polygon","coordinates":[[[172401.97,559157.468],[172410.415,559152.336],[172413.141,559156.84],[172415.015,559155.706],[172416.564,559158.264],[172411.432,559161.371],[172409.922,559158.886],[172404.73,559162.04],[172401.97,559157.468]]]}},{"type":"Feature","properties":{"relatieveHoogteligging":0,"lokaalID":"G1900.9bed89df4d2a41d099f8348a6c08ba41","bgt_status":"bestaand","identificatieBAGPND":"0091100000006902","identificatieBAGVBOLaagsteHuisnummer":"0091010000029544","identificatieBAGVBOHoogsteHuisnummer":"0091010000029544","huisnummers":[{"tekst":"13","pos":[172401,559143],"hoek":0}]},"geometry":{"type":"Polygon","coordinates":[[[172393.499,559143.479],[172401.945,559138.347],[172404.678,559142.861],[172406.552,559141.727],[172408.05,559144.202],[172402.948,559147.302],[172401.494,559144.902],[172396.28,559148.06],[172393.499,559143.479]]]}},{"type":"Feature","properties":{"relatieveHoogteligging":0,"lokaalID":"G1900.03e4d93ed6a7474e9caec3b94edcd8de","bgt_status":"bestaand","identificatieBAGPND":"0091100000014497","identificatieBAGVBOLaagsteHuisnummer":"0091010000029485","identificatieBAGVBOHoogsteHuisnummer":"0091010000029485","huisnummers":[{"tekst":"1","pos":[172432,559175],"hoek":0}]},"geometry":{"type":"Polygon","coordinates":[[[172429.484,559183.365],[172428.606,559173.517],[172433.806,559173.053],[172433.613,559170.882],[172436.615,559170.614],[172437.148,559176.59],[172434.257,559176.849],[172434.8,559182.9],[172429.484,559183.365]]]}},{"type":"Feature","properties":{"relatieveHoogteligging":0,"lokaalID":"G1900.6df403d6762f48d081abc49053e9390f","bgt_status":"bestaand","identificatieBAGPND":"0091100000006198","identificatieBAGVBOLaagsteHuisnummer":"0091010000029484","identificatieBAGVBOHoogsteHuisnummer":"0091010000029484","huisnummers":[{"tekst":"3","pos":[172425,559177],"hoek":0}]},"geometry":{"type":"Polygon","coordinates":[[[172420.808,559178.009],[172420.28,559172.072],[172423.214,559171.81],[172423.407,559173.981],[172428.606,559173.517],[172429.484,559183.365],[172424.17,559183.83],[172423.651,559177.753],[172420.808,559178.009]]]}},{"type":"Feature","properties":{"relatieveHoogteligging":0,"lokaalID":"G1900.dda315be51e04273bb72be3ce4a31db8","bgt_status":"bestaand","identificatieBAGPND":"0091100000011239","identificatieBAGVBOLaagsteHuisnummer":"0091010000031007","identificatieBAGVBOHoogsteHuisnummer":"0091010000031007","huisnummers":[{"tekst":"5","pos":[172416,559177],"hoek":0}]},"geometry":{"type":"Polygon","coordinates":[[[172413.213,559184.815],[172412.338,559174.99],[172417.543,559174.525],[172417.348,559172.334],[172417.362,559172.333],[172419.847,559172.111],[172420.28,559172.072],[172420.808,559178.009],[172417.974,559178.265],[172418.53,559184.33],[172413.213,559184.815]]]}},{"type":"Feature","properties":{"relatieveHoogteligging":0,"lokaalID":"G1900.91fbf24902504beeaa674a2aec8e58b5","bgt_status":"bestaand","identificatieBAGPND":"0091100000011132"},"geometry":{"type":"Polygon","coordinates":[[[172422.508,559223.396],[172422.743,559226.731],[172419.833,559226.918],[172419.595,559223.598],[172422.508,559223.396]]]}},{"type":"Feature","properties":{"relatieveHoogteligging":0,"lokaalID":"G1900.c60fdc89bae54ac99d1f10c6a26de203","bgt_status":"bestaand","identificatieBAGPND":"0091100000006441","identificatieBAGVBOLaagsteHuisnummer":"0091010000029521","identificatieBAGVBOHoogsteHuisnummer":"0091010000029521","huisnummers":[{"tekst":"57","pos":[172420,559247],"hoek":0}]},"geometry":{"type":"Polygon","coordinates":[[[172410.5,559246.17],[172410.488,559246.021],[172418.46,559245.414],[172418.446,559245.265],[172422.016,559244.935],[172422.448,559249.595],[172410.861,559250.547],[172410.5,559246.17]]]}},{"type":"Feature","properties":{"relatieveHoogteligging":0,"lokaalID":"G1900.488edc7a7269496b9668e48b32a10f06","bgt_status":"bestaand","identificatieBAGPND":"0091100000011128"},"geometry":{"type":"Polygon","coordinates":[[[172496.383,559167.355],[172496.154,559163.94],[172499.225,559163.735],[172499.453,559167.149],[172496.383,559167.355]]]}},{"type":"Feature","properties":{"relatieveHoogteligging":0,"lokaalID":"G1900.54d28209805849de9dbcb90ba661cd74","bgt_status":"bestaand","identificatieBAGPND":"0091100000009299"},"geometry":{"type":"Polygon","coordinates":[[[172496.622,559110.328],[172496.394,559106.901],[172500.398,559106.635],[172500.625,559110.062],[172496.622,559110.328]]]}},{"type":"Feature","properties":{"relatieveHoogteligging":0,"lokaalID":"G1900.7974f13fc9ef41f487a141be265d6eed","bgt_status":"bestaand","identificatieBAGPND":"0091100000010558","identificatieBAGVBOLaagsteHuisnummer":"0091010000029307","identificatieBAGVBOHoogsteHuisnummer":"0091010000029307","huisnummers":[{"tekst":"27","pos":[172516,559163],"hoek":0}]},"geometry":{"type":"Polygon","coordinates":[[[172508.77,559160.534],[172511.42,559160.28],[172521.061,559159.475],[172521.36,559162.75],[172524.37,559162.47],[172524.58,559164.796],[172512.006,559165.982],[172512.028,559166.221],[172509.334,559166.444],[172508.77,559160.534]]]}},{"type":"Feature","properties":{"relatieveHoogteligging":0,"lokaalID":"G1900.45b1fd3d1fc84449b812e406ee557706","bgt_status":"bestaand","identificatieBAGPND":"0091100000010562","identificatieBAGVBOLaagsteHuisnummer":"0091010000029306","identificatieBAGVBOHoogsteHuisnummer":"0091010000029306","huisnummers":[{"tekst":"25","pos":[172517,559157],"hoek":0}]},"geometry":{"type":"Polygon","coordinates":[[[172509.582,559154.781],[172509.584,559154.805],[172520.5,559153.84],[172520.52,559154],[172520.571,559153.995],[172520.852,559157.089],[172523.724,559156.831],[172523.686,559156.402],[172528.028,559156.011],[172528.281,559158.82],[172521.06,559159.47],[172521.061,559159.475],[172511.42,559160.28],[172508.77,559160.534],[172508.234,559154.916],[172509.582,559154.781]]]}},{"type":"Feature","properties":{"relatieveHoogteligging":0,"lokaalID":"G1900.44c73160237f474fb8d07f3ba7e9b523","bgt_status":"bestaand","identificatieBAGPND":"0091100000009627","identificatieBAGVBOLaagsteHuisnummer":"0091010000029278","identificatieBAGVBOHoogsteHuisnummer":"0091010000029278","huisnummers":[{"tekst":"23","pos":[172515,559150],"hoek":0}]},"geometry":{"type":"Polygon","coordinates":[[[172510.46,559148.93],[172520.05,559148.06],[172520.3,559150.78],[172527.53,559150.12],[172527.82,559153.33],[172520.57,559153.99],[172520.571,559153.995],[172520.52,559154],[172520.5,559153.84],[172509.584,559154.805],[172509.582,559154.781],[172509.46,559153.48],[172510.85,559153.35],[172510.46,559148.93]]]}},{"type":"Feature","properties":{"relatieveHoogteligging":0,"lokaalID":"G1900.fe65c8ab6e4f45e0bfc7069c3adf8903","bgt_status":"bestaand","identificatieBAGPND":"0091100000013900","identificatieBAGVBOLaagsteHuisnummer":"0091010000029268","identificatieBAGVBOHoogsteHuisnummer":"0091010000029268","huisnummers":[{"tekst":"21","pos":[172520,559140],"hoek":0}]},"geometry":{"type":"Polygon","coordinates":[[[172515.719,559137.676],[172515.713,559137.615],[172523.79,559136.845],[172524.05,559139.69],[172528.44,559139.29],[172529.01,559145.25],[172521.71,559145.92],[172521.43,559142.93],[172516.24,559143.4],[172515.719,559137.676]]]}},{"type":"Feature","properties":{"relatieveHoogteligging":0,"lokaalID":"G1900.179456463a4c4baabfa1ad068d0cd201","bgt_status":"bestaand","identificatieBAGPND":"0091100000010908","identificatieBAGVBOLaagsteHuisnummer":"0091010000029296","identificatieBAGVBOHoogsteHuisnummer":"0091010000029296","huisnummers":[{"tekst":"17","pos":[172520,559129],"hoek":0}]},"geometry":{"type":"Polygon","coordinates":[[[172513.718,559126.297],[172516.11,559126.09],[172524.283,559125.36],[172524.54,559128.17],[172525.8,559128.06],[172528.26,559127.84],[172531.44,559127.53],[172531.721,559130.384],[172526.01,559130.91],[172516.64,559131.8],[172516.62,559131.63],[172515.13,559131.77],[172515.14,559131.94],[172514.211,559132.022],[172514.211,559132.018],[172513.718,559126.297]]]}},{"type":"Feature","properties":{"relatieveHoogteligging":0,"lokaalID":"G1900.05d6fd1982d94c82afa0c5d6f59c527d","bgt_status":"bestaand","identificatieBAGPND":"0091100000010912","identificatieBAGVBOLaagsteHuisnummer":"0091010000029295","identificatieBAGVBOHoogsteHuisnummer":"0091010000029295","huisnummers":[{"tekst":"19","pos":[172520,559135],"hoek":0}]},"geometry":{"type":"Polygon","coordinates":[[[172514.211,559132.018],[172514.211,559132.022],[172515.14,559131.94],[172515.13,559131.77],[172516.62,559131.63],[172516.64,559131.8],[172526.01,559130.91],[172531.721,559130.384],[172532,559133.21],[172528.8,559133.51],[172526.31,559133.74],[172523.53,559134],[172523.79,559136.845],[172515.713,559137.615],[172515.719,559137.676],[172512.629,559137.909],[172512.12,559132.186],[172514.211,559132.018]]]}},{"type":"Feature","properties":{"relatieveHoogteligging":0,"lokaalID":"G1900.c3d9cda064f74b60adb4fe57974698d7","bgt_status":"bestaand","identificatieBAGPND":"0091100000010904","identificatieBAGVBOLaagsteHuisnummer":"0091010000029297","identificatieBAGVBOHoogsteHuisnummer":"0091010000029297","huisnummers":[{"tekst":"15","pos":[172520,559123],"hoek":0}]},"geometry":{"type":"Polygon","coordinates":[[[172513.228,559120.602],[172515.58,559120.4],[172530.634,559119.066],[172530.901,559121.856],[172524.02,559122.49],[172524.283,559125.36],[172516.11,559126.09],[172513.718,559126.297],[172513.228,559120.602]]]}},{"type":"Feature","properties":{"relatieveHoogteligging":0,"lokaalID":"G1900.93e5260d27334b38bea83aeb0404eed3","bgt_status":"bestaand","identificatieBAGPND":"0091100000010900","identificatieBAGVBOLaagsteHuisnummer":"0091010000029298","identificatieBAGVBOHoogsteHuisnummer":"0091010000029298","huisnummers":[{"tekst":"13","pos":[172520,559117],"hoek":0}]},"geometry":{"type":"Polygon","coordinates":[[[172515.091,559114.687],[172523.216,559114.015],[172523.48,559116.85],[172530.361,559116.219],[172530.634,559119.066],[172515.58,559120.4],[172513.228,559120.602],[172512.738,559114.9],[172515.091,559114.687]]]}},{"type":"Feature","properties":{"relatieveHoogteligging":0,"lokaalID":"G1900.f05529b7e761414486f33ed99d00a850","bgt_status":"bestaand","identificatieBAGPND":"0091100000009801","identificatieBAGVBOLaagsteHuisnummer":"0091010000029251","identificatieBAGVBOHoogsteHuisnummer":"0091010000029251","huisnummers":[{"tekst":"9","pos":[172518,559105],"hoek":0}]},"geometry":{"type":"Polygon","coordinates":[[[172522.16,559102.46],[172522.44,559105.45],[172529.268,559104.822],[172529.321,559104.817],[172529.578,559107.697],[172514.561,559109.006],[172514.02,559103.21],[172522.16,559102.46]]]}},{"type":"Feature","properties":{"relatieveHoogteligging":0,"lokaalID":"G1900.351192751746434fa2dde38edb613b72","bgt_status":"bestaand","identificatieBAGPND":"0091100000010920","identificatieBAGVBOLaagsteHuisnummer":"0091010000029293","identificatieBAGVBOHoogsteHuisnummer":"0091010000029293","huisnummers":[{"tekst":"11","pos":[172520,559111],"hoek":0}]},"geometry":{"type":"Polygon","coordinates":[[[172529.578,559107.697],[172529.831,559110.52],[172522.95,559111.15],[172523.216,559114.015],[172515.091,559114.687],[172514.561,559109.006],[172529.578,559107.697]]]}},{"type":"Feature","properties":{"relatieveHoogteligging":0,"lokaalID":"G1900.db25d9573d5240a88f7214dfafcb762b","bgt_status":"bestaand","identificatieBAGPND":"0091100000009759","identificatieBAGVBOLaagsteHuisnummer":"0091010000029202","identificatieBAGVBOHoogsteHuisnummer":"0091010000029202","huisnummers":[{"tekst":"12","pos":[172549,559107],"hoek":0}]},"geometry":{"type":"Polygon","coordinates":[[[172549.56,559105.48],[172550.085,559111.285],[172537.611,559112.476],[172537.34,559109.65],[172541.71,559109.23],[172541.42,559106.24],[172549.56,559105.48]]]}},{"type":"Feature","properties":{"relatieveHoogteligging":0,"lokaalID":"G1900.636b6e6f53504f58910077f8dc5ca752","bgt_status":"bestaand","identificatieBAGPND":"0091100000011164","identificatieBAGVBOLaagsteHuisnummer":"0091010000031649","identificatieBAGVBOHoogsteHuisnummer":"0091010000031649","huisnummers":[{"tekst":"33","pos":[172526,559180],"hoek":0}]},"geometry":{"type":"Polygon","coordinates":[[[172521.71,559178.64],[172530.03,559177.929],[172531.31,559177.82],[172531.54,559180.53],[172538.76,559179.91],[172539.05,559183.1],[172531.91,559183.73],[172531.91,559183.735],[172531.85,559183.74],[172531.84,559183.59],[172520.786,559184.546],[172520.68,559183.21],[172522.1,559183.09],[172521.71,559178.64]]]}},{"type":"Feature","properties":{"relatieveHoogteligging":0,"lokaalID":"G1900.bf06f145f5134f99a23779846c89ede5","bgt_status":"bestaand","identificatieBAGPND":"0091100000017538","identificatieBAGVBOLaagsteHuisnummer":"0091010000031605","identificatieBAGVBOHoogsteHuisnummer":"0091010000031605","huisnummers":[{"tekst":"39","pos":[172533,559198],"hoek":0}]},"geometry":{"type":"Polygon","coordinates":[[[172525.657,559200.747],[172524.89,559199.449],[172523.879,559197.737],[172523.72,559195.628],[172525.78,559195.374],[172525.79,559195.474],[172536.7,559194.44],[172536.71,559194.6],[172536.77,559194.595],[172537.05,559197.79],[172539.801,559197.544],[172539.996,559199.9],[172527.711,559201.005],[172527.671,559200.568],[172525.657,559200.747]]]}},{"type":"Feature","properties":{"relatieveHoogteligging":0,"lokaalID":"G1900.aee75a7cc1bd4318914cf06b5d7f1518","bgt_status":"bestaand","identificatieBAGPND":"0091100000014069","identificatieBAGVBOLaagsteHuisnummer":"0091010000029262","identificatieBAGVBOHoogsteHuisnummer":"0091010000029262","huisnummers":[{"tekst":"35","pos":[172526,559187],"hoek":0}]},"geometry":{"type":"Polygon","coordinates":[[[172539.485,559188.56],[172536.37,559188.846],[172526.61,559189.66],[172526.62,559189.816],[172522.7,559190.19],[172522.32,559185.74],[172520.89,559185.86],[172520.786,559184.546],[172531.84,559183.59],[172531.85,559183.74],[172531.91,559183.735],[172532.19,559186.88],[172534.688,559186.653],[172534.68,559186.13],[172539.29,559185.744],[172539.545,559188.554],[172539.485,559188.56]]]}},{"type":"Feature","properties":{"relatieveHoogteligging":0,"lokaalID":"G1900.d7f0b067911c48a585e7beb15d90df64","bgt_status":"bestaand","identificatieBAGPND":"0091100000002470","identificatieBAGVBOLaagsteHuisnummer":"0091010000021999","identificatieBAGVBOHoogsteHuisnummer":"0091010000021999","huisnummers":[{"tekst":"43","pos":[172533,559209],"hoek":0}]},"geometry":{"type":"Polygon","coordinates":[[[172545.31,559208.22],[172538.12,559208.89],[172538.37,559211.6],[172528.72,559212.41],[172528.704,559212.231],[172526.214,559212.449],[172525.716,559206.781],[172526.798,559206.686],[172526.806,559206.775],[172537.69,559205.82],[172537.68,559205.66],[172537.74,559205.655],[172537.74,559205.65],[172545.01,559205],[172545.31,559208.22]]]}},{"type":"Feature","properties":{"relatieveHoogteligging":0,"lokaalID":"G1900.ee74a778660e4f2ea45858ddcf814ffc","bgt_status":"bestaand","identificatieBAGPND":"0091100000008465","identificatieBAGVBOLaagsteHuisnummer":"0091010000031031","identificatieBAGVBOHoogsteHuisnummer":"0091010000031031","huisnummers":[{"tekst":"41","pos":[172533,559204],"hoek":0}]},"geometry":{"type":"Polygon","coordinates":[[[172526.798,559206.686],[172526.69,559205.45],[172528.11,559205.32],[172527.723,559201.135],[172527.711,559201.005],[172539.996,559199.9],[172540.19,559202.235],[172537.46,559202.47],[172537.74,559205.65],[172537.74,559205.655],[172537.68,559205.66],[172537.69,559205.82],[172526.806,559206.775],[172526.798,559206.686]]]}},{"type":"Feature","properties":{"relatieveHoogteligging":0,"lokaalID":"G1900.41b2dee90b874f2880e9ed108da694da","bgt_status":"bestaand","identificatieBAGPND":"0091100000012099","identificatieBAGVBOLaagsteHuisnummer":"0091010000022018","identificatieBAGVBOHoogsteHuisnummer":"0091010000022018","huisnummers":[{"tekst":"31","pos":[172517,559173],"hoek":0}]},"geometry":{"type":"Polygon","coordinates":[[[172513.02,559177.39],[172512.61,559172.95],[172511.21,559173.09],[172511.091,559171.765],[172522.05,559170.77],[172522.03,559170.606],[172522.08,559170.6],[172529.33,559169.94],[172529.61,559173.18],[172522.41,559173.81],[172522.65,559176.54],[172513.02,559177.39]]]}},{"type":"Feature","properties":{"relatieveHoogteligging":0,"lokaalID":"G1900.f2c1765d442e4277ad6f3001e94a1c70","bgt_status":"bestaand","identificatieBAGPND":"0091100000010876","identificatieBAGVBOLaagsteHuisnummer":"0091010000029304","identificatieBAGVBOHoogsteHuisnummer":"0091010000029304","huisnummers":[{"tekst":"29","pos":[172517,559169],"hoek":0}]},"geometry":{"type":"Polygon","coordinates":[[[172511.091,559171.765],[172510.97,559170.42],[172512.4,559170.29],[172512.028,559166.221],[172512.006,559165.982],[172524.58,559164.796],[172524.79,559167.13],[172521.79,559167.4],[172522.08,559170.6],[172522.03,559170.606],[172522.05,559170.77],[172511.091,559171.765]]]}},{"type":"Feature","properties":{"relatieveHoogteligging":0,"lokaalID":"G1900.d8197435e0be49469165f3ed61cad0f4","bgt_status":"bestaand","identificatieBAGPND":"0091100000009781","identificatieBAGVBOLaagsteHuisnummer":"0091010000029256","identificatieBAGVBOHoogsteHuisnummer":"0091010000029256","huisnummers":[{"tekst":"45","pos":[172535,559231],"hoek":0}]},"geometry":{"type":"Polygon","coordinates":[[[172527.266,559230.011],[172540.07,559228.92],[172540.3,559231.61],[172547.454,559231.006],[172547.52,559231],[172547.78,559234.24],[172540.63,559234.8],[172540.57,559234.804],[172540.56,559234.69],[172529.48,559235.64],[172527.759,559235.799],[172527.266,559230.011]]]}},{"type":"Feature","properties":{"relatieveHoogteligging":0,"lokaalID":"G1900.1e615b8ce98f4c2bb3c230fbca95ff7c","bgt_status":"bestaand","identificatieBAGPND":"0091100000014636","identificatieBAGVBOLaagsteHuisnummer":"0091010000036776","identificatieBAGVBOHoogsteHuisnummer":"0091010000036776","huisnummers":[{"tekst":"47","pos":[172536,559238],"hoek":0}]},"geometry":{"type":"Polygon","coordinates":[[[172527.759,559235.799],[172529.48,559235.64],[172540.56,559234.69],[172540.57,559234.804],[172540.63,559234.8],[172540.88,559237.97],[172543.548,559237.755],[172543.54,559237.31],[172548.002,559237.011],[172548.209,559239.6],[172546.03,559239.77],[172543.97,559239.92],[172543.98,559240.03],[172536.34,559240.76],[172536.35,559240.87],[172532.286,559241.226],[172528.251,559241.574],[172527.759,559235.799]]]}},{"type":"Feature","properties":{"relatieveHoogteligging":0,"lokaalID":"G1900.c8683f15f7d54924bfb5a5e44f5a3c8c","bgt_status":"bestaand","identificatieBAGPND":"0091100000009691","identificatieBAGVBOLaagsteHuisnummer":"0091010000029238","identificatieBAGVBOHoogsteHuisnummer":"0091010000029238","huisnummers":[{"tekst":"49","pos":[172541,559244],"hoek":0}]},"geometry":{"type":"Polygon","coordinates":[[[172532.286,559241.226],[172536.35,559240.87],[172536.34,559240.76],[172543.98,559240.03],[172543.97,559239.92],[172546.03,559239.77],[172546.24,559242.46],[172553.425,559241.896],[172553.5,559241.89],[172553.76,559245.1],[172546.51,559245.7],[172546.509,559245.694],[172546.44,559245.7],[172546.42,559245.53],[172535.41,559246.5],[172535.117,559246.527],[172535.054,559245.434],[172532.286,559241.226]]]}},{"type":"Feature","properties":{"relatieveHoogteligging":0,"lokaalID":"G1900.ac50472dc07a41fd9f4eecd4281547f6","bgt_status":"bestaand","identificatieBAGPND":"0091100000009687","identificatieBAGVBOLaagsteHuisnummer":"0091010000029239","identificatieBAGVBOHoogsteHuisnummer":"0091010000029239","huisnummers":[{"tekst":"51","pos":[172541,559248],"hoek":0}]},"geometry":{"type":"Polygon","coordinates":[[[172535.117,559246.527],[172535.41,559246.5],[172546.42,559245.53],[172546.44,559245.7],[172546.509,559245.694],[172546.51,559245.7],[172546.77,559248.87],[172549.5,559248.642],[172549.44,559248.32],[172553.992,559247.97],[172554.194,559250.465],[172554.209,559250.615],[172537.31,559252.03],[172533.764,559252.335],[172533.734,559251.358],[172534.686,559248.479],[172535.168,559247.403],[172535.117,559246.527]]]}},{"type":"Feature","properties":{"relatieveHoogteligging":0,"lokaalID":"G1900.8cf0d59ecc7e4742ac5525c2ec803b6d","bgt_status":"bestaand","identificatieBAGPND":"0091100000003863","identificatieBAGVBOLaagsteHuisnummer":"0091010000029646","identificatieBAGVBOHoogsteHuisnummer":"0091010000029646","huisnummers":[{"tekst":"32","pos":[172359,559134],"hoek":0}]},"geometry":{"type":"Polygon","coordinates":[[[172366.491,559133.526],[172357.935,559138.677],[172356.299,559135.972],[172354.16,559137.266],[172352.524,559134.562],[172351.437,559132.765],[172354.317,559131.023],[172355.321,559132.683],[172363.13,559127.96],[172366.491,559133.526]]]}},{"type":"Feature","properties":{"relatieveHoogteligging":0,"lokaalID":"G1900.322269d6b14b4483aa105525d8f8b7e6","bgt_status":"bestaand","identificatieBAGPND":"1900100010090928"},"geometry":{"type":"Polygon","coordinates":[[[172423.498,559226.843],[172425.224,559226.729],[172425.404,559229.45],[172423.736,559229.56],[172423.11,559229.601],[172422.93,559226.881],[172423.498,559226.843]]]}},{"type":"Feature","properties":{"relatieveHoogteligging":0,"lokaalID":"G1900.42d423f5b0904bf48f49554f447b401a","bgt_status":"bestaand","identificatieBAGPND":"1900100010090889"},"geometry":{"type":"Polygon","coordinates":[[[172360.646,559126.798],[172358.534,559123.439],[172361.185,559121.772],[172363.297,559125.131],[172360.646,559126.798]]]}},{"type":"Feature","properties":{"relatieveHoogteligging":0,"lokaalID":"G1900.8c5976301ef74eb6b511fd9503866331","bgt_status":"bestaand","identificatieBAGPND":"1900100010090913"},"geometry":{"type":"Polygon","coordinates":[[[172354.945,559259.114],[172358.067,559258.796],[172358.343,559261.515],[172355.221,559261.833],[172354.945,559259.114]]]}},{"type":"Feature","properties":{"relatieveHoogteligging":0,"lokaalID":"G1900.a1ca76062c514932b986c4939f5e411b","bgt_status":"bestaand","identificatieBAGPND":"1900100010090887"},"geometry":{"type":"Polygon","coordinates":[[[172328.121,559139.34],[172329.856,559142.071],[172327.887,559143.322],[172326.152,559140.592],[172328.121,559139.34]]]}},{"type":"Feature","properties":{"relatieveHoogteligging":0,"lokaalID":"G1900.a9869cf080f8426bb55fd56c44dbf49a","bgt_status":"bestaand","identificatieBAGPND":"1900100010090896"},"geometry":{"type":"Polygon","coordinates":[[[172346.539,559230.229],[172346.391,559227.846],[172349.575,559227.648],[172349.723,559230.032],[172346.539,559230.229]]]}},{"type":"Feature","properties":{"relatieveHoogteligging":0,"lokaalID":"G1900.b44ce0497b894869bcacabf20f0cf002","bgt_status":"bestaand","identificatieBAGPND":"1900100010090883"},"geometry":{"type":"Polygon","coordinates":[[[172304.603,559170.354],[172304.222,559167.417],[172306.442,559167.129],[172306.823,559170.066],[172304.603,559170.354]]]}},{"type":"Feature","properties":{"relatieveHoogteligging":0,"lokaalID":"G1900.ca3edce565774e63b22f9a35d4d941ea","bgt_status":"bestaand","identificatieBAGPND":"1900100010090930"},"geometry":{"type":"Polygon","coordinates":[[[172430.319,559253.66],[172430.076,559250.507],[172432.313,559250.334],[172432.556,559253.488],[172430.319,559253.66]]]}},{"type":"Feature","properties":{"relatieveHoogteligging":0,"lokaalID":"G1900.cb9dde77ba264deb9f118a4af1308d70","bgt_status":"bestaand","identificatieBAGPND":"1900100010090884"},"geometry":{"type":"Polygon","coordinates":[[[172328.35,559152.28],[172330.825,559150.827],[172331.671,559152.267],[172329.196,559153.72],[172328.35,559152.28]]]}},{"type":"Feature","properties":{"relatieveHoogteligging":0,"lokaalID":"G1900.ede94c07a5fc4338a499a2995b792e05","bgt_status":"bestaand","identificatieBAGPND":"1900100010090962"},"geometry":{"type":"Polygon","coordinates":[[[172496.464,559110.605],[172498.465,559110.495],[172498.615,559113.258],[172496.739,559113.36],[172495.95,559113.403],[172495.8,559110.641],[172496.464,559110.605]]]}},{"type":"Feature","properties":{"relatieveHoogteligging":0,"lokaalID":"G1900.b16711d1842b48ce9ca6d57064ab000a","bgt_status":"bestaand","identificatieBAGPND":"1900100010090886"},"geometry":{"type":"Polygon","coordinates":[[[172353.302,559158.884],[172351.904,559157.65],[172351.625,559157.403],[172353.73,559155.019],[172353.963,559155.225],[172355.407,559156.501],[172353.302,559158.884]]]}},{"type":"Feature","properties":{"relatieveHoogteligging":0,"lokaalID":"G1900.1191672104c2432c9eb2d9a4552e9ebf","bgt_status":"bestaand","identificatieBAGPND":"0091100000008630","identificatieBAGVBOLaagsteHuisnummer":"0091010000029740","identificatieBAGVBOHoogsteHuisnummer":"0091010000029740","huisnummers":[{"tekst":"105","pos":[172336,559248],"hoek":0}]},"geometry":{"type":"Polygon","coordinates":[[[172338.502,559246.717],[172338.89,559251.1],[172338.903,559251.249],[172331.776,559251.891],[172331.79,559252.04],[172325.343,559252.623],[172321.179,559252.999],[172320.97,559250.63],[172327.3,559249.95],[172327.063,559247.728],[172338.502,559246.717]]]}},{"type":"Feature","properties":{"relatieveHoogteligging":0,"lokaalID":"G1900.3e51d16ffb8048b690a795b34643de81","bgt_status":"bestaand","identificatieBAGPND":"0091100000006570","identificatieBAGVBOLaagsteHuisnummer":"0091010000029649","identificatieBAGVBOHoogsteHuisnummer":"0091010000029649","huisnummers":[{"tekst":"75","pos":[172368,559232],"hoek":0}]},"geometry":{"type":"Polygon","coordinates":[[[172365.73,559234.97],[172365.324,559230.598],[172376.956,559229.517],[172377.17,559231.86],[172383.31,559231.29],[172383.45,559233.48],[172379.672,559233.862],[172372.77,559234.56],[172372.758,559234.441],[172365.744,559235.119],[172365.73,559234.97]]]}},{"type":"Feature","properties":{"relatieveHoogteligging":0,"lokaalID":"G1900.f8e777f2aea746ddb061674f808d0bf8","bgt_status":"bestaand","identificatieBAGPND":"0091100000014074","identificatieBAGVBOLaagsteHuisnummer":"0091010000029261","identificatieBAGVBOHoogsteHuisnummer":"0091010000029261","huisnummers":[{"tekst":"37","pos":[172530,559192],"hoek":0}]},"geometry":{"type":"Polygon","coordinates":[[[172543.76,559190.74],[172544.03,559193.95],[172536.77,559194.59],[172536.77,559194.595],[172536.71,559194.6],[172536.7,559194.44],[172525.79,559195.474],[172525.78,559195.374],[172525.67,559194.15],[172525.59,559193.263],[172526.996,559193.129],[172526.68,559189.81],[172526.62,559189.816],[172526.61,559189.66],[172536.37,559188.846],[172536.6,559191.38],[172543.76,559190.74]]]}},{"type":"Feature","properties":{"relatieveHoogteligging":0,"lokaalID":"G1900.0d10cc1c5cbb4725bf832dc2d45361b6","bgt_status":"bestaand","identificatieBAGPND":"1900100010090915"},"geometry":{"type":"Polygon","coordinates":[[[172355.731,559245.454],[172356.029,559248.399],[172353.953,559248.608],[172353.656,559245.664],[172355.731,559245.454]]]}},{"type":"Feature","properties":{"relatieveHoogteligging":0,"lokaalID":"G1900.659fbb1d06864ec4aad45e4dbc763a1f","bgt_status":"bestaand","identificatieBAGPND":"1900100010090899"},"geometry":{"type":"Polygon","coordinates":[[[172276.208,559372.521],[172278.232,559370.311],[172280.034,559371.963],[172278.01,559374.172],[172276.208,559372.521]]]}},{"type":"Feature","properties":{"relatieveHoogteligging":0,"lokaalID":"G1900.7b286fce47a44b06819ab6508431557b","bgt_status":"bestaand","identificatieBAGPND":"1900100010090849"},"geometry":{"type":"Polygon","coordinates":[[[172038.704,559371.781],[172037.019,559371.023],[172037.949,559368.956],[172039.634,559369.714],[172038.704,559371.781]]]}},{"type":"Feature","properties":{"relatieveHoogteligging":0,"lokaalID":"G1900.93f6832992ec4c179d55ba19214649e2","bgt_status":"bestaand","identificatieBAGPND":"1900100010090827"},"geometry":{"type":"Polygon","coordinates":[[[172420.598,559386.611],[172419.328,559388.834],[172417.787,559387.953],[172419.057,559385.73],[172420.598,559386.611]]]}},{"type":"Feature","properties":{"relatieveHoogteligging":0,"lokaalID":"G1900.c9f1908feb1c4717921f61be8d9dcdfc","bgt_status":"bestaand","identificatieBAGPND":"1900100010090895"},"geometry":{"type":"Polygon","coordinates":[[[172386.346,559032.65],[172384.805,559030.297],[172387.567,559028.487],[172389.109,559030.84],[172386.346,559032.65]]]}},{"type":"Feature","properties":{"relatieveHoogteligging":0,"lokaalID":"G1900.9d43c6c86fbf4b49b316290c9fb486d1","bgt_status":"bestaand","identificatieBAGPND":"1900100010088662","identificatieBAGVBOLaagsteHuisnummer":"1900010010089734","identificatieBAGVBOHoogsteHuisnummer":"1900010010089734","huisnummers":[{"tekst":"69","pos":[172271.461,559793.471],"hoek":0}]},"geometry":{"type":"Polygon","coordinates":[[[172273.871,559787.421],[172277.791,559791.435],[172271.276,559797.815],[172267.346,559793.801],[172267.331,559793.786],[172273.859,559787.409],[172273.871,559787.421]]]}},{"type":"Feature","properties":{"relatieveHoogteligging":0,"lokaalID":"G1900.96fc1316784c45f9b93424d333ef4f97","bgt_status":"bestaand","identificatieBAGPND":"0091100000019596","identificatieBAGVBOLaagsteHuisnummer":"0091010000036822","identificatieBAGVBOHoogsteHuisnummer":"0091010000036840","huisnummers":[{"tekst":"27-73","pos":[172572.181,559845.269],"hoek":0}]},"geometry":{"type":"Polygon","coordinates":[[[172562.42,559784.01],[172565.46,559783.739],[172571.41,559783.21],[172571.428,559783.423],[172576.913,559847.523],[172574.831,559847.701],[172573.309,559850.198],[172574.746,559851.075],[172574.496,559851.485],[172573.059,559850.608],[172571.941,559852.442],[172570.04,559852.605],[172566.82,559852.88],[172566.48,559848.32],[172567.89,559848.16],[172562.42,559784.01]]]}},{"type":"Feature","properties":{"relatieveHoogteligging":0,"lokaalID":"G1900.116862504a8745f18a4ef8c06d0f3efb","bgt_status":"bestaand","identificatieBAGPND":"1900100010088685","identificatieBAGVBOLaagsteHuisnummer":"1900010010089752","identificatieBAGVBOHoogsteHuisnummer":"1900010010089752","huisnummers":[{"tekst":"16","pos":[172309.438,559779.155],"hoek":0}]},"geometry":{"type":"Polygon","coordinates":[[[172303.485,559781.423],[172309.774,559775.276],[172313.557,559779.147],[172307.268,559785.293],[172303.485,559781.423]]]}},{"type":"Feature","properties":{"relatieveHoogteligging":0,"lokaalID":"G1900.1383c8afc6f642c3bf58e777c564b8b7","bgt_status":"bestaand","identificatieBAGPND":"1900100010088609"},"geometry":{"type":"Polygon","coordinates":[[[172344.897,559776.671],[172346.781,559774.833],[172348.998,559777.106],[172347.114,559778.943],[172344.897,559776.671]]]}},{"type":"Feature","properties":{"relatieveHoogteligging":0,"lokaalID":"G1900.41a2a12d0f644ce28a09df7ad069d742","bgt_status":"bestaand","identificatieBAGPND":"1900100010088693","identificatieBAGVBOLaagsteHuisnummer":"1900010010089777","identificatieBAGVBOHoogsteHuisnummer":"1900010010089777","huisnummers":[{"tekst":"69","pos":[172357.093,559785.005],"hoek":0}]},"geometry":{"type":"Polygon","coordinates":[[[172357.114,559788.852],[172357.345,559789.09],[172357.209,559789.222],[172350.843,559782.689],[172354.697,559778.934],[172360.83,559785.228],[172357.114,559788.852]]]}},{"type":"Feature","properties":{"relatieveHoogteligging":0,"lokaalID":"G1900.4be3fe581e3c413faca371541fa698ec","bgt_status":"bestaand","identificatieBAGPND":"1900100010088620"},"geometry":{"type":"Polygon","coordinates":[[[172376.984,559738.086],[172378.868,559736.248],[172381.085,559738.521],[172379.201,559740.359],[172376.984,559738.086]]]}},{"type":"Feature","properties":{"relatieveHoogteligging":0,"lokaalID":"G1900.52a2a6358b7a4a2fbc4450b9bfccccf2","bgt_status":"bestaand","identificatieBAGPND":"1900100010088743","identificatieBAGVBOLaagsteHuisnummer":"1900010010089784","identificatieBAGVBOHoogsteHuisnummer":"1900010010089784","huisnummers":[{"tekst":"12","pos":[172395.874,559703.683],"hoek":0}]},"geometry":{"type":"Polygon","coordinates":[[[172398.482,559709.781],[172392.121,559703.243],[172392.271,559703.097],[172392.508,559703.339],[172396.201,559699.722],[172402.338,559706.03],[172398.482,559709.781]]]}},{"type":"Feature","properties":{"relatieveHoogteligging":0,"lokaalID":"G1900.6fd764d9ae144ba3938aeeef99097f3c","bgt_status":"bestaand","identificatieBAGPND":"1900100010088716","identificatieBAGVBOLaagsteHuisnummer":"1900010010089759","identificatieBAGVBOHoogsteHuisnummer":"1900010010089759","huisnummers":[{"tekst":"33","pos":[172433.289,559710.863],"hoek":0}]},"geometry":{"type":"Polygon","coordinates":[[[172433.333,559714.607],[172427.205,559708.309],[172431.055,559704.563],[172437.408,559711.092],[172437.263,559711.233],[172437.036,559711],[172433.333,559714.607]]]}},{"type":"Feature","properties":{"relatieveHoogteligging":0,"lokaalID":"G1900.9c659d71a05f4566892ba9377832f184","bgt_status":"bestaand","identificatieBAGPND":"1900100010088622"},"geometry":{"type":"Polygon","coordinates":[[[172392.454,559723.011],[172394.338,559721.173],[172396.555,559723.446],[172394.671,559725.284],[172392.454,559723.011]]]}},{"type":"Feature","properties":{"relatieveHoogteligging":0,"lokaalID":"G1900.aff3bfc0621148da955e93437537f44f","bgt_status":"bestaand","identificatieBAGPND":"1900100010088715","identificatieBAGVBOLaagsteHuisnummer":"1900010010089760","identificatieBAGVBOHoogsteHuisnummer":"1900010010089760","huisnummers":[{"tekst":"35","pos":[172429.687,559714.368],"hoek":0}]},"geometry":{"type":"Polygon","coordinates":[[[172429.477,559718.362],[172423.347,559712.062],[172427.205,559708.309],[172433.333,559714.607],[172429.477,559718.362]]]}},{"type":"Feature","properties":{"relatieveHoogteligging":0,"lokaalID":"G1900.b92afca971da42e1ad0adf1c33d04e54","bgt_status":"bestaand","identificatieBAGPND":"1900100010088607","identificatieBAGVBOLaagsteHuisnummer":"1900010010089757","identificatieBAGVBOHoogsteHuisnummer":"1900010010089757","huisnummers":[{"tekst":"31","pos":[172437.315,559706.945],"hoek":0}]},"geometry":{"type":"Polygon","coordinates":[[[172437.408,559711.092],[172431.055,559704.563],[172435.067,559700.666],[172435.116,559700.619],[172441.434,559707.171],[172441.415,559707.19],[172437.408,559711.092]]]}},{"type":"Feature","properties":{"relatieveHoogteligging":0,"lokaalID":"G1900.c32e6c91ad3e4925ba95205d89c3a390","bgt_status":"bestaand","identificatieBAGPND":"1900100010088703","identificatieBAGVBOLaagsteHuisnummer":"1900010010089769","identificatieBAGVBOHoogsteHuisnummer":"1900010010089769","huisnummers":[{"tekst":"53","pos":[172392.767,559750.293],"hoek":0}]},"geometry":{"type":"Polygon","coordinates":[[[172392.709,559754.17],[172386.597,559747.896],[172390.459,559744.134],[172396.571,559750.409],[172392.709,559754.17]]]}},{"type":"Feature","properties":{"relatieveHoogteligging":0,"lokaalID":"G1900.f4d6e322cf4c4839876b89b33659388e","bgt_status":"bestaand","identificatieBAGPND":"1900100010088600"},"geometry":{"type":"Polygon","coordinates":[[[172289.604,559783.92],[172291.862,559781.713],[172293.648,559783.539],[172291.389,559785.747],[172289.604,559783.92]]]}},{"type":"Feature","properties":{"relatieveHoogteligging":0,"lokaalID":"G1900.07532a7b9fcc4418b44099f820917baf","bgt_status":"bestaand","identificatieBAGPND":"0091100000014245","identificatieBAGVBOLaagsteHuisnummer":"0091010000030068","identificatieBAGVBOHoogsteHuisnummer":"0091010000030068","huisnummers":[{"tekst":"152","pos":[172174,559481],"hoek":0}]},"geometry":{"type":"Polygon","coordinates":[[[172167.142,559494.96],[172166.325,559494.222],[172165.508,559493.484],[172168.341,559490.348],[172171.173,559487.31],[172168.831,559485.126],[172175.391,559478.099],[172179.341,559481.787],[172172.783,559488.812],[172169.975,559491.824],[172167.142,559494.96]]]}},{"type":"Feature","properties":{"relatieveHoogteligging":0,"lokaalID":"G1900.07af31af94ef4436bd04e6d17003616d","bgt_status":"bestaand","identificatieBAGPND":"0091100000010326","identificatieBAGVBOLaagsteHuisnummer":"0091010000029429","identificatieBAGVBOHoogsteHuisnummer":"0091010000029429","huisnummers":[{"tekst":"30","pos":[172442,559511],"hoek":0}]},"geometry":{"type":"Polygon","coordinates":[[[172446.048,559521.647],[172443.673,559518.292],[172438.137,559510.477],[172442.82,559507.16],[172448.38,559514.96],[172445.473,559517.018],[172447.847,559520.373],[172448.109,559520.188],[172449.563,559522.241],[172447.63,559523.611],[172446.175,559521.557],[172446.048,559521.647]]]}},{"type":"Feature","properties":{"relatieveHoogteligging":0,"lokaalID":"G1900.2e3e829eebc246b0a67f8d669fa50fd1","bgt_status":"bestaand","identificatieBAGPND":"0091100000009880","identificatieBAGVBOLaagsteHuisnummer":"0091010000029905","identificatieBAGVBOHoogsteHuisnummer":"0091010000029905","huisnummers":[{"tekst":"33","pos":[172258,559470],"hoek":0}]},"geometry":{"type":"Polygon","coordinates":[[[172264.009,559476.545],[172260.697,559474.054],[172252.951,559468.408],[172256.3,559463.953],[172266.906,559471.926],[172267.274,559472.203],[172265.93,559473.991],[172264.009,559476.545]]]}},{"type":"Feature","properties":{"relatieveHoogteligging":0,"lokaalID":"G1900.41ed20cd01e64465a0b4bdccd8f31ac7","bgt_status":"bestaand","identificatieBAGPND":"0091100000006934","identificatieBAGVBOLaagsteHuisnummer":"0091010000030179","identificatieBAGVBOHoogsteHuisnummer":"0091010000030179","huisnummers":[{"tekst":"106","pos":[172097,559192],"hoek":0}]},"geometry":{"type":"Polygon","coordinates":[[[172099.003,559185.284],[172100.303,559187.085],[172100.408,559187.009],[172105.27,559193.795],[172100.3,559197.38],[172099.339,559196.048],[172097.243,559193.143],[172095.839,559194.156],[172095.59,559194.336],[172092.163,559189.586],[172092.463,559189.369],[172093.817,559188.393],[172092.372,559186.391],[172094.175,559185.091],[172095.962,559187.568],[172099.003,559185.284]]]}},{"type":"Feature","properties":{"relatieveHoogteligging":0,"lokaalID":"G1900.581b0f85eb654c68a9e545306defbfaa","bgt_status":"bestaand","identificatieBAGPND":"0091100000008564","identificatieBAGVBOLaagsteHuisnummer":"0091010000029841","identificatieBAGVBOHoogsteHuisnummer":"0091010000029841","huisnummers":[{"tekst":"17","pos":[172283,559492],"hoek":0}]},"geometry":{"type":"Polygon","coordinates":[[[172283.512,559497.087],[172276.491,559490.501],[172274.176,559488.354],[172273.993,559488.184],[172271.86,559486.206],[172274.155,559483.699],[172276.076,559485.514],[172275.29,559486.354],[172277.999,559488.891],[172280.14,559486.611],[172277.329,559484.025],[172280.267,559480.876],[172280.801,559480.304],[172285.176,559484.388],[172284.594,559484.994],[172289.541,559489.647],[172286.943,559492.408],[172287.452,559492.887],[172283.512,559497.087]]]}},{"type":"Feature","properties":{"relatieveHoogteligging":0,"lokaalID":"G1900.b76ecab8aafc43e79a5e726be8743675","bgt_status":"bestaand","identificatieBAGPND":"0091100000018890","identificatieBAGVBOLaagsteHuisnummer":"0091010000029749","identificatieBAGVBOHoogsteHuisnummer":"0091010000029749","huisnummers":[{"tekst":"82","pos":[172330,559544],"hoek":0}]},"geometry":{"type":"Polygon","coordinates":[[[172322.025,559545.972],[172325.808,559544.315],[172325.732,559544.142],[172334.506,559540.298],[172336.679,559545.263],[172327.906,559549.104],[172327.978,559549.268],[172324.517,559550.785],[172324.195,559550.926],[172323.302,559548.888],[172322.664,559547.43],[172322.441,559546.921],[172322.025,559545.972]]]}},{"type":"Feature","properties":{"relatieveHoogteligging":0,"lokaalID":"G1900.fd490141901646d59775deb2c5b2d888","bgt_status":"bestaand","identificatieBAGPND":"0091100000009845","identificatieBAGVBOLaagsteHuisnummer":"0091010000029177","identificatieBAGVBOHoogsteHuisnummer":"0091010000029177","huisnummers":[{"tekst":"54","pos":[172561,559710],"hoek":0}]},"geometry":{"type":"Polygon","coordinates":[[[172557.249,559713.968],[172557.213,559713.577],[172556.679,559707.797],[172566.288,559706.91],[172566.859,559713.081],[172557.249,559713.968]]]}},{"type":"Feature","properties":{"relatieveHoogteligging":0,"lokaalID":"G1900.02a7decf9f584d66aea5957dc08d93ff","bgt_status":"bestaand","identificatieBAGPND":"1900100010090826"},"geometry":{"type":"Polygon","coordinates":[[[172395.09,559551.262],[172393.568,559548.46],[172394.527,559547.939],[172397.23,559546.471],[172398.751,559549.272],[172396.215,559550.65],[172395.09,559551.262]]]}},{"type":"Feature","properties":{"relatieveHoogteligging":0,"lokaalID":"G1900.044c2ea0dfc946579a7c859b3d471545","bgt_status":"bestaand","identificatieBAGPND":"1900100010090902"},"geometry":{"type":"Polygon","coordinates":[[[172317.574,559407.739],[172316.554,559408.818],[172314.22,559406.611],[172315.297,559405.473],[172315.402,559405.362],[172317.735,559407.569],[172317.574,559407.739]]]}},{"type":"Feature","properties":{"relatieveHoogteligging":0,"lokaalID":"G1900.17c2c7fb352c43d1a983fe94e1762d1e","bgt_status":"bestaand","identificatieBAGPND":"1900100010090926"},"geometry":{"type":"Polygon","coordinates":[[[172450.213,559317.232],[172450.075,559314.078],[172453.126,559313.945],[172453.263,559317.099],[172450.213,559317.232]]]}},{"type":"Feature","properties":{"relatieveHoogteligging":0,"lokaalID":"G1900.18df5f3e29054bbfb47b418aa2b58095","bgt_status":"bestaand","identificatieBAGPND":"1900100010090800"},"geometry":{"type":"Polygon","coordinates":[[[172281.069,559461.034],[172282.98,559462.87],[172280.365,559465.59],[172278.455,559463.755],[172281.069,559461.034]]]}},{"type":"Feature","properties":{"relatieveHoogteligging":0,"lokaalID":"G1900.1a3d207129d149de868e21a06c7fd07a","bgt_status":"bestaand","identificatieBAGPND":"1900100010090832"},"geometry":{"type":"Polygon","coordinates":[[[172175.423,559124.211],[172174.03,559122.372],[172175.512,559121.25],[172176.905,559123.09],[172175.423,559124.211]]]}},{"type":"Feature","properties":{"relatieveHoogteligging":0,"lokaalID":"G1900.1deec36903ed443aa614af860e2e554c","bgt_status":"bestaand","identificatieBAGPND":"1900100010090785"},"geometry":{"type":"Polygon","coordinates":[[[172553.827,559672.699],[172554.003,559676.217],[172551.24,559676.355],[172551.065,559672.837],[172553.827,559672.699]]]}},{"type":"Feature","properties":{"relatieveHoogteligging":0,"lokaalID":"G1900.2adac4416c1745d1bc831a32a2780a35","bgt_status":"bestaand","identificatieBAGPND":"1900100010090825"},"geometry":{"type":"Polygon","coordinates":[[[172388.05,559525.309],[172385.757,559526.959],[172383.996,559524.511],[172386.289,559522.861],[172386.928,559523.749],[172388.05,559525.309]]]}},{"type":"Feature","properties":{"relatieveHoogteligging":0,"lokaalID":"G1900.41d2be819ac5498cb8a25b07204c86a0","bgt_status":"bestaand","identificatieBAGPND":"1900100010090871"},"geometry":{"type":"Polygon","coordinates":[[[172222.391,559287.772],[172222.357,559285.952],[172224.844,559285.906],[172224.877,559287.725],[172222.391,559287.772]]]}},{"type":"Feature","properties":{"relatieveHoogteligging":0,"lokaalID":"G1900.4c14279b0e804b8f883b745e11f2dbd6","bgt_status":"bestaand","identificatieBAGPND":"1900100010090880"},"geometry":{"type":"Polygon","coordinates":[[[172258.531,559197.324],[172256.054,559193.673],[172257.975,559192.37],[172260.451,559196.021],[172258.531,559197.324]]]}},{"type":"Feature","properties":{"relatieveHoogteligging":0,"lokaalID":"G1900.5e3c264f6730441db14925749fdc82c1","bgt_status":"bestaand","identificatieBAGPND":"1900100010090829"},"geometry":{"type":"Polygon","coordinates":[[[172519.595,559253.553],[172521.617,559253.379],[172521.793,559255.425],[172520.161,559255.565],[172519.77,559255.599],[172519.595,559253.553]]]}},{"type":"Feature","properties":{"relatieveHoogteligging":0,"lokaalID":"G1900.66bcffeb4a6644d4a39d98c0a9ba8871","bgt_status":"bestaand","identificatieBAGPND":"1900100010090936"},"geometry":{"type":"Polygon","coordinates":[[[172430.573,559164.861],[172430.231,559162.094],[172432.335,559161.834],[172432.678,559164.601],[172430.573,559164.861]]]}},{"type":"Feature","properties":{"relatieveHoogteligging":0,"lokaalID":"G1900.6702e75d343e40a4855e6b13d7b176e5","bgt_status":"bestaand","identificatieBAGPND":"1900100010090809"},"geometry":{"type":"Polygon","coordinates":[[[172110.273,559464.966],[172111.958,559466.599],[172109.974,559468.647],[172108.288,559467.014],[172110.273,559464.966]]]}},{"type":"Feature","properties":{"relatieveHoogteligging":0,"lokaalID":"G1900.768e961f28284da9a64d4dbb46c268e1","bgt_status":"bestaand","identificatieBAGPND":"1900100010090818"},"geometry":{"type":"Polygon","coordinates":[[[172320.358,559586.702],[172319.125,559583.798],[172322.338,559582.432],[172323.559,559585.305],[172323.679,559585.588],[172320.465,559586.954],[172320.358,559586.702]]]}},{"type":"Feature","properties":{"relatieveHoogteligging":0,"lokaalID":"G1900.7da268e80b9c4c6598cfdf7767bde461","bgt_status":"bestaand","identificatieBAGPND":"1900100010090905"},"geometry":{"type":"Polygon","coordinates":[[[172289.125,559324.869],[172288.507,559324.901],[172288.376,559324.908],[172288.333,559324.092],[172288.203,559321.589],[172291.748,559321.404],[172291.921,559324.723],[172289.125,559324.869]]]}},{"type":"Feature","properties":{"relatieveHoogteligging":0,"lokaalID":"G1900.8de19202a06c43c5b618171246d16aa0","bgt_status":"bestaand","identificatieBAGPND":"1900100010090823"},"geometry":{"type":"Polygon","coordinates":[[[172369.107,559514.734],[172367.755,559512.143],[172370.189,559510.873],[172371.541,559513.464],[172369.107,559514.734]]]}},{"type":"Feature","properties":{"relatieveHoogteligging":0,"lokaalID":"G1900.9582195de6af420597c147d07989e93c","bgt_status":"bestaand","identificatieBAGPND":"1900100010090874"},"geometry":{"type":"Polygon","coordinates":[[[172229.436,559240.609],[172229.896,559238.444],[172232.02,559238.89],[172231.56,559241.06],[172229.436,559240.609]]]}},{"type":"Feature","properties":{"relatieveHoogteligging":0,"lokaalID":"G1900.a0dc2bbab9b74a62be670c15391241ae","bgt_status":"bestaand","identificatieBAGPND":"1900100010092300"},"geometry":{"type":"Polygon","coordinates":[[[172211.633,559534.172],[172210.594,559533.213],[172209.557,559532.251],[172212.699,559528.864],[172213.35,559529.468],[172214.773,559530.788],[172211.633,559534.172]]]}},{"type":"Feature","properties":{"relatieveHoogteligging":0,"lokaalID":"G1900.a40e7c92e651494eb51962417d09b3f3","bgt_status":"bestaand","identificatieBAGPND":"1900100010090812"},"geometry":{"type":"Polygon","coordinates":[[[172165.803,559488.186],[172163.917,559490.191],[172162.321,559488.691],[172164.207,559486.686],[172165.803,559488.186]]]}},{"type":"Feature","properties":{"relatieveHoogteligging":0,"lokaalID":"G1900.a47dc48ddcb24ab8818d30df2b3db7a9","bgt_status":"bestaand","identificatieBAGPND":"1900100010090801"},"geometry":{"type":"Polygon","coordinates":[[[172223.145,559405.653],[172224.788,559407.031],[172223.295,559408.809],[172221.653,559407.431],[172223.145,559405.653]]]}},{"type":"Feature","properties":{"relatieveHoogteligging":0,"lokaalID":"G1900.b9672f20720c4dd881f85e23bda30919","bgt_status":"bestaand","identificatieBAGPND":"1900100010090901"},"geometry":{"type":"Polygon","coordinates":[[[172299.973,559394.669],[172298.31,559393.11],[172298.216,559393.022],[172299.803,559391.329],[172301.56,559392.976],[172299.973,559394.669]]]}},{"type":"Feature","properties":{"relatieveHoogteligging":0,"lokaalID":"G1900.c137c35009ce4a94b80af193c4612ea0","bgt_status":"bestaand","identificatieBAGPND":"1900100010090816"},"geometry":{"type":"Polygon","coordinates":[[[172224.805,559556.596],[172222.609,559554.664],[172224.593,559552.409],[172226.789,559554.34],[172224.805,559556.596]]]}},{"type":"Feature","properties":{"relatieveHoogteligging":0,"lokaalID":"G1900.c6a58269f8d14f5ca3076ecaa53c482b","bgt_status":"bestaand","identificatieBAGPND":"1900100010090888"},"geometry":{"type":"Polygon","coordinates":[[[172349.291,559146.434],[172347.43,559145.56],[172346.575,559145.174],[172347.892,559144.392],[172350.297,559142.965],[172351.557,559145.088],[172349.291,559146.434]]]}},{"type":"Feature","properties":{"relatieveHoogteligging":0,"lokaalID":"G1900.c769239b1eba4f33bb941f517cf5f4a3","bgt_status":"bestaand","identificatieBAGPND":"1900100010090904"},"geometry":{"type":"Polygon","coordinates":[[[172287.866,559318.833],[172287.591,559315.467],[172289.809,559315.286],[172290.084,559318.651],[172287.866,559318.833]]]}},{"type":"Feature","properties":{"relatieveHoogteligging":0,"lokaalID":"G1900.d744184767db455fb2c4b95c1680585f","bgt_status":"bestaand","identificatieBAGPND":"1900100010090819"},"geometry":{"type":"Polygon","coordinates":[[[172322.513,559555.068],[172323.426,559557.272],[172320.576,559558.452],[172319.664,559556.248],[172322.513,559555.068]]]}},{"type":"Feature","properties":{"relatieveHoogteligging":0,"lokaalID":"G1900.d8a007cf0f864ac1b6d07805ba106cd8","bgt_status":"bestaand","identificatieBAGPND":"1900100010090961"},"geometry":{"type":"Polygon","coordinates":[[[172496.793,559171.335],[172496.582,559171.349],[172496.371,559168.089],[172496.389,559168.088],[172498.964,559167.921],[172499.176,559171.18],[172496.793,559171.335]]]}},{"type":"Feature","properties":{"relatieveHoogteligging":0,"lokaalID":"G1900.da4ff867638e418899d97cf18edd8c98","bgt_status":"bestaand","identificatieBAGPND":"1900100010090476"},"geometry":{"type":"Polygon","coordinates":[[[172546.706,559730.832],[172548.531,559730.701],[172548.677,559732.739],[172546.866,559732.868],[172546.684,559732.881],[172546.538,559730.844],[172546.706,559730.832]]]}},{"type":"Feature","properties":{"relatieveHoogteligging":0,"lokaalID":"G1900.fdcc4e7668c749e5901401d563088b70","bgt_status":"bestaand","identificatieBAGPND":"1900100010090794"},"geometry":{"type":"Polygon","coordinates":[[[172266.08,559495.3],[172263.922,559493.404],[172265.165,559491.988],[172267.323,559493.884],[172266.08,559495.3]]]}},{"type":"Feature","properties":{"relatieveHoogteligging":0,"lokaalID":"G1900.95b523fe1dff4957a7c4ec69190b5dcc","bgt_status":"bestaand","identificatieBAGPND":"1900100010090881"},"geometry":{"type":"Polygon","coordinates":[[[172279.429,559178.451],[172279.488,559178.544],[172281.221,559181.25],[172276.017,559184.583],[172275.792,559184.727],[172273.999,559181.927],[172274.233,559181.777],[172279.429,559178.451]]]}},{"type":"Feature","properties":{"relatieveHoogteligging":0,"lokaalID":"G1900.aa6413ad1ef3480db55b164a5dd95e8e","bgt_status":"bestaand","identificatieBAGPND":"0091100000008995"},"geometry":{"type":"Polygon","coordinates":[[[172309.495,559249.365],[172309.21,559246.16],[172311.732,559245.921],[172312.38,559245.86],[172312.675,559249.08],[172309.495,559249.365]]]}},{"type":"Feature","properties":{"relatieveHoogteligging":0,"lokaalID":"G1900.7d3cb5520c1a4a59bb5442b022ba6ea2","bgt_status":"bestaand","identificatieBAGPND":"0091100000015226","identificatieBAGVBOLaagsteHuisnummer":"0091010000031271","identificatieBAGVBOHoogsteHuisnummer":"0091010000031271","huisnummers":[{"tekst":"35","pos":[172239,559453],"hoek":0}]},"geometry":{"type":"Polygon","coordinates":[[[172239.444,559456.085],[172233.24,559448.825],[172230.562,559445.68],[172229.157,559443.981],[172231.627,559441.789],[172233.231,559443.717],[172232.408,559444.455],[172234.915,559447.399],[172237.613,559445.102],[172238.826,559446.527],[172240.27,559445.298],[172241.714,559444.068],[172242.517,559445.011],[172242.9,559445.461],[172243.128,559445.729],[172244.194,559446.981],[172244.453,559447.286],[172246.231,559449.374],[172243.358,559451.819],[172243.81,559452.35],[172239.444,559456.085]]]}},{"type":"Feature","properties":{"relatieveHoogteligging":0,"lokaalID":"G1900.52b41bcf8418466eb4cb3e17fbff3edd","bgt_status":"bestaand","identificatieBAGPND":"0091100000010175","identificatieBAGVBOLaagsteHuisnummer":"0091010000029086","identificatieBAGVBOHoogsteHuisnummer":"0091010000029086","huisnummers":[{"tekst":"49","pos":[172587,559674],"hoek":0}]},"geometry":{"type":"Polygon","coordinates":[[[172585.3,559677.15],[172584.586,559668.919],[172588.538,559668.577],[172588.17,559664.286],[172587.728,559659.155],[172587.723,559659.102],[172589.816,559658.922],[172589.82,559658.967],[172590.263,559664.106],[172590.502,559664.085],[172590.87,559668.374],[172591.584,559676.604],[172585.3,559677.15]]]}},{"type":"Feature","properties":{"relatieveHoogteligging":0,"lokaalID":"G1900.6e78a3de6855423f81173fab5a27d376","bgt_status":"bestaand","identificatieBAGPND":"0091100000014704","identificatieBAGVBOLaagsteHuisnummer":"0091010000029059","identificatieBAGVBOHoogsteHuisnummer":"0091010000029059","huisnummers":[{"tekst":"6","pos":[172596,559643],"hoek":0}]},"geometry":{"type":"Polygon","coordinates":[[[172598.743,559639.055],[172599.455,559647.299],[172595.646,559647.628],[172596.021,559651.965],[172593.708,559652.164],[172593.682,559651.867],[172593.333,559647.828],[172592.62,559639.584],[172598.743,559639.055]]]}},{"type":"Feature","properties":{"relatieveHoogteligging":0,"lokaalID":"G1900.7323fcc40ea647ae82610eee6cbc1e80","bgt_status":"bestaand","identificatieBAGPND":"0091100000011465","identificatieBAGVBOLaagsteHuisnummer":"0091010000031474","identificatieBAGVBOHoogsteHuisnummer":"0091010000031474","huisnummers":[{"tekst":"7","pos":[172475,559758],"hoek":0}]},"geometry":{"type":"Polygon","coordinates":[[[172475.589,559751.848],[172475.428,559752.007],[172474.976,559752.452],[172476.421,559753.924],[172476.864,559754.376],[172478.009,559755.543],[172480.44,559758.02],[172475.891,559762.484],[172470.253,559756.738],[172470.985,559756.022],[172468.347,559753.331],[172471.125,559750.609],[172470.668,559750.143],[172472.311,559748.505],[172474.83,559751.074],[172475.589,559751.848]]]}},{"type":"Feature","properties":{"relatieveHoogteligging":0,"lokaalID":"G1900.b2e6aaaa3a1246fcb7c0fb9482d68fad","bgt_status":"bestaand","identificatieBAGPND":"0091100000010803","identificatieBAGVBOLaagsteHuisnummer":"0091010000029371","identificatieBAGVBOHoogsteHuisnummer":"0091010000029371","huisnummers":[{"tekst":"9","pos":[172471,559763],"hoek":0}]},"geometry":{"type":"Polygon","coordinates":[[[172471.465,559766.827],[172465.824,559761.078],[172466.548,559760.369],[172469.327,559757.646],[172466.232,559754.489],[172467.89,559752.865],[172468.347,559753.331],[172470.985,559756.022],[172470.253,559756.738],[172475.891,559762.484],[172471.465,559766.827]]]}},{"type":"Feature","properties":{"relatieveHoogteligging":0,"lokaalID":"G1900.b410ed0c9be146b19fd11b900700e6e6","bgt_status":"bestaand","identificatieBAGPND":"0091100000010083","identificatieBAGVBOLaagsteHuisnummer":"0091010000029131","identificatieBAGVBOHoogsteHuisnummer":"0091010000029131","huisnummers":[{"tekst":"22","pos":[172578,559612],"hoek":0}]},"geometry":{"type":"Polygon","coordinates":[[[172580.402,559597.329],[172580.84,559597.288],[172581.001,559597.273],[172581.06,559598.277],[172581.096,559598.9],[172581.28,559602.069],[172580.516,559602.139],[172580.946,559606.81],[172580.209,559606.877],[172580.942,559614.844],[172575.464,559615.328],[172574.727,559607],[172578.591,559606.645],[172578.195,559602.353],[172577.467,559602.42],[172577.188,559597.625],[172580.402,559597.329]]]}},{"type":"Feature","properties":{"relatieveHoogteligging":0,"lokaalID":"G1900.817a9567b90a4f88b365d9fa0f4bdd6a","bgt_status":"bestaand","identificatieBAGPND":"0091100000015025","identificatieBAGVBOLaagsteHuisnummer":"0091010000029948","identificatieBAGVBOHoogsteHuisnummer":"0091010000029948","huisnummers":[{"tekst":"3","pos":[172240,559277],"hoek":0}]},"geometry":{"type":"Polygon","coordinates":[[[172244.56,559278.999],[172236.958,559279.261],[172236.146,559279.289],[172236.15,559279.39],[172233.561,559279.475],[172230.96,559279.56],[172230.89,559277.35],[172236.08,559277.17],[172235.95,559273.4],[172235.946,559273.299],[172244.361,559272.999],[172244.56,559278.999]]]}},{"type":"Feature","properties":{"relatieveHoogteligging":0,"lokaalID":"G1900.e7431116de7d43c0a7f57ec19090de6b","bgt_status":"bestaand","identificatieBAGPND":"0091100000008627","identificatieBAGVBOLaagsteHuisnummer":"0091010000031250","identificatieBAGVBOHoogsteHuisnummer":"0091010000031250","huisnummers":[{"tekst":"112","pos":[172475,559039],"hoek":0}]},"geometry":{"type":"Polygon","coordinates":[[[172480.334,559039.834],[172477.406,559040.219],[172477.86,559043.673],[172472.209,559044.41],[172471.038,559035.286],[172470.901,559035.304],[172470.583,559032.974],[172470.558,559032.789],[172476.075,559032.111],[172476.169,559032.92],[172479.161,559032.54],[172479.381,559032.512],[172480.334,559039.834]]]}},{"type":"Feature","properties":{"relatieveHoogteligging":0,"lokaalID":"G1900.012ae582566d4a6eb11a4723dd1c68a1","bgt_status":"bestaand","identificatieBAGPND":"1900100010090870"},"geometry":{"type":"Polygon","coordinates":[[[172149.387,559188.666],[172149.18,559186.499],[172151.514,559186.276],[172151.721,559188.444],[172149.387,559188.666]]]}},{"type":"Feature","properties":{"relatieveHoogteligging":0,"lokaalID":"G1900.0a949e6e4f7d4ff19a999663a6d7f25a","bgt_status":"bestaand","identificatieBAGPND":"1900100010090853"},"geometry":{"type":"Polygon","coordinates":[[[172047.861,559314.642],[172050.458,559316.68],[172048.314,559319.41],[172045.718,559317.372],[172047.861,559314.642]]]}},{"type":"Feature","properties":{"relatieveHoogteligging":0,"lokaalID":"G1900.18bf919ca50c41569569163f19028557","bgt_status":"bestaand","identificatieBAGPND":"1900100010090923"},"geometry":{"type":"Polygon","coordinates":[[[172395.417,559339.795],[172395.892,559339.752],[172396.102,559342.059],[172395.61,559342.104],[172392.814,559342.358],[172392.604,559340.051],[172395.417,559339.795]]]}},{"type":"Feature","properties":{"relatieveHoogteligging":0,"lokaalID":"G1900.2a20c0d9c34f4357aa7ca7544aa6a5a0","bgt_status":"bestaand","identificatieBAGPND":"1900100010090977"},"geometry":{"type":"Polygon","coordinates":[[[172546.729,558928.019],[172546.558,558925.752],[172550.891,558925.424],[172551.062,558927.692],[172546.729,558928.019]]]}},{"type":"Feature","properties":{"relatieveHoogteligging":0,"lokaalID":"G1900.311bf4c199c349118f11818cd0184430","bgt_status":"bestaand","identificatieBAGPND":"1900100010090931"},"geometry":{"type":"Polygon","coordinates":[[[172386.436,559089.305],[172390.52,559086.781],[172392.801,559090.471],[172388.435,559093.17],[172386.154,559089.48],[172386.436,559089.305]]]}},{"type":"Feature","properties":{"relatieveHoogteligging":0,"lokaalID":"G1900.34ac9a9920ca43078b3a6b55d22f26ef","bgt_status":"bestaand","identificatieBAGPND":"1900100010090971"},"geometry":{"type":"Polygon","coordinates":[[[172469.892,559026.107],[172469.447,559022.991],[172472.781,559022.514],[172473.06,559024.47],[172471.963,559025.811],[172469.892,559026.107]]]}},{"type":"Feature","properties":{"relatieveHoogteligging":0,"lokaalID":"G1900.3b9ced2d47244a8d921a49a806269bc8","bgt_status":"bestaand","identificatieBAGPND":"1900100010090851"},"geometry":{"type":"Polygon","coordinates":[[[172050.361,559304.304],[172047.912,559306.421],[172046.541,559304.835],[172048.99,559302.718],[172049.122,559302.871],[172050.361,559304.304]]]}},{"type":"Feature","properties":{"relatieveHoogteligging":0,"lokaalID":"G1900.4042cf69d0df47b2af6a1ed4d6a73b7c","bgt_status":"bestaand","identificatieBAGPND":"1900100010090948"},"geometry":{"type":"Polygon","coordinates":[[[172582.945,559147.327],[172585.841,559147.076],[172585.847,559147.144],[172586.177,559150.948],[172583.282,559151.2],[172582.952,559147.403],[172582.945,559147.327]]]}},{"type":"Feature","properties":{"relatieveHoogteligging":0,"lokaalID":"G1900.70acbff508f942f5865e86f5df5926b6","bgt_status":"bestaand","identificatieBAGPND":"1900100010090838"},"geometry":{"type":"Polygon","coordinates":[[[172044.507,559220.229],[172042.7,559221.344],[172041.065,559218.693],[172042.872,559217.578],[172044.507,559220.229]]]}},{"type":"Feature","properties":{"relatieveHoogteligging":0,"lokaalID":"G1900.7450697405bf4490be24822a5293c32c","bgt_status":"bestaand","identificatieBAGPND":"1900100010090972"},"geometry":{"type":"Polygon","coordinates":[[[172408.674,559010.447],[172409.161,559014.511],[172405.998,559014.89],[172405.512,559010.826],[172408.674,559010.447]]]}},{"type":"Feature","properties":{"relatieveHoogteligging":0,"lokaalID":"G1900.7ad3a5ce98b5433789a4664bf0688d86","bgt_status":"bestaand","identificatieBAGPND":"1900100010090976"},"geometry":{"type":"Polygon","coordinates":[[[172531.162,558939.784],[172530.638,558935.403],[172532.958,558935.125],[172533.482,558939.507],[172531.162,558939.784]]]}},{"type":"Feature","properties":{"relatieveHoogteligging":0,"lokaalID":"G1900.7b9ce346a4534a8b85e3503495604566","bgt_status":"bestaand","identificatieBAGPND":"1900100010090861"},"geometry":{"type":"Polygon","coordinates":[[[172084.892,559249.343],[172083.733,559246.24],[172086.908,559245.054],[172088.079,559248.19],[172084.904,559249.375],[172084.892,559249.343]]]}},{"type":"Feature","properties":{"relatieveHoogteligging":0,"lokaalID":"G1900.9274424b5cb9461ab41a6c69fe1d3664","bgt_status":"bestaand","identificatieBAGPND":"1900100010090831"},"geometry":{"type":"Polygon","coordinates":[[[172174.313,559118.451],[172173.318,559116.991],[172176.235,559115.004],[172177.23,559116.465],[172174.313,559118.451]]]}},{"type":"Feature","properties":{"relatieveHoogteligging":0,"lokaalID":"G1900.94a47cd883464706aaa68f7bf9937e02","bgt_status":"bestaand","identificatieBAGPND":"1900100010090854"},"geometry":{"type":"Polygon","coordinates":[[[172106.046,559298.833],[172104.134,559299.938],[172102.734,559297.516],[172104.646,559296.411],[172106.046,559298.833]]]}},{"type":"Feature","properties":{"relatieveHoogteligging":0,"lokaalID":"G1900.9b3883601ac549a0ad9aecc04c71a42f","bgt_status":"bestaand","identificatieBAGPND":"1900100010090947"},"geometry":{"type":"Polygon","coordinates":[[[172581.708,559249.752],[172581.476,559246.974],[172583.889,559246.773],[172584.121,559249.551],[172581.708,559249.752]]]}},{"type":"Feature","properties":{"relatieveHoogteligging":0,"lokaalID":"G1900.a14d29f8372a4887a9422d4cfa80f77a","bgt_status":"bestaand","identificatieBAGPND":"1900100010090917"},"geometry":{"type":"Polygon","coordinates":[[[172381.543,559326.16],[172381.3,559322.077],[172381.211,559320.579],[172384.94,559320.357],[172386.847,559325.844],[172381.543,559326.16]]]}},{"type":"Feature","properties":{"relatieveHoogteligging":0,"lokaalID":"G1900.a64f02acffe343d09ebc8a3fb8d000db","bgt_status":"bestaand","identificatieBAGPND":"1900100010090955"},"geometry":{"type":"Polygon","coordinates":[[[172578.785,559167.057],[172575.554,559167.361],[172574.842,559167.428],[172574.692,559165.827],[172578.634,559165.456],[172578.779,559166.991],[172578.785,559167.057]]]}},{"type":"Feature","properties":{"relatieveHoogteligging":0,"lokaalID":"G1900.bb4bffc58f634133b068ca45b2fd95ed","bgt_status":"bestaand","identificatieBAGPND":"1900100010090906"},"geometry":{"type":"Polygon","coordinates":[[[172298.454,559334.789],[172296.84,559333.025],[172296.101,559332.216],[172296.564,559332.174],[172300.304,559331.834],[172300.556,559334.598],[172298.454,559334.789]]]}},{"type":"Feature","properties":{"relatieveHoogteligging":0,"lokaalID":"G1900.c082c3c0e80c426ca86d2bd30d9c42fe","bgt_status":"bestaand","identificatieBAGPND":"1900100010090933"},"geometry":{"type":"Polygon","coordinates":[[[172400.622,559128.288],[172403.168,559126.677],[172404.67,559129.05],[172402.125,559130.662],[172400.622,559128.288]]]}},{"type":"Feature","properties":{"relatieveHoogteligging":0,"lokaalID":"G1900.cbe86cb348a045aab5ab12468a37fed9","bgt_status":"bestaand","identificatieBAGPND":"1900100010090836"},"geometry":{"type":"Polygon","coordinates":[[[172087.863,559202.715],[172086.584,559200],[172089.909,559198.433],[172091.188,559201.148],[172087.863,559202.715]]]}},{"type":"Feature","properties":{"relatieveHoogteligging":0,"lokaalID":"G1900.dc2d0f33278547e48c975a05f8edca63","bgt_status":"bestaand","identificatieBAGPND":"1900100010090893"},"geometry":{"type":"Polygon","coordinates":[[[172367.74,559064.181],[172369.55,559067.261],[172367.255,559068.61],[172365.445,559065.53],[172367.74,559064.181]]]}},{"type":"Feature","properties":{"relatieveHoogteligging":0,"lokaalID":"G1900.e11a3a0c85bc40d29c3a0242ae85eb76","bgt_status":"bestaand","identificatieBAGPND":"1900100010090875"},"geometry":{"type":"Polygon","coordinates":[[[172226.144,559230.507],[172226.525,559230.498],[172225.959,559233.364],[172225.564,559233.373],[172220.053,559233.496],[172220.031,559232.512],[172219.989,559230.645],[172223.716,559230.561],[172226.144,559230.507]]]}},{"type":"Feature","properties":{"relatieveHoogteligging":0,"lokaalID":"G1900.f55f0b22e06b4aa684523afae069ed0a","bgt_status":"bestaand","identificatieBAGPND":"1900100010090892"},"geometry":{"type":"Polygon","coordinates":[[[172350.624,559051.462],[172351.495,559048.614],[172353.043,559049.087],[172352.172,559051.936],[172350.624,559051.462]]]}},{"type":"Feature","properties":{"relatieveHoogteligging":0,"lokaalID":"G1900.2f82199dfb764fda84ead9f9825a0d91","bgt_status":"bestaand","identificatieBAGPND":"0091100000006788","identificatieBAGVBOLaagsteHuisnummer":"0091010000029597","identificatieBAGVBOHoogsteHuisnummer":"0091010000029597","huisnummers":[{"tekst":"23","pos":[172380,559100],"hoek":0}]},"geometry":{"type":"Polygon","coordinates":[[[172374.883,559108.924],[172371.51,559103.38],[172374.66,559101.465],[172373.087,559098.877],[172374.985,559097.723],[172380.616,559094.301],[172383.922,559099.741],[172381.785,559101.039],[172383.424,559103.735],[172374.883,559108.924]]]}},{"type":"Feature","properties":{"relatieveHoogteligging":0,"lokaalID":"G1900.73d1c202a7294901b735f4b850dceff0","bgt_status":"bestaand","identificatieBAGPND":"0091100000007711","identificatieBAGVBOLaagsteHuisnummer":"0091010000030276","identificatieBAGVBOHoogsteHuisnummer":"0091010000030276","huisnummers":[{"tekst":"10","pos":[172015,559416],"hoek":0}]},"geometry":{"type":"Polygon","coordinates":[[[172015.736,559421.486],[172014.72,559425.824],[172012.386,559425.277],[172013.401,559420.939],[172010.104,559420.167],[172012.29,559410.84],[172017.922,559412.161],[172015.736,559421.486]]]}},{"type":"Feature","properties":{"relatieveHoogteligging":0,"lokaalID":"G1900.5996da20947a4a19be5a6e11bdff364b","bgt_status":"bestaand","identificatieBAGPND":"0091100000013755","identificatieBAGVBOLaagsteHuisnummer":"0091010000030288","identificatieBAGVBOHoogsteHuisnummer":"0091010000030288","huisnummers":[{"tekst":"55","pos":[172005,559380],"hoek":0}]},"geometry":{"type":"Polygon","coordinates":[[[172002,559383.063],[172005.155,559373.976],[172008.182,559374.991],[172009.488,559371.094],[172010.695,559367.41],[172012.753,559368.105],[172011.583,559371.796],[172010.274,559375.703],[172007.141,559384.772],[172002,559383.063]]]}},{"type":"Feature","properties":{"relatieveHoogteligging":0,"lokaalID":"G1900.6ac6d5b26b7e45fda133f0253c0f6260","bgt_status":"bestaand","identificatieBAGPND":"0091100000009600"},"geometry":{"type":"Polygon","coordinates":[[[172006.38,559362.398],[172006.495,559362.433],[172006.381,559362.805],[172005.499,559365.667],[172002.305,559364.683],[172003.302,559361.448],[172006.38,559362.398]]]}},{"type":"Feature","properties":{"relatieveHoogteligging":0,"lokaalID":"G1900.eb5cca64ef944da2930634c6753f7244","bgt_status":"bestaand","identificatieBAGPND":"0091100000005249","identificatieBAGVBOLaagsteHuisnummer":"0091010000030284","identificatieBAGVBOHoogsteHuisnummer":"0091010000030284","huisnummers":[{"tekst":"53","pos":[172009,559382],"hoek":0}]},"geometry":{"type":"Polygon","coordinates":[[[172007.141,559384.772],[172010.274,559375.703],[172013.318,559376.722],[172014.627,559372.816],[172016.723,559373.517],[172015.414,559377.424],[172012.282,559386.481],[172007.141,559384.772]]]}},{"type":"Feature","properties":{"relatieveHoogteligging":0,"lokaalID":"G1900.95dc179f2b584a2e8013f47830783686","bgt_status":"bestaand","identificatieBAGPND":"0091100000004602","identificatieBAGVBOLaagsteHuisnummer":"0091010000030270","identificatieBAGVBOHoogsteHuisnummer":"0091010000030270","huisnummers":[{"tekst":"49","pos":[172021,559385],"hoek":0}]},"geometry":{"type":"Polygon","coordinates":[[[172017.423,559388.19],[172020.553,559379.146],[172023.607,559380.169],[172024.915,559376.262],[172027.03,559376.97],[172022.69,559389.94],[172017.423,559388.19]]]}},{"type":"Feature","properties":{"relatieveHoogteligging":0,"lokaalID":"G1900.37117d4fc8de445a9f893d8790a2d423","bgt_status":"bestaand","identificatieBAGPND":"0091100000003766","identificatieBAGVBOLaagsteHuisnummer":"0091010000030278","identificatieBAGVBOHoogsteHuisnummer":"0091010000030278","huisnummers":[{"tekst":"51","pos":[172015,559383],"hoek":0}]},"geometry":{"type":"Polygon","coordinates":[[[172012.282,559386.481],[172015.414,559377.424],[172018.448,559378.441],[172019.757,559374.534],[172021.862,559375.239],[172020.553,559379.146],[172017.423,559388.19],[172012.282,559386.481]]]}},{"type":"Feature","properties":{"relatieveHoogteligging":0,"lokaalID":"G1900.f95c354800a442e1bba5238396835437","bgt_status":"bestaand","identificatieBAGPND":"0091100000004606","identificatieBAGVBOLaagsteHuisnummer":"0091010000030269","identificatieBAGVBOHoogsteHuisnummer":"0091010000030269","huisnummers":[{"tekst":"8","pos":[172020,559417],"hoek":0}]},"geometry":{"type":"Polygon","coordinates":[[[172015.736,559421.486],[172017.922,559412.161],[172023.175,559413.392],[172020.989,559422.715],[172019.973,559427.054],[172017.638,559426.507],[172018.654,559422.169],[172015.736,559421.486]]]}},{"type":"Feature","properties":{"relatieveHoogteligging":0,"lokaalID":"G1900.417f23d796ec4083887a29c7eb0f53de","bgt_status":"bestaand","identificatieBAGPND":"0091100000019061","identificatieBAGVBOLaagsteHuisnummer":"0091010000030259","identificatieBAGVBOHoogsteHuisnummer":"0091010000030259","huisnummers":[{"tekst":"4","pos":[172031,559417],"hoek":0}]},"geometry":{"type":"Polygon","coordinates":[[[172026.232,559423.943],[172028.418,559414.621],[172033.669,559415.852],[172031.484,559425.173],[172030.468,559429.511],[172028.134,559428.964],[172029.15,559424.626],[172026.232,559423.943]]]}},{"type":"Feature","properties":{"relatieveHoogteligging":0,"lokaalID":"G1900.2293470ca44348029830b34b76595d59","bgt_status":"bestaand","identificatieBAGPND":"0091100000019049","identificatieBAGVBOLaagsteHuisnummer":"0091010000030262","identificatieBAGVBOHoogsteHuisnummer":"0091010000030262","huisnummers":[{"tekst":"4","pos":[172028,559354],"hoek":0}]},"geometry":{"type":"Polygon","coordinates":[[[172033.561,559352.808],[172028.641,559360.99],[172026.512,559364.518],[172024.611,559363.371],[172026.74,559359.843],[172024.008,559358.194],[172028.924,559350.02],[172033.561,559352.808]]]}},{"type":"Feature","properties":{"relatieveHoogteligging":0,"lokaalID":"G1900.e3dccf5dc6474d629983c039c6b29cc2","bgt_status":"bestaand","identificatieBAGPND":"0091100000004614","identificatieBAGVBOLaagsteHuisnummer":"0091010000030267","identificatieBAGVBOHoogsteHuisnummer":"0091010000030267","huisnummers":[{"tekst":"6","pos":[172025,559351],"hoek":0}]},"geometry":{"type":"Polygon","coordinates":[[[172024.321,559347.252],[172028.924,559350.02],[172024.008,559358.194],[172021.879,559361.722],[172019.986,559360.58],[172022.116,559357.052],[172019.41,559355.419],[172024.321,559347.252]]]}},{"type":"Feature","properties":{"relatieveHoogteligging":0,"lokaalID":"G1900.8baf18b3487e4da59573ac4b572aee58","bgt_status":"bestaand","identificatieBAGPND":"0091100000004598","identificatieBAGVBOLaagsteHuisnummer":"0091010000030271","identificatieBAGVBOHoogsteHuisnummer":"0091010000030271","huisnummers":[{"tekst":"15","pos":[172020,559310],"hoek":0}]},"geometry":{"type":"Polygon","coordinates":[[[172020.334,559314.426],[172016.012,559311.174],[172021.766,559303.656],[172024.311,559305.603],[172026.825,559302.319],[172028.574,559303.658],[172026.061,559306.942],[172020.334,559314.426]]]}},{"type":"Feature","properties":{"relatieveHoogteligging":0,"lokaalID":"G1900.a743110d3876407cb97803779b163a1a","bgt_status":"bestaand","identificatieBAGPND":"0091100000004618","identificatieBAGVBOLaagsteHuisnummer":"0091010000030266","identificatieBAGVBOHoogsteHuisnummer":"0091010000030266","huisnummers":[{"tekst":"13","pos":[172024,559313],"hoek":0}]},"geometry":{"type":"Polygon","coordinates":[[[172024.34,559317.44],[172020.334,559314.426],[172026.061,559306.942],[172028.606,559308.889],[172031.119,559305.605],[172032.89,559306.959],[172027.934,559313.541],[172024.76,559317.756],[172024.34,559317.44]]]}},{"type":"Feature","properties":{"relatieveHoogteligging":0,"lokaalID":"G1900.25e86524c84640c28eb484a793d15435","bgt_status":"bestaand","identificatieBAGPND":"0091100000004629","identificatieBAGVBOLaagsteHuisnummer":"0091010000030263","identificatieBAGVBOHoogsteHuisnummer":"0091010000030263","huisnummers":[{"tekst":"11","pos":[172026,559320],"hoek":0}]},"geometry":{"type":"Polygon","coordinates":[[[172021.985,559320.806],[172021.87,559320.72],[172024.34,559317.44],[172024.76,559317.756],[172027.934,559313.541],[172030.558,559315.496],[172033.015,559312.198],[172034.78,559313.513],[172032.323,559316.811],[172026.699,559324.36],[172021.985,559320.806]]]}},{"type":"Feature","properties":{"relatieveHoogteligging":0,"lokaalID":"G1900.31d367b7d3d8423098b0a80416535972","bgt_status":"bestaand","identificatieBAGPND":"0091100000004621","identificatieBAGVBOLaagsteHuisnummer":"0091010000030265","identificatieBAGVBOHoogsteHuisnummer":"0091010000030265","huisnummers":[{"tekst":"84","pos":[172023,559256],"hoek":0}]},"geometry":{"type":"Polygon","coordinates":[[[172024.05,559248.12],[172027.384,559251.738],[172028.292,559252.723],[172030.04,559254.62],[172027.534,559256.876],[172029.14,559258.66],[172024.726,559262.769],[172018.987,559256.689],[172018.892,559256.778],[172016.964,559254.707],[172015.35,559252.973],[172016.974,559251.46],[172020.524,559255.272],[172023.254,559252.731],[172021.319,559250.598],[172024.05,559248.12]]]}},{"type":"Feature","properties":{"relatieveHoogteligging":0,"lokaalID":"G1900.b101ea8c2c0a415392d7071fa054c58d","bgt_status":"bestaand","identificatieBAGPND":"0091100000004128","identificatieBAGVBOLaagsteHuisnummer":"0091010000031628","identificatieBAGVBOHoogsteHuisnummer":"0091010000031628","huisnummers":[{"tekst":"82","pos":[172019,559262],"hoek":0}]},"geometry":{"type":"Polygon","coordinates":[[[172020.241,559266.943],[172019.353,559265.884],[172013.69,559259.752],[172013.587,559259.83],[172011.201,559257.317],[172006.772,559252.596],[172008.387,559251.018],[172014.197,559257.282],[172016.964,559254.707],[172018.892,559256.778],[172018.987,559256.689],[172024.726,559262.769],[172020.241,559266.943]]]}},{"type":"Feature","properties":{"relatieveHoogteligging":0,"lokaalID":"G1900.e79b4bff73924cfab64b0197c3555594","bgt_status":"bestaand","identificatieBAGPND":"0091100000011287","identificatieBAGVBOLaagsteHuisnummer":"0091010000031021","identificatieBAGVBOHoogsteHuisnummer":"0091010000031021","huisnummers":[{"tekst":"80","pos":[172014,559265],"hoek":0}]},"geometry":{"type":"Polygon","coordinates":[[[172011.201,559257.317],[172013.587,559259.83],[172013.69,559259.752],[172019.353,559265.884],[172014.93,559269.976],[172009.278,559263.824],[172009.183,559263.912],[172006.691,559261.224],[172005.658,559260.11],[172003.97,559258.289],[172005.431,559256.935],[172007.119,559258.755],[172007.274,559258.611],[172008.478,559259.909],[172011.201,559257.317]]]}},{"type":"Feature","properties":{"relatieveHoogteligging":0,"lokaalID":"G1900.ca593553307f4b708195600bdcc4bbf4","bgt_status":"bestaand","identificatieBAGPND":"0091100000007707","identificatieBAGVBOLaagsteHuisnummer":"0091010000030277","identificatieBAGVBOHoogsteHuisnummer":"0091010000030277","huisnummers":[{"tekst":"19","pos":[172012,559304],"hoek":0}]},"geometry":{"type":"Polygon","coordinates":[[[172006.986,559304.382],[172007.441,559303.804],[172012.899,559296.87],[172015.722,559299.03],[172018.236,559295.746],[172019.985,559297.085],[172017.472,559300.369],[172011.692,559307.923],[172006.986,559304.382]]]}},{"type":"Feature","properties":{"relatieveHoogteligging":0,"lokaalID":"G1900.4f40a1e815a54339ae8290f90d8839a0","bgt_status":"bestaand","identificatieBAGPND":"0091100000005257","identificatieBAGVBOLaagsteHuisnummer":"0091010000030282","identificatieBAGVBOHoogsteHuisnummer":"0091010000030282","huisnummers":[{"tekst":"10","pos":[172015,559347],"hoek":0}]},"geometry":{"type":"Polygon","coordinates":[[[172015.038,559341.67],[172019.675,559344.458],[172014.768,559352.618],[172012.639,559356.146],[172010.747,559355.004],[172012.876,559351.476],[172010.136,559349.822],[172015.038,559341.67]]]}},{"type":"Feature","properties":{"relatieveHoogteligging":0,"lokaalID":"G1900.a8bab21190cb4cb297a7763bfb264348","bgt_status":"bestaand","identificatieBAGPND":"0091100000013760","identificatieBAGVBOLaagsteHuisnummer":"0091010000030287","identificatieBAGVBOHoogsteHuisnummer":"0091010000030287","huisnummers":[{"tekst":"12","pos":[172011,559344],"hoek":0}]},"geometry":{"type":"Polygon","coordinates":[[[172010.1,559338.7],[172015.038,559341.67],[172010.136,559349.822],[172008.006,559353.35],[172006.031,559356.674],[172004.18,559355.513],[172006.114,559352.208],[172008.243,559348.68],[172005.46,559347],[172008.209,559342.316],[172008,559342.19],[172010.1,559338.7]]]}},{"type":"Feature","properties":{"relatieveHoogteligging":0,"lokaalID":"G1900.4117088a79cc44aca92447e275ea64ee","bgt_status":"bestaand","identificatieBAGPND":"0091100000018818","identificatieBAGVBOLaagsteHuisnummer":"0091010000030291","identificatieBAGVBOHoogsteHuisnummer":"0091010000030291","huisnummers":[{"tekst":"12","pos":[172006,559409],"hoek":0}]},"geometry":{"type":"Polygon","coordinates":[[[172007.186,559421.041],[172006.527,559420.887],[172005.867,559420.733],[172003.532,559420.188],[172004.536,559415.897],[172001.568,559415.203],[172003.756,559405.867],[172009.06,559407.11],[172007.004,559415.882],[172008.319,559416.19],[172007.186,559421.041]]]}},{"type":"Feature","properties":{"relatieveHoogteligging":0,"lokaalID":"G1900.fa374e75f52c4c5eaa2cd32d69e0da60","bgt_status":"bestaand","identificatieBAGPND":"0091100000004625","identificatieBAGVBOLaagsteHuisnummer":"0091010000030264","identificatieBAGVBOHoogsteHuisnummer":"0091010000030264","huisnummers":[{"tekst":"6","pos":[172025,559417],"hoek":0}]},"geometry":{"type":"Polygon","coordinates":[[[172028.418,559414.621],[172026.232,559423.943],[172025.216,559428.281],[172023.097,559427.785],[172022.891,559427.737],[172023.907,559423.399],[172020.989,559422.715],[172023.175,559413.392],[172028.418,559414.621]]]}},{"type":"Feature","properties":{"relatieveHoogteligging":0,"lokaalID":"G1900.e16dac90508d4d0f9f8f99bc5c18a481","bgt_status":"bestaand","identificatieBAGPND":"1900100010088728"},"geometry":{"type":"Polygon","coordinates":[[[172348.979,559765.396],[172351.195,559767.669],[172349.312,559769.506],[172347.095,559767.234],[172348.979,559765.396]]]}},{"type":"Feature","properties":{"relatieveHoogteligging":0,"lokaalID":"G1900.691653f550974e688d71d96e1c5d0e1b","bgt_status":"bestaand","identificatieBAGPND":"0091100000009542"},"geometry":{"type":"Polygon","coordinates":[[[172498.969,559133.361],[172503.535,559133.01],[172503.563,559133.468],[172503.622,559134.449],[172502.384,559134.572],[172500.705,559136.575],[172499.175,559136.768],[172498.969,559133.361]]]}},{"type":"Feature","properties":{"relatieveHoogteligging":0,"lokaalID":"G1900.4ce7361042554630b56292b4aaea98e0","bgt_status":"bestaand","identificatieBAGPND":"1900100010090858"},"geometry":{"type":"Polygon","coordinates":[[[172092.536,559274.737],[172091.086,559272.699],[172093.653,559270.874],[172095.103,559272.912],[172092.536,559274.737]]]}},{"type":"Feature","properties":{"relatieveHoogteligging":0,"lokaalID":"G1900.3ab4c42c3d69445daaa48d3b8a8cb636","bgt_status":"bestaand","identificatieBAGPND":"1900100010088624"},"geometry":{"type":"Polygon","coordinates":[[[172400.342,559719.767],[172398.131,559717.501],[172400.005,559715.653],[172402.216,559717.919],[172400.342,559719.767]]]}},{"type":"Feature","properties":{"relatieveHoogteligging":0,"lokaalID":"G1900.caf1c1c396004d39938ce390306a5840","bgt_status":"bestaand","identificatieBAGPND":"1900100010090954"},"geometry":{"type":"Polygon","coordinates":[[[172573.496,559142.959],[172572.633,559143.013],[172572.477,559140.536],[172573.291,559140.485],[172575.255,559140.361],[172575.411,559142.839],[172573.496,559142.959]]]}},{"type":"Feature","properties":{"relatieveHoogteligging":0,"lokaalID":"G1900.ff467b2b59684ecda8f0b77aa627b349","bgt_status":"bestaand","identificatieBAGPND":"0091100000008636","identificatieBAGVBOLaagsteHuisnummer":"0091010000029855","identificatieBAGVBOHoogsteHuisnummer":"0091010000029855","huisnummers":[{"tekst":"15","pos":[172279,559496],"hoek":0}]},"geometry":{"type":"Polygon","coordinates":[[[172279.817,559501.026],[172272.799,559494.443],[172270.491,559492.282],[172269.775,559491.611],[172271.283,559490.001],[172271.831,559490.514],[172271.833,559490.512],[172274.31,559492.813],[172276.491,559490.501],[172283.512,559497.087],[172279.817,559501.026]]]}},{"type":"Feature","properties":{"relatieveHoogteligging":0,"lokaalID":"G1900.1b9d1e3592864e8b9a9977134d5a5de4","bgt_status":"bestaand","identificatieBAGPND":"0091100000006430","identificatieBAGVBOLaagsteHuisnummer":"0091010000030027","identificatieBAGVBOHoogsteHuisnummer":"0091010000030027","huisnummers":[{"tekst":"53","pos":[172191,559452],"hoek":0}]},"geometry":{"type":"Polygon","coordinates":[[[172197.851,559461.318],[172197.723,559461.198],[172194.826,559458.484],[172194.717,559458.601],[172187.873,559452.201],[172189.715,559450.227],[172191.557,559448.253],[172198.418,559454.651],[172198.527,559454.534],[172201.552,559457.367],[172201.356,559457.576],[172204.588,559460.55],[172203.387,559461.92],[172202.712,559462.69],[172202.157,559463.323],[172202.033,559463.215],[172201.161,559462.451],[172202.433,559461],[172202.053,559460.65],[172200.133,559458.881],[172200.043,559458.978],[172200.214,559459.138],[172198.022,559461.478],[172197.851,559461.318]]]}},{"type":"Feature","properties":{"relatieveHoogteligging":0,"lokaalID":"G1900.1e323211336e413d9adbf1c50503f86b","bgt_status":"bestaand","identificatieBAGPND":"0091100000015060","identificatieBAGVBOLaagsteHuisnummer":"0091010000029941","identificatieBAGVBOHoogsteHuisnummer":"0091010000029941","huisnummers":[{"tekst":"8","pos":[172240,559240],"hoek":0}]},"geometry":{"type":"Polygon","coordinates":[[[172237.89,559236.27],[172237.909,559236.178],[172246.132,559237.874],[172244.888,559243.74],[172236.669,559242.048],[172236.65,559242.14],[172231.565,559241.061],[172231.56,559241.06],[172232.02,559238.89],[172237.11,559239.96],[172237.89,559236.27]]]}},{"type":"Feature","properties":{"relatieveHoogteligging":0,"lokaalID":"G1900.1fcf92eeb79a4007bb982e494c59e459","bgt_status":"bestaand","identificatieBAGPND":"0091100000003057"},"geometry":{"type":"Polygon","coordinates":[[[172379.79,559235.24],[172379.894,559236.417],[172380.08,559238.52],[172376.93,559238.82],[172374.728,559239.028],[172374.487,559236.473],[172376.689,559236.265],[172376.62,559235.54],[172379.79,559235.24]]]}},{"type":"Feature","properties":{"relatieveHoogteligging":0,"lokaalID":"G1900.7c195153422b4555850f23309050ebbe","bgt_status":"bestaand","identificatieBAGPND":"0091100000010852","identificatieBAGVBOLaagsteHuisnummer":"0091010000029789","identificatieBAGVBOHoogsteHuisnummer":"0091010000029789","huisnummers":[{"tekst":"100","pos":[172307,559580],"hoek":0}]},"geometry":{"type":"Polygon","coordinates":[[[172302.929,559577.563],[172312.268,559575.422],[172316.29,559574.497],[172316.344,559574.731],[172316.786,559576.653],[172312.764,559577.579],[172313.48,559580.687],[172304.137,559582.829],[172302.929,559577.563]]]}},{"type":"Feature","properties":{"relatieveHoogteligging":0,"lokaalID":"G1900.7fbc688816ee42a48d67633de23d9cf5","bgt_status":"bestaand","identificatieBAGPND":"0091100000011457"},"geometry":{"type":"Polygon","coordinates":[[[172439.752,558999.588],[172440.147,559003.086],[172440.244,559003.946],[172436.955,559004.3],[172436.863,559003.448],[172436.772,559002.607],[172436.486,558999.96],[172439.752,558999.588]]]}},{"type":"Feature","properties":{"relatieveHoogteligging":0,"lokaalID":"G1900.83469334535a4cfab6d1e32261f5aec2","bgt_status":"bestaand","identificatieBAGPND":"0091100000006898","identificatieBAGVBOLaagsteHuisnummer":"0091010000029545","identificatieBAGVBOHoogsteHuisnummer":"0091010000029545","huisnummers":[{"tekst":"11","pos":[172407,559151],"hoek":0}]},"geometry":{"type":"Polygon","coordinates":[[[172401.97,559157.468],[172399.23,559152.93],[172404.444,559149.772],[172402.948,559147.302],[172408.05,559144.202],[172408.17,559144.129],[172409.013,559143.617],[172409.973,559143.034],[172411.518,559145.584],[172409.593,559146.749],[172407.72,559147.883],[172410.415,559152.336],[172401.97,559157.468]]]}},{"type":"Feature","properties":{"relatieveHoogteligging":0,"lokaalID":"G1900.aad0c386088f4e1aa0373288b7d86862","bgt_status":"bestaand","identificatieBAGPND":"0091100000004976","identificatieBAGVBOLaagsteHuisnummer":"0091010000030024","identificatieBAGVBOHoogsteHuisnummer":"0091010000030024","huisnummers":[{"tekst":"51","pos":[172189,559456],"hoek":0}]},"geometry":{"type":"Polygon","coordinates":[[[172184.059,559456.288],[172187.873,559452.201],[172194.717,559458.601],[172194.826,559458.484],[172197.723,559461.198],[172197.851,559461.318],[172196.341,559462.924],[172193.332,559460.095],[172190.893,559462.69],[172184.059,559456.288]]]}},{"type":"Feature","properties":{"relatieveHoogteligging":0,"lokaalID":"G1900.b6ed9a17ff904921adb9a5ccbf6110e2","bgt_status":"bestaand","identificatieBAGPND":"0091100000011473","identificatieBAGVBOLaagsteHuisnummer":"0091010000031472","identificatieBAGVBOHoogsteHuisnummer":"0091010000031472","huisnummers":[{"tekst":"11","pos":[172136.975,559240.885],"hoek":0}]},"geometry":{"type":"Polygon","coordinates":[[[172140.911,559242.872],[172135.709,559244.411],[172135.64,559244.18],[172133.927,559238.469],[172142.944,559235.765],[172144.353,559240.479],[172147.885,559239.423],[172148.471,559241.385],[172148.52,559241.55],[172144.861,559242.631],[172144.609,559241.779],[172140.911,559242.872]]]}},{"type":"Feature","properties":{"relatieveHoogteligging":0,"lokaalID":"G1900.cdea464210c24cfbabb28faac15e14cf","bgt_status":"bestaand","identificatieBAGPND":"0091100000005629","identificatieBAGVBOLaagsteHuisnummer":"0091010000029415","identificatieBAGVBOHoogsteHuisnummer":"0091010000029415","huisnummers":[{"tekst":"16","pos":[172449,559740],"hoek":0}]},"geometry":{"type":"Polygon","coordinates":[[[172453.815,559749.944],[172453.14,559749.259],[172450.71,559746.793],[172451.354,559746.149],[172445.7,559740.403],[172450.123,559736.051],[172455.772,559741.792],[172455.109,559742.445],[172458.221,559745.604],[172455.476,559748.308],[172453.815,559749.944]]]}},{"type":"Feature","properties":{"relatieveHoogteligging":0,"lokaalID":"G1900.eb74d287026747ebb038f302fcfe2fc8","bgt_status":"bestaand","identificatieBAGPND":"0091100000004230","identificatieBAGVBOLaagsteHuisnummer":"0091010000032463","identificatieBAGVBOHoogsteHuisnummer":"0091010000032463","huisnummers":[{"tekst":"132","pos":[172218,559520],"hoek":0}]},"geometry":{"type":"Polygon","coordinates":[[[172224.319,559520.909],[172217.79,559527.934],[172214.97,559530.971],[172214.773,559530.788],[172213.35,559529.468],[172216.176,559526.424],[172213.812,559524.229],[172218.975,559518.675],[172218.7,559518.42],[172220.06,559516.95],[172224.319,559520.909]]]}},{"type":"Feature","properties":{"relatieveHoogteligging":0,"lokaalID":"G1900.f0a8add80ff343448b503d5281c94c58","bgt_status":"bestaand","identificatieBAGPND":"0091100000014460","identificatieBAGVBOLaagsteHuisnummer":"0091010000029490","identificatieBAGVBOHoogsteHuisnummer":"0091010000029490","huisnummers":[{"tekst":"13","pos":[172426,558994],"hoek":0}]},"geometry":{"type":"Polygon","coordinates":[[[172425.437,559011.512],[172424.725,559005.564],[172424.279,559002.798],[172423.305,558994.238],[172423.176,558994.253],[172422.692,558990.088],[172422.832,558990.072],[172428.828,558989.375],[172429.904,558998.614],[172430.104,559000.333],[172430.304,559002.052],[172427.8,559002.337],[172428.8,559011.129],[172425.437,559011.512]]]}},{"type":"Feature","properties":{"relatieveHoogteligging":0,"lokaalID":"G1900.1055fbb2338f426b997d3d15619838f5","bgt_status":"bestaand","identificatieBAGPND":"1900100010090815"},"geometry":{"type":"Polygon","coordinates":[[[172181.801,559502.899],[172180.193,559504.623],[172178.414,559502.964],[172180.022,559501.24],[172180.191,559501.397],[172181.801,559502.899]]]}},{"type":"Feature","properties":{"relatieveHoogteligging":0,"lokaalID":"G1900.2ed1918ab52544678367290c0c730c51","bgt_status":"bestaand","identificatieBAGPND":"1900100010090480"},"geometry":{"type":"Polygon","coordinates":[[[172442.833,559767.964],[172443.956,559769.106],[172440.14,559772.86],[172438.844,559771.543],[172442.661,559767.789],[172442.833,559767.964]]]}},{"type":"Feature","properties":{"relatieveHoogteligging":0,"lokaalID":"G1900.35afae9572a84b96abceb5d05fb704fa","bgt_status":"bestaand","identificatieBAGPND":"1900100010090973"},"geometry":{"type":"Polygon","coordinates":[[[172469.041,558973.281],[172472.612,558972.96],[172472.866,558975.786],[172469.295,558976.107],[172469.041,558973.281]]]}},{"type":"Feature","properties":{"relatieveHoogteligging":0,"lokaalID":"G1900.3b3da477a2334a008e7d85eb64a47f6a","bgt_status":"bestaand","identificatieBAGPND":"1900100010090894"},"geometry":{"type":"Polygon","coordinates":[[[172378.591,559044.16],[172376.501,559040.574],[172378.156,559039.609],[172380.246,559043.195],[172378.591,559044.16]]]}},{"type":"Feature","properties":{"relatieveHoogteligging":0,"lokaalID":"G1900.50a0a17bd8c040e5a93f75a6ad417201","bgt_status":"bestaand","identificatieBAGPND":"1900100010090834"},"geometry":{"type":"Polygon","coordinates":[[[172089.876,559182.932],[172090.141,559182.739],[172091.563,559184.691],[172089.979,559185.846],[172089.66,559186.078],[172088.238,559184.126],[172088.581,559183.863],[172089.876,559182.932]]]}},{"type":"Feature","properties":{"relatieveHoogteligging":0,"lokaalID":"G1900.7c626772ffa3411eaa87ede54bec793f","bgt_status":"bestaand","identificatieBAGPND":"1900100010090935"},"geometry":{"type":"Polygon","coordinates":[[[172417.558,559170.51],[172417.386,559167.533],[172419.409,559167.416],[172419.581,559170.393],[172417.558,559170.51]]]}},{"type":"Feature","properties":{"relatieveHoogteligging":0,"lokaalID":"G1900.885ee8dc83d143e191d7f2bf77280e7a","bgt_status":"bestaand","identificatieBAGPND":"1900100010090848"},"geometry":{"type":"Polygon","coordinates":[[[172025.216,559428.281],[172024.537,559431.183],[172022.418,559430.687],[172023.097,559427.785],[172025.216,559428.281]]]}},{"type":"Feature","properties":{"relatieveHoogteligging":0,"lokaalID":"G1900.965e77597ea0427fa0ac4cb4a7c94b38","bgt_status":"bestaand","identificatieBAGPND":"1900100010090890"},"geometry":{"type":"Polygon","coordinates":[[[172239.392,559116.72],[172237.682,559116.217],[172235.971,559115.715],[172236.986,559112.407],[172237.232,559111.606],[172240.603,559112.596],[172239.392,559116.72]]]}},{"type":"Feature","properties":{"relatieveHoogteligging":0,"lokaalID":"G1900.bcaf21cbbbe44af4bdaa7fcd55cd7bc4","bgt_status":"bestaand","identificatieBAGPND":"1900100010090878"},"geometry":{"type":"Polygon","coordinates":[[[172229.934,559217.936],[172227.828,559216.711],[172229.267,559214.237],[172231.373,559215.462],[172229.934,559217.936]]]}},{"type":"Feature","properties":{"relatieveHoogteligging":0,"lokaalID":"G1900.ca32b7ff46714b828cfe92e796c1eed4","bgt_status":"bestaand","identificatieBAGPND":"1900100010090960"},"geometry":{"type":"Polygon","coordinates":[[[172512.681,559210.979],[172511.559,559211.067],[172511.421,559209.3],[172511.351,559208.409],[172515.14,559208.113],[172515.348,559210.77],[172512.681,559210.979]]]}},{"type":"Feature","properties":{"relatieveHoogteligging":0,"lokaalID":"G1900.ca94f6b87eca47d1a21f3b111394c51d","bgt_status":"bestaand","identificatieBAGPND":"1900100010090879"},"geometry":{"type":"Polygon","coordinates":[[[172239.771,559197.638],[172241.398,559200.006],[172239.752,559201.137],[172238.124,559198.769],[172239.771,559197.638]]]}},{"type":"Feature","properties":{"relatieveHoogteligging":0,"lokaalID":"G1900.d54d94e6886b4b8aac1e9fe2994bfb81","bgt_status":"bestaand","identificatieBAGPND":"1900100010090811"},"geometry":{"type":"Polygon","coordinates":[[[172135.464,559480.639],[172133.275,559478.552],[172135.455,559476.266],[172137.644,559478.353],[172135.464,559480.639]]]}},{"type":"Feature","properties":{"relatieveHoogteligging":0,"lokaalID":"G1900.e3dda71724544169adf3e08452781514","bgt_status":"bestaand","identificatieBAGPND":"1900100010090808"},"geometry":{"type":"Polygon","coordinates":[[[172116.512,559469.711],[172114.745,559471.628],[172112.301,559469.373],[172114.1,559467.421],[172114.622,559466.855],[172117.067,559469.11],[172116.512,559469.711]]]}},{"type":"Feature","properties":{"relatieveHoogteligging":0,"lokaalID":"G1900.ea13bb9cd5094786b456c7178eaae91e","bgt_status":"bestaand","identificatieBAGPND":"1900100010090860"},"geometry":{"type":"Polygon","coordinates":[[[172091.089,559261.575],[172094.5,559260.233],[172095.598,559263.026],[172092.455,559264.261],[172092.049,559264.421],[172090.951,559261.629],[172091.089,559261.575]]]}},{"type":"Feature","properties":{"relatieveHoogteligging":0,"lokaalID":"G1900.f789e466596b418aa4387d4403cb62d9","bgt_status":"bestaand","identificatieBAGPND":"1900100010090787"},"geometry":{"type":"Polygon","coordinates":[[[172551.231,559662.975],[172551.134,559660.878],[172554.198,559660.736],[172554.295,559662.832],[172551.231,559662.975]]]}},{"type":"Feature","properties":{"relatieveHoogteligging":0,"lokaalID":"G1900.fad7bea7ebba43b29f5096317a58547d","bgt_status":"bestaand","identificatieBAGPND":"1900100010090478"},"geometry":{"type":"Polygon","coordinates":[[[172480.291,559750.155],[172479.551,559748.349],[172480.13,559748.299],[172482.389,559748.103],[172482.55,559749.959],[172480.291,559750.155]]]}},{"type":"Feature","properties":{"relatieveHoogteligging":0,"lokaalID":"G1900.6726863c7a7448d38b42851e35e8177c","bgt_status":"bestaand","identificatieBAGPND":"1900100010088672"},"geometry":{"type":"Polygon","coordinates":[[[172282.02,559783.611],[172284.293,559781.411],[172286.127,559783.286],[172283.865,559785.498],[172282.02,559783.611]]]}},{"type":"Feature","properties":{"relatieveHoogteligging":0,"lokaalID":"G1900.2136b9a61175411b946ce6e32a2c0ff4","bgt_status":"bestaand","identificatieBAGPND":"1900100010088712","identificatieBAGVBOLaagsteHuisnummer":"1900010010089763","identificatieBAGVBOHoogsteHuisnummer":"1900010010089763","huisnummers":[{"tekst":"41","pos":[172417.82,559725.915],"hoek":0}]},"geometry":{"type":"Polygon","coordinates":[[[172418.006,559729.535],[172418.232,559729.766],[172418.029,559729.965],[172411.667,559723.426],[172415.595,559719.604],[172421.729,559725.909],[172418.006,559729.535]]]}},{"type":"Feature","properties":{"relatieveHoogteligging":0,"lokaalID":"G1900.0d300b08177d42d5b93d92b176f3c35b","bgt_status":"bestaand","identificatieBAGPND":"0091100000003928","identificatieBAGVBOLaagsteHuisnummer":"0091010000030168","identificatieBAGVBOHoogsteHuisnummer":"0091010000030168","huisnummers":[{"tekst":"19","pos":[172112,559307],"hoek":0}]},"geometry":{"type":"Polygon","coordinates":[[[172106.174,559303.863],[172103.963,559300.037],[172104.134,559299.938],[172106.046,559298.833],[172108.257,559302.66],[172110.86,559301.156],[172115.678,559309.489],[172110.993,559312.198],[172106.174,559303.863]]]}},{"type":"Feature","properties":{"relatieveHoogteligging":0,"lokaalID":"G1900.3b521890b1cd40bcaf8f10ec34fbe15d","bgt_status":"bestaand","identificatieBAGPND":"0091100000015221","identificatieBAGVBOLaagsteHuisnummer":"0091010000031272","identificatieBAGVBOHoogsteHuisnummer":"0091010000031272","huisnummers":[{"tekst":"52","pos":[172561,559717],"hoek":0}]},"geometry":{"type":"Polygon","coordinates":[[[172557.817,559720.122],[172557.398,559715.579],[172557.249,559713.968],[172566.859,559713.081],[172567.427,559719.235],[172557.817,559720.122]]]}},{"type":"Feature","properties":{"relatieveHoogteligging":0,"lokaalID":"G1900.6d859180bd884da382b6c3bfbb33fb9e","bgt_status":"bestaand","identificatieBAGPND":"1900100010090907"},"geometry":{"type":"Polygon","coordinates":[[[172340.002,559374.218],[172338.77,559372.995],[172337.538,559371.773],[172341.955,559371.333],[172344.418,559373.778],[172340.002,559374.218]]]}},{"type":"Feature","properties":{"relatieveHoogteligging":0,"lokaalID":"G1900.8742cedf36854f16b0deae580f2d922e","bgt_status":"bestaand","identificatieBAGPND":"0091100000005261","identificatieBAGVBOLaagsteHuisnummer":"0091010000030281","identificatieBAGVBOHoogsteHuisnummer":"0091010000030281","huisnummers":[{"tekst":"17","pos":[172016,559307],"hoek":0}]},"geometry":{"type":"Polygon","coordinates":[[[172011.692,559307.923],[172017.472,559300.369],[172020.017,559302.317],[172022.53,559299.032],[172023.978,559300.14],[172024.28,559300.371],[172021.766,559303.656],[172016.012,559311.174],[172011.692,559307.923]]]}},{"type":"Feature","properties":{"relatieveHoogteligging":0,"lokaalID":"G1900.1cda9744c94247499758e5caec6224f1","bgt_status":"bestaand","identificatieBAGPND":"1900100010088617"},"geometry":{"type":"Polygon","coordinates":[[[172388.436,559734.256],[172390.32,559732.419],[172392.537,559734.691],[172390.653,559736.529],[172388.436,559734.256]]]}},{"type":"Feature","properties":{"relatieveHoogteligging":0,"lokaalID":"G1900.28cacc05d3e14fe3ad06e2eb1f317fd0","bgt_status":"bestaand","identificatieBAGPND":"1900100010090804"},"geometry":{"type":"Polygon","coordinates":[[[172095.106,559405.677],[172094.932,559405.637],[172095.625,559402.659],[172095.875,559402.717],[172098.595,559403.351],[172097.901,559406.328],[172095.106,559405.677]]]}},{"type":"Feature","properties":{"relatieveHoogteligging":0,"lokaalID":"G1900.ad4de57ce3ce4ffe85d68fbe0e6edd52","bgt_status":"bestaand","identificatieBAGPND":"1900100010088613"},"geometry":{"type":"Polygon","coordinates":[[[172348.979,559765.396],[172350.862,559763.558],[172353.079,559765.831],[172351.195,559767.669],[172348.979,559765.396]]]}},{"type":"Feature","properties":{"relatieveHoogteligging":0,"lokaalID":"G1900.31a2e4cf0796448baceb40c8ba146123","bgt_status":"bestaand","identificatieBAGPND":"1900100010088736","identificatieBAGVBOLaagsteHuisnummer":"1900010010089792","identificatieBAGVBOHoogsteHuisnummer":"1900010010089792","huisnummers":[{"tekst":"28","pos":[172362.949,559735.515],"hoek":0}]},"geometry":{"type":"Polygon","coordinates":[[[172365.612,559741.81],[172359.235,559735.271],[172359.378,559735.13],[172359.611,559735.369],[172363.33,559731.749],[172369.471,559738.047],[172365.612,559741.81]]]}},{"type":"Feature","properties":{"relatieveHoogteligging":0,"lokaalID":"G1900.60762312861d4d3aa0a778553f879700","bgt_status":"bestaand","identificatieBAGPND":"1900100010088705","identificatieBAGVBOLaagsteHuisnummer":"1900010010089767","identificatieBAGVBOHoogsteHuisnummer":"1900010010089767","huisnummers":[{"tekst":"49","pos":[172400.576,559742.695],"hoek":0}]},"geometry":{"type":"Polygon","coordinates":[[[172394.333,559740.362],[172398.2,559736.594],[172404.312,559742.87],[172400.445,559746.636],[172394.333,559740.362]]]}},{"type":"Feature","properties":{"relatieveHoogteligging":0,"lokaalID":"G1900.8f14172143b846a1b3d9e432b485c5b6","bgt_status":"bestaand","identificatieBAGPND":"1900100010088710"},"geometry":{"type":"Polygon","coordinates":[[[172396.182,559726.72],[172398.399,559728.992],[172396.515,559730.83],[172394.298,559728.557],[172396.182,559726.72]]]}},{"type":"Feature","properties":{"relatieveHoogteligging":0,"lokaalID":"G1900.b9e565cdfdea45a29da6028e433cb9c3","bgt_status":"bestaand","identificatieBAGPND":"1900100010088627"},"geometry":{"type":"Polygon","coordinates":[[[172417.434,559705.958],[172419.308,559704.111],[172421.519,559706.377],[172419.645,559708.224],[172417.434,559705.958]]]}},{"type":"Feature","properties":{"relatieveHoogteligging":0,"lokaalID":"G1900.bb6b63c6bc4c431f86eded9c47b1ab6b","bgt_status":"bestaand","identificatieBAGPND":"1900100010088610"},"geometry":{"type":"Polygon","coordinates":[[[172354.853,559771.417],[172352.636,559769.144],[172354.52,559767.307],[172356.737,559769.58],[172354.853,559771.417]]]}},{"type":"Feature","properties":{"relatieveHoogteligging":0,"lokaalID":"G1900.ea151ee18df843539852713195e8f1ba","bgt_status":"bestaand","identificatieBAGPND":"0091100000005609"},"geometry":{"type":"Polygon","coordinates":[[[172308.87,559272.32],[172308.844,559272.041],[172307.66,559272.15],[172307.39,559269.15],[172310.57,559268.86],[172310.731,559270.619],[172310.87,559272.14],[172308.87,559272.32]]]}},{"type":"Feature","properties":{"relatieveHoogteligging":0,"lokaalID":"G1900.33c600ea79074d93a8a3bc0d59b0477f","bgt_status":"bestaand","identificatieBAGPND":"1900100010088704","identificatieBAGVBOLaagsteHuisnummer":"1900010010089768","identificatieBAGVBOHoogsteHuisnummer":"1900010010089768","huisnummers":[{"tekst":"51","pos":[172396.489,559746.671],"hoek":0}]},"geometry":{"type":"Polygon","coordinates":[[[172396.571,559750.409],[172390.459,559744.134],[172394.333,559740.362],[172400.445,559746.636],[172396.571,559750.409]]]}},{"type":"Feature","properties":{"relatieveHoogteligging":0,"lokaalID":"G1900.5f9ec3d514624be3a7239244f9808edc","bgt_status":"bestaand","identificatieBAGPND":"1900100010088611"},"geometry":{"type":"Polygon","coordinates":[[[172360.366,559761.61],[172362.25,559759.772],[172364.467,559762.044],[172362.583,559763.882],[172360.366,559761.61]]]}},{"type":"Feature","properties":{"relatieveHoogteligging":0,"lokaalID":"G1900.bac9483c29b54027b0895954fd3945da","bgt_status":"bestaand","identificatieBAGPND":"1900100010088606","identificatieBAGVBOLaagsteHuisnummer":"1900010010089785","identificatieBAGVBOHoogsteHuisnummer":"1900010010089785","huisnummers":[{"tekst":"16","pos":[172386.461,559712.784],"hoek":0}]},"geometry":{"type":"Polygon","coordinates":[[[172388.779,559719.218],[172382.422,559712.699],[172386.474,559708.769],[172392.803,559715.294],[172388.779,559719.218]]]}},{"type":"Feature","properties":{"relatieveHoogteligging":0,"lokaalID":"G1900.d7bc70b12acf414aa0cd0fb82c0fa5ef","bgt_status":"bestaand","identificatieBAGPND":"1900100010088619"},"geometry":{"type":"Polygon","coordinates":[[[172369.254,559745.623],[172371.138,559743.786],[172373.355,559746.058],[172371.471,559747.896],[172369.254,559745.623]]]}},{"type":"Feature","properties":{"relatieveHoogteligging":0,"lokaalID":"G1900.1dc7aee73ce848729981dd92b12d3965","bgt_status":"bestaand","identificatieBAGPND":"0091100000018863","identificatieBAGVBOLaagsteHuisnummer":"0091010000033408","identificatieBAGVBOHoogsteHuisnummer":"0091010000033408","huisnummers":[{"tekst":"39","pos":[172050,559375],"hoek":0}]},"geometry":{"type":"Polygon","coordinates":[[[172053.69,559372.645],[172051.48,559377.541],[172042.742,559373.597],[172038.704,559371.781],[172039.634,559369.714],[172039.684,559369.603],[172043.722,559371.42],[172044.946,559368.698],[172053.69,559372.645]]]}},{"type":"Feature","properties":{"relatieveHoogteligging":0,"lokaalID":"G1900.6e273d71610b4529b6e8f93ed2d256b8","bgt_status":"bestaand","identificatieBAGPND":"1900100010090833"},"geometry":{"type":"Polygon","coordinates":[[[172162.173,559136.473],[172160.316,559133.933],[172162.649,559132.227],[172164.507,559134.767],[172162.173,559136.473]]]}},{"type":"Feature","properties":{"relatieveHoogteligging":0,"lokaalID":"G1900.907865f62e4447509113402cdefe5262","bgt_status":"bestaand","identificatieBAGPND":"1900100010090857"},"geometry":{"type":"Polygon","coordinates":[[[172090.472,559269.763],[172088.833,559267.468],[172091.241,559265.748],[172092.88,559268.043],[172090.472,559269.763]]]}}]}