{"type":"FeatureCollection","name":"bgt_ondersteunendwaterdeel","crs":{"type":"name","properties":{"name":"urn:ogc:def:crs:EPSG::28992"}},"features":[{"type":"Feature","properties":{"relatieveHoogteligging":0,"lokaalID":"G1900.ccd50136728840caacc95b85119059cc","bgt_status":"bestaand","class":"oever, slootkant","objecttype":"OndersteunendWaterdeel"},"geometry":{"type":"Polygon","coordinates":[[[171929.404,558954.747],[171932.26,558957.431],[171956.885,558980.569],[171960.237,558984.143],[171959.512,558986.802],[171959.484,558986.906],[171956.157,558987.413],[171933.899,558967.852],[171925.834,558958.006],[171926.337,558956.175],[171926.652,558955.029],[171929,558954.368],[171929.404,558954.747]],[[171927.467,558955.838],[171926.935,558957.773],[171934.62,558967.155],[171956.467,558986.354],[171958.69,558986.015],[171959.125,558984.419],[171956.177,558981.276],[171931.575,558958.16],[171928.727,558955.484],[171927.467,558955.838]]]}},{"type":"Feature","properties":{"relatieveHoogteligging":0,"lokaalID":"G1900.cda8251ab4c04665972843e2547be403","bgt_status":"bestaand","class":"oever, slootkant","objecttype":"OndersteunendWaterdeel"},"geometry":{"type":"Polygon","coordinates":[[[172200.305,559692.177],[172199.891,559693.774],[172197.884,559696.579],[172196.306,559698.785],[172154.426,559743.95],[172149.054,559748.912],[172143.01,559753.564],[172108.141,559780.401],[172104.681,559781.725],[172102.32,559781.4],[172098.01,559780.041],[172094.202,559778.122],[172091.487,559775.67],[172043.164,559729.199],[172029.313,559716.171],[171995.408,559684.28],[171995.377,559683.569],[171996.91,559681.624],[171997.77,559681.269],[172000.52,559683.632],[172011.036,559693.197],[172017.116,559698.726],[172027.044,559707.756],[172040.879,559720.87],[172049.381,559728.93],[172056.175,559735.37],[172068.035,559746.223],[172083.583,559760.109],[172091.477,559767.754],[172094.899,559770.879],[172096.528,559772.026],[172097.347,559772.431],[172098.129,559772.818],[172098.402,559772.953],[172101.058,559774.042],[172102.359,559774.813],[172102.599,559774.83],[172105.25,559775.016],[172107.862,559774.292],[172109,559773.27],[172118.472,559766.02],[172126.788,559759.371],[172135.352,559752.522],[172141.53,559747.895],[172144.836,559744.064],[172148.26,559740.486],[172158.831,559728.976],[172168.521,559718.427],[172178.58,559707.474],[172191.008,559693.944],[172192.615,559691.696],[172192.379,559690.515],[172192.176,559690.039],[172191.611,559688.713],[172188.866,559686.764],[172122.316,559622.931],[172123.269,559621.299],[172124.019,559620.9],[172125.647,559620.033],[172127.536,559620.151],[172130.893,559623.189],[172200.718,559687.896],[172200.688,559690.702],[172200.305,559692.177]],[[171997.832,559681.864],[171995.899,559684.095],[172000,559687.52],[172005.77,559693.03],[172011.71,559698.85],[172017.32,559703.77],[172027.78,559713.39],[172035.08,559721.03],[172039.54,559724.71],[172044.27,559729.46],[172050.4,559735.08],[172065.23,559749.05],[172078.665,559762.118],[172086.131,559769.596],[172093.596,559776.758],[172097.778,559779.38],[172102.973,559780.676],[172105.744,559780.655],[172110.322,559777.897],[172118.663,559771.767],[172124.761,559766.571],[172129.552,559762.805],[172135.729,559757.854],[172142.466,559752.876],[172147.021,559749.413],[172150.171,559746.78],[172154.449,559742.832],[172157.081,559739.835],[172160.836,559735.112],[172165.015,559730.731],[172169.138,559726.371],[172174.492,559720.506],[172178.555,559716.035],[172184.434,559709.526],[172196.578,559697.035],[172197.984,559695.401],[172198.872,559693.424],[172199.425,559691.095],[172199.275,559688.999],[172198.654,559687.42],[172190.766,559679.272],[172168.063,559658.307],[172163.542,559654.651],[172148.44,559641.09],[172126.98,559620.84],[172126.52,559620.83],[172125.85,559621.41],[172125.17,559621.9],[172124.57,559622.43],[172124.5,559623.23],[172137.41,559635.53],[172159.706,559656.887],[172164.829,559662.194],[172184.683,559680.768],[172192.847,559688.307],[172193.677,559689.66],[172193.801,559690.48],[172193.884,559691.726],[172193.295,559693.018],[172181.819,559705.091],[172177.76,559709.822],[172172.38,559715.787],[172170.799,559717.047],[172168.11,559720.049],[172165.371,559722.876],[172162.636,559725.795],[172159.928,559728.734],[172157.169,559731.68],[172154.472,559734.646],[172148.971,559740.447],[172144.985,559745.063],[172141.996,559747.978],[172136.568,559752.412],[172130.345,559757.287],[172124.058,559762.041],[172117.747,559767.222],[172111.421,559771.939],[172108.019,559774.642],[172105.279,559775.471],[172101.894,559775.088],[172099.606,559773.927],[172097.153,559772.792],[172095.202,559771.709],[172093.49,559770.44],[172090.645,559767.739],[172086.468,559763.842],[172081.407,559758.944],[172075.11,559753.56],[172050.4,559730.96],[172046.57,559727.74],[172035.05,559716.17],[172020.8,559703.12],[172009.29,559692.57],[172000,559683.88],[171997.832,559681.864]]]}},{"type":"Feature","properties":{"relatieveHoogteligging":0,"lokaalID":"G1900.f52c4ce3ea444355b0449040875466c0","bgt_status":"bestaand","class":"oever, slootkant","objecttype":"OndersteunendWaterdeel"},"geometry":{"type":"Polygon","coordinates":[[[172017.009,559460.931],[172016.89,559461.29],[172017.23,559461.61],[172017.49,559461.93],[172017.75,559462.23],[172017.95,559462.63],[172018.11,559463.07],[172018.19,559463.53],[172018.13,559463.93],[172018.057,559464.276],[172017.89,559464.71],[172017.57,559465.65],[172017.33,559465.99],[172016.97,559466.39],[172016.57,559466.67],[172016.21,559466.85],[172015.81,559466.97],[172015.35,559467.07],[172014.87,559467.11],[172014.43,559467.09],[172014.03,559466.99],[172013.73,559466.83],[172013.39,559466.67],[172005.49,559463.82],[172003.85,559463.24],[172002.75,559462.93],[172002.33,559462.93],[172001.87,559463.09],[172001.65,559463.32],[172001.45,559463.59],[172001.23,559463.89],[172000.95,559464.23],[172000.75,559464.58],[172000.586,559464.955],[172000,559466.54],[171996.15,559476.98],[171995.63,559477.96],[171995.19,559478.5],[171994.75,559478.92],[171994.31,559479.16],[171993.89,559479.3],[171993.43,559479.36],[171992.97,559479.4],[171992.47,559479.34],[171991.99,559479.24],[171991.43,559479.1],[171991.268,559479.027],[171990.581,559477.77],[171990.394,559476.366],[171990.243,559475.239],[171991.66,559471.323],[171995.429,559463.673],[171996.703,559461.127],[171996.324,559460.019],[171992.069,559458.34],[171984.853,559455.993],[171970.863,559451.004],[171961.942,559447.758],[171955.366,559444.89],[171944.297,559440.933],[171927.442,559434.347],[171922.04,559429.562],[171910.085,559419.786],[171898.928,559408.534],[171885.408,559396.808],[171876.258,559387.889],[171863.98,559375.922],[171856.54,559369.46],[171854.737,559367.894],[171853.263,559368.19],[171848.6,559372.236],[171840.01,559380.978],[171827.85,559393.354],[171828.624,559394.948],[171840.516,559405.243],[171840.668,559406.373],[171840.263,559407.318],[171839.082,559407.656],[171836.282,559405.344],[171826.457,559395.879],[171825.696,559395.329],[171824.905,559395.744],[171818.476,559402.128],[171809.798,559410.746],[171804.448,559416.059],[171803.103,559418.679],[171809.184,559430.401],[171819.698,559450.671],[171825.084,559464.77],[171830.745,559478.26],[171838.567,559494.829],[171839.157,559498.609],[171843.762,559508.473],[171850.563,559523.042],[171857.968,559539.742],[171861.433,559548.137],[171862.664,559549.133],[171863.878,559549.133],[171867.083,559548.019],[171870.54,559546.817],[171876.866,559543.93],[171882.641,559541.295],[171884.67,559540.369],[171888.994,559539.407],[171897.831,559537.442],[171907.632,559535.053],[171910.837,559534.733],[171913.485,559535.171],[171917.77,559535.425],[171921.514,559535.948],[171924.297,559537.281],[171929.29,559538.986],[171930.911,559539.539],[171933.237,559537.433],[171936.864,559533.585],[171939.707,559530.568],[171948.897,559520.817],[171961.051,559508.561],[171967.565,559501.993],[171971.914,559496.924],[171979.022,559488.641],[171981.518,559485.732],[171983.409,559484.642],[171983.822,559484.404],[171985.471,559484.534],[171985.67,559484.6],[171986.12,559485.11],[171986.24,559485.51],[171986.35,559486.19],[171986.35,559486.45],[171986.242,559486.716],[171985.808,559487.944],[171984.825,559489.467],[171978.719,559495.48],[171976.121,559498.991],[171970.083,559506.062],[171966.827,559508.914],[171959.861,559515.682],[171956.774,559519.192],[171951.815,559524.407],[171948.557,559527.834],[171943.527,559533.123],[171936.174,559540.855],[171934.342,559542.782],[171931.49,559544.575],[171929.027,559545.621],[171915.972,559550.262],[171910.098,559550.735],[171904.342,559550.646],[171897.937,559549.671],[171895.428,559548.726],[171892.21,559546.511],[171888.461,559545.507],[171884.89,559545.832],[171875.533,559549.494],[171862.545,559554.22],[171860.449,559554.131],[171859.15,559553.097],[171856.228,559548.756],[171851.003,559537.946],[171843.951,559523.355],[171832.091,559498.067],[171815.236,559457.667],[171803.794,559434.389],[171798.09,559425.743],[171796.317,559423.055],[171795.315,559418.212],[171797.116,559414.786],[171803.373,559408.731],[171817.186,559395.367],[171832.131,559379.773],[171844.012,559368.66],[171847.148,559364.4],[171848.979,559362.569],[171852.875,559360.767],[171856.417,559360.708],[171861.081,559364.252],[171869.228,559372.64],[171878.703,559381.589],[171895.558,559395.972],[171908.487,559407.461],[171930.302,559426.847],[171936.079,559430.262],[171958.394,559438.273],[171980.206,559446.103],[172004.885,559455.639],[172017.009,559460.931]],[[172017.076,559463.624],[172016.519,559461.515],[172012.91,559459.979],[171997.691,559454.237],[171986.74,559450.663],[171973.87,559445.436],[171958.491,559440.208],[171931.512,559429.664],[171924.575,559424.171],[171909.698,559410.703],[171884.483,559387.877],[171871.254,559375.901],[171859.588,559364.846],[171856.752,559362.159],[171854.658,559361.833],[171851.647,559362.276],[171849.345,559363.576],[171846.334,559366.825],[171844.652,559369.571],[171836.328,559377.339],[171821.037,559392.726],[171806.615,559407.24],[171796.976,559416.94],[171796.774,559420.222],[171797.393,559423.028],[171800.463,559426.897],[171811.473,559445.459],[171817.982,559462.05],[171825.212,559480.48],[171835.855,559502.83],[171851.442,559535.56],[171858.134,559550.663],[171859.062,559551.945],[171860.428,559552.857],[171861.676,559553.397],[171863.548,559553.059],[171865.606,559552.452],[171873.365,559549.363],[171880.705,559546.442],[171885.358,559545.009],[171889.339,559544.3],[171891.987,559545.127],[171894.466,559546.849],[171897.464,559548.93],[171900.142,559549.583],[171903.714,559550.026],[171907.64,559550.026],[171913.071,559550.026],[171916.406,559549.435],[171920.775,559547.87],[171926.407,559545.852],[171931.068,559544.182],[171934.235,559542.051],[171937.039,559538.95],[171945.659,559530.149],[171959.266,559515.411],[171973.288,559501.471],[171978.719,559494.531],[171984.652,559488.594],[171985.373,559487.497],[171985.373,559486.029],[171984.513,559485.472],[171983.315,559485.523],[171982.303,559485.945],[171977.327,559491.75],[171966.662,559504.194],[171955.907,559514.255],[171943.044,559527.642],[171931.59,559539.7],[171931.07,559539.98],[171930.45,559539.91],[171929.73,559539.65],[171924.114,559537.675],[171921.04,559536.29],[171912.442,559535.564],[171909.6,559535.26],[171903.262,559536.48],[171890.834,559539.463],[171884.121,559541.074],[171870.231,559547.555],[171865.095,559549.475],[171862.556,559550.007],[171861.287,559548.825],[171859.634,559545.252],[171854.645,559533.763],[171838.429,559498.615],[171837.366,559494.274],[171822.102,559462.759],[171814.922,559444.023],[171805.52,559425.881],[171802.214,559418.335],[171804.436,559415.441],[171816.523,559403.502],[171825.221,559394.911],[171825.742,559394.823],[171826.542,559395.402],[171833.876,559402.362],[171838.856,559406.745],[171839.48,559406.931],[171839.936,559406.56],[171840.155,559405.716],[171836.967,559403.387],[171832.194,559399.235],[171827.154,559394.328],[171826.918,559393.586],[171827.509,559392.59],[171832.94,559386.882],[171836.128,559384.105],[171840.319,559379.114],[171844.895,559374.92],[171850.975,559368.688],[171852.708,559367.461],[171853.889,559367.022],[171855.239,559367.123],[171856.217,559368.153],[171866.118,559377.334],[171869.837,559379.844],[171885.356,559395.045],[171903.798,559411.843],[171922.239,559428.64],[171925.736,559431.825],[171929.574,559434.377],[171942.798,559439.546],[171978.319,559453.429],[171997.451,559459.703],[171997.716,559462.302],[171995.089,559468.002],[171991.358,559476.098],[171992.462,559477.542],[171993.997,559477.276],[171996.122,559472.462],[172000.419,559462.729],[172002.114,559461.445],[172004.653,559461.888],[172011.324,559464.546],[172013.911,559465.577],[172016.182,559465.329],[172017.076,559463.624]]]}},{"type":"Feature","properties":{"relatieveHoogteligging":0,"lokaalID":"W0653.78f9780ee19b4dbabbfb78df01374d29","bgt_status":"bestaand","class":"oever, slootkant","objecttype":"OndersteunendWaterdeel"},"geometry":{"type":"Polygon","coordinates":[[[171900.807,559114.131],[171901.355,559115.245],[171901.496,559118.206],[171900.868,559119.228],[171900.035,559118.673],[171900.482,559117.946],[171900.366,559115.5],[171900.157,559115.075],[171900.807,559114.131]]]}},{"type":"Feature","properties":{"relatieveHoogteligging":0,"lokaalID":"W0653.9db5d8a3b13845d885aab5cab28fa2f3","bgt_status":"bestaand","class":"oever, slootkant","objecttype":"OndersteunendWaterdeel"},"geometry":{"type":"Polygon","coordinates":[[[171925.68,559134.065],[171924.468,559133.479],[171921.511,559132.048],[171906.197,559121.112],[171905.118,559120.341],[171904.474,559120.365],[171903.52,559120.401],[171903.042,559120.677],[171902.143,559120.078],[171903.235,559119.411],[171905.422,559119.329],[171906.778,559120.298],[171922.04,559131.197],[171924.469,559132.666],[171925.653,559133.437],[171925.68,559134.065]]]}},{"type":"Feature","properties":{"relatieveHoogteligging":0,"lokaalID":"W0653.ee5b0911fc804b3fb954aee2341c51e8","bgt_status":"bestaand","class":"oever, slootkant","objecttype":"OndersteunendWaterdeel"},"geometry":{"type":"Polygon","coordinates":[[[171925.826,559134.159],[171925.68,559134.065],[171925.653,559133.437],[171929.899,559135.788],[171930.684,559134.962],[171929.879,559133.773],[171925.558,559131.547],[171924.515,559130.804],[171924.468,559130.182],[171925.826,559130.182],[171927.178,559131.256],[171930.564,559133.001],[171931.964,559135.067],[171930.884,559136.202],[171930.091,559137.037],[171925.826,559134.159]]]}},{"type":"Feature","properties":{"relatieveHoogteligging":0,"lokaalID":"P0021.394b1fe093314af7af1c6b9fd3ded277","bgt_status":"bestaand","class":"oever, slootkant","objecttype":"OndersteunendWaterdeel"},"geometry":{"type":"Polygon","coordinates":[[[171958.751,559867.283],[171952.929,559863.159],[171952.856,559860.52],[171953.259,559857.882],[171953.881,559855.096],[171955.273,559851.322],[171956.299,559849.086],[171957.471,559846.998],[171960.146,559843.699],[171963.149,559841.024],[171982.071,559824.708],[171993.482,559814.511],[171995.423,559812.633],[171997.548,559809.848],[171999.49,559806.916],[172000.589,559803.032],[172001.907,559798.268],[172002.677,559788.08],[172004.105,559775.254],[172006.45,559756.015],[172009.417,559732.415],[172009.956,559724.373],[172009.37,559721.274],[172008.35,559717.069],[172009.649,559718.295],[172012.893,559721.334],[172012.993,559721.428],[172014.114,559722.478],[172009.05,559767.507],[172005.332,559802.334],[172005.36,559803.824],[172005.256,559805.311],[172005.022,559806.783],[172004.658,559808.228],[172004.169,559809.636],[172003.558,559810.995],[172002.829,559812.295],[172001.989,559813.526],[172001.043,559814.678],[172000,559815.742],[171999.811,559815.916],[171999.619,559816.087],[171999.425,559816.255],[171973.37,559838.373],[171961.369,559849.27],[171960.467,559850.215],[171959.651,559851.236],[171958.929,559852.324],[171958.305,559853.472],[171957.786,559854.671],[171957.373,559855.911],[171957.072,559857.182],[171956.884,559858.475],[171956.811,559859.78],[171956.853,559861.085],[171957.01,559862.382],[171957.281,559863.66],[171957.664,559864.91],[171958.155,559866.12],[171958.751,559867.283]]]}},{"type":"Feature","properties":{"relatieveHoogteligging":0,"lokaalID":"G1900.40a64ea0a6004cbfa72e787ecfdfd610","bgt_status":"bestaand","class":"oever, slootkant","objecttype":"OndersteunendWaterdeel"},"geometry":{"type":"Polygon","coordinates":[[[171989.131,559504.456],[171992.573,559500.809],[171994.079,559499.598],[171996.912,559499.982],[172027.825,559527.213],[172068.715,559566.513],[172070.132,559567.745],[172070.823,559567.661],[172079.172,559558.531],[172086.508,559550.113],[172090.403,559546.034],[172094.505,559541.738],[172101.374,559534.545],[172101.741,559534.161],[172106.987,559528.473],[172110.175,559524.119],[172112.153,559523.659],[172112.57,559523.562],[172114.257,559524.203],[172115.083,559525.334],[172114.83,559526.465],[172113.355,559528.684],[172108.488,559533.368],[172105.401,559536.338],[172105.064,559538.093],[172111.254,559544.405],[172111.17,559545.384],[172110.674,559545.961],[172110.242,559546.464],[172109.382,559546.886],[172108.532,559546.674],[172106.127,559544.557],[172102.331,559541.215],[172101.741,559541.249],[172073.907,559570.287],[172089.999,559585.395],[172115.345,559609.193],[172118.027,559611.64],[172118.28,559612.686],[172117.508,559613.825],[172116.997,559614.337],[172116.327,559615.007],[172115.423,559615.536],[172114.046,559614.265],[172102.011,559603.163],[172068.073,559571.857],[172063.173,559566.807],[172060.221,559566.718],[172050.443,559558.921],[172002.775,559513.643],[171998.318,559508.977],[171996.4,559508.032],[171993.894,559509.408],[171980.037,559524.435],[171952.964,559553.795],[171928.324,559580.516],[171913.771,559594.449],[171912.03,559596.959],[171926.648,559611.781],[171946.064,559630.126],[171974.165,559656.678],[171974.404,559657.07],[171977.324,559661.876],[171995.971,559679.596],[171993.612,559682.184],[171993.156,559682.684],[171953.767,559645.565],[171922.08,559615.031],[171904.981,559598.209],[171904.222,559597.044],[171904.009,559596.148],[171916.535,559582.59],[171935.308,559562.27],[171949.89,559547.119],[171965.387,559529.605],[171989.131,559504.456]],[[172091.049,559551.334],[172092.06,559550.26],[172101.63,559540.27],[172102,559539.87],[172102.38,559539.89],[172102.75,559540.26],[172108.94,559546.11],[172109.48,559546.3],[172109.94,559545.96],[172110.137,559545.77],[172110.49,559545.43],[172110.75,559544.81],[172108.244,559541.876],[172104.279,559537.518],[172104.363,559536.893],[172107.09,559534.16],[172109.33,559531.94],[172111.45,559529.72],[172114.44,559526.29],[172114.465,559525.515],[172114.06,559524.877],[172113.588,559524.414],[172113.193,559524.221],[172112.807,559524.26],[172112.537,559524.192],[172112.229,559524.212],[172111.701,559524.516],[172111.563,559524.572],[172108.413,559527.656],[172101.768,559534.959],[172099.815,559537.105],[172070.92,559568.09],[172070.3,559568.24],[172069.86,559568.04],[172069.4,559567.65],[172063.06,559561.97],[172060.1,559559.93],[172057.12,559557.26],[172053.57,559553.49],[172050.4,559550.3],[172048.85,559548.78],[172045.14,559545.39],[172042.21,559542.58],[172038.17,559538.65],[172031.42,559532.43],[172026.07,559527.55],[172023.23,559524.64],[172017.51,559518.94],[172013.31,559515.22],[172010.42,559512.83],[172009.59,559512.1],[172000.9,559504.48],[172000.17,559503.91],[172000,559503.78],[171996.48,559500.97],[171995.59,559500.54],[171994.56,559500.95],[171994.08,559501.21],[171993.39,559501.84],[171990.81,559504.27],[171984.82,559510.67],[171974.31,559521.48],[171957.62,559540.09],[171944.26,559554.29],[171933.14,559565.76],[171923.13,559576.67],[171914.53,559586.06],[171910.09,559590.5],[171907.28,559593.53],[171905.58,559595.31],[171904.91,559596.14],[171904.65,559596.72],[171904.92,559597.44],[171912.59,559604.5],[171925.93,559617.82],[171943.4,559634.03],[171959.72,559649.62],[171967.205,559657.219],[171968.604,559658.64],[171976.897,559666.735],[171987.24,559676.04],[171992.35,559681.13],[171993.092,559681.75],[171995.234,559679.475],[171990.6,559675.15],[171985.52,559670.44],[171981.26,559666.58],[171977.54,559663.28],[171976.59,559662.01],[171974.026,559657.545],[171972.19,559655.73],[171971.66,559655.08],[171968.1,559651.67],[171956.85,559640.91],[171946.44,559631.74],[171936.33,559621.78],[171926.14,559612.5],[171915.93,559602.46],[171910.88,559597.5],[171910.52,559596.98],[171910.53,559596.36],[171910.87,559595.98],[171911.36,559595.39],[171916.54,559589.8],[171927.56,559579.06],[171936.44,559569.75],[171947.82,559557.47],[171956.32,559548.07],[171966.55,559536.92],[171975.7,559526.66],[171985.5,559516.78],[171992.47,559509.63],[171995.16,559506.7],[171995.7,559506.48],[171996.02,559506.48],[171996.5,559506.57],[171997.14,559506.86],[171997.74,559507.24],[171998.29,559507.71],[171998.65,559507.89],[172000,559509.284],[172007.04,559516.46],[172007.81,559517.43],[172008.58,559518.23],[172017.53,559526.7],[172026.75,559535.14],[172034.04,559541.63],[172039.48,559547.07],[172044.39,559551.94],[172050.3,559557.3],[172054.8,559561.12],[172058.23,559564.1],[172063.66,559566.08],[172064.31,559566.57],[172065.33,559567.5],[172084.88,559586.05],[172115.2,559614.37],[172115.72,559614.59],[172116.12,559614.4],[172116.76,559613.86],[172117.35,559613.33],[172117.65,559612.75],[172117.6,559612.23],[172117.14,559611.59],[172089.534,559585.9],[172088.47,559584.91],[172072.96,559570.591],[172073.3,559570.19],[172091.049,559551.334]]]}},{"type":"Feature","properties":{"relatieveHoogteligging":0,"lokaalID":"G1900.0e710904cc094618912506d6906ae261","bgt_status":"bestaand","class":"oever, slootkant","objecttype":"OndersteunendWaterdeel"},"geometry":{"type":"Polygon","coordinates":[[[171862.904,559160.022],[171858.416,559158.947],[171848.173,559156.495],[171844.785,559154.451],[171844.31,559151.984],[171846.291,559151.603],[171849.21,559152.954],[171852.593,559153.737],[171858.306,559155.059],[171860.087,559154.947],[171862.125,559154.528],[171863.682,559153.67],[171868.209,559149.572],[171879.139,559137.448],[171889.613,559127.761],[171895.647,559124.043],[171899.338,559119.808],[171900.035,559118.673],[171900.868,559119.228],[171900.147,559120.402],[171896.301,559124.814],[171890.22,559128.561],[171879.851,559138.151],[171868.918,559150.279],[171864.267,559154.49],[171862.475,559155.477],[171860.22,559155.94],[171858.224,559156.066],[171852.367,559154.711],[171848.884,559153.905],[171846.163,559152.646],[171845.481,559152.777],[171845.682,559153.825],[171848.557,559155.559],[171858.649,559157.975],[171862.857,559158.982],[171865.555,559158.076],[171868.837,559154.711],[171871.965,559151.927],[171876.919,559144.836],[171882.778,559138.147],[171885.095,559134.684],[171890.61,559130.912],[171894.818,559128.034],[171898,559125.858],[171902.143,559120.078],[171903.042,559120.677],[171902.875,559120.774],[171900.379,559124.256],[171898.71,559126.584],[171895.383,559128.859],[171891.174,559131.738],[171885.819,559135.4],[171883.573,559138.757],[171877.707,559145.454],[171872.718,559152.596],[171869.529,559155.435],[171866.103,559158.947],[171862.904,559160.022]]]}},{"type":"Feature","properties":{"relatieveHoogteligging":0,"lokaalID":"W0653.96fc2d62a7d34b0a80943c5f7f4f2fa7","bgt_status":"bestaand","class":"oever, slootkant","objecttype":"OndersteunendWaterdeel"},"geometry":{"type":"Polygon","coordinates":[[[171907.751,559117.057],[171917.54,559124.605],[171924.036,559129.834],[171924.468,559130.182],[171924.515,559130.804],[171916.944,559125.408],[171907.113,559117.828],[171901.617,559112.955],[171902.188,559112.126],[171907.751,559117.057]]]}},{"type":"Feature","properties":{"relatieveHoogteligging":0,"lokaalID":"G1900.7c7cd9501c6044869696bb34956c6481","bgt_status":"bestaand","class":"oever, slootkant","objecttype":"OndersteunendWaterdeel"},"geometry":{"type":"Polygon","coordinates":[[[171958.548,559211.594],[171957.193,559212.272],[171956.174,559212.192],[171955.596,559212.147],[171954.644,559211.424],[171953.235,559209.31],[171950.891,559204.931],[171950.19,559201.629],[171949.154,559199.881],[171948.611,559196.777],[171948.987,559194.377],[171949.777,559192.795],[171951.048,559190.252],[171952.765,559187.539],[171953.146,559186.108],[171954.275,559183.444],[171959.072,559176.057],[171959.529,559175.353],[171960.675,559175.75],[171961.231,559176.053],[171962.422,559176.702],[171963.693,559178.23],[171964.094,559179.484],[171961.521,559183.653],[171956.87,559188.758],[171955.529,559192.454],[171954.832,559197.668],[171955.87,559201.107],[171960.043,559209.526],[171959.388,559210.904],[171958.548,559211.594]],[[171955.161,559183.915],[171954.094,559186.433],[171953.692,559187.944],[171951.92,559190.744],[171950.671,559193.242],[171949.951,559194.685],[171949.624,559196.768],[171950.108,559199.528],[171951.135,559201.261],[171951.839,559204.585],[171954.094,559208.795],[171955.383,559210.729],[171955.967,559211.173],[171956.994,559211.253],[171958,559210.75],[171958.786,559210.105],[171958.957,559209.138],[171954.94,559201.487],[171953.812,559197.75],[171954.552,559192.215],[171955.997,559188.231],[171960.719,559183.048],[171963.308,559178.854],[171959.976,559176.501],[171955.161,559183.915]]]}},{"type":"Feature","properties":{"relatieveHoogteligging":0,"lokaalID":"G1900.86484a950e0f4f5c91d8300d6be86c85","bgt_status":"bestaand","class":"oever, slootkant","objecttype":"OndersteunendWaterdeel"},"geometry":{"type":"Polygon","coordinates":[[[171989.078,558969.433],[171988.337,558970.015],[171986.115,558972.502],[171981.987,558977.529],[171980.611,558979.276],[171979.183,558981.763],[171977.853,558983.793],[171972.128,558990.325],[171963.688,559000.155],[171962.178,559001.755],[171961.855,559002.134],[171961.72,559002.453],[171961.72,559003.485],[171962.514,559004.993],[171964.736,559006.739],[171969.737,559009.518],[171971.721,559011.502],[171973.15,559012.375],[171974.896,559012.931],[171976.881,559013.248],[171978.071,559014.28],[171978.706,559015.074],[171980.453,559017.058],[171988.39,559023.249],[171999.979,559033.41],[172004.424,559037.299],[172006.567,559040.156],[172006.567,559041.268],[172006.025,559042.345],[172005.456,559043.093],[172004.583,559043.093],[172003.63,559042.538],[172000.217,559039.998],[171993.391,559034.997],[171983.469,559027.774],[171975.134,559022.218],[171964.26,559014.518],[171963.487,559014.018],[171962.298,559013.175],[171960.158,559011.655],[171959.258,559011.035],[171958.688,559010.795],[171958.018,559010.555],[171957.558,559010.515],[171957.038,559010.535],[171956.558,559010.635],[171956.058,559010.895],[171955.578,559011.195],[171955.118,559011.515],[171954.618,559011.915],[171954.278,559012.355],[171953.618,559013.235],[171947.778,559021.215],[171946.118,559023.355],[171944.638,559025.135],[171942.938,559027.095],[171941.398,559028.775],[171939.938,559030.295],[171939.318,559031.135],[171937.594,559031.533],[171936.324,559031.269],[171934.949,559030.475],[171933.996,559029.628],[171933.678,559028.675],[171933.918,559027.895],[171934.238,559027.215],[171934.578,559026.655],[171935.098,559025.795],[171935.658,559024.795],[171937.618,559022.075],[171939.338,559020.155],[171944.078,559014.215],[171949.418,559008.075],[171954.198,559001.955],[171955.818,559000.155],[171963.985,558991.455],[171964.848,558990.535],[171979.448,558973.925],[171982.118,558970.775],[171988.708,558961.835],[171994.758,558955.325],[171997.878,558952.385],[171999.948,558950.145],[172000.508,558949.675],[172001.838,558949.875],[172001.933,558949.991],[172002.978,558951.265],[172002.688,558954.115],[172002.488,558954.955],[172002.198,558955.805],[172001.798,558956.445],[171999.948,558958.545],[171999.528,558958.735],[171994.581,558963.559],[171993.047,558965.57],[171989.078,558969.433]],[[171959.815,559010.867],[171962.196,559012.137],[171969.044,559016.983],[171972.515,559019.439],[171974.103,559020.233],[171986.168,559028.885],[171999.423,559038.49],[172002.836,559041.03],[172004.021,559042.059],[172004.741,559042.3],[172004.797,559042.3],[172005.376,559042.3],[172005.694,559042.061],[172006.091,559041.109],[172006.276,559040.384],[172004.143,559038.323],[171998.074,559032.457],[171980.294,559017.773],[171978.389,559016.106],[171978.151,559015.312],[171977.595,559014.439],[171976.563,559013.804],[171974.579,559013.486],[171972.515,559013.01],[171965.689,559008.168],[171961.641,559005.231],[171961.517,559005.058],[171961.244,559004.12],[171961.164,559003.009],[171961.879,559001.342],[171970.928,558990.944],[171976.008,558985.388],[171978.469,558981.574],[171980.056,558979.117],[171982.913,558975.704],[171987.004,558970.977],[171988.644,558969.147],[171992.452,558965.121],[171993.7,558963.341],[171993.777,558963.244],[171994.727,558962.194],[171998.815,558958.034],[171998.956,558957.915],[171999.116,558957.824],[171999.34,558957.722],[172000.994,558955.845],[172001.289,558955.373],[172001.527,558954.677],[172001.7,558953.948],[172001.941,558951.577],[172001.309,558950.807],[172000.806,558950.731],[172000.64,558950.87],[171998.613,558953.064],[171995.468,558956.03],[171989.48,558962.474],[171982.923,558971.368],[171980.211,558974.571],[171965.599,558991.195],[171956.555,559000.832],[171954.965,559002.598],[171950.206,559008.69],[171944.847,559014.855],[171940.12,559020.779],[171938.399,559022.703],[171936.503,559025.333],[171935.971,559026.283],[171935.434,559027.172],[171935.121,559027.689],[171934.853,559028.257],[171934.724,559028.677],[171934.737,559028.835],[171935.266,559029.734],[171936.483,559030.528],[171937.806,559030.74],[171938.517,559030.541],[171939.134,559029.701],[171939.217,559029.602],[171940.669,559028.091],[171942.192,559026.429],[171943.876,559024.488],[171945.339,559022.729],[171946.98,559020.613],[171951.761,559014.08],[171955.211,559010.629],[171956.561,559010.153],[171957.989,559010.232],[171959.815,559010.867]]]}},{"type":"Feature","properties":{"relatieveHoogteligging":0,"lokaalID":"G1900.c6ee6939f38f454fb41275837784dc4c","bgt_status":"bestaand","class":"oever, slootkant","objecttype":"OndersteunendWaterdeel"},"geometry":{"type":"Polygon","coordinates":[[[172000.5,559201.47],[172000.14,559201.67],[171999.92,559201.77],[171999.54,559201.69],[171999.34,559201.53],[171995.16,559198.75],[171994.64,559198.49],[171994.2,559198.31],[171993.8,559198.29],[171990.232,559197.372],[171988.723,559196.023],[171988.168,559195.15],[171987.692,559194.118],[171986.977,559192.769],[171987.295,559190.784],[171988.247,559188.8],[171990.787,559186.101],[171997.296,559180.307],[172008.964,559171.179],[172013.965,559170.544],[172016.028,559171.02],[172018.807,559171.02],[172023.252,559170.226],[172025.157,559169.353],[172027.141,559168.321],[172039.654,559157.783],[172048.5,559150.86],[172058.76,559143.08],[172059.741,559142.285],[172072.403,559133.368],[172077.483,559130.431],[172086.373,559124.795],[172091.056,559121.382],[172095.263,559117.572],[172099.79,559112.86],[172100.92,559111.61],[172107.88,559106.36],[172110.25,559104.98],[172127.82,559092.79],[172140.27,559083.68],[172160.27,559070.29],[172166.4,559066.55],[172169.211,559064.728],[172170.44,559063.931],[172171.43,559063.29],[172174.36,559061.53],[172178.413,559058.972],[172178.735,559060.011],[172163.483,559069.898],[172155.649,559074.664],[172144.183,559082.859],[172135.933,559088.756],[172129.084,559093.65],[172125.142,559096.468],[172121.2,559099.285],[172113.586,559104.727],[172107.059,559108.891],[172100.579,559114.096],[172095.519,559118.97],[172088.708,559124.696],[172078.682,559131.037],[172074.283,559134.492],[172064.912,559140.043],[172056.022,559146.856],[172048.403,559152.695],[172037.548,559161.014],[172032.143,559165.156],[172027.697,559168.564],[172024.125,559170.623],[172022.22,559171.099],[172018.013,559171.814],[172015.155,559171.814],[172012.774,559171.417],[172010.71,559171.893],[172009.202,559172.369],[171991.025,559186.895],[171988.292,559189.934],[171987.533,559191.896],[171987.512,559192.485],[171987.939,559193.262],[171988.949,559195.104],[171991.128,559196.75],[171994.614,559197.859],[171997.695,559199.427],[171999.181,559200.184],[172003.371,559198.265],[172010.587,559193.127],[172017.803,559187.989],[172030.883,559177.47],[172043.802,559167.654],[172058.855,559155.783],[172073.206,559144.94],[172086.841,559134.637],[172105.743,559120.355],[172123.61,559107.299],[172136.966,559097.538],[172154.311,559085.26],[172167.148,559076.85],[172179.013,559068.711],[172181.024,559067.395],[172181.306,559068.306],[172174.34,559072.91],[172159.94,559082.55],[172150.17,559088.99],[172133.52,559101.09],[172102.1,559124.2],[172098.081,559127.229],[172077.48,559142.76],[172056.92,559158.46],[172048.5,559164.92],[172044.16,559168.16],[172027.7,559180.97],[172000.5,559201.47]]]}},{"type":"Feature","properties":{"relatieveHoogteligging":0,"lokaalID":"W0653.877cd035bf8d400bb4dc457eea14d7c8","bgt_status":"bestaand","class":"oever, slootkant","objecttype":"OndersteunendWaterdeel"},"geometry":{"type":"Polygon","coordinates":[[[171980.653,559160.808],[171979.953,559161.248],[171979.293,559161.508],[171978.954,559161.582],[171978.833,559161.608],[171976.752,559159.418],[171975.763,559158.377],[171979.813,559153.768],[171981.833,559152.088],[171984.253,559150.028],[171989.893,559144.788],[171991.953,559142.628],[171992.893,559141.548],[171993.693,559140.508],[171994.293,559139.648],[171998.393,559134.278],[171998.513,559133.758],[171998.593,559133.278],[171998.773,559132.708],[171999.173,559132.118],[171999.613,559131.778],[171999.943,559131.588],[172000.213,559131.438],[172000.773,559131.048],[172001.293,559130.618],[172001.933,559129.938],[172008.913,559123.358],[172011.713,559121.058],[172014.733,559118.398],[172017.113,559115.978],[172020.053,559112.938],[172027.333,559105.898],[172031.993,559101.178],[172035.513,559097.818],[172038.833,559094.538],[172045.373,559087.998],[172052.713,559081.348],[172053.424,559080.686],[172055.343,559078.078],[172055.608,559076.226],[172055.277,559075.035],[172054.2,559073.405],[172054.919,559072.707],[172056.335,559074.903],[172056.467,559076.226],[172055.872,559078.276],[172054.748,559080.261],[172053.618,559081.871],[172053.384,559082.089],[172046.063,559088.723],[172039.54,559095.245],[172036.204,559098.541],[172032.694,559101.891],[172028.028,559106.617],[172020.76,559113.645],[172017.832,559116.673],[172015.394,559119.148],[172012.374,559121.808],[172009.574,559124.109],[172002.641,559130.645],[172002.021,559131.303],[172001.93,559131.389],[172001.345,559131.869],[172000.785,559132.259],[172000.699,559132.312],[172000.435,559132.458],[172000.171,559132.611],[171999.911,559132.812],[171999.683,559133.148],[171999.568,559133.512],[171999.487,559133.983],[171999.367,559134.503],[171999.298,559134.703],[171999.188,559134.885],[171995.101,559140.238],[171994.486,559141.118],[171993.647,559142.205],[171992.677,559143.318],[171990.574,559145.521],[171984.901,559150.789],[171982.472,559152.857],[171980.513,559154.487],[171977.117,559158.351],[171979.15,559160.49],[171979.5,559160.352],[171980.059,559160],[171980.799,559159.369],[171991.854,559148.596],[171993.446,559147.201],[171994.547,559146.082],[171995.794,559144.969],[171996.852,559143.715],[171997.843,559142.685],[171998.817,559141.481],[171999.128,559141.048],[171999.896,559139.961],[172001.735,559137.356],[172003.173,559135.448],[172004.495,559133.684],[172006.075,559131.954],[172007.649,559130.268],[172009.22,559128.797],[172010.818,559127.225],[172013.035,559125.405],[172015.253,559123.345],[172018.529,559120.369],[172021.836,559117.161],[172025.055,559114.022],[172028.705,559110.634],[172034.445,559105.474],[172034.59,559105.365],[172036.365,559104.278],[172036.872,559103.806],[172036.961,559103.732],[172037.665,559103.215],[172038.191,559102.852],[172038.482,559102.589],[172038.724,559102.251],[172038.862,559101.794],[172039.012,559101.042],[172039.068,559100.858],[172039.158,559100.688],[172039.748,559099.799],[172040.868,559098.379],[172040.951,559098.286],[172042.297,559096.96],[172043.997,559095.31],[172046.1,559093.521],[172047.775,559092.054],[172051.383,559088.735],[172055.804,559084.603],[172056.801,559083.642],[172058.399,559081.987],[172061.336,559077.304],[172064.193,559073.176],[172066.575,559070.478],[172069.512,559067.858],[172070.623,559066.271],[172071.337,559065.239],[172071.178,559064.525],[172070.305,559064.128],[172069.035,559065.001],[172066.019,559067.223],[172063.479,559068.97],[172061.574,559069.605],[172059.431,559069.525],[172058.248,559069.472],[172058.977,559068.764],[172059.406,559068.309],[172059.987,559068.573],[172061.495,559068.573],[172062.527,559068.255],[172064.352,559067.62],[172066.019,559066.033],[172068.718,559064.286],[172071.043,559062.758],[172071.53,559064.106],[172072.353,559066.388],[172072.293,559066.808],[172072.113,559067.168],[172067.763,559071.638],[172066.603,559072.748],[172065.663,559073.678],[172064.873,559074.738],[172063.883,559076.488],[172062.743,559078.158],[172061.673,559079.508],[172060.893,559080.628],[172060.063,559081.738],[172058.753,559083.148],[172056.493,559085.328],[172052.063,559089.468],[172048.443,559092.798],[172046.753,559094.278],[172044.693,559096.028],[172042.993,559097.678],[172041.653,559098.998],[172040.533,559100.418],[172039.993,559101.238],[172039.833,559102.038],[172039.633,559102.698],[172039.233,559103.258],[172038.813,559103.638],[172038.233,559104.038],[172037.553,559104.538],[172036.973,559105.078],[172035.113,559106.218],[172029.373,559111.378],[172025.753,559114.738],[172022.533,559117.878],[172019.213,559121.098],[172015.933,559124.078],[172013.693,559126.158],[172011.453,559127.998],[172009.913,559129.518],[172008.333,559130.998],[172006.813,559132.628],[172005.233,559134.358],[172003.973,559136.048],[172002.533,559137.958],[172000.713,559140.538],[171999.943,559141.628],[171999.613,559142.088],[171998.593,559143.348],[171997.573,559144.408],[171996.513,559145.668],[171995.213,559146.828],[171994.133,559147.928],[171992.513,559149.348],[171981.473,559160.108],[171980.653,559160.808]]]}},{"type":"Feature","properties":{"relatieveHoogteligging":0,"lokaalID":"G1900.53c31b10bd4d49408194e21bc20d22e7","bgt_status":"bestaand","class":"oever, slootkant","objecttype":"OndersteunendWaterdeel"},"geometry":{"type":"Polygon","coordinates":[[[171982.671,559200.466],[171983.3,559201.15],[171984.04,559202.57],[171985.76,559205.23],[171987.02,559207.33],[171987.68,559208.37],[171987.9,559208.71],[171987.98,559209.01],[171988.06,559209.33],[171988.08,559209.73],[171988.1,559209.99],[171988.12,559210.41],[171988.258,559210.597],[171988.24,559210.71],[171988.12,559211.21],[171987.8,559211.61],[171987.2,559212.43],[171986.56,559213.25],[171985.8,559214.15],[171984.72,559215.45],[171984.459,559215.82],[171983.86,559216.67],[171983.749,559217.216],[171983.64,559217.75],[171983.58,559218.32],[171983.58,559219.9],[171983.52,559221],[171983.46,559221.71],[171983.46,559223.21],[171983.48,559223.79],[171984.24,559240.14],[171984.4,559242.32],[171984,559244.16],[171983.267,559245.09],[171983.12,559245.22],[171982.915,559245.535],[171982.58,559245.96],[171982.02,559246.46],[171966.96,559260.04],[171964.72,559261.58],[171963.42,559262.14],[171961.98,559262.34],[171961.324,559262.38],[171961.18,559262.38],[171960.82,559262.4],[171960.34,559262.44],[171944.12,559263.28],[171943.2,559263.36],[171942.76,559263.44],[171942.28,559263.6],[171941.7,559263.74],[171941.3,559263.94],[171940.96,559264.2],[171939.958,559264.817],[171939.76,559264.88],[171939.46,559265.12],[171939.14,559265.32],[171938.54,559265.94],[171915.9,559287.31],[171895.98,559306.83],[171880.82,559321.16],[171864.42,559336.52],[171855.22,559345.64],[171843.58,559356.56],[171839.82,559359.62],[171835.72,559363.64],[171831.82,559366.01],[171837.841,559360.307],[171843.429,559354.663],[171849.714,559347.412],[171855.512,559342.038],[171859.87,559337.999],[171866.687,559332.489],[171879.407,559320.795],[171889.383,559311.304],[171901.305,559299.962],[171911.732,559289.612],[171925.286,559276.157],[171938.252,559264.415],[171939.963,559263.211],[171943.01,559262.382],[171948.143,559261.74],[171957.5,559261.473],[171961.858,559261.178],[171963.996,559260.376],[171967.756,559257.434],[171973.353,559252.191],[171980.918,559245.103],[171982.175,559243.685],[171982.95,559242.187],[171981.881,559227.449],[171981.507,559223.704],[171981.827,559218.328],[171983.458,559214.422],[171985.784,559211.48],[171986.452,559208.912],[171984.768,559205.542],[171981.827,559202.546],[171978.753,559200.059],[171976.106,559200.674],[171973.699,559203.616],[171968.568,559208.779],[171963.809,559213.566],[171959.425,559218.542],[171956.538,559222.5],[171953.65,559226.459],[171952.875,559232.986],[171952.234,559236.623],[171949.132,559241.278],[171943.416,559246.66],[171936.885,559253.257],[171927.906,559262.328],[171919.645,559270.674],[171906.6,559282.497],[171902.349,559286.482],[171896.28,559293.169],[171886.042,559303.093],[171879.354,559309.843],[171868.5,559320.092],[171861.485,559326.715],[171849.397,559338.129],[171838.104,559349.193],[171826.812,559360.258],[171819.086,559367.827],[171809.943,559377.43],[171803.153,559384.09],[171791.096,559396.769],[171787.808,559401.156],[171788.591,559404.041],[171788.32,559403.85],[171787.862,559403.666],[171787.421,559403.308],[171787.081,559402.868],[171786.823,559402.286],[171786.622,559401.69],[171786.5,559401.15],[171786.6,559400.57],[171786.62,559399.95],[171786.9,559399.35],[171787.36,559398.81],[171789.88,559396.31],[171797.94,559388.07],[171805.62,559379.87],[171813.88,559371.89],[171820.42,559365.15],[171827.26,559357.93],[171833.72,559351.54],[171841.26,559344.62],[171848.16,559338.04],[171854.52,559332.02],[171860.82,559325.42],[171867.72,559318.64],[171875.12,559311.78],[171882.04,559304.87],[171888.92,559297.85],[171893.94,559293.27],[171898.98,559288.07],[171904.78,559282.13],[171909.88,559277.31],[171914.08,559273.13],[171918.34,559268.99],[171922.66,559264.57],[171926.86,559260.57],[171931.82,559255.94],[171936.08,559251.72],[171940.94,559247],[171944.98,559243.16],[171947.26,559240.92],[171948.62,559239.38],[171949.6,559237.96],[171950.14,559237.04],[171950.4,559236.3],[171950.48,559235.58],[171950.56,559234.48],[171950.64,559233.84],[171950.7,559232.8],[171950.72,559231.62],[171950.52,559228.86],[171950.58,559228.3],[171950.58,559227.84],[171950.64,559227.4],[171950.72,559226.86],[171950.82,559226.4],[171950.9,559226.02],[171950.96,559225.72],[171951.04,559225.34],[171951.14,559224.94],[171951.24,559224.62],[171951.3,559224.3],[171951.42,559224.06],[171951.56,559223.82],[171951.66,559223.54],[171951.82,559223.22],[171952.02,559222.88],[171952.28,559222.58],[171952.48,559222.3],[171952.64,559222],[171956.6,559218.28],[171959.178,559215.625],[171959.932,559214.85],[171961.34,559213.4],[171966.9,559208.1],[171973.66,559201.08],[171975.58,559198.69],[171975.9,559198.16],[171976.14,559197.9],[171976.44,559197.66],[171976.68,559197.49],[171977,559197.32],[171977.44,559197.21],[171977.82,559197.13],[171978.26,559197.13],[171978.8,559197.13],[171979.28,559197.15],[171979.62,559197.27],[171980.02,559197.59],[171980.54,559197.91],[171980.92,559198.31],[171981.34,559198.83],[171981.96,559199.69],[171982.671,559200.466]]]}},{"type":"Feature","properties":{"relatieveHoogteligging":0,"lokaalID":"G1900.02aef304ed604ace886cc4f7b1097b29","bgt_status":"bestaand","class":"oever, slootkant","objecttype":"OndersteunendWaterdeel"},"geometry":{"type":"Polygon","coordinates":[[[171933.668,559138.149],[171933.924,559136.9],[171936.238,559136.755],[171941.557,559141.6],[171953.471,559149.123],[171963.649,559155.549],[171971.025,559160.207],[171973.927,559163.441],[171974.129,559163.666],[171974.29,559165.824],[171972.129,559168.383],[171971.384,559169.265],[171969.426,559167.786],[171967.463,559166.304],[171968.162,559165.342],[171969.286,559164.786],[171960.469,559159.229],[171949.888,559151.325],[171938.315,559143.628],[171933.366,559139.62],[171933.668,559138.149]],[[171970.665,559164.474],[171968.351,559166.334],[171970.782,559168.097],[171972.585,559166.294],[171973.263,559165.491],[171973.157,559164.081],[171970.373,559160.978],[171963.115,559156.395],[171952.938,559149.969],[171940.949,559142.399],[171935.877,559137.78],[171934.75,559137.85],[171934.468,559139.225],[171938.908,559142.821],[171950.465,559150.507],[171961.036,559158.404],[171970.665,559164.474]]]}},{"type":"Feature","properties":{"relatieveHoogteligging":0,"lokaalID":"G1900.4a4235341cae4f2cba299f1af7f9d736","bgt_status":"bestaand","class":"oever, slootkant","objecttype":"OndersteunendWaterdeel"},"geometry":{"type":"Polygon","coordinates":[[[171880.824,559096.329],[171882.467,559095.907],[171884.071,559096.28],[171891.431,559102.589],[171902.188,559112.126],[171901.617,559112.955],[171890.774,559103.343],[171883.606,559097.199],[171883.217,559097.109],[171882.43,559098.34],[171886.903,559102.104],[171891.809,559106.296],[171892.878,559107.106],[171900.67,559113.855],[171900.807,559114.131],[171900.157,559115.075],[171899.863,559114.478],[171892.248,559107.883],[171891.2,559107.089],[171886.257,559102.867],[171880.514,559098.035],[171880.824,559096.329]]]}},{"type":"Feature","properties":{"relatieveHoogteligging":0,"lokaalID":"G1900.60f88e7fa79c4e21b883ba634d17ad1e","bgt_status":"bestaand","class":"oever, slootkant","objecttype":"OndersteunendWaterdeel"},"geometry":{"type":"Polygon","coordinates":[[[171907.973,559059.918],[171909.102,559061.095],[171908.475,559062.706],[171903.846,559067.428],[171896.739,559074.386],[171892.236,559078.3],[171887.441,559082.469],[171884.49,559085.35],[171883.63,559086.424],[171881.258,559089.388],[171877.354,559093.292],[171876.85,559092.851],[171880.76,559088.942],[171883.109,559086.007],[171883.994,559084.901],[171886.988,559081.978],[171891.798,559077.796],[171896.286,559073.895],[171903.374,559066.956],[171907.903,559062.336],[171908.371,559061.133],[171907.973,559059.918]]]}},{"type":"Feature","properties":{"relatieveHoogteligging":0,"lokaalID":"G1900.cc3cfb34f64844758f5ecbbe2fb3710f","bgt_status":"bestaand","class":"oever, slootkant","objecttype":"OndersteunendWaterdeel"},"geometry":{"type":"Polygon","coordinates":[[[171804.305,559157.363],[171802.318,559155.92],[171802.003,559155.331],[171801.128,559153.691],[171803.009,559151.129],[171808.771,559145.878],[171812.173,559142.087],[171818.708,559134.805],[171824.598,559129.311],[171828.425,559125.741],[171833.713,559119.664],[171838.872,559113.144],[171841.108,559110.318],[171843.483,559105.745],[171846.371,559102.082],[171850.947,559094.977],[171853.849,559089.148],[171855.476,559086.143],[171860.758,559079.845],[171864.034,559074.848],[171868.665,559069.865],[171879.168,559060.003],[171888.209,559051.864],[171893.541,559046.865],[171895.057,559044.408],[171895.198,559043.528],[171894.004,559042.02],[171885.601,559034.996],[171854.307,559006.875],[171843.374,558997.052],[171818.878,558975.039],[171815.419,558972.385],[171813.359,558971.574],[171812.052,558971.89],[171811.146,558972.32],[171800.289,558986.363],[171791.671,558997.51],[171788.082,559001.565],[171783.08,559007.837],[171781.506,559010.044],[171773.885,559020.731],[171764.988,559031.34],[171755.347,559042.837],[171749.253,559049.886],[171745.823,559053.854],[171742.481,559059.289],[171740.502,559061.9],[171737.233,559066.215],[171735.308,559068.755],[171732.835,559071.389],[171729.821,559076.612],[171727.975,559080.086],[171727.042,559082.249],[171724.199,559083.108],[171723.466,559082.593],[171722.476,559081.898],[171722.306,559080.055],[171714.671,559072.702],[171699.524,559058.855],[171688.104,559048.716],[171678.728,559039.861],[171668.688,559030.379],[171660.198,559022.667],[171652.116,559016.089],[171648.063,559012.625],[171642.055,559006.745],[171638.889,559003.646],[171633.515,558998.386],[171629.319,558994.652],[171624.61,558990.462],[171619.551,558986.475],[171617.927,558984.44],[171619.231,558983.4],[171621.132,558981.882],[171631.926,558990.711],[171639.204,558997.343],[171646.009,559004.624],[171653.715,559010.984],[171662.977,559018.628],[171667.246,559022.564],[171676.965,559031.523],[171687.507,559040.921],[171697.14,559050.358],[171708.276,559060.757],[171716.471,559068.03],[171723.384,559074.488],[171724.107,559074.905],[171724.862,559074.916],[171725.538,559074.461],[171728.82,559069.916],[171737.162,559058.363],[171748.382,559043.552],[171754.821,559035.716],[171760.348,559028.99],[171767.796,559019.927],[171773.659,559011.795],[171778.623,559004.911],[171787.021,558994.083],[171791.371,558988.904],[171796.417,558982.436],[171800.551,558977.408],[171804.403,558972.721],[171807.125,558969.41],[171807.993,558967.605],[171808.083,558965.831],[171806.621,558964.15],[171799.256,558956.901],[171797.026,558954.903],[171795.851,558952.686],[171797.082,558949.214],[171803.043,558943.33],[171811.369,558933.529],[171818.407,558925.244],[171822.402,558920.542],[171823.105,558918.664],[171822.969,558917.205],[171822.02,558915.75],[171819.444,558914.196],[171816.18,558911.405],[171808.655,558904.969],[171801.642,558898.97],[171795.707,558893.894],[171787.12,558886.549],[171777.547,558878.818],[171773.508,558875.889],[171766.556,558869.684],[171757.807,558861.876],[171748.771,558854.223],[171745.952,558851.184],[171743.557,558848.604],[171739.109,558842.554],[171735.361,558836.893],[171732.098,558831.967],[171729.926,558829.142],[171727.598,558826.518],[171725.663,558824.846],[171720.297,558822.073],[171716.721,558820.478],[171714.558,558820.049],[171713.078,558820.246],[171711.786,558820.901],[171708.716,558823.523],[171707.232,558822.085],[171705.625,558820.528],[171707.469,558818.626],[171708.277,558816.553],[171708.537,558814.451],[171709.516,558813.744],[171711.58,558812.253],[171713.141,558814.03],[171714.739,558815.252],[171719.077,558816.901],[171725.658,558819.804],[171728.54,558821.753],[171730.792,558823.276],[171733.007,558825.472],[171735.491,558828.471],[171737.713,558832.114],[171741.728,558838.697],[171745.237,558843.179],[171748.717,558847.623],[171753.366,558851.51],[171760.16,558857.188],[171766.814,558863.349],[171774.279,558870.26],[171777.616,558872.818],[171784.507,558878.101],[171787.26,558880.456],[171795.175,558887.226],[171809.07,558899.113],[171818.891,558908.095],[171823.79,558912.065],[171826.605,558913.505],[171828.513,558913.593],[171830.112,558913.127],[171832.664,558911.177],[171846.507,558894.741],[171859.728,558879.044],[171867.474,558870.237],[171878.389,558856.787],[171882.263,558850.937],[171895.633,558834.209],[171910.25,558816.929],[171921.306,558803.859],[171929.668,558793.444],[171941.481,558780.464],[171952.129,558767.203],[171958.949,558758.71],[171963.099,558754.244],[171969.113,558747.775],[171971.082,558744.236],[171973.705,558742.601],[171976.103,558744.137],[171978.76,558745.839],[171969.688,558755.77],[171963.213,558761.821],[171947.401,558780.532],[171931.977,558798.784],[171917.915,558816.415],[171898.926,558838.499],[171888.628,558850.94],[171886.39,558854.885],[171885.946,558857.071],[171885.928,558858.174],[171887.86,558859.134],[171893.76,558862.068],[171904.609,558870.378],[171921.386,558880.478],[171934.343,558889.015],[171946.526,558898.985],[171955.3,558904.498],[171963.122,558909.889],[171967.235,558912.244],[171971.385,558914.62],[171977.784,558918.283],[171981.314,558920.968],[172002.965,558933.825],[172004.358,558934.792],[172003.701,558935.553],[172002.424,558934.667],[171980.754,558921.798],[171977.23,558919.119],[171970.888,558915.488],[171966.738,558913.112],[171962.589,558910.736],[171954.75,558905.334],[171945.941,558899.799],[171933.749,558889.821],[171920.853,558881.324],[171904.046,558871.206],[171893.228,558862.921],[171887.415,558860.03],[171884.917,558858.788],[171884.948,558856.963],[171885.441,558854.53],[171887.802,558850.37],[171898.161,558837.854],[171917.145,558815.777],[171931.204,558798.149],[171946.637,558779.886],[171962.487,558761.131],[171968.976,558755.066],[171977.221,558746.041],[171973.698,558743.784],[171971.83,558744.948],[171969.928,558748.367],[171963.832,558754.925],[171959.706,558759.364],[171952.909,558767.829],[171942.241,558781.114],[171930.428,558794.095],[171922.078,558804.495],[171911.014,558817.575],[171896.406,558834.844],[171883.072,558851.527],[171879.196,558857.379],[171868.238,558870.882],[171860.486,558879.696],[171847.272,558895.385],[171833.359,558911.905],[171830.571,558914.035],[171828.633,558914.6],[171826.342,558914.494],[171823.242,558912.907],[171818.238,558908.853],[171808.407,558899.863],[171794.524,558887.986],[171786.61,558881.216],[171783.878,558878.878],[171777.007,558873.612],[171773.634,558871.026],[171766.135,558864.083],[171759.499,558857.939],[171752.725,558852.277],[171747.994,558848.323],[171744.45,558843.795],[171740.905,558839.268],[171736.859,558832.634],[171734.675,558829.053],[171732.268,558826.147],[171730.154,558824.052],[171727.979,558822.581],[171725.172,558820.682],[171718.697,558817.827],[171714.248,558816.135],[171712.456,558814.765],[171711.429,558813.596],[171709.476,558815.006],[171709.254,558816.799],[171708.328,558819.177],[171707.039,558820.506],[171708.758,558822.172],[171711.227,558820.063],[171712.778,558819.277],[171714.59,558819.036],[171717.026,558819.519],[171720.731,558821.171],[171726.228,558824.012],[171728.302,558825.805],[171730.698,558828.504],[171732.912,558831.385],[171736.194,558836.341],[171739.93,558841.982],[171744.329,558847.966],[171746.685,558850.504],[171749.463,558853.498],[171758.463,558861.121],[171767.222,558868.938],[171774.136,558875.109],[171778.155,558878.024],[171787.759,558885.78],[171796.357,558893.134],[171802.292,558898.21],[171809.305,558904.209],[171816.83,558910.645],[171820.031,558913.382],[171822.733,558915.013],[171823.941,558916.866],[171824.122,558918.8],[171823.277,558921.056],[171819.169,558925.892],[171812.131,558934.176],[171803.777,558944.011],[171797.947,558949.765],[171796.941,558952.606],[171797.827,558954.278],[171799.941,558956.171],[171807.35,558963.464],[171809.102,558965.479],[171808.981,558967.856],[171807.974,558969.951],[171805.176,558973.356],[171801.323,558978.043],[171797.198,558983.062],[171792.149,558989.534],[171787.8,558994.711],[171779.423,559005.51],[171774.47,559012.38],[171768.588,559020.538],[171761.121,559029.625],[171755.594,559036.351],[171749.167,559044.172],[171737.966,559058.958],[171729.63,559070.502],[171726.244,559075.191],[171725.161,559075.921],[171723.832,559075.901],[171722.785,559075.296],[171715.798,559068.769],[171707.603,559061.496],[171696.449,559051.081],[171686.824,559041.652],[171676.294,559032.264],[171666.569,559023.299],[171662.319,559019.382],[171653.078,559011.755],[171645.323,559005.354],[171638.501,558998.056],[171631.273,558991.468],[171621.125,558983.167],[171619.333,558984.598],[171620.261,558985.761],[171625.252,558989.695],[171629.984,558993.905],[171634.197,558997.655],[171639.588,559002.931],[171642.755,559006.03],[171648.739,559011.887],[171652.756,559015.321],[171660.85,559021.909],[171669.367,559029.645],[171679.415,559039.134],[171688.779,559047.978],[171700.194,559058.112],[171715.355,559071.972],[171723.268,559079.593],[171723.429,559081.345],[171724.375,559082.01],[171726.308,559081.426],[171727.073,559079.653],[171728.946,559076.127],[171732.026,559070.789],[171734.543,559068.109],[171736.436,559065.611],[171739.705,559061.296],[171741.654,559058.724],[171745.013,559053.261],[171748.497,559049.232],[171754.585,559042.189],[171764.222,559030.698],[171773.093,559020.118],[171780.692,559009.463],[171782.281,559007.235],[171787.316,559000.921],[171790.9,558996.872],[171799.498,558985.751],[171810.501,558971.519],[171811.717,558970.942],[171813.431,558970.528],[171815.916,558971.506],[171819.517,558974.269],[171844.043,558996.308],[171854.975,559006.132],[171886.256,559034.24],[171894.724,559041.318],[171896.255,559043.253],[171896.013,559044.763],[171894.322,559047.503],[171888.885,559052.6],[171879.845,559060.739],[171869.375,559070.571],[171864.824,559075.466],[171861.563,559080.443],[171856.307,559086.708],[171854.737,559089.609],[171851.817,559095.472],[171847.186,559102.664],[171844.327,559106.29],[171841.951,559110.863],[171839.656,559113.765],[171834.483,559120.303],[171829.146,559126.437],[171825.28,559130.043],[171819.423,559135.506],[171812.917,559142.755],[171809.481,559146.583],[171803.756,559151.801],[171802.306,559153.775],[171803.091,559155.246],[171804.34,559156.152],[171807.662,559154.017],[171813.38,559147.711],[171821.998,559138.867],[171831.159,559130.023],[171836.535,559124.321],[171839.696,559119.909],[171844.859,559112.703],[171851.043,559104.073],[171853.69,559099.702],[171858.401,559091.503],[171869.007,559077.359],[171875.632,559071.189],[171888.104,559059.572],[171892.464,559055.002],[171898.766,559048.756],[171901.927,559045.956],[171902.169,559043.961],[171901.464,559042.894],[171899.068,559040.859],[171895.283,559038.441],[171893.471,559037.837],[171892.19,559037.41],[171890.753,559036.306],[171889.363,559033.848],[171886.665,559031.108],[171882.135,559027.099],[171876.124,559021.78],[171865.696,559012.551],[171857.352,559005.167],[171851.49,558999.619],[171849.248,558997.497],[171844.624,558993.475],[171839.437,558988.962],[171831.689,558982.221],[171827.372,558978.465],[171824.691,558975.242],[171822.657,558973.631],[171812.751,558964.625],[171800.941,558953.889],[171800.924,558951.442],[171802.581,558948.763],[171813.222,558936.423],[171826.856,558920.612],[171830.381,558918.16],[171834.199,558915.505],[171841.904,558907.09],[171848.669,558898.805],[171850.078,558898.382],[171852.157,558899.157],[171859.557,558904.728],[171873.679,558915.36],[171894.264,558931.699],[171912.586,558946.718],[171918.365,558950.807],[171920.315,558952.188],[171921.009,558951.208],[171921.043,558949.961],[171917.519,558947.529],[171904.623,558937.41],[171888.991,558925.145],[171855.565,558898.563],[171854.135,558896.005],[171854.115,558893.95],[171854.498,558892.479],[171857.659,558888.47],[171866.035,558878.86],[171866.921,558876.543],[171868.33,558875.375],[171871.33,558871.769],[171875.8,558866.833],[171880.069,558863.569],[171882.163,558862.985],[171884.257,558863.227],[171889.089,558865.221],[171897.027,558870.469],[171904.965,558875.717],[171918.521,558884.219],[171929.394,558891.038],[171933.003,558894.655],[171937.09,558897.793],[171940.508,558899.837],[171945.089,558903.716],[171950.057,558906.748],[171952.418,558907.417],[171955.624,558909.251],[171956.576,558910.872],[171961.156,558913.94],[171978.21,558923.529],[172000.232,558937.103],[172001.622,558937.959],[172000.96,558938.725],[171999.708,558937.954],[171977.703,558924.391],[171971.719,558921.026],[171960.632,558914.792],[171955.829,558911.576],[171954.896,558909.987],[171954.472,558909.745],[171954.046,558909.501],[171952.027,558908.346],[171949.653,558907.672],[171947.424,558906.312],[171944.502,558904.529],[171939.924,558900.653],[171936.527,558898.621],[171932.342,558895.408],[171928.767,558891.825],[171917.99,558885.066],[171904.424,558876.558],[171896.476,558871.303],[171888.618,558866.108],[171884.004,558864.204],[171882.243,558864.001],[171880.523,558864.48],[171876.48,558867.572],[171872.086,558872.424],[171869.04,558876.085],[171867.761,558877.146],[171866.906,558879.383],[171858.429,558889.108],[171855.413,558892.934],[171855.116,558894.073],[171855.133,558895.74],[171856.342,558897.903],[171889.61,558924.36],[171905.24,558936.623],[171918.113,558946.723],[171922.057,558949.447],[171922,558951.538],[171921.367,558952.433],[171920.554,558953.582],[171917.787,558951.624],[171911.98,558947.514],[171893.636,558932.477],[171873.068,558916.151],[171858.955,558905.527],[171851.672,558900.044],[171850.044,558899.436],[171849.25,558899.675],[171842.66,558907.744],[171834.862,558916.262],[171830.952,558918.981],[171827.531,558921.361],[171813.979,558937.076],[171803.39,558949.356],[171801.926,558951.723],[171801.938,558953.444],[171813.424,558963.885],[171823.305,558972.868],[171825.393,558974.523],[171828.089,558977.764],[171832.345,558981.467],[171840.093,558988.207],[171845.281,558992.72],[171849.92,558996.757],[171852.178,558998.893],[171858.027,559004.429],[171866.359,559011.802],[171876.787,559021.031],[171882.798,559026.35],[171887.354,559030.382],[171890.169,559033.241],[171891.523,559035.637],[171892.666,559036.514],[171893.787,559036.888],[171895.717,559037.532],[171899.664,559040.053],[171902.22,559042.224],[171903.206,559043.717],[171903.041,559045.083],[171902.875,559046.453],[171902.187,559047.062],[171899.45,559049.486],[171893.178,559055.702],[171888.808,559060.284],[171876.313,559071.921],[171869.754,559078.03],[171859.238,559092.054],[171854.551,559100.211],[171851.878,559104.624],[171845.672,559113.285],[171840.509,559120.492],[171837.309,559124.958],[171831.871,559130.726],[171822.703,559139.576],[171814.109,559148.396],[171808.314,559154.787],[171804.305,559157.363]]]}},{"type":"Feature","properties":{"relatieveHoogteligging":0,"lokaalID":"G1900.0e44d4d19dd943368bcd4311852be5ed","bgt_status":"bestaand","class":"oever, slootkant","objecttype":"OndersteunendWaterdeel"},"geometry":{"type":"Polygon","coordinates":[[[172244.523,559616.156],[172241.057,559615.618],[172240.896,559615.434],[172238.546,559613.945],[172236.577,559612.375],[172233.637,559608.691],[172227.958,559600.125],[172218.883,559588.532],[172209.666,559577.568],[172200.305,559567.745],[172190.945,559557.923],[172180.243,559547.843],[172169.684,559538.363],[172160.095,559530.425],[172149.878,559523.001],[172142.761,559518.934],[172136.237,559516.605],[172123.681,559512.122],[172115.29,559510.209],[172110.096,559509.438],[172102.42,559507.382],[172095.456,559504.27],[172090.577,559501.529],[172088.293,559496.589],[172087.437,559491.906],[172089.099,559488.768],[172089.464,559488.08],[172093.573,559485.567],[172101.278,559486.966],[172109.069,559490.307],[172119.008,559492.489],[172130.937,559496.487],[172135.512,559498.249],[172145.692,559502.169],[172153.368,559505.396],[172167.095,559514.904],[172181.364,559526.497],[172193.179,559536.691],[172208.991,559551.57],[172221.146,559564.359],[172233.039,559576.873],[172244.026,559591.778],[172250.704,559602.029],[172252.245,559607.254],[172251.76,559610.624],[172250.59,559613.136],[172247.85,559615.421],[172244.523,559616.156]],[[172092.04,559500],[172093.19,559501.05],[172094.64,559502.18],[172096.55,559503.42],[172097.98,559504.29],[172099.97,559505.17],[172102.42,559506.31],[172104.87,559507.16],[172107.27,559507.62],[172109.95,559508.02],[172113.14,559508.63],[172115.86,559509.16],[172118.45,559509.68],[172121.17,559510.35],[172123.56,559510.99],[172126.17,559511.77],[172129.07,559512.62],[172132.58,559513.77],[172134.61,559514.43],[172136.36,559515.2],[172138.1,559515.8],[172139.85,559516.52],[172141.58,559517.23],[172143.44,559518.01],[172145.19,559518.83],[172146.78,559519.8],[172149.38,559521.32],[172151.08,559522.38],[172152.86,559523.59],[172154.49,559524.79],[172156.38,559526.13],[172158.72,559527.95],[172160.75,559529.51],[172164.03,559532.23],[172171.09,559538.02],[172176.21,559542.55],[172179.59,559545.58],[172183.75,559549.37],[172190.53,559555.98],[172194.43,559559.93],[172197.05,559562.5],[172199.91,559565.26],[172203.43,559568.87],[172207.71,559573.49],[172210.88,559576.92],[172215.77,559582.51],[172218.81,559586.21],[172221.41,559589.28],[172224.05,559592.76],[172227.02,559596.57],[172228.72,559599.12],[172230.57,559601.64],[172232.31,559604.08],[172233.67,559605.95],[172234.86,559607.82],[172236.12,559609.61],[172237.03,559610.86],[172238.06,559612.11],[172238.93,559612.82],[172240.08,559613.59],[172241.1,559613.96],[172241.96,559614.24],[172242.78,559614.43],[172243.89,559614.56],[172244.82,559614.55],[172245.88,559614.36],[172247.32,559613.71],[172247.96,559613.44],[172248.75,559612.73],[172249.38,559611.93],[172249.87,559610.96],[172250.32,559609.86],[172250.57,559608.6],[172250.48,559607],[172249.94,559604.8],[172248.88,559602.67],[172247.94,559601.12],[172246.87,559599.37],[172245.81,559597.74],[172244.53,559595.67],[172243.36,559593.88],[172242.18,559592.17],[172240.66,559590.13],[172239,559587.64],[172236.91,559585],[172234.55,559581.84],[172232.61,559579.5],[172230.86,559577.34],[172228.72,559574.82],[172226.5,559572.12],[172224.58,559569.97],[172222.58,559567.71],[172220.36,559565.35],[172216.22,559561.37],[172210.39,559555.4],[172202.21,559547.4],[172197.91,559543.2],[172195.19,559540.52],[172191.78,559537.55],[172188.01,559534.13],[172184.5,559531.2],[172181.26,559528.43],[172177.95,559525.56],[172174.28,559522.39],[172171.46,559520.08],[172168.76,559517.9],[172166.57,559516.14],[172164.94,559514.92],[172162.5,559513.16],[172160.51,559511.78],[172158.41,559510.32],[172156.5,559509.03],[172154.55,559507.93],[172152.26,559506.65],[172150.19,559505.67],[172146.41,559503.84],[172143.26,559502.63],[172140.19,559501.54],[172137.33,559500.59],[172135.62,559500],[172134.15,559499.5],[172130.65,559498.29],[172127.54,559497.33],[172124.37,559496.6],[172121.02,559495.8],[172117.82,559495.03],[172115.45,559494.67],[172113.47,559494.15],[172111.42,559493.74],[172109.4,559493.48],[172107.65,559492.86],[172105.39,559492.06],[172104.02,559491.51],[172102.11,559490.69],[172100.89,559489.7],[172099.84,559488.97],[172098.82,559488.56],[172097.71,559488.07],[172096.25,559487.62],[172095.16,559487.39],[172094.21,559487.41],[172093.23,559487.77],[172092.39,559488.36],[172091.7,559489.06],[172090.83,559490.01],[172090.24,559490.99],[172089.89,559491.94],[172089.66,559493.18],[172089.64,559495.06],[172090.03,559496.72],[172090.78,559498.39],[172091.74,559499.72],[172092.04,559500]]]}},{"type":"Feature","properties":{"relatieveHoogteligging":0,"lokaalID":"G1900.2d0f2adadb6242a4b47756973f10f1e3","bgt_status":"bestaand","class":"oever, slootkant","objecttype":"OndersteunendWaterdeel"},"geometry":{"type":"Polygon","coordinates":[[[172263.945,559630.833],[172263.736,559629.358],[172263.798,559628.86],[172263.798,559628.279],[172264.172,559627.469],[172264.857,559626.742],[172265.854,559625.912],[172267.265,559625.82],[172268.555,559626.803],[172270.389,559628.2],[172273.82,559629.712],[172275.73,559630.393],[172277.696,559630.3],[172279.905,559629.871],[172281.582,559628.985],[172284.555,559626.99],[172287.027,559624.687],[172291.707,559621.521],[172294.805,559619.775],[172298.703,559617.295],[172303.475,559614.258],[172307.395,559612.351],[172311.308,559610.034],[172315.935,559607.296],[172320.229,559604.52],[172325.888,559600.861],[172331.779,559597.052],[172337.661,559593.506],[172343.336,559590.422],[172348.261,559587.55],[172354.132,559583.422],[172359.698,559579.508],[172366.02,559575.949],[172371.858,559573.045],[172379.963,559570.157],[172386.642,559567.777],[172393.139,559564.234],[172398.292,559561.101],[172406.054,559557.202],[172409.658,559555.113],[172410.702,559553.547],[172410.8,559551.214],[172411.106,559548.318],[172412.41,559548.34],[172411.72,559549.12],[172411.68,559550.26],[172411.731,559550.818],[172411.8,559551.58],[172411.56,559553.22],[172411.03,559554.66],[172409.87,559556.08],[172408.17,559557.13],[172405.41,559558.57],[172402.24,559559.96],[172399.6,559561.4],[172397.04,559562.67],[172395.27,559563.96],[172393.32,559565.24],[172391.11,559566.36],[172388.65,559567.59],[172386.52,559568.65],[172383.64,559569.76],[172380.5,559570.95],[172378.88,559571.61],[172376.16,559572.61],[172373.45,559573.6],[172371.42,559574.28],[172368.35,559575.66],[172366.52,559576.56],[172365.21,559577.21],[172363.32,559578.45],[172361.51,559579.69],[172359.48,559581.2],[172357.37,559582.5],[172355.37,559584],[172353.04,559585.48],[172351.02,559587.06],[172349.07,559588.3],[172347.87,559589.13],[172345.67,559590.45],[172343.57,559591.43],[172341.17,559592.75],[172339.22,559593.79],[172337.39,559594.67],[172335.41,559595.84],[172332.47,559597.55],[172330.05,559599.03],[172327.24,559601.1],[172323.96,559603.15],[172321.4,559604.77],[172318.67,559606.62],[172315.57,559608.38],[172312.23,559610.33],[172308.79,559612.43],[172306.34,559613.67],[172304.29,559614.69],[172302.4,559615.92],[172300.03,559617.31],[172296.83,559619.36],[172293.89,559621.02],[172290.98,559622.95],[172288.84,559624.57],[172287.21,559625.74],[172285.88,559626.78],[172284.45,559627.87],[172282.84,559628.94],[172280.97,559630.14],[172279.37,559630.74],[172277.57,559630.89],[172276.15,559631.02],[172274.91,559630.96],[172273.73,559630.43],[172272.67,559630.09],[172271.18,559629.29],[172270.05,559628.5],[172268.68,559627.55],[172267.72,559626.72],[172267.01,559626.35],[172266.57,559626.33],[172265.91,559626.66],[172265.44,559627.04],[172264.63,559627.87],[172264.23,559628.39],[172264.14,559628.87],[172264.14,559629.35],[172264.34,559629.97],[172263.945,559630.833]]]}},{"type":"Feature","properties":{"relatieveHoogteligging":0,"lokaalID":"G1900.4d952d2ad32543c08bcca8eabfe31055","bgt_status":"bestaand","class":"oever, slootkant","objecttype":"OndersteunendWaterdeel"},"geometry":{"type":"Polygon","coordinates":[[[172112.788,559548.097],[172113.948,559546.893],[172115.145,559547.197],[172126.075,559557.846],[172127.711,559558.403],[172128.909,559558.099],[172133.986,559552.665],[172136.415,559550.42],[172137.815,559550.994],[172138.54,559552.428],[172137.258,559554.757],[172129.28,559563.061],[172127.256,559563.702],[172125.384,559562.031],[172114.64,559552.286],[172111.781,559549.693],[172111.818,559549.104],[172112.788,559548.097]],[[172137.977,559552.572],[172136.287,559551.047],[172129.125,559558.981],[172128.177,559559.246],[172126.494,559558.833],[172114.362,559547.433],[172112.296,559549.382],[172125.963,559561.875],[172127.299,559563.096],[172128.885,559562.643],[172137.977,559552.572]]]}},{"type":"Feature","properties":{"relatieveHoogteligging":0,"lokaalID":"G1900.51d6d403e1d5404c8aaf1aee478f726d","bgt_status":"bestaand","class":"oever, slootkant","objecttype":"OndersteunendWaterdeel"},"geometry":{"type":"Polygon","coordinates":[[[172896.199,558950.406],[172893.272,558951.11],[172890.804,558951.878],[172889.31,558951.931],[172888.022,558951.79],[172887.13,558951.754],[172885.251,558951.233],[172882.586,558949.385],[172881.588,558948.273],[172880.644,558946.924],[172880.132,558945.741],[172880.014,558939.988],[172879.736,558934.114],[172880.055,558929.797],[172881.118,558920.219],[172882.561,558907.23],[172883.353,558900.095],[172884.515,558889.631],[172885.444,558884.78],[172885.731,558880.085],[172886.019,558875.39],[172885.139,558868.957],[172883.313,558855.594],[172881.272,558840.669],[172880.488,558834.937],[172879.894,558832.368],[172878.57,558829.096],[172876.11,558824.256],[172872.272,558820.335],[172868.137,558818.171],[172864.002,558817.117],[172855.949,558815.9],[172850.868,558814.656],[172847.138,558812.817],[172843.219,558810.275],[172840.785,558808.666],[172837.461,558805.827],[172834.704,558802.149],[172830.931,558796.048],[172826.668,558791.837],[172824.083,558790.224],[172819.344,558789.695],[172812.383,558789.751],[172799.951,558792.78],[172791.816,558794.483],[172776.761,558799.04],[172769.465,558801.027],[172758.844,558803.921],[172746.547,558807.625],[172735.926,558810.573],[172722.226,558814.871],[172706.819,558819.081],[172695.319,558822.222],[172683.82,558825.364],[172676.496,558827.365],[172671.658,558829.718],[172661.793,558836.125],[172656.01,558839.561],[172643.038,558847.267],[172635.055,558851.792],[172626.2,558856.191],[172618.309,558860.112],[172612.12,558862.194],[172601.799,558864.637],[172596.147,558865.709],[172590.877,558866.71],[172586.986,558866.872],[172584.067,558867.305],[172576.635,558867.44],[172572.148,558867.224],[172565.5,558868.549],[172561.77,558870.415],[172559.365,558874.065],[172559.145,558878.032],[172559.35,558882.424],[172560.076,558884.881],[172560.462,558890.026],[172560.37,558892.081],[172559.134,558894.569],[172557.899,558897.057],[172556.941,558898.509],[172554.663,558899.251],[172552.193,558899.725],[172547.428,558900.642],[172536.941,558902.658],[172530.487,558904.149],[172523.8,558905.694],[172520.263,558906.343],[172517.607,558907.147],[172514.24,558907.487],[172510.889,558907.549],[172505.499,558907.224],[172499.646,558907.193],[172493.793,558907.162],[172486.102,558907.998],[172486.018,558906.817],[172489.32,558906.22],[172505.41,558906.26],[172508.65,558906.4],[172511.62,558906.94],[172514.01,558906.92],[172515.87,558906.8],[172550.76,558899.35],[172551.3,558899.35],[172552.39,558899.29],[172553.33,558899.09],[172554.91,558898.88],[172555.73,558898.27],[172557.14,558897.29],[172557.81,558896.37],[172559.69,558891.88],[172559.73,558890.1],[172559.55,558888.26],[172559.38,558886.1],[172559.03,558884.2],[172558.25,558881.83],[172557.69,558879.9],[172557.64,558877.33],[172557.9,558874.69],[172558.37,558872.76],[172558.76,558871.82],[172559.26,558870.75],[172560.39,558869.99],[172562.43,558868.83],[172564.88,558867.87],[172568.42,558867.21],[172572.44,558866.61],[172576.47,558866.52],[172582.01,558866.6],[172587.99,558866.25],[172596.1,558865.04],[172604.05,558863.37],[172609.08,558862.19],[172612.85,558861.39],[172617.6,558859.69],[172630.87,558853.07],[172636.47,558850.06],[172641.79,558847.11],[172648.53,558843.23],[172651.99,558840.92],[172655.4,558838.88],[172659.41,558836.69],[172662.82,558834.54],[172665.77,558832.53],[172668.78,558830.46],[172675.62,558827],[172678.99,558826.04],[172694.48,558821.69],[172788.92,558794.39],[172814.12,558788.1],[172818.05,558787.74],[172820.81,558787.68],[172822.69,558787.97],[172824.54,558788.66],[172826.6,558789.67],[172828.26,558791.16],[172829.44,558792.31],[172835.09,558799.08],[172838.48,558804.05],[172841.98,558807.65],[172844.98,558810.11],[172847.1,558811.51],[172849.03,558812.82],[172850.81,558813.59],[172852.94,558814.28],[172855.36,558814.92],[172858.31,558815.69],[172861.25,558816.07],[172864.07,558816.35],[172866.73,558816.88],[172868.77,558817.57],[172870.71,558818.4],[172872.46,558819.51],[172874.04,558820.79],[172875.6,558822.11],[172876.8,558823.71],[172878.07,558825.4],[172878.94,558826.98],[172879.71,558828.37],[172880.5,558830.1],[172880.9,558831.57],[172881.17,558833.36],[172886.46,558872.18],[172886.77,558876.1],[172886.53,558880.49],[172886.34,558884.11],[172885.81,558888],[172885.36,558890.83],[172880.72,558933.877],[172880.643,558939.958],[172880.909,558945.045],[172881.291,558946.36],[172881.854,558946.806],[172882.463,558947.451],[172883.319,558948.29],[172884.025,558948.996],[172884.757,558949.588],[172885.64,558950.056],[172886.39,558950.338],[172888.826,558950.85],[172889.593,558950.868],[172890.396,558950.806],[172891.379,558950.758],[172892.197,558950.532],[172892.823,558950.188],[172893.688,558949.844],[172894.253,558949.552],[172894.809,558949.075],[172895.256,558948.984],[172895.492,558948.949],[172895.527,558949.056],[172896.199,558950.406]]]}},{"type":"Feature","properties":{"relatieveHoogteligging":0,"lokaalID":"G1900.5598f52755534e6092ea1153512e20ec","bgt_status":"bestaand","class":"oever, slootkant","objecttype":"OndersteunendWaterdeel"},"geometry":{"type":"Polygon","coordinates":[[[172216.331,559332.953],[172213.379,559332.923],[172210.545,559332.126],[172208.213,559329.734],[172206.791,559327.019],[172205.114,559315.528],[172206.693,559313.271],[172208.136,559312.128],[172209.448,559310.73],[172211.65,559309.295],[172214.338,559309.341],[172226.514,559307.465],[172243.152,559306.439],[172243.298,559306.531],[172246.114,559308.735],[172247.354,559311.304],[172246.882,559314.11],[172245.285,559316.093],[172243.812,559318.747],[172240.325,559319.268],[172237.249,559318.057],[172232.274,559316.455],[172228.905,559315.971],[172225.953,559317.802],[172224.743,559319.633],[172224.333,559323.074],[172223.094,559326.033],[172222.5,559328.611],[172219.341,559331.86],[172216.331,559332.953]],[[172238.55,559307.315],[172226.238,559308.7],[172214.563,559310.124],[172211.573,559310.836],[172209.58,559311.975],[172208.014,559313.398],[172207.159,559314.965],[172206.472,559316.431],[172208.298,559327.067],[172209.437,559329.914],[172211.288,559331.623],[172213.851,559332.477],[172216.699,559332.192],[172218.94,559330.865],[172220.889,559328.276],[172221.779,559325.675],[172222.405,559322.546],[172223.106,559319.094],[172224.968,559316.22],[172228.641,559314.877],[172233.075,559315.049],[172237.773,559317.042],[172239.749,559318.186],[172243.082,559317.265],[172244.753,559315.234],[172246.069,559313.192],[172246.455,559311.12],[172245.032,559308.985],[172242.469,559307.846],[172238.55,559307.315]]]}},{"type":"Feature","properties":{"relatieveHoogteligging":0,"lokaalID":"G1900.65e1be3445e7417ba8e9852b58f76dc0","bgt_status":"bestaand","class":"oever, slootkant","objecttype":"OndersteunendWaterdeel"},"geometry":{"type":"Polygon","coordinates":[[[172156.495,559540.4],[172159.712,559540.784],[172158.915,559543.589],[172157.351,559543.796],[172154.428,559543.796],[172153.985,559548.226],[172154.664,559552.952],[172156.035,559555.315],[172159.678,559558.454],[172160.083,559559.719],[172159.864,559560.361],[172159.425,559560.732],[172158.194,559560.698],[172156.052,559559.331],[172151.194,559554.707],[172150.456,559550.568],[172150.726,559545.151],[172150.22,559544.054],[172149.022,559544.155],[172147.067,559544.32],[172144.654,559546.602],[172141.01,559549.758],[172139.064,559548.778],[172138.882,559547.054],[172141.824,559543.501],[172143.861,559541.847],[172146.724,559540.666],[172156.495,559540.4]],[[172151.184,559540.993],[172147.423,559541.246],[172145.416,559541.82],[172143.78,559542.968],[172139.495,559547.609],[172141.111,559549.016],[172144.535,559545.384],[172145.931,559544.142],[172147.165,559543.641],[172149.16,559543.39],[172150.471,559543.38],[172151.02,559543.896],[172151.34,559545.347],[172151.454,559552.351],[172151.707,559554.157],[172152.331,559554.95],[172154.828,559557.313],[172158.64,559560.317],[172159.331,559560.148],[172159.534,559559.676],[172158.539,559558.376],[172155.486,559555.676],[172154.322,559553.364],[172153.765,559551.254],[172153.259,559547.609],[172153.546,559543.238],[172158.657,559543.069],[172158.859,559541.111],[172151.184,559540.993]]]}},{"type":"Feature","properties":{"relatieveHoogteligging":0,"lokaalID":"G1900.663e88577da94c26a3947c8075794b40","bgt_status":"bestaand","class":"oever, slootkant","objecttype":"OndersteunendWaterdeel"},"geometry":{"type":"Polygon","coordinates":[[[172164.433,559059.744],[172164.249,559059.884],[172163.929,559060.054],[172163.389,559060.194],[172162.869,559060.194],[172162.389,559060.104],[172161.789,559059.744],[172159.469,559057.364],[172158.989,559056.944],[172158.609,559056.594],[172158.219,559056.194],[172157.859,559055.694],[172157.609,559055.154],[172157.449,559054.444],[172157.399,559053.864],[172158.189,559051.094],[172158.339,559050.454],[172158.469,559049.954],[172158.549,559049.394],[172158.569,559048.934],[172158.539,559048.394],[172158.479,559047.914],[172158.109,559046.954],[172157.789,559046.494],[172157.289,559046.004],[172156.759,559045.484],[172156.559,559045.304],[172156.399,559045.044],[172156.259,559044.744],[172156.249,559044.464],[172156.329,559044.084],[172156.489,559043.684],[172156.757,559043.333],[172157.259,559042.824],[172157.719,559042.434],[172158.019,559042.254],[172158.299,559042.134],[172158.619,559042.134],[172158.939,559042.324],[172162.519,559045.284],[172162.959,559045.764],[172163.289,559046.174],[172163.509,559046.634],[172163.629,559047.034],[172163.619,559047.514],[172162.233,559053.431],[172162.159,559053.984],[172162.129,559054.384],[172162.249,559054.804],[172162.549,559055.224],[172163.619,559056.334],[172163.999,559056.674],[172164.369,559057.084],[172164.689,559057.544],[172164.889,559057.964],[172164.961,559058.251],[172164.979,559058.724],[172164.919,559059.124],[172164.669,559059.564],[172164.433,559059.744]],[[172157.29,559044.375],[172157.259,559044.522],[172157.335,559044.657],[172157.428,559044.741],[172157.989,559045.29],[172158.489,559045.78],[172158.61,559045.923],[172158.93,559046.383],[172159.042,559046.595],[172159.412,559047.555],[172159.471,559047.79],[172159.531,559048.27],[172159.567,559048.879],[172159.548,559049.438],[172159.459,559050.096],[172159.437,559050.206],[172159.31,559050.694],[172159.163,559051.322],[172158.411,559053.962],[172158.439,559054.291],[172158.561,559054.831],[172158.726,559055.187],[172158.987,559055.549],[172159.306,559055.877],[172159.657,559056.2],[172160.127,559056.612],[172162.415,559058.953],[172162.75,559059.154],[172162.962,559059.194],[172163.261,559059.194],[172163.564,559059.116],[172163.708,559059.039],[172163.9,559058.893],[172163.958,559058.792],[172163.979,559058.65],[172163.979,559058.447],[172163.943,559058.304],[172163.821,559058.048],[172163.584,559057.707],[172163.292,559057.384],[172162.952,559057.079],[172161.829,559055.918],[172161.735,559055.805],[172161.435,559055.385],[172161.348,559055.238],[172161.287,559055.079],[172161.167,559054.659],[172161.134,559054.486],[172161.132,559054.309],[172161.162,559053.909],[172161.241,559053.298],[172162.621,559047.388],[172162.626,559047.171],[172162.573,559046.996],[172162.437,559046.711],[172162.2,559046.416],[172161.828,559046.011],[172158.411,559043.185],[172158.303,559043.25],[172157.933,559043.564],[172157.56,559043.928],[172157.367,559044.182],[172157.29,559044.375]]]}},{"type":"Feature","properties":{"relatieveHoogteligging":0,"lokaalID":"G1900.69e690905d284a51affeeb5693d7dcde","bgt_status":"bestaand","class":"oever, slootkant","objecttype":"OndersteunendWaterdeel"},"geometry":{"type":"Polygon","coordinates":[[[172345.63,558960.263],[172345.75,558960.2],[172350.4,558958.94],[172353.58,558958.02],[172356.42,558956.97],[172358.02,558955.9],[172359.37,558954.26],[172360.5,558952.83],[172361.48,558951.32],[172362.39,558950.65],[172366.572,558948.595],[172367.176,558949.97],[172362.219,558953.865],[172358.719,558957.603],[172353.091,558959.591],[172349.312,558960.296],[172345.962,558962.135],[172345.63,558960.263]]]}},{"type":"Feature","properties":{"relatieveHoogteligging":0,"lokaalID":"G1900.95573d75b9c64137963408b65f6210c4","bgt_status":"bestaand","class":"oever, slootkant","objecttype":"OndersteunendWaterdeel"},"geometry":{"type":"Polygon","coordinates":[[[172350.714,558988.938],[172350.86,558989.759],[172346.54,558988.88],[172339.87,558987.68],[172338.63,558987.5],[172337.17,558987.34],[172336.09,558987.24],[172334.65,558987.16],[172333.07,558987.11],[172331.17,558987.14],[172329.89,558987.15],[172328.75,558987.24],[172327.45,558987.39],[172326.21,558987.6],[172324.81,558987.85],[172323.47,558988.14],[172322.1,558988.49],[172320.78,558988.9],[172319.3,558989.49],[172317.31,558990.38],[172313.29,558992.35],[172308.29,558994.97],[172301.3,558998.84],[172299.47,559000],[172289.99,559006.01],[172271.4,559017.88],[172270.07,559018.63],[172269.17,559019.36],[172268.76,559019.6],[172268.38,559019.95],[172267.86,559020.41],[172267.43,559020.81],[172267.09,559021.24],[172266.81,559021.84],[172266.6,559022.5],[172266.5,559023.02],[172266.43,559023.96],[172266.47,559024.7],[172266.64,559025.62],[172266.91,559026.72],[172270.36,559036.59],[172270.55,559037.15],[172270.73,559037.71],[172270.82,559038.29],[172270.86,559038.77],[172270.88,559039.37],[172270.89,559039.83],[172270.81,559040.57],[172270.52,559041.11],[172270.12,559041.59],[172269.07,559042.36],[172249.32,559054.39],[172248.82,559054.65],[172248.32,559054.89],[172247.74,559055.12],[172247.17,559055.32],[172246.47,559055.49],[172245.83,559055.61],[172244.91,559055.68],[172244.01,559055.67],[172243.03,559055.59],[172241.79,559055.42],[172240.65,559055.25],[172239.28,559054.92],[172237.08,559054.36],[172234.29,559053.58],[172224.87,559050.65],[172223.17,559050.18],[172222.31,559049.95],[172221.37,559049.78],[172220.19,559049.69],[172219.11,559049.63],[172218.01,559049.54],[172216.63,559049.55],[172215.55,559049.56],[172214.55,559049.55],[172213.65,559049.59],[172212.71,559049.64],[172211.65,559049.83],[172210.71,559049.99],[172209.65,559050.3],[172208.71,559050.61],[172207.84,559051],[172206.7,559051.54],[172205.35,559052.32],[172203.4,559053.69],[172192.89,559060.65],[172181.306,559068.306],[172181.024,559067.395],[172195.823,559057.705],[172206.587,559050.658],[172209.174,559049.512],[172212.66,559048.701],[172217.012,559048.241],[172220.768,559048.484],[172226.795,559050.053],[172232.173,559051.973],[172237.524,559053.541],[172241.146,559054.271],[172243.634,559054.773],[172246.038,559054.65],[172248.767,559053.595],[172252.416,559051.594],[172267.145,559042.752],[172269.334,559041.075],[172270.145,559039.344],[172268.929,559033.72],[172267.01,559028.826],[172265.983,559024.878],[172265.902,559022.282],[172266.658,559020.226],[172268.145,559018.523],[172271.037,559016.873],[172284.387,559008.437],[172301.552,558997.59],[172317.602,558989.4],[172321.602,558987.858],[172325.116,558986.993],[172328.953,558986.479],[172334.007,558986.263],[172338.44,558986.669],[172345.71,558987.912],[172350.714,558988.938]]]}},{"type":"Feature","properties":{"relatieveHoogteligging":0,"lokaalID":"G1900.9edcb504603742c7a728662f02f4272f","bgt_status":"bestaand","class":"oever, slootkant","objecttype":"OndersteunendWaterdeel"},"geometry":{"type":"Polygon","coordinates":[[[172263.945,559630.833],[172264.34,559629.97],[172264.83,559630.51],[172265.92,559631.5],[172267.09,559632.57],[172268.32,559633.38],[172269.42,559633.99],[172270.85,559634.65],[172272.35,559635.16],[172273.75,559635.49],[172274.92,559635.7],[172276.42,559635.7],[172277.84,559635.63],[172279.74,559635.39],[172281.37,559635.06],[172283.09,559634.44],[172284.42,559633.65],[172286.19,559632.49],[172287.98,559631.02],[172290.04,559629.48],[172291.91,559627.88],[172294.27,559626.38],[172296.7,559624.62],[172299.58,559622.93],[172301.77,559621.51],[172304.24,559619.91],[172306.78,559618.55],[172309.27,559617.4],[172312.36,559615.69],[172315.2,559614.17],[172317.87,559612.65],[172320.69,559610.66],[172324.17,559608.65],[172328.77,559605.66],[172335.7,559601.16],[172339.72,559598.6],[172343.82,559596.27],[172346.21,559594.93],[172348.72,559593.78],[172351.16,559592.44],[172353.09,559591.18],[172354.52,559590.09],[172356.37,559588.95],[172358.3,559587.48],[172361.62,559585.47],[172364.58,559583.48],[172367.33,559581.67],[172369.97,559580.17],[172371.88,559578.97],[172373.42,559578.32],[172374.99,559577.66],[172377.24,559576.93],[172379.62,559576.21],[172380.5,559575.98],[172384.27,559574.64],[172389.07,559572.77],[172392.4,559571.34],[172394.32,559570.16],[172395.6,559569.33],[172397.41,559568.05],[172399.71,559566.43],[172402.11,559565.08],[172405.01,559563.95],[172408.72,559562.41],[172411.88,559560.64],[172414.44,559558.67],[172416.07,559556.39],[172416.99,559553.73],[172416.84,559551.79],[172416.44,559549.57],[172415.71,559548.15],[172414.39,559547.56],[172413.23,559547.56],[172412.41,559548.34],[172411.106,559548.318],[172412.774,559547.234],[172414.165,559547.213],[172415.888,559547.67],[172416.697,559549.019],[172417.403,559551.448],[172417.466,559553.732],[172416.591,559556.722],[172415.448,559558.847],[172413.279,559560.544],[172409.773,559562.665],[172407.311,559563.53],[172402.761,559565.422],[172400.021,559567.087],[172397.657,559568.767],[172395.292,559570.448],[172392.406,559572.21],[172389.34,559573.548],[172384.366,559575.327],[172381.279,559576.431],[172375.087,559578.215],[172372.56,559579.716],[172367.7,559582.277],[172362.906,559585.573],[172360.248,559587.189],[172355.648,559589.984],[172352.958,559592.084],[172349.615,559594.09],[172347.071,559595.298],[172342.26,559597.99],[172334.824,559602.526],[172327.084,559607.248],[172323.246,559609.885],[172319.675,559611.957],[172317.522,559613.719],[172314.114,559615.481],[172309.646,559618.027],[172303.873,559620.817],[172301.003,559622.628],[172297.729,559624.694],[172295.116,559626.576],[172292.767,559627.914],[172290.696,559629.791],[172288.332,559631.52],[172284.027,559634.457],[172281.76,559635.534],[172277.977,559636.122],[172273.883,559636.04],[172269.953,559635.061],[172266.724,559632.94],[172264.563,559631.52],[172263.945,559630.833]]]}},{"type":"Feature","properties":{"relatieveHoogteligging":0,"lokaalID":"G1900.de73c044db504badb63642e7f8836b7f","bgt_status":"bestaand","class":"oever, slootkant","objecttype":"OndersteunendWaterdeel"},"geometry":{"type":"Polygon","coordinates":[[[172100.1,559367.072],[172099.286,559366.563],[172097.671,559365.636],[172097.506,559364.989],[172096.517,559360.736],[172098.014,559356.938],[172101.864,559353.434],[172108.71,559347.202],[172112.363,559343.877],[172118.679,559337.412],[172123.277,559333.132],[172129.56,559325.776],[172135.307,559320.32],[172139.493,559317.408],[172143.679,559314.496],[172150.507,559312.074],[172155.64,559310.728],[172163.156,559310.637],[172169.129,559310.564],[172174.903,559310.728],[172177.836,559311.967],[172178.921,559314.366],[172178.708,559315.627],[172178.478,559316.995],[172177.806,559319.227],[172175.53,559320.373],[172172.428,559320.495],[172160.162,559320.816],[172156.4,559320.915],[172153.654,559321.688],[172149.285,559323.873],[172146.016,559326.074],[172141.845,559329.575],[172139.63,559331.944],[172133.948,559337.324],[172127.639,559343.652],[172121.97,559349.337],[172115.402,559357.377],[172111.186,559362.788],[172109.093,559366.044],[172107.077,559367.633],[172104.663,559368.367],[172101.562,559367.985],[172100.1,559367.072]],[[172177.63,559316.13],[172177.62,559315.734],[172177.62,559315.32],[172177.56,559314.84],[172177.51,559314.44],[172177.39,559314.12],[172177.27,559313.86],[172177.15,559313.5],[172176.91,559313.2],[172176.66,559312.98],[172176.44,559312.75],[172176.04,559312.51],[172175.64,559312.33],[172175.24,559312.16],[172174.81,559312],[172174.32,559311.88],[172173.87,559311.74],[172173.21,559311.65],[172172.75,559311.65],[172172.23,559311.62],[172157.75,559312.11],[172154.38,559312.39],[172150.94,559312.93],[172148.03,559313.6],[172145.3,559314.59],[172142.72,559315.94],[172140.32,559317.6],[172138.21,559319.32],[172136.59,559320.84],[172098.76,559359.04],[172098.29,559359.7],[172097.76,559361.29],[172097.81,559362.84],[172098.43,559364.3],[172099.21,559365.3],[172100.3,559366.34],[172101.82,559367.08],[172103.21,559367.32],[172104.53,559367.33],[172105.65,559367.15],[172106.79,559366.68],[172107.72,559365.94],[172114.22,559357.67],[172117.75,559353.3],[172121.12,559349.5],[172124.32,559345.89],[172127.67,559342.39],[172130.88,559339.2],[172133.96,559336.16],[172136.76,559333.52],[172141.98,559328.46],[172144.6,559326.14],[172147.61,559323.74],[172149.03,559322.78],[172151.28,559321.55],[172153.03,559320.84],[172155.16,559320.21],[172156.77,559320],[172158.71,559319.87],[172173.31,559319.31],[172173.57,559319.29],[172173.91,559319.26],[172174.39,559319.24],[172174.73,559319.2],[172175.01,559319.17],[172175.37,559319.13],[172175.63,559319.05],[172175.95,559318.97],[172176.21,559318.81],[172176.49,559318.64],[172176.74,559318.44],[172177.14,559318.1],[172177.28,559317.82],[172177.36,559317.58],[172177.51,559317.04],[172177.63,559316.63],[172177.63,559316.13]]]}},{"type":"Feature","properties":{"relatieveHoogteligging":0,"lokaalID":"G1900.ec9a978880d6416eadd9668e9abca1ab","bgt_status":"bestaand","class":"oever, slootkant","objecttype":"OndersteunendWaterdeel"},"geometry":{"type":"Polygon","coordinates":[[[172051.533,559480.122],[172051.52,559479.983],[172051.493,559478.567],[172051.578,559477.411],[172051.718,559476.331],[172051.761,559476.144],[172051.983,559475.48],[172052.212,559474.638],[172052.369,559474.33],[172052.442,559474.187],[172052.464,559474.028],[172052.59,559473.1],[172052.827,559472.603],[172074.956,559389.212],[172075.202,559388.421],[172075.379,559387.812],[172075.563,559387.175],[172075.769,559386.315],[172076.135,559385.654],[172076.392,559385.14],[172076.61,559384.628],[172076.703,559384.457],[172077.061,559383.931],[172077.608,559383.328],[172078.072,559382.883],[172078.477,559382.46],[172078.578,559382.367],[172078.943,559382.078],[172079.336,559381.786],[172079.696,559381.461],[172080.091,559381.096],[172080.274,559380.962],[172080.765,559380.681],[172081.387,559380.45],[172081.936,559380.389],[172082.439,559380.308],[172083.138,559380.235],[172083.809,559380.168],[172084.417,559380.191],[172084.766,559380.267],[172085.329,559380.503],[172085.769,559380.694],[172086.355,559380.92],[172086.864,559381.232],[172087.336,559381.508],[172087.764,559381.759],[172088.26,559382.002],[172088.35,559382.052],[172088.83,559382.352],[172088.944,559382.435],[172089.384,559382.805],[172089.472,559382.888],[172089.933,559383.384],[172090.27,559383.878],[172090.635,559384.389],[172090.904,559385.073],[172091.072,559385.408],[172091.405,559385.935],[172091.509,559386.792],[172091.53,559387.236],[172091.53,559387.764],[172091.52,559388.184],[172091.52,559388.6],[172091.52,559389.048],[172091.475,559389.515],[172091.453,559389.65],[172091.371,559389.998],[172091.289,559390.49],[172075.145,559451.626],[172075.029,559452.183],[172074.911,559452.584],[172074.827,559452.987],[172074.772,559453.409],[172074.707,559453.654],[172074.518,559454.123],[172074.402,559454.538],[172074.336,559454.853],[172074.269,559455.328],[172074.188,559455.838],[172074.106,559456.351],[172073.983,559456.737],[172073.969,559457.054],[172073.952,559457.198],[172073.873,559457.612],[172073.84,559458.048],[172073.84,559458.462],[172073.83,559458.911],[172073.83,559459.28],[172073.83,559459.752],[172073.821,559460.138],[172073.858,559460.894],[172073.89,559461.282],[172073.96,559461.575],[172074.096,559462.08],[172074.12,559462.201],[172074.19,559462.702],[172074.253,559463.154],[172074.406,559463.519],[172074.584,559463.91],[172074.772,559464.249],[172075.019,559464.732],[172075.17,559465.098],[172075.217,559465.212],[172075.291,559465.311],[172075.479,559465.562],[172075.762,559466.062],[172075.971,559466.404],[172076.242,559466.697],[172076.623,559467.06],[172076.856,559467.31],[172077.237,559467.661],[172077.555,559468.025],[172077.966,559468.354],[172078.32,559468.784],[172078.788,559469.221],[172079.076,559469.586],[172079.386,559469.854],[172079.69,559470.26],[172079.988,559470.657],[172080.178,559471.174],[172080.331,559471.576],[172080.497,559472.165],[172080.55,559472.77],[172080.55,559473.267],[172080.451,559473.772],[172080.416,559474.161],[172080.378,559474.356],[172080.167,559475.063],[172078.068,559476.063],[172077.775,559476.517],[172075.949,559479.35],[172073.092,559483.781],[172070.48,559486.804],[172069.125,559488.138],[172067.933,559489.092],[172067.083,559489.702],[172066.886,559489.813],[172065.873,559490.236],[172065.04,559490.517],[172064.755,559490.569],[172063.842,559490.601],[172062.906,559490.534],[172061.785,559490.358],[172061.684,559490.337],[172060.604,559490.051],[172059.143,559489.462],[172057.555,559488.79],[172056.103,559488.007],[172055.057,559487.235],[172054.905,559487.097],[172054.118,559486.217],[172053.359,559485.219],[172052.545,559484.13],[172052.139,559482.806],[172051.753,559481.46],[172051.533,559480.122]],[[172073.69,559464.36],[172073.49,559463.92],[172073.28,559463.42],[172073.2,559462.84],[172073.13,559462.34],[172072.99,559461.82],[172072.9,559461.44],[172072.86,559460.96],[172072.82,559460.15],[172072.83,559459.74],[172072.83,559459.28],[172072.83,559458.9],[172072.84,559458.44],[172072.84,559458.01],[172072.88,559457.48],[172072.97,559457.01],[172072.99,559456.56],[172073.13,559456.12],[172073.2,559455.68],[172073.28,559455.18],[172073.35,559454.68],[172073.43,559454.3],[172073.57,559453.8],[172073.78,559453.28],[172073.84,559452.82],[172073.94,559452.34],[172074.07,559451.9],[172074.17,559451.4],[172090.31,559390.28],[172090.39,559389.8],[172090.48,559389.42],[172090.52,559389],[172090.52,559388.6],[172090.52,559388.16],[172090.53,559387.74],[172090.53,559387.26],[172090.51,559386.84],[172090.44,559386.28],[172090.2,559385.9],[172089.99,559385.48],[172089.75,559384.87],[172089.45,559384.45],[172089.15,559384.01],[172088.74,559383.57],[172088.3,559383.2],[172087.82,559382.9],[172087.29,559382.64],[172086.83,559382.37],[172086.35,559382.09],[172085.91,559381.82],[172085.39,559381.62],[172084.93,559381.42],[172084.38,559381.19],[172083.84,559381.17],[172083.24,559381.23],[172082.57,559381.3],[172082.07,559381.38],[172081.62,559381.43],[172081.19,559381.59],[172080.77,559381.83],[172080.37,559382.2],[172079.97,559382.56],[172079.54,559382.88],[172079.2,559383.15],[172078.78,559383.59],[172078.3,559384.05],[172077.85,559384.55],[172077.53,559385.02],[172077.3,559385.56],[172077.02,559386.12],[172076.71,559386.68],[172076.53,559387.43],[172076.34,559388.09],[172076.16,559388.71],[172075.91,559389.51],[172053.77,559472.95],[172053.56,559473.39],[172053.41,559474.49],[172053.15,559475],[172052.94,559475.77],[172052.71,559476.46],[172052.57,559477.54],[172052.49,559478.64],[172052.52,559479.96],[172052.73,559481.24],[172053.1,559482.53],[172053.45,559483.67],[172054.16,559484.62],[172054.89,559485.58],[172055.65,559486.43],[172056.64,559487.16],[172058.03,559487.91],[172059.53,559488.54],[172060.92,559489.1],[172061.94,559489.37],[172063.02,559489.54],[172063.86,559489.6],[172064.72,559489.57],[172065.52,559489.3],[172066.5,559488.89],[172067.35,559488.28],[172068.46,559487.39],[172069.75,559486.12],[172072.29,559483.18],[172075.109,559478.808],[172076.935,559475.975],[172077.382,559475.282],[172079.336,559474.351],[172079.42,559474.07],[172079.46,559473.63],[172079.55,559473.17],[172079.55,559472.77],[172079.51,559472.35],[172079.38,559471.89],[172079.24,559471.52],[172079.1,559471.14],[172078.89,559470.86],[172078.65,559470.54],[172078.35,559470.28],[172078.05,559469.9],[172077.59,559469.47],[172077.26,559469.07],[172076.86,559468.75],[172076.52,559468.36],[172076.15,559468.02],[172075.89,559467.74],[172075.53,559467.4],[172075.17,559467.01],[172074.9,559466.57],[172074.64,559466.11],[172074.34,559465.71],[172074.11,559465.15],[172073.89,559464.72],[172073.69,559464.36]]]}},{"type":"Feature","properties":{"relatieveHoogteligging":0,"lokaalID":"G1900.fcb1c743626d474ab088a512fc549e48","bgt_status":"bestaand","class":"oever, slootkant","objecttype":"OndersteunendWaterdeel"},"geometry":{"type":"Polygon","coordinates":[[[172535.799,559815.882],[172536.02,559806.996],[172535.98,559800.138],[172536.097,559797.697],[172535.896,559795.306],[172535.629,559792.585],[172535.367,559790.469],[172535.19,559788.133],[172534.699,559785.474],[172533.557,559780.171],[172532.038,559773.774],[172530.97,559768.909],[172530.67,559767.309],[172530.67,559766.129],[172530.864,559764.335],[172531.609,559762.66],[172532.519,559761.174],[172533.785,559759.503],[172535.8,559758.544],[172538.066,559757.645],[172539.922,559757.417],[172541.793,559757.676],[172543.245,559758.362],[172544.598,559758.893],[172545.757,559759.114],[172546.503,559759.19],[172547.879,559759.018],[172551.776,559758.663],[172558.068,559758.364],[172561.639,559758.956],[172564.032,559760.359],[172565.543,559762],[172566.133,559763.583],[172566.676,559765.402],[172566.624,559767.195],[172566.229,559768.705],[172565.839,559769.699],[172565.629,559770.646],[172564.964,559772.067],[172564.218,559773.486],[172562.963,559774.716],[172561.752,559775.571],[172560.143,559776.158],[172558.613,559776.867],[172557.019,559777.76],[172555.935,559778.403],[172554.682,559779.372],[172553.937,559780.413],[172553.085,559782.01],[172552.11,559783.628],[172551.31,559785.399],[172550.65,559787.039],[172550.016,559789.235],[172549.418,559792.034],[172549.059,559794.532],[172548.87,559796.392],[172548.879,559798.025],[172549.274,559800.105],[172550.152,559802.672],[172550.906,559805.827],[172551.938,559809.8],[172553.258,559813.7],[172554.921,559819.129],[172556.008,559825.287],[172556.975,559831.103],[172557.506,559835.309],[172557.314,559838.594],[172556.911,559841.302],[172556.379,559844.284],[172555.593,559847.613],[172554.884,559850.166],[172553.736,559852.147],[172552.637,559853.721],[172551.061,559854.669],[172549.835,559855.119],[172548.833,559855.315],[172548.205,559855.381],[172547.495,559855.464],[172545.832,559855.392],[172544.1,559854.98],[172542.4,559854.365],[172540.627,559853.148],[172539.389,559851.91],[172538.201,559850.296],[172537.455,559848.675],[172536.641,559847.135],[172536.354,559845.866],[172536.037,559844.315],[172535.801,559839.054],[172535.628,559832.845],[172535.862,559829.72],[172535.981,559826.005],[172536.07,559822.763],[172536.021,559819.984],[172535.799,559815.882]],[[172537.3,559815.86],[172537.52,559819.93],[172537.57,559822.77],[172537.48,559826.05],[172537.36,559829.8],[172537.13,559832.88],[172537.3,559839],[172537.53,559844.13],[172537.82,559845.55],[172538.06,559846.61],[172538.8,559848.01],[172539.5,559849.53],[172540.53,559850.93],[172541.59,559851.99],[172543.09,559853.02],[172544.53,559853.54],[172546.04,559853.9],[172547.44,559853.96],[172548.04,559853.89],[172548.61,559853.83],[172549.43,559853.67],[172550.41,559853.31],[172551.59,559852.6],[172552.47,559851.34],[172553.49,559849.58],[172554.14,559847.24],[172554.91,559843.98],[172555.43,559841.06],[172555.82,559838.44],[172556,559835.36],[172555.49,559831.32],[172554.53,559825.54],[172553.46,559819.48],[172551.83,559814.16],[172550.5,559810.23],[172549.45,559806.19],[172548.71,559803.09],[172547.82,559800.49],[172547.38,559798.17],[172547.37,559796.32],[172547.57,559794.35],[172547.94,559791.77],[172548.56,559788.87],[172549.23,559786.55],[172549.93,559784.81],[172550.78,559782.93],[172551.78,559781.27],[172552.66,559779.62],[172553.59,559778.32],[172555.09,559777.16],[172556.27,559776.46],[172557.93,559775.53],[172559.57,559774.77],[172561.05,559774.23],[172562,559773.56],[172563,559772.58],[172563.62,559771.4],[172564.2,559770.16],[172564.4,559769.26],[172564.8,559768.24],[172565.13,559766.98],[172565.17,559765.6],[172564.71,559764.06],[172564.24,559762.8],[172563.08,559761.54],[172561.12,559760.39],[172557.98,559759.87],[172551.88,559760.16],[172548.04,559760.51],[172546.52,559760.7],[172545.54,559760.6],[172544.18,559760.34],[172542.65,559759.74],[172541.36,559759.13],[172539.91,559758.93],[172538.44,559759.11],[172536.4,559759.92],[172534.76,559760.7],[172533.76,559762.02],[172532.94,559763.36],[172532.33,559764.73],[172532.17,559766.21],[172532.17,559767.17],[172532.44,559768.61],[172533.5,559773.44],[172535.02,559779.84],[172536.17,559785.18],[172536.68,559787.94],[172536.86,559790.32],[172537.12,559792.42],[172537.39,559795.17],[172537.6,559797.67],[172537.48,559800.17],[172537.52,559807.01],[172537.3,559815.86]]]}},{"type":"Feature","properties":{"relatieveHoogteligging":0,"lokaalID":"W0653.3a993f587a0547fbac4b9888bed98dca","bgt_status":"bestaand","class":"oever, slootkant","objecttype":"OndersteunendWaterdeel"},"geometry":{"type":"Polygon","coordinates":[[[172250.29,559675.601],[172237.372,559683.729],[172219.799,559696.228],[172217.834,559693.822],[172218.906,559692.874],[172220.445,559692.09],[172226.458,559686.773],[172240.332,559677.342],[172249.982,559671.157],[172254.849,559668.163],[172261.476,559664.131],[172266.113,559660.223],[172276.572,559653.086],[172278.43,559651.048],[172282.468,559648.338],[172283.715,559650.177],[172284.141,559652.324],[172276.437,559657.824],[172258.991,559671.251],[172252.73,559674.066],[172251.278,559674.98],[172250.29,559675.601]],[[172256.032,559668.894],[172251.743,559671.569],[172242.34,559677.436],[172235.077,559682.485],[172228.295,559687.2],[172222.097,559692.03],[172220.384,559693.14],[172220.172,559693.711],[172220.417,559694.054],[172221.722,559693.531],[172224.2,559691.459],[172226.261,559689.737],[172232.696,559685.112],[172240.491,559679.907],[172248.564,559674.833],[172258.266,559669.954],[172261.088,559668.747],[172264.529,559665.826],[172266.355,559664.031],[172269.519,559661.747],[172272.426,559659.648],[172277.225,559656.182],[172279.548,559654.143],[172280.477,559653.409],[172282.499,559651.892],[172283.196,559651.369],[172282.76,559650.489],[172281.945,559649.787],[172280.972,559650.918],[172275.797,559654.519],[172271.872,559657.25],[172267.969,559659.61],[172265.001,559662.204],[172261.903,559664.912],[172258.919,559666.789],[172256.032,559668.894]]]}},{"type":"Feature","properties":{"relatieveHoogteligging":0,"lokaalID":"W0653.6cb02da291dd4af493837d2377b1fbc0","bgt_status":"bestaand","class":"oever, slootkant","objecttype":"OndersteunendWaterdeel"},"geometry":{"type":"Polygon","coordinates":[[[172162.501,558738.778],[172162.711,558741.041],[172162.242,558741.777],[172159.927,558745.413],[172151.753,558755.249],[172144.811,558764.275],[172140.292,558770.15],[172133.12,558779.476],[172130.847,558782.431],[172123.599,558787.367],[172118.518,558790.828],[172114.262,558795.934],[172105.715,558806.189],[172099.722,558813.379],[172087.237,558828.359],[172075.452,558842.501],[172063.666,558856.642],[172056.821,558864.854],[172050.45,558873.427],[172047.913,558878.151],[172047.244,558881.183],[172047.878,558883.792],[172048.833,558887.721],[172051.225,558892.501],[172051.754,558896.344],[172052.011,558898.217],[172050.591,558901.033],[172047.878,558904.664],[172046.116,558906.215],[172043.015,558907.872],[172036.673,558912.879],[172034.277,558915.417],[172029.626,558920.882],[172021.698,558929.625],[172017.258,558933.75],[172011.688,558938.925],[172010.07,558939.039],[172008.061,558938.58],[172003.701,558935.553],[172004.358,558934.792],[172008.473,558937.648],[172010.148,558938.031],[172011.266,558937.952],[172016.577,558933.018],[172020.986,558928.922],[172028.874,558920.222],[172033.532,558914.749],[172035.996,558912.139],[172042.465,558907.032],[172045.542,558905.388],[172047.139,558903.982],[172049.737,558900.504],[172050.978,558898.044],[172050.763,558896.48],[172050.257,558892.801],[172047.888,558888.067],[172046.906,558884.029],[172046.217,558881.194],[172046.966,558877.8],[172049.604,558872.889],[172056.035,558864.236],[172062.898,558856.001],[172074.684,558841.86],[172086.469,558827.719],[172098.954,558812.739],[172104.947,558805.549],[172113.494,558795.294],[172117.839,558790.08],[172123.036,558786.541],[172130.152,558781.695],[172132.328,558778.866],[172139.5,558769.54],[172144.018,558763.665],[172150.971,558754.624],[172159.118,558744.822],[172161.684,558740.792],[172161.481,558738.607],[172162.501,558738.778]]]}},{"type":"Feature","properties":{"relatieveHoogteligging":0,"lokaalID":"W0653.86293e7a928c4431a1fb95a174d3c3d5","bgt_status":"bestaand","class":"oever, slootkant","objecttype":"OndersteunendWaterdeel"},"geometry":{"type":"Polygon","coordinates":[[[172101.619,558826.278],[172101.062,558827.121],[172099.401,558825.647],[172096.869,558825.306],[172095.608,558825.929],[172088.671,558834.079],[172083.965,558839.608],[172076.391,558848.508],[172072.519,558853.058],[172068.176,558857.261],[172065.333,558860.45],[172062.743,558864.582],[172053.416,558876.551],[172052.132,558878.889],[172051.281,558880.957],[172051.76,558883.412],[172056.427,558895.481],[172054.763,558901.647],[172052.024,558906.942],[172045.11,558911.577],[172040.871,558914.88],[172036.741,558918.663],[172029.489,558926.905],[172021.652,558935.81],[172013.301,558942.845],[172006.548,558947.178],[172004.808,558947.303],[172004.494,558946.94],[172003.103,558945.337],[172004.74,558942.682],[172005.466,558941.503],[172000.96,558938.725],[172001.622,558937.959],[172006.842,558941.177],[172005.591,558943.207],[172004.34,558945.236],[172005.236,558946.27],[172006.223,558946.199],[172012.706,558942.039],[172020.951,558935.093],[172028.738,558926.244],[172036.026,558917.962],[172040.225,558914.116],[172044.524,558910.767],[172051.254,558906.254],[172053.826,558901.283],[172055.376,558895.536],[172050.796,558883.69],[172050.242,558880.855],[172051.229,558878.457],[172052.578,558875.999],[172061.923,558864.007],[172064.53,558859.847],[172067.455,558856.568],[172071.789,558852.373],[172075.629,558847.86],[172083.204,558838.96],[172087.909,558833.431],[172094.98,558825.123],[172096.7,558824.274],[172099.836,558824.697],[172101.619,558826.278]]]}},{"type":"Feature","properties":{"relatieveHoogteligging":0,"lokaalID":"W0653.fc3322be2eb64a4f8366a5e7fd5c98d6","bgt_status":"bestaand","class":"oever, slootkant","objecttype":"OndersteunendWaterdeel"},"geometry":{"type":"Polygon","coordinates":[[[172775.78,559493.123],[172775.865,559493.789],[172774.208,559493.857],[172766.58,559495.245],[172755.767,559497.212],[172747.443,559498.727],[172701.329,559498.727],[172680.796,559500.309],[172669.689,559501.424],[172656.493,559502.749],[172642.777,559505.02],[172636.866,559505.304],[172633.433,559504.906],[172629.582,559505.352],[172622.63,559506.156],[172616.695,559505.345],[172611.704,559506.251],[172595.654,559509.163],[172580.111,559512.97],[172564.078,559516.898],[172551.024,559519.312],[172543.882,559521.962],[172541.045,559524.091],[172538.207,559526.22],[172532.295,559527.924],[172527.385,559529.544],[172526.951,559530.006],[172526.951,559530.418],[172527.205,559530.805],[172527.884,559530.959],[172529.089,559530.588],[172531.838,559530.063],[172534.744,559529.508],[172537.14,559529.05],[172543.899,559527.328],[172550.555,559525.381],[172558.771,559523.264],[172564.115,559522.183],[172572.917,559520.066],[172579.095,559518.289],[172584.994,559517.516],[172592.453,559515.646],[172604.515,559512.927],[172618.198,559510.903],[172628.174,559509.852],[172629.842,559509.914],[172633.795,559508.708],[172639.818,559507.565],[172647.185,559506.561],[172655.833,559505.124],[172662.412,559504.521],[172672.205,559503.624],[172680.002,559502.636],[172684.064,559502.404],[172687.04,559502.234],[172693.253,559502.079],[172702.581,559501.106],[172710.225,559501.013],[172714.857,559500.957],[172723.074,559501.384],[172730.876,559501.79],[172735.321,559501.832],[172739.815,559501.678],[172744.409,559501.152],[172747.625,559500.503],[172752.197,559499.581],[172760.679,559498.475],[172762.913,559498.066],[172763.059,559498.219],[172763.355,559498.358],[172763.685,559498.28],[172764.019,559498.048],[172764.356,559497.817],[172764.584,559497.761],[172764.684,559497.742],[172765.271,559497.635],[172769.841,559496.799],[172776.213,559496.53],[172776.432,559498.262],[172773.401,559498.66],[172771.918,559499.006],[172770.235,559499.946],[172769.89,559500],[172769.233,559500.103],[172755.919,559502.269],[172734.014,559504.789],[172728.32,559504.444],[172716.466,559503.726],[172716.422,559503.723],[172711.673,559502.761],[172700.299,559502.197],[172696.318,559502.432],[172683.073,559503.441],[172665.948,559505.172],[172638.401,559508.823],[172606.251,559513.861],[172579.36,559519.598],[172557.827,559524.226],[172544.701,559527.873],[172538.751,559529.526],[172527.217,559531.956],[172526.494,559531.991],[172525.692,559531.823],[172525.408,559531.375],[172525.283,559530.635],[172525.318,559530.155],[172525.546,559529.486],[172525.567,559529.425],[172526.666,559529.035],[172527.455,559528.754],[172532.133,559527.519],[172533.514,559527.154],[172537.813,559524.746],[172540.335,559521.962],[172542.653,559520.535],[172544.774,559519.229],[172550.72,559517.302],[172558.78,559515.991],[172569.091,559514.489],[172576.152,559512.569],[172582.448,559509.742],[172590.307,559507.176],[172600.56,559504.977],[172607.349,559503.957],[172611.264,559503.854],[172615.997,559504.42],[172620.514,559505.173],[172625.796,559504.693],[172631.735,559504.219],[172638.081,559504.337],[172644.641,559503.448],[172658.115,559501.651],[172675.473,559500],[172678.627,559499.7],[172679.338,559499.167],[172679.555,559498.754],[172679.651,559498.199],[172680.626,559498.198],[172681.904,559498.195],[172684.252,559498.19],[172685.068,559498.189],[172704.838,559497.475],[172711.509,559497.481],[172716.518,559497.754],[172725.288,559497.853],[172731.605,559497.985],[172736.624,559497.954],[172741.613,559497.617],[172756.179,559496.092],[172760.978,559495.02],[172763.468,559494.724],[172771.618,559493.506],[172773.386,559493.343],[172775.78,559493.123]]]}},{"type":"Feature","properties":{"relatieveHoogteligging":0,"lokaalID":"G1900.18e0c47a00d84cfeb8799605e5e5d263","bgt_status":"bestaand","class":"oever, slootkant","objecttype":"OndersteunendWaterdeel"},"geometry":{"type":"Polygon","coordinates":[[[172202.302,559778.541],[172167.617,559812.825],[172141.25,559837.948],[172139.47,559839.776],[172138.538,559839.08],[172184.072,559792.959],[172199.621,559778.447],[172202.302,559778.541]]]}},{"type":"Feature","properties":{"relatieveHoogteligging":0,"lokaalID":"G1900.6e0d591280414571b537177750375804","bgt_status":"bestaand","class":"oever, slootkant","objecttype":"OndersteunendWaterdeel"},"geometry":{"type":"Polygon","coordinates":[[[172355.36,559686.676],[172352.692,559688.355],[172349.578,559690.948],[172346.418,559693.481],[172345.729,559694.292],[172344.606,559694.282],[172344.398,559694.12],[172342.415,559695.574],[172335.776,559699.723],[172333.677,559701.264],[172333.672,559701.434],[172333.534,559702.68],[172331.5,559703.728],[172331.077,559703.264],[172323.414,559708.536],[172313.587,559715.066],[172304.699,559720.956],[172294.953,559727.932],[172281.857,559737.657],[172269.505,559746.723],[172261.91,559752.408],[172252.08,559761.69],[172246.89,559766.081],[172243.94,559768.86],[172242.978,559769.766],[172241.884,559771.457],[172241.221,559772.262],[172241.209,559772.277],[172240.917,559772.614],[172240.797,559772.71],[172241.054,559773.896],[172241.296,559774.408],[172240.782,559774.917],[172240.693,559773.976],[172240.327,559773.449],[172239.888,559773.263],[172239.742,559772.888],[172239.858,559772.344],[172241.075,559770.865],[172242.205,559769.121],[172246.224,559765.335],[172251.414,559760.944],[172261.265,559751.642],[172268.911,559745.919],[172281.267,559736.85],[172294.363,559727.124],[172304.132,559720.132],[172313.027,559714.237],[172322.853,559707.708],[172331.229,559701.946],[172331.723,559702.488],[172332.599,559702.037],[172332.673,559701.365],[172332.691,559700.748],[172335.214,559698.895],[172341.854,559694.746],[172344.416,559692.867],[172344.954,559693.285],[172345.27,559693.288],[172345.718,559692.76],[172348.945,559690.174],[172352.103,559687.544],[172358.181,559683.72],[172362.984,559680.28],[172369.895,559676.356],[172370.913,559675.989],[172373.173,559675.023],[172375.076,559673.766],[172378.491,559671.676],[172383.013,559668.992],[172390.743,559664.958],[172397.294,559661.463],[172403.957,559658.07],[172406.891,559656.658],[172407.329,559657.182],[172407.985,559657.347],[172408.735,559656.561],[172409.24,559655.766],[172409.695,559655.107],[172414.807,559652.257],[172421.561,559648.715],[172423.576,559647.958],[172426.475,559646.547],[172431.57,559643.697],[172434.936,559642.08],[172437.62,559640.816],[172440.51,559639.538],[172442.278,559638.497],[172444.552,559637.542],[172447.153,559636.633],[172449.7,559635.81],[172450.631,559635.646],[172451.376,559635.541],[172452.03,559635.529],[172452.791,559635.195],[172453.337,559634.712],[172454.453,559634.527],[172454.753,559634.934],[172455.467,559634.861],[172456.729,559634.377],[172457.862,559634.087],[172458.403,559633.7],[172459.138,559633.628],[172460.113,559633.673],[172460.663,559633.295],[172461.025,559632.971],[172462.603,559632.583],[172464.315,559632.255],[172465.848,559632.345],[172464.381,559633.26],[172462.817,559633.56],[172461.505,559633.883],[172461.282,559634.083],[172460.403,559634.687],[172459.164,559634.631],[172458.766,559634.669],[172458.291,559635.009],[172457.034,559635.331],[172455.701,559635.843],[172454.285,559635.987],[172454.011,559635.614],[172453.785,559635.651],[172453.337,559636.047],[172452.249,559636.524],[172451.455,559636.54],[172450.787,559636.634],[172449.942,559636.783],[172447.472,559637.581],[172444.911,559638.476],[172442.727,559639.393],[172440.968,559640.429],[172438.036,559641.726],[172435.366,559642.983],[172433.519,559643.87],[172432.031,559644.585],[172426.938,559647.434],[172423.972,559648.878],[172421.971,559649.63],[172415.283,559653.137],[172410.386,559655.866],[172410.074,559656.319],[172409.526,559657.181],[172408.306,559658.459],[172406.77,559658.072],[172406.623,559657.896],[172404.4,559658.966],[172397.757,559662.35],[172395.363,559663.627],[172391.209,559665.843],[172383.5,559669.866],[172379.007,559672.533],[172375.613,559674.61],[172373.649,559675.907],[172371.279,559676.92],[172370.315,559677.267],[172363.523,559681.123],[172358.739,559684.551],[172355.36,559686.676]]]}},{"type":"Feature","properties":{"relatieveHoogteligging":0,"lokaalID":"G1900.bccc136528994295a0b56cbf9d089f36","bgt_status":"bestaand","class":"oever, slootkant","objecttype":"OndersteunendWaterdeel"},"geometry":{"type":"Polygon","coordinates":[[[172202.302,559778.541],[172199.621,559778.447],[172217.396,559762.446],[172232.424,559749.929],[172260.611,559729.486],[172281.11,559714.853],[172308.431,559694.856],[172334.073,559676.356],[172359.278,559659.059],[172393.117,559639.471],[172395.706,559637.972],[172396.155,559637.713],[172396.623,559638.187],[172397.09,559638.661],[172397.504,559639.081],[172395.625,559640.15],[172377.662,559650.375],[172361.357,559660.811],[172352.785,559666.029],[172341.697,559673.327],[172328.529,559682.669],[172319.702,559688.799],[172300.442,559702.811],[172287.129,559712.408],[172269.876,559724.924],[172255.212,559735.726],[172240.221,559746.271],[172233.619,559751.343],[172219.229,559763.385],[172205.505,559775.375],[172202.302,559778.541]]]}},{"type":"Feature","properties":{"relatieveHoogteligging":0,"lokaalID":"G1900.d05517f8aa26498f9ccee308f11afee1","bgt_status":"bestaand","class":"oever, slootkant","objecttype":"OndersteunendWaterdeel"},"geometry":{"type":"Polygon","coordinates":[[[172412.539,559630.62],[172412.609,559630.698],[172413.569,559631.418],[172414.839,559631.997],[172416.25,559632.473],[172415.815,559632.713],[172412.567,559632.888],[172412.423,559632.896],[172410.107,559633.469],[172409.906,559631.765],[172412.539,559630.62]]]}},{"type":"Feature","properties":{"relatieveHoogteligging":0,"lokaalID":"W0653.8f2e1342c10a43c085656df92307479b","bgt_status":"bestaand","class":"oever, slootkant","objecttype":"OndersteunendWaterdeel"},"geometry":{"type":"Polygon","coordinates":[[[172453.886,559554.494],[172454.235,559554.485],[172455.283,559554.785],[172455.866,559555.515],[172455.971,559555.647],[172456.188,559556.78],[172456.152,559557.762],[172455.486,559558.432],[172442.127,559563.515],[172420.271,559573.624],[172420.245,559573.636],[172394.654,559585.495],[172374.009,559596.354],[172370.52,559598.189],[172370.509,559598.195],[172370.412,559598.246],[172368.347,559599.412],[172352.4,559608.383],[172334.89,559619.376],[172314.794,559632.19],[172297.383,559642.626],[172287.741,559649.199],[172286.549,559647.994],[172285.61,559646.34],[172287.581,559644.274],[172292.826,559641.189],[172310.129,559629.376],[172328.245,559617.412],[172347.583,559605.843],[172367.344,559594.642],[172391.238,559582.823],[172418.35,559569.414],[172437.615,559560.421],[172451.825,559554.934],[172452.898,559554.52],[172453.886,559554.494]],[[172412.752,559573.106],[172404.613,559577.245],[172396.217,559581.133],[172385.388,559586.534],[172376.812,559590.812],[172366.195,559596.373],[172357.071,559601.337],[172349.21,559606.02],[172342.492,559610.023],[172325.161,559620.348],[172314.818,559627.505],[172301.947,559636.042],[172290.203,559643.833],[172287.899,559645.702],[172287.002,559646.697],[172287.132,559647.546],[172287.784,559647.921],[172288.002,559647.907],[172293.204,559644.595],[172301.684,559638.835],[172312.203,559632.358],[172321.322,559626.742],[172328.64,559621.98],[172330.923,559620.74],[172333.206,559619.5],[172335.799,559617.754],[172340.715,559614.444],[172343.3,559612.704],[172349.041,559609.335],[172355.841,559605.109],[172363.624,559600.806],[172368.626,559598.153],[172380.498,559591.858],[172386.563,559588.851],[172408.08,559578.183],[172420.054,559572.592],[172431.958,559566.75],[172445.008,559560.966],[172448.873,559559.612],[172451.328,559558.623],[172452.734,559557.903],[172453.135,559556.664],[172452.175,559555.425],[172451.656,559555.638],[172446.786,559557.638],[172440.703,559559.808],[172432.973,559563.463],[172422.635,559568.08],[172412.752,559573.106]]]}},{"type":"Feature","properties":{"relatieveHoogteligging":0,"lokaalID":"G1900.a8b6d571e32d496392333506c4a7d989","bgt_status":"bestaand","class":"oever, slootkant","objecttype":"OndersteunendWaterdeel"},"geometry":{"type":"Polygon","coordinates":[[[172595.576,558650.961],[172585.875,558660.668],[172573.959,558673.223],[172562.398,558686.935],[172550.284,558700.613],[172540.126,558712.083],[172530.547,558722.232],[172521.053,558733.455],[172513.857,558741.961],[172510.151,558745.742],[172499.569,558756.542],[172492.525,558764.748],[172490.829,558766.943],[172490.021,558768.98],[172490.166,558770.362],[172522.22,558799.01],[172527.141,558803.31],[172527.89,558805.536],[172527.589,558806.56],[172527.274,558807.63],[172524.896,558806.93],[172490.616,558775.752],[172487.497,558773.619],[172486.595,558773.662],[172484.683,558774.768],[172460.077,558801.595],[172437.686,558826.519],[172408.501,558860.289],[172385.68,558883],[172353.938,558918.523],[172332.98,558941.158],[172310.001,558968.045],[172294.645,558985.002],[172293.535,558985.688],[172293.071,558985.677],[172292.648,558985.667],[172291.435,558985.118],[172291.265,558982.653],[172294.507,558979.332],[172301.116,558971.278],[172305.302,558966.768],[172314.118,558957.272],[172319.986,558950.003],[172326.674,558941.717],[172339.512,558928.52],[172353.775,558911.991],[172364.531,558900.313],[172379.445,558884.121],[172390.012,558873.269],[172404.355,558857.696],[172417.772,558843.128],[172424.168,558836.184],[172437.371,558820.63],[172446.694,558809.648],[172460.134,558794.876],[172466.076,558788.345],[172475.391,558778.106],[172482.189,558771.199],[172482.834,558770.315],[172482.293,558767.772],[172467.969,558755.647],[172454.05,558743.108],[172442.045,558732.293],[172432.129,558723.36],[172426.461,558717.83],[172416.096,558708.764],[172410.963,558703.593],[172408.353,558701.459],[172406.314,558701.283],[172399.735,558708.844],[172390.257,558717.307],[172387.441,558720.191],[172378.447,558729.403],[172373.809,558733.094],[172366.602,558741.002],[172363.08,558745.724],[172353.826,558755.977],[172347.154,558762.299],[172339.79,558769.914],[172325.691,558786.272],[172317.399,558796.616],[172312.077,558802.373],[172307.482,558808.05],[172301.607,558815.31],[172295.604,558821.599],[172293.73,558823.746],[172293.015,558823.044],[172294.866,558820.924],[172300.856,558814.649],[172306.705,558807.421],[172311.32,558801.718],[172316.641,558795.963],[172324.922,558785.633],[172339.051,558769.239],[172346.451,558761.588],[172353.11,558755.278],[172362.307,558745.089],[172365.83,558740.364],[172373.124,558732.361],[172377.775,558728.659],[172386.725,558719.493],[172389.565,558716.584],[172399.022,558708.14],[172405.893,558700.243],[172408.747,558700.49],[172411.637,558702.852],[172416.781,558708.035],[172427.14,558717.095],[172432.813,558722.631],[172442.714,558731.55],[172454.72,558742.365],[172468.626,558754.894],[172483.2,558767.229],[172483.905,558770.543],[172482.954,558771.848],[172476.118,558778.793],[172466.816,558789.018],[172460.874,558795.549],[172447.445,558810.308],[172438.134,558821.277],[172424.917,558836.846],[172418.508,558843.805],[172405.091,558858.373],[172390.738,558873.957],[172380.171,558884.808],[172365.266,558900.991],[172354.522,558912.657],[172340.249,558929.196],[172327.423,558942.381],[172320.764,558950.631],[172314.875,558957.927],[172306.035,558967.448],[172301.869,558971.936],[172295.253,558979.999],[172292.293,558983.031],[172292.391,558984.453],[172292.874,558984.672],[172293.369,558984.683],[172293.691,558984.566],[172309.25,558967.385],[172332.233,558940.493],[172353.198,558917.85],[172384.954,558882.312],[172407.769,558859.607],[172436.935,558825.858],[172459.336,558800.923],[172484.05,558773.979],[172486.305,558772.674],[172487.785,558772.604],[172491.238,558774.966],[172525.399,558806.035],[172526.597,558806.388],[172526.842,558805.556],[172526.28,558803.885],[172521.558,558799.76],[172489.212,558770.85],[172489.001,558768.84],[172489.952,558766.443],[172491.749,558764.116],[172498.831,558755.866],[172509.437,558745.043],[172513.117,558741.287],[172520.29,558732.809],[172529.801,558721.566],[172539.388,558711.408],[172549.535,558699.95],[172561.642,558686.281],[172573.214,558672.556],[172585.159,558659.97],[172595.379,558649.744],[172593.574,558648.139],[172586.744,558655.88],[172573.637,558669.877],[172566.871,558677.809],[172559.56,558686.382],[172549.571,558697.13],[172541.22,558707.213],[172534.631,558714.088],[172523.884,558726.357],[172511.939,558739.19],[172501.501,558750.404],[172489.529,558764.786],[172487.098,558766.654],[172484.807,558766.055],[172482.165,558763.869],[172472.334,558754.738],[172449.995,558735.382],[172410.633,558699.589],[172409.042,558697.675],[172409.042,558695.862],[172410.19,558694.089],[172414.418,558688.206],[172429.401,558670.874],[172435.954,558661.848],[172439.654,558657.759],[172449.119,558647.296],[172454.594,558642.14],[172464.812,558629.801],[172480.178,558611.246],[172487.273,558602.678],[172496.283,558594.414],[172497.254,558594.88],[172487.999,558603.369],[172480.948,558611.884],[172465.583,558630.439],[172455.325,558642.826],[172449.834,558647.997],[172440.396,558658.43],[172436.732,558662.479],[172430.185,558671.496],[172415.204,558688.826],[172411.016,558694.653],[172410.042,558696.157],[172410.042,558697.314],[172411.357,558698.896],[172450.659,558734.634],[172473.002,558753.993],[172482.824,558763.117],[172485.274,558765.144],[172486.877,558765.563],[172488.832,558764.061],[172500.75,558749.743],[172511.207,558738.509],[172523.142,558725.687],[172533.893,558713.412],[172540.473,558706.547],[172548.819,558696.47],[172558.813,558685.717],[172566.11,558677.16],[172572.891,558669.21],[172586.004,558655.207],[172590.557,558650.048],[172592.926,558647.781],[172593.667,558647.728],[172594.567,558648.469],[172595.678,558649.633],[172595.89,558649.951],[172595.576,558650.961]]]}},{"type":"Feature","properties":{"relatieveHoogteligging":0,"lokaalID":"G1900.f3de8f03f5164634a3b730b18d489f47","bgt_status":"bestaand","class":"oever, slootkant","objecttype":"OndersteunendWaterdeel"},"geometry":{"type":"Polygon","coordinates":[[[172484.414,558894.946],[172483.106,558895.517],[172472.323,558900.864],[172459.553,558905.549],[172448.131,558911.407],[172438.491,558915.562],[172429.993,558919.225],[172419.779,558923.628],[172400.636,558933.306],[172384.4,558941.514],[172375.414,558946.057],[172367.941,558949.369],[172367.176,558949.97],[172366.572,558948.595],[172374.756,558944.574],[172382.999,558939.211],[172393.45,558934.052],[172411.177,558925.32],[172430.235,558917.314],[172438.77,558913.12],[172445.34,558910.16],[172451.77,558907.51],[172457.74,558904.957],[172458.88,558904.47],[172464.79,558902.24],[172470.55,558899.54],[172476.95,558896.15],[172483.36,558893.26],[172484.143,558892.88],[172484.414,558894.946]]]}},{"type":"Feature","properties":{"relatieveHoogteligging":0,"lokaalID":"W0653.330454f2c8f14e958bea1671a10e4a23","bgt_status":"bestaand","class":"oever, slootkant","objecttype":"OndersteunendWaterdeel"},"geometry":{"type":"Polygon","coordinates":[[[172203.577,558920.938],[172201.907,558920.449],[172201.534,558920.34],[172199.675,558918.971],[172199.288,558918.867],[172198.259,558918.589],[172198.484,558917.614],[172200.117,558918.055],[172201.984,558919.43],[172203.429,558919.853],[172205.191,558918.76],[172210.864,558913.436],[172220.712,558904.194],[172224.852,558898.417],[172232.604,558890.837],[172236.938,558884.985],[172247.892,558870.193],[172254.133,558864.007],[172264.951,558852.408],[172278.143,558838.262],[172282.551,558833.535],[172289.021,558826.598],[172291.518,558825.296],[172292.434,558823.71],[172293.015,558823.044],[172293.73,558823.746],[172293.252,558824.294],[172292.239,558826.048],[172289.635,558827.405],[172283.283,558834.217],[172278.874,558838.944],[172265.682,558853.09],[172254.851,558864.704],[172248.65,558870.85],[172237.742,558885.58],[172233.36,558891.496],[172225.614,558899.071],[172221.468,558904.856],[172211.548,558914.165],[172205.803,558919.557],[172203.577,558920.938]]]}},{"type":"Feature","properties":{"relatieveHoogteligging":0,"lokaalID":"G1900.3d204889d5d34ffb8ba9d9cea3f4120e","bgt_status":"bestaand","class":"oever, slootkant","objecttype":"OndersteunendWaterdeel"},"geometry":{"type":"Polygon","coordinates":[[[172154.188,559042.712],[172154.028,559042.852],[172153.788,559043.052],[172153.488,559043.162],[172152.938,559043.202],[172151.808,559042.872],[172150.448,559042.162],[172149.238,559041.532],[172147.858,559040.722],[172146.428,559039.772],[172144.978,559038.882],[172143.418,559037.852],[172141.668,559036.722],[172140.098,559035.742],[172138.368,559034.712],[172136.598,559033.342],[172134.988,559032.092],[172133.528,559031.022],[172131.958,559029.662],[172129.358,559027.742],[172124.128,559023.342],[172121.702,559021.403],[172122.037,559020.888],[172122.249,559020.561],[172124.772,559022.576],[172129.978,559026.956],[172132.613,559028.906],[172134.152,559030.239],[172135.602,559031.302],[172137.211,559032.551],[172138.932,559033.884],[172140.628,559034.893],[172142.211,559035.882],[172143.969,559037.017],[172145.516,559038.038],[172146.982,559038.939],[172148.389,559039.873],[172149.723,559040.656],[172150.911,559041.275],[172152.184,559041.939],[172153.046,559042.191],[172153.281,559042.172],[172153.368,559042.1],[172154.088,559040.438],[172154.02,559040.225],[172153.819,559039.929],[172153.685,559039.779],[172153.323,559039.519],[172152.984,559039.332],[172152.651,559039.156],[172150.22,559038.005],[172149.991,559037.855],[172148.978,559036.972],[172146.325,559035.471],[172144.447,559034.256],[172142.787,559033.159],[172141.307,559032.155],[172140.044,559031.248],[172138.896,559030.254],[172137.621,559029.375],[172137.535,559029.309],[172136.097,559028.069],[172134.518,559026.788],[172134.43,559026.707],[172133.362,559025.604],[172132.801,559025.331],[172132.679,559025.26],[172131.531,559024.485],[172130.454,559023.839],[172130.352,559023.769],[172129.309,559022.953],[172127.347,559021.279],[172124.795,559019.188],[172123.736,559018.274],[172124.286,559017.427],[172125.448,559018.432],[172127.988,559020.512],[172129.958,559022.192],[172130.968,559022.982],[172132.068,559023.642],[172133.238,559024.432],[172133.958,559024.782],[172135.148,559026.012],[172136.738,559027.302],[172138.188,559028.552],[172139.508,559029.462],[172140.698,559030.492],[172141.888,559031.342],[172143.348,559032.332],[172144.998,559033.422],[172146.868,559034.632],[172149.558,559036.152],[172150.648,559037.102],[172153.098,559038.262],[172153.458,559038.452],[172153.858,559038.672],[172154.358,559039.032],[172154.608,559039.312],[172154.928,559039.782],[172155.088,559040.282],[172155.088,559040.742],[172154.626,559041.754],[172154.188,559042.712]]]}},{"type":"Feature","properties":{"relatieveHoogteligging":0,"lokaalID":"G1900.5a07a1eddc8240d382abedaebefbe439","bgt_status":"bestaand","class":"oever, slootkant","objecttype":"OndersteunendWaterdeel"},"geometry":{"type":"Polygon","coordinates":[[[172345.962,558962.135],[172312.494,558980.508],[172306.646,558983.961],[172299.836,558987.984],[172294.775,558990.161],[172289.26,558993.521],[172281.201,558997.353],[172271.648,559001.896],[172267.084,559005.494],[172258.019,559011.15],[172250.932,559015.572],[172242.514,559020.825],[172233.867,559026.918],[172227.568,559030.573],[172218.109,559036.063],[172211.781,559038.589],[172207.793,559041.173],[172197.062,559048.13],[172180.273,559059.014],[172178.735,559060.011],[172178.413,559058.972],[172179.24,559058.45],[172181.68,559056.53],[172187.67,559052.53],[172193.96,559048.4],[172207.31,559039.64],[172212.33,559036.8],[172214.4,559036.01],[172215.9,559035.34],[172217.69,559034.49],[172219.52,559033.33],[172221.43,559031.98],[172231.4,559025.56],[172239.74,559020.44],[172247.88,559015.06],[172254.53,559010.19],[172267.7,559002.11],[172271.65,559000],[172275.43,558997.99],[172278.42,558996.39],[172280.656,558995.239],[172281.45,558994.83],[172284.96,558993.21],[172287.14,558991.89],[172290.55,558989.93],[172291.71,558989.68],[172292.51,558989.65],[172293.37,558989.58],[172293.816,558989.482],[172294.079,558989.424],[172294.19,558989.4],[172300.692,558986.697],[172311.381,558980.03],[172323.128,558973.151],[172330.325,558969.341],[172334.638,558966.028],[172345.63,558960.263],[172345.962,558962.135]]]}},{"type":"Feature","properties":{"relatieveHoogteligging":0,"lokaalID":"G1900.64c8e9934ff141e09efdc4fb7d8b784b","bgt_status":"bestaand","class":"oever, slootkant","objecttype":"OndersteunendWaterdeel"},"geometry":{"type":"Polygon","coordinates":[[[172010.536,559043.728],[172009.901,559044.443],[172009.901,559045.236],[172010.377,559046.03],[172011.25,559046.824],[172016.727,559049.364],[172029.665,559054.761],[172037.285,559058.73],[172042.206,559061.667],[172046.89,559065.16],[172051.414,559068.97],[172054.368,559072.21],[172054.919,559072.707],[172054.2,559073.405],[172050.382,559069.287],[172046.731,559066.112],[172043.953,559063.81],[172039.905,559061.111],[172034.745,559058.016],[172026.649,559054.206],[172019.664,559051.348],[172011.647,559048.015],[172009.425,559046.665],[172008.869,559045.633],[172009.03,559044.173],[172009.663,559043.252],[172010.377,559043.014],[172011.003,559042.778],[172012.917,559043.173],[172020.616,559046.586],[172027.84,559049.364],[172034.586,559051.825],[172042.683,559055.635],[172051.176,559061.508],[172058.24,559067.779],[172059.406,559068.309],[172058.977,559068.764],[172058.248,559069.472],[172055.859,559067.303],[172053.795,559065.239],[172050.065,559061.905],[172046.096,559058.81],[172041.81,559056.508],[172035.698,559052.856],[172030.776,559050.793],[172021.728,559047.618],[172012.679,559043.887],[172011.568,559043.49],[172010.536,559043.728]]]}},{"type":"Feature","properties":{"relatieveHoogteligging":0,"lokaalID":"W0653.55ed891c28f647b49e1e6afca8841034","bgt_status":"bestaand","class":"oever, slootkant","objecttype":"OndersteunendWaterdeel"},"geometry":{"type":"Polygon","coordinates":[[[172125.262,559010.862],[172124.616,559011.076],[172123.627,559010.993],[172123.281,559010.532],[172122.891,559009.557],[172122.891,559008.565],[172122.891,559007.904],[172123.288,559007.242],[172132.946,558996.328],[172139.229,558988.787],[172153.98,558972.119],[172156.758,558969.804],[172172.501,558951.746],[172181.827,558940.765],[172190.096,558930.248],[172196.843,558923.237],[172197.835,558922.641],[172198.284,558922.384],[172200.714,558923.319],[172203.16,558924.26],[172203.555,558924.412],[172207.915,558927.212],[172214.429,558932.483],[172228.231,558945.162],[172234.374,558950.806],[172235.338,558952.528],[172240.673,558956.608],[172245.8,558959.898],[172257.279,558969.47],[172271.577,558982.363],[172278.851,558989.421],[172279.123,558991.436],[172278.695,558992.094],[172278.283,558992.728],[172275.695,558993.699],[172264.33,558982.805],[172247.873,558968.098],[172237.149,558959.506],[172222.608,558947.154],[172212.824,558938.843],[172206.616,558933.874],[172203.527,558930.624],[172201.503,558929.167],[172199.626,558928.879],[172198.65,558928.967],[172196.619,558930.315],[172194.748,558933.787],[172179.795,558951.104],[172170.284,558960.973],[172157.257,558976.298],[172144.009,558990.929],[172134.406,559002.233],[172125.262,559010.862]],[[172197.12,558923.674],[172193.235,558927.53],[172186.716,558935.604],[172178.901,558945.283],[172172.234,558952.914],[172157.596,558969.67],[172150.061,558978.295],[172136.837,558993.432],[172123.513,559008.08],[172123.614,559009.309],[172124.158,559010.034],[172124.882,559010.095],[172125.356,559009.717],[172133.673,559001.551],[172143.257,558990.269],[172156.505,558975.638],[172169.543,558960.302],[172179.056,558950.43],[172193.919,558933.216],[172195.857,558929.62],[172198.308,558927.993],[172199.658,558927.873],[172201.892,558928.215],[172204.188,558929.867],[172207.294,558933.136],[172213.46,558938.072],[172223.255,558946.392],[172237.786,558958.734],[172248.519,558967.334],[172265.01,558982.071],[172275.933,558992.542],[172277.624,558991.908],[172278.082,558991.202],[172277.906,558989.898],[172270.894,558983.094],[172256.624,558970.225],[172245.207,558960.706],[172240.098,558957.427],[172234.566,558953.196],[172233.579,558951.434],[172227.554,558945.898],[172213.775,558933.24],[172207.329,558928.024],[172203.101,558925.309],[172198.216,558923.43],[172197.769,558923.369],[172197.12,558923.674]]]}},{"type":"Feature","properties":{"relatieveHoogteligging":0,"lokaalID":"W0653.7a2b96d50ed44279ab7783387c212cc8","bgt_status":"bestaand","class":"oever, slootkant","objecttype":"OndersteunendWaterdeel"},"geometry":{"type":"Polygon","coordinates":[[[172078.111,559060.82],[172076.761,559060.979],[172075.729,559060.503],[172075.332,559059.789],[172075.174,559059.312],[172075.094,559058.28],[172075.888,559057.328],[172077.237,559056.137],[172083.508,559050.502],[172092.16,559043.04],[172095.097,559039.945],[172097.875,559037.087],[172100.891,559033.595],[172103.861,559029.689],[172109.699,559022.204],[172117.084,559014.227],[172118.512,559013.592],[172119.306,559013.195],[172120.348,559013.709],[172122.098,559014.912],[172122.288,559015.332],[172122.588,559015.852],[172123.138,559016.472],[172123.978,559017.162],[172124.286,559017.427],[172123.736,559018.274],[172123.334,559017.926],[172122.504,559017.244],[172122.39,559017.135],[172121.84,559016.515],[172121.722,559016.351],[172121.377,559015.744],[172121.302,559015.578],[172118.881,559013.915],[172118.607,559013.953],[172118.243,559014.117],[172117.73,559014.507],[172117.099,559015.056],[172116.388,559015.618],[172115.729,559016.166],[172115.146,559016.768],[172114.496,559017.437],[172113.967,559018.05],[172112.637,559019.813],[172102.637,559032.325],[172100.256,559035.341],[172095.652,559040.024],[172093.033,559042.961],[172089.779,559045.739],[172085.889,559049.311],[172080.254,559054.391],[172077.317,559057.169],[172076.285,559059.312],[172076.285,559059.868],[172076.761,559060.344],[172077.158,559060.424],[172077.949,559060.259],[172079.416,559059.106],[172081.856,559057.042],[172083.587,559055.82],[172086.762,559053.439],[172091.049,559050.184],[172099.092,559042.213],[172099.767,559041.443],[172100.47,559040.595],[172101.45,559039.267],[172104.194,559035.749],[172108.246,559030.793],[172115.179,559021.53],[172115.972,559020.736],[172117.401,559019.863],[172118.989,559019.545],[172120.021,559019.466],[172122.037,559020.888],[172121.702,559021.403],[172119.544,559020.26],[172118.195,559020.339],[172116.846,559020.815],[172115.365,559022.296],[172113.438,559024.922],[172109.048,559031.392],[172104.968,559036.382],[172102.238,559039.882],[172101.258,559041.212],[172100.528,559042.092],[172099.818,559042.902],[172098.978,559043.722],[172098.108,559044.632],[172097.198,559045.502],[172096.218,559046.402],[172094.938,559047.732],[172091.948,559050.332],[172087.078,559053.932],[172081.365,559057.963],[172078.111,559060.82]]]}},{"type":"Feature","properties":{"relatieveHoogteligging":0,"lokaalID":"G1900.d8096d7ae6a041139e7f1eeb49bb5542","bgt_status":"bestaand","class":"oever, slootkant","objecttype":"OndersteunendWaterdeel"},"geometry":{"type":"Polygon","coordinates":[[[172486.102,558907.998],[172477.323,558909.425],[172462.35,558914.13],[172452.736,558918],[172441.27,558924.216],[172433.838,558928.245],[172426.131,558933.763],[172416.936,558941.91],[172411.055,558947.12],[172407.514,558950.257],[172404.46,558953.934],[172402.839,558957.45],[172398.542,558964.031],[172389.842,558975.983],[172388.8,558977.413],[172387.216,558980.044],[172385.95,558982.455],[172385.1,558985.313],[172385.085,558988.048],[172385.583,558990.478],[172385.28,558990.804],[172385.141,558991.939],[172385.443,558992.5],[172385.734,558993.043],[172386.646,558994.468],[172386.76,558994.653],[172389.153,558998.533],[172400.406,559022.749],[172408.464,559040.089],[172407.968,559042.864],[172407.193,559044.31],[172405.96,559045.121],[172404.022,559045.544],[172401.872,559045.121],[172400.463,559044.345],[172397.362,559037.647],[172386.034,559014.862],[172374.861,559001.814],[172374.802,559001.737],[172373.835,559000.474],[172373.814,559000.446],[172372.68,558998.935],[172372.301,558997.706],[172371.82,558996.97],[172370.83,558995.82],[172370.16,558995.11],[172369.66,558994.63],[172369.24,558994.21],[172368.61,558993.8],[172368.11,558993.44],[172367.51,558993.21],[172366.89,558993.03],[172366.25,558992.88],[172364.88,558992.61],[172350.86,558989.759],[172350.714,558988.938],[172354.682,558989.751],[172367.877,558992.455],[172370.168,558993.861],[172375.335,558999.603],[172375.973,559001.158],[172379.11,559004.83],[172380.48,559006.24],[172381.82,559007.76],[172382,559007.95],[172385.05,559011.36],[172385.58,559011.94],[172386.02,559012.5],[172386.43,559013.04],[172386.73,559013.6],[172387.09,559014.21],[172387.4,559014.9],[172400.79,559043.62],[172401.08,559043.98],[172401.32,559044.26],[172401.71,559044.52],[172402.06,559044.66],[172402.36,559044.72],[172402.65,559044.75],[172403.05,559044.79],[172403.48,559044.8],[172403.85,559044.82],[172404.08,559044.8],[172404.51,559044.73],[172404.91,559044.6],[172405.29,559044.41],[172405.85,559044.2],[172406.15,559044.01],[172406.51,559043.82],[172406.74,559043.63],[172406.95,559043.38],[172407.11,559043.01],[172407.24,559042.72],[172407.31,559042.27],[172407.34,559041.99],[172407.35,559041.62],[172407.34,559041.24],[172407.3,559041.02],[172407.18,559040.71],[172400.42,559026.02],[172394.59,559012.79],[172390.34,559002.75],[172389.12,559000],[172386.14,558994.796],[172384.991,558993.529],[172384.28,558992.378],[172384.357,558991.188],[172384.611,558989.53],[172384.566,558988.705],[172384.58,558988.07],[172384.47,558987.49],[172384.41,558986.84],[172384.34,558985.86],[172384.39,558985.26],[172384.45,558984.74],[172384.6,558984.04],[172384.72,558983.47],[172384.85,558983.07],[172385.18,558982.18],[172385.58,558981.27],[172386.01,558980.43],[172386.64,558979.5],[172389.18,558975.7],[172389.65,558975],[172393.71,558969.39],[172394.56,558967.91],[172396.58,558965.3],[172398.62,558962.39],[172400.14,558959.77],[172402.6,558956.26],[172403.66,558954.2],[172405.86,558950.97],[172408.72,558947.68],[172412.01,558945.01],[172415.73,558941.36],[172419.29,558938.2],[172422.34,558935.52],[172425.59,558932.95],[172429.98,558929.77],[172434.18,558927.16],[172437.7,558924.99],[172441.47,558922.84],[172445.96,558920.25],[172450.17,558917.92],[172454.58,558916.09],[172458.3,558914.39],[172463.11,558912.63],[172467.14,558911.14],[172478.52,558908.28],[172484.01,558907.18],[172486.018,558906.817],[172486.102,558907.998]]]}},{"type":"Feature","properties":{"relatieveHoogteligging":0,"lokaalID":"G1900.c2fcb264d33e4b148a0d03f5dfb5f510","bgt_status":"bestaand","class":"oever, slootkant","objecttype":"OndersteunendWaterdeel"},"geometry":{"type":"Polygon","coordinates":[[[172534.029,559581.73],[172523.633,559586.546],[172520.302,559587.755],[172520.433,559587.497],[172520.907,559586.081],[172521.164,559584.61],[172521.185,559584.455],[172521.245,559584.003],[172521.251,559583.771],[172521.785,559583.728],[172521.708,559586.079],[172522.749,559583.434],[172525.428,559581.947],[172528.107,559580.46],[172528.97,559580.104],[172535.99,559576.981],[172536.089,559576.944],[172550.398,559571.575],[172556.356,559569.648],[172566.192,559566.466],[172571.057,559565.093],[172580.004,559562.568],[172586.363,559560.774],[172605.294,559556.468],[172628.635,559552.042],[172638.779,559550.119],[172663.874,559546.798],[172691.085,559544.134],[172719.938,559542.237],[172748.681,559541.324],[172767.946,559540.964],[172768.217,559541.273],[172770.06,559543.374],[172767.281,559543.399],[172757.263,559543.488],[172720.623,559544.446],[172686.473,559546.681],[172654.556,559550.831],[172628.257,559554.599],[172594.171,559561.496],[172564.871,559569.159],[172544.534,559576.876],[172534.029,559581.73]]]}},{"type":"Feature","properties":{"relatieveHoogteligging":0,"lokaalID":"G1900.2a4b45c31258421e820cd2018bc00064","bgt_status":"bestaand","class":"oever, slootkant","objecttype":"OndersteunendWaterdeel"},"geometry":{"type":"Polygon","coordinates":[[[172293.252,559222.361],[172294.417,559221.616],[172301.531,559217.068],[172305.279,559215.06],[172318.09,559214.114],[172331.491,559213.731],[172335.742,559213.465],[172340.819,559212.047],[172343.239,559209.714],[172347.165,559205.047],[172349.173,559202.98],[172352.449,559202.064],[172365.821,559201.208],[172372.728,559200.972],[172377.51,559200.47],[172381.967,559201.356],[172384.24,559203.63],[172384.598,559205.325],[172384.683,559205.727],[172383.472,559209.153],[172381.406,559210.748],[172378.984,559211.745],[172373.377,559211.84],[172368.153,559211.929],[172361.924,559212.52],[172359.268,559214.292],[172356.936,559217.688],[172353.01,559220.966],[172348.966,559222.975],[172345.285,559223.874],[172334.477,559224.254],[172320.009,559224.762],[172311.176,559225.072],[172306.63,559225.899],[172297.37,559230.733],[172286.587,559237.838],[172282.351,559240.629],[172279.097,559243.988],[172277.547,559249.57],[172277.444,559261.044],[172278.425,559275.516],[172277.134,559282.235],[172275.326,559284.716],[172269.437,559286.37],[172261.354,559286.37],[172258.943,559283.739],[172258.744,559274.711],[172261.121,559250.767],[172261.427,559245.857],[172263.157,559242.851],[172264.296,559240.874],[172276.607,559233.003],[172293.252,559222.361]],[[172262.29,559246.403],[172262.26,559246.55],[172262.2,559247.39],[172259.65,559280.99],[172259.66,559281.56],[172259.82,559282.16],[172260.03,559282.66],[172260.29,559283.12],[172260.61,559283.56],[172261.02,559283.97],[172261.42,559284.19],[172261.84,559284.37],[172262.3,559284.52],[172262.76,559284.62],[172263.24,559284.7],[172263.62,559284.71],[172264.12,559284.69],[172267.34,559284.47],[172271.9,559283.97],[172272.55,559283.81],[172273.03,559283.68],[172273.51,559283.5],[172274.01,559283.2],[172274.41,559282.85],[172274.86,559282.53],[172275.22,559282.13],[172275.54,559281.71],[172275.9,559281.32],[172276.15,559280.84],[172276.35,559280.36],[172276.48,559279.9],[172276.56,559279.42],[172276.58,559278.68],[172276.61,559277.9],[172275.93,559250.99],[172275.94,559249.91],[172275.97,559249.01],[172275.99,559248.17],[172276.1,559247.41],[172276.26,559246.6],[172276.45,559246.04],[172276.75,559245.36],[172277,559244.86],[172277.22,559244.4],[172277.47,559243.9],[172277.85,559243.51],[172278.23,559243.03],[172278.7,559242.55],[172279.28,559242],[172279.86,559241.4],[172280.47,559240.95],[172281.35,559240.29],[172300.48,559227.88],[172301.85,559227.01],[172302.44,559226.71],[172303.08,559226.41],[172303.7,559226.16],[172304.48,559225.83],[172305.21,559225.55],[172305.83,559225.24],[172306.47,559224.98],[172307.07,559224.78],[172307.75,559224.59],[172308.49,559224.41],[172309.24,559224.34],[172309.96,559224.31],[172310.82,559224.21],[172311.62,559224.14],[172312.86,559224.07],[172319.682,559223.802],[172344.89,559222.81],[172346.09,559222.64],[172347.05,559222.5],[172347.96,559222.31],[172348.6,559222.12],[172349.26,559221.96],[172349.86,559221.78],[172350.4,559221.49],[172351,559221.23],[172351.58,559220.9],[172352.13,559220.54],[172352.89,559220.03],[172353.66,559219.47],[172354.22,559218.98],[172354.87,559218.4],[172355.41,559217.83],[172355.96,559217.17],[172356.62,559216.32],[172358.28,559214.21],[172358.9,559213.41],[172359.35,559212.99],[172359.85,559212.6],[172360.33,559212.28],[172360.87,559212.07],[172361.45,559211.89],[172362.05,559211.78],[172362.62,559211.64],[172363.16,559211.52],[172363.78,559211.47],[172364.38,559211.41],[172365.08,559211.38],[172377.5,559211.03],[172378.506,559210.948],[172379.44,559210.79],[172380.07,559210.65],[172380.67,559210.45],[172381.19,559210.14],[172381.67,559209.82],[172382.17,559209.42],[172382.56,559208.95],[172382.9,559208.49],[172383.25,559207.97],[172383.49,559207.41],[172383.61,559207],[172383.7,559206.5],[172383.74,559206.02],[172383.737,559205.829],[172383.717,559205.205],[172383.67,559204.78],[172383.53,559204.22],[172383.34,559203.71],[172383,559203.17],[172382.61,559202.75],[172382.17,559202.4],[172381.71,559202.06],[172381.27,559201.8],[172380.69,559201.57],[172380.17,559201.43],[172379.59,559201.39],[172378.99,559201.38],[172378.3,559201.4],[172377.33,559201.45],[172365.23,559202.06],[172354.06,559202.75],[172352.78,559202.96],[172351.92,559203.12],[172351.4,559203.27],[172350.94,559203.43],[172350.47,559203.63],[172350.15,559203.82],[172349.77,559204.02],[172349.47,559204.26],[172349.01,559204.54],[172348.67,559204.83],[172348.32,559205.27],[172347.68,559205.89],[172342.57,559211.67],[172342.05,559212.05],[172341.57,559212.38],[172341.13,559212.72],[172340.68,559212.99],[172340.28,559213.23],[172339.74,559213.49],[172339.14,559213.76],[172338.57,559213.94],[172338.06,559214.06],[172337.49,559214.17],[172336.91,559214.23],[172335.99,559214.36],[172333.99,559214.46],[172309.7,559215.44],[172308.5,559215.49],[172307.7,559215.57],[172307.12,559215.66],[172306.52,559215.78],[172305.96,559215.91],[172305.52,559216.09],[172305.02,559216.25],[172304.49,559216.44],[172303.97,559216.64],[172303.53,559216.88],[172303.11,559217.15],[172302.69,559217.41],[172302.23,559217.67],[172301.72,559218],[172301.18,559218.34],[172299.75,559219.25],[172293.717,559223.082],[172266.39,559240.44],[172265.75,559240.9],[172265.24,559241.41],[172264.78,559241.81],[172264.32,559242.35],[172263.93,559242.86],[172263.57,559243.28],[172263.29,559243.7],[172263,559244.16],[172262.78,559244.65],[172262.53,559245.33],[172262.37,559246.01],[172262.29,559246.403]]]}},{"type":"Feature","properties":{"relatieveHoogteligging":0,"lokaalID":"G1900.1d8900eab45d40d797846da9324da00b","bgt_status":"bestaand","class":"oever, slootkant","objecttype":"OndersteunendWaterdeel"},"geometry":{"type":"Polygon","coordinates":[[[172472.5,559236.19],[172472.118,559236.704],[172463.251,559229.877],[172455.088,559223.594],[172453.768,559222.643],[172448.317,559218.904],[172438.615,559211.42],[172437.012,559210.183],[172433.145,559207.2],[172428.599,559206.344],[172404.247,559208.588],[172400.026,559208.884],[172398.875,559208.204],[172398.107,559206.905],[172397.45,559203.909],[172397.369,559203.538],[172397.605,559200.969],[172398.815,559199.137],[172428.304,559196.243],[172438.226,559195.992],[172443.506,559195.859],[172448.228,559196.036],[172451.682,559197.011],[172454.929,559199.315],[172456.218,559201.273],[172456.493,559201.924],[172456.869,559202.281],[172457.456,559203.517],[172457.832,559204.028],[172458.131,559204.587],[172458.323,559205.8],[172458.728,559206.619],[172458.709,559207.375],[172458.67,559207.991],[172458.728,559208.55],[172458.769,559209.048],[172458.972,559209.874],[172458.702,559210.834],[172458.82,559211.576],[172460.776,559213.63],[172462.181,559214.905],[172465.877,559217.887],[172466.762,559218.183],[172467.53,559217.799],[172469.094,559215.347],[172472.258,559210.389],[172474.762,559207.757],[172477.093,559206.753],[172479.098,559205.89],[172481.811,559204.722],[172487.041,559203.681],[172494.007,559203.475],[172502.685,559205.601],[172507.089,559207.37],[172508.781,559208.05],[172511.216,559209.027],[172511.421,559209.3],[172511.559,559211.067],[172512.681,559210.979],[172515.673,559214.964],[172516.131,559215.97],[172515.29,559216.04],[172514.91,559215.43],[172514.15,559214.28],[172513.44,559213.48],[172512.62,559212.53],[172511.72,559211.78],[172510.99,559211.18],[172510.23,559210.64],[172509.34,559210.16],[172508.53,559209.66],[172507.67,559209.23],[172506.99,559208.857],[172506.847,559208.787],[172505.97,559208.36],[172505.05,559208],[172504.04,559207.62],[172503.2,559207.3],[172502.15,559207.01],[172502.044,559206.975],[172501.24,559206.71],[172500.35,559206.41],[172499.55,559206.24],[172498.567,559205.723],[172497.69,559205.569],[172496.784,559205.251],[172494.278,559204.72],[172491.599,559204.527],[172489.78,559204.537],[172487.84,559204.469],[172485.83,559204.807],[172483.859,559205.183],[172481.556,559205.482],[172480.042,559205.733],[172477.469,559207.633],[172475.9,559207.9],[172473.757,559209.688],[172472.931,559210.954],[172471.719,559213.567],[172470.99,559214.23],[172470.9,559214.347],[172469.64,559215.99],[172467.07,559219.01],[172466.84,559219.06],[172461.888,559215.265],[172460.475,559214.016],[172458.1,559212.01],[172458.25,559210.99],[172458.31,559210.09],[172458.33,559209.34],[172458.35,559208.67],[172458.32,559208.12],[172458.24,559207.44],[172458.18,559206.81],[172458.07,559206.18],[172457.92,559205.53],[172457.74,559204.8],[172457.53,559204.19],[172457.3,559203.68],[172456.97,559203.17],[172456.66,559202.62],[172456.25,559202.1],[172455.931,559201.683],[172455.86,559201.59],[172455.5,559201.03],[172455.04,559200.69],[172454.65,559200.15],[172454.24,559199.71],[172453.82,559199.43],[172453.39,559199.01],[172452.8,559198.59],[172452.21,559198.2],[172451.5,559197.83],[172450.93,559197.51],[172450.34,559197.2],[172449.67,559196.92],[172448.93,559196.75],[172448.15,559196.65],[172446.96,559196.47],[172443.81,559196.42],[172442.05,559196.438],[172438.15,559196.479],[172438.05,559196.48],[172423.96,559197.45],[172402.12,559199.27],[172400.81,559199.45],[172400.23,559199.64],[172399.92,559199.88],[172399.64,559200.17],[172399.43,559200.46],[172399.01,559201.2],[172398.82,559201.57],[172398.64,559201.99],[172398.45,559202.41],[172398.279,559203.332],[172398.27,559203.98],[172398.21,559204.43],[172398.23,559204.83],[172398.27,559205.16],[172398.35,559205.51],[172398.4,559205.79],[172398.58,559206.27],[172398.73,559206.49],[172398.87,559206.73],[172399.11,559207.06],[172399.62,559207.62],[172400.04,559207.81],[172400.46,559207.92],[172401.6,559208.08],[172408.05,559207.45],[172417.84,559206.52],[172429.03,559205.41],[172429.9,559205.41],[172430.68,559205.43],[172431.03,559205.44],[172431.48,559205.53],[172431.95,559205.6],[172432.37,559205.71],[172432.77,559205.9],[172433.01,559205.98],[172433.85,559206.61],[172438.18,559209.79],[172439.036,559210.439],[172448.47,559217.6],[172454.36,559221.882],[172455.591,559222.977],[172462.04,559228.07],[172463.719,559229.373],[172472.5,559236.19]]]}},{"type":"Feature","properties":{"relatieveHoogteligging":0,"lokaalID":"G1900.a434396eb695470db4ea46fc2f8b4d6f","bgt_status":"bestaand","class":"oever, slootkant","objecttype":"OndersteunendWaterdeel"},"geometry":{"type":"Polygon","coordinates":[[[172418.453,559106.668],[172420.376,559109.678],[172421.114,559111.716],[172423.593,559114.197],[172427.77,559118.376],[172434.485,559124.386],[172444.918,559133.723],[172447.414,559138.946],[172447.566,559139.529],[172448.093,559141.545],[172449.067,559148.545],[172449.952,559151.611],[172451.216,559155.987],[172453.963,559165.502],[172455.142,559173.87],[172454.212,559177.281],[172450.647,559180.279],[172446.877,559181.519],[172445.664,559181.141],[172442.899,559180.279],[172440.781,559177.953],[172439.128,559171.957],[172439.128,559166.22],[172437.062,559160.225],[172432.826,559156.142],[172427.352,559150.865],[172423.624,559144.309],[172424.471,559143.794],[172427.71,559149.5],[172427.95,559149.84],[172428.43,559150.53],[172428.8,559150.91],[172429.25,559151.45],[172429.57,559151.84],[172430.01,559152.23],[172430.59,559152.77],[172431.15,559153.21],[172431.79,559153.68],[172432.4,559154.1],[172433.14,559154.5],[172433.9,559154.95],[172434.55,559155.26],[172435.18,559155.66],[172435.55,559155.97],[172435.97,559156.26],[172436.48,559156.77],[172436.79,559157.06],[172437.11,559157.34],[172437.35,559157.63],[172437.61,559158.06],[172437.98,559158.47],[172438.33,559159.06],[172438.62,559159.54],[172438.85,559160.1],[172439.03,559160.73],[172439.26,559161.46],[172439.39,559162.16],[172439.64,559163.02],[172439.74,559163.63],[172439.9,559164.43],[172440,559165.01],[172440.16,559165.79],[172440.33,559166.75],[172440.46,559169.68],[172440.77,559174.29],[172440.79,559174.59],[172440.88,559174.99],[172440.97,559175.37],[172441.08,559175.73],[172441.19,559176.15],[172441.33,559176.56],[172441.62,559177.12],[172441.81,559177.42],[172442.05,559177.73],[172442.26,559177.99],[172442.48,559178.27],[172442.8,559178.58],[172443.06,559178.86],[172443.43,559179.13],[172443.65,559179.31],[172444.07,559179.59],[172444.64,559179.84],[172445.03,559180.05],[172445.25,559180.13],[172445.5,559180.16],[172445.82,559180.2],[172446.13,559180.21],[172446.43,559180.16],[172446.7,559180.1],[172446.98,559180.03],[172447.26,559179.89],[172447.416,559179.806],[172449.32,559179.148],[172450.653,559178.304],[172451.663,559177.162],[172452.205,559176.414],[172452.778,559175.317],[172452.714,559174.386],[172452.55,559173.128],[172450.286,559158.933],[172448.024,559150.723],[172447.8,559148.91],[172447.282,559145.468],[172446.84,559142.53],[172446.71,559141.7],[172446.61,559141.04],[172446.528,559140.721],[172446.43,559140.34],[172446.22,559139.63],[172446.02,559139.07],[172445.78,559138.47],[172445.55,559137.91],[172445.3,559137.25],[172445.03,559136.77],[172444.7,559136.23],[172444.17,559135.52],[172443.79,559134.98],[172443.48,559134.55],[172442.89,559133.93],[172433.04,559124.52],[172421.2,559114.08],[172420.78,559113.8],[172420.42,559113.44],[172420.08,559113.1],[172419.86,559112.82],[172419.65,559112.54],[172419.43,559112.13],[172419.2,559111.75],[172418.91,559111.29],[172417.944,559108.924],[172412.62,559095.89],[172410.59,559091.07],[172410.42,559090.84],[172410.13,559090.53],[172409.91,559090.15],[172409.63,559089.79],[172409.29,559089.41],[172408.85,559089.07],[172408.36,559088.68],[172407.82,559088.36],[172407.33,559088.02],[172406.78,559087.78],[172405.99,559087.56],[172405.17,559087.33],[172402.28,559086.87],[172401.84,559086.78],[172401.14,559086.71],[172400.82,559086.68],[172400.47,559086.66],[172400.12,559086.65],[172399.59,559086.66],[172398.99,559086.72],[172398.41,559086.85],[172397.8,559087.01],[172397.32,559087.17],[172396.79,559087.36],[172396.39,559087.57],[172396.05,559087.81],[172395.72,559088.17],[172395.48,559088.49],[172395.399,559088.61],[172395.25,559088.83],[172395.042,559089.195],[172393.823,559088.698],[172394.049,559088.027],[172394.062,559087.989],[172395.485,559087.313],[172396.907,559086.637],[172398.968,559086.132],[172402.451,559085.895],[172407.056,559086.338],[172411.053,559088.898],[172418.453,559106.668]]]}}]}