{"type":"FeatureCollection","name":"bgt_openbareruimtelabel","crs":{"type":"name","properties":{"name":"urn:ogc:def:crs:EPSG::28992"}},"features":[{"type":"Feature","properties":{"relatieveHoogteligging":0,"lokaalID":"G1900.629e4d7ffa0b426e869a712b5447c484","bgt_status":"bestaand","identificatieBAGOPR":"0091300000001592","tekst":"de Wieken","openbareRuimteType":"Weg","objecttype":"OpenbareRuimteLabel","hoek":46.8},"geometry":{"type":"Point","coordinates":[172014.344,559285.152]}},{"type":"Feature","properties":{"relatieveHoogteligging":0,"lokaalID":"G1900.629e4d7ffa0b426e869a712b5447c484","bgt_status":"bestaand","identificatieBAGOPR":"0091300000001592","tekst":"de Wieken","openbareRuimteType":"Weg","objecttype":"OpenbareRuimteLabel","hoek":47.8},"geometry":{"type":"Point","coordinates":[172071.922,559358.563]}},{"type":"Feature","properties":{"relatieveHoogteligging":0,"lokaalID":"G1900.629e4d7ffa0b426e869a712b5447c484","bgt_status":"bestaand","identificatieBAGOPR":"0091300000001592","tekst":"de Wieken","openbareRuimteType":"Weg","objecttype":"OpenbareRuimteLabel","hoek":-15.8},"geometry":{"type":"Point","coordinates":[171985.153,559388.776]}},{"type":"Feature","properties":{"relatieveHoogteligging":0,"lokaalID":"G1900.629e4d7ffa0b426e869a712b5447c484","bgt_status":"bestaand","identificatieBAGOPR":"0091300000001592","tekst":"de Wieken","openbareRuimteType":"Weg","objecttype":"OpenbareRuimteLabel","hoek":36.5},"geometry":{"type":"Point","coordinates":[172174.445,559155.879]}},{"type":"Feature","properties":{"relatieveHoogteligging":0,"lokaalID":"G1900.180a651399b64bab8c6b60038845d140","bgt_status":"bestaand","identificatieBAGOPR":"0683300000287309","tekst":"Hendrik Huizengastraat","openbareRuimteType":"Weg","objecttype":"OpenbareRuimteLabel","hoek":72.9},"geometry":{"type":"Point","coordinates":[170551.957,558320.141]}},{"type":"Feature","properties":{"relatieveHoogteligging":0,"lokaalID":"G1900.1d0ee00e81814302877f7507c4841818","bgt_status":"bestaand","identificatieBAGOPR":"0683300000287252","tekst":"De Finne","openbareRuimteType":"Weg","objecttype":"OpenbareRuimteLabel","hoek":27.7},"geometry":{"type":"Point","coordinates":[170641.759,558618.637]}},{"type":"Feature","properties":{"relatieveHoogteligging":0,"lokaalID":"G1900.39824a6e335f46c787ccdd4748cf9100","bgt_status":"bestaand","identificatieBAGOPR":"0683300000287008","tekst":"De Feanrânne","openbareRuimteType":"Weg","objecttype":"OpenbareRuimteLabel","hoek":-2.5},"geometry":{"type":"Point","coordinates":[171209.566,558176.868]}},{"type":"Feature","properties":{"relatieveHoogteligging":0,"lokaalID":"G1900.4aa6a4fc8f2948e5b5015e1d7479395c","bgt_status":"bestaand","identificatieBAGOPR":"0683300000287055","tekst":"Jan Nooitgedagtstraat","openbareRuimteType":"Weg","objecttype":"OpenbareRuimteLabel","hoek":78.9},"geometry":{"type":"Point","coordinates":[170380.232,558446.111]}},{"type":"Feature","properties":{"relatieveHoogteligging":0,"lokaalID":"G1900.537149226e074af8a64af13e95ac8790","bgt_status":"bestaand","identificatieBAGOPR":"0683300000287022","tekst":"Trompmoledyk","openbareRuimteType":"Weg","objecttype":"OpenbareRuimteLabel","hoek":-63.9},"geometry":{"type":"Point","coordinates":[170878.996,558712.081]}},{"type":"Feature","properties":{"relatieveHoogteligging":0,"lokaalID":"G1900.588f97c3da4c425e9e175c3134fa1120","bgt_status":"bestaand","identificatieBAGOPR":"0683300000287239","tekst":"De Jagersherne","openbareRuimteType":"Weg","objecttype":"OpenbareRuimteLabel","hoek":45.2},"geometry":{"type":"Point","coordinates":[171392.576,558214.732]}},{"type":"Feature","properties":{"relatieveHoogteligging":0,"lokaalID":"G1900.5c8c090f42fa4bef8af1b8db81a3ec10","bgt_status":"bestaand","identificatieBAGOPR":"0683300000287036","tekst":"Frisiaplein","openbareRuimteType":"Weg","objecttype":"OpenbareRuimteLabel","hoek":-72.2},"geometry":{"type":"Point","coordinates":[170867.155,558207.203]}},{"type":"Feature","properties":{"relatieveHoogteligging":0,"lokaalID":"G1900.7fbe808bfc5a4f8687e3ce3c66965e77","bgt_status":"bestaand","identificatieBAGOPR":"0683300000287044","tekst":"Zevenpelsen","openbareRuimteType":"Weg","objecttype":"OpenbareRuimteLabel","hoek":-6.1},"geometry":{"type":"Point","coordinates":[170593.051,558221.87]}},{"type":"Feature","properties":{"relatieveHoogteligging":0,"lokaalID":"G1900.88e338ccf373495c9397d13d6a6931e5","bgt_status":"bestaand","identificatieBAGOPR":"0683300000287050","tekst":"Uilenburg","openbareRuimteType":"Weg","objecttype":"OpenbareRuimteLabel","hoek":-1.1},"geometry":{"type":"Point","coordinates":[170633.203,558188.65]}},{"type":"Feature","properties":{"relatieveHoogteligging":0,"lokaalID":"G1900.a69aeac21888466dae4cff8bf733c92e","bgt_status":"bestaand","identificatieBAGOPR":"0683300000287155","tekst":"De Terpen","openbareRuimteType":"Weg","objecttype":"OpenbareRuimteLabel","hoek":-78.8},"geometry":{"type":"Point","coordinates":[171331.282,558378.958]}},{"type":"Feature","properties":{"relatieveHoogteligging":0,"lokaalID":"G1900.bea347b58d424d31b4aea68b20b26aa5","bgt_status":"bestaand","identificatieBAGOPR":"0683300000287059","tekst":"Ekemawal","openbareRuimteType":"Weg","objecttype":"OpenbareRuimteLabel","hoek":-12.1},"geometry":{"type":"Point","coordinates":[170380.825,558192.276]}},{"type":"Feature","properties":{"relatieveHoogteligging":0,"lokaalID":"G1900.c4778bdb396543ea9fb7512efe3afbe3","bgt_status":"bestaand","identificatieBAGOPR":"0683300000124794","tekst":"Tsjerkepaed","openbareRuimteType":"Weg","objecttype":"OpenbareRuimteLabel","hoek":-17.9},"geometry":{"type":"Point","coordinates":[170579.537,558259.179]}},{"type":"Feature","properties":{"relatieveHoogteligging":0,"lokaalID":"G1900.e095f9f4c556464695d269cc18b9b75b","bgt_status":"bestaand","identificatieBAGOPR":"0683300000287066","tekst":"Oranje-Nassaulaan","openbareRuimteType":"Weg","objecttype":"OpenbareRuimteLabel","hoek":-58.7},"geometry":{"type":"Point","coordinates":[170456.864,558522.234]}},{"type":"Feature","properties":{"relatieveHoogteligging":0,"lokaalID":"G1900.e324143ccecf4ae8a64bb8efd5d230a7","bgt_status":"bestaand","identificatieBAGOPR":"0683300000287062","tekst":"jonker Rispensstraat","openbareRuimteType":"Weg","objecttype":"OpenbareRuimteLabel","hoek":71.4},"geometry":{"type":"Point","coordinates":[170269.342,558405.852]}},{"type":"Feature","properties":{"relatieveHoogteligging":0,"lokaalID":"G1900.f232fa61a21f473a89f81a5997f6669c","bgt_status":"bestaand","identificatieBAGOPR":"0683300000287282","tekst":"De Pream","openbareRuimteType":"Weg","objecttype":"OpenbareRuimteLabel","hoek":77.8},"geometry":{"type":"Point","coordinates":[171447.43,558062.135]}},{"type":"Feature","properties":{"relatieveHoogteligging":0,"lokaalID":"G1900.f41f8b4ae07840189eaf00e5ec3b4590","bgt_status":"bestaand","identificatieBAGOPR":"0683300000287290","tekst":"Rogmolewei","openbareRuimteType":"Weg","objecttype":"OpenbareRuimteLabel","hoek":27.1},"geometry":{"type":"Point","coordinates":[170836.204,558711.712]}},{"type":"Feature","properties":{"relatieveHoogteligging":0,"lokaalID":"G1900.fed4bd5acc1d4fb6b245dbec1b7ec967","bgt_status":"bestaand","identificatieBAGOPR":"0683300000287301","tekst":"Izeren Helling","openbareRuimteType":"Weg","objecttype":"OpenbareRuimteLabel","hoek":76.8},"geometry":{"type":"Point","coordinates":[170388.747,558304.165]}},{"type":"Feature","properties":{"relatieveHoogteligging":0,"lokaalID":"G1900.09edd21bc6ac4a368a5182799c1055cf","bgt_status":"bestaand","identificatieBAGOPR":"0683300000287257","tekst":"Rinnert Anemastraat","openbareRuimteType":"Weg","objecttype":"OpenbareRuimteLabel","hoek":-23.9},"geometry":{"type":"Point","coordinates":[170692.456,558381.235]}},{"type":"Feature","properties":{"relatieveHoogteligging":0,"lokaalID":"G1900.3dc7684a0d92402ebdc0049776e0f4de","bgt_status":"bestaand","identificatieBAGOPR":"0683300000287058","tekst":"Buséstraat","openbareRuimteType":"Weg","objecttype":"OpenbareRuimteLabel","hoek":75.3},"geometry":{"type":"Point","coordinates":[170368.195,558381.543]}},{"type":"Feature","properties":{"relatieveHoogteligging":0,"lokaalID":"G1900.6c5ef6e2af3c446caa2ed4f1ea00c5cf","bgt_status":"bestaand","identificatieBAGOPR":"0683300000287011","tekst":"De Sânhorst","openbareRuimteType":"Weg","objecttype":"OpenbareRuimteLabel","hoek":80.8},"geometry":{"type":"Point","coordinates":[171361.307,558221.145]}},{"type":"Feature","properties":{"relatieveHoogteligging":0,"lokaalID":"G1900.9ea82f65a56941abbba2a3876b028bce","bgt_status":"bestaand","identificatieBAGOPR":"0683300000287057","tekst":"Bockamastraat","openbareRuimteType":"Weg","objecttype":"OpenbareRuimteLabel","hoek":-32.3},"geometry":{"type":"Point","coordinates":[170172.721,558317.097]}},{"type":"Feature","properties":{"relatieveHoogteligging":0,"lokaalID":"G1900.e61e2e289c324665ab105fd7bcc62c27","bgt_status":"bestaand","identificatieBAGOPR":"0683300000287289","tekst":"Pikpôllewei","openbareRuimteType":"Weg","objecttype":"OpenbareRuimteLabel","hoek":-61.8},"geometry":{"type":"Point","coordinates":[170738.96,558598.461]}},{"type":"Feature","properties":{"relatieveHoogteligging":0,"lokaalID":"G1900.06a2481b17cb4dbeba47deb3071d5eb6","bgt_status":"bestaand","identificatieBAGOPR":"0683300000287319","tekst":"Westergoleane","openbareRuimteType":"Weg","objecttype":"OpenbareRuimteLabel","hoek":-9.8},"geometry":{"type":"Point","coordinates":[171277.925,558272.654]}},{"type":"Feature","properties":{"relatieveHoogteligging":0,"lokaalID":"G1900.06a2481b17cb4dbeba47deb3071d5eb6","bgt_status":"bestaand","identificatieBAGOPR":"0683300000287319","tekst":"Westergoleane","openbareRuimteType":"Weg","objecttype":"OpenbareRuimteLabel","hoek":-9.5},"geometry":{"type":"Point","coordinates":[170972.339,558220.868]}},{"type":"Feature","properties":{"relatieveHoogteligging":0,"lokaalID":"G1900.06a2481b17cb4dbeba47deb3071d5eb6","bgt_status":"bestaand","identificatieBAGOPR":"0683300000287319","tekst":"Westergoleane","openbareRuimteType":"Weg","objecttype":"OpenbareRuimteLabel","hoek":-10.3},"geometry":{"type":"Point","coordinates":[171075.783,558238.432]}},{"type":"Feature","properties":{"relatieveHoogteligging":0,"lokaalID":"G1900.06a2481b17cb4dbeba47deb3071d5eb6","bgt_status":"bestaand","identificatieBAGOPR":"0683300000287319","tekst":"Westergoleane","openbareRuimteType":"Weg","objecttype":"OpenbareRuimteLabel","hoek":42.4},"geometry":{"type":"Point","coordinates":[171447.344,558223.872]}},{"type":"Feature","properties":{"relatieveHoogteligging":0,"lokaalID":"G1900.0e03e6330d9742f29d916136184a7490","bgt_status":"bestaand","identificatieBAGOPR":"0683300000287045","tekst":"Geeuwkade","openbareRuimteType":"Weg","objecttype":"OpenbareRuimteLabel","hoek":55.1},"geometry":{"type":"Point","coordinates":[170835.346,558429.337]}},{"type":"Feature","properties":{"relatieveHoogteligging":0,"lokaalID":"G1900.0e03e6330d9742f29d916136184a7490","bgt_status":"bestaand","identificatieBAGOPR":"0683300000287045","tekst":"Geeuwkade","openbareRuimteType":"Weg","objecttype":"OpenbareRuimteLabel","hoek":-55.3},"geometry":{"type":"Point","coordinates":[170818.949,558331.68]}},{"type":"Feature","properties":{"relatieveHoogteligging":0,"lokaalID":"G1900.0e03e6330d9742f29d916136184a7490","bgt_status":"bestaand","identificatieBAGOPR":"0683300000287045","tekst":"Geeuwkade","openbareRuimteType":"Weg","objecttype":"OpenbareRuimteLabel","hoek":-55.3},"geometry":{"type":"Point","coordinates":[170774.582,558266.833]}},{"type":"Feature","properties":{"relatieveHoogteligging":0,"lokaalID":"G1900.0e03e6330d9742f29d916136184a7490","bgt_status":"bestaand","identificatieBAGOPR":"0683300000287045","tekst":"Geeuwkade","openbareRuimteType":"Weg","objecttype":"OpenbareRuimteLabel","hoek":-51.8},"geometry":{"type":"Point","coordinates":[170746.785,558228.971]}},{"type":"Feature","properties":{"relatieveHoogteligging":0,"lokaalID":"G1900.1a709721a76e41cd82f4411510b07fe2","bgt_status":"bestaand","identificatieBAGOPR":"0683300000287010","tekst":"De Kling","openbareRuimteType":"Weg","objecttype":"OpenbareRuimteLabel","hoek":80.6},"geometry":{"type":"Point","coordinates":[171271.498,558234.555]}},{"type":"Feature","properties":{"relatieveHoogteligging":0,"lokaalID":"G1900.1a709721a76e41cd82f4411510b07fe2","bgt_status":"bestaand","identificatieBAGOPR":"0683300000287010","tekst":"De Kling","openbareRuimteType":"Weg","objecttype":"OpenbareRuimteLabel","hoek":80.2},"geometry":{"type":"Point","coordinates":[171304.698,558180.849]}},{"type":"Feature","properties":{"relatieveHoogteligging":0,"lokaalID":"G1900.1da85c2085664b2cad7b606d4ad17500","bgt_status":"bestaand","identificatieBAGOPR":"0683300000287328","tekst":"Skerdyk","openbareRuimteType":"Weg","objecttype":"OpenbareRuimteLabel","hoek":-64},"geometry":{"type":"Point","coordinates":[170518.042,559174.748]}},{"type":"Feature","properties":{"relatieveHoogteligging":0,"lokaalID":"G1900.1da85c2085664b2cad7b606d4ad17500","bgt_status":"bestaand","identificatieBAGOPR":"0683300000287328","tekst":"Skerdyk","openbareRuimteType":"Weg","objecttype":"OpenbareRuimteLabel","hoek":-14.5},"geometry":{"type":"Point","coordinates":[170725.706,559568.404]}},{"type":"Feature","properties":{"relatieveHoogteligging":0,"lokaalID":"G1900.1da85c2085664b2cad7b606d4ad17500","bgt_status":"bestaand","identificatieBAGOPR":"0683300000287328","tekst":"Skerdyk","openbareRuimteType":"Weg","objecttype":"OpenbareRuimteLabel","hoek":-83.9},"geometry":{"type":"Point","coordinates":[170459.639,558866.511]}},{"type":"Feature","properties":{"relatieveHoogteligging":0,"lokaalID":"G1900.1da85c2085664b2cad7b606d4ad17500","bgt_status":"bestaand","identificatieBAGOPR":"0683300000287328","tekst":"Skerdyk","openbareRuimteType":"Weg","objecttype":"OpenbareRuimteLabel","hoek":-67.6},"geometry":{"type":"Point","coordinates":[170600.37,559359.259]}},{"type":"Feature","properties":{"relatieveHoogteligging":0,"lokaalID":"G1900.1da85c2085664b2cad7b606d4ad17500","bgt_status":"bestaand","identificatieBAGOPR":"0683300000287328","tekst":"Skerdyk","openbareRuimteType":"Weg","objecttype":"OpenbareRuimteLabel","hoek":-83.1},"geometry":{"type":"Point","coordinates":[170482.641,559049.197]}},{"type":"Feature","properties":{"relatieveHoogteligging":0,"lokaalID":"G1900.1dd1ac2481fb4b0b8c5684d4e398cf01","bgt_status":"bestaand","identificatieBAGOPR":"0683300000287049","tekst":"Stadslaan","openbareRuimteType":"Weg","objecttype":"OpenbareRuimteLabel","hoek":54.5},"geometry":{"type":"Point","coordinates":[170642.114,558297.4]}},{"type":"Feature","properties":{"relatieveHoogteligging":0,"lokaalID":"G1900.1dd1ac2481fb4b0b8c5684d4e398cf01","bgt_status":"bestaand","identificatieBAGOPR":"0683300000287049","tekst":"Stadslaan","openbareRuimteType":"Weg","objecttype":"OpenbareRuimteLabel","hoek":48.9},"geometry":{"type":"Point","coordinates":[170426.636,558525.394]}},{"type":"Feature","properties":{"relatieveHoogteligging":0,"lokaalID":"G1900.1dd1ac2481fb4b0b8c5684d4e398cf01","bgt_status":"bestaand","identificatieBAGOPR":"0683300000287049","tekst":"Stadslaan","openbareRuimteType":"Weg","objecttype":"OpenbareRuimteLabel","hoek":33},"geometry":{"type":"Point","coordinates":[170464.264,558489.123]}},{"type":"Feature","properties":{"relatieveHoogteligging":0,"lokaalID":"G1900.1dd1ac2481fb4b0b8c5684d4e398cf01","bgt_status":"bestaand","identificatieBAGOPR":"0683300000287049","tekst":"Stadslaan","openbareRuimteType":"Weg","objecttype":"OpenbareRuimteLabel","hoek":48.7},"geometry":{"type":"Point","coordinates":[170567.923,558426.811]}},{"type":"Feature","properties":{"relatieveHoogteligging":0,"lokaalID":"G1900.1dd1ac2481fb4b0b8c5684d4e398cf01","bgt_status":"bestaand","identificatieBAGOPR":"0683300000287049","tekst":"Stadslaan","openbareRuimteType":"Weg","objecttype":"OpenbareRuimteLabel","hoek":24.6},"geometry":{"type":"Point","coordinates":[170702.758,558245.751]}},{"type":"Feature","properties":{"relatieveHoogteligging":0,"lokaalID":"G1900.259e4b020a6341f5b82611a846834281","bgt_status":"bestaand","identificatieBAGOPR":"0683300000287269","tekst":"De Smak","openbareRuimteType":"Weg","objecttype":"OpenbareRuimteLabel","hoek":-12},"geometry":{"type":"Point","coordinates":[171353.087,558060.797]}},{"type":"Feature","properties":{"relatieveHoogteligging":0,"lokaalID":"G1900.259e4b020a6341f5b82611a846834281","bgt_status":"bestaand","identificatieBAGOPR":"0683300000287269","tekst":"De Smak","openbareRuimteType":"Weg","objecttype":"OpenbareRuimteLabel","hoek":-12.2},"geometry":{"type":"Point","coordinates":[171369.971,558035.012]}},{"type":"Feature","properties":{"relatieveHoogteligging":0,"lokaalID":"G1900.25c40564cb0c4e2ab6b53b4860cb55f7","bgt_status":"bestaand","identificatieBAGOPR":"0683300000287270","tekst":"De Tsjalk","openbareRuimteType":"Weg","objecttype":"OpenbareRuimteLabel","hoek":78.4},"geometry":{"type":"Point","coordinates":[171247.186,558060.61]}},{"type":"Feature","properties":{"relatieveHoogteligging":0,"lokaalID":"G1900.25c40564cb0c4e2ab6b53b4860cb55f7","bgt_status":"bestaand","identificatieBAGOPR":"0683300000287270","tekst":"De Tsjalk","openbareRuimteType":"Weg","objecttype":"OpenbareRuimteLabel","hoek":-10},"geometry":{"type":"Point","coordinates":[171142.039,558016.518]}},{"type":"Feature","properties":{"relatieveHoogteligging":0,"lokaalID":"G1900.29c836f1f5bb4240a59c2f54d88127a8","bgt_status":"bestaand","identificatieBAGOPR":"0683300000287065","tekst":"Zuidwesthoekweg","openbareRuimteType":"Weg","objecttype":"OpenbareRuimteLabel","hoek":-39.9},"geometry":{"type":"Point","coordinates":[170098.651,558416.634]}},{"type":"Feature","properties":{"relatieveHoogteligging":0,"lokaalID":"G1900.29c836f1f5bb4240a59c2f54d88127a8","bgt_status":"bestaand","identificatieBAGOPR":"0683300000287065","tekst":"Zuidwesthoekweg","openbareRuimteType":"Weg","objecttype":"OpenbareRuimteLabel","hoek":-39.5},"geometry":{"type":"Point","coordinates":[169924.267,558271.399]}},{"type":"Feature","properties":{"relatieveHoogteligging":0,"lokaalID":"G1900.29c836f1f5bb4240a59c2f54d88127a8","bgt_status":"bestaand","identificatieBAGOPR":"0683300000287065","tekst":"Zuidwesthoekweg","openbareRuimteType":"Weg","objecttype":"OpenbareRuimteLabel","hoek":-39.9},"geometry":{"type":"Point","coordinates":[170891.955,559071.087]}},{"type":"Feature","properties":{"relatieveHoogteligging":0,"lokaalID":"G1900.29c836f1f5bb4240a59c2f54d88127a8","bgt_status":"bestaand","identificatieBAGOPR":"0683300000287065","tekst":"Zuidwesthoekweg","openbareRuimteType":"Weg","objecttype":"OpenbareRuimteLabel","hoek":-40.3},"geometry":{"type":"Point","coordinates":[171048.185,559202.122]}},{"type":"Feature","properties":{"relatieveHoogteligging":0,"lokaalID":"G1900.29c836f1f5bb4240a59c2f54d88127a8","bgt_status":"bestaand","identificatieBAGOPR":"0683300000287065","tekst":"Zuidwesthoekweg","openbareRuimteType":"Weg","objecttype":"OpenbareRuimteLabel","hoek":-39.3},"geometry":{"type":"Point","coordinates":[170271.668,558561.245]}},{"type":"Feature","properties":{"relatieveHoogteligging":0,"lokaalID":"G1900.29c836f1f5bb4240a59c2f54d88127a8","bgt_status":"bestaand","identificatieBAGOPR":"0683300000287065","tekst":"Zuidwesthoekweg","openbareRuimteType":"Weg","objecttype":"OpenbareRuimteLabel","hoek":-40.8},"geometry":{"type":"Point","coordinates":[170454.663,558712.311]}},{"type":"Feature","properties":{"relatieveHoogteligging":0,"lokaalID":"G1900.29c836f1f5bb4240a59c2f54d88127a8","bgt_status":"bestaand","identificatieBAGOPR":"0683300000287065","tekst":"Zuidwesthoekweg","openbareRuimteType":"Weg","objecttype":"OpenbareRuimteLabel","hoek":-39.8},"geometry":{"type":"Point","coordinates":[170662.521,558881.324]}},{"type":"Feature","properties":{"relatieveHoogteligging":0,"lokaalID":"G1900.29c836f1f5bb4240a59c2f54d88127a8","bgt_status":"bestaand","identificatieBAGOPR":"0683300000287065","tekst":"Zuidwesthoekweg","openbareRuimteType":"Weg","objecttype":"OpenbareRuimteLabel","hoek":-40.4},"geometry":{"type":"Point","coordinates":[171412.36,559507.627]}},{"type":"Feature","properties":{"relatieveHoogteligging":0,"lokaalID":"G1900.29c836f1f5bb4240a59c2f54d88127a8","bgt_status":"bestaand","identificatieBAGOPR":"0683300000287065","tekst":"Zuidwesthoekweg","openbareRuimteType":"Weg","objecttype":"OpenbareRuimteLabel","hoek":-39.8},"geometry":{"type":"Point","coordinates":[171244.745,559367.12]}},{"type":"Feature","properties":{"relatieveHoogteligging":0,"lokaalID":"G1900.3b644c45daea41ebaf9bc752b54a231b","bgt_status":"bestaand","identificatieBAGOPR":"0683300000287009","tekst":"De Fjûrslach","openbareRuimteType":"Weg","objecttype":"OpenbareRuimteLabel","hoek":79.5},"geometry":{"type":"Point","coordinates":[171165.13,558132.102]}},{"type":"Feature","properties":{"relatieveHoogteligging":0,"lokaalID":"G1900.3b644c45daea41ebaf9bc752b54a231b","bgt_status":"bestaand","identificatieBAGOPR":"0683300000287009","tekst":"De Fjûrslach","openbareRuimteType":"Weg","objecttype":"OpenbareRuimteLabel","hoek":80.2},"geometry":{"type":"Point","coordinates":[171128.801,558186.605]}},{"type":"Feature","properties":{"relatieveHoogteligging":0,"lokaalID":"G1900.4e60fe7fe1c74a9abd7eb651f6784961","bgt_status":"bestaand","identificatieBAGOPR":"0683300000287061","tekst":"Holtropweg","openbareRuimteType":"Weg","objecttype":"OpenbareRuimteLabel","hoek":-78.1},"geometry":{"type":"Point","coordinates":[170328.863,558278.603]}},{"type":"Feature","properties":{"relatieveHoogteligging":0,"lokaalID":"G1900.4e60fe7fe1c74a9abd7eb651f6784961","bgt_status":"bestaand","identificatieBAGOPR":"0683300000287061","tekst":"Holtropweg","openbareRuimteType":"Weg","objecttype":"OpenbareRuimteLabel","hoek":8.9},"geometry":{"type":"Point","coordinates":[170271.254,558192.015]}},{"type":"Feature","properties":{"relatieveHoogteligging":0,"lokaalID":"G1900.4e60fe7fe1c74a9abd7eb651f6784961","bgt_status":"bestaand","identificatieBAGOPR":"0683300000287061","tekst":"Holtropweg","openbareRuimteType":"Weg","objecttype":"OpenbareRuimteLabel","hoek":-78.6},"geometry":{"type":"Point","coordinates":[170316.358,558217.407]}},{"type":"Feature","properties":{"relatieveHoogteligging":0,"lokaalID":"G1900.4e60fe7fe1c74a9abd7eb651f6784961","bgt_status":"bestaand","identificatieBAGOPR":"0683300000287061","tekst":"Holtropweg","openbareRuimteType":"Weg","objecttype":"OpenbareRuimteLabel","hoek":-11},"geometry":{"type":"Point","coordinates":[170171.141,558143.718]}},{"type":"Feature","properties":{"relatieveHoogteligging":0,"lokaalID":"G1900.4f0ea3fb38dd4b84aff8175a4642bc24","bgt_status":"bestaand","identificatieBAGOPR":"0683300000287056","tekst":"Jurjen Hoomansstraat","openbareRuimteType":"Weg","objecttype":"OpenbareRuimteLabel","hoek":-10.8},"geometry":{"type":"Point","coordinates":[170518.155,558357.845]}},{"type":"Feature","properties":{"relatieveHoogteligging":0,"lokaalID":"G1900.4f0ea3fb38dd4b84aff8175a4642bc24","bgt_status":"bestaand","identificatieBAGOPR":"0683300000287056","tekst":"Jurjen Hoomansstraat","openbareRuimteType":"Weg","objecttype":"OpenbareRuimteLabel","hoek":-9.6},"geometry":{"type":"Point","coordinates":[170394.884,558335.622]}},{"type":"Feature","properties":{"relatieveHoogteligging":0,"lokaalID":"G1900.62937a1ce47d42d0929304b6ad250108","bgt_status":"bestaand","identificatieBAGOPR":"0683300000287052","tekst":"Eegracht","openbareRuimteType":"Weg","objecttype":"OpenbareRuimteLabel","hoek":56.6},"geometry":{"type":"Point","coordinates":[171001.976,557778.372]}},{"type":"Feature","properties":{"relatieveHoogteligging":0,"lokaalID":"G1900.62937a1ce47d42d0929304b6ad250108","bgt_status":"bestaand","identificatieBAGOPR":"0683300000287052","tekst":"Eegracht","openbareRuimteType":"Weg","objecttype":"OpenbareRuimteLabel","hoek":58.2},"geometry":{"type":"Point","coordinates":[170925.943,557912.79]}},{"type":"Feature","properties":{"relatieveHoogteligging":0,"lokaalID":"G1900.62937a1ce47d42d0929304b6ad250108","bgt_status":"bestaand","identificatieBAGOPR":"0683300000287052","tekst":"Eegracht","openbareRuimteType":"Weg","objecttype":"OpenbareRuimteLabel","hoek":23.9},"geometry":{"type":"Point","coordinates":[170779.819,558175.2]}},{"type":"Feature","properties":{"relatieveHoogteligging":0,"lokaalID":"G1900.62937a1ce47d42d0929304b6ad250108","bgt_status":"bestaand","identificatieBAGOPR":"0683300000287052","tekst":"Eegracht","openbareRuimteType":"Weg","objecttype":"OpenbareRuimteLabel","hoek":72},"geometry":{"type":"Point","coordinates":[170863.484,558041.232]}},{"type":"Feature","properties":{"relatieveHoogteligging":0,"lokaalID":"G1900.62937a1ce47d42d0929304b6ad250108","bgt_status":"bestaand","identificatieBAGOPR":"0683300000287052","tekst":"Eegracht","openbareRuimteType":"Weg","objecttype":"OpenbareRuimteLabel","hoek":60.8},"geometry":{"type":"Point","coordinates":[171039.924,557711.786]}},{"type":"Feature","properties":{"relatieveHoogteligging":0,"lokaalID":"G1900.64aa910a68db4270b2d0a6b34e564750","bgt_status":"bestaand","identificatieBAGOPR":"0683300000287311","tekst":"Julianastraat","openbareRuimteType":"Weg","objecttype":"OpenbareRuimteLabel","hoek":44.6},"geometry":{"type":"Point","coordinates":[170477.995,558582.643]}},{"type":"Feature","properties":{"relatieveHoogteligging":0,"lokaalID":"G1900.64aa910a68db4270b2d0a6b34e564750","bgt_status":"bestaand","identificatieBAGOPR":"0683300000287311","tekst":"Julianastraat","openbareRuimteType":"Weg","objecttype":"OpenbareRuimteLabel","hoek":61.6},"geometry":{"type":"Point","coordinates":[170667.561,558457.491]}},{"type":"Feature","properties":{"relatieveHoogteligging":0,"lokaalID":"G1900.64aa910a68db4270b2d0a6b34e564750","bgt_status":"bestaand","identificatieBAGOPR":"0683300000287311","tekst":"Julianastraat","openbareRuimteType":"Weg","objecttype":"OpenbareRuimteLabel","hoek":28.6},"geometry":{"type":"Point","coordinates":[170556.406,558537.679]}},{"type":"Feature","properties":{"relatieveHoogteligging":0,"lokaalID":"G1900.6941df880d94460c9553bd747779d5b2","bgt_status":"bestaand","identificatieBAGOPR":"0683300000287048","tekst":"Sneekerpad","openbareRuimteType":"Weg","objecttype":"OpenbareRuimteLabel","hoek":-49.3},"geometry":{"type":"Point","coordinates":[170962.411,558318.795]}},{"type":"Feature","properties":{"relatieveHoogteligging":0,"lokaalID":"G1900.6941df880d94460c9553bd747779d5b2","bgt_status":"bestaand","identificatieBAGOPR":"0683300000287048","tekst":"Sneekerpad","openbareRuimteType":"Weg","objecttype":"OpenbareRuimteLabel","hoek":-43.1},"geometry":{"type":"Point","coordinates":[171101.167,558433.869]}},{"type":"Feature","properties":{"relatieveHoogteligging":0,"lokaalID":"G1900.7e8d9205801c4e3787e4bfc16b6f100f","bgt_status":"bestaand","identificatieBAGOPR":"0683300000287321","tekst":"Wilhelminastraat","openbareRuimteType":"Weg","objecttype":"OpenbareRuimteLabel","hoek":28.7},"geometry":{"type":"Point","coordinates":[170751.211,558484.853]}},{"type":"Feature","properties":{"relatieveHoogteligging":0,"lokaalID":"G1900.7e8d9205801c4e3787e4bfc16b6f100f","bgt_status":"bestaand","identificatieBAGOPR":"0683300000287321","tekst":"Wilhelminastraat","openbareRuimteType":"Weg","objecttype":"OpenbareRuimteLabel","hoek":-26.5},"geometry":{"type":"Point","coordinates":[170605.625,558461.914]}},{"type":"Feature","properties":{"relatieveHoogteligging":0,"lokaalID":"G1900.8afc9853f1e24d8788fa2986c7249e88","bgt_status":"bestaand","identificatieBAGOPR":"0683300000287051","tekst":"W. M. Oppedijkstraat","openbareRuimteType":"Weg","objecttype":"OpenbareRuimteLabel","hoek":76.6},"geometry":{"type":"Point","coordinates":[170461.612,558400.284]}},{"type":"Feature","properties":{"relatieveHoogteligging":0,"lokaalID":"G1900.8afc9853f1e24d8788fa2986c7249e88","bgt_status":"bestaand","identificatieBAGOPR":"0683300000287051","tekst":"W. M. Oppedijkstraat","openbareRuimteType":"Weg","objecttype":"OpenbareRuimteLabel","hoek":80.2},"geometry":{"type":"Point","coordinates":[170483.356,558315.122]}},{"type":"Feature","properties":{"relatieveHoogteligging":0,"lokaalID":"G1900.9304dd83e60d4c05805899174fcf5048","bgt_status":"bestaand","identificatieBAGOPR":"0683300000287054","tekst":"Popmawal","openbareRuimteType":"Weg","objecttype":"OpenbareRuimteLabel","hoek":-61.3},"geometry":{"type":"Point","coordinates":[170823.83,558262.664]}},{"type":"Feature","properties":{"relatieveHoogteligging":0,"lokaalID":"G1900.9304dd83e60d4c05805899174fcf5048","bgt_status":"bestaand","identificatieBAGOPR":"0683300000287054","tekst":"Popmawal","openbareRuimteType":"Weg","objecttype":"OpenbareRuimteLabel","hoek":-56.2},"geometry":{"type":"Point","coordinates":[170782.75,558237.212]}},{"type":"Feature","properties":{"relatieveHoogteligging":0,"lokaalID":"G1900.98df32a20ad6498aba78f6370215848d","bgt_status":"bestaand","identificatieBAGOPR":"0683300000287063","tekst":"Sikko Sjaerdemalaan","openbareRuimteType":"Weg","objecttype":"OpenbareRuimteLabel","hoek":-5.3},"geometry":{"type":"Point","coordinates":[170082.309,558219.614]}},{"type":"Feature","properties":{"relatieveHoogteligging":0,"lokaalID":"G1900.98df32a20ad6498aba78f6370215848d","bgt_status":"bestaand","identificatieBAGOPR":"0683300000287063","tekst":"Sikko Sjaerdemalaan","openbareRuimteType":"Weg","objecttype":"OpenbareRuimteLabel","hoek":-5},"geometry":{"type":"Point","coordinates":[169961.836,558208.568]}},{"type":"Feature","properties":{"relatieveHoogteligging":0,"lokaalID":"G1900.98df32a20ad6498aba78f6370215848d","bgt_status":"bestaand","identificatieBAGOPR":"0683300000287063","tekst":"Sikko Sjaerdemalaan","openbareRuimteType":"Weg","objecttype":"OpenbareRuimteLabel","hoek":-33.8},"geometry":{"type":"Point","coordinates":[170234.596,558274.531]}},{"type":"Feature","properties":{"relatieveHoogteligging":0,"lokaalID":"G1900.9950c5fa26d4490f9ffc5cc35331083c","bgt_status":"bestaand","identificatieBAGOPR":"0683300000287156","tekst":"Sudergoweg","openbareRuimteType":"Weg","objecttype":"OpenbareRuimteLabel","hoek":-24.9},"geometry":{"type":"Point","coordinates":[170930.11,557971.603]}},{"type":"Feature","properties":{"relatieveHoogteligging":0,"lokaalID":"G1900.9950c5fa26d4490f9ffc5cc35331083c","bgt_status":"bestaand","identificatieBAGOPR":"0683300000287156","tekst":"Sudergoweg","openbareRuimteType":"Weg","objecttype":"OpenbareRuimteLabel","hoek":-11},"geometry":{"type":"Point","coordinates":[172306.881,558292.717]}},{"type":"Feature","properties":{"relatieveHoogteligging":0,"lokaalID":"G1900.9950c5fa26d4490f9ffc5cc35331083c","bgt_status":"bestaand","identificatieBAGOPR":"0683300000287156","tekst":"Sudergoweg","openbareRuimteType":"Weg","objecttype":"OpenbareRuimteLabel","hoek":-10.5},"geometry":{"type":"Point","coordinates":[172026.137,558240.482]}},{"type":"Feature","properties":{"relatieveHoogteligging":0,"lokaalID":"G1900.9950c5fa26d4490f9ffc5cc35331083c","bgt_status":"bestaand","identificatieBAGOPR":"0683300000287156","tekst":"Sudergoweg","openbareRuimteType":"Weg","objecttype":"OpenbareRuimteLabel","hoek":5.5},"geometry":{"type":"Point","coordinates":[172669.085,558302.294]}},{"type":"Feature","properties":{"relatieveHoogteligging":0,"lokaalID":"G1900.9950c5fa26d4490f9ffc5cc35331083c","bgt_status":"bestaand","identificatieBAGOPR":"0683300000287156","tekst":"Sudergoweg","openbareRuimteType":"Weg","objecttype":"OpenbareRuimteLabel","hoek":-10.5},"geometry":{"type":"Point","coordinates":[171337.377,558112.042]}},{"type":"Feature","properties":{"relatieveHoogteligging":0,"lokaalID":"G1900.9950c5fa26d4490f9ffc5cc35331083c","bgt_status":"bestaand","identificatieBAGOPR":"0683300000287156","tekst":"Sudergoweg","openbareRuimteType":"Weg","objecttype":"OpenbareRuimteLabel","hoek":-10.5},"geometry":{"type":"Point","coordinates":[171718.274,558183.249]}},{"type":"Feature","properties":{"relatieveHoogteligging":0,"lokaalID":"G1900.9950c5fa26d4490f9ffc5cc35331083c","bgt_status":"bestaand","identificatieBAGOPR":"0683300000287156","tekst":"Sudergoweg","openbareRuimteType":"Weg","objecttype":"OpenbareRuimteLabel","hoek":-19.1},"geometry":{"type":"Point","coordinates":[171142.132,558068.507]}},{"type":"Feature","properties":{"relatieveHoogteligging":0,"lokaalID":"G1900.9b862411e3e842928cb331be40f33405","bgt_status":"bestaand","identificatieBAGOPR":"0683300000287238","tekst":"De Iendrachtwei","openbareRuimteType":"Weg","objecttype":"OpenbareRuimteLabel","hoek":81},"geometry":{"type":"Point","coordinates":[171543.297,557957.897]}},{"type":"Feature","properties":{"relatieveHoogteligging":0,"lokaalID":"G1900.9b862411e3e842928cb331be40f33405","bgt_status":"bestaand","identificatieBAGOPR":"0683300000287238","tekst":"De Iendrachtwei","openbareRuimteType":"Weg","objecttype":"OpenbareRuimteLabel","hoek":81},"geometry":{"type":"Point","coordinates":[171524.357,558077.537]}},{"type":"Feature","properties":{"relatieveHoogteligging":0,"lokaalID":"G1900.9b862411e3e842928cb331be40f33405","bgt_status":"bestaand","identificatieBAGOPR":"0683300000287238","tekst":"De Iendrachtwei","openbareRuimteType":"Weg","objecttype":"OpenbareRuimteLabel","hoek":80.4},"geometry":{"type":"Point","coordinates":[171585.242,557699.19]}},{"type":"Feature","properties":{"relatieveHoogteligging":0,"lokaalID":"G1900.9bd2bf892f184ad195debb4082b006e1","bgt_status":"bestaand","identificatieBAGOPR":"0683300000286976","tekst":"Parallelwei","openbareRuimteType":"Weg","objecttype":"OpenbareRuimteLabel","hoek":-39.9},"geometry":{"type":"Point","coordinates":[170215.029,558634.455]}},{"type":"Feature","properties":{"relatieveHoogteligging":0,"lokaalID":"G1900.9bd2bf892f184ad195debb4082b006e1","bgt_status":"bestaand","identificatieBAGOPR":"0683300000286976","tekst":"Parallelwei","openbareRuimteType":"Weg","objecttype":"OpenbareRuimteLabel","hoek":-39.7},"geometry":{"type":"Point","coordinates":[169937.899,558402.103]}},{"type":"Feature","properties":{"relatieveHoogteligging":0,"lokaalID":"G1900.9bd2bf892f184ad195debb4082b006e1","bgt_status":"bestaand","identificatieBAGOPR":"0683300000286976","tekst":"Parallelwei","openbareRuimteType":"Weg","objecttype":"OpenbareRuimteLabel","hoek":-40.2},"geometry":{"type":"Point","coordinates":[170009.081,558462.028]}},{"type":"Feature","properties":{"relatieveHoogteligging":0,"lokaalID":"G1900.af788f00286d4b34833475e3f850e130","bgt_status":"bestaand","identificatieBAGOPR":"0683300000287318","tekst":"De Kearnstien","openbareRuimteType":"Weg","objecttype":"OpenbareRuimteLabel","hoek":80.7},"geometry":{"type":"Point","coordinates":[170962.816,558175.014]}},{"type":"Feature","properties":{"relatieveHoogteligging":0,"lokaalID":"G1900.af788f00286d4b34833475e3f850e130","bgt_status":"bestaand","identificatieBAGOPR":"0683300000287318","tekst":"De Kearnstien","openbareRuimteType":"Weg","objecttype":"OpenbareRuimteLabel","hoek":-9.4},"geometry":{"type":"Point","coordinates":[171009.278,558058.93]}},{"type":"Feature","properties":{"relatieveHoogteligging":0,"lokaalID":"G1900.ba96f367ff4440138cfe60a146dac211","bgt_status":"bestaand","identificatieBAGOPR":"0683300000287325","tekst":"De Dassenboarch","openbareRuimteType":"Weg","objecttype":"OpenbareRuimteLabel","hoek":81.8},"geometry":{"type":"Point","coordinates":[171021.365,558320.495]}},{"type":"Feature","properties":{"relatieveHoogteligging":0,"lokaalID":"G1900.ba96f367ff4440138cfe60a146dac211","bgt_status":"bestaand","identificatieBAGOPR":"0683300000287325","tekst":"De Dassenboarch","openbareRuimteType":"Weg","objecttype":"OpenbareRuimteLabel","hoek":65.6},"geometry":{"type":"Point","coordinates":[171052.501,558150.037]}},{"type":"Feature","properties":{"relatieveHoogteligging":0,"lokaalID":"G1900.bcb4fe984c794b079106f2171b4912c6","bgt_status":"bestaand","identificatieBAGOPR":"0683300000287251","tekst":"Roodhemsterweg","openbareRuimteType":"Weg","objecttype":"OpenbareRuimteLabel","hoek":-45.1},"geometry":{"type":"Point","coordinates":[170665.028,558772.59]}},{"type":"Feature","properties":{"relatieveHoogteligging":0,"lokaalID":"G1900.bcb4fe984c794b079106f2171b4912c6","bgt_status":"bestaand","identificatieBAGOPR":"0683300000287251","tekst":"Roodhemsterweg","openbareRuimteType":"Weg","objecttype":"OpenbareRuimteLabel","hoek":-41},"geometry":{"type":"Point","coordinates":[170452.199,558562.759]}},{"type":"Feature","properties":{"relatieveHoogteligging":0,"lokaalID":"G1900.bcb4fe984c794b079106f2171b4912c6","bgt_status":"bestaand","identificatieBAGOPR":"0683300000287251","tekst":"Roodhemsterweg","openbareRuimteType":"Weg","objecttype":"OpenbareRuimteLabel","hoek":-44.2},"geometry":{"type":"Point","coordinates":[170544.628,558653.624]}},{"type":"Feature","properties":{"relatieveHoogteligging":0,"lokaalID":"G1900.c0980a413c3a4332b61c80073336fb19","bgt_status":"bestaand","identificatieBAGOPR":"0683300000287302","tekst":"Bernhardstraat","openbareRuimteType":"Weg","objecttype":"OpenbareRuimteLabel","hoek":-57.9},"geometry":{"type":"Point","coordinates":[170502.973,558531.814]}},{"type":"Feature","properties":{"relatieveHoogteligging":0,"lokaalID":"G1900.c0980a413c3a4332b61c80073336fb19","bgt_status":"bestaand","identificatieBAGOPR":"0683300000287302","tekst":"Bernhardstraat","openbareRuimteType":"Weg","objecttype":"OpenbareRuimteLabel","hoek":-57.6},"geometry":{"type":"Point","coordinates":[170483.763,558501.077]}},{"type":"Feature","properties":{"relatieveHoogteligging":0,"lokaalID":"G1900.c64266a3ea6c4702b47892255b9a5422","bgt_status":"bestaand","identificatieBAGOPR":"0683300000287064","tekst":"Ylostinslaan","openbareRuimteType":"Weg","objecttype":"OpenbareRuimteLabel","hoek":-20.8},"geometry":{"type":"Point","coordinates":[170284.15,558459.758]}},{"type":"Feature","properties":{"relatieveHoogteligging":0,"lokaalID":"G1900.c64266a3ea6c4702b47892255b9a5422","bgt_status":"bestaand","identificatieBAGOPR":"0683300000287064","tekst":"Ylostinslaan","openbareRuimteType":"Weg","objecttype":"OpenbareRuimteLabel","hoek":-46.4},"geometry":{"type":"Point","coordinates":[169887.476,558161.47]}},{"type":"Feature","properties":{"relatieveHoogteligging":0,"lokaalID":"G1900.c64266a3ea6c4702b47892255b9a5422","bgt_status":"bestaand","identificatieBAGOPR":"0683300000287064","tekst":"Ylostinslaan","openbareRuimteType":"Weg","objecttype":"OpenbareRuimteLabel","hoek":-37.9},"geometry":{"type":"Point","coordinates":[170096.848,558338.671]}},{"type":"Feature","properties":{"relatieveHoogteligging":0,"lokaalID":"G1900.c64266a3ea6c4702b47892255b9a5422","bgt_status":"bestaand","identificatieBAGOPR":"0683300000287064","tekst":"Ylostinslaan","openbareRuimteType":"Weg","objecttype":"OpenbareRuimteLabel","hoek":-37.6},"geometry":{"type":"Point","coordinates":[169983.416,558250.937]}},{"type":"Feature","properties":{"relatieveHoogteligging":0,"lokaalID":"G1900.c64266a3ea6c4702b47892255b9a5422","bgt_status":"bestaand","identificatieBAGOPR":"0683300000287064","tekst":"Ylostinslaan","openbareRuimteType":"Weg","objecttype":"OpenbareRuimteLabel","hoek":-35.8},"geometry":{"type":"Point","coordinates":[170395.589,558510.466]}},{"type":"Feature","properties":{"relatieveHoogteligging":0,"lokaalID":"G1900.cd54529c1c5e45d8ad039624caead97c","bgt_status":"bestaand","identificatieBAGOPR":"0683300000287053","tekst":"Galamagracht","openbareRuimteType":"Weg","objecttype":"OpenbareRuimteLabel","hoek":57.4},"geometry":{"type":"Point","coordinates":[171011.207,557795.886]}},{"type":"Feature","properties":{"relatieveHoogteligging":0,"lokaalID":"G1900.cd54529c1c5e45d8ad039624caead97c","bgt_status":"bestaand","identificatieBAGOPR":"0683300000287053","tekst":"Galamagracht","openbareRuimteType":"Weg","objecttype":"OpenbareRuimteLabel","hoek":54.6},"geometry":{"type":"Point","coordinates":[171059.321,557732.406]}},{"type":"Feature","properties":{"relatieveHoogteligging":0,"lokaalID":"G1900.cd54529c1c5e45d8ad039624caead97c","bgt_status":"bestaand","identificatieBAGOPR":"0683300000287053","tekst":"Galamagracht","openbareRuimteType":"Weg","objecttype":"OpenbareRuimteLabel","hoek":25.7},"geometry":{"type":"Point","coordinates":[170784.045,558196.555]}},{"type":"Feature","properties":{"relatieveHoogteligging":0,"lokaalID":"G1900.cd54529c1c5e45d8ad039624caead97c","bgt_status":"bestaand","identificatieBAGOPR":"0683300000287053","tekst":"Galamagracht","openbareRuimteType":"Weg","objecttype":"OpenbareRuimteLabel","hoek":-89.3},"geometry":{"type":"Point","coordinates":[170884.792,558072.14]}},{"type":"Feature","properties":{"relatieveHoogteligging":0,"lokaalID":"G1900.cd54529c1c5e45d8ad039624caead97c","bgt_status":"bestaand","identificatieBAGOPR":"0683300000287053","tekst":"Galamagracht","openbareRuimteType":"Weg","objecttype":"OpenbareRuimteLabel","hoek":60.5},"geometry":{"type":"Point","coordinates":[170947.154,557921.582]}},{"type":"Feature","properties":{"relatieveHoogteligging":0,"lokaalID":"G1900.e451e7a0cb93476f90b22a7da458b0a3","bgt_status":"bestaand","identificatieBAGOPR":"0683300000287267","tekst":"De Koffe","openbareRuimteType":"Weg","objecttype":"OpenbareRuimteLabel","hoek":48.5},"geometry":{"type":"Point","coordinates":[171318.265,558024.407]}},{"type":"Feature","properties":{"relatieveHoogteligging":0,"lokaalID":"G1900.e451e7a0cb93476f90b22a7da458b0a3","bgt_status":"bestaand","identificatieBAGOPR":"0683300000287267","tekst":"De Koffe","openbareRuimteType":"Weg","objecttype":"OpenbareRuimteLabel","hoek":77.9},"geometry":{"type":"Point","coordinates":[171337.318,557967.007]}},{"type":"Feature","properties":{"relatieveHoogteligging":0,"lokaalID":"G1900.e79aa197f00b49688dff791325320b18","bgt_status":"bestaand","identificatieBAGOPR":"0683300000287060","tekst":"Harinxmaweg","openbareRuimteType":"Weg","objecttype":"OpenbareRuimteLabel","hoek":-26.7},"geometry":{"type":"Point","coordinates":[170077.636,558141.986]}},{"type":"Feature","properties":{"relatieveHoogteligging":0,"lokaalID":"G1900.e79aa197f00b49688dff791325320b18","bgt_status":"bestaand","identificatieBAGOPR":"0683300000287060","tekst":"Harinxmaweg","openbareRuimteType":"Weg","objecttype":"OpenbareRuimteLabel","hoek":25.8},"geometry":{"type":"Point","coordinates":[169921.065,558146.027]}},{"type":"Feature","properties":{"relatieveHoogteligging":0,"lokaalID":"G1900.ee148767f6b84839bc12edd63978e2d6","bgt_status":"bestaand","identificatieBAGOPR":"0683300000287256","tekst":"Mientlân","openbareRuimteType":"Weg","objecttype":"OpenbareRuimteLabel","hoek":48.6},"geometry":{"type":"Point","coordinates":[170699.14,558331.239]}},{"type":"Feature","properties":{"relatieveHoogteligging":0,"lokaalID":"G1900.ee148767f6b84839bc12edd63978e2d6","bgt_status":"bestaand","identificatieBAGOPR":"0683300000287256","tekst":"Mientlân","openbareRuimteType":"Weg","objecttype":"OpenbareRuimteLabel","hoek":-54.5},"geometry":{"type":"Point","coordinates":[170755.663,558350.688]}},{"type":"Feature","properties":{"relatieveHoogteligging":0,"lokaalID":"G1900.a530161bb13a4970b9d4859f80bc5104","bgt_status":"bestaand","identificatieBAGOPR":"0091300000001698","tekst":"Terpenssleat","openbareRuimteType":"Water","objecttype":"OpenbareRuimteLabel","hoek":-10.8},"geometry":{"type":"Point","coordinates":[171540.39,558475.887]}},{"type":"Feature","properties":{"relatieveHoogteligging":0,"lokaalID":"G1900.a530161bb13a4970b9d4859f80bc5104","bgt_status":"bestaand","identificatieBAGOPR":"0091300000001698","tekst":"Terpenssleat","openbareRuimteType":"Water","objecttype":"OpenbareRuimteLabel","hoek":-10.2},"geometry":{"type":"Point","coordinates":[171937.106,558542.086]}},{"type":"Feature","properties":{"relatieveHoogteligging":0,"lokaalID":"G1900.8d3fb0ad4a7c4876bc9346137d4fffe5","bgt_status":"bestaand","identificatieBAGOPR":"0091300000001168","tekst":"Zuidwesthoekweg","openbareRuimteType":"Weg","objecttype":"OpenbareRuimteLabel","hoek":-40.1},"geometry":{"type":"Point","coordinates":[171783.335,559819.792]}},{"type":"Feature","properties":{"relatieveHoogteligging":0,"lokaalID":"G1900.8d3fb0ad4a7c4876bc9346137d4fffe5","bgt_status":"bestaand","identificatieBAGOPR":"0091300000001168","tekst":"Zuidwesthoekweg","openbareRuimteType":"Weg","objecttype":"OpenbareRuimteLabel","hoek":-30.4},"geometry":{"type":"Point","coordinates":[172155.709,560123.883]}},{"type":"Feature","properties":{"relatieveHoogteligging":0,"lokaalID":"G1900.05f7d7d9303e48038dd23b2d61df854f","bgt_status":"bestaand","identificatieBAGOPR":"0091300000001175","tekst":"Alde Himdyk","openbareRuimteType":"Weg","objecttype":"OpenbareRuimteLabel","hoek":-43.8},"geometry":{"type":"Point","coordinates":[171509.061,559954.064]}},{"type":"Feature","properties":{"relatieveHoogteligging":0,"lokaalID":"G1900.05f7d7d9303e48038dd23b2d61df854f","bgt_status":"bestaand","identificatieBAGOPR":"0091300000001175","tekst":"Alde Himdyk","openbareRuimteType":"Weg","objecttype":"OpenbareRuimteLabel","hoek":-53.1},"geometry":{"type":"Point","coordinates":[171636.081,560108.344]}},{"type":"Feature","properties":{"relatieveHoogteligging":0,"lokaalID":"G1900.05f7d7d9303e48038dd23b2d61df854f","bgt_status":"bestaand","identificatieBAGOPR":"0091300000001175","tekst":"Alde Himdyk","openbareRuimteType":"Weg","objecttype":"OpenbareRuimteLabel","hoek":6.3},"geometry":{"type":"Point","coordinates":[171243.243,559895.252]}},{"type":"Feature","properties":{"relatieveHoogteligging":0,"lokaalID":"G1900.d6f617cfb31d4191a7b0251f12ac6810","bgt_status":"bestaand","identificatieBAGOPR":"1900300000210305","tekst":"Skerdyk","openbareRuimteType":"Weg","objecttype":"OpenbareRuimteLabel","hoek":-46.7},"geometry":{"type":"Point","coordinates":[171062.285,559816.862]}},{"type":"Feature","properties":{"relatieveHoogteligging":0,"lokaalID":"G1900.d6f617cfb31d4191a7b0251f12ac6810","bgt_status":"bestaand","identificatieBAGOPR":"1900300000210305","tekst":"Skerdyk","openbareRuimteType":"Weg","objecttype":"OpenbareRuimteLabel","hoek":-32.5},"geometry":{"type":"Point","coordinates":[170935.853,559670.504]}},{"type":"Feature","properties":{"relatieveHoogteligging":0,"lokaalID":"G1900.00bca352587942bab2e87162a5f1105c","bgt_status":"bestaand","identificatieBAGOPR":"0091300000001580","tekst":"de Vang","openbareRuimteType":"Weg","objecttype":"OpenbareRuimteLabel","hoek":-80.8},"geometry":{"type":"Point","coordinates":[172605.317,558954.77]}},{"type":"Feature","properties":{"relatieveHoogteligging":0,"lokaalID":"G1900.22bd7097790949f1905fdcf32e41eede","bgt_status":"bestaand","identificatieBAGOPR":"0091300000001599","tekst":"Bovenas","openbareRuimteType":"Weg","objecttype":"OpenbareRuimteLabel","hoek":-70.6},"geometry":{"type":"Point","coordinates":[172120.313,559245.496]}},{"type":"Feature","properties":{"relatieveHoogteligging":0,"lokaalID":"G1900.27c6cb8a68c2481ca934d292fa08f446","bgt_status":"bestaand","identificatieBAGOPR":"0091300000001597","tekst":"Voorzoom","openbareRuimteType":"Weg","objecttype":"OpenbareRuimteLabel","hoek":-34.3},"geometry":{"type":"Point","coordinates":[172025.352,559337.554]}},{"type":"Feature","properties":{"relatieveHoogteligging":0,"lokaalID":"G1900.34957bcd77d14e849cef60dcf601e59b","bgt_status":"bestaand","identificatieBAGOPR":"0091300000001582","tekst":"Sneekerpad","openbareRuimteType":"Weg","objecttype":"OpenbareRuimteLabel","hoek":-38.5},"geometry":{"type":"Point","coordinates":[172002.94,559212.683]}},{"type":"Feature","properties":{"relatieveHoogteligging":0,"lokaalID":"G1900.4c1bf2a73b734bafb83c743f421f23a7","bgt_status":"bestaand","identificatieBAGOPR":"0091300000001567","tekst":"Eesterzijlstraat","openbareRuimteType":"Weg","objecttype":"OpenbareRuimteLabel","hoek":-84.7},"geometry":{"type":"Point","coordinates":[172686.784,559612.882]}},{"type":"Feature","properties":{"relatieveHoogteligging":0,"lokaalID":"G1900.5eab2bd4bf004af9b14e97fcbb6012d3","bgt_status":"bestaand","identificatieBAGOPR":"0091300000001585","tekst":"de Ligger","openbareRuimteType":"Weg","objecttype":"OpenbareRuimteLabel","hoek":5.4},"geometry":{"type":"Point","coordinates":[172562.972,559223.654]}},{"type":"Feature","properties":{"relatieveHoogteligging":0,"lokaalID":"G1900.76906c2f51504b3a96900873a244f948","bgt_status":"bestaand","identificatieBAGOPR":"0091300000001598","tekst":"Windbord","openbareRuimteType":"Weg","objecttype":"OpenbareRuimteLabel","hoek":-52},"geometry":{"type":"Point","coordinates":[172064.578,559285.996]}},{"type":"Feature","properties":{"relatieveHoogteligging":0,"lokaalID":"G1900.cffb6391b6dd4b7c8acd235a682f18d7","bgt_status":"bestaand","identificatieBAGOPR":"0091300000001593","tekst":"Molenpaal","openbareRuimteType":"Weg","objecttype":"OpenbareRuimteLabel","hoek":-43.9},"geometry":{"type":"Point","coordinates":[172309.81,559353.645]}},{"type":"Feature","properties":{"relatieveHoogteligging":0,"lokaalID":"G1900.d29934dc2a844787b4972d5f89336816","bgt_status":"bestaand","identificatieBAGOPR":"0091300000001584","tekst":"de Loper","openbareRuimteType":"Weg","objecttype":"OpenbareRuimteLabel","hoek":2.7},"geometry":{"type":"Point","coordinates":[172557.586,559208.413]}},{"type":"Feature","properties":{"relatieveHoogteligging":0,"lokaalID":"G1900.fdf73e8687ad4fbcb80428e123754481","bgt_status":"bestaand","identificatieBAGOPR":"0091300000001633","tekst":"Binnenroede","openbareRuimteType":"Weg","objecttype":"OpenbareRuimteLabel","hoek":-42.2},"geometry":{"type":"Point","coordinates":[172242.731,559437.454]}},{"type":"Feature","properties":{"relatieveHoogteligging":0,"lokaalID":"G1900.3401370bf3dc42efb8012c697115e3c8","bgt_status":"bestaand","identificatieBAGOPR":"0091300000001583","tekst":"Eekmolen","openbareRuimteType":"Weg","objecttype":"OpenbareRuimteLabel","hoek":-84.1},"geometry":{"type":"Point","coordinates":[172533.836,559106.193]}},{"type":"Feature","properties":{"relatieveHoogteligging":0,"lokaalID":"G1900.3401370bf3dc42efb8012c697115e3c8","bgt_status":"bestaand","identificatieBAGOPR":"0091300000001583","tekst":"Eekmolen","openbareRuimteType":"Weg","objecttype":"OpenbareRuimteLabel","hoek":-84},"geometry":{"type":"Point","coordinates":[172562.149,559274.725]}},{"type":"Feature","properties":{"relatieveHoogteligging":0,"lokaalID":"G1900.3401370bf3dc42efb8012c697115e3c8","bgt_status":"bestaand","identificatieBAGOPR":"0091300000001583","tekst":"Eekmolen","openbareRuimteType":"Weg","objecttype":"OpenbareRuimteLabel","hoek":-40.5},"geometry":{"type":"Point","coordinates":[172597.576,559331.122]}},{"type":"Feature","properties":{"relatieveHoogteligging":0,"lokaalID":"G1900.51f36aefe6d6472cb9938ae4d3c7114f","bgt_status":"bestaand","identificatieBAGOPR":"0091300000001588","tekst":"Kaar","openbareRuimteType":"Weg","objecttype":"OpenbareRuimteLabel","hoek":-82.1},"geometry":{"type":"Point","coordinates":[172680.864,559002.934]}},{"type":"Feature","properties":{"relatieveHoogteligging":0,"lokaalID":"G1900.51f36aefe6d6472cb9938ae4d3c7114f","bgt_status":"bestaand","identificatieBAGOPR":"0091300000001588","tekst":"Kaar","openbareRuimteType":"Weg","objecttype":"OpenbareRuimteLabel","hoek":-82.2},"geometry":{"type":"Point","coordinates":[172675.292,558959.04]}},{"type":"Feature","properties":{"relatieveHoogteligging":0,"lokaalID":"G1900.53af878c9e7f4f6c838495b3e07a7197","bgt_status":"bestaand","identificatieBAGOPR":"0091300000001581","tekst":"Grootwiel","openbareRuimteType":"Weg","objecttype":"OpenbareRuimteLabel","hoek":88.9},"geometry":{"type":"Point","coordinates":[172249.526,559264.879]}},{"type":"Feature","properties":{"relatieveHoogteligging":0,"lokaalID":"G1900.53af878c9e7f4f6c838495b3e07a7197","bgt_status":"bestaand","identificatieBAGOPR":"0091300000001581","tekst":"Grootwiel","openbareRuimteType":"Weg","objecttype":"OpenbareRuimteLabel","hoek":31.1},"geometry":{"type":"Point","coordinates":[172263.959,559226.987]}},{"type":"Feature","properties":{"relatieveHoogteligging":0,"lokaalID":"G1900.57f31c9509824a909c565312289c354c","bgt_status":"bestaand","identificatieBAGOPR":"0091300000001587","tekst":"de Hekken","openbareRuimteType":"Weg","objecttype":"OpenbareRuimteLabel","hoek":-15.4},"geometry":{"type":"Point","coordinates":[172320.132,559068.398]}},{"type":"Feature","properties":{"relatieveHoogteligging":0,"lokaalID":"G1900.57f31c9509824a909c565312289c354c","bgt_status":"bestaand","identificatieBAGOPR":"0091300000001587","tekst":"de Hekken","openbareRuimteType":"Weg","objecttype":"OpenbareRuimteLabel","hoek":30.3},"geometry":{"type":"Point","coordinates":[172264.787,559094.221]}},{"type":"Feature","properties":{"relatieveHoogteligging":0,"lokaalID":"G1900.6216609f213143f580bb4f7d20af2c53","bgt_status":"bestaand","identificatieBAGOPR":"0091300000001579","tekst":"Molenkrite","openbareRuimteType":"Weg","objecttype":"OpenbareRuimteLabel","hoek":-86.2},"geometry":{"type":"Point","coordinates":[172193.023,559306.528]}},{"type":"Feature","properties":{"relatieveHoogteligging":0,"lokaalID":"G1900.6216609f213143f580bb4f7d20af2c53","bgt_status":"bestaand","identificatieBAGOPR":"0091300000001579","tekst":"Molenkrite","openbareRuimteType":"Weg","objecttype":"OpenbareRuimteLabel","hoek":1.1},"geometry":{"type":"Point","coordinates":[172432.987,559056.855]}},{"type":"Feature","properties":{"relatieveHoogteligging":0,"lokaalID":"G1900.6216609f213143f580bb4f7d20af2c53","bgt_status":"bestaand","identificatieBAGOPR":"0091300000001579","tekst":"Molenkrite","openbareRuimteType":"Weg","objecttype":"OpenbareRuimteLabel","hoek":-73.4},"geometry":{"type":"Point","coordinates":[172464.348,559473.374]}},{"type":"Feature","properties":{"relatieveHoogteligging":0,"lokaalID":"G1900.6216609f213143f580bb4f7d20af2c53","bgt_status":"bestaand","identificatieBAGOPR":"0091300000001579","tekst":"Molenkrite","openbareRuimteType":"Weg","objecttype":"OpenbareRuimteLabel","hoek":-43.1},"geometry":{"type":"Point","coordinates":[172261.572,559402.712]}},{"type":"Feature","properties":{"relatieveHoogteligging":0,"lokaalID":"G1900.6216609f213143f580bb4f7d20af2c53","bgt_status":"bestaand","identificatieBAGOPR":"0091300000001579","tekst":"Molenkrite","openbareRuimteType":"Weg","objecttype":"OpenbareRuimteLabel","hoek":5.6},"geometry":{"type":"Point","coordinates":[172383.405,559448.211]}},{"type":"Feature","properties":{"relatieveHoogteligging":0,"lokaalID":"G1900.6216609f213143f580bb4f7d20af2c53","bgt_status":"bestaand","identificatieBAGOPR":"0091300000001579","tekst":"Molenkrite","openbareRuimteType":"Weg","objecttype":"OpenbareRuimteLabel","hoek":0.7},"geometry":{"type":"Point","coordinates":[172549.499,559054.191]}},{"type":"Feature","properties":{"relatieveHoogteligging":0,"lokaalID":"G1900.6216609f213143f580bb4f7d20af2c53","bgt_status":"bestaand","identificatieBAGOPR":"0091300000001579","tekst":"Molenkrite","openbareRuimteType":"Weg","objecttype":"OpenbareRuimteLabel","hoek":22},"geometry":{"type":"Point","coordinates":[172573.717,559403.597]}},{"type":"Feature","properties":{"relatieveHoogteligging":0,"lokaalID":"G1900.6216609f213143f580bb4f7d20af2c53","bgt_status":"bestaand","identificatieBAGOPR":"0091300000001579","tekst":"Molenkrite","openbareRuimteType":"Weg","objecttype":"OpenbareRuimteLabel","hoek":-83.7},"geometry":{"type":"Point","coordinates":[172624.058,559132.324]}},{"type":"Feature","properties":{"relatieveHoogteligging":0,"lokaalID":"G1900.6216609f213143f580bb4f7d20af2c53","bgt_status":"bestaand","identificatieBAGOPR":"0091300000001579","tekst":"Molenkrite","openbareRuimteType":"Weg","objecttype":"OpenbareRuimteLabel","hoek":-84.6},"geometry":{"type":"Point","coordinates":[172659.39,559285.445]}},{"type":"Feature","properties":{"relatieveHoogteligging":0,"lokaalID":"G1900.6216609f213143f580bb4f7d20af2c53","bgt_status":"bestaand","identificatieBAGOPR":"0091300000001579","tekst":"Molenkrite","openbareRuimteType":"Weg","objecttype":"OpenbareRuimteLabel","hoek":37.4},"geometry":{"type":"Point","coordinates":[172217.37,559179.755]}},{"type":"Feature","properties":{"relatieveHoogteligging":0,"lokaalID":"G1900.80db8266578841fc91a7067bc7987b36","bgt_status":"bestaand","identificatieBAGOPR":"0091300000001590","tekst":"Monnikmolen","openbareRuimteType":"Weg","objecttype":"OpenbareRuimteLabel","hoek":77.4},"geometry":{"type":"Point","coordinates":[172182.023,559420.627]}},{"type":"Feature","properties":{"relatieveHoogteligging":0,"lokaalID":"G1900.80db8266578841fc91a7067bc7987b36","bgt_status":"bestaand","identificatieBAGOPR":"0091300000001590","tekst":"Monnikmolen","openbareRuimteType":"Weg","objecttype":"OpenbareRuimteLabel","hoek":-41.9},"geometry":{"type":"Point","coordinates":[172178.608,559464.634]}},{"type":"Feature","properties":{"relatieveHoogteligging":0,"lokaalID":"G1900.80db8266578841fc91a7067bc7987b36","bgt_status":"bestaand","identificatieBAGOPR":"0091300000001590","tekst":"Monnikmolen","openbareRuimteType":"Weg","objecttype":"OpenbareRuimteLabel","hoek":4.8},"geometry":{"type":"Point","coordinates":[172382.265,559490.299]}},{"type":"Feature","properties":{"relatieveHoogteligging":0,"lokaalID":"G1900.80db8266578841fc91a7067bc7987b36","bgt_status":"bestaand","identificatieBAGOPR":"0091300000001590","tekst":"Monnikmolen","openbareRuimteType":"Weg","objecttype":"OpenbareRuimteLabel","hoek":-43.1},"geometry":{"type":"Point","coordinates":[172237.278,559518.034]}},{"type":"Feature","properties":{"relatieveHoogteligging":0,"lokaalID":"G1900.80db8266578841fc91a7067bc7987b36","bgt_status":"bestaand","identificatieBAGOPR":"0091300000001590","tekst":"Monnikmolen","openbareRuimteType":"Weg","objecttype":"OpenbareRuimteLabel","hoek":26.4},"geometry":{"type":"Point","coordinates":[172306.327,559526.759]}},{"type":"Feature","properties":{"relatieveHoogteligging":0,"lokaalID":"G1900.9e32f18091ae41d88327000181915e73","bgt_status":"bestaand","identificatieBAGOPR":"0091300000001577","tekst":"Jasker","openbareRuimteType":"Weg","objecttype":"OpenbareRuimteLabel","hoek":-84.3},"geometry":{"type":"Point","coordinates":[172314.328,559233.6]}},{"type":"Feature","properties":{"relatieveHoogteligging":0,"lokaalID":"G1900.9e32f18091ae41d88327000181915e73","bgt_status":"bestaand","identificatieBAGOPR":"0091300000001577","tekst":"Jasker","openbareRuimteType":"Weg","objecttype":"OpenbareRuimteLabel","hoek":-84.1},"geometry":{"type":"Point","coordinates":[172318.796,559262.328]}},{"type":"Feature","properties":{"relatieveHoogteligging":0,"lokaalID":"G1900.9e32f18091ae41d88327000181915e73","bgt_status":"bestaand","identificatieBAGOPR":"0091300000001577","tekst":"Jasker","openbareRuimteType":"Weg","objecttype":"OpenbareRuimteLabel","hoek":-85.3},"geometry":{"type":"Point","coordinates":[172393.865,559265.552]}},{"type":"Feature","properties":{"relatieveHoogteligging":0,"lokaalID":"G1900.9e32f18091ae41d88327000181915e73","bgt_status":"bestaand","identificatieBAGOPR":"0091300000001577","tekst":"Jasker","openbareRuimteType":"Weg","objecttype":"OpenbareRuimteLabel","hoek":4.5},"geometry":{"type":"Point","coordinates":[172351.506,559283.651]}},{"type":"Feature","properties":{"relatieveHoogteligging":0,"lokaalID":"G1900.9e32f18091ae41d88327000181915e73","bgt_status":"bestaand","identificatieBAGOPR":"0091300000001577","tekst":"Jasker","openbareRuimteType":"Weg","objecttype":"OpenbareRuimteLabel","hoek":-83.9},"geometry":{"type":"Point","coordinates":[172417.938,559318.034]}},{"type":"Feature","properties":{"relatieveHoogteligging":0,"lokaalID":"G1900.9e32f18091ae41d88327000181915e73","bgt_status":"bestaand","identificatieBAGOPR":"0091300000001577","tekst":"Jasker","openbareRuimteType":"Weg","objecttype":"OpenbareRuimteLabel","hoek":47},"geometry":{"type":"Point","coordinates":[172243.206,559332.325]}},{"type":"Feature","properties":{"relatieveHoogteligging":0,"lokaalID":"G1900.9e32f18091ae41d88327000181915e73","bgt_status":"bestaand","identificatieBAGOPR":"0091300000001577","tekst":"Jasker","openbareRuimteType":"Weg","objecttype":"OpenbareRuimteLabel","hoek":-84.1},"geometry":{"type":"Point","coordinates":[172390.6,559232.807]}},{"type":"Feature","properties":{"relatieveHoogteligging":0,"lokaalID":"G1900.9e32f18091ae41d88327000181915e73","bgt_status":"bestaand","identificatieBAGOPR":"0091300000001577","tekst":"Jasker","openbareRuimteType":"Weg","objecttype":"OpenbareRuimteLabel","hoek":45.7},"geometry":{"type":"Point","coordinates":[172386.054,559372.457]}},{"type":"Feature","properties":{"relatieveHoogteligging":0,"lokaalID":"G1900.9e32f18091ae41d88327000181915e73","bgt_status":"bestaand","identificatieBAGOPR":"0091300000001577","tekst":"Jasker","openbareRuimteType":"Weg","objecttype":"OpenbareRuimteLabel","hoek":-84.4},"geometry":{"type":"Point","coordinates":[172362.966,559412.763]}},{"type":"Feature","properties":{"relatieveHoogteligging":0,"lokaalID":"G1900.b299ded11dbd481eb9c08de46fb3a612","bgt_status":"bestaand","identificatieBAGOPR":"0091300000001594","tekst":"Korte Spruit","openbareRuimteType":"Weg","objecttype":"OpenbareRuimteLabel","hoek":-78.3},"geometry":{"type":"Point","coordinates":[172429.198,559024.848]}},{"type":"Feature","properties":{"relatieveHoogteligging":0,"lokaalID":"G1900.b299ded11dbd481eb9c08de46fb3a612","bgt_status":"bestaand","identificatieBAGOPR":"0091300000001594","tekst":"Korte Spruit","openbareRuimteType":"Weg","objecttype":"OpenbareRuimteLabel","hoek":6.4},"geometry":{"type":"Point","coordinates":[172461.139,559012.473]}},{"type":"Feature","properties":{"relatieveHoogteligging":0,"lokaalID":"G1900.d24878533eb74787a4a17ba8e14f1cf7","bgt_status":"bestaand","identificatieBAGOPR":"0091300000001578","tekst":"Bonkelaar","openbareRuimteType":"Weg","objecttype":"OpenbareRuimteLabel","hoek":-59.3},"geometry":{"type":"Point","coordinates":[172376.814,559132.654]}},{"type":"Feature","properties":{"relatieveHoogteligging":0,"lokaalID":"G1900.d24878533eb74787a4a17ba8e14f1cf7","bgt_status":"bestaand","identificatieBAGOPR":"0091300000001578","tekst":"Bonkelaar","openbareRuimteType":"Weg","objecttype":"OpenbareRuimteLabel","hoek":-57.8},"geometry":{"type":"Point","coordinates":[172260.688,559174.214]}},{"type":"Feature","properties":{"relatieveHoogteligging":0,"lokaalID":"G1900.d24878533eb74787a4a17ba8e14f1cf7","bgt_status":"bestaand","identificatieBAGOPR":"0091300000001578","tekst":"Bonkelaar","openbareRuimteType":"Weg","objecttype":"OpenbareRuimteLabel","hoek":4.6},"geometry":{"type":"Point","coordinates":[172364.762,559190.591]}},{"type":"Feature","properties":{"relatieveHoogteligging":0,"lokaalID":"G1900.ddde2c6da5c14b4fa6188b73cae49153","bgt_status":"bestaand","identificatieBAGOPR":"0091300000001589","tekst":"Kruirad","openbareRuimteType":"Weg","objecttype":"OpenbareRuimteLabel","hoek":-12.9},"geometry":{"type":"Point","coordinates":[172153.7,559378.265]}},{"type":"Feature","properties":{"relatieveHoogteligging":0,"lokaalID":"G1900.ddde2c6da5c14b4fa6188b73cae49153","bgt_status":"bestaand","identificatieBAGOPR":"0091300000001589","tekst":"Kruirad","openbareRuimteType":"Weg","objecttype":"OpenbareRuimteLabel","hoek":77.1},"geometry":{"type":"Point","coordinates":[172123.269,559420.515]}},{"type":"Feature","properties":{"relatieveHoogteligging":0,"lokaalID":"G1900.e352e6e165d84202a2d48656780b09da","bgt_status":"bestaand","identificatieBAGOPR":"0091300000001576","tekst":"Spinnekop","openbareRuimteType":"Weg","objecttype":"OpenbareRuimteLabel","hoek":-84.3},"geometry":{"type":"Point","coordinates":[172324.085,559318.948]}},{"type":"Feature","properties":{"relatieveHoogteligging":0,"lokaalID":"G1900.e352e6e165d84202a2d48656780b09da","bgt_status":"bestaand","identificatieBAGOPR":"0091300000001576","tekst":"Spinnekop","openbareRuimteType":"Weg","objecttype":"OpenbareRuimteLabel","hoek":-84.6},"geometry":{"type":"Point","coordinates":[172362.966,559340.343]}},{"type":"Feature","properties":{"relatieveHoogteligging":0,"lokaalID":"G1900.8f22dbe7e39a4eaab6b52b083e30b65d","bgt_status":"bestaand","identificatieBAGOPR":"0091300000001647","tekst":"Omloop","openbareRuimteType":"Weg","objecttype":"OpenbareRuimteLabel","hoek":38.4},"geometry":{"type":"Point","coordinates":[172412.574,559268.75]}},{"type":"Feature","properties":{"relatieveHoogteligging":0,"lokaalID":"G1900.8f22dbe7e39a4eaab6b52b083e30b65d","bgt_status":"bestaand","identificatieBAGOPR":"0091300000001647","tekst":"Omloop","openbareRuimteType":"Weg","objecttype":"OpenbareRuimteLabel","hoek":-3.8},"geometry":{"type":"Point","coordinates":[172466.119,559262.896]}},{"type":"Feature","properties":{"relatieveHoogteligging":0,"lokaalID":"G1900.8f22dbe7e39a4eaab6b52b083e30b65d","bgt_status":"bestaand","identificatieBAGOPR":"0091300000001647","tekst":"Omloop","openbareRuimteType":"Weg","objecttype":"OpenbareRuimteLabel","hoek":4.9},"geometry":{"type":"Point","coordinates":[172527.518,559227.342]}},{"type":"Feature","properties":{"relatieveHoogteligging":0,"lokaalID":"G1900.1b672c58f97f4996b37b5d4277c09c12","bgt_status":"bestaand","identificatieBAGOPR":"0091300000001539","tekst":"Citroenvlinder","openbareRuimteType":"Weg","objecttype":"OpenbareRuimteLabel","hoek":14.8},"geometry":{"type":"Point","coordinates":[173216.442,558977.185]}},{"type":"Feature","properties":{"relatieveHoogteligging":0,"lokaalID":"G1900.33c5cb8d29eb40f9a3ce190aec77dbf9","bgt_status":"bestaand","identificatieBAGOPR":"0091300000001532","tekst":"Vuurvlinder","openbareRuimteType":"Weg","objecttype":"OpenbareRuimteLabel","hoek":-71.5},"geometry":{"type":"Point","coordinates":[173093.426,558931.011]}},{"type":"Feature","properties":{"relatieveHoogteligging":0,"lokaalID":"G1900.376a9a79c4d940278d4a49d52f3934bb","bgt_status":"bestaand","identificatieBAGOPR":"0091300000001536","tekst":"Schoenlapper","openbareRuimteType":"Weg","objecttype":"OpenbareRuimteLabel","hoek":-75.1},"geometry":{"type":"Point","coordinates":[173269.976,558996.264]}},{"type":"Feature","properties":{"relatieveHoogteligging":0,"lokaalID":"G1900.4ab8435112bd44a18d7c41a007e72285","bgt_status":"bestaand","identificatieBAGOPR":"0091300000001596","tekst":"de Kap","openbareRuimteType":"Weg","objecttype":"OpenbareRuimteLabel","hoek":-81.6},"geometry":{"type":"Point","coordinates":[172760.703,558929.196]}},{"type":"Feature","properties":{"relatieveHoogteligging":0,"lokaalID":"G1900.4b1c586dfd14455d8d81ec2bacd623b7","bgt_status":"bestaand","identificatieBAGOPR":"0091300000001537","tekst":"Apollovlinder","openbareRuimteType":"Weg","objecttype":"OpenbareRuimteLabel","hoek":-75.9},"geometry":{"type":"Point","coordinates":[173320.742,558896.7]}},{"type":"Feature","properties":{"relatieveHoogteligging":0,"lokaalID":"G1900.7005687ff595437194a3db2353acd7e3","bgt_status":"bestaand","identificatieBAGOPR":"0091300000001503","tekst":"Pier Heemstrastraat","openbareRuimteType":"Weg","objecttype":"OpenbareRuimteLabel","hoek":4.8},"geometry":{"type":"Point","coordinates":[173142.315,559617.647]}},{"type":"Feature","properties":{"relatieveHoogteligging":0,"lokaalID":"G1900.81ee6230eec74ea7aa53bb19ec3bfafc","bgt_status":"bestaand","identificatieBAGOPR":"0091300000001535","tekst":"Koninginnenpage","openbareRuimteType":"Weg","objecttype":"OpenbareRuimteLabel","hoek":-80},"geometry":{"type":"Point","coordinates":[173386.259,558832.238]}},{"type":"Feature","properties":{"relatieveHoogteligging":0,"lokaalID":"G1900.b2f0e0d37c2c4066ae48ef35e2eb3737","bgt_status":"bestaand","identificatieBAGOPR":"0091300000001501","tekst":"Johan Bongastraat","openbareRuimteType":"Weg","objecttype":"OpenbareRuimteLabel","hoek":-84.1},"geometry":{"type":"Point","coordinates":[173156.005,559668.603]}},{"type":"Feature","properties":{"relatieveHoogteligging":0,"lokaalID":"G1900.c41a1b6376af4c3d88744058773a6390","bgt_status":"bestaand","identificatieBAGOPR":"0091300000001538","tekst":"Parelmoervlinder","openbareRuimteType":"Weg","objecttype":"OpenbareRuimteLabel","hoek":-88.2},"geometry":{"type":"Point","coordinates":[173467.687,558831.339]}},{"type":"Feature","properties":{"relatieveHoogteligging":0,"lokaalID":"G1900.cd003c9e58aa46a7ae42c46da10e870a","bgt_status":"bestaand","identificatieBAGOPR":"0091300000001540","tekst":"Distelvlinder","openbareRuimteType":"Weg","objecttype":"OpenbareRuimteLabel","hoek":15},"geometry":{"type":"Point","coordinates":[173253.062,558880.563]}},{"type":"Feature","properties":{"relatieveHoogteligging":0,"lokaalID":"G1900.11314852321440c1abe21d1e866aadc2","bgt_status":"bestaand","identificatieBAGOPR":"0091300000001531","tekst":"Fonteinkruid","openbareRuimteType":"Weg","objecttype":"OpenbareRuimteLabel","hoek":-86.8},"geometry":{"type":"Point","coordinates":[173685.601,559197.534]}},{"type":"Feature","properties":{"relatieveHoogteligging":0,"lokaalID":"G1900.35df34cb1d5b416c9b7952cd77ad26d8","bgt_status":"bestaand","identificatieBAGOPR":"0091300000001632","tekst":"Bacchante","openbareRuimteType":"Weg","objecttype":"OpenbareRuimteLabel","hoek":58},"geometry":{"type":"Point","coordinates":[173531.143,559181.017]}},{"type":"Feature","properties":{"relatieveHoogteligging":0,"lokaalID":"G1900.36f980ae853e454a9b55a32e0da1da90","bgt_status":"bestaand","identificatieBAGOPR":"0091300000001515","tekst":"Zonnedauw","openbareRuimteType":"Weg","objecttype":"OpenbareRuimteLabel","hoek":2.8},"geometry":{"type":"Point","coordinates":[173661.892,559300.226]}},{"type":"Feature","properties":{"relatieveHoogteligging":0,"lokaalID":"G1900.44a825d1261947ce9fd53f7a71f0a5ae","bgt_status":"bestaand","identificatieBAGOPR":"0091300000001511","tekst":"Paardebloem","openbareRuimteType":"Weg","objecttype":"OpenbareRuimteLabel","hoek":66},"geometry":{"type":"Point","coordinates":[173869.044,559200.573]}},{"type":"Feature","properties":{"relatieveHoogteligging":0,"lokaalID":"G1900.932148ba9a524810881d516e8ac254c1","bgt_status":"bestaand","identificatieBAGOPR":"0091300000001526","tekst":"Zandoogje","openbareRuimteType":"Weg","objecttype":"OpenbareRuimteLabel","hoek":1.6},"geometry":{"type":"Point","coordinates":[173665.621,558859.011]}},{"type":"Feature","properties":{"relatieveHoogteligging":0,"lokaalID":"G1900.cc37d9d9fd6c48ef9b04d921596a4f74","bgt_status":"bestaand","identificatieBAGOPR":"0091300000001547","tekst":"Het Volland","openbareRuimteType":"Weg","objecttype":"OpenbareRuimteLabel","hoek":81.8},"geometry":{"type":"Point","coordinates":[173899.46,558830.592]}},{"type":"Feature","properties":{"relatieveHoogteligging":0,"lokaalID":"G1900.57cf25a06f004013b211e45767b8c304","bgt_status":"bestaand","identificatieBAGOPR":"0091300000001701","tekst":"Wâldfeart","openbareRuimteType":"Water","objecttype":"OpenbareRuimteLabel","hoek":29.6},"geometry":{"type":"Point","coordinates":[173649.731,560061.337]}},{"type":"Feature","properties":{"relatieveHoogteligging":0,"lokaalID":"G1900.57cf25a06f004013b211e45767b8c304","bgt_status":"bestaand","identificatieBAGOPR":"0091300000001701","tekst":"Wâldfeart","openbareRuimteType":"Water","objecttype":"OpenbareRuimteLabel","hoek":72.2},"geometry":{"type":"Point","coordinates":[174089.618,559328.473]}},{"type":"Feature","properties":{"relatieveHoogteligging":0,"lokaalID":"G1900.57cf25a06f004013b211e45767b8c304","bgt_status":"bestaand","identificatieBAGOPR":"0091300000001701","tekst":"Wâldfeart","openbareRuimteType":"Water","objecttype":"OpenbareRuimteLabel","hoek":77.5},"geometry":{"type":"Point","coordinates":[174040.263,559495.174]}},{"type":"Feature","properties":{"relatieveHoogteligging":0,"lokaalID":"G1900.57cf25a06f004013b211e45767b8c304","bgt_status":"bestaand","identificatieBAGOPR":"0091300000001701","tekst":"Wâldfeart","openbareRuimteType":"Water","objecttype":"OpenbareRuimteLabel","hoek":51.4},"geometry":{"type":"Point","coordinates":[173904.948,559661.893]}},{"type":"Feature","properties":{"relatieveHoogteligging":0,"lokaalID":"G1900.57cf25a06f004013b211e45767b8c304","bgt_status":"bestaand","identificatieBAGOPR":"0091300000001701","tekst":"Wâldfeart","openbareRuimteType":"Water","objecttype":"OpenbareRuimteLabel","hoek":66.4},"geometry":{"type":"Point","coordinates":[173790.041,559886.579]}},{"type":"Feature","properties":{"relatieveHoogteligging":0,"lokaalID":"G1900.604a2e0609104e74bc2a25c07095efd1","bgt_status":"bestaand","identificatieBAGOPR":"0091300000001523","tekst":"Keizersmantel","openbareRuimteType":"Weg","objecttype":"OpenbareRuimteLabel","hoek":1.2},"geometry":{"type":"Point","coordinates":[173475.776,559023.62]}},{"type":"Feature","properties":{"relatieveHoogteligging":0,"lokaalID":"G1900.604a2e0609104e74bc2a25c07095efd1","bgt_status":"bestaand","identificatieBAGOPR":"0091300000001523","tekst":"Keizersmantel","openbareRuimteType":"Weg","objecttype":"OpenbareRuimteLabel","hoek":10.1},"geometry":{"type":"Point","coordinates":[173300.304,559040.313]}},{"type":"Feature","properties":{"relatieveHoogteligging":0,"lokaalID":"G1900.604a2e0609104e74bc2a25c07095efd1","bgt_status":"bestaand","identificatieBAGOPR":"0091300000001523","tekst":"Keizersmantel","openbareRuimteType":"Weg","objecttype":"OpenbareRuimteLabel","hoek":17.5},"geometry":{"type":"Point","coordinates":[173580.803,559013.834]}},{"type":"Feature","properties":{"relatieveHoogteligging":0,"lokaalID":"G1900.604a2e0609104e74bc2a25c07095efd1","bgt_status":"bestaand","identificatieBAGOPR":"0091300000001523","tekst":"Keizersmantel","openbareRuimteType":"Weg","objecttype":"OpenbareRuimteLabel","hoek":8},"geometry":{"type":"Point","coordinates":[173652.641,558993.51]}},{"type":"Feature","properties":{"relatieveHoogteligging":0,"lokaalID":"G1900.64bd0bc649dc471096f1155541b28068","bgt_status":"bestaand","identificatieBAGOPR":"0091300000001516","tekst":"Duizendblad","openbareRuimteType":"Weg","objecttype":"OpenbareRuimteLabel","hoek":47},"geometry":{"type":"Point","coordinates":[173104.27,559242.594]}},{"type":"Feature","properties":{"relatieveHoogteligging":0,"lokaalID":"G1900.64bd0bc649dc471096f1155541b28068","bgt_status":"bestaand","identificatieBAGOPR":"0091300000001516","tekst":"Duizendblad","openbareRuimteType":"Weg","objecttype":"OpenbareRuimteLabel","hoek":-86.5},"geometry":{"type":"Point","coordinates":[173096.163,559325.391]}},{"type":"Feature","properties":{"relatieveHoogteligging":0,"lokaalID":"G1900.64bd0bc649dc471096f1155541b28068","bgt_status":"bestaand","identificatieBAGOPR":"0091300000001516","tekst":"Duizendblad","openbareRuimteType":"Weg","objecttype":"OpenbareRuimteLabel","hoek":48.2},"geometry":{"type":"Point","coordinates":[173167.791,559358.616]}},{"type":"Feature","properties":{"relatieveHoogteligging":0,"lokaalID":"G1900.64bd0bc649dc471096f1155541b28068","bgt_status":"bestaand","identificatieBAGOPR":"0091300000001516","tekst":"Duizendblad","openbareRuimteType":"Weg","objecttype":"OpenbareRuimteLabel","hoek":3.4},"geometry":{"type":"Point","coordinates":[173120.782,559420.608]}},{"type":"Feature","properties":{"relatieveHoogteligging":0,"lokaalID":"G1900.683b5fa50f0144aeab7ea569219c6d68","bgt_status":"bestaand","identificatieBAGOPR":"0091300000001507","tekst":"Akkerwinde","openbareRuimteType":"Weg","objecttype":"OpenbareRuimteLabel","hoek":-82.2},"geometry":{"type":"Point","coordinates":[173496.651,559385.367]}},{"type":"Feature","properties":{"relatieveHoogteligging":0,"lokaalID":"G1900.683b5fa50f0144aeab7ea569219c6d68","bgt_status":"bestaand","identificatieBAGOPR":"0091300000001507","tekst":"Akkerwinde","openbareRuimteType":"Weg","objecttype":"OpenbareRuimteLabel","hoek":66.1},"geometry":{"type":"Point","coordinates":[173764.799,559199.152]}},{"type":"Feature","properties":{"relatieveHoogteligging":0,"lokaalID":"G1900.683b5fa50f0144aeab7ea569219c6d68","bgt_status":"bestaand","identificatieBAGOPR":"0091300000001507","tekst":"Akkerwinde","openbareRuimteType":"Weg","objecttype":"OpenbareRuimteLabel","hoek":1},"geometry":{"type":"Point","coordinates":[173610.667,559251.946]}},{"type":"Feature","properties":{"relatieveHoogteligging":0,"lokaalID":"G1900.683b5fa50f0144aeab7ea569219c6d68","bgt_status":"bestaand","identificatieBAGOPR":"0091300000001507","tekst":"Akkerwinde","openbareRuimteType":"Weg","objecttype":"OpenbareRuimteLabel","hoek":-80.2},"geometry":{"type":"Point","coordinates":[173816.547,559041.932]}},{"type":"Feature","properties":{"relatieveHoogteligging":0,"lokaalID":"G1900.689d529eeda94d8c93f9990291b8d4c2","bgt_status":"bestaand","identificatieBAGOPR":"0091300000001518","tekst":"Rode Klaver","openbareRuimteType":"Weg","objecttype":"OpenbareRuimteLabel","hoek":-86},"geometry":{"type":"Point","coordinates":[173381.556,559372.026]}},{"type":"Feature","properties":{"relatieveHoogteligging":0,"lokaalID":"G1900.689d529eeda94d8c93f9990291b8d4c2","bgt_status":"bestaand","identificatieBAGOPR":"0091300000001518","tekst":"Rode Klaver","openbareRuimteType":"Weg","objecttype":"OpenbareRuimteLabel","hoek":2.7},"geometry":{"type":"Point","coordinates":[173406.675,559428.257]}},{"type":"Feature","properties":{"relatieveHoogteligging":0,"lokaalID":"G1900.689d529eeda94d8c93f9990291b8d4c2","bgt_status":"bestaand","identificatieBAGOPR":"0091300000001518","tekst":"Rode Klaver","openbareRuimteType":"Weg","objecttype":"OpenbareRuimteLabel","hoek":-86.9},"geometry":{"type":"Point","coordinates":[173445.89,559342.282]}},{"type":"Feature","properties":{"relatieveHoogteligging":0,"lokaalID":"G1900.726a21e2f8e04fd1944fe0b7969a3d16","bgt_status":"bestaand","identificatieBAGOPR":"0091300000001533","tekst":"Kleine vos","openbareRuimteType":"Weg","objecttype":"OpenbareRuimteLabel","hoek":20.1},"geometry":{"type":"Point","coordinates":[173227.347,558792.531]}},{"type":"Feature","properties":{"relatieveHoogteligging":0,"lokaalID":"G1900.726a21e2f8e04fd1944fe0b7969a3d16","bgt_status":"bestaand","identificatieBAGOPR":"0091300000001533","tekst":"Kleine vos","openbareRuimteType":"Weg","objecttype":"OpenbareRuimteLabel","hoek":-74.9},"geometry":{"type":"Point","coordinates":[173226.442,558831.666]}},{"type":"Feature","properties":{"relatieveHoogteligging":0,"lokaalID":"G1900.8cf4619b0b624f69968db9b9295f60d9","bgt_status":"bestaand","identificatieBAGOPR":"0091300000001534","tekst":"Dagpauwoog","openbareRuimteType":"Weg","objecttype":"OpenbareRuimteLabel","hoek":24.5},"geometry":{"type":"Point","coordinates":[173142.72,558818.604]}},{"type":"Feature","properties":{"relatieveHoogteligging":0,"lokaalID":"G1900.8cf4619b0b624f69968db9b9295f60d9","bgt_status":"bestaand","identificatieBAGOPR":"0091300000001534","tekst":"Dagpauwoog","openbareRuimteType":"Weg","objecttype":"OpenbareRuimteLabel","hoek":-73.6},"geometry":{"type":"Point","coordinates":[173198.655,559006.107]}},{"type":"Feature","properties":{"relatieveHoogteligging":0,"lokaalID":"G1900.a830bb8d7a284b778775bc83d03323bc","bgt_status":"bestaand","identificatieBAGOPR":"0091300000001517","tekst":"Lisdodde","openbareRuimteType":"Weg","objecttype":"OpenbareRuimteLabel","hoek":-41.9},"geometry":{"type":"Point","coordinates":[173361.645,559099.654]}},{"type":"Feature","properties":{"relatieveHoogteligging":0,"lokaalID":"G1900.a830bb8d7a284b778775bc83d03323bc","bgt_status":"bestaand","identificatieBAGOPR":"0091300000001517","tekst":"Lisdodde","openbareRuimteType":"Weg","objecttype":"OpenbareRuimteLabel","hoek":48.2},"geometry":{"type":"Point","coordinates":[173302.17,559143.67]}},{"type":"Feature","properties":{"relatieveHoogteligging":0,"lokaalID":"G1900.b6984693b144459b96b453d6cda538fe","bgt_status":"bestaand","identificatieBAGOPR":"0091300000001519","tekst":"Walstro","openbareRuimteType":"Weg","objecttype":"OpenbareRuimteLabel","hoek":-87.4},"geometry":{"type":"Point","coordinates":[173177.571,559277.615]}},{"type":"Feature","properties":{"relatieveHoogteligging":0,"lokaalID":"G1900.b6984693b144459b96b453d6cda538fe","bgt_status":"bestaand","identificatieBAGOPR":"0091300000001519","tekst":"Walstro","openbareRuimteType":"Weg","objecttype":"OpenbareRuimteLabel","hoek":48.1},"geometry":{"type":"Point","coordinates":[173324.188,559329.703]}},{"type":"Feature","properties":{"relatieveHoogteligging":0,"lokaalID":"G1900.b6984693b144459b96b453d6cda538fe","bgt_status":"bestaand","identificatieBAGOPR":"0091300000001519","tekst":"Walstro","openbareRuimteType":"Weg","objecttype":"OpenbareRuimteLabel","hoek":3.8},"geometry":{"type":"Point","coordinates":[173245.219,559349.15]}},{"type":"Feature","properties":{"relatieveHoogteligging":0,"lokaalID":"G1900.b6984693b144459b96b453d6cda538fe","bgt_status":"bestaand","identificatieBAGOPR":"0091300000001519","tekst":"Walstro","openbareRuimteType":"Weg","objecttype":"OpenbareRuimteLabel","hoek":-42.2},"geometry":{"type":"Point","coordinates":[173140.189,559225.683]}},{"type":"Feature","properties":{"relatieveHoogteligging":0,"lokaalID":"G1900.bf83a1ddc3094ccb9c1f2d76c2353d25","bgt_status":"bestaand","identificatieBAGOPR":"0091300000001520","tekst":"Waterkers","openbareRuimteType":"Weg","objecttype":"OpenbareRuimteLabel","hoek":-86.7},"geometry":{"type":"Point","coordinates":[173273.742,559367.199]}},{"type":"Feature","properties":{"relatieveHoogteligging":0,"lokaalID":"G1900.bf83a1ddc3094ccb9c1f2d76c2353d25","bgt_status":"bestaand","identificatieBAGOPR":"0091300000001520","tekst":"Waterkers","openbareRuimteType":"Weg","objecttype":"OpenbareRuimteLabel","hoek":3.8},"geometry":{"type":"Point","coordinates":[173315.851,559435.868]}},{"type":"Feature","properties":{"relatieveHoogteligging":0,"lokaalID":"G1900.c72878f45b1f490b8fdb0d285f9730c4","bgt_status":"bestaand","identificatieBAGOPR":"0091300000001521","tekst":"Wilgeroosje","openbareRuimteType":"Weg","objecttype":"OpenbareRuimteLabel","hoek":-88.3},"geometry":{"type":"Point","coordinates":[173439.93,559227.814]}},{"type":"Feature","properties":{"relatieveHoogteligging":0,"lokaalID":"G1900.c72878f45b1f490b8fdb0d285f9730c4","bgt_status":"bestaand","identificatieBAGOPR":"0091300000001521","tekst":"Wilgeroosje","openbareRuimteType":"Weg","objecttype":"OpenbareRuimteLabel","hoek":-87.1},"geometry":{"type":"Point","coordinates":[173472.345,559252.807]}},{"type":"Feature","properties":{"relatieveHoogteligging":0,"lokaalID":"G1900.c72878f45b1f490b8fdb0d285f9730c4","bgt_status":"bestaand","identificatieBAGOPR":"0091300000001521","tekst":"Wilgeroosje","openbareRuimteType":"Weg","objecttype":"OpenbareRuimteLabel","hoek":3},"geometry":{"type":"Point","coordinates":[173394.178,559117.584]}},{"type":"Feature","properties":{"relatieveHoogteligging":0,"lokaalID":"G1900.c72878f45b1f490b8fdb0d285f9730c4","bgt_status":"bestaand","identificatieBAGOPR":"0091300000001521","tekst":"Wilgeroosje","openbareRuimteType":"Weg","objecttype":"OpenbareRuimteLabel","hoek":4.4},"geometry":{"type":"Point","coordinates":[173401.158,559151.27]}},{"type":"Feature","properties":{"relatieveHoogteligging":0,"lokaalID":"G1900.c72878f45b1f490b8fdb0d285f9730c4","bgt_status":"bestaand","identificatieBAGOPR":"0091300000001521","tekst":"Wilgeroosje","openbareRuimteType":"Weg","objecttype":"OpenbareRuimteLabel","hoek":-86.2},"geometry":{"type":"Point","coordinates":[173424.51,559190.024]}},{"type":"Feature","properties":{"relatieveHoogteligging":0,"lokaalID":"G1900.d219f64ad86041538adb6a1daf5b6ba1","bgt_status":"bestaand","identificatieBAGOPR":"0091300000001505","tekst":"Lemmerweg","openbareRuimteType":"Weg","objecttype":"OpenbareRuimteLabel","hoek":-85.2},"geometry":{"type":"Point","coordinates":[172994.774,559756.89]}},{"type":"Feature","properties":{"relatieveHoogteligging":0,"lokaalID":"G1900.d219f64ad86041538adb6a1daf5b6ba1","bgt_status":"bestaand","identificatieBAGOPR":"0091300000001505","tekst":"Lemmerweg","openbareRuimteType":"Weg","objecttype":"OpenbareRuimteLabel","hoek":-82.8},"geometry":{"type":"Point","coordinates":[173016.141,559867.161]}},{"type":"Feature","properties":{"relatieveHoogteligging":0,"lokaalID":"G1900.d219f64ad86041538adb6a1daf5b6ba1","bgt_status":"bestaand","identificatieBAGOPR":"0091300000001505","tekst":"Lemmerweg","openbareRuimteType":"Weg","objecttype":"OpenbareRuimteLabel","hoek":-84.9},"geometry":{"type":"Point","coordinates":[172927.461,558850.61]}},{"type":"Feature","properties":{"relatieveHoogteligging":0,"lokaalID":"G1900.d219f64ad86041538adb6a1daf5b6ba1","bgt_status":"bestaand","identificatieBAGOPR":"0091300000001505","tekst":"Lemmerweg","openbareRuimteType":"Weg","objecttype":"OpenbareRuimteLabel","hoek":-84.8},"geometry":{"type":"Point","coordinates":[172907.698,558632.503]}},{"type":"Feature","properties":{"relatieveHoogteligging":0,"lokaalID":"G1900.d219f64ad86041538adb6a1daf5b6ba1","bgt_status":"bestaand","identificatieBAGOPR":"0091300000001505","tekst":"Lemmerweg","openbareRuimteType":"Weg","objecttype":"OpenbareRuimteLabel","hoek":-53.7},"geometry":{"type":"Point","coordinates":[173103.803,560133.564]}},{"type":"Feature","properties":{"relatieveHoogteligging":0,"lokaalID":"G1900.d219f64ad86041538adb6a1daf5b6ba1","bgt_status":"bestaand","identificatieBAGOPR":"0091300000001505","tekst":"Lemmerweg","openbareRuimteType":"Weg","objecttype":"OpenbareRuimteLabel","hoek":47.5},"geometry":{"type":"Point","coordinates":[173265.102,557936.333]}},{"type":"Feature","properties":{"relatieveHoogteligging":0,"lokaalID":"G1900.d219f64ad86041538adb6a1daf5b6ba1","bgt_status":"bestaand","identificatieBAGOPR":"0091300000001505","tekst":"Lemmerweg","openbareRuimteType":"Weg","objecttype":"OpenbareRuimteLabel","hoek":-85.1},"geometry":{"type":"Point","coordinates":[172950.988,559120.783]}},{"type":"Feature","properties":{"relatieveHoogteligging":0,"lokaalID":"G1900.d219f64ad86041538adb6a1daf5b6ba1","bgt_status":"bestaand","identificatieBAGOPR":"0091300000001505","tekst":"Lemmerweg","openbareRuimteType":"Weg","objecttype":"OpenbareRuimteLabel","hoek":47.4},"geometry":{"type":"Point","coordinates":[173433.047,557754.011]}},{"type":"Feature","properties":{"relatieveHoogteligging":0,"lokaalID":"G1900.e9a4486b49c14d129c59531485fc9873","bgt_status":"bestaand","identificatieBAGOPR":"0091300000001703","tekst":"Swarte Brekken","openbareRuimteType":"Water","objecttype":"OpenbareRuimteLabel","hoek":-0.5},"geometry":{"type":"Point","coordinates":[174105.401,558092.5]}},{"type":"Feature","properties":{"relatieveHoogteligging":0,"lokaalID":"G1900.e9a4486b49c14d129c59531485fc9873","bgt_status":"bestaand","identificatieBAGOPR":"0091300000001703","tekst":"Swarte Brekken","openbareRuimteType":"Water","objecttype":"OpenbareRuimteLabel","hoek":0},"geometry":{"type":"Point","coordinates":[173839.198,557857.198]}},{"type":"Feature","properties":{"relatieveHoogteligging":0,"lokaalID":"G1900.e9a4486b49c14d129c59531485fc9873","bgt_status":"bestaand","identificatieBAGOPR":"0091300000001703","tekst":"Swarte Brekken","openbareRuimteType":"Water","objecttype":"OpenbareRuimteLabel","hoek":-0.3},"geometry":{"type":"Point","coordinates":[174104.838,557884.6]}},{"type":"Feature","properties":{"relatieveHoogteligging":0,"lokaalID":"G1900.e9a4486b49c14d129c59531485fc9873","bgt_status":"bestaand","identificatieBAGOPR":"0091300000001703","tekst":"Swarte Brekken","openbareRuimteType":"Water","objecttype":"OpenbareRuimteLabel","hoek":0},"geometry":{"type":"Point","coordinates":[173937.279,558022.344]}},{"type":"Feature","properties":{"relatieveHoogteligging":0,"lokaalID":"G1900.f2d08524ae484aefaa07a76c590723f2","bgt_status":"bestaand","identificatieBAGOPR":"0091300000001522","tekst":"Zilverschoon","openbareRuimteType":"Weg","objecttype":"OpenbareRuimteLabel","hoek":47.4},"geometry":{"type":"Point","coordinates":[173260.147,559269.061]}},{"type":"Feature","properties":{"relatieveHoogteligging":0,"lokaalID":"G1900.f2d08524ae484aefaa07a76c590723f2","bgt_status":"bestaand","identificatieBAGOPR":"0091300000001522","tekst":"Zilverschoon","openbareRuimteType":"Weg","objecttype":"OpenbareRuimteLabel","hoek":3.2},"geometry":{"type":"Point","coordinates":[173361.316,559275.954]}},{"type":"Feature","properties":{"relatieveHoogteligging":0,"lokaalID":"G1900.f2d08524ae484aefaa07a76c590723f2","bgt_status":"bestaand","identificatieBAGOPR":"0091300000001522","tekst":"Zilverschoon","openbareRuimteType":"Weg","objecttype":"OpenbareRuimteLabel","hoek":-87.5},"geometry":{"type":"Point","coordinates":[173276.059,559202.216]}},{"type":"Feature","properties":{"relatieveHoogteligging":0,"lokaalID":"G1900.f2d08524ae484aefaa07a76c590723f2","bgt_status":"bestaand","identificatieBAGOPR":"0091300000001522","tekst":"Zilverschoon","openbareRuimteType":"Weg","objecttype":"OpenbareRuimteLabel","hoek":46.9},"geometry":{"type":"Point","coordinates":[173138.836,559204.961]}},{"type":"Feature","properties":{"relatieveHoogteligging":0,"lokaalID":"G1900.f5d74a6ca35b4a4aa233e3c4b6c6ac91","bgt_status":"bestaand","identificatieBAGOPR":"0091300000001686","tekst":"Nauwe Wimerts","openbareRuimteType":"Water","objecttype":"OpenbareRuimteLabel","hoek":49.1},"geometry":{"type":"Point","coordinates":[172946.574,557957.862]}},{"type":"Feature","properties":{"relatieveHoogteligging":0,"lokaalID":"G1900.f5d74a6ca35b4a4aa233e3c4b6c6ac91","bgt_status":"bestaand","identificatieBAGOPR":"0091300000001686","tekst":"Nauwe Wimerts","openbareRuimteType":"Water","objecttype":"OpenbareRuimteLabel","hoek":14.7},"geometry":{"type":"Point","coordinates":[172864.442,558008.707]}},{"type":"Feature","properties":{"relatieveHoogteligging":0,"lokaalID":"G1900.07cd72510d3c4391b73e896e2cce4fe2","bgt_status":"bestaand","identificatieBAGOPR":"0091300000001527","tekst":"Koolwitje","openbareRuimteType":"Weg","objecttype":"OpenbareRuimteLabel","hoek":6},"geometry":{"type":"Point","coordinates":[173731.918,558721.047]}},{"type":"Feature","properties":{"relatieveHoogteligging":0,"lokaalID":"G1900.07cd72510d3c4391b73e896e2cce4fe2","bgt_status":"bestaand","identificatieBAGOPR":"0091300000001527","tekst":"Koolwitje","openbareRuimteType":"Weg","objecttype":"OpenbareRuimteLabel","hoek":88.6},"geometry":{"type":"Point","coordinates":[173714.487,558904.775]}},{"type":"Feature","properties":{"relatieveHoogteligging":0,"lokaalID":"G1900.68adf16ffb29423ba8682a1e1d086a64","bgt_status":"bestaand","identificatieBAGOPR":"0091300000001525","tekst":"Jonkvrouw","openbareRuimteType":"Weg","objecttype":"OpenbareRuimteLabel","hoek":-1.1},"geometry":{"type":"Point","coordinates":[173605.775,558724.368]}},{"type":"Feature","properties":{"relatieveHoogteligging":0,"lokaalID":"G1900.68adf16ffb29423ba8682a1e1d086a64","bgt_status":"bestaand","identificatieBAGOPR":"0091300000001525","tekst":"Jonkvrouw","openbareRuimteType":"Weg","objecttype":"OpenbareRuimteLabel","hoek":-86.1},"geometry":{"type":"Point","coordinates":[173643.902,558885.384]}},{"type":"Feature","properties":{"relatieveHoogteligging":0,"lokaalID":"G1900.68adf16ffb29423ba8682a1e1d086a64","bgt_status":"bestaand","identificatieBAGOPR":"0091300000001525","tekst":"Jonkvrouw","openbareRuimteType":"Weg","objecttype":"OpenbareRuimteLabel","hoek":-86.1},"geometry":{"type":"Point","coordinates":[173636.023,558773.404]}},{"type":"Feature","properties":{"relatieveHoogteligging":0,"lokaalID":"G1900.7de29a0ed60c4bbeb936bf6f26d901dc","bgt_status":"bestaand","identificatieBAGOPR":"0091300000001513","tekst":"Weegbree","openbareRuimteType":"Weg","objecttype":"OpenbareRuimteLabel","hoek":-18.6},"geometry":{"type":"Point","coordinates":[173951.918,559050.917]}},{"type":"Feature","properties":{"relatieveHoogteligging":0,"lokaalID":"G1900.7de29a0ed60c4bbeb936bf6f26d901dc","bgt_status":"bestaand","identificatieBAGOPR":"0091300000001513","tekst":"Weegbree","openbareRuimteType":"Weg","objecttype":"OpenbareRuimteLabel","hoek":-81.8},"geometry":{"type":"Point","coordinates":[173912.72,559063.284]}},{"type":"Feature","properties":{"relatieveHoogteligging":0,"lokaalID":"G1900.7de29a0ed60c4bbeb936bf6f26d901dc","bgt_status":"bestaand","identificatieBAGOPR":"0091300000001513","tekst":"Weegbree","openbareRuimteType":"Weg","objecttype":"OpenbareRuimteLabel","hoek":70.3},"geometry":{"type":"Point","coordinates":[174010.409,559102.018]}},{"type":"Feature","properties":{"relatieveHoogteligging":0,"lokaalID":"G1900.7de29a0ed60c4bbeb936bf6f26d901dc","bgt_status":"bestaand","identificatieBAGOPR":"0091300000001513","tekst":"Weegbree","openbareRuimteType":"Weg","objecttype":"OpenbareRuimteLabel","hoek":71.8},"geometry":{"type":"Point","coordinates":[173982.889,559120.006]}},{"type":"Feature","properties":{"relatieveHoogteligging":0,"lokaalID":"G1900.81c0f33ad61e4f18b7ecac977add7dd6","bgt_status":"bestaand","identificatieBAGOPR":"0091300000001514","tekst":"Pinksterbloem","openbareRuimteType":"Weg","objecttype":"OpenbareRuimteLabel","hoek":-23.6},"geometry":{"type":"Point","coordinates":[173974.908,559174.449]}},{"type":"Feature","properties":{"relatieveHoogteligging":0,"lokaalID":"G1900.81c0f33ad61e4f18b7ecac977add7dd6","bgt_status":"bestaand","identificatieBAGOPR":"0091300000001514","tekst":"Pinksterbloem","openbareRuimteType":"Weg","objecttype":"OpenbareRuimteLabel","hoek":65.7},"geometry":{"type":"Point","coordinates":[174000.924,559230.174]}},{"type":"Feature","properties":{"relatieveHoogteligging":0,"lokaalID":"G1900.81c0f33ad61e4f18b7ecac977add7dd6","bgt_status":"bestaand","identificatieBAGOPR":"0091300000001514","tekst":"Pinksterbloem","openbareRuimteType":"Weg","objecttype":"OpenbareRuimteLabel","hoek":66.3},"geometry":{"type":"Point","coordinates":[173984.099,559267.05]}},{"type":"Feature","properties":{"relatieveHoogteligging":0,"lokaalID":"G1900.81c0f33ad61e4f18b7ecac977add7dd6","bgt_status":"bestaand","identificatieBAGOPR":"0091300000001514","tekst":"Pinksterbloem","openbareRuimteType":"Weg","objecttype":"OpenbareRuimteLabel","hoek":-24.1},"geometry":{"type":"Point","coordinates":[174023.276,559286.554]}},{"type":"Feature","properties":{"relatieveHoogteligging":0,"lokaalID":"G1900.81c0f33ad61e4f18b7ecac977add7dd6","bgt_status":"bestaand","identificatieBAGOPR":"0091300000001514","tekst":"Pinksterbloem","openbareRuimteType":"Weg","objecttype":"OpenbareRuimteLabel","hoek":66.5},"geometry":{"type":"Point","coordinates":[173960.749,559319.064]}},{"type":"Feature","properties":{"relatieveHoogteligging":0,"lokaalID":"G1900.81c0f33ad61e4f18b7ecac977add7dd6","bgt_status":"bestaand","identificatieBAGOPR":"0091300000001514","tekst":"Pinksterbloem","openbareRuimteType":"Weg","objecttype":"OpenbareRuimteLabel","hoek":-45.8},"geometry":{"type":"Point","coordinates":[173935.602,559384.337]}},{"type":"Feature","properties":{"relatieveHoogteligging":0,"lokaalID":"G1900.81c0f33ad61e4f18b7ecac977add7dd6","bgt_status":"bestaand","identificatieBAGOPR":"0091300000001514","tekst":"Pinksterbloem","openbareRuimteType":"Weg","objecttype":"OpenbareRuimteLabel","hoek":39},"geometry":{"type":"Point","coordinates":[174014.038,559405.513]}},{"type":"Feature","properties":{"relatieveHoogteligging":0,"lokaalID":"G1900.98ebc2aa470543c887ae2bf33600b0f3","bgt_status":"bestaand","identificatieBAGOPR":"0091300000001530","tekst":"Boterbloem","openbareRuimteType":"Weg","objecttype":"OpenbareRuimteLabel","hoek":-23.5},"geometry":{"type":"Point","coordinates":[173647.722,559180.293]}},{"type":"Feature","properties":{"relatieveHoogteligging":0,"lokaalID":"G1900.98ebc2aa470543c887ae2bf33600b0f3","bgt_status":"bestaand","identificatieBAGOPR":"0091300000001530","tekst":"Boterbloem","openbareRuimteType":"Weg","objecttype":"OpenbareRuimteLabel","hoek":1.3},"geometry":{"type":"Point","coordinates":[173599.028,559210.203]}},{"type":"Feature","properties":{"relatieveHoogteligging":0,"lokaalID":"G1900.afe05dd1a384467c9a933e6838d23e50","bgt_status":"bestaand","identificatieBAGOPR":"0091300000001512","tekst":"Vogelwikke","openbareRuimteType":"Weg","objecttype":"OpenbareRuimteLabel","hoek":-19.4},"geometry":{"type":"Point","coordinates":[173873.297,559099.927]}},{"type":"Feature","properties":{"relatieveHoogteligging":0,"lokaalID":"G1900.afe05dd1a384467c9a933e6838d23e50","bgt_status":"bestaand","identificatieBAGOPR":"0091300000001512","tekst":"Vogelwikke","openbareRuimteType":"Weg","objecttype":"OpenbareRuimteLabel","hoek":-19.3},"geometry":{"type":"Point","coordinates":[174009.904,559147.109]}},{"type":"Feature","properties":{"relatieveHoogteligging":0,"lokaalID":"G1900.d48b0c2d24f3440093b682a11430d17f","bgt_status":"bestaand","identificatieBAGOPR":"0091300000001524","tekst":"Atalanta","openbareRuimteType":"Weg","objecttype":"OpenbareRuimteLabel","hoek":21.5},"geometry":{"type":"Point","coordinates":[173556.619,558736.356]}},{"type":"Feature","properties":{"relatieveHoogteligging":0,"lokaalID":"G1900.d48b0c2d24f3440093b682a11430d17f","bgt_status":"bestaand","identificatieBAGOPR":"0091300000001524","tekst":"Atalanta","openbareRuimteType":"Weg","objecttype":"OpenbareRuimteLabel","hoek":-88.9},"geometry":{"type":"Point","coordinates":[173574.552,558944.581]}},{"type":"Feature","properties":{"relatieveHoogteligging":0,"lokaalID":"G1900.d4cba252bd8e48d280d933bfb31ec3d1","bgt_status":"bestaand","identificatieBAGOPR":"0091300000001509","tekst":"Kamille","openbareRuimteType":"Weg","objecttype":"OpenbareRuimteLabel","hoek":-62.2},"geometry":{"type":"Point","coordinates":[173753.217,559267.624]}},{"type":"Feature","properties":{"relatieveHoogteligging":0,"lokaalID":"G1900.d4cba252bd8e48d280d933bfb31ec3d1","bgt_status":"bestaand","identificatieBAGOPR":"0091300000001509","tekst":"Kamille","openbareRuimteType":"Weg","objecttype":"OpenbareRuimteLabel","hoek":3.3},"geometry":{"type":"Point","coordinates":[173818.994,559314.422]}},{"type":"Feature","properties":{"relatieveHoogteligging":0,"lokaalID":"G1900.d6adc8acbeb2427bbe44a8f198e4ea2d","bgt_status":"bestaand","identificatieBAGOPR":"0091300000001528","tekst":"Zomermeter","openbareRuimteType":"Weg","objecttype":"OpenbareRuimteLabel","hoek":-10.3},"geometry":{"type":"Point","coordinates":[173782.57,558719.58]}},{"type":"Feature","properties":{"relatieveHoogteligging":0,"lokaalID":"G1900.d6adc8acbeb2427bbe44a8f198e4ea2d","bgt_status":"bestaand","identificatieBAGOPR":"0091300000001528","tekst":"Zomermeter","openbareRuimteType":"Weg","objecttype":"OpenbareRuimteLabel","hoek":82.1},"geometry":{"type":"Point","coordinates":[173796.171,558847.194]}},{"type":"Feature","properties":{"relatieveHoogteligging":0,"lokaalID":"G1900.e949dfceeb1746d7a966afb40097ccc7","bgt_status":"bestaand","identificatieBAGOPR":"0091300000001510","tekst":"Penningkruid","openbareRuimteType":"Weg","objecttype":"OpenbareRuimteLabel","hoek":66.5},"geometry":{"type":"Point","coordinates":[173946.648,559203.323]}},{"type":"Feature","properties":{"relatieveHoogteligging":0,"lokaalID":"G1900.e949dfceeb1746d7a966afb40097ccc7","bgt_status":"bestaand","identificatieBAGOPR":"0091300000001510","tekst":"Penningkruid","openbareRuimteType":"Weg","objecttype":"OpenbareRuimteLabel","hoek":-23.9},"geometry":{"type":"Point","coordinates":[173790.591,559225.989]}},{"type":"Feature","properties":{"relatieveHoogteligging":0,"lokaalID":"G1900.e949dfceeb1746d7a966afb40097ccc7","bgt_status":"bestaand","identificatieBAGOPR":"0091300000001510","tekst":"Penningkruid","openbareRuimteType":"Weg","objecttype":"OpenbareRuimteLabel","hoek":3.2},"geometry":{"type":"Point","coordinates":[173873.919,559292.402]}},{"type":"Feature","properties":{"relatieveHoogteligging":0,"lokaalID":"G1900.f52de58c2773437a88e901347e71c9b6","bgt_status":"bestaand","identificatieBAGOPR":"0091300000001545","tekst":"Lange Warren","openbareRuimteType":"Weg","objecttype":"OpenbareRuimteLabel","hoek":4.7},"geometry":{"type":"Point","coordinates":[173889.948,558983.105]}},{"type":"Feature","properties":{"relatieveHoogteligging":0,"lokaalID":"G1900.f52de58c2773437a88e901347e71c9b6","bgt_status":"bestaand","identificatieBAGOPR":"0091300000001545","tekst":"Lange Warren","openbareRuimteType":"Weg","objecttype":"OpenbareRuimteLabel","hoek":-16.9},"geometry":{"type":"Point","coordinates":[174017.603,559003.405]}},{"type":"Feature","properties":{"relatieveHoogteligging":0,"lokaalID":"G1900.f7bf078d5f954a57a483fca615d40387","bgt_status":"bestaand","identificatieBAGOPR":"0091300000001529","tekst":"Gele Lis","openbareRuimteType":"Weg","objecttype":"OpenbareRuimteLabel","hoek":7.2},"geometry":{"type":"Point","coordinates":[173746.054,559065.28]}},{"type":"Feature","properties":{"relatieveHoogteligging":0,"lokaalID":"G1900.f7bf078d5f954a57a483fca615d40387","bgt_status":"bestaand","identificatieBAGOPR":"0091300000001529","tekst":"Gele Lis","openbareRuimteType":"Weg","objecttype":"OpenbareRuimteLabel","hoek":-24.5},"geometry":{"type":"Point","coordinates":[173745.803,559105.693]}},{"type":"Feature","properties":{"relatieveHoogteligging":0,"lokaalID":"G1900.0f6b59a52a8c4c14b4df1710fb5b75bd","bgt_status":"bestaand","identificatieBAGOPR":"1900300010081675","tekst":"Duinterperpad","openbareRuimteType":"Weg","objecttype":"OpenbareRuimteLabel","hoek":6.8},"geometry":{"type":"Point","coordinates":[173448.516,558679.41]}},{"type":"Feature","properties":{"relatieveHoogteligging":0,"lokaalID":"G1900.0f6b59a52a8c4c14b4df1710fb5b75bd","bgt_status":"bestaand","identificatieBAGOPR":"1900300010081675","tekst":"Duinterperpad","openbareRuimteType":"Weg","objecttype":"OpenbareRuimteLabel","hoek":-85},"geometry":{"type":"Point","coordinates":[173000.647,558957.87]}},{"type":"Feature","properties":{"relatieveHoogteligging":0,"lokaalID":"G1900.a1210e955c2444bfa8849b350b30b1fb","bgt_status":"bestaand","identificatieBAGOPR":"0091300000001661","tekst":"Zilveren maan","openbareRuimteType":"Weg","objecttype":"OpenbareRuimteLabel","hoek":16.6},"geometry":{"type":"Point","coordinates":[173253.358,558933.632]}},{"type":"Feature","properties":{"relatieveHoogteligging":0,"lokaalID":"G1900.a1210e955c2444bfa8849b350b30b1fb","bgt_status":"bestaand","identificatieBAGOPR":"0091300000001661","tekst":"Zilveren maan","openbareRuimteType":"Weg","objecttype":"OpenbareRuimteLabel","hoek":15.2},"geometry":{"type":"Point","coordinates":[173248.916,558917.73]}},{"type":"Feature","properties":{"relatieveHoogteligging":0,"lokaalID":"G1900.2e801c9649af4faf910f6775bb03482d","bgt_status":"bestaand","identificatieBAGOPR":"0091300000001655","tekst":"Sterrekroos","openbareRuimteType":"Weg","objecttype":"OpenbareRuimteLabel","hoek":3.9},"geometry":{"type":"Point","coordinates":[173457.609,559182.887]}},{"type":"Feature","properties":{"relatieveHoogteligging":0,"lokaalID":"G1900.e796e4fa3b9548978c74d88141782fa3","bgt_status":"bestaand","identificatieBAGOPR":"0091300000001680","tekst":"Tsjerkesleat","openbareRuimteType":"Water","objecttype":"OpenbareRuimteLabel","hoek":54.4},"geometry":{"type":"Point","coordinates":[173047.224,557831.539]}},{"type":"Feature","properties":{"relatieveHoogteligging":0,"lokaalID":"G1900.e796e4fa3b9548978c74d88141782fa3","bgt_status":"bestaand","identificatieBAGOPR":"0091300000001680","tekst":"Tsjerkesleat","openbareRuimteType":"Water","objecttype":"OpenbareRuimteLabel","hoek":17.7},"geometry":{"type":"Point","coordinates":[172885.991,558005.244]}},{"type":"Feature","properties":{"relatieveHoogteligging":0,"lokaalID":"G1900.9abc7ca3df5b48a4989bf5169f1a5333","bgt_status":"bestaand","identificatieBAGOPR":"1900300000315996","tekst":"De Brekkenfeart","openbareRuimteType":"Water","objecttype":"OpenbareRuimteLabel","hoek":-76.7},"geometry":{"type":"Point","coordinates":[173028.656,558903.205]}},{"type":"Feature","properties":{"relatieveHoogteligging":0,"lokaalID":"G1900.9abc7ca3df5b48a4989bf5169f1a5333","bgt_status":"bestaand","identificatieBAGOPR":"1900300000315996","tekst":"De Brekkenfeart","openbareRuimteType":"Water","objecttype":"OpenbareRuimteLabel","hoek":12.1},"geometry":{"type":"Point","coordinates":[173215.135,558746.803]}},{"type":"Feature","properties":{"relatieveHoogteligging":0,"lokaalID":"G1900.9abc7ca3df5b48a4989bf5169f1a5333","bgt_status":"bestaand","identificatieBAGOPR":"1900300000315996","tekst":"De Brekkenfeart","openbareRuimteType":"Water","objecttype":"OpenbareRuimteLabel","hoek":-65.6},"geometry":{"type":"Point","coordinates":[173510.752,558800.083]}},{"type":"Feature","properties":{"relatieveHoogteligging":0,"lokaalID":"G1900.9abc7ca3df5b48a4989bf5169f1a5333","bgt_status":"bestaand","identificatieBAGOPR":"1900300000315996","tekst":"De Brekkenfeart","openbareRuimteType":"Water","objecttype":"OpenbareRuimteLabel","hoek":38.2},"geometry":{"type":"Point","coordinates":[173885.429,558652.275]}},{"type":"Feature","properties":{"relatieveHoogteligging":0,"lokaalID":"G1900.9abc7ca3df5b48a4989bf5169f1a5333","bgt_status":"bestaand","identificatieBAGOPR":"1900300000315996","tekst":"De Brekkenfeart","openbareRuimteType":"Water","objecttype":"OpenbareRuimteLabel","hoek":69.6},"geometry":{"type":"Point","coordinates":[174032.942,558904.731]}},{"type":"Feature","properties":{"relatieveHoogteligging":0,"lokaalID":"G1900.95625d17b71e4985b5e5ac12daf7c92c","bgt_status":"bestaand","identificatieBAGOPR":"0091300000001566","tekst":"Jutrijpstraat","openbareRuimteType":"Weg","objecttype":"OpenbareRuimteLabel","hoek":4.8},"geometry":{"type":"Point","coordinates":[172573.348,559626.972]}},{"type":"Feature","properties":{"relatieveHoogteligging":0,"lokaalID":"G1900.95625d17b71e4985b5e5ac12daf7c92c","bgt_status":"bestaand","identificatieBAGOPR":"0091300000001566","tekst":"Jutrijpstraat","openbareRuimteType":"Weg","objecttype":"OpenbareRuimteLabel","hoek":-84.3},"geometry":{"type":"Point","coordinates":[172620.952,559630.041]}},{"type":"Feature","properties":{"relatieveHoogteligging":0,"lokaalID":"G1900.2b9794ad1b2f4c0ab12accc8f76303b3","bgt_status":"bestaand","identificatieBAGOPR":"0091300000001568","tekst":"Hommertsstraat","openbareRuimteType":"Weg","objecttype":"OpenbareRuimteLabel","hoek":5},"geometry":{"type":"Point","coordinates":[172706.153,559574.568]}},{"type":"Feature","properties":{"relatieveHoogteligging":0,"lokaalID":"G1900.2b9794ad1b2f4c0ab12accc8f76303b3","bgt_status":"bestaand","identificatieBAGOPR":"0091300000001568","tekst":"Hommertsstraat","openbareRuimteType":"Weg","objecttype":"OpenbareRuimteLabel","hoek":-84.7},"geometry":{"type":"Point","coordinates":[172753.492,559614.858]}},{"type":"Feature","properties":{"relatieveHoogteligging":0,"lokaalID":"G1900.aed3133901d14cfb8fc81e6f73232632","bgt_status":"bestaand","identificatieBAGOPR":"0091300000001575","tekst":"Potterzijlstraat","openbareRuimteType":"Weg","objecttype":"OpenbareRuimteLabel","hoek":-84.7},"geometry":{"type":"Point","coordinates":[172928.541,559601.557]}},{"type":"Feature","properties":{"relatieveHoogteligging":0,"lokaalID":"G1900.aed3133901d14cfb8fc81e6f73232632","bgt_status":"bestaand","identificatieBAGOPR":"0091300000001575","tekst":"Potterzijlstraat","openbareRuimteType":"Weg","objecttype":"OpenbareRuimteLabel","hoek":4},"geometry":{"type":"Point","coordinates":[172883.653,559661.069]}},{"type":"Feature","properties":{"relatieveHoogteligging":0,"lokaalID":"G1900.2942e8258b734502b2b3ca469b7b8fd7","bgt_status":"bestaand","identificatieBAGOPR":"0091300000001504","tekst":"van Schouwenburgstraat","openbareRuimteType":"Weg","objecttype":"OpenbareRuimteLabel","hoek":5},"geometry":{"type":"Point","coordinates":[173335.345,559586.728]}},{"type":"Feature","properties":{"relatieveHoogteligging":0,"lokaalID":"G1900.011baff0f934470389fda475f24e4555","bgt_status":"bestaand","identificatieBAGOPR":"0091300000001559","tekst":"Folsgaarsterhemstraat","openbareRuimteType":"Weg","objecttype":"OpenbareRuimteLabel","hoek":-85.1},"geometry":{"type":"Point","coordinates":[172600.847,559964.633]}},{"type":"Feature","properties":{"relatieveHoogteligging":0,"lokaalID":"G1900.4d3b01497bfb4335acea296a4b6b0789","bgt_status":"bestaand","identificatieBAGOPR":"0091300000001495","tekst":"Albardastraat","openbareRuimteType":"Weg","objecttype":"OpenbareRuimteLabel","hoek":5},"geometry":{"type":"Point","coordinates":[173172.907,559873.091]}},{"type":"Feature","properties":{"relatieveHoogteligging":0,"lokaalID":"G1900.c4de5ea955d3489f8c685af504f3474b","bgt_status":"bestaand","identificatieBAGOPR":"0091300000001499","tekst":"Snecanusstraat","openbareRuimteType":"Weg","objecttype":"OpenbareRuimteLabel","hoek":-84.9},"geometry":{"type":"Point","coordinates":[173163.825,559752.756]}},{"type":"Feature","properties":{"relatieveHoogteligging":0,"lokaalID":"G1900.c62d074e08d34b89a12f7bb2c41286ae","bgt_status":"bestaand","identificatieBAGOPR":"0091300000001497","tekst":"Gonggrijpstraat","openbareRuimteType":"Weg","objecttype":"OpenbareRuimteLabel","hoek":-85.2},"geometry":{"type":"Point","coordinates":[173129.758,559895.215]}},{"type":"Feature","properties":{"relatieveHoogteligging":0,"lokaalID":"G1900.ccd8809a781f481dbce0ae39bac9cc3e","bgt_status":"bestaand","identificatieBAGOPR":"0091300000001563","tekst":"Marnezijlstraat","openbareRuimteType":"Weg","objecttype":"OpenbareRuimteLabel","hoek":-85},"geometry":{"type":"Point","coordinates":[172727.118,559787.673]}},{"type":"Feature","properties":{"relatieveHoogteligging":0,"lokaalID":"G1900.dddec389477c474282cbdf7cf17a9501","bgt_status":"bestaand","identificatieBAGOPR":"0091300000001489","tekst":"Lijnbaanstraat","openbareRuimteType":"Weg","objecttype":"OpenbareRuimteLabel","hoek":5.2},"geometry":{"type":"Point","coordinates":[173307.328,559898.032]}},{"type":"Feature","properties":{"relatieveHoogteligging":0,"lokaalID":"G1900.e3c598e39c7245649ae31bce3c6588b3","bgt_status":"bestaand","identificatieBAGOPR":"0091300000001496","tekst":"Jan Kannekenstraat","openbareRuimteType":"Weg","objecttype":"OpenbareRuimteLabel","hoek":-85.2},"geometry":{"type":"Point","coordinates":[173182.998,559822.98]}},{"type":"Feature","properties":{"relatieveHoogteligging":0,"lokaalID":"G1900.ed5f1ce2cee64435ad0415a9bab99fa3","bgt_status":"bestaand","identificatieBAGOPR":"0091300000001557","tekst":"Nijlanderhemstraat","openbareRuimteType":"Weg","objecttype":"OpenbareRuimteLabel","hoek":4.3},"geometry":{"type":"Point","coordinates":[172565.549,559945.992]}},{"type":"Feature","properties":{"relatieveHoogteligging":0,"lokaalID":"G1900.fccec19ae41d466ba53188489bbf1998","bgt_status":"bestaand","identificatieBAGOPR":"0091300000001564","tekst":"Katzijlstraat","openbareRuimteType":"Weg","objecttype":"OpenbareRuimteLabel","hoek":-85.5},"geometry":{"type":"Point","coordinates":[172797.876,559775.076]}},{"type":"Feature","properties":{"relatieveHoogteligging":0,"lokaalID":"G1900.45b5662d0b744559ad60281761e26d96","bgt_status":"bestaand","identificatieBAGOPR":"0091300000001478","tekst":"Van Brunswijkstraat","openbareRuimteType":"Weg","objecttype":"OpenbareRuimteLabel","hoek":56.8},"geometry":{"type":"Point","coordinates":[173861.665,559980.111]}},{"type":"Feature","properties":{"relatieveHoogteligging":0,"lokaalID":"G1900.032fe0484c2e41bd95c0229fa0d8fd90","bgt_status":"bestaand","identificatieBAGOPR":"0091300000001502","tekst":"Quirijn de Blaustraat","openbareRuimteType":"Weg","objecttype":"OpenbareRuimteLabel","hoek":-85.6},"geometry":{"type":"Point","coordinates":[173101.521,559737.229]}},{"type":"Feature","properties":{"relatieveHoogteligging":0,"lokaalID":"G1900.032fe0484c2e41bd95c0229fa0d8fd90","bgt_status":"bestaand","identificatieBAGOPR":"0091300000001502","tekst":"Quirijn de Blaustraat","openbareRuimteType":"Weg","objecttype":"OpenbareRuimteLabel","hoek":-85.2},"geometry":{"type":"Point","coordinates":[173092.595,559635.253]}},{"type":"Feature","properties":{"relatieveHoogteligging":0,"lokaalID":"G1900.1b76c07c03ed47f8a63ef447b585e24a","bgt_status":"bestaand","identificatieBAGOPR":"0091300000001551","tekst":"Partuurstraat","openbareRuimteType":"Weg","objecttype":"OpenbareRuimteLabel","hoek":-45.5},"geometry":{"type":"Point","coordinates":[172236.31,559854.4]}},{"type":"Feature","properties":{"relatieveHoogteligging":0,"lokaalID":"G1900.1b76c07c03ed47f8a63ef447b585e24a","bgt_status":"bestaand","identificatieBAGOPR":"0091300000001551","tekst":"Partuurstraat","openbareRuimteType":"Weg","objecttype":"OpenbareRuimteLabel","hoek":-45.6},"geometry":{"type":"Point","coordinates":[172373.221,559994.609]}},{"type":"Feature","properties":{"relatieveHoogteligging":0,"lokaalID":"G1900.2013c3e6327646a2a2b9f5a63e2bb50d","bgt_status":"bestaand","identificatieBAGOPR":"0091300000001556","tekst":"Westhemstraat","openbareRuimteType":"Weg","objecttype":"OpenbareRuimteLabel","hoek":-86.9},"geometry":{"type":"Point","coordinates":[172511.229,559632.059]}},{"type":"Feature","properties":{"relatieveHoogteligging":0,"lokaalID":"G1900.2013c3e6327646a2a2b9f5a63e2bb50d","bgt_status":"bestaand","identificatieBAGOPR":"0091300000001556","tekst":"Westhemstraat","openbareRuimteType":"Weg","objecttype":"OpenbareRuimteLabel","hoek":-85.2},"geometry":{"type":"Point","coordinates":[172538.674,559955.565]}},{"type":"Feature","properties":{"relatieveHoogteligging":0,"lokaalID":"G1900.2013c3e6327646a2a2b9f5a63e2bb50d","bgt_status":"bestaand","identificatieBAGOPR":"0091300000001556","tekst":"Westhemstraat","openbareRuimteType":"Weg","objecttype":"OpenbareRuimteLabel","hoek":-84.7},"geometry":{"type":"Point","coordinates":[172524.58,559797.088]}},{"type":"Feature","properties":{"relatieveHoogteligging":0,"lokaalID":"G1900.35aee96b79b94626b87af49c0a11463c","bgt_status":"bestaand","identificatieBAGOPR":"0091300000001453","tekst":"Johan Willem Frisostraat","openbareRuimteType":"Weg","objecttype":"OpenbareRuimteLabel","hoek":35.9},"geometry":{"type":"Point","coordinates":[173685.736,560136.662]}},{"type":"Feature","properties":{"relatieveHoogteligging":0,"lokaalID":"G1900.35aee96b79b94626b87af49c0a11463c","bgt_status":"bestaand","identificatieBAGOPR":"0091300000001453","tekst":"Johan Willem Frisostraat","openbareRuimteType":"Weg","objecttype":"OpenbareRuimteLabel","hoek":58.6},"geometry":{"type":"Point","coordinates":[174035.052,559635.829]}},{"type":"Feature","properties":{"relatieveHoogteligging":0,"lokaalID":"G1900.35aee96b79b94626b87af49c0a11463c","bgt_status":"bestaand","identificatieBAGOPR":"0091300000001453","tekst":"Johan Willem Frisostraat","openbareRuimteType":"Weg","objecttype":"OpenbareRuimteLabel","hoek":59},"geometry":{"type":"Point","coordinates":[173972.86,559737.798]}},{"type":"Feature","properties":{"relatieveHoogteligging":0,"lokaalID":"G1900.39c633bffa6144ffa0d16e62ef68e885","bgt_status":"bestaand","identificatieBAGOPR":"0091300000001569","tekst":"Kaatsland","openbareRuimteType":"Weg","objecttype":"OpenbareRuimteLabel","hoek":-85.6},"geometry":{"type":"Point","coordinates":[172844.414,559734.558]}},{"type":"Feature","properties":{"relatieveHoogteligging":0,"lokaalID":"G1900.39c633bffa6144ffa0d16e62ef68e885","bgt_status":"bestaand","identificatieBAGOPR":"0091300000001569","tekst":"Kaatsland","openbareRuimteType":"Weg","objecttype":"OpenbareRuimteLabel","hoek":-85.5},"geometry":{"type":"Point","coordinates":[172860.725,559923.623]}},{"type":"Feature","properties":{"relatieveHoogteligging":0,"lokaalID":"G1900.39c633bffa6144ffa0d16e62ef68e885","bgt_status":"bestaand","identificatieBAGOPR":"0091300000001569","tekst":"Kaatsland","openbareRuimteType":"Weg","objecttype":"OpenbareRuimteLabel","hoek":-84.1},"geometry":{"type":"Point","coordinates":[172869.898,560031.686]}},{"type":"Feature","properties":{"relatieveHoogteligging":0,"lokaalID":"G1900.39c633bffa6144ffa0d16e62ef68e885","bgt_status":"bestaand","identificatieBAGOPR":"0091300000001569","tekst":"Kaatsland","openbareRuimteType":"Weg","objecttype":"OpenbareRuimteLabel","hoek":-85.1},"geometry":{"type":"Point","coordinates":[172834.252,559604.829]}},{"type":"Feature","properties":{"relatieveHoogteligging":0,"lokaalID":"G1900.39c633bffa6144ffa0d16e62ef68e885","bgt_status":"bestaand","identificatieBAGOPR":"0091300000001569","tekst":"Kaatsland","openbareRuimteType":"Weg","objecttype":"OpenbareRuimteLabel","hoek":-84.8},"geometry":{"type":"Point","coordinates":[172815.709,559606.502]}},{"type":"Feature","properties":{"relatieveHoogteligging":0,"lokaalID":"G1900.3a59975e916146ecbae8ff1f46ebb5fc","bgt_status":"bestaand","identificatieBAGOPR":"0091300000001554","tekst":"Het Perk","openbareRuimteType":"Weg","objecttype":"OpenbareRuimteLabel","hoek":42.6},"geometry":{"type":"Point","coordinates":[172440.343,559725.435]}},{"type":"Feature","properties":{"relatieveHoogteligging":0,"lokaalID":"G1900.3a59975e916146ecbae8ff1f46ebb5fc","bgt_status":"bestaand","identificatieBAGOPR":"0091300000001554","tekst":"Het Perk","openbareRuimteType":"Weg","objecttype":"OpenbareRuimteLabel","hoek":43.6},"geometry":{"type":"Point","coordinates":[172328.526,559834.414]}},{"type":"Feature","properties":{"relatieveHoogteligging":0,"lokaalID":"G1900.3ddcf09abe994e52b9a3863a3cacff4f","bgt_status":"bestaand","identificatieBAGOPR":"0091300000001558","tekst":"Oosthemstraat","openbareRuimteType":"Weg","objecttype":"OpenbareRuimteLabel","hoek":-85.1},"geometry":{"type":"Point","coordinates":[172805.593,559942.426]}},{"type":"Feature","properties":{"relatieveHoogteligging":0,"lokaalID":"G1900.3ddcf09abe994e52b9a3863a3cacff4f","bgt_status":"bestaand","identificatieBAGOPR":"0091300000001558","tekst":"Oosthemstraat","openbareRuimteType":"Weg","objecttype":"OpenbareRuimteLabel","hoek":5.3},"geometry":{"type":"Point","coordinates":[172832.503,560005.607]}},{"type":"Feature","properties":{"relatieveHoogteligging":0,"lokaalID":"G1900.523ca1684301445db352d7e79bb68f33","bgt_status":"bestaand","identificatieBAGOPR":"0091300000001490","tekst":"Gajus Nautastraat","openbareRuimteType":"Weg","objecttype":"OpenbareRuimteLabel","hoek":4.7},"geometry":{"type":"Point","coordinates":[173294.291,559722.71]}},{"type":"Feature","properties":{"relatieveHoogteligging":0,"lokaalID":"G1900.523ca1684301445db352d7e79bb68f33","bgt_status":"bestaand","identificatieBAGOPR":"0091300000001490","tekst":"Gajus Nautastraat","openbareRuimteType":"Weg","objecttype":"OpenbareRuimteLabel","hoek":-86.2},"geometry":{"type":"Point","coordinates":[173345.922,559791.737]}},{"type":"Feature","properties":{"relatieveHoogteligging":0,"lokaalID":"G1900.523ca1684301445db352d7e79bb68f33","bgt_status":"bestaand","identificatieBAGOPR":"0091300000001490","tekst":"Gajus Nautastraat","openbareRuimteType":"Weg","objecttype":"OpenbareRuimteLabel","hoek":5.1},"geometry":{"type":"Point","coordinates":[173288.91,559839.721]}},{"type":"Feature","properties":{"relatieveHoogteligging":0,"lokaalID":"G1900.55a3d0ccf01b4bee9cc38811b13490ef","bgt_status":"bestaand","identificatieBAGOPR":"0091300000001673","tekst":"De Geau","openbareRuimteType":"Water","objecttype":"OpenbareRuimteLabel","hoek":-44.4},"geometry":{"type":"Point","coordinates":[172206.262,559927.834]}},{"type":"Feature","properties":{"relatieveHoogteligging":0,"lokaalID":"G1900.55a3d0ccf01b4bee9cc38811b13490ef","bgt_status":"bestaand","identificatieBAGOPR":"0091300000001673","tekst":"De Geau","openbareRuimteType":"Water","objecttype":"OpenbareRuimteLabel","hoek":-27.1},"geometry":{"type":"Point","coordinates":[172147.296,560028.781]}},{"type":"Feature","properties":{"relatieveHoogteligging":0,"lokaalID":"G1900.55a3d0ccf01b4bee9cc38811b13490ef","bgt_status":"bestaand","identificatieBAGOPR":"0091300000001673","tekst":"De Geau","openbareRuimteType":"Water","objecttype":"OpenbareRuimteLabel","hoek":-38.5},"geometry":{"type":"Point","coordinates":[172399.476,560123.782]}},{"type":"Feature","properties":{"relatieveHoogteligging":0,"lokaalID":"G1900.55f898869a374cce8fe88741514613b5","bgt_status":"bestaand","identificatieBAGOPR":"0091300000001550","tekst":"Bovenslag","openbareRuimteType":"Weg","objecttype":"OpenbareRuimteLabel","hoek":-85.9},"geometry":{"type":"Point","coordinates":[172480.169,560026.753]}},{"type":"Feature","properties":{"relatieveHoogteligging":0,"lokaalID":"G1900.55f898869a374cce8fe88741514613b5","bgt_status":"bestaand","identificatieBAGOPR":"0091300000001550","tekst":"Bovenslag","openbareRuimteType":"Weg","objecttype":"OpenbareRuimteLabel","hoek":-85.5},"geometry":{"type":"Point","coordinates":[172475.089,559962.864]}},{"type":"Feature","properties":{"relatieveHoogteligging":0,"lokaalID":"G1900.57165e5dfdc24085909fffe359379c08","bgt_status":"bestaand","identificatieBAGOPR":"0091300000001500","tekst":"Hein Doekesstraat","openbareRuimteType":"Weg","objecttype":"OpenbareRuimteLabel","hoek":4.5},"geometry":{"type":"Point","coordinates":[173149.955,559704.07]}},{"type":"Feature","properties":{"relatieveHoogteligging":0,"lokaalID":"G1900.57165e5dfdc24085909fffe359379c08","bgt_status":"bestaand","identificatieBAGOPR":"0091300000001500","tekst":"Hein Doekesstraat","openbareRuimteType":"Weg","objecttype":"OpenbareRuimteLabel","hoek":4.5},"geometry":{"type":"Point","coordinates":[173048.621,559710.217]}},{"type":"Feature","properties":{"relatieveHoogteligging":0,"lokaalID":"G1900.577bd2a86a0f437ab0bf2be4c6eeb877","bgt_status":"bestaand","identificatieBAGOPR":"0091300000001562","tekst":"Scherwolderhemstraat","openbareRuimteType":"Weg","objecttype":"OpenbareRuimteLabel","hoek":4.7},"geometry":{"type":"Point","coordinates":[172756.379,559848.039]}},{"type":"Feature","properties":{"relatieveHoogteligging":0,"lokaalID":"G1900.577bd2a86a0f437ab0bf2be4c6eeb877","bgt_status":"bestaand","identificatieBAGOPR":"0091300000001562","tekst":"Scherwolderhemstraat","openbareRuimteType":"Weg","objecttype":"OpenbareRuimteLabel","hoek":4.5},"geometry":{"type":"Point","coordinates":[172759.201,559872.069]}},{"type":"Feature","properties":{"relatieveHoogteligging":0,"lokaalID":"G1900.577bd2a86a0f437ab0bf2be4c6eeb877","bgt_status":"bestaand","identificatieBAGOPR":"0091300000001562","tekst":"Scherwolderhemstraat","openbareRuimteType":"Weg","objecttype":"OpenbareRuimteLabel","hoek":4.9},"geometry":{"type":"Point","coordinates":[172586.757,559862.583]}},{"type":"Feature","properties":{"relatieveHoogteligging":0,"lokaalID":"G1900.577bd2a86a0f437ab0bf2be4c6eeb877","bgt_status":"bestaand","identificatieBAGOPR":"0091300000001562","tekst":"Scherwolderhemstraat","openbareRuimteType":"Weg","objecttype":"OpenbareRuimteLabel","hoek":4.8},"geometry":{"type":"Point","coordinates":[172589.227,559885.725]}},{"type":"Feature","properties":{"relatieveHoogteligging":0,"lokaalID":"G1900.723acc0a9ffc466a976c8df132ca1f65","bgt_status":"bestaand","identificatieBAGOPR":"0091300000001484","tekst":"Selfhelpweg","openbareRuimteType":"Weg","objecttype":"OpenbareRuimteLabel","hoek":52.6},"geometry":{"type":"Point","coordinates":[173455.87,560135.026]}},{"type":"Feature","properties":{"relatieveHoogteligging":0,"lokaalID":"G1900.723acc0a9ffc466a976c8df132ca1f65","bgt_status":"bestaand","identificatieBAGOPR":"0091300000001484","tekst":"Selfhelpweg","openbareRuimteType":"Weg","objecttype":"OpenbareRuimteLabel","hoek":71.7},"geometry":{"type":"Point","coordinates":[173510.194,560046.611]}},{"type":"Feature","properties":{"relatieveHoogteligging":0,"lokaalID":"G1900.723acc0a9ffc466a976c8df132ca1f65","bgt_status":"bestaand","identificatieBAGOPR":"0091300000001484","tekst":"Selfhelpweg","openbareRuimteType":"Weg","objecttype":"OpenbareRuimteLabel","hoek":3.6},"geometry":{"type":"Point","coordinates":[173844.644,559549.958]}},{"type":"Feature","properties":{"relatieveHoogteligging":0,"lokaalID":"G1900.723acc0a9ffc466a976c8df132ca1f65","bgt_status":"bestaand","identificatieBAGOPR":"0091300000001484","tekst":"Selfhelpweg","openbareRuimteType":"Weg","objecttype":"OpenbareRuimteLabel","hoek":49.5},"geometry":{"type":"Point","coordinates":[173917.112,559611.106]}},{"type":"Feature","properties":{"relatieveHoogteligging":0,"lokaalID":"G1900.723acc0a9ffc466a976c8df132ca1f65","bgt_status":"bestaand","identificatieBAGOPR":"0091300000001484","tekst":"Selfhelpweg","openbareRuimteType":"Weg","objecttype":"OpenbareRuimteLabel","hoek":45.9},"geometry":{"type":"Point","coordinates":[173841.937,559634.361]}},{"type":"Feature","properties":{"relatieveHoogteligging":0,"lokaalID":"G1900.723acc0a9ffc466a976c8df132ca1f65","bgt_status":"bestaand","identificatieBAGOPR":"0091300000001484","tekst":"Selfhelpweg","openbareRuimteType":"Weg","objecttype":"OpenbareRuimteLabel","hoek":73.7},"geometry":{"type":"Point","coordinates":[173732.531,559701.576]}},{"type":"Feature","properties":{"relatieveHoogteligging":0,"lokaalID":"G1900.723acc0a9ffc466a976c8df132ca1f65","bgt_status":"bestaand","identificatieBAGOPR":"0091300000001484","tekst":"Selfhelpweg","openbareRuimteType":"Weg","objecttype":"OpenbareRuimteLabel","hoek":61.8},"geometry":{"type":"Point","coordinates":[173800.263,559710.865]}},{"type":"Feature","properties":{"relatieveHoogteligging":0,"lokaalID":"G1900.723acc0a9ffc466a976c8df132ca1f65","bgt_status":"bestaand","identificatieBAGOPR":"0091300000001484","tekst":"Selfhelpweg","openbareRuimteType":"Weg","objecttype":"OpenbareRuimteLabel","hoek":71.4},"geometry":{"type":"Point","coordinates":[173744.696,559715.513]}},{"type":"Feature","properties":{"relatieveHoogteligging":0,"lokaalID":"G1900.723acc0a9ffc466a976c8df132ca1f65","bgt_status":"bestaand","identificatieBAGOPR":"0091300000001484","tekst":"Selfhelpweg","openbareRuimteType":"Weg","objecttype":"OpenbareRuimteLabel","hoek":-27.5},"geometry":{"type":"Point","coordinates":[173775.722,559781.946]}},{"type":"Feature","properties":{"relatieveHoogteligging":0,"lokaalID":"G1900.723acc0a9ffc466a976c8df132ca1f65","bgt_status":"bestaand","identificatieBAGOPR":"0091300000001484","tekst":"Selfhelpweg","openbareRuimteType":"Weg","objecttype":"OpenbareRuimteLabel","hoek":58.6},"geometry":{"type":"Point","coordinates":[173581.542,559870.767]}},{"type":"Feature","properties":{"relatieveHoogteligging":0,"lokaalID":"G1900.9b75841edceb4420805e0971cef80117","bgt_status":"bestaand","identificatieBAGOPR":"0091300000001553","tekst":"Boetsstraat","openbareRuimteType":"Weg","objecttype":"OpenbareRuimteLabel","hoek":5.1},"geometry":{"type":"Point","coordinates":[172500.822,559893.168]}},{"type":"Feature","properties":{"relatieveHoogteligging":0,"lokaalID":"G1900.9b75841edceb4420805e0971cef80117","bgt_status":"bestaand","identificatieBAGOPR":"0091300000001553","tekst":"Boetsstraat","openbareRuimteType":"Weg","objecttype":"OpenbareRuimteLabel","hoek":-45.1},"geometry":{"type":"Point","coordinates":[172373.549,559826.624]}},{"type":"Feature","properties":{"relatieveHoogteligging":0,"lokaalID":"G1900.9d49b0512f624476801bf70535273780","bgt_status":"bestaand","identificatieBAGOPR":"0091300000001493","tekst":"Pieter Sikkesstraat","openbareRuimteType":"Weg","objecttype":"OpenbareRuimteLabel","hoek":-85},"geometry":{"type":"Point","coordinates":[173251.322,559883.026]}},{"type":"Feature","properties":{"relatieveHoogteligging":0,"lokaalID":"G1900.9d49b0512f624476801bf70535273780","bgt_status":"bestaand","identificatieBAGOPR":"0091300000001493","tekst":"Pieter Sikkesstraat","openbareRuimteType":"Weg","objecttype":"OpenbareRuimteLabel","hoek":-81.5},"geometry":{"type":"Point","coordinates":[173221.314,559636.566]}},{"type":"Feature","properties":{"relatieveHoogteligging":0,"lokaalID":"G1900.a99ab1700b2440c0aca9bba8115c8f43","bgt_status":"bestaand","identificatieBAGOPR":"0091300000001498","tekst":"Ype Staakstraat","openbareRuimteType":"Weg","objecttype":"OpenbareRuimteLabel","hoek":-85},"geometry":{"type":"Point","coordinates":[173066.005,559929.593]}},{"type":"Feature","properties":{"relatieveHoogteligging":0,"lokaalID":"G1900.a99ab1700b2440c0aca9bba8115c8f43","bgt_status":"bestaand","identificatieBAGOPR":"0091300000001498","tekst":"Ype Staakstraat","openbareRuimteType":"Weg","objecttype":"OpenbareRuimteLabel","hoek":-85.4},"geometry":{"type":"Point","coordinates":[173071.943,560000.819]}},{"type":"Feature","properties":{"relatieveHoogteligging":0,"lokaalID":"G1900.b1f005da02c14ff0bd5b171651348d57","bgt_status":"bestaand","identificatieBAGOPR":"0091300000001488","tekst":"Liaukemastraat","openbareRuimteType":"Weg","objecttype":"OpenbareRuimteLabel","hoek":4.5},"geometry":{"type":"Point","coordinates":[173296.432,559779.007]}},{"type":"Feature","properties":{"relatieveHoogteligging":0,"lokaalID":"G1900.b1f005da02c14ff0bd5b171651348d57","bgt_status":"bestaand","identificatieBAGOPR":"0091300000001488","tekst":"Liaukemastraat","openbareRuimteType":"Weg","objecttype":"OpenbareRuimteLabel","hoek":4.9},"geometry":{"type":"Point","coordinates":[173168.274,559790.094]}},{"type":"Feature","properties":{"relatieveHoogteligging":0,"lokaalID":"G1900.b1f005da02c14ff0bd5b171651348d57","bgt_status":"bestaand","identificatieBAGOPR":"0091300000001488","tekst":"Liaukemastraat","openbareRuimteType":"Weg","objecttype":"OpenbareRuimteLabel","hoek":4.6},"geometry":{"type":"Point","coordinates":[173059.276,559796.306]}},{"type":"Feature","properties":{"relatieveHoogteligging":0,"lokaalID":"G1900.b2f385956a384e1ebe6391ca8ca51e5e","bgt_status":"bestaand","identificatieBAGOPR":"0091300000001654","tekst":"Stadsrondweg-Zuid","openbareRuimteType":"Weg","objecttype":"OpenbareRuimteLabel","hoek":2.7},"geometry":{"type":"Point","coordinates":[173185.227,559500.769]}},{"type":"Feature","properties":{"relatieveHoogteligging":0,"lokaalID":"G1900.b2f385956a384e1ebe6391ca8ca51e5e","bgt_status":"bestaand","identificatieBAGOPR":"0091300000001654","tekst":"Stadsrondweg-Zuid","openbareRuimteType":"Weg","objecttype":"OpenbareRuimteLabel","hoek":41.6},"geometry":{"type":"Point","coordinates":[172230.61,559741.281]}},{"type":"Feature","properties":{"relatieveHoogteligging":0,"lokaalID":"G1900.b2f385956a384e1ebe6391ca8ca51e5e","bgt_status":"bestaand","identificatieBAGOPR":"0091300000001654","tekst":"Stadsrondweg-Zuid","openbareRuimteType":"Weg","objecttype":"OpenbareRuimteLabel","hoek":1.8},"geometry":{"type":"Point","coordinates":[173487.487,559479.355]}},{"type":"Feature","properties":{"relatieveHoogteligging":0,"lokaalID":"G1900.b2f385956a384e1ebe6391ca8ca51e5e","bgt_status":"bestaand","identificatieBAGOPR":"0091300000001654","tekst":"Stadsrondweg-Zuid","openbareRuimteType":"Weg","objecttype":"OpenbareRuimteLabel","hoek":2.5},"geometry":{"type":"Point","coordinates":[172718.651,559515.919]}},{"type":"Feature","properties":{"relatieveHoogteligging":0,"lokaalID":"G1900.b2f385956a384e1ebe6391ca8ca51e5e","bgt_status":"bestaand","identificatieBAGOPR":"0091300000001654","tekst":"Stadsrondweg-Zuid","openbareRuimteType":"Weg","objecttype":"OpenbareRuimteLabel","hoek":-0.4},"geometry":{"type":"Point","coordinates":[174125.481,559449.83]}},{"type":"Feature","properties":{"relatieveHoogteligging":0,"lokaalID":"G1900.b2f385956a384e1ebe6391ca8ca51e5e","bgt_status":"bestaand","identificatieBAGOPR":"0091300000001654","tekst":"Stadsrondweg-Zuid","openbareRuimteType":"Weg","objecttype":"OpenbareRuimteLabel","hoek":-0.9},"geometry":{"type":"Point","coordinates":[174122.7,559460.691]}},{"type":"Feature","properties":{"relatieveHoogteligging":0,"lokaalID":"G1900.b2f385956a384e1ebe6391ca8ca51e5e","bgt_status":"bestaand","identificatieBAGOPR":"0091300000001654","tekst":"Stadsrondweg-Zuid","openbareRuimteType":"Weg","objecttype":"OpenbareRuimteLabel","hoek":2},"geometry":{"type":"Point","coordinates":[173927.564,559464.913]}},{"type":"Feature","properties":{"relatieveHoogteligging":0,"lokaalID":"G1900.c23c8704fed4458594012a4964aaddc6","bgt_status":"bestaand","identificatieBAGOPR":"0091300000001561","tekst":"Rijperahemstraat","openbareRuimteType":"Weg","objecttype":"OpenbareRuimteLabel","hoek":4.9},"geometry":{"type":"Point","coordinates":[172758.916,559931.997]}},{"type":"Feature","properties":{"relatieveHoogteligging":0,"lokaalID":"G1900.c23c8704fed4458594012a4964aaddc6","bgt_status":"bestaand","identificatieBAGOPR":"0091300000001561","tekst":"Rijperahemstraat","openbareRuimteType":"Weg","objecttype":"OpenbareRuimteLabel","hoek":-84.5},"geometry":{"type":"Point","coordinates":[172746.845,560016.753]}},{"type":"Feature","properties":{"relatieveHoogteligging":0,"lokaalID":"G1900.cb7022b998ed45de99a1f50beef87f58","bgt_status":"bestaand","identificatieBAGOPR":"0091300000001552","tekst":"Pripperstraat","openbareRuimteType":"Weg","objecttype":"OpenbareRuimteLabel","hoek":-45.5},"geometry":{"type":"Point","coordinates":[172269.565,559808.585]}},{"type":"Feature","properties":{"relatieveHoogteligging":0,"lokaalID":"G1900.cb7022b998ed45de99a1f50beef87f58","bgt_status":"bestaand","identificatieBAGOPR":"0091300000001552","tekst":"Pripperstraat","openbareRuimteType":"Weg","objecttype":"OpenbareRuimteLabel","hoek":-45.6},"geometry":{"type":"Point","coordinates":[172391.062,559931.541]}},{"type":"Feature","properties":{"relatieveHoogteligging":0,"lokaalID":"G1900.cb9aaef8b3b14b299175939e9be6db44","bgt_status":"bestaand","identificatieBAGOPR":"0091300000001494","tekst":"Age Piersstraat","openbareRuimteType":"Weg","objecttype":"OpenbareRuimteLabel","hoek":4.8},"geometry":{"type":"Point","coordinates":[173210.757,559954.775]}},{"type":"Feature","properties":{"relatieveHoogteligging":0,"lokaalID":"G1900.cb9aaef8b3b14b299175939e9be6db44","bgt_status":"bestaand","identificatieBAGOPR":"0091300000001494","tekst":"Age Piersstraat","openbareRuimteType":"Weg","objecttype":"OpenbareRuimteLabel","hoek":-84.4},"geometry":{"type":"Point","coordinates":[173190.186,559877.212]}},{"type":"Feature","properties":{"relatieveHoogteligging":0,"lokaalID":"G1900.d31ee43c63ef4a8fb32970b83221acde","bgt_status":"bestaand","identificatieBAGOPR":"0091300000001565","tekst":"Piekezijlstraat","openbareRuimteType":"Weg","objecttype":"OpenbareRuimteLabel","hoek":4.9},"geometry":{"type":"Point","coordinates":[172580.109,559686.487]}},{"type":"Feature","properties":{"relatieveHoogteligging":0,"lokaalID":"G1900.d31ee43c63ef4a8fb32970b83221acde","bgt_status":"bestaand","identificatieBAGOPR":"0091300000001565","tekst":"Piekezijlstraat","openbareRuimteType":"Weg","objecttype":"OpenbareRuimteLabel","hoek":4.5},"geometry":{"type":"Point","coordinates":[172762.257,559671.765]}},{"type":"Feature","properties":{"relatieveHoogteligging":0,"lokaalID":"G1900.da4c5246ea254aecb29bb5377ed831a1","bgt_status":"bestaand","identificatieBAGOPR":"0091300000001555","tekst":"Voorlijn","openbareRuimteType":"Weg","objecttype":"OpenbareRuimteLabel","hoek":43.9},"geometry":{"type":"Point","coordinates":[172438.076,559812.003]}},{"type":"Feature","properties":{"relatieveHoogteligging":0,"lokaalID":"G1900.da4c5246ea254aecb29bb5377ed831a1","bgt_status":"bestaand","identificatieBAGOPR":"0091300000001555","tekst":"Voorlijn","openbareRuimteType":"Weg","objecttype":"OpenbareRuimteLabel","hoek":4.6},"geometry":{"type":"Point","coordinates":[172500.596,559763.248]}},{"type":"Feature","properties":{"relatieveHoogteligging":0,"lokaalID":"G1900.f58733b9268b487cb02fd9d902ae9a01","bgt_status":"bestaand","identificatieBAGOPR":"0091300000001487","tekst":"Willem Santemastraat","openbareRuimteType":"Weg","objecttype":"OpenbareRuimteLabel","hoek":-85.5},"geometry":{"type":"Point","coordinates":[173274.537,559856.078]}},{"type":"Feature","properties":{"relatieveHoogteligging":0,"lokaalID":"G1900.f58733b9268b487cb02fd9d902ae9a01","bgt_status":"bestaand","identificatieBAGOPR":"0091300000001487","tekst":"Willem Santemastraat","openbareRuimteType":"Weg","objecttype":"OpenbareRuimteLabel","hoek":-81.4},"geometry":{"type":"Point","coordinates":[173246.142,559634.54]}},{"type":"Feature","properties":{"relatieveHoogteligging":0,"lokaalID":"G1900.f9720c62edf54872998f6d70f4ae9e0c","bgt_status":"bestaand","identificatieBAGOPR":"0091300000001560","tekst":"Morrahemstraat","openbareRuimteType":"Weg","objecttype":"OpenbareRuimteLabel","hoek":-85.1},"geometry":{"type":"Point","coordinates":[172673.49,559932.517]}},{"type":"Feature","properties":{"relatieveHoogteligging":0,"lokaalID":"G1900.f9720c62edf54872998f6d70f4ae9e0c","bgt_status":"bestaand","identificatieBAGOPR":"0091300000001560","tekst":"Morrahemstraat","openbareRuimteType":"Weg","objecttype":"OpenbareRuimteLabel","hoek":-85.1},"geometry":{"type":"Point","coordinates":[172659.389,559787.975]}},{"type":"Feature","properties":{"relatieveHoogteligging":0,"lokaalID":"G1900.f9720c62edf54872998f6d70f4ae9e0c","bgt_status":"bestaand","identificatieBAGOPR":"0091300000001560","tekst":"Morrahemstraat","openbareRuimteType":"Weg","objecttype":"OpenbareRuimteLabel","hoek":-85.4},"geometry":{"type":"Point","coordinates":[172681.615,560038.386]}},{"type":"Feature","properties":{"relatieveHoogteligging":0,"lokaalID":"G1900.0bbc613f708c4c688ce178ea02c7f6fb","bgt_status":"bestaand","identificatieBAGOPR":"0091300000001447","tekst":"Koningin Wilhelminastraat","openbareRuimteType":"Weg","objecttype":"OpenbareRuimteLabel","hoek":-39.6},"geometry":{"type":"Point","coordinates":[174031.014,560047.855]}},{"type":"Feature","properties":{"relatieveHoogteligging":0,"lokaalID":"G1900.0bbc613f708c4c688ce178ea02c7f6fb","bgt_status":"bestaand","identificatieBAGOPR":"0091300000001447","tekst":"Koningin Wilhelminastraat","openbareRuimteType":"Weg","objecttype":"OpenbareRuimteLabel","hoek":-35.2},"geometry":{"type":"Point","coordinates":[173903.927,559951.554]}},{"type":"Feature","properties":{"relatieveHoogteligging":0,"lokaalID":"G1900.94540bc61c3d4a0e8af398e1193db923","bgt_status":"bestaand","identificatieBAGOPR":"0091300000001591","tekst":"Buitenroede","openbareRuimteType":"Weg","objecttype":"OpenbareRuimteLabel","hoek":30.9},"geometry":{"type":"Point","coordinates":[172337.011,559604.927]}},{"type":"Feature","properties":{"relatieveHoogteligging":0,"lokaalID":"G1900.94540bc61c3d4a0e8af398e1193db923","bgt_status":"bestaand","identificatieBAGOPR":"0091300000001591","tekst":"Buitenroede","openbareRuimteType":"Weg","objecttype":"OpenbareRuimteLabel","hoek":-20.8},"geometry":{"type":"Point","coordinates":[172189.826,559611.824]}},{"type":"Feature","properties":{"relatieveHoogteligging":0,"lokaalID":"G1900.6086dbf4ab2d44aab1c68e5b8beafff7","bgt_status":"bestaand","identificatieBAGOPR":"0091300000001506","tekst":"Hanso Mollstraat","openbareRuimteType":"Weg","objecttype":"OpenbareRuimteLabel","hoek":-81.9},"geometry":{"type":"Point","coordinates":[173374.529,559694.43]}},{"type":"Feature","properties":{"relatieveHoogteligging":0,"lokaalID":"G1900.f7c7c15095c045ca8e172021a0e2aca4","bgt_status":"bestaand","identificatieBAGOPR":"1900300010082345","tekst":"Slûpfeart","openbareRuimteType":"Water","objecttype":"OpenbareRuimteLabel","hoek":0.8},"geometry":{"type":"Point","coordinates":[173910.903,559522.931]}},{"type":"Feature","properties":{"relatieveHoogteligging":0,"lokaalID":"G1900.f7c7c15095c045ca8e172021a0e2aca4","bgt_status":"bestaand","identificatieBAGOPR":"1900300010082345","tekst":"Slûpfeart","openbareRuimteType":"Water","objecttype":"OpenbareRuimteLabel","hoek":3.7},"geometry":{"type":"Point","coordinates":[173669.095,559517.786]}},{"type":"Feature","properties":{"relatieveHoogteligging":0,"lokaalID":"G1900.f7c7c15095c045ca8e172021a0e2aca4","bgt_status":"bestaand","identificatieBAGOPR":"1900300010082345","tekst":"Slûpfeart","openbareRuimteType":"Water","objecttype":"OpenbareRuimteLabel","hoek":6.1},"geometry":{"type":"Point","coordinates":[173216.348,559531.75]}},{"type":"Feature","properties":{"relatieveHoogteligging":0,"lokaalID":"G1900.f7c7c15095c045ca8e172021a0e2aca4","bgt_status":"bestaand","identificatieBAGOPR":"1900300010082345","tekst":"Slûpfeart","openbareRuimteType":"Water","objecttype":"OpenbareRuimteLabel","hoek":3.4},"geometry":{"type":"Point","coordinates":[172729.057,559553.065]}},{"type":"Feature","properties":{"relatieveHoogteligging":0,"lokaalID":"G1900.f7c7c15095c045ca8e172021a0e2aca4","bgt_status":"bestaand","identificatieBAGOPR":"1900300010082345","tekst":"Slûpfeart","openbareRuimteType":"Water","objecttype":"OpenbareRuimteLabel","hoek":35.5},"geometry":{"type":"Point","coordinates":[172282.981,559725.268]}},{"type":"Feature","properties":{"relatieveHoogteligging":0,"lokaalID":"G1900.8f75187a3933484ca4c89ba60443c926","bgt_status":"bestaand","identificatieBAGOPR":"1900300010086330","tekst":"het Eerst","openbareRuimteType":"Weg","objecttype":"OpenbareRuimteLabel","hoek":-46.8},"geometry":{"type":"Point","coordinates":[172334.146,559787.587]}},{"type":"Feature","properties":{"relatieveHoogteligging":0,"lokaalID":"G1900.9915b667088b473d8c6d45d725085121","bgt_status":"bestaand","identificatieBAGOPR":"1900300010086328","tekst":"de Krans","openbareRuimteType":"Weg","objecttype":"OpenbareRuimteLabel","hoek":45},"geometry":{"type":"Point","coordinates":[172362.664,559721.85]}},{"type":"Feature","properties":{"relatieveHoogteligging":0,"lokaalID":"G1900.d3032fbe2d7d46fbb351af4ccc2cee30","bgt_status":"bestaand","identificatieBAGOPR":"0091300000001586","tekst":"Zeskanter","openbareRuimteType":"Weg","objecttype":"OpenbareRuimteLabel","hoek":-82.4},"geometry":{"type":"Point","coordinates":[172523.47,559019.351]}},{"type":"Feature","properties":{"relatieveHoogteligging":0,"lokaalID":"G1900.d3032fbe2d7d46fbb351af4ccc2cee30","bgt_status":"bestaand","identificatieBAGOPR":"0091300000001586","tekst":"Zeskanter","openbareRuimteType":"Weg","objecttype":"OpenbareRuimteLabel","hoek":61.4},"geometry":{"type":"Point","coordinates":[172526.122,558986.076]}},{"type":"Feature","properties":{"relatieveHoogteligging":0,"lokaalID":"G1900.d3032fbe2d7d46fbb351af4ccc2cee30","bgt_status":"bestaand","identificatieBAGOPR":"0091300000001586","tekst":"Zeskanter","openbareRuimteType":"Weg","objecttype":"OpenbareRuimteLabel","hoek":-81.8},"geometry":{"type":"Point","coordinates":[172829.128,558917.593]}},{"type":"Feature","properties":{"relatieveHoogteligging":0,"lokaalID":"G1900.d3032fbe2d7d46fbb351af4ccc2cee30","bgt_status":"bestaand","identificatieBAGOPR":"0091300000001586","tekst":"Zeskanter","openbareRuimteType":"Weg","objecttype":"OpenbareRuimteLabel","hoek":62.9},"geometry":{"type":"Point","coordinates":[172679.097,558926.739]}},{"type":"Feature","properties":{"relatieveHoogteligging":0,"lokaalID":"G1900.dbd82882abe2486b9697f868ea3c1020","bgt_status":"bestaand","identificatieBAGOPR":"0091300000001595","tekst":"Koningsspil","openbareRuimteType":"Weg","objecttype":"OpenbareRuimteLabel","hoek":16.5},"geometry":{"type":"Point","coordinates":[172799.81,558995.683]}},{"type":"Feature","properties":{"relatieveHoogteligging":0,"lokaalID":"G1900.dbd82882abe2486b9697f868ea3c1020","bgt_status":"bestaand","identificatieBAGOPR":"0091300000001595","tekst":"Koningsspil","openbareRuimteType":"Weg","objecttype":"OpenbareRuimteLabel","hoek":15.1},"geometry":{"type":"Point","coordinates":[172784.279,558999.242]}},{"type":"Feature","properties":{"relatieveHoogteligging":0,"lokaalID":"G1900.dbd82882abe2486b9697f868ea3c1020","bgt_status":"bestaand","identificatieBAGOPR":"0091300000001595","tekst":"Koningsspil","openbareRuimteType":"Weg","objecttype":"OpenbareRuimteLabel","hoek":17.4},"geometry":{"type":"Point","coordinates":[172663.576,559033.544]}}]}