{"type":"FeatureCollection","name":"bgt_functioneelgebied","crs":{"type":"name","properties":{"name":"urn:ogc:def:crs:EPSG::28992"}},"features":[{"type":"Feature","properties":{"relatieveHoogteligging":1,"lokaalID":"W0653.a7c9d31637494b98938192aa79c127ce","bgt_status":"bestaand","bgt_type":"kering","naam":"Regionale en lokale keringen","objecttype":"FunctioneelGebied"},"geometry":{"type":"Polygon","coordinates":[[[171215.272,558391.882],[171215.716,558391.542],[171218.005,558389.984],[171219.091,558389.424],[171222.152,558388.297],[171223.074,558388.055],[171226.059,558387.567],[171226.237,558387.541],[171229.889,558387.08],[171230.367,558387.042],[171234.159,558386.929],[171235.267,558387.019],[171254.437,558390.765],[171254.839,558390.861],[171275.512,558396.709],[171275.562,558396.723],[171297.229,558403.101],[171297.284,558403.117],[171312.11,558407.664],[171312.195,558407.662],[171310.528,558397.636],[171308.286,558387.701],[171308.281,558387.679],[171302.596,558361.952],[171302.488,558360.567],[171302.837,558354.882],[171302.986,558353.938],[171304.533,558347.946],[171305.039,558346.706],[171306.155,558344.763],[171306.666,558344.033],[171307.299,558343.405],[171308.033,558342.9],[171308.845,558342.532],[171310.25,558342.043],[171311.379,558341.791],[171312.537,558341.806],[171321.584,558342.976],[171322.605,558343.22],[171323.553,558343.671],[171324.385,558344.31],[171325.067,558345.109],[171325.566,558346.032],[171325.861,558347.04],[171326.317,558349.545],[171326.383,558350.056],[171327.762,558367.932],[171333.946,558393.687],[171334.084,558394.797],[171334.256,558409.886],[171334.248,558410.23],[171333.828,558417.529],[171333.727,558418.28],[171333.515,558419.006],[171332.442,558421.85],[171332.418,558421.898],[171332.403,558421.95],[171332.201,558422.337],[171332.008,558422.729],[171331.975,558422.772],[171331.95,558422.819],[171331.677,558423.16],[171331.41,558423.506],[171331.37,558423.542],[171331.336,558423.584],[171329.974,558424.974],[171328.904,558425.805],[171326.341,558427.286],[171326.18,558427.375],[171323.015,558429.052],[171322.639,558429.231],[171318.855,558430.848],[171318.061,558431.111],[171317.234,558431.238],[171314.549,558431.423],[171313.982,558431.43],[171311.281,558431.309],[171310.415,558431.194],[171308.446,558430.754],[171306.228,558430.262],[171305.446,558430.021],[171302.562,558428.863],[171289.528,558424.426],[171283.444,558422.698],[171274.388,558420.656],[171274.215,558420.614],[171269.122,558419.273],[171268.962,558419.229],[171263.173,558417.498],[171258.931,558416.328],[171258.162,558416.046],[171252.329,558413.349],[171252.268,558413.321],[171250.247,558412.353],[171247.865,558411.718],[171240.745,558410.63],[171240.581,558410.602],[171236.09,558409.762],[171231.745,558409.687],[171230.516,558409.882],[171230.335,558411.022],[171230.256,558411.418],[171228.654,558418.01],[171228.493,558418.543],[171227.456,558421.387],[171226.452,558424.549],[171225.37,558428.74],[171225.164,558432.243],[171225.49,558433.288],[171227.337,558435.924],[171230.967,558440.859],[171231.172,558441.161],[171233.1,558444.228],[171233.54,558445.112],[171234.57,558447.822],[171234.819,558448.724],[171235.682,558453.584],[171235.759,558454.406],[171235.788,558457.158],[171235.772,558457.611],[171235.55,558460.361],[171235.462,558460.979],[171235.098,558462.727],[171234.843,558463.571],[171233.261,558467.511],[171232.871,558468.283],[171232.354,558468.976],[171230.184,558471.411],[171229.168,558472.281],[171227.107,558473.616],[171226.722,558473.841],[171223.356,558475.617],[171223.004,558475.785],[171220.042,558477.063],[171219.023,558477.378],[171216.568,558477.86],[171215.47,558477.951],[171212.918,558477.881],[171212.304,558477.827],[171204.843,558476.693],[171204.551,558476.64],[171189.83,558473.499],[171189.677,558473.464],[171183.569,558471.958],[171181.768,558479.643],[171179.131,558492.175],[171179.107,558492.284],[171176.106,558505.119],[171175.846,558505.92],[171175.489,558506.768],[171174.951,558507.732],[171174.215,558508.554],[171173.107,558509.546],[171172.409,558510.069],[171171.631,558510.462],[171170.797,558510.714],[171169.644,558510.956],[171168.7,558511.061],[171166.598,558511.095],[171166.524,558511.089],[171166.45,558511.095],[171166.036,558511.049],[171165.621,558511.015],[171165.55,558510.994],[171165.476,558510.986],[171165.079,558510.86],[171164.679,558510.745],[171164.613,558510.711],[171164.542,558510.689],[171162.647,558509.873],[171161.849,558509.44],[171161.142,558508.87],[171160.05,558507.811],[171159.446,558507.106],[171158.983,558506.301],[171158.294,558504.794],[171157.974,558503.857],[171157.844,558502.875],[171157.91,558501.887],[171158.749,558496.89],[171158.774,558496.758],[171162.446,558477.999],[171162.472,558477.874],[171163.094,558475.077],[171163.163,558474.806],[171164.712,558469.308],[171164.94,558468.4],[171161.838,558467.309],[171159.018,558466.41],[171150.438,558463.694],[171150.253,558463.631],[171146.312,558462.211],[171144.087,558462.005],[171141.758,558461.874],[171139.4,558462.389],[171138.082,558463.133],[171136.652,558464.97],[171135.954,558466.766],[171125.346,558494.663],[171121.857,558504.105],[171117.549,558520.141],[171117.522,558523.579],[171117.958,558527.133],[171119.566,558530.788],[171132.912,558550.994],[171133.11,558551.321],[171143.926,558570.777],[171144.186,558571.318],[171152.228,558591.029],[171160.187,558609.519],[171163.269,558614.031],[171166.457,558617.858],[171168.331,558619.513],[171172.512,558622.569],[171177.143,558624.973],[171180.93,558625.849],[171184.071,558625.925],[171187.904,558625.712],[171191.266,558625.113],[171191.615,558625.064],[171194.517,558624.756],[171195.388,558624.74],[171197.247,558624.868],[171198.112,558625.004],[171199.868,558625.442],[171200.849,558625.798],[171203.585,558627.131],[171204.483,558627.693],[171214.142,558635.278],[171214.441,558635.533],[171236.489,558655.834],[171236.576,558655.916],[171241.459,558660.634],[171241.974,558661.214],[171242.393,558661.868],[171244.319,558665.462],[171244.782,558666.694],[171245.471,558669.661],[171245.6,558670.822],[171245.579,558674.085],[171245.893,558680.444],[171246.482,558683.319],[171247.392,558685.903],[171251.917,558693.272],[171259.68,558705.522],[171259.752,558705.64],[171263.066,558711.205],[171263.394,558711.86],[171265.132,558716.084],[171265.383,558716.877],[171266.809,558723.146],[171266.851,558723.345],[171268.352,558731.46],[171268.416,558731.935],[171269.546,558744.886],[171270.799,558752.292],[171273.464,558763.163],[171280.865,558787.695],[171283.126,558793.419],[171287.437,558802.379],[171292.927,558811.005],[171305.146,558829.741],[171322.878,558855.268],[171331.503,558866.163],[171340.398,558875.892],[171361.11,558897.094],[171384.183,558919.91],[171391.204,558926.466],[171405.496,558938.191],[171415.665,558946.171],[171416.063,558946.519],[171421.886,558952.178],[171422.102,558952.401],[171432.359,558963.69],[171440.561,558972.318],[171458.297,558988.228],[171460.7,558990.243],[171460.931,558990.449],[171473.524,559002.415],[171484.332,559011.973],[171484.401,559012.047],[171484.481,559012.11],[171487.544,559015.048],[171487.651,559015.153],[171496.223,559023.883],[171499.556,559026.718],[171506.154,559031.442],[171510.138,559033.895],[171514.429,559035.78],[171517.274,559036.452],[171519.033,559036.601],[171520.003,559036.534],[171522.117,559036.122],[171522.141,559036.117],[171525.495,559035.482],[171528.227,559034.456],[171528.965,559034.242],[171531.328,559033.75],[171531.886,559033.666],[171534.112,559033.46],[171535.419,559033.511],[171536.997,559033.782],[171537.914,559034.031],[171540.614,559035.048],[171541.577,559035.536],[171542.413,559036.218],[171546.844,559040.715],[171547.045,559040.931],[171557.975,559053.419],[171567.626,559063.765],[171567.951,559064.151],[171574.155,559072.319],[171574.404,559072.679],[171578.759,559079.595],[171583.373,559085.572],[171588.985,559092.642],[171592.654,559096.515],[171593.749,559096.968],[171595.068,559096.288],[171596.358,559095.275],[171597.769,559093.96],[171620.266,559063.029],[171620.363,559062.901],[171628.023,559053.051],[171628.46,559052.559],[171630.273,559050.773],[171631.038,559050.154],[171631.911,559049.697],[171632.856,559049.42],[171635.242,559048.97],[171636.101,559048.884],[171636.962,559048.947],[171639.243,559049.313],[171639.439,559049.365],[171639.639,559049.393],[171643.137,559050.249],[171643.868,559050.489],[171644.554,559050.839],[171648.376,559053.173],[171648.737,559053.415],[171674.727,559072.575],[171674.89,559072.701],[171713.43,559103.641],[171713.439,559103.648],[171742.879,559127.398],[171742.969,559127.473],[171766.677,559147.53],[171784.851,559161.919],[171792.958,559167.37],[171794.43,559167.918],[171795.498,559167.758],[171796.66,559166.939],[171805.331,559158.278],[171837.648,559124.305],[171840.413,559120.52],[171849.191,559107.936],[171861.658,559088.18],[171861.76,559088.024],[171867.027,559080.329],[171867.522,559079.715],[171873.562,559073.336],[171873.732,559073.165],[171882.823,559064.449],[171882.869,559064.405],[171891.036,559056.771],[171891.301,559056.54],[171894.788,559053.711],[171894.99,559053.556],[171896.49,559052.461],[171897.381,559051.942],[171899.023,559051.201],[171900.004,559050.876],[171902.493,559050.328],[171903.332,559050.216],[171904.179,559050.248],[171905.008,559050.422],[171908.141,559051.364],[171909.149,559051.793],[171910.041,559052.431],[171913.724,559055.736],[171913.863,559055.888],[171914.017,559056.022],[171914.193,559056.248],[171914.386,559056.459],[171914.492,559056.635],[171914.618,559056.797],[171914.746,559057.053],[171914.894,559057.297],[171914.964,559057.49],[171915.056,559057.674],[171915.364,559058.481],[171915.676,559059.847],[171915.756,559060.799],[171915.707,559062.029],[171915.563,559062.901],[171915.37,559063.681],[171915.054,559064.42],[171914.558,559065.36],[171913.883,559066.34],[171912.921,559067.429],[171912.696,559067.668],[171906.805,559073.516],[171906.768,559073.552],[171898.765,559081.334],[171898.571,559081.513],[171891.577,559087.631],[171888.035,559091.404],[171884.341,559095.355],[171883.156,559097.338],[171878.289,559105.777],[171878.107,559106.07],[171872.617,559114.233],[171872.612,559114.24],[171864.679,559125.989],[171862.617,559129.257],[171862.22,559129.801],[171855.909,559137.328],[171855.7,559137.562],[171850.544,559142.984],[171850.108,559144.922],[171849.843,559145.754],[171849.436,559146.528],[171848.901,559147.219],[171837.199,559159.877],[171837.129,559159.951],[171826.813,559170.663],[171818.708,559179.127],[171811.031,559187.542],[171809.814,559188.953],[171809.665,559189.118],[171805.431,559193.603],[171791.774,559208.212],[171791.698,559208.292],[171790.604,559209.411],[171790.59,559209.426],[171751.606,559248.997],[171751.426,559249.171],[171736.952,559262.46],[171715.513,559285.026],[171714.999,559285.739],[171714.15,559287.29],[171713.848,559288.563],[171713.798,559289.973],[171714.077,559291.786],[171715.569,559297.505],[171717.273,559303.312],[171718.572,559307.085],[171724.419,559320.85],[171725.903,559323.453],[171725.909,559323.464],[171727.876,559326.932],[171739.389,559346.578],[171739.414,559346.621],[171741.114,559349.589],[171745.514,559356.809],[171752.685,559367.812],[171763.001,559382.19],[171774.985,559397.831],[171777.189,559400.416],[171777.299,559400.549],[171780.839,559405.002],[171781.112,559405.381],[171786.696,559413.941],[171786.731,559414.01],[171786.777,559414.071],[171797.381,559431.468],[171804.816,559443.287],[171804.959,559443.528],[171811.635,559455.589],[171811.935,559456.236],[171820.772,559479.519],[171820.789,559479.565],[171829.424,559503.01],[171840.226,559530.721],[171842.023,559534.718],[171843.527,559537.907],[171848.169,559546.09],[171848.269,559546.274],[171848.521,559546.766],[171854.271,559554.9],[171873.693,559574.829],[171883.976,559584.15],[171884.095,559584.261],[171924.416,559623.275],[171959.25,559655.733],[171959.343,559655.823],[171970.982,559667.245],[171998.782,559693.296],[172032.353,559724.183],[172036.516,559727.861],[172036.641,559727.976],[172059.997,559750.071],[172060.021,559750.093],[172095.86,559784.44],[172096.032,559784.641],[172096.221,559784.825],[172110.694,559801.975],[172110.717,559802.003],[172112.33,559803.942],[172115.869,559801.359],[172115.914,559801.326],[172149.318,559777.514],[172149.381,559777.47],[172192.039,559748.039],[172272.07,559692.48],[172272.122,559692.444],[172322.062,559658.71],[172322.148,559658.653],[172365.143,559630.872],[172365.536,559630.643],[172407.208,559608.814],[172407.292,559608.771],[172467.485,559578.675],[172468.177,559578.392],[172545.567,559553.256],[172545.848,559553.174],[172597.773,559539.614],[172598.251,559539.514],[172641.907,559532.569],[172641.946,559532.563],[172687.917,559525.617],[172688.416,559525.567],[172788.297,559520.606],[172788.311,559520.606],[172936.809,559513.66],[172936.815,559513.66],[173067.427,559507.708],[173162.305,559502.419],[173246.955,559497.128],[173247.116,559497.121],[173334.703,559494.477],[173428.574,559489.519],[173428.612,559489.517],[173560.242,559483.564],[173560.265,559483.563],[173633.639,559480.588],[173694.113,559476.953],[173694.181,559476.949],[173765.276,559473.643],[173855.554,559469.013],[173855.585,559469.011],[173936.614,559465.373],[173936.661,559465.372],[173992.435,559463.389],[174031.831,559461.151],[174042.668,559431.412],[174044.074,559424.179],[174044.094,559424.081],[174046.397,559413.385],[174046.236,559402.986],[174044.865,559391.461],[174044.846,559390.475],[174045.02,559389.504],[174049.983,559372.034],[174050.834,559367.71],[174050.879,559366.703],[174050.752,559364.69],[174050.664,559364.462],[174049.533,559362.989],[174048.249,559361.957],[174048.017,559361.864],[174046.347,559361.931],[174045.647,559361.989],[174045.483,559362.144],[174044.29,559364.479],[174044.264,559364.52],[174044.246,559364.565],[174044,559364.933],[174043.761,559365.305],[174043.728,559365.34],[174043.701,559365.38],[174043.388,559365.692],[174043.081,559366.011],[174043.042,559366.038],[174043.007,559366.073],[174042.64,559366.318],[174042.277,559366.57],[174042.232,559366.59],[174042.192,559366.617],[174041.784,559366.786],[174041.378,559366.962],[174041.331,559366.973],[174041.286,559366.992],[174040.853,559367.077],[174040.421,559367.172],[174040.372,559367.173],[174040.325,559367.182],[174039.883,559367.182],[174039.441,559367.19],[174039.393,559367.182],[174039.345,559367.182],[174038.911,559367.095],[174038.476,559367.017],[174038.431,559366.999],[174038.383,559366.99],[174038.378,559366.988],[174038.34,559367.091],[174038.167,559367.506],[174036.498,559371.047],[174036.405,559371.233],[174033.835,559376.146],[174033.51,559376.681],[174030.64,559380.811],[174030.208,559381.35],[174026.428,559385.444],[174026.117,559385.753],[174021.974,559389.517],[174021.624,559389.807],[174018.442,559392.209],[174017.817,559392.612],[174012.366,559395.574],[174012.073,559395.721],[174007.022,559398.052],[174006.247,559398.334],[174001.165,559399.724],[174000.758,559399.817],[173994.02,559401.067],[173993.201,559401.15],[173986.733,559401.269],[173986.231,559401.254],[173980.303,559400.767],[173979.591,559400.656],[173972.203,559398.957],[173971.447,559398.718],[173964.465,559395.891],[173963.741,559395.527],[173958.301,559392.215],[173957.795,559391.861],[173952.148,559387.383],[173951.645,559386.924],[173946.866,559381.936],[173946.389,559381.356],[173943.206,559376.836],[173942.979,559376.482],[173940.09,559371.544],[173939.773,559370.901],[173937.218,559364.612],[173937.011,559363.986],[173935.239,559357.16],[173935.107,559356.435],[173934.529,559351.031],[173934.501,559350.412],[173934.581,559345.815],[173934.594,559345.536],[173935.031,559339.579],[173935.047,559339.486],[173935.049,559339.393],[173935.131,559339.004],[173935.198,559338.613],[173935.232,559338.526],[173935.252,559338.434],[173935.408,559338.069],[173935.551,559337.698],[173935.601,559337.619],[173935.638,559337.533],[173935.863,559337.206],[173936.075,559336.87],[173936.14,559336.802],[173936.193,559336.725],[173936.477,559336.448],[173936.751,559336.16],[173936.827,559336.106],[173936.894,559336.041],[173937.227,559335.824],[173937.552,559335.595],[173937.637,559335.557],[173937.716,559335.506],[173938.085,559335.359],[173938.448,559335.198],[173938.539,559335.177],[173938.626,559335.142],[173939.017,559335.07],[173939.404,559334.983],[173939.498,559334.98],[173939.59,559334.963],[173939.987,559334.968],[173940.384,559334.958],[173940.476,559334.974],[173940.57,559334.975],[173958.717,559336.991],[173963.128,559327.371],[173977.031,559293.589],[173977.496,559292.716],[173978.124,559291.951],[173978.89,559291.326],[173979.765,559290.863],[173980.713,559290.581],[173981.699,559290.492],[173982.682,559290.599],[173983.626,559290.897],[174058.168,559322.873],[174064.47,559321.566],[174072.094,559301.698],[174072.12,559301.646],[174072.137,559301.59],[174072.34,559301.208],[174072.533,559300.822],[174072.569,559300.776],[174072.597,559300.724],[174072.87,559300.389],[174073.135,559300.048],[174073.179,559300.01],[174073.216,559299.965],[174073.549,559299.69],[174073.876,559299.407],[174073.927,559299.378],[174073.972,559299.341],[174074.352,559299.136],[174074.368,559299.127],[174074.365,559299.04],[174074.516,559298.093],[174074.731,559297.267],[174074.751,559297.19],[174087.128,559252.46],[174087.147,559252.392],[174091.738,559236.665],[174091.765,559236.576],[174101.153,559206.528],[174103.349,559199.194],[174103.381,559199.093],[174103.644,559198.276],[174103.699,559198.114],[174106.644,559189.956],[174106.696,559189.845],[174106.733,559189.727],[174122.19,559152.705],[174122.589,559151.943],[174123.112,559151.26],[174123.745,559150.677],[174124.468,559150.211],[174126.802,559148.977],[174127.468,559148.685],[174128.423,559148.347],[174131.041,559141.801],[174089.217,559127.548],[174088.319,559127.139],[174087.518,559126.561],[174086.847,559125.837],[174086.331,559124.996],[174085.99,559124.069],[174085.838,559123.094],[174085.88,559122.108],[174086.116,559121.149],[174102.716,559074.181],[174102.726,559074.153],[174108.729,559057.484],[174109.904,559053.233],[174110.306,559049.555],[174110.195,559047.047],[174109.6,559044.223],[174108.69,559041.71],[174107.067,559038.612],[174105.541,559037.01],[174096.891,559033.975],[174088.629,559031.99],[174088.322,559031.905],[174038.243,559016.442],[173978.212,558998.723],[173978.199,558998.72],[173943.686,558988.431],[173921.686,558987.032],[173889.301,558989.121],[173839.494,558994.414],[173809.808,558997.837],[173808.863,558997.856],[173807.932,558997.697],[173807.047,558997.365],[173806.24,558996.873],[173792.858,558986.858],[173792.212,558986.28],[173791.675,558985.6],[173791.264,558984.837],[173787.242,558975.523],[173786.931,558974.531],[173786.832,558973.497],[173787.039,558950.248],[173785.466,558943.073],[173785.427,558942.741],[173785.367,558942.411],[173785.37,558942.255],[173785.351,558942.1],[173785.378,558941.766],[173785.383,558941.431],[173787.817,558920.265],[173787.836,558920.177],[173787.841,558920.088],[173787.94,558919.699],[173788.024,558919.307],[173788.06,558919.225],[173788.082,558919.138],[173788.255,558918.775],[173788.414,558918.407],[173788.465,558918.334],[173788.504,558918.253],[173788.744,558917.931],[173788.972,558917.601],[173789.036,558917.539],[173789.09,558917.467],[173791.364,558914.973],[173798.827,558868.305],[173797.762,558865.976],[173797.631,558865.593],[173797.486,558865.214],[173797.472,558865.13],[173797.444,558865.049],[173797.39,558864.647],[173797.322,558864.247],[173797.324,558864.162],[173797.313,558864.078],[173797.338,558863.673],[173797.35,558863.268],[173799.043,558849.933],[173799.05,558849.9],[173799.052,558849.866],[173799.159,558849.422],[173799.261,558848.977],[173799.275,558848.946],[173799.283,558848.913],[173799.475,558848.499],[173799.661,558848.082],[173799.681,558848.055],[173799.695,558848.024],[173799.964,558847.655],[173800.229,558847.283],[173800.253,558847.26],[173800.273,558847.233],[173800.609,558846.924],[173800.941,558846.61],[173800.97,558846.592],[173800.995,558846.569],[173801.384,558846.331],[173801.771,558846.088],[173801.803,558846.076],[173801.832,558846.059],[173805.389,558844.344],[173811.007,558807.871],[173818.87,558741.717],[173817.741,558730.331],[173815.478,558725.623],[173815.152,558724.742],[173814.997,558723.815],[173815.018,558722.876],[173815.214,558721.957],[173815.579,558721.091],[173816.099,558720.309],[173816.756,558719.638],[173817.527,558719.102],[173825.718,558714.481],[173824.743,558712.585],[173823.609,558711.735],[173822.524,558711.735],[173819.077,558714.806],[173817.853,558715.61],[173813.514,558717.621],[173812.554,558717.953],[173811.546,558718.083],[173807.63,558718.189],[173806.603,558718.11],[173805.614,558717.823],[173802.381,558716.51],[173787.827,558711.693],[173787.126,558711.4],[173781.94,558708.754],[173781.159,558708.26],[173780.483,558707.631],[173775.982,558702.591],[173755.31,558707.975],[173754.05,558708.136],[173742.62,558708.136],[173742.195,558708.095],[173741.77,558708.064],[173741.708,558708.047],[173741.644,558708.04],[173741.236,558707.916],[173740.825,558707.803],[173740.767,558707.774],[173740.706,558707.756],[173740.33,558707.555],[173739.949,558707.363],[173739.898,558707.324],[173739.842,558707.294],[173739.512,558707.023],[173739.176,558706.761],[173739.134,558706.713],[173739.084,558706.672],[173738.813,558706.342],[173738.534,558706.019],[173738.503,558705.964],[173738.462,558705.914],[173738.261,558705.538],[173738.051,558705.167],[173734.618,558697.443],[173730.514,558693.339],[173724.86,558690.755],[173717.69,558690.59],[173712.685,558692.562],[173708.859,558696.627],[173706.986,558700.288],[173704.442,558707.107],[173704.327,558707.34],[173704.235,558707.583],[173704.112,558707.779],[173704.01,558707.987],[173703.853,558708.194],[173703.715,558708.414],[173703.556,558708.582],[173703.416,558708.766],[173703.221,558708.938],[173703.043,558709.128],[173702.854,558709.262],[173702.681,558709.415],[173702.456,558709.545],[173702.245,558709.696],[173702.034,558709.791],[173701.834,558709.907],[173701.588,558709.992],[173701.351,558710.098],[173701.125,558710.15],[173700.906,558710.225],[173700.649,558710.26],[173700.396,558710.318],[173665.047,558714.869],[173664.887,558714.887],[173653.88,558715.945],[173653.631,558715.945],[173653.383,558715.968],[173653.142,558715.943],[173652.9,558715.943],[173652.656,558715.894],[173652.408,558715.868],[173652.177,558715.797],[173651.939,558715.749],[173651.709,558715.653],[173651.471,558715.58],[173651.258,558715.465],[173651.035,558715.372],[173650.828,558715.233],[173650.609,558715.115],[173650.422,558714.961],[173650.221,558714.826],[173650.045,558714.649],[173649.853,558714.49],[173649.7,558714.303],[173649.53,558714.131],[173649.391,558713.924],[173649.234,558713.73],[173649.121,558713.516],[173648.987,558713.315],[173648.892,558713.084],[173648.775,558712.864],[173646.381,558707.022],[173641.833,558701.074],[173637.016,558698.064],[173634.211,558696.883],[173629.942,558696.733],[173622.671,558698.984],[173619.176,558701.567],[173617.011,558704.771],[173614.575,558708.38],[173613.312,558712.53],[173613.105,558713.088],[173611.941,558715.734],[173611.889,558715.827],[173611.851,558715.927],[173611.648,558716.253],[173611.46,558716.588],[173611.391,558716.669],[173611.334,558716.76],[173611.072,558717.04],[173610.822,558717.332],[173610.738,558717.398],[173610.665,558717.476],[173610.353,558717.7],[173610.051,558717.937],[173609.955,558717.985],[173609.869,558718.047],[173609.519,558718.206],[173609.177,558718.38],[173609.074,558718.409],[173608.976,558718.453],[173608.602,558718.54],[173608.233,558718.644],[173608.126,558718.652],[173608.022,558718.676],[173607.638,558718.689],[173607.255,558718.719],[173607.149,558718.706],[173607.042,558718.709],[173597.571,558718.098],[173589.719,558718.761],[173579.152,558722.127],[173572.557,558727.288],[173571.754,558727.801],[173570.868,558728.153],[173563.565,558730.27],[173563.397,558730.315],[173552.496,558733.067],[173552.117,558733.147],[173544.709,558734.417],[173543.521,558734.477],[173542.353,558734.255],[173538.014,558732.879],[173537.004,558732.431],[173536.118,558731.773],[173534.396,558730.169],[173533.051,558730.109],[173526.302,558734.419],[173523.407,558738.056],[173522.128,558743.733],[173522.547,558749.591],[173528.583,558764.078],[173528.646,558764.238],[173541.452,558798.21],[173541.598,558798.663],[173556.097,558852.003],[173556.194,558852.432],[173562.967,558890.214],[173563.022,558890.613],[173565.668,558917.812],[173565.688,558918.097],[173566.746,558944.661],[173566.748,558944.998],[173565.584,558987.12],[173565.472,558988.042],[173565.192,558988.927],[173564.753,558989.746],[173564.17,558990.468],[173563.463,558991.071],[173562.657,558991.533],[173561.78,558991.837],[173560.862,558991.974],[173559.934,558991.939],[173540.399,558989.369],[173530.039,558990.405],[173509.318,558998.714],[173508.334,558998.995],[173507.312,558999.071],[173506.297,558998.936],[173505.33,558998.598],[173504.453,558998.069],[173503.701,558997.373],[173503.108,558996.539],[173502.697,558995.601],[173492.642,558964.274],[173492.558,558963.979],[173484.041,558930.493],[173483.961,558930.114],[173476.552,558887.357],[173476.486,558886.769],[173472.887,558819.035],[173472.897,558818.368],[173476.707,558771.166],[173476.715,558771.071],[173478.163,558756.598],[173477.993,558752.198],[173477.681,558751.312],[173474.527,558749.867],[173474.505,558749.857],[173468.725,558747.173],[173464.612,558745.579],[173464.164,558745.639],[173459.675,558749.451],[173458.895,558749.994],[173458.026,558750.381],[173457.099,558750.595],[173452.337,558751.23],[173451.551,558751.273],[173450.768,558751.191],[173441.031,558749.392],[173440.586,558749.288],[173430.426,558746.431],[173429.582,558746.109],[173421.187,558742.001],[173415.901,558743.133],[173402.022,558748.788],[173401.992,558748.8],[173395.642,558751.34],[173395.265,558751.449],[173394.892,558751.574],[173394.795,558751.586],[173394.701,558751.613],[173394.309,558751.647],[173393.919,558751.696],[173393.822,558751.689],[173393.724,558751.697],[173393.334,558751.654],[173392.941,558751.626],[173392.847,558751.6],[173392.75,558751.589],[173392.375,558751.47],[173391.996,558751.367],[173391.909,558751.323],[173391.816,558751.293],[173391.471,558751.104],[173391.12,558750.928],[173391.043,558750.868],[173390.957,558750.821],[173390.656,558750.568],[173390.346,558750.326],[173390.282,558750.253],[173390.207,558750.19],[173389.961,558749.883],[173389.704,558749.586],[173389.655,558749.501],[173389.594,558749.424],[173389.413,558749.076],[173389.219,558748.734],[173386.159,558741.872],[173381.078,558737.299],[173375.852,558734.605],[173368.325,558734.27],[173362.694,558736.095],[173358.156,558740.212],[173354.654,558745.027],[173353.255,558748.991],[173353.063,558756.561],[173353.021,558756.901],[173352.999,558757.244],[173352.961,558757.387],[173352.943,558757.533],[173352.835,558757.859],[173352.746,558758.191],[173352.681,558758.324],[173352.635,558758.464],[173352.465,558758.762],[173352.314,558759.07],[173352.224,558759.188],[173352.151,558759.316],[173351.926,558759.576],[173351.718,558759.849],[173351.607,558759.946],[173351.51,558760.058],[173351.239,558760.269],[173350.981,558760.496],[173350.854,558760.57],[173350.737,558760.661],[173350.43,558760.815],[173350.133,558760.986],[173349.993,558761.034],[173349.861,558761.1],[173349.53,558761.192],[173349.205,558761.302],[173349.059,558761.322],[173348.916,558761.361],[173348.574,558761.386],[173348.234,558761.431],[173329.542,558762.061],[173319.465,558762.996],[173308.924,558764.156],[173308.437,558764.161],[173307.95,558764.168],[173307.947,558764.167],[173307.944,558764.167],[173307.465,558764.078],[173306.986,558763.988],[173306.984,558763.987],[173306.981,558763.987],[173306.528,558763.806],[173306.076,558763.625],[173306.073,558763.623],[173306.071,558763.622],[173305.663,558763.356],[173305.254,558763.09],[173305.252,558763.088],[173305.25,558763.087],[173304.901,558762.746],[173304.552,558762.406],[173304.551,558762.404],[173304.549,558762.402],[173304.273,558762],[173303.998,558761.598],[173300.348,558754.97],[173297.221,558751.989],[173292.777,558750.656],[173285.065,558750.831],[173279.817,558752.711],[173275.814,558756.793],[173273.008,558762.734],[173272.839,558766.802],[173272.828,558766.978],[173272.617,558769.729],[173272.608,558769.782],[173272.608,558769.835],[173272.522,558770.264],[173272.446,558770.694],[173272.427,558770.744],[173272.416,558770.797],[173272.249,558771.201],[173272.091,558771.608],[173272.062,558771.653],[173272.041,558771.703],[173271.799,558772.066],[173271.564,558772.434],[173271.527,558772.473],[173271.497,558772.517],[173271.188,558772.826],[173270.886,558773.142],[173270.842,558773.173],[173270.804,558773.211],[173270.441,558773.453],[173270.082,558773.704],[173270.034,558773.725],[173269.989,558773.755],[173269.585,558773.923],[173269.185,558774.098],[173269.133,558774.11],[173269.084,558774.13],[173268.655,558774.216],[173268.228,558774.31],[173268.175,558774.311],[173268.122,558774.322],[173265.307,558774.599],[173265.431,558777.607],[173265.376,558778.577],[173265.135,558779.519],[173264.716,558780.395],[173264.136,558781.175],[173263.416,558781.827],[173262.583,558782.328],[173261.669,558782.658],[173245.053,558786.891],[173244.065,558787.04],[173243.066,558786.989],[173242.098,558786.74],[173241.198,558786.304],[173240.403,558785.698],[173239.745,558784.945],[173239.254,558784.084],[173234.21,558785.316],[173233.961,558785.351],[173233.717,558785.41],[173233.477,558785.42],[173233.24,558785.454],[173232.989,558785.44],[173232.738,558785.45],[173232.501,558785.413],[173232.261,558785.4],[173232.018,558785.337],[173231.769,558785.299],[173231.544,558785.216],[173231.312,558785.156],[173231.085,558785.047],[173230.849,558784.961],[173230.644,558784.836],[173230.428,558784.732],[173230.227,558784.581],[173230.013,558784.45],[173229.836,558784.287],[173229.644,558784.143],[173229.477,558783.956],[173229.292,558783.786],[173229.15,558783.592],[173228.99,558783.413],[173228.863,558783.197],[173228.714,558782.994],[173228.614,558782.776],[173228.491,558782.569],[173228.408,558782.332],[173228.303,558782.104],[173228.246,558781.871],[173228.167,558781.644],[173228.131,558781.396],[173228.072,558781.152],[173227.474,558776.878],[173224.255,558771.563],[173218.26,558768.831],[173210.506,558768.747],[173205.03,558771.036],[173200.865,558774.415],[173198.75,558778.898],[173197.402,558782.101],[173197.169,558784.737],[173197.066,558791.75],[173197.015,558792.198],[173196.971,558792.647],[173196.96,558792.685],[173196.955,558792.724],[173196.818,558793.154],[173196.688,558793.585],[173196.669,558793.62],[173196.657,558793.658],[173196.439,558794.052],[173196.227,558794.45],[173196.202,558794.481],[173196.182,558794.516],[173195.891,558794.86],[173195.606,558795.209],[173195.575,558795.234],[173195.549,558795.264],[173195.197,558795.545],[173194.849,558795.831],[173194.814,558795.85],[173194.783,558795.875],[173194.382,558796.081],[173193.985,558796.294],[173193.947,558796.306],[173193.912,558796.324],[173193.478,558796.448],[173193.047,558796.58],[173192.301,558796.729],[173192.373,558797.313],[173192.398,558798.262],[173192.244,558799.198],[173191.916,558800.088],[173191.425,558800.9],[173190.79,558801.605],[173190.033,558802.178],[173189.182,558802.597],[173188.266,558802.847],[173171.309,558805.796],[173163.77,558807.367],[173163.551,558807.39],[173163.336,558807.437],[173163.065,558807.443],[173162.796,558807.472],[173162.576,558807.452],[173162.356,558807.456],[173162.089,558807.409],[173161.819,558807.384],[173161.608,558807.322],[173161.391,558807.284],[173161.139,558807.185],[173160.879,558807.108],[173160.684,558807.006],[173160.479,558806.926],[173160.251,558806.78],[173160.01,558806.654],[173159.839,558806.516],[173159.653,558806.397],[173159.458,558806.209],[173159.247,558806.039],[173159.106,558805.87],[173158.947,558805.718],[173158.792,558805.495],[173158.618,558805.287],[173158.513,558805.094],[173158.387,558804.913],[173153.932,558796.951],[173147.017,558791.785],[173137.664,558790.425],[173131.938,558791.994],[173124.726,558797.746],[173122.372,558802.527],[173123.482,558812.614],[173123.483,558812.693],[173123.497,558812.771],[173123.489,558813.182],[173123.493,558813.594],[173123.479,558813.672],[173123.477,558813.751],[173123.389,558814.153],[173123.313,558814.557],[173123.284,558814.631],[173123.267,558814.708],[173123.102,558815.085],[173122.948,558815.467],[173122.905,558815.533],[173122.874,558815.606],[173122.638,558815.944],[173122.413,558816.288],[173122.358,558816.345],[173122.313,558816.41],[173122.016,558816.695],[173121.728,558816.989],[173121.663,558817.034],[173121.606,558817.089],[173121.259,558817.311],[173120.92,558817.543],[173120.847,558817.574],[173120.78,558817.617],[173120.397,558817.767],[173120.018,558817.929],[173119.941,558817.945],[173119.867,558817.974],[173083.037,558828.345],[173082.898,558828.37],[173082.764,558828.414],[173082.416,558828.456],[173082.072,558828.517],[173081.931,558828.515],[173081.79,558828.532],[173081.442,558828.505],[173081.092,558828.498],[173080.954,558828.467],[173080.813,558828.457],[173080.476,558828.362],[173080.135,558828.287],[173080.005,558828.231],[173079.869,558828.192],[173079.557,558828.034],[173079.237,558827.894],[173079.121,558827.813],[173078.995,558827.749],[173078.72,558827.533],[173078.433,558827.334],[173078.335,558827.231],[173078.224,558827.144],[173077.996,558826.879],[173077.754,558826.627],[173077.678,558826.507],[173077.586,558826.4],[173071.949,558818.347],[173065.322,558812.065],[173054.206,558810.477],[173043.466,558815.056],[173039.421,558822.678],[173039.847,558833.995],[173049.579,558848.545],[173049.631,558848.642],[173049.698,558848.73],[173049.862,558849.073],[173050.042,558849.409],[173050.074,558849.514],[173050.122,558849.613],[173050.216,558849.982],[173050.327,558850.347],[173050.338,558850.456],[173050.365,558850.563],[173050.386,558850.943],[173050.424,558851.322],[173050.413,558851.432],[173050.419,558851.541],[173050.365,558851.919],[173050.328,558852.298],[173050.296,558852.403],[173050.28,558852.512],[173048.28,558860.697],[173082.883,558973.105],[173099.89,558978.651],[173100.751,558979.025],[173101.527,558979.552],[173102.191,558980.216],[173102.719,558980.991],[173103.093,558981.852],[173103.299,558982.768],[173103.795,558986.625],[173105.24,558991.086],[173105.254,558991.131],[173111.617,559011.422],[173113.235,559015.434],[173113.443,559016.071],[173114.245,559019.223],[173114.347,559019.735],[173114.674,559021.981],[173114.724,559022.861],[173114.671,559024.524],[173114.538,559025.52],[173114.074,559027.471],[173113.864,559028.144],[173112.981,559030.391],[173112.294,559031.608],[173110.841,559033.5],[173110.317,559034.082],[173107.621,559036.642],[173106.819,559037.262],[173104.266,559038.85],[173103.28,559039.322],[173100.742,559040.212],[173099.593,559040.468],[173097.759,559040.655],[173097.084,559040.678],[173094.705,559040.597],[173093.85,559040.494],[173091.508,559040.004],[173090.664,559039.748],[173089.878,559039.348],[173087.078,559037.594],[173086.331,559037.022],[173081.954,559032.963],[173081.777,559032.79],[173074.754,559025.598],[173074.685,559025.526],[173061.929,559011.934],[173061.847,559011.844],[173059.12,559008.792],[173058.888,559008.512],[173054.184,559002.409],[173053.925,559002.038],[173050.669,558996.916],[173047.691,558993.019],[173044.993,558990.384],[173042.098,558988.212],[173036.879,558985.542],[173031.041,558983.102],[173025.742,558980.908],[173025.542,558980.82],[173020.926,558978.667],[173020.302,558978.319],[173015.593,558975.239],[173015.204,558974.956],[173012.856,558973.074],[173012.383,558972.642],[173009.963,558970.131],[173009.565,558969.663],[173006.786,558965.96],[173006.303,558965.176],[173004.448,558961.429],[173004.112,558960.551],[173003.091,558956.877],[173002.979,558956.375],[173002.4,558952.975],[173002.34,558952.459],[173002.082,558948.462],[173002.072,558948.043],[173002.391,558931.46],[173002.392,558931.425],[173002.646,558921.811],[173002.419,558911.236],[173001.91,558903.768],[172999.649,558884.822],[172995.941,558857.036],[172992.782,558834.06],[172992.769,558833.956],[172992.015,558827.475],[172991.988,558827.146],[172991.133,558810.004],[172991.127,558809.836],[172990.826,558791.19],[172990.825,558791.112],[172990.818,558774.554],[172990.824,558774.306],[172990.955,558771.66],[172991.086,558770.742],[172991.548,558768.808],[172991.698,558768.304],[172992.509,558766.01],[172992.936,558765.105],[172994.301,558762.831],[172994.86,558762.072],[172996.508,558760.228],[172997.183,558759.601],[172998.844,558758.321],[172999.932,558757.683],[173003.044,558756.353],[173003.958,558756.062],[173008.411,558755.105],[173008.855,558755.03],[173014.42,558754.35],[173014.779,558754.319],[173020.228,558754.049],[173020.314,558754.046],[173024.677,558753.905],[173024.77,558753.902],[173033.938,558753.776],[173034.374,558753.789],[173042.339,558754.376],[173042.541,558754.394],[173058.392,558756.211],[173058.467,558756.22],[173065.696,558757.159],[173071.604,558757.587],[173071.73,558757.598],[173073.686,558757.79],[173079.217,558757.665],[173087.974,558757.395],[173091.814,558756.929],[173096.208,558756.156],[173100.696,558755.145],[173107.658,558753.167],[173124.509,558747.368],[173124.567,558747.349],[173130.732,558745.311],[173140.128,558741.487],[173140.425,558741.377],[173148.496,558738.674],[173152.595,558736.913],[173156.69,558734.509],[173160.261,558732.409],[173160.338,558732.364],[173165.389,558729.512],[173165.827,558729.293],[173171.259,558726.893],[173171.639,558726.768],[173172.014,558726.63],[173175.653,558725.678],[173176.426,558725.539],[173181.435,558725.043],[173181.909,558725.019],[173186.699,558725.001],[173191.9,558724.928],[173198.572,558724.261],[173202.85,558723.641],[173212.231,558721.472],[173224.602,558718.118],[173224.72,558718.088],[173238.582,558714.69],[173238.605,558714.685],[173252.767,558711.283],[173253.025,558711.228],[173261.804,558709.604],[173273.377,558707.44],[173273.717,558707.388],[173298.094,558704.543],[173298.239,558704.528],[173306.435,558703.812],[173306.879,558703.793],[173313.081,558703.804],[173316.646,558703.665],[173321.002,558702.905],[173329.972,558700.163],[173330.443,558700.043],[173340.017,558698.108],[173349.989,558696.067],[173350.074,558696.051],[173362.251,558693.777],[173362.35,558693.76],[173378.823,558691.026],[173378.92,558691.011],[173424.459,558684.365],[173424.645,558684.341],[173434.136,558683.316],[173446.618,558681.452],[173446.936,558681.415],[173458.331,558680.454],[173458.525,558680.441],[173464.626,558680.165],[173468.319,558679.549],[173474.678,558676.797],[173482.549,558673.235],[173488.766,558670.421],[173489.247,558670.233],[173495.523,558668.143],[173496.117,558667.985],[173502.005,558666.801],[173502.263,558666.756],[173508.683,558665.813],[173509.878,558665.782],[173519.768,558666.712],[173520.406,558666.814],[173526.983,558668.306],[173527.573,558668.478],[173535.977,558671.506],[173548.037,558675.07],[173553.732,558676.198],[173559.616,558676.152],[173561.055,558675.999],[173561.147,558675.886],[173561.914,558675.251],[173562.793,558674.782],[173563.747,558674.495],[173569.939,558673.293],[173576.561,558671.69],[173580.311,558670.601],[173584.788,558669.029],[173590.018,558666.678],[173593.996,558664.318],[173594.014,558664.307],[173599.981,558660.801],[173600.161,558660.701],[173606.47,558657.335],[173613.344,558653.468],[173614.033,558653.147],[173619.768,558650.987],[173619.808,558650.972],[173625.543,558648.868],[173626.053,558648.711],[173633.976,558646.73],[173634.405,558646.642],[173641.257,558645.554],[173641.56,558645.515],[173648.186,558644.875],[173648.81,558644.854],[173655.937,558645.058],[173656.339,558645.085],[173661.163,558645.614],[173661.609,558645.684],[173673.529,558648.096],[173685.374,558650.381],[173694.727,558651.889],[173700.398,558652.17],[173706.657,558651.633],[173710.122,558651.056],[173714.27,558649.887],[173718.724,558647.611],[173718.937,558647.508],[173726.418,558644.122],[173726.597,558644.045],[173733.008,558641.439],[173733.251,558641.348],[173739.941,558639.024],[173740.216,558638.938],[173747.016,558637.007],[173747.308,558636.934],[173753.544,558635.562],[173753.982,558635.486],[173758.194,558634.945],[173758.905,558634.905],[173764.573,558634.99],[173764.744,558634.995],[173772.374,558635.37],[173772.673,558635.393],[173781.816,558636.393],[173782.039,558636.422],[173789.89,558637.64],[173790.092,558637.676],[173794.466,558638.539],[173795.372,558638.809],[173803.661,558642.162],[173803.859,558642.247],[173813.812,558646.78],[173825.486,558652.008],[173828.593,558652.859],[173833.183,558653.566],[173836.781,558653.536],[173839.758,558653.196],[173841.457,558652.627],[173845.825,558650.18],[173850.518,558646.671],[173864.488,558634.935],[173873.895,558626.454],[173874.126,558626.258],[173878.183,558623.023],[173878.266,558622.958],[173883.562,558618.915],[173884.019,558618.604],[173887.538,558616.489],[173887.996,558616.245],[173891.737,558614.496],[173891.765,558614.482],[173900.034,558610.679],[173900.61,558610.457],[173906.175,558608.688],[173906.438,558608.612],[173912.62,558607.016],[173912.908,558606.95],[173922.122,558605.144],[173922.642,558605.07],[173928.032,558604.592],[173928.34,558604.574],[173935.412,558604.385],[173935.727,558604.386],[173941.114,558604.581],[173941.262,558604.589],[173945.863,558604.892],[173946.356,558604.949],[173951.907,558605.875],[173952.39,558605.98],[173963.6,558609.011],[173963.707,558609.041],[173970.88,558611.153],[173971.121,558611.231],[173980.954,558614.674],[173984.498,558615.777],[173986.267,558616.011],[173988.743,558615.893],[173991.37,558615.477],[173995.647,558614.455],[174001.02,558612.274],[174009.133,558608.931],[174014.279,558606.583],[174014.659,558606.428],[174022.643,558603.549],[174023.025,558603.429],[174026.565,558602.464],[174027.015,558602.364],[174031.215,558601.626],[174031.645,558601.57],[174038.34,558600.987],[174038.636,558600.97],[174043.8,558600.827],[174044.255,558600.835],[174050.483,558601.231],[174050.724,558601.252],[174055.688,558601.81],[174055.861,558601.832],[174058.413,558602.21],[174058.906,558602.308],[174064.231,558603.654],[174064.611,558603.766],[174069.486,558605.418],[174069.54,558605.437],[174074.437,558607.159],[174078.315,558608.162],[174081.878,558608.726],[174086.041,558608.698],[174091.048,558608.268],[174096.393,558607.71],[174096.442,558607.705],[174101.949,558607.185],[174105.065,558606.718],[174107.35,558605.629],[174108.873,558604.631],[174110.286,558603.508],[174112.14,558601.828],[174112.273,558601.73],[174112.392,558601.615],[174113.691,558600.586],[174115.369,558599.137],[174115.563,558598.978],[174118.626,558596.591],[174118.767,558596.485],[174135.586,558584.307],[174135.978,558584.05],[174138.587,558582.511],[174138.986,558582.3],[174145.154,558579.377],[174145.486,558579.234],[174150.197,558577.406],[174150.463,558577.311],[174155.323,558575.733],[174155.867,558575.59],[174163.529,558574.025],[174163.544,558574.022],[174175.463,558571.627],[174175.642,558571.595],[174185.756,558569.942],[174185.926,558569.917],[174205.813,558567.364],[174205.883,558567.355],[174209.074,558566.991],[174209.169,558566.99],[174209.263,558566.973],[174216.705,558566.408],[174216.792,558566.41],[174216.879,558566.398],[174222.349,558566.174],[174222.368,558566.173],[174223.979,558566.113],[174224.027,558566.111],[174233.642,558565.848],[174233.872,558565.847],[174243.284,558566.02],[174243.598,558566.035],[174256.231,558567.062],[174256.334,558567.072],[174274.043,558568.88],[174288.408,558570.174],[174293.593,558570.197],[174300.102,558569.775],[174307.555,558568.277],[174312.415,558566.509],[174319.433,558563.697],[174327.637,558559.588],[174327.8,558559.51],[174339.956,558553.962],[174340.477,558553.758],[174347.906,558551.328],[174348.321,558551.212],[174357.087,558549.161],[174357.611,558549.068],[174365.858,558548.045],[174366.203,558548.014],[174384.103,558547.045],[174409.502,558545.108],[174410.97,558544.699],[174412.952,558543.478],[174413.839,558542.294],[174414.561,558540.093],[174414.738,558537.237],[174414.687,558528.38],[174414.229,558512.863],[174413.723,558500.184],[174412.814,558478.288],[174412.812,558478.23],[174412.446,558466.035],[174412.471,558465.36],[174413.36,558456.944],[174413.369,558456.865],[174414.989,558443.543],[174414.989,558439.052],[174414.558,558433.48],[174414.33,558432.803],[174413.915,558432.234],[174411.367,558431.818],[174411.35,558431.815],[174384.518,558427.342],[174384.423,558427.325],[174340.834,558419.193],[174340.752,558419.169],[174340.668,558419.159],[174336.406,558418.214],[174335.613,558418.046],[174309.33,558414.352],[174287.901,558412.146],[174271.457,558410.995],[174271.266,558410.978],[174246.197,558408.255],[174245.99,558408.228],[174230.218,558405.848],[174230.105,558405.83],[174213.339,558402.904],[174213.148,558402.867],[174184.58,558396.726],[174165.801,558393.435],[174160.396,558392.602],[174160.364,558392.597],[174143.172,558389.832],[174143.11,558389.821],[174136.745,558388.716],[174136.503,558388.649],[174136.255,558388.606],[174128.619,558386.473],[174128.534,558386.449],[174126.308,558385.785],[174126.241,558385.764],[174103.443,558378.614],[174075.043,558369.716],[174049.11,558361.734],[174048.979,558361.692],[174030.64,558355.492],[174030.233,558355.334],[174023.403,558352.339],[174023.132,558352.21],[174019.349,558350.274],[174018.6,558349.802],[174015.804,558347.675],[174015.337,558347.271],[174011.982,558343.991],[174011.688,558343.678],[174007.997,558339.39],[174007.629,558338.906],[173997.972,558324.456],[173997.942,558324.41],[173994.589,558319.272],[173980.077,558301.753],[173967.98,558287.903],[173962.08,558281.797],[173959.83,558280.618],[173958.834,558280.252],[173957.884,558280.228],[173951.706,558281.673],[173926.425,558288.98],[173926.364,558288.997],[173897.416,558296.969],[173876.695,558303.212],[173862.515,558307.935],[173849.112,558313],[173820.072,558326.199],[173819.934,558326.259],[173787.531,558339.828],[173758.616,558352.204],[173758.566,558352.225],[173744.809,558357.937],[173726.614,558366.884],[173722.514,558369.021],[173721.829,558369.315],[173721.108,558369.504],[173719.22,558369.852],[173717.389,558370.219],[173716.324,558370.315],[173713.496,558370.269],[173712.819,558370.212],[173709.112,558369.642],[173707.956,558369.319],[173704.94,558368.068],[173703.7,558367.328],[173697.49,558362.275],[173697.263,558362.079],[173688.887,558354.384],[173695.626,558346.995],[173703.918,558354.613],[173709.445,558359.11],[173711.228,558359.85],[173714.001,558360.276],[173715.951,558360.308],[173717.293,558360.039],[173717.371,558360.024],[173718.559,558359.805],[173722.045,558357.989],[173722.149,558357.936],[173740.539,558348.893],[173740.828,558348.762],[173754.706,558343],[173783.614,558330.627],[173783.65,558330.611],[173816.003,558317.064],[173845.123,558303.828],[173845.425,558303.703],[173859.073,558298.546],[173859.26,558298.479],[173873.604,558293.701],[173873.741,558293.658],[173894.589,558287.377],[173894.703,558287.344],[173923.679,558279.365],[173949.053,558272.031],[173949.302,558271.966],[173956.229,558270.345],[173957.493,558270.215],[173959.909,558270.276],[173960.723,558270.363],[173961.511,558270.582],[173963.589,558271.346],[173964.183,558271.61],[173967.436,558273.314],[173968.111,558273.74],[173968.71,558274.269],[173975.258,558281.045],[173975.428,558281.23],[173987.651,558295.224],[173987.736,558295.323],[174002.471,558313.112],[174002.808,558313.569],[174006.301,558318.922],[174015.774,558333.097],[174019.126,558336.991],[174022.106,558339.904],[174024.302,558341.575],[174027.556,558343.241],[174034.049,558346.089],[174052.117,558352.196],[174077.997,558360.162],[174078.021,558360.17],[174106.435,558369.072],[174129.2,558376.212],[174131.35,558376.854],[174138.703,558378.907],[174144.79,558379.964],[174161.936,558382.721],[174167.376,558383.56],[174167.477,558383.577],[174186.4,558386.893],[174186.588,558386.929],[174215.154,558393.07],[174231.767,558395.969],[174247.38,558398.325],[174272.251,558401.026],[174288.681,558402.176],[174288.843,558402.191],[174310.446,558404.414],[174310.63,558404.436],[174337.173,558408.167],[174337.509,558408.226],[174338.495,558408.434],[174338.547,558408.445],[174342.751,558409.378],[174386.21,558417.486],[174412.985,558421.95],[174416.84,558422.579],[174418.006,558422.918],[174419.055,558423.528],[174420.451,558424.585],[174421.471,558425.624],[174422.863,558427.532],[174423.264,558428.181],[174423.563,558428.885],[174424.234,558430.881],[174424.48,558432.089],[174424.974,558438.472],[174424.989,558438.858],[174424.989,558443.846],[174424.953,558444.45],[174423.301,558458.034],[174422.451,558466.074],[174422.806,558477.902],[174423.714,558499.773],[174423.715,558499.781],[174424.223,558512.489],[174424.224,558512.542],[174424.685,558528.144],[174424.687,558528.263],[174424.739,558537.349],[174424.729,558537.686],[174424.502,558541.352],[174424.262,558542.602],[174423.084,558546.192],[174422.768,558546.942],[174422.335,558547.63],[174420.386,558550.233],[174419.756,558550.928],[174419.007,558551.493],[174415.615,558553.582],[174414.336,558554.142],[174411.715,558554.873],[174410.752,558555.042],[174384.808,558557.02],[174384.698,558557.027],[174366.917,558557.99],[174359.106,558558.959],[174350.81,558560.9],[174343.853,558563.176],[174332.034,558568.57],[174323.724,558572.732],[174323.345,558572.903],[174316.06,558575.821],[174315.909,558575.879],[174310.619,558577.803],[174309.895,558578.006],[174301.745,558579.644],[174301.084,558579.732],[174294.068,558580.187],[174293.721,558580.198],[174288.15,558580.173],[174287.724,558580.153],[174273.116,558578.837],[174273.056,558578.831],[174255.37,558577.025],[174242.944,558576.015],[174233.802,558575.847],[174224.326,558576.107],[174222.748,558576.166],[174217.375,558576.386],[174210.114,558576.937],[174207.052,558577.287],[174187.284,558579.824],[174177.345,558581.449],[174165.522,558583.825],[174158.143,558585.332],[174153.684,558586.779],[174149.273,558588.492],[174143.472,558591.24],[174141.26,558592.545],[174124.703,558604.533],[174121.808,558606.789],[174120.145,558608.225],[174119.983,558608.359],[174118.731,558609.35],[174116.881,558611.027],[174116.635,558611.235],[174114.917,558612.602],[174114.544,558612.871],[174112.545,558614.18],[174111.957,558614.511],[174108.694,558616.066],[174108.005,558616.334],[174107.284,558616.497],[174103.296,558617.095],[174103.026,558617.128],[174097.407,558617.659],[174092.041,558618.218],[174091.95,558618.227],[174086.7,558618.678],[174086.306,558618.696],[174081.535,558618.729],[174080.719,558618.667],[174076.513,558618.001],[174076.044,558617.903],[174071.728,558616.787],[174071.32,558616.663],[174066.249,558614.88],[174061.59,558613.301],[174056.701,558612.065],[174054.485,558611.738],[174049.728,558611.203],[174043.848,558610.829],[174039.06,558610.962],[174032.73,558611.513],[174028.971,558612.173],[174025.846,558613.025],[174018.244,558615.766],[174013.199,558618.068],[174013.028,558618.142],[174004.817,558621.525],[174004.794,558621.534],[173999.057,558623.863],[173998.339,558624.093],[173993.506,558625.248],[173993.127,558625.323],[173990.038,558625.813],[173989.493,558625.869],[173986.293,558626.021],[173985.397,558625.984],[173982.761,558625.634],[173981.934,558625.452],[173977.9,558624.197],[173977.732,558624.141],[173967.935,558620.71],[173960.936,558618.65],[173950.019,558615.698],[173944.957,558614.854],[173940.678,558614.572],[173935.523,558614.385],[173928.762,558614.566],[173923.787,558615.008],[173914.977,558616.735],[173909.072,558618.26],[173903.932,558619.893],[173895.958,558623.561],[173892.467,558625.193],[173889.409,558627.032],[173884.376,558630.874],[173880.479,558633.982],[173871.12,558642.42],[173870.988,558642.535],[173856.842,558654.419],[173856.62,558654.595],[173851.55,558658.386],[173850.999,558658.744],[173845.934,558661.581],[173845.078,558661.96],[173842.436,558662.845],[173841.416,558663.071],[173837.654,558663.502],[173837.127,558663.534],[173832.861,558663.569],[173832.059,558663.511],[173826.788,558662.699],[173826.227,558662.579],[173822.472,558661.55],[173821.75,558661.291],[173809.71,558655.9],[173809.681,558655.887],[173799.812,558651.392],[173792.063,558648.258],[173788.256,558647.506],[173780.617,558646.321],[173771.735,558645.35],[173764.339,558644.987],[173759.113,558644.909],[173755.475,558645.376],[173749.603,558646.668],[173743.086,558648.518],[173736.654,558650.752],[173730.453,558653.273],[173723.168,558656.57],[173718.379,558659.017],[173717.461,558659.377],[173712.571,558660.756],[173712.034,558660.876],[173708.103,558661.53],[173707.71,558661.579],[173700.916,558662.163],[173700.241,558662.175],[173693.956,558661.863],[173693.409,558661.805],[173683.707,558660.242],[173683.555,558660.215],[173671.613,558657.911],[173671.568,558657.902],[173659.848,558655.53],[173655.449,558655.048],[173648.837,558654.859],[173642.674,558655.454],[173636.189,558656.484],[173628.737,558658.348],[173623.273,558660.352],[173617.914,558662.371],[173611.324,558666.078],[173611.226,558666.132],[173604.958,558669.475],[173599.089,558672.924],[173594.877,558675.423],[173594.375,558675.683],[173588.694,558678.237],[173588.301,558678.394],[173583.494,558680.082],[173583.232,558680.166],[173579.241,558681.324],[173579.024,558681.382],[173572.181,558683.039],[173571.957,558683.088],[173568.625,558683.735],[173568.468,558683.949],[173567.794,558684.583],[173567.014,558685.082],[173566.156,558685.428],[173565.249,558685.611],[173560.427,558686.122],[173560.183,558686.124],[173559.939,558686.15],[173553.299,558686.202],[173552.289,558686.106],[173545.869,558684.835],[173545.423,558684.725],[173533.003,558681.055],[173532.725,558680.964],[173524.472,558677.99],[173518.51,558676.638],[173509.541,558675.794],[173503.847,558676.631],[173498.39,558677.728],[173492.653,558679.639],[173486.671,558682.345],[173478.764,558685.924],[173478.688,558685.958],[173471.731,558688.969],[173470.566,558689.313],[173465.974,558690.078],[173465.378,558690.141],[173459.075,558690.427],[173447.937,558691.366],[173435.512,558693.221],[173435.311,558693.247],[173425.811,558694.273],[173380.412,558700.899],[173364.037,558703.617],[173351.952,558705.873],[173342.016,558707.906],[173342.004,558707.909],[173332.663,558709.797],[173323.628,558712.558],[173323.026,558712.703],[173318.035,558713.573],[173317.371,558713.644],[173313.37,558713.801],[173313.166,558713.804],[173307.083,558713.793],[173299.181,558714.484],[173275.047,558717.301],[173263.637,558719.434],[173263.628,558719.436],[173254.974,558721.037],[173240.951,558724.405],[173227.16,558727.786],[173214.757,558731.148],[173214.575,558731.194],[173204.9,558733.431],[173204.49,558733.508],[173199.896,558734.174],[173199.676,558734.2],[173192.681,558734.9],[173192.255,558734.924],[173186.814,558735.001],[173186.762,558735.001],[173182.184,558735.018],[173177.803,558735.452],[173174.933,558736.203],[173170.092,558738.341],[173165.293,558741.051],[173161.754,558743.132],[173157.387,558745.696],[173156.83,558745.977],[173152.254,558747.943],[173151.868,558748.091],[173143.751,558750.809],[173134.346,558754.637],[173134.03,558754.753],[173127.734,558756.834],[173110.783,558762.667],[173110.522,558762.749],[173103.296,558764.802],[173103.028,558764.87],[173098.29,558765.938],[173098.057,558765.985],[173093.415,558766.801],[173093.152,558766.84],[173088.956,558767.349],[173088.507,558767.383],[173079.504,558767.66],[173079.464,558767.661],[173073.611,558767.794],[173073.01,558767.771],[173070.817,558767.556],[173064.831,558767.122],[173064.549,558767.094],[173057.216,558766.141],[173041.504,558764.341],[173033.858,558763.778],[173024.954,558763.901],[173020.68,558764.039],[173015.454,558764.298],[173010.292,558764.929],[173006.53,558765.738],[173004.446,558766.628],[173003.655,558767.238],[173002.631,558768.383],[173001.769,558769.82],[173001.213,558771.392],[173000.92,558772.617],[173000.819,558774.674],[173000.825,558791.068],[173001.124,558809.59],[173001.967,558826.484],[173002.696,558832.749],[173005.849,558855.683],[173005.852,558855.703],[173009.566,558883.534],[173009.574,558883.603],[173011.855,558902.709],[173011.878,558902.961],[173012.403,558910.673],[173012.414,558910.905],[173012.646,558921.716],[173012.645,558921.955],[173012.389,558931.671],[173012.074,558948.026],[173012.302,558951.554],[173012.794,558954.446],[173013.62,558957.417],[173015.06,558960.327],[173017.378,558963.414],[173019.361,558965.472],[173021.271,558967.003],[173025.477,558969.756],[173029.669,558971.71],[173034.874,558973.866],[173034.89,558973.872],[173040.913,558976.39],[173041.261,558976.552],[173047.032,558979.504],[173047.756,558979.955],[173051.255,558982.58],[173051.749,558983.003],[173054.938,558986.119],[173055.415,558986.659],[173058.745,558991.014],[173058.993,558991.369],[173062.243,558996.484],[173066.698,559002.264],[173069.263,559005.135],[173081.943,559018.647],[173088.845,559025.715],[173092.786,559029.37],[173094.429,559030.399],[173095.475,559030.617],[173097.084,559030.672],[173097.992,559030.58],[173099.451,559030.067],[173101.106,559029.039],[173103.148,559027.1],[173103.931,559026.079],[173104.427,559024.817],[173104.692,559023.701],[173104.715,559022.984],[173104.489,559021.435],[173103.834,559018.861],[173102.269,559014.978],[173102.135,559014.604],[173095.72,558994.146],[173094.138,558989.264],[173094.04,558988.812],[173093.936,558988.36],[173093.784,558987.178],[173077.317,558981.808],[173076.441,558981.427],[173075.653,558980.885],[173074.984,558980.204],[173074.455,558979.408],[173074.088,558978.526],[173038.316,558862.321],[173038.131,558861.444],[173038.104,558860.548],[173038.238,558859.662],[173040.044,558852.275],[173030.748,558838.378],[173030.309,558837.57],[173030.026,558836.696],[173029.907,558835.786],[173029.378,558821.71],[173029.422,558820.836],[173029.617,558819.984],[173029.958,558819.178],[173035.461,558808.806],[173036.101,558807.874],[173036.933,558807.109],[173037.917,558806.551],[173051.569,558800.73],[173052.432,558800.451],[173053.332,558800.333],[173054.237,558800.38],[173068.313,558802.39],[173069.309,558802.639],[173070.233,558803.086],[173071.046,558803.712],[173079.195,558811.438],[173079.852,558812.199],[173083.743,558817.758],[173113.078,558809.497],[173112.272,558802.172],[173112.258,558801.228],[173112.421,558800.298],[173112.757,558799.416],[173116.249,558792.325],[173116.839,558791.4],[173117.617,558790.625],[173126.507,558783.534],[173127.359,558782.986],[173128.304,558782.621],[173136.029,558780.505],[173137.043,558780.336],[173138.07,558780.379],[173149.712,558782.072],[173150.518,558782.259],[173151.283,558782.576],[173151.984,558783.014],[173160.769,558789.576],[173161.536,558790.286],[173162.14,558791.14],[173165.323,558796.829],[173169.351,558795.989],[173169.514,558795.958],[173181.869,558793.81],[173181.812,558793.343],[173181.785,558792.41],[173181.933,558791.489],[173182.249,558790.611],[173182.722,558789.806],[173183.337,558789.104],[173184.071,558788.529],[173184.9,558788.1],[173185.794,558787.832],[173187.126,558787.566],[173187.173,558784.407],[173187.192,558784.041],[173187.509,558780.442],[173187.637,558779.677],[173187.882,558778.941],[173189.575,558774.92],[173189.661,558774.727],[173192.307,558769.118],[173192.894,558768.166],[173193.679,558767.368],[173199.288,558762.817],[173200.51,558762.087],[173207.601,558759.123],[173208.572,558758.829],[173209.583,558758.737],[173219.425,558758.843],[173220.459,558758.962],[173221.445,558759.293],[173229.806,558763.103],[173230.666,558763.604],[173231.411,558764.266],[173232.009,558765.062],[173236.56,558772.576],[173236.994,558773.491],[173237.191,558774.294],[173240.94,558773.379],[173241.923,558773.24],[173242.914,558773.298],[173243.874,558773.551],[173244.765,558773.989],[173245.552,558774.594],[173246.203,558775.343],[173246.669,558776.16],[173255.273,558773.968],[173255.122,558770.292],[173255.172,558769.349],[173255.399,558768.432],[173255.795,558767.574],[173256.344,558766.806],[173257.029,558766.155],[173257.823,558765.644],[173258.7,558765.292],[173259.627,558765.111],[173262.914,558764.787],[173263.059,558761.306],[173263.2,558760.319],[173263.534,558759.379],[173267.132,558751.759],[173267.551,558751.036],[173268.084,558750.393],[173273.481,558744.89],[173274.355,558744.18],[173275.365,558743.684],[173282.455,558741.144],[173283.23,558740.935],[173284.028,558740.852],[173293.341,558740.641],[173294.125,558740.684],[173294.892,558740.85],[173301.242,558742.755],[173302.318,558743.221],[173303.255,558743.926],[173307.806,558748.265],[173308.317,558748.832],[173308.736,558749.471],[173311.148,558753.851],[173318.414,558753.052],[173318.499,558753.043],[173328.765,558752.091],[173329.058,558752.072],[173343.186,558751.596],[173343.278,558747.947],[173343.359,558747.167],[173343.562,558746.409],[173345.467,558741.012],[173346.138,558739.735],[173350.371,558733.914],[173351.055,558733.152],[173356.77,558727.966],[173357.624,558727.343],[173358.589,558726.913],[173366.103,558724.478],[173366.974,558724.28],[173367.866,558724.24],[173377.391,558724.663],[173378.456,558724.827],[173379.461,558725.214],[173386.234,558728.707],[173387.287,558729.434],[173393.637,558735.149],[173394.337,558735.925],[173394.859,558736.829],[173396.393,558740.269],[173398.264,558739.521],[173412.536,558733.706],[173413.375,558733.448],[173420.784,558731.86],[173421.886,558731.749],[173422.986,558731.884],[173424.029,558732.258],[173433.57,558736.927],[173443.073,558739.6],[173451.803,558741.213],[173454.322,558740.877],[173458.812,558737.065],[173459.592,558736.521],[173460.461,558736.135],[173461.387,558735.921],[173464.562,558735.497],[173465.397,558735.456],[173466.227,558735.555],[173467.03,558735.791],[173472.491,558737.908],[173472.789,558738.035],[173478.705,558740.782],[173483.774,558743.105],[173484.637,558743.61],[173485.382,558744.278],[173485.98,558745.08],[173486.405,558745.986],[173487.676,558749.584],[173487.872,558750.31],[173487.957,558751.056],[173488.168,558756.56],[173488.147,558757.249],[173486.67,558772.018],[173482.891,558818.839],[173486.456,558885.942],[173493.781,558928.216],[173502.211,558961.365],[173510.578,558987.434],[173526.975,558980.859],[173528.338,558980.525],[173539.98,558979.361],[173541.13,558979.379],[173555.741,558981.301],[173556.747,558944.891],[173555.701,558918.638],[173553.089,558891.781],[173546.39,558854.413],[173532.011,558801.515],[173519.319,558767.845],[173513.002,558752.685],[173512.753,558751.916],[173512.63,558751.118],[173512.101,558743.709],[173512.211,558742.254],[173513.904,558734.74],[173514.273,558733.678],[173514.87,558732.725],[173518.997,558727.539],[173519.562,558726.939],[173520.218,558726.439],[173529.002,558720.83],[173529.913,558720.372],[173530.898,558720.108],[173531.915,558720.049],[173536.678,558720.26],[173537.551,558720.377],[173538.389,558720.645],[173539.168,558721.055],[173539.863,558721.596],[173542.109,558723.687],[173544.217,558724.356],[173550.237,558723.324],[173560.865,558720.641],[173567.155,558718.817],[173573.697,558713.698],[173574.442,558713.215],[173575.261,558712.872],[173587.22,558709.062],[173588.317,558708.843],[173597.102,558708.102],[173597.844,558708.095],[173604.086,558708.498],[173605.227,558704.75],[173605.496,558704.055],[173605.866,558703.408],[173608.725,558699.173],[173611.37,558695.257],[173611.904,558694.596],[173612.541,558694.036],[173617.41,558690.437],[173618.125,558689.997],[173618.903,558689.682],[173627.793,558686.93],[173628.611,558686.75],[173629.447,558686.709],[173635.48,558686.921],[173636.38,558687.035],[173637.245,558687.31],[173641.266,558689.003],[173641.976,558689.371],[173647.903,558693.076],[173648.618,558693.617],[173649.225,558694.278],[173654.728,558701.475],[173655.383,558702.616],[173656.62,558705.636],[173663.85,558704.94],[173696.127,558700.785],[173697.718,558696.52],[173697.952,558695.991],[173700.28,558691.44],[173701.09,558690.29],[173706.17,558684.893],[173707.007,558684.18],[173707.979,558683.668],[173714.964,558680.916],[173715.92,558680.646],[173716.911,558680.569],[173726.119,558680.781],[173727.124,558680.907],[173728.082,558681.232],[173735.491,558684.619],[173736.264,558685.06],[173736.948,558685.631],[173742.345,558691.028],[173742.931,558691.733],[173743.379,558692.533],[173745.869,558698.136],[173753.409,558698.136],[173775.543,558692.371],[173776.477,558692.22],[173777.422,558692.248],[173778.345,558692.453],[173779.213,558692.829],[173781.33,558693.993],[173782.035,558694.462],[173782.65,558695.044],[173787.318,558700.272],[173791.331,558702.319],[173805.68,558707.068],[173805.991,558707.183],[173808.407,558708.164],[173810.245,558708.115],[173812.977,558706.849],[173817.292,558703.002],[173818.023,558702.462],[173818.839,558702.062],[173819.714,558701.817],[173820.619,558701.735],[173825.276,558701.735],[173826.34,558701.849],[173827.355,558702.188],[173828.276,558702.735],[173831.662,558705.275],[173832.482,558706.049],[173833.108,558706.987],[173836.812,558714.183],[173836.957,558714.55],[173837.117,558714.912],[173837.138,558715.005],[173837.173,558715.095],[173837.244,558715.483],[173837.33,558715.868],[173837.332,558715.964],[173837.349,558716.059],[173837.343,558716.454],[173837.352,558716.848],[173837.336,558716.943],[173837.334,558717.039],[173837.251,558717.425],[173837.183,558717.814],[173837.148,558717.903],[173837.128,558717.997],[173836.971,558718.359],[173836.828,558718.728],[173836.777,558718.809],[173836.739,558718.897],[173836.514,558719.222],[173836.303,558719.555],[173836.236,558719.624],[173836.182,558719.703],[173835.898,558719.978],[173835.625,558720.264],[173835.547,558720.319],[173835.478,558720.385],[173835.146,558720.6],[173834.823,558720.826],[173826.519,558725.511],[173827.136,558726.793],[173827.444,558727.609],[173827.605,558728.466],[173828.875,558741.272],[173828.865,558742.356],[173820.927,558809.137],[173820.904,558809.308],[173814.871,558848.466],[173814.632,558849.404],[173814.217,558850.277],[173813.642,558851.055],[173812.928,558851.707],[173812.101,558852.209],[173808.621,558853.887],[173807.449,558863.114],[173808.55,558865.523],[173808.868,558866.447],[173808.999,558867.416],[173808.94,558868.391],[173801.003,558918.027],[173800.759,558918.962],[173800.339,558919.833],[173799.76,558920.606],[173797.567,558923.012],[173795.413,558941.746],[173796.928,558948.658],[173797.044,558949.773],[173796.841,558972.529],[173799.916,558979.65],[173810.639,558987.675],[173838.37,558984.477],[173838.415,558984.473],[173888.347,558979.166],[173888.554,558979.149],[173921.362,558977.032],[173922.001,558977.032],[173944.888,558978.487],[173945.999,558978.685],[173981.05,558989.134],[174041.104,559006.86],[174041.163,559006.878],[174091.12,559022.304],[174099.475,559024.312],[174099.962,559024.455],[174109.987,559027.972],[174111.045,559028.49],[174111.952,559029.242],[174114.558,559031.978],[174114.96,559032.369],[174115.545,559033.246],[174117.704,559037.368],[174117.976,559037.985],[174119.122,559041.146],[174119.313,559041.82],[174120.064,559045.387],[174120.167,559046.195],[174120.313,559049.495],[174120.288,559050.26],[174119.801,559054.721],[174119.65,559055.509],[174118.317,559060.332],[174118.202,559060.694],[174112.14,559077.527],[174097.229,559119.714],[174139.252,559134.035],[174139.37,559134.089],[174139.495,559134.125],[174139.816,559134.291],[174140.144,559134.44],[174140.25,559134.516],[174140.365,559134.576],[174140.647,559134.802],[174140.94,559135.012],[174141.029,559135.107],[174141.131,559135.189],[174141.363,559135.465],[174141.609,559135.729],[174141.678,559135.839],[174141.762,559135.939],[174141.936,559136.255],[174142.126,559136.561],[174142.172,559136.683],[174142.234,559136.797],[174142.343,559137.141],[174142.47,559137.479],[174142.491,559137.608],[174142.53,559137.732],[174142.57,559138.091],[174142.629,559138.446],[174142.624,559138.577],[174142.639,559138.706],[174142.608,559139.066],[174142.595,559139.426],[174142.566,559139.553],[174142.554,559139.683],[174142.454,559140.029],[174142.372,559140.38],[174142.318,559140.499],[174142.281,559140.624],[174136.868,559154.16],[174136.372,559155.097],[174135.69,559155.909],[174134.852,559156.558],[174133.896,559157.016],[174131.153,559157.989],[174130.727,559158.214],[174116.008,559193.466],[174113.135,559201.428],[174112.914,559202.113],[174110.724,559209.425],[174110.707,559209.482],[174101.324,559239.513],[174096.756,559255.161],[174084.716,559298.676],[174085.251,559299.624],[174085.68,559300.628],[174085.881,559301.7],[174085.845,559302.791],[174085.708,559303.743],[174085.451,559304.759],[174084.988,559305.7],[174084.339,559306.523],[174083.533,559307.193],[174082.604,559307.68],[174080.515,559308.51],[174080.151,559308.616],[174072.828,559327.698],[174072.379,559328.59],[174071.762,559329.375],[174071.002,559330.021],[174070.128,559330.504],[174069.176,559330.803],[174058.658,559332.984],[174057.649,559333.089],[174056.64,559332.987],[174055.672,559332.684],[173984.347,559302.087],[173972.338,559331.269],[173972.259,559331.45],[173966.3,559344.443],[173965.77,559345.339],[173965.066,559346.106],[173964.218,559346.71],[173963.264,559347.126],[173962.244,559347.335],[173961.203,559347.328],[173944.624,559345.487],[173944.577,559346.129],[173944.505,559350.276],[173945.011,559355.005],[173946.607,559361.154],[173948.903,559366.804],[173951.504,559371.251],[173954.348,559375.29],[173958.63,559379.76],[173963.767,559383.835],[173968.595,559386.775],[173974.832,559389.3],[173981.481,559390.83],[173986.799,559391.267],[173992.603,559391.159],[173998.729,559390.023],[174003.209,559388.798],[174007.735,559386.709],[174012.715,559384.003],[174015.418,559381.963],[174019.229,559378.499],[174022.626,559374.82],[174025.12,559371.232],[174027.497,559366.689],[174029.025,559363.446],[174029.877,559361.117],[174030.127,559359.808],[174030.386,559358.915],[174030.806,559358.085],[174031.372,559357.347],[174032.066,559356.727],[174032.862,559356.246],[174033.734,559355.921],[174034.65,559355.762],[174035.581,559355.777],[174036.492,559355.964],[174037.346,559356.223],[174037.415,559356.112],[174037.98,559355.478],[174039.239,559354.284],[174039.826,559353.806],[174040.966,559353.015],[174041.726,559352.58],[174042.549,559352.285],[174043.412,559352.138],[174045.636,559351.956],[174045.841,559351.944],[174048.691,559351.829],[174049.749,559351.898],[174050.768,559352.189],[174052.68,559352.963],[174053.935,559353.699],[174056.263,559355.567],[174057.1,559356.423],[174059.037,559358.948],[174059.736,559360.193],[174060.359,559361.811],[174060.578,559362.539],[174060.683,559363.293],[174060.877,559366.342],[174060.881,559366.885],[174060.807,559368.536],[174060.718,559369.275],[174059.754,559374.167],[174059.658,559374.568],[174054.913,559391.274],[174056.197,559402.06],[174056.231,559402.574],[174056.405,559413.801],[174056.293,559414.931],[174053.881,559426.137],[174052.409,559433.708],[174052.198,559434.465],[174040.099,559467.668],[174039.901,559468.08],[174039.709,559468.494],[174039.689,559468.521],[174039.675,559468.552],[174039.401,559468.917],[174039.132,559469.286],[174039.107,559469.309],[174039.086,559469.336],[174038.746,559469.64],[174038.41,559469.949],[174038.381,559469.967],[174038.356,559469.99],[174037.963,559470.222],[174037.573,559470.46],[174037.542,559470.472],[174037.512,559470.489],[174037.082,559470.64],[174036.653,559470.797],[174036.62,559470.802],[174036.588,559470.814],[174036.136,559470.878],[174035.685,559470.948],[173992.949,559473.376],[173992.843,559473.381],[173937.039,559475.364],[173856.05,559479.001],[173765.777,559483.63],[173765.753,559483.631],[173694.68,559486.937],[173634.19,559490.573],[173634.093,559490.578],[173560.682,559493.554],[173429.082,559499.506],[173335.174,559504.466],[173335.061,559504.47],[173247.498,559507.114],[173162.912,559512.4],[173162.878,559512.402],[173067.959,559517.694],[173067.908,559517.697],[172937.273,559523.65],[172788.785,559530.594],[172689.163,559535.543],[172643.459,559542.448],[172600.063,559549.351],[172548.517,559562.812],[172471.622,559587.787],[172411.806,559617.695],[172370.378,559639.395],[172327.618,559667.025],[172277.746,559700.713],[172197.736,559756.258],[172197.724,559756.266],[172155.091,559785.679],[172121.742,559809.453],[172114.42,559814.796],[172114.106,559814.981],[172113.801,559815.182],[172113.684,559815.23],[172113.575,559815.294],[172113.231,559815.414],[172112.893,559815.551],[172112.769,559815.575],[172112.65,559815.617],[172112.289,559815.668],[172111.931,559815.736],[172111.804,559815.736],[172111.679,559815.753],[172111.315,559815.732],[172110.95,559815.73],[172110.827,559815.705],[172110.7,559815.698],[172110.347,559815.606],[172109.99,559815.533],[172109.874,559815.484],[172109.751,559815.452],[172109.423,559815.294],[172109.087,559815.152],[172108.983,559815.081],[172108.869,559815.026],[172108.578,559814.807],[172108.276,559814.602],[172108.187,559814.512],[172108.086,559814.436],[172107.843,559814.164],[172107.587,559813.905],[172106.796,559812.928],[172103.039,559808.41],[172088.749,559791.477],[172053.113,559757.324],[172029.831,559735.299],[172025.694,559731.643],[172025.619,559731.576],[171991.995,559700.64],[171991.961,559700.609],[171964.102,559674.503],[171964.064,559674.459],[171964.019,559674.422],[171952.385,559663.005],[171917.565,559630.559],[171917.496,559630.495],[171877.201,559591.505],[171866.862,559582.135],[171866.639,559581.92],[171846.835,559561.597],[171846.333,559560.994],[171840.152,559552.25],[171839.786,559551.647],[171839.42,559550.934],[171834.736,559542.677],[171834.562,559542.342],[171832.959,559538.942],[171832.921,559538.86],[171831.053,559534.706],[171830.955,559534.472],[171820.089,559506.598],[171820.056,559506.51],[171811.414,559483.044],[171802.712,559460.119],[171796.277,559448.493],[171788.898,559436.762],[171788.861,559436.702],[171778.278,559419.341],[171772.865,559411.041],[171769.524,559406.839],[171767.291,559404.22],[171767.127,559404.017],[171755.016,559388.21],[171754.922,559388.084],[171744.494,559373.551],[171744.368,559373.366],[171737.095,559362.206],[171737.014,559362.078],[171732.539,559354.734],[171732.47,559354.618],[171730.749,559351.613],[171719.23,559331.957],[171719.194,559331.895],[171717.214,559328.402],[171715.588,559325.551],[171715.329,559325.028],[171709.299,559310.833],[171709.174,559310.507],[171707.78,559306.459],[171707.709,559306.238],[171705.952,559300.247],[171705.912,559300.102],[171704.336,559294.062],[171704.233,559293.561],[171703.843,559291.028],[171703.788,559290.092],[171703.871,559287.716],[171704.003,559286.739],[171704.575,559284.327],[171704.633,559284.156],[171704.67,559283.98],[171704.792,559283.694],[171704.893,559283.4],[171704.984,559283.244],[171705.055,559283.078],[171706.377,559280.663],[171706.707,559280.141],[171707.6,559278.902],[171708.031,559278.383],[171729.82,559255.448],[171730.063,559255.209],[171744.57,559241.89],[171783.459,559202.415],[171784.506,559201.343],[171798.135,559186.765],[171798.144,559186.757],[171798.151,559186.748],[171802.316,559182.335],[171803.505,559180.957],[171803.597,559180.854],[171811.361,559172.343],[171811.443,559172.255],[171819.596,559163.741],[171819.606,559163.731],[171829.891,559153.051],[171840.646,559141.418],[171841.09,559139.442],[171841.365,559138.588],[171841.788,559137.797],[171842.345,559137.093],[171848.346,559130.784],[171854.34,559123.635],[171856.264,559120.587],[171856.348,559120.457],[171864.321,559108.648],[171869.712,559100.632],[171874.513,559092.308],[171874.552,559092.24],[171876.032,559089.766],[171876.671,559088.916],[171880.733,559084.571],[171880.741,559084.563],[171884.455,559080.608],[171884.808,559080.267],[171891.888,559074.073],[171899.778,559066.401],[171904.933,559061.284],[171904.193,559060.62],[171903.374,559060.373],[171902.663,559060.53],[171901.967,559060.844],[171900.989,559061.558],[171897.737,559064.196],[171889.721,559071.689],[171880.74,559080.3],[171875.056,559086.303],[171870.065,559093.595],[171857.587,559113.37],[171857.459,559113.562],[171848.584,559126.286],[171848.52,559126.375],[171845.532,559130.466],[171845.117,559130.962],[171812.533,559165.216],[171812.444,559165.308],[171803.424,559174.317],[171802.769,559174.868],[171800.289,559176.615],[171799.27,559177.168],[171798.151,559177.472],[171794.637,559177.998],[171793.798,559178.052],[171792.962,559177.966],[171792.153,559177.74],[171788.917,559176.536],[171788.828,559176.493],[171788.733,559176.464],[171788.388,559176.278],[171788.036,559176.106],[171787.957,559176.046],[171787.87,559175.999],[171779.11,559170.109],[171778.796,559169.88],[171760.406,559155.32],[171760.281,559155.217],[171736.555,559135.145],[171707.165,559111.435],[171668.71,559080.563],[171642.978,559061.594],[171640.005,559059.778],[171637.457,559059.155],[171636.238,559058.959],[171636.207,559058.964],[171635.715,559059.45],[171628.306,559068.976],[171605.574,559100.231],[171604.939,559100.948],[171603.021,559102.735],[171602.699,559103.011],[171600.867,559104.449],[171600.069,559104.96],[171597.439,559106.315],[171597.164,559106.424],[171596.898,559106.554],[171596.71,559106.604],[171596.528,559106.676],[171596.237,559106.73],[171595.951,559106.805],[171594.77,559106.997],[171594.026,559107.061],[171593.281,559107.014],[171591.796,559106.808],[171590.576,559106.477],[171588.406,559105.58],[171588.031,559105.407],[171587.539,559105.155],[171586.635,559104.559],[171586.239,559104.231],[171585.796,559103.816],[171581.575,559099.36],[171581.289,559099.03],[171575.52,559091.763],[171575.478,559091.71],[171570.697,559085.516],[171570.424,559085.125],[171566.059,559078.193],[171560.141,559070.401],[171550.609,559060.182],[171550.503,559060.065],[171539.617,559047.628],[171536.061,559044.019],[171534.834,559043.557],[171534.378,559043.478],[171533.089,559043.598],[171531.381,559043.953],[171528.607,559044.995],[171527.781,559045.226],[171524.016,559045.94],[171521.613,559046.408],[171521.005,559046.488],[171519.342,559046.604],[171518.573,559046.598],[171516.061,559046.385],[171515.334,559046.269],[171511.685,559045.407],[171510.825,559045.118],[171505.8,559042.911],[171505.19,559042.592],[171500.763,559039.867],[171500.473,559039.674],[171493.565,559034.727],[171493.236,559034.47],[171489.573,559031.354],[171489.245,559031.049],[171480.568,559022.213],[171477.632,559019.396],[171466.832,559009.846],[171466.771,559009.781],[171466.701,559009.726],[171454.155,558997.806],[171451.807,558995.836],[171451.681,558995.727],[171433.735,558979.629],[171433.45,558979.352],[171425.073,558970.539],[171424.996,558970.457],[171414.805,558959.241],[171409.284,558953.875],[171399.28,558946.025],[171399.195,558945.957],[171384.737,558934.095],[171384.496,558933.884],[171377.306,558927.17],[171377.202,558927.071],[171354.048,558904.174],[171353.987,558904.113],[171333.187,558882.821],[171333.074,558882.701],[171324.003,558872.78],[171323.773,558872.509],[171314.94,558861.352],[171314.754,558861.101],[171296.891,558835.386],[171296.81,558835.265],[171284.536,558816.444],[171284.505,558816.398],[171278.842,558807.498],[171278.555,558806.981],[171274.037,558797.592],[171273.893,558797.262],[171271.488,558791.176],[171271.351,558790.783],[171263.853,558765.925],[171263.783,558765.672],[171261.043,558754.496],[171260.97,558754.14],[171259.653,558746.355],[171259.601,558745.956],[171258.475,558733.043],[171257.036,558725.265],[171255.725,558719.503],[171254.286,558716.006],[171251.196,558710.816],[171243.451,558698.594],[171243.414,558698.534],[171238.592,558690.682],[171238.137,558689.727],[171236.936,558686.319],[171236.754,558685.66],[171236.02,558682.074],[171235.924,558681.319],[171235.584,558674.44],[171235.578,558674.161],[171235.596,558671.347],[171235.191,558669.6],[171233.949,558667.282],[171229.671,558663.15],[171207.811,558643.022],[171198.726,558635.887],[171196.942,558635.018],[171196.122,558634.814],[171195.137,558634.746],[171192.845,558634.989],[171189.36,558635.61],[171188.76,558635.68],[171184.426,558635.92],[171184.028,558635.926],[171180.179,558635.833],[171179.173,558635.706],[171174.274,558634.573],[171173.097,558634.139],[171167.566,558631.268],[171166.92,558630.868],[171162.244,558627.451],[171161.884,558627.161],[171159.55,558625.099],[171159.019,558624.553],[171155.433,558620.249],[171155.145,558619.868],[171151.656,558614.759],[171151.193,558613.916],[171143.023,558594.939],[171142.987,558594.851],[171135.04,558575.373],[171124.463,558556.346],[171110.988,558535.946],[171110.583,558535.203],[171108.508,558530.486],[171108.122,558529.081],[171107.557,558524.473],[171107.52,558523.826],[171107.554,558519.424],[171107.725,558518.165],[171112.258,558501.289],[171112.397,558500.853],[171115.975,558491.174],[171115.991,558491.13],[171126.614,558463.194],[171126.627,558463.159],[171127.597,558460.665],[171128.311,558459.407],[171130.623,558456.435],[171131.541,558455.527],[171132.207,558455.019],[171132.779,558454.643],[171135.141,558453.31],[171135.816,558452.994],[171136.53,558452.78],[171140.289,558451.959],[171141.637,558451.852],[171144.738,558452.026],[171144.918,558452.039],[171147.868,558452.312],[171149.102,558452.587],[171153.551,558454.19],[171162.042,558456.878],[171162.051,558456.881],[171164.946,558457.804],[171165.086,558457.851],[171170.25,558459.667],[171170.942,558459.971],[171172.038,558460.555],[171172.806,558461.059],[171173.468,558461.696],[171174.003,558462.442],[171174.694,558463.623],[171175.085,558464.485],[171175.273,558463.93],[171175.742,558463.102],[171176.361,558462.378],[171177.104,558461.784],[171177.948,558461.343],[171178.859,558461.069],[171179.806,558460.972],[171180.754,558461.057],[171182.153,558461.318],[171182.432,558461.378],[171191.994,558463.736],[171206.492,558466.829],[171213.501,558467.894],[171215.188,558467.94],[171216.573,558467.668],[171218.863,558466.68],[171221.859,558465.1],[171223.167,558464.253],[171224.307,558462.975],[171225.398,558460.257],[171225.608,558459.247],[171225.786,558457.035],[171225.764,558454.924],[171225.055,558450.935],[171224.369,558449.129],[171222.803,558446.637],[171219.247,558441.802],[171219.18,558441.709],[171216.854,558438.389],[171216.462,558437.725],[171216.176,558437.01],[171215.346,558434.352],[171215.156,558433.47],[171215.128,558432.568],[171215.416,558427.667],[171215.566,558426.71],[171216.804,558421.917],[171216.879,558421.655],[171217.956,558418.261],[171218.025,558418.06],[171219.003,558415.378],[171220.491,558409.253],[171220.88,558406.805],[171221.16,558405.771],[171221.655,558404.82],[171222.515,558403.526],[171223.143,558402.76],[171223.909,558402.132],[171225.619,558400.994],[171226.57,558400.5],[171227.605,558400.219],[171230.611,558399.742],[171231.481,558399.681],[171236.684,558399.771],[171237.516,558399.856],[171242.338,558400.758],[171249.645,558401.874],[171250.176,558401.985],[171253.272,558402.81],[171254.145,558403.132],[171256.556,558404.287],[171261.986,558406.797],[171265.883,558407.872],[171265.987,558407.901],[171271.747,558409.624],[171276.674,558410.92],[171285.777,558412.973],[171286.043,558413.041],[171292.383,558414.841],[171292.629,558414.918],[171305.911,558419.439],[171306.163,558419.532],[171308.791,558420.588],[171310.614,558420.992],[171310.622,558420.993],[171312.167,558421.338],[171314.146,558421.427],[171315.704,558421.32],[171318.517,558420.118],[171321.417,558418.582],[171323.308,558417.489],[171323.456,558417.338],[171323.889,558416.192],[171324.255,558409.828],[171324.091,558395.474],[171317.946,558369.88],[171317.822,558369.098],[171316.535,558352.406],[171313.801,558352.053],[171312.788,558355.974],[171312.512,558360.48],[171318.043,558385.51],[171320.314,558395.574],[171320.369,558395.855],[171322.209,558406.926],[171322.247,558408.299],[171322.085,558409.749],[171321.784,558410.988],[171321.248,558412.385],[171321.074,558412.785],[171320.514,558413.931],[171319.873,558414.927],[171319.015,558415.743],[171318.386,558416.214],[171317.679,558416.655],[171316.908,558416.974],[171315.604,558417.389],[171314.189,558417.624],[171311.512,558417.678],[171310.719,558417.631],[171309.944,558417.459],[171294.379,558412.686],[171272.764,558406.324],[171252.316,558400.539],[171233.898,558396.941],[171230.906,558397.031],[171227.582,558397.451],[171225.158,558397.847],[171223.124,558398.596],[171221.576,558399.65],[171221.326,558399.865],[171220.929,558400.847],[171215.109,558424.806],[171214.644,558427.6],[171214.211,558432.17],[171214.215,558434.849],[171218.875,558449.981],[171219.094,558451.294],[171219.171,558453.717],[171219.171,558453.723],[171219.214,558455.154],[171219.151,558456.115],[171218.904,558457.045],[171218.484,558457.912],[171217.724,558459.157],[171217.177,558459.892],[171216.504,558460.514],[171214.894,558461.753],[171214.049,558462.277],[171213.117,558462.625],[171212.135,558462.781],[171208.331,558463.001],[171207.327,558462.958],[171198.181,558461.637],[171197.922,558461.593],[171174.242,558456.889],[171173.769,558456.771],[171143.089,558447.496],[171140.365,558447.251],[171138.454,558447.459],[171136.09,558448.316],[171134.339,558449.5],[171128.001,558454.49],[171124.335,558458.477],[171114.877,558468.83],[171114.151,558469.483],[171113.312,558469.983],[171112.392,558470.31],[171111.426,558470.452],[171110.45,558470.403],[171109.503,558470.166],[171108.62,558469.749],[171107.835,558469.168],[171086.562,558449.96],[171085.885,558449.211],[171080.805,558442.306],[171080.273,558441.393],[171079.944,558440.389],[171079.833,558439.337],[171079.946,558438.286],[171081.759,558429.901],[171081.817,558428.421],[171080.175,558426.721],[171059.729,558408.241],[171059.59,558408.111],[171055.372,558403.995],[171047.853,558411.036],[171047.101,558411.617],[171046.253,558412.045],[171045.339,558412.305],[171044.393,558412.387],[171019.733,558412.175],[171018.858,558412.09],[171018.012,558411.854],[171017.219,558411.472],[171016.506,558410.958],[171006.346,558402.174],[171005.916,558401.755],[170995.553,558390.354],[170993.17,558392.561],[170992.406,558393.143],[170991.545,558393.568],[170990.619,558393.82],[170989.662,558393.891],[170988.709,558393.778],[170987.795,558393.485],[170986.953,558393.022],[170986.216,558392.407],[170972.723,558378.755],[170972.1,558377.986],[170971.642,558377.11],[170971.364,558376.161],[170971.279,558375.176],[170971.39,558374.193],[170971.691,558373.251],[170972.173,558372.387],[170972.814,558371.635],[170988.2,558356.852],[170952.919,558315.699],[170952.326,558314.839],[170951.924,558313.875],[170951.732,558312.848],[170951.756,558311.804],[170961.477,558236.54],[170961.49,558236.445],[170963.16,558225.215],[170948.551,558221.379],[170947.623,558221.034],[170946.781,558220.513],[170946.059,558219.837],[170945.484,558219.032],[170945.079,558218.129],[170944.859,558217.164],[170944.834,558216.175],[170945.526,558206.796],[170945.595,558206.398],[170945.65,558205.997],[170948.848,558192.669],[170957.369,558151.021],[170957.404,558150.865],[170959.558,558141.823],[170959.612,558141.616],[170961.083,558136.435],[170964.132,558123.902],[170966.413,558112.418],[170966.715,558111.439],[170970.169,558103.3],[170970.215,558103.195],[170976.896,558088.4],[170982.366,558075.21],[170994.395,558043.488],[170994.548,558043.128],[171006.132,558018.568],[171018.591,557988.872],[171018.712,557988.605],[171032.712,557960.053],[171044.652,557932.614],[171044.744,557932.413],[171070.541,557879.629],[171071.262,557878.542],[171074.993,557874.256],[171075.715,557873.576],[171076.557,557873.052],[171077.486,557872.704],[171078.465,557872.547],[171086.402,557872.071],[171087.352,557872.104],[171088.278,557872.317],[171094.815,557874.488],[171132.638,557878.561],[171132.741,557878.574],[171166.558,557882.926],[171188.289,557885.176],[171188.339,557885.181],[171200.599,557886.574],[171203.939,557885.228],[171208.952,557882.195],[171209.896,557881.751],[171210.911,557881.513],[171215.608,557880.918],[171216.581,557880.89],[171217.542,557881.051],[171224.949,557883.055],[171225.009,557883.071],[171247.373,557889.42],[171274.795,557895.928],[171274.844,557895.94],[171293.467,557900.558],[171293.544,557900.578],[171296.676,557901.408],[171297.07,557901.53],[171300.512,557902.753],[171300.873,557902.923],[171301.24,557903.08],[171301.316,557903.132],[171301.399,557903.171],[171301.72,557903.408],[171302.049,557903.633],[171302.114,557903.698],[171302.188,557903.753],[171302.456,557904.048],[171302.735,557904.333],[171302.786,557904.41],[171302.847,557904.478],[171303.053,557904.82],[171303.271,557905.154],[171303.306,557905.239],[171303.353,557905.317],[171303.488,557905.693],[171303.637,557906.063],[171303.654,557906.153],[171303.685,557906.24],[171303.745,557906.634],[171303.818,557907.026],[171303.817,557907.118],[171303.831,557907.209],[171303.812,557907.608],[171303.808,557908.006],[171303,557915.422],[171302.988,557915.524],[171301.514,557926.864],[171300.458,557937.31],[171300.06,557943.168],[171299.007,557961.977],[171299.004,557962.033],[171297.054,557991.025],[171297.029,557991.285],[171295.998,557999.883],[171295.843,558003.195],[171296.848,558005.324],[171305.845,558007.041],[171306.72,558007.202],[171307.011,558007.265],[171307.777,558007.453],[171316.894,558009.275],[171317.03,558009.152],[171319.153,558007.303],[171319.58,558006.931],[171320.907,558001.19],[171320.995,558000.861],[171321.202,558000.179],[171322.031,557996.077],[171311.145,557993.882],[171316.337,557984.727],[171325.716,557986.619],[171326.777,557986.96],[171329.824,557988.329],[171330.192,557988.54],[171330.565,557988.74],[171330.617,557988.783],[171330.675,557988.816],[171330.994,557989.095],[171331.321,557989.365],[171331.363,557989.416],[171331.414,557989.46],[171331.673,557989.795],[171331.941,557990.124],[171331.972,557990.183],[171332.013,557990.236],[171332.202,557990.615],[171332.4,557990.99],[171332.42,557991.054],[171332.449,557991.113],[171332.56,557991.523],[171332.682,557991.929],[171332.688,557991.995],[171332.706,557992.059],[171332.735,557992.482],[171332.775,557992.904],[171332.769,557992.971],[171332.773,557993.037],[171332.719,557993.458],[171332.676,557993.88],[171330.957,558002.394],[171330.84,558002.858],[171330.612,558003.607],[171329.025,558010.475],[171328.61,558011.616],[171327.933,558012.623],[171327.35,558013.295],[171327.1,558013.564],[171326.588,558014.074],[171326.342,558014.303],[171325.719,558014.845],[171323.689,558016.613],[171321.975,558018.26],[171321.239,558018.845],[171320.407,558019.282],[171319.508,558019.555],[171318.574,558019.655],[171317.637,558019.579],[171315.786,558019.25],[171315.68,558019.23],[171305.709,558017.238],[171305.493,558017.19],[171304.765,558017.01],[171304.021,558016.874],[171303.987,558016.867],[171292.474,558014.67],[171291.571,558014.408],[171290.733,558013.981],[171289.99,558013.405],[171289.368,558012.701],[171288.889,558011.892],[171286.269,558006.337],[171285.888,558005.183],[171285.796,558003.971],[171286.017,557999.235],[171286.048,557998.872],[171287.085,557990.223],[171289.024,557961.389],[171290.077,557942.579],[171290.081,557942.519],[171290.487,557936.55],[171290.501,557936.385],[171291.572,557925.787],[171291.589,557925.646],[171293.064,557914.287],[171293.434,557910.894],[171291.021,557910.254],[171272.462,557905.652],[171244.957,557899.125],[171244.747,557899.07],[171222.308,557892.7],[171215.885,557890.963],[171213.221,557891.3],[171208.77,557893.992],[171208.051,557894.352],[171204.165,557895.918],[171203.491,557896.231],[171202.633,557896.538],[171201.734,557896.683],[171200.822,557896.663],[171187.235,557895.12],[171165.467,557892.867],[171165.343,557892.852],[171131.516,557888.498],[171093.212,557884.374],[171092.171,557884.147],[171086.04,557882.111],[171081.158,557882.403],[171079.237,557884.611],[171053.777,557936.705],[171041.836,557964.147],[171041.74,557964.353],[171027.755,557992.876],[171015.312,558022.537],[171015.26,558022.633],[171015.223,558022.735],[171003.676,558047.217],[170991.689,558078.828],[170991.633,558078.97],[170986.103,558092.303],[170986.042,558092.445],[170979.352,558107.259],[170976.122,558114.871],[170973.92,558125.955],[170973.874,558126.163],[170970.777,558138.892],[170970.729,558139.076],[170969.261,558144.244],[170967.15,558153.104],[170958.628,558194.756],[170958.592,558194.92],[170955.469,558207.936],[170955.113,558212.763],[170970.034,558216.681],[170971.009,558217.049],[170971.887,558217.611],[170972.628,558218.343],[170973.202,558219.213],[170973.583,558220.183],[170973.755,558221.211],[170973.71,558222.252],[170971.389,558237.868],[170961.959,558310.879],[170996.135,558350.743],[170998.451,558352.145],[170999.262,558352.756],[170999.933,558353.519],[171000.436,558354.402],[171000.75,558355.368],[171000.863,558356.378],[171000.768,558357.39],[171000.472,558358.361],[170999.984,558359.253],[170999.327,558360.028],[170983.4,558375.332],[170989.926,558381.935],[170992.46,558379.588],[170993.246,558378.993],[170994.134,558378.563],[170995.088,558378.317],[170996.073,558378.262],[170997.049,558378.401],[170997.978,558378.729],[170998.826,558379.233],[170999.558,558379.894],[171013.114,558394.805],[171021.657,558402.191],[171042.478,558402.37],[171052.024,558393.429],[171052.778,558392.848],[171053.628,558392.419],[171054.545,558392.16],[171055.493,558392.079],[171056.44,558392.179],[171057.351,558392.457],[171058.192,558392.903],[171058.934,558393.5],[171066.505,558400.886],[171087.007,558419.416],[171087.252,558419.653],[171090.494,558423.012],[171091.117,558423.803],[171091.569,558424.703],[171091.831,558425.675],[171091.893,558426.68],[171091.734,558430.728],[171091.625,558431.589],[171090.196,558438.196],[171093.64,558442.877],[171110.847,558458.415],[171116.958,558451.726],[171116.964,558451.721],[171116.968,558451.715],[171120.912,558447.426],[171121.499,558446.882],[171128.295,558441.531],[171128.587,558441.317],[171131.002,558439.685],[171132.098,558439.126],[171135.61,558437.852],[171136.774,558437.582],[171139.778,558437.255],[171140.769,558437.246],[171144.496,558437.583],[171145.494,558437.776],[171176.429,558447.128],[171199.741,558451.758],[171208.257,558452.989],[171209.141,558452.938],[171209.12,558452.282],[171204.437,558437.076],[171204.272,558436.352],[171204.216,558435.611],[171204.211,558431.944],[171204.233,558431.466],[171204.705,558426.481],[171204.751,558426.13],[171205.275,558422.982],[171205.349,558422.624],[171211.298,558398.132],[171211.52,558397.44],[171212.509,558394.992],[171213.083,558393.949],[171213.887,558393.072],[171215.272,558391.882]]]}},{"type":"Feature","properties":{"relatieveHoogteligging":0,"lokaalID":"G1900.0a7b4f251ed64f9c82b690a2b8b9d01a","bgt_status":"bestaand","bgt_type":"niet-bgt","plus_type":"functioneel beheer","naam":"IJ10","objecttype":"FunctioneelGebied"},"geometry":{"type":"Polygon","coordinates":[[[170704.701,558498.569],[170710.229,558488.057],[170694.452,558479.298],[170693.582,558480.865],[170689.394,558478.703],[170680.371,558474.045],[170676.268,558471.903],[170680.149,558464.469],[170681.051,558462.742],[170690.441,558467.892],[170691.966,558468.728],[170694.074,558464.889],[170701.709,558469.081],[170706.125,558467.841],[170709.837,558461.182],[170711.062,558458.985],[170714.06,558460.657],[170712.495,558463.465],[170713.542,558467.125],[170716.505,558468.777],[170717.984,558469.602],[170721.653,558468.56],[170724.052,558464.257],[170727.174,558465.998],[170727.285,558466.06],[170729.68,558465.2],[170731.293,558462.445],[170735.898,558461.979],[170737.255,558461.842],[170737.667,558461.8],[170737.889,558461.778],[170739.017,558462.217],[170739.119,558462.846],[170741.54,558464.15],[170742.88,558469.58],[170740.3,558474.31],[170735.418,558475.856],[170734.87,558476.03],[170731.65,558482.04],[170729.11,558480.68],[170716.49,558484.15],[170716.235,558484.621],[170714.99,558486.92],[170713.17,558490.32],[170709.92,558495.49],[170709.02,558497.14],[170707.5,558500],[170704.701,558498.569]]]}},{"type":"Feature","properties":{"relatieveHoogteligging":0,"lokaalID":"G1900.1c89f0990b144309ba8827bfa1af65a0","bgt_status":"bestaand","bgt_type":"niet-bgt","plus_type":"functioneel beheer","naam":"IJ07","objecttype":"FunctioneelGebied"},"geometry":{"type":"Polygon","coordinates":[[[170612.299,558626.698],[170609.77,558621.96],[170605.809,558614.627],[170616.954,558608.607],[170614.979,558604.921],[170615.828,558604.466],[170621.74,558615.5],[170656.418,558596.861],[170659.363,558600.76],[170645.623,558608.428],[170636.939,558613.221],[170628.401,558617.89],[170619.933,558622.522],[170612.299,558626.698]]]}},{"type":"Feature","properties":{"relatieveHoogteligging":0,"lokaalID":"G1900.1cb97248e2734fc88092c57372b1e971","bgt_status":"bestaand","bgt_type":"niet-bgt","plus_type":"functioneel beheer","naam":"IJ09","objecttype":"FunctioneelGebied"},"geometry":{"type":"Polygon","coordinates":[[[170892.791,558583.607],[170887.69,558575.98],[170859.596,558533.906],[170881.215,558519.47],[170878.2,558514.729],[170865.527,558495.757],[170864.62,558494.4],[170837.324,558512.684],[170817.579,558525.909],[170804.92,558504.99],[170819.356,558493.86],[170834.485,558482.196],[170851.724,558470.642],[170852.028,558469.641],[170851.637,558467.508],[170843.509,558455.489],[170838.479,558448.051],[170839.96,558447.07],[170844.35,558444.09],[170851.71,558453.81],[170859.028,558464.759],[170863.38,558471.27],[170872.589,558484.149],[170874.791,558487.213],[170874.236,558487.605],[170874.41,558487.85],[170873.487,558488.504],[170876.332,558492.512],[170877.36,558491.782],[170883.472,558500.395],[170878.999,558503.738],[170883.961,558510.858],[170885.735,558516.503],[170886.629,558517.839],[170891.164,558521.891],[170896.159,558518.325],[170900.969,558525.064],[170901.474,558526.001],[170910.839,558543.372],[170913.238,558546.779],[170903.891,558553.076],[170899.933,558555.742],[170901.31,558561.636],[170899.545,558563.029],[170902.33,558567.754],[170899.844,558571.185],[170901.211,558573.921],[170897.954,558577.402],[170898.146,558580.156],[170894.689,558582.3],[170892.791,558583.607]]]}},{"type":"Feature","properties":{"relatieveHoogteligging":0,"lokaalID":"G1900.36f58e33ac0c4af3bc3ce0a63a9dc3b8","bgt_status":"bestaand","bgt_type":"niet-bgt","plus_type":"functioneel beheer","naam":"IJ04","objecttype":"FunctioneelGebied"},"geometry":{"type":"Polygon","coordinates":[[[170778.386,558827.766],[170779.783,558826.412],[170810.181,558796.836],[170810.302,558796.719],[170812.522,558800.942],[170813.779,558803.334],[170806.278,558810.828],[170801.821,558815.104],[170789.726,558826.706],[170786.754,558829.834],[170783.963,558832.771],[170778.386,558827.766]]]}},{"type":"Feature","properties":{"relatieveHoogteligging":0,"lokaalID":"G1900.3c118179b2c442289a7a605daa43fe1c","bgt_status":"bestaand","bgt_type":"niet-bgt","plus_type":"functioneel beheer","naam":"IJ06","objecttype":"FunctioneelGebied"},"geometry":{"type":"Polygon","coordinates":[[[170526.622,558626.224],[170528.275,558624.365],[170529.446,558621.73],[170529.372,558621.077],[170529.287,558620.322],[170535.098,558617.157],[170536.941,558620.541],[170537.853,558622.216],[170536.228,558623.1],[170536.376,558623.373],[170537.659,558622.674],[170539.146,558625.406],[170540.103,558624.884],[170541.402,558627.268],[170542.006,558628.027],[170542.867,558628.458],[170543.834,558628.603],[170544.777,558628.306],[170545.821,558627.737],[170548.378,558626.345],[170560.27,558648.33],[170573.47,558641.27],[170578.305,558638.691],[170560.814,558605.906],[170575.177,558597.862],[170595.435,558635.788],[170591.135,558638.071],[170585.34,558641.231],[170578.002,558645.325],[170576.196,558646.332],[170576.007,558645.98],[170557.951,558655.556],[170557.418,558655.839],[170556.615,558655.954],[170554.704,558654.06],[170553.51,558652.85],[170552.057,558651.436],[170550.783,558650.173],[170546.979,558646.402],[170532.021,558631.55],[170526.622,558626.224]]]}},{"type":"Feature","properties":{"relatieveHoogteligging":0,"lokaalID":"G1900.4480466266e4499d8087d34d23cd9ff5","bgt_status":"bestaand","bgt_type":"niet-bgt","plus_type":"functioneel beheer","naam":"IJ08","objecttype":"FunctioneelGebied"},"geometry":{"type":"Polygon","coordinates":[[[170660.302,558758.445],[170648.803,558747.035],[170647.59,558748.2],[170647.601,558750.073],[170644.501,558747.019],[170637.73,558740.346],[170643.471,558735.98],[170642.84,558735.15],[170641.444,558733.315],[170677.542,558713.969],[170713.897,558695.442],[170725.005,558689.781],[170749.277,558734.942],[170751.025,558738.194],[170718.76,558755.34],[170713.588,558758.114],[170709.897,558760.094],[170708.71,558760.73],[170698.248,558766.538],[170690.701,558758.474],[170691.416,558757.71],[170686.561,558748.33],[170685.409,558746.62],[170684.78,558745.687],[170676.949,558749.89],[170675.855,558748.187],[170689.779,558740.762],[170701.88,558734.31],[170690.692,558713.341],[170690.59,558713.15],[170663.064,558727.834],[170669.644,558740.168],[170674.35,558748.99],[170674.839,558749.851],[170660.302,558758.445]]]}},{"type":"Feature","properties":{"relatieveHoogteligging":0,"lokaalID":"G1900.853f135fd0cc43d19feea25b87bcea24","bgt_status":"bestaand","bgt_type":"niet-bgt","plus_type":"functioneel beheer","naam":"IJ03","objecttype":"FunctioneelGebied"},"geometry":{"type":"Polygon","coordinates":[[[170650.937,558819.62],[170654.46,558815.33],[170662.17,558805.97],[170663.005,558796.236],[170661.964,558795.377],[170663.28,558793.78],[170645.553,558779.17],[170643.72,558777.66],[170636.552,558771.536],[170641.458,558765.687],[170642.792,558764.097],[170644.41,558765.66],[170649.609,558770.545],[170654.831,558775.282],[170654.917,558775.436],[170655.016,558775.581],[170655.127,558775.718],[170655.25,558775.844],[170658.279,558778.689],[170658.41,558778.797],[170658.55,558778.894],[170658.698,558778.979],[170658.852,558779.05],[170666.448,558786.152],[170669.209,558788.733],[170669.948,558789.856],[170670.683,558790.939],[170671.503,558792.779],[170672.525,558795.044],[170672.68,558796.568],[170672.746,558797.376],[170673.128,558803.043],[170672.404,558804.027],[170671.913,558804.638],[170667.668,558809.888],[170665.162,558813.218],[170664.163,558812.373],[170663.931,558812.649],[170660.526,558816.709],[170657.789,558820.019],[170655.199,558823.152],[170650.937,558819.62]]]}},{"type":"Feature","properties":{"relatieveHoogteligging":0,"lokaalID":"G1900.c56278fa84604f1fbf645fb7f9921955","bgt_status":"bestaand","bgt_type":"niet-bgt","plus_type":"functioneel beheer","naam":"IJ05","objecttype":"FunctioneelGebied"},"geometry":{"type":"Polygon","coordinates":[[[170838.81,558809.719],[170830.807,558792.401],[170828.862,558789.418],[170826.575,558787.553],[170823.716,558786.36],[170821.452,558786.001],[170828.828,558778.909],[170863.896,558761.76],[170863.797,558767.695],[170865.199,558768.626],[170866.258,558768.019],[170867.874,558770.836],[170847.471,558780.77],[170846.178,558778.113],[170833.998,558784.043],[170845.102,558806.851],[170838.81,558809.719]]]}},{"type":"Feature","properties":{"relatieveHoogteligging":1,"lokaalID":"W0653.02ddc09890ca4f40b17129f9921b65ed","bgt_status":"bestaand","bgt_type":"kering","naam":"Regionale en lokale keringen","objecttype":"FunctioneelGebied"},"geometry":{"type":"Polygon","coordinates":[[[171768.689,559203.405],[171759.21,559213.263],[171745.155,559225.419],[171745.084,559225.484],[171728.672,559241.132],[171715.056,559253.992],[171708.516,559258.351],[171702.731,559260.521],[171697.271,559261.886],[171689.361,559259.479],[171675.612,559249.074],[171658.987,559233.205],[171652.321,559225.058],[171648.728,559218.23],[171647.258,559211.249],[171647.129,559210.849],[171645.602,559207.413],[171645.384,559207.04],[171645.092,559206.721],[171644.738,559206.473],[171644.338,559206.307],[171637.849,559204.398],[171632.056,559202.694],[171629.474,559198.821],[171626.857,559193.588],[171626.817,559193.512],[171624.908,559190.076],[171624.719,559189.795],[171624.485,559189.549],[171624.212,559189.347],[171616.407,559184.515],[171604.941,559172.679],[171598.978,559161.498],[171595.554,559154.65],[171595.48,559154.516],[171590.899,559146.881],[171590.664,559146.565],[171586.847,559142.365],[171586.476,559142.047],[171582.18,559139.183],[171578.95,559134.876],[171578.898,559134.809],[171575.462,559130.61],[171575.115,559130.277],[171567.626,559124.66],[171558.587,559114.868],[171558.304,559114.615],[171551.489,559109.593],[171548.362,559102.297],[171546.875,559093.373],[171546.825,559093.153],[171544.536,559085.143],[171542.63,559078.279],[171542.489,559077.915],[171542.281,559077.586],[171540.171,559074.873],[171541.059,559070.432],[171543.046,559067.451],[171545.986,559068.431],[171555.344,559073.83],[171559.287,559079.565],[171559.442,559079.763],[171575.066,559097.292],[171588.782,559114.056],[171589.064,559114.338],[171589.396,559114.558],[171589.765,559114.708],[171596.255,559116.617],[171596.664,559116.692],[171597.079,559116.681],[171597.484,559116.584],[171597.859,559116.406],[171598.19,559116.154],[171604.68,559110.047],[171604.861,559109.851],[171614.786,559097.635],[171614.864,559097.534],[171630.894,559075.015],[171636.97,559066.577],[171641.382,559067.68],[171666.627,559086.143],[171689.097,559103.28],[171710.439,559121.193],[171710.454,559121.205],[171747.097,559151.359],[171769.918,559170.377],[171785.29,559186.098],[171768.689,559203.405]]]}},{"type":"Feature","properties":{"relatieveHoogteligging":1,"lokaalID":"W0653.0efdd31a774140f28d8e87b950d256c8","bgt_status":"bestaand","bgt_type":"kering","naam":"Regionale en lokale keringen","objecttype":"FunctioneelGebied"},"geometry":{"type":"Polygon","coordinates":[[[171582.206,557976.115],[171542.298,557965.694],[171541.93,557965.558],[171541.596,557965.353],[171541.308,557965.087],[171541.078,557964.769],[171540.914,557964.413],[171540.822,557964.032],[171540.807,557963.64],[171540.868,557963.253],[171541.004,557962.885],[171541.209,557962.551],[171541.475,557962.263],[171541.792,557962.033],[171542.148,557961.869],[171542.53,557961.777],[171542.922,557961.762],[171543.309,557961.823],[171583.466,557972.31],[171583.942,557972.502],[171594.102,557978.217],[171594.425,557978.444],[171594.697,557978.729],[171594.908,557979.062],[171595.05,557979.43],[171595.116,557979.819],[171595.105,557980.213],[171593.062,557996.247],[171593.929,558022.28],[171593.886,558022.764],[171592.616,558028.717],[171592.555,558028.94],[171582.628,558058.353],[171583.377,558058.523],[171587.996,558056.798],[171594.32,558043.012],[171598.147,558028.837],[171600.331,558014.767],[171600.562,558007.302],[171599.239,557998.35],[171599.218,557997.989],[171599.264,557997.629],[171599.373,557997.284],[171603.739,557986.886],[171603.966,557986.482],[171604.28,557986.142],[171613.805,557977.967],[171614.101,557977.756],[171614.431,557977.602],[171630.306,557971.887],[171630.679,557971.792],[171648.777,557969.014],[171648.882,557969.001],[171668.725,557967.017],[171668.951,557967.007],[171699.272,557967.404],[171699.473,557967.416],[171734.874,557971.465],[171734.944,557971.474],[171769.865,557976.712],[171804.072,557981.712],[171804.162,557981.727],[171859.141,557992.358],[171915.945,558001.641],[171915.981,558001.647],[171976.147,558012.6],[171976.227,558012.617],[171998.817,558017.689],[172023.247,558022.336],[172084.057,558029.648],[172084.185,558029.668],[172128.079,558037.843],[172128.108,558037.849],[172159.123,558044.099],[172172.834,558045.439],[172173.227,558045.518],[172190.53,558050.836],[172190.729,558050.908],[172199.46,558054.639],[172199.811,558054.833],[172200.117,558055.093],[172200.364,558055.409],[172200.544,558055.767],[172202.687,558061.403],[172202.728,558061.522],[172204.368,558066.817],[172207.774,558071.265],[172212.913,558073.977],[172222.522,558076.668],[172280.753,558086.175],[172280.964,558086.221],[172289.187,558088.499],[172296.338,558030.393],[172248.277,558021.298],[172077.681,557993.498],[172043.4,557988.208],[172043.072,557988.128],[172020.374,557980.562],[171941.808,557968.524],[171866.945,557957.527],[171809.432,557952.664],[171809.285,557952.646],[171732.478,557940.374],[171687.264,557934.458],[171656.559,557932.16],[171624.135,557941.364],[171614.018,557944.737],[171613.579,557944.83],[171598.339,557946.312],[171597.791,557946.289],[171563.723,557940.158],[171563.662,557940.146],[171547.154,557936.639],[171546.78,557936.52],[171546.437,557936.331],[171546.137,557936.078],[171545.892,557935.772],[171545.712,557935.424],[171545.603,557935.047],[171545.57,557934.657],[171545.613,557934.267],[171545.732,557933.893],[171545.921,557933.55],[171546.174,557933.25],[171546.48,557933.005],[171546.828,557932.825],[171547.205,557932.716],[171547.595,557932.683],[171547.985,557932.726],[171564.462,557936.227],[171598.227,557942.304],[171612.967,557940.87],[171622.913,557937.555],[171622.999,557937.529],[171655.808,557928.215],[171656.152,557928.15],[171656.503,557928.145],[171687.618,557930.473],[171687.729,557930.485],[171733.025,557936.411],[171733.081,557936.419],[171809.843,557948.684],[171867.343,557953.547],[171867.465,557953.561],[171942.395,557964.567],[171942.407,557964.569],[172021.148,557976.634],[172021.477,557976.714],[172044.177,557984.28],[172078.3,557989.546],[172078.317,557989.549],[172248.946,558017.354],[172248.996,558017.363],[172298.924,558026.811],[172299.285,558026.915],[172299.62,558027.085],[172299.918,558027.315],[172300.167,558027.597],[172300.359,558027.92],[172300.488,558028.273],[172300.548,558028.645],[172300.537,558029.021],[172292.874,558091.289],[172292.792,558091.662],[172292.64,558092.012],[172292.425,558092.326],[172292.154,558092.594],[172291.837,558092.806],[172291.485,558092.954],[172291.112,558093.032],[172290.731,558093.039],[172290.355,558092.973],[172280.001,558090.105],[172221.767,558080.598],[172221.551,558080.55],[172211.629,558077.772],[172211.234,558077.615],[172205.519,558074.598],[172205.162,558074.357],[172204.865,558074.045],[172200.975,558068.965],[172200.787,558068.668],[172200.653,558068.341],[172198.926,558062.766],[172197.107,558057.983],[172189.254,558054.628],[172172.244,558049.4],[172158.633,558048.071],[172158.433,558048.041],[172127.332,558041.773],[172083.516,558033.612],[172022.702,558026.299],[172022.567,558026.278],[171998.037,558021.613],[171997.972,558021.599],[171975.39,558016.528],[171915.282,558005.585],[171858.467,557996.301],[171858.41,557996.291],[171803.448,557985.663],[171769.283,557980.67],[171769.275,557980.668],[171734.385,557975.435],[171699.119,557971.402],[171669.011,557971.008],[171649.332,557972.976],[171631.478,557975.717],[171616.131,557981.241],[171607.244,557988.87],[171603.277,557998.318],[171604.545,558006.894],[171604.566,558007.248],[171604.325,558015.014],[171604.302,558015.259],[171602.082,558029.559],[171602.037,558029.774],[171598.138,558044.216],[171598.025,558044.528],[171591.288,558059.217],[171591.091,558059.555],[171590.832,558059.848],[171590.521,558060.085],[171590.169,558060.257],[171584.216,558062.479],[171583.843,558062.579],[171583.457,558062.605],[171583.073,558062.556],[171579.581,558061.762],[171579.228,558061.647],[171578.903,558061.468],[171578.616,558061.232],[171578.378,558060.948],[171578.196,558060.624],[171578.078,558060.272],[171578.026,558059.904],[171578.044,558059.534],[171578.129,558059.172],[171588.729,558027.77],[171589.923,558022.169],[171589.058,557996.22],[171589.073,557995.9],[171590.967,557981.043],[171582.206,557976.115]]]}},{"type":"Feature","properties":{"relatieveHoogteligging":1,"lokaalID":"W0653.232f9b7b309e44fb90497cb1d816a02d","bgt_status":"bestaand","bgt_type":"kering","naam":"Regionale en lokale keringen","objecttype":"FunctioneelGebied"},"geometry":{"type":"Polygon","coordinates":[[[171789.607,559184.814],[171789.713,559184.939],[171789.729,559184.967],[171789.749,559184.992],[171789.825,559185.138],[171789.905,559185.281],[171789.915,559185.311],[171789.93,559185.34],[171789.976,559185.497],[171790.027,559185.654],[171790.031,559185.685],[171790.04,559185.716],[171790.054,559185.88],[171790.073,559186.043],[171790.071,559186.075],[171790.074,559186.107],[171790.056,559186.27],[171790.043,559186.434],[171790.034,559186.465],[171790.031,559186.497],[171789.982,559186.653],[171789.937,559186.811],[171789.923,559186.84],[171789.913,559186.871],[171789.834,559187.014],[171789.76,559187.161],[171789.74,559187.186],[171789.724,559187.214],[171789.619,559187.34],[171789.517,559187.469],[171771.575,559206.174],[171771.573,559206.176],[171762.03,559216.102],[171761.896,559216.228],[171747.809,559228.412],[171731.429,559244.03],[171731.422,559244.037],[171717.679,559257.016],[171717.415,559257.226],[171710.544,559261.807],[171710.137,559262.016],[171704.029,559264.306],[171703.811,559264.374],[171697.703,559265.901],[171697.348,559265.956],[171696.988,559265.947],[171696.636,559265.874],[171687.856,559263.202],[171687.53,559263.07],[171687.231,559262.883],[171673.107,559252.194],[171672.933,559252.046],[171656.136,559236.013],[171655.969,559235.833],[171649.098,559227.434],[171648.876,559227.099],[171645.058,559219.846],[171644.871,559219.327],[171643.387,559212.28],[171642.322,559209.883],[171636.72,559208.236],[171630.23,559206.327],[171629.906,559206.2],[171629.609,559206.019],[171629.348,559205.789],[171629.13,559205.518],[171626.077,559200.937],[171625.952,559200.722],[171623.299,559195.416],[171621.664,559192.474],[171614.09,559187.785],[171613.707,559187.476],[171601.872,559175.26],[171601.544,559174.81],[171595.436,559163.357],[171595.412,559163.311],[171592.011,559156.508],[171587.571,559149.109],[171584.053,559145.238],[171579.677,559142.321],[171579.411,559142.11],[171579.186,559141.857],[171575.775,559137.31],[171572.52,559133.331],[171565.08,559127.75],[171564.81,559127.507],[171555.778,559117.722],[171548.678,559112.491],[171548.413,559112.257],[171548.194,559111.98],[171548.026,559111.668],[171544.591,559103.652],[171544.456,559103.193],[171542.948,559094.142],[171540.688,559086.235],[171540.684,559086.221],[171538.881,559079.73],[171536.452,559076.606],[171536.226,559076.242],[171536.084,559075.838],[171536.031,559075.413],[171536.069,559074.986],[171537.214,559069.26],[171537.328,559068.887],[171537.512,559068.543],[171540.565,559063.962],[171540.8,559063.673],[171541.084,559063.432],[171541.407,559063.248],[171541.759,559063.127],[171542.128,559063.074],[171542.499,559063.089],[171542.862,559063.174],[171547.443,559064.701],[171547.81,559064.866],[171557.735,559070.592],[171558.093,559070.855],[171558.384,559071.191],[171562.512,559077.195],[171578.08,559094.662],[171578.135,559094.726],[171591.486,559111.045],[171596.284,559112.456],[171601.841,559107.225],[171611.642,559095.162],[171627.638,559072.691],[171627.644,559072.683],[171634.516,559063.139],[171634.778,559062.842],[171635.095,559062.602],[171635.452,559062.429],[171635.836,559062.331],[171636.232,559062.31],[171636.624,559062.367],[171642.732,559063.894],[171643.096,559064.023],[171643.428,559064.22],[171669.005,559082.926],[171669.037,559082.95],[171691.56,559100.128],[171691.633,559100.187],[171713.003,559118.122],[171749.643,559148.274],[171749.653,559148.282],[171772.558,559167.37],[171772.707,559167.508],[171789.504,559184.686],[171789.607,559184.814]]]}},{"type":"Feature","properties":{"relatieveHoogteligging":1,"lokaalID":"W0653.25c49a9dcd164193b1a7c999b9fb41ab","bgt_status":"bestaand","bgt_type":"kering","naam":"Regionale en lokale keringen","objecttype":"FunctioneelGebied"},"geometry":{"type":"Polygon","coordinates":[[[170756.58,558308.694],[170752.712,558309.089],[170740.748,558308.752],[170739.581,558306.599],[170742.183,558305.799],[170756.58,558308.694]]]}},{"type":"Feature","properties":{"relatieveHoogteligging":1,"lokaalID":"W0653.325deacb01db4ece877d512bf6c0a68c","bgt_status":"bestaand","bgt_type":"kering","naam":"Regionale en lokale keringen","objecttype":"FunctioneelGebied"},"geometry":{"type":"Polygon","coordinates":[[[170508.151,558122.057],[170505.851,558140.202],[170501.252,558183.648],[170501.054,558184.609],[170500.672,558185.513],[170500.12,558186.324],[170499.421,558187.013],[170498.601,558187.551],[170497.691,558187.919],[170496.727,558188.102],[170495.746,558188.094],[170476.537,558186.03],[170476.414,558186.015],[170447.68,558182.205],[170446.543,558181.915],[170436.224,558177.946],[170436.049,558177.875],[170424.937,558173.113],[170423.776,558172.416],[170419.785,558169.212],[170405.836,558166.41],[170405.558,558166.346],[170399.805,558164.844],[170399.737,558164.826],[170394.054,558163.256],[170393.705,558163.145],[170381.17,558158.673],[170377.996,558157.62],[170375.832,558157.095],[170375.626,558157.04],[170372.169,558156.043],[170371.294,558155.698],[170365.624,558152.824],[170365.398,558152.702],[170360.825,558150.079],[170360.584,558149.932],[170355.332,558146.512],[170355.249,558146.457],[170349.419,558142.493],[170344.304,558139.256],[170343.905,558138.975],[170340.465,558136.296],[170339.986,558135.87],[170337.064,558132.922],[170336.953,558132.806],[170331.894,558127.363],[170331.737,558127.185],[170327.904,558122.648],[170327.571,558122.206],[170326.76,558120.995],[170326.512,558120.585],[170324.929,558117.65],[170324.826,558117.448],[170323.124,558113.921],[170321.491,558110.873],[170321.47,558110.833],[170319.651,558107.364],[170318.584,558105.696],[170316.991,558103.336],[170315.276,558100.906],[170313.059,558098.488],[170307.237,558092.476],[170305.313,558090.722],[170300.929,558087.412],[170296.728,558084.235],[170293.563,558082.141],[170288.799,558079.242],[170285.48,558077.295],[170282.65,558075.908],[170270.724,558070.114],[170259.778,558065.131],[170256.43,558063.67],[170255.738,558063.301],[170254.499,558062.508],[170253.887,558062.048],[170252.81,558061.099],[170252.446,558060.745],[170248.929,558056.947],[170247.045,558055.024],[170246.142,558054.326],[170242.967,558052.395],[170233.479,558046.822],[170233.239,558046.672],[170224.293,558040.71],[170216.504,558035.817],[170212.411,558033.512],[170209.818,558032.455],[170206.825,558031.317],[170203.295,558030.312],[170192.192,558028.454],[170192.152,558028.447],[170185.716,558027.317],[170175.875,558025.616],[170170.446,558024.885],[170170.324,558024.866],[170155.691,558022.522],[170148.806,558021.529],[170136.232,558019.721],[170127.734,558018.641],[170127.52,558018.609],[170121.762,558017.622],[170121.692,558017.61],[170115.832,558016.519],[170115.731,558016.499],[170105.128,558014.298],[170089.557,558011.186],[170089.473,558011.169],[170076.409,558008.325],[170069.034,558006.79],[170062.216,558005.575],[170058.518,558005.021],[170053.106,558004.601],[170045.319,558004.11],[170045.26,558004.106],[170035.147,558003.349],[170023.957,558002.547],[170018.144,558002.179],[170017.978,558002.165],[170010.843,558001.473],[170010.751,558001.463],[170004.887,558000.784],[170004.527,558000.729],[170001.855,558000.221],[170001.825,558000.215],[169997.028,557999.272],[169996.922,557999.25],[169984.419,557996.51],[169984.369,557996.499],[169978.58,557995.169],[169978.572,557995.167],[169973.914,557994.088],[169973.588,557994.001],[169968.557,557992.472],[169968.311,557992.391],[169962.683,557990.356],[169962.473,557990.275],[169960.133,557989.308],[169959.959,557989.232],[169956.816,557987.792],[169956.377,557987.564],[169952.965,557985.572],[169952.579,557985.322],[169949.409,557983.057],[169949.157,557982.864],[169945.446,557979.839],[169944.927,557979.35],[169943.331,557977.616],[169942.763,557976.87],[169942.345,557976.03],[169941.469,557973.76],[169941.335,557973.364],[169941.019,557972.283],[169940.818,557970.94],[169940.799,557969.429],[169940.812,557969.282],[169940.804,557969.135],[169940.87,557967.711],[169941.042,557966.625],[169941.524,557964.862],[169941.798,557964.104],[169942.191,557963.4],[169943.97,557960.741],[169944.281,557960.324],[169949.149,557954.469],[169949.353,557954.239],[169953.122,557950.234],[169954.519,557948.029],[169956.967,557942.879],[169963.31,557928.849],[169967.435,557918.873],[169967.501,557918.721],[169971.619,557909.625],[169973.702,557904.668],[169974.87,557901.16],[169976.26,557895.963],[169976.332,557895.72],[169979.667,557885.386],[169979.954,557884.683],[169980.344,557884.033],[169981.599,557882.26],[169981.679,557882.15],[169982.445,557881.128],[169983.348,557880.202],[169985.494,557878.508],[169985.962,557878.18],[169991.422,557874.804],[169991.544,557874.731],[169998.295,557870.815],[170001.75,557868.293],[170003.893,557865.926],[170005.257,557863.949],[170005.855,557861.828],[170006.27,557858.47],[170006.12,557856.707],[170005.633,557855.269],[170004.449,557853.669],[170000.801,557850.137],[170000.462,557849.774],[169994.221,557842.396],[169993.993,557842.105],[169992.335,557839.822],[169991.825,557838.945],[169990.482,557835.978],[169990.224,557835.268],[169989.131,557831.377],[169989.005,557830.796],[169988.426,557827.082],[169988.366,557826.259],[169988.413,557821.728],[169988.462,557821.085],[169989.563,557813.232],[169989.574,557813.159],[169991.193,557802.738],[169991.296,557802.243],[169992.98,557795.793],[169995.103,557785.535],[169995.936,557780.474],[169996.182,557777.694],[169996.002,557775.227],[169995.013,557770.003],[169994.973,557769.753],[169994.143,557763.701],[169994.11,557763.393],[169993.809,557759.338],[169993.821,557758.468],[169994.51,557751.608],[169994.574,557751.17],[169996.172,557742.808],[169996.19,557742.716],[169997.634,557735.867],[169999.405,557727.406],[170000.632,557718.539],[170001.603,557709.268],[170002.264,557698.059],[170002.277,557697.886],[170003.204,557688.01],[170004.196,557677.317],[170004.682,557663.253],[170004.713,557662.847],[170006.07,557651.188],[170006.086,557651.066],[170009.051,557630.085],[170009.056,557630.051],[170013.034,557603.245],[170014.38,557591.932],[170014.403,557591.764],[170015.066,557587.445],[170015.269,557586.609],[170016.19,557583.872],[170016.443,557583.258],[170018.862,557578.345],[170020.737,557574.197],[170021.659,557571.2],[170022.464,557565.15],[170022.547,557562.252],[170021.891,557559.288],[170019.914,557553.603],[170019.45,557552.53],[170019.163,557551.65],[170019.043,557550.733],[170018.99,557549.29],[170019.018,557548.542],[170019.32,557545.867],[170019.454,557545.155],[170023.315,557530.5],[170023.325,557530.463],[170029.216,557508.791],[170029.222,557508.766],[170033.325,557493.976],[170033.353,557493.879],[170034.705,557489.361],[170034.845,557488.956],[170038.076,557480.783],[170043.211,557467.223],[170047.218,557456.403],[170051.096,557445.36],[170051.103,557445.339],[170055.461,557433.103],[170059.088,557421.72],[170059.951,557418.839],[170060.713,557416.238],[170061.288,557414.097],[170063.291,557403.06],[170063.31,557402.96],[170066.616,557386.634],[170067.924,557378.047],[170067.957,557377.854],[170069.264,557371.07],[170069.515,557370.2],[170070.715,557367.122],[170070.925,557366.655],[170072.117,557364.333],[170072.54,557363.65],[170073.067,557363.043],[170075.286,557360.869],[170075.884,557360.369],[170076.552,557359.968],[170079.382,557358.555],[170080.144,557358.25],[170080.945,557358.074],[170084.246,557357.627],[170085.367,557357.603],[170088.797,557357.913],[170089.412,557358.008],[170094.589,557359.137],[170096.446,557359.202],[170097.7,557358.99],[170099.31,557358.025],[170100.118,557357.146],[170100.584,557356.061],[170100.88,557354.093],[170100.882,557353.874],[170100.641,557353.426],[170098.57,557350.887],[170098.338,557350.58],[170096.512,557347.952],[170096.094,557347.229],[170095.086,557345.09],[170094.697,557343.888],[170094.241,557341.48],[170094.155,557340.63],[170094.095,557336.829],[170094.179,557335.831],[170095.739,557327.493],[170095.818,557327.14],[170105.543,557290.161],[170105.547,557290.146],[170117.052,557246.935],[170117.063,557246.896],[170120.774,557233.407],[170120.793,557233.341],[170125.637,557216.636],[170125.677,557216.504],[170135.756,557185.021],[170135.765,557184.994],[170145.476,557155.245],[170147.762,557148.032],[170151.165,557134.153],[170151.209,557133.984],[170152.35,557129.945],[170152.444,557129.648],[170153.789,557125.817],[170154.03,557125.244],[170155.153,557122.99],[170155.491,557122.41],[170160.189,557115.487],[170170.862,557096.618],[170171.242,557096.043],[170178.587,557086.437],[170182.142,557081.061],[170185.297,557075.903],[170185.7,557074.896],[170185.839,557072.99],[170185.103,557068.783],[170185.035,557068.185],[170184.891,557065.471],[170184.955,557064.372],[170185.321,557062.213],[170185.401,557061.83],[170187.586,557053.132],[170187.592,557053.109],[170189.381,557046.124],[170189.578,557045.518],[170194.973,557031.944],[170195.108,557031.634],[170198.795,557023.92],[170200.192,557020.444],[170200.552,557018.719],[170200.472,557016.959],[170199.851,557015.11],[170198.963,557013.811],[170195.516,557010.097],[170195.358,557009.919],[170192.204,557006.178],[170191.561,557005.203],[170190.518,557003.133],[170190.071,557001.813],[170189.648,556999.577],[170189.567,556998.398],[170189.697,556995.79],[170189.844,556994.811],[170190.704,556991.421],[170190.734,556991.306],[170192.665,556984.383],[170194.391,556976.312],[170194.424,556976.17],[170195.685,556971.013],[170195.98,556969.692],[170195.988,556969.657],[170196.166,556968.885],[170199.118,556953.721],[170200.278,556947.311],[170200.293,556947.231],[170202.178,556937.705],[170202.228,556937.478],[170204.594,556927.889],[170204.627,556927.763],[170210.721,556905.574],[170211.607,556902.18],[170211.613,556902.159],[170213.578,556894.763],[170213.641,556894.549],[170221.107,556870.79],[170222.214,556865.887],[170222.236,556865.794],[170225.57,556852.233],[170225.584,556852.179],[170226.205,556849.769],[170228.132,556840.953],[170228.15,556840.873],[170231.988,556824.592],[170233.099,556819.681],[170233.118,556819.6],[170235.665,556809.155],[170235.674,556809.116],[170238.647,556797.336],[170238.664,556797.271],[170240.307,556791.108],[170240.334,556791.012],[170242.542,556783.344],[170242.591,556783.185],[170245.145,556775.315],[170245.182,556775.206],[170248.367,556766.106],[170248.435,556765.922],[170252.791,556754.887],[170258.214,556740.361],[170258.303,556740.139],[170261.118,556733.576],[170261.157,556733.486],[170268.854,556716.468],[170268.885,556716.4],[170273.429,556706.742],[170281.302,556689.087],[170283.588,556683.738],[170286.849,556675.624],[170287.015,556675.071],[170287.087,556674.895],[170287.138,556674.712],[170292.585,556660.546],[170299.763,556640.332],[170305.253,556623.888],[170309.639,556609.319],[170313.479,556596.389],[170313.504,556596.309],[170320.596,556573.82],[170323.005,556565.841],[170323.038,556565.738],[170330.77,556541.99],[170330.83,556541.816],[170335.616,556528.769],[170335.661,556528.652],[170338.807,556520.701],[170338.856,556520.581],[170339.854,556518.238],[170340.042,556517.896],[170340.215,556517.547],[170340.599,556516.933],[170341.083,556516.283],[170341.665,556515.72],[170342.202,556515.279],[170343.232,556514.626],[170343.905,556514.307],[170344.725,556514.002],[170345.585,556513.846],[170346.084,556513.799],[170346.948,556513.794],[170347.801,556513.938],[170357.406,556516.429],[170378.549,556521.435],[170397.851,556525.67],[170431.91,556532.466],[170445.581,556535.074],[170479.492,556541.331],[170479.604,556541.353],[170522.681,556550.325],[170600.831,556566.433],[170619.83,556569.986],[170621.808,556570.349],[170621.938,556570.374],[170623.309,556570.663],[170623.317,556570.665],[170634.52,556573.048],[170634.645,556573.076],[170638.196,556573.927],[170655.656,556577.773],[170655.844,556577.819],[170666.032,556580.479],[170671.386,556581.364],[170677.104,556581.891],[170677.948,556581.828],[170678.473,556581.618],[170679.252,556581.083],[170679.715,556580.617],[170680.555,556579.286],[170682.182,556575.865],[170682.54,556575.235],[170683.656,556573.564],[170684.023,556573.081],[170684.579,556572.435],[170685.322,556571.731],[170687.26,556570.241],[170688.075,556569.731],[170690.905,556568.318],[170691.557,556568.048],[170697.552,556566.051],[170697.619,556566.029],[170703.268,556564.234],[170703.62,556564.136],[170708.852,556562.886],[170709.769,556562.755],[170715.54,556562.472],[170715.98,556562.47],[170723.188,556562.751],[170723.459,556562.769],[170732.988,556563.661],[170733.215,556563.687],[170744.015,556565.199],[170761.6,556567.369],[170761.877,556567.411],[170775.585,556569.889],[170775.805,556569.934],[170789.712,556573.1],[170789.845,556573.133],[170801.51,556576.127],[170811.19,556578.414],[170811.505,556578.5],[170822.868,556581.983],[170822.923,556582],[170835.379,556585.975],[170835.715,556586.096],[170849.118,556591.455],[170849.303,556591.533],[170856.878,556594.919],[170857.266,556595.113],[170860.896,556597.131],[170861.02,556597.216],[170861.153,556597.284],[170864.223,556599.239],[170864.663,556599.553],[170867.182,556601.571],[170867.467,556601.817],[170869.031,556603.275],[170869.609,556603.916],[170870.761,556605.439],[170871.294,556606.321],[170871.636,556607.293],[170871.965,556608.67],[170872.102,556609.848],[170872.053,556624.528],[170872.254,556631.849],[170872.468,556632.515],[170873.522,556634.328],[170875.53,556636.232],[170878.931,556638.457],[170884.016,556640.588],[170899.448,556644.283],[170937.616,556652.359],[170982.015,556661.748],[170982.02,556661.749],[171068.797,556680.198],[171069.161,556680.29],[171073.543,556681.572],[171074.674,556682.061],[171076.278,556683.005],[171077.315,556683.816],[171078.266,556684.787],[171078.883,556685.556],[171079.356,556686.281],[171079.637,556686.771],[171084.179,556695.831],[171084.251,556695.981],[171086.197,556700.206],[171086.219,556700.27],[171086.251,556700.329],[171087.049,556702.192],[171087.77,556703.579],[171087.901,556703.85],[171101.254,556733.791],[171101.29,556733.873],[171104.775,556742.081],[171104.908,556742.431],[171107.173,556749.115],[171107.21,556749.227],[171108.805,556754.325],[171108.899,556754.668],[171110.477,556761.345],[171110.499,556761.444],[171113.119,556773.626],[171113.121,556773.636],[171115.216,556783.477],[171115.236,556783.572],[171118.949,556802.838],[171118.968,556802.942],[171121.904,556820.126],[171124.302,556832.658],[171125.472,556837.001],[171126.293,556839.103],[171127.147,556840.665],[171127.476,556841.056],[171127.657,556841.192],[171128.024,556841.371],[171128.715,556841.512],[171130.813,556841.533],[171130.907,556841.535],[171132.727,556841.589],[171133.129,556841.617],[171134.158,556841.73],[171135.486,556842.066],[171136.443,556842.453],[171137.476,556843.022],[171138.158,556843.51],[171139.134,556844.429],[171142.863,556849.035],[171143.116,556849.376],[171147.832,556856.334],[171151.331,556861.357],[171151.764,556862.109],[171154.215,556867.388],[171154.435,556867.948],[171155.6,556871.531],[171155.651,556871.699],[171157.506,556878.174],[171157.544,556878.312],[171162.084,556896.072],[171165.429,556906.055],[171169.304,556915.238],[171175.023,556927.432],[171182.204,556942.14],[171184.193,556945.436],[171186.677,556949.394],[171189.911,556953.384],[171189.964,556953.452],[171196.165,556961.379],[171196.281,556961.533],[171203.422,556971.427],[171203.739,556971.925],[171207.615,556978.901],[171207.789,556979.245],[171209.165,556982.247],[171209.55,556983.495],[171210.262,556987.691],[171210.314,556988.1],[171210.804,556993.804],[171210.821,556994.353],[171210.639,557001.836],[171210.629,557002.067],[171210.105,557009.478],[171210.07,557009.813],[171208.185,557023.4],[171207.48,557029.534],[171204.322,557062.825],[171204.32,557062.844],[171203.13,557074.883],[171203.106,557075.084],[171202.55,557079.061],[171202.541,557079.119],[171201.62,557085.187],[171201.605,557085.276],[171200.471,557091.925],[171200.451,557092.039],[171198.752,557100.777],[171197.353,557108.535],[171195.855,557119.051],[171195.203,557124.486],[171194.185,557143.949],[171194.182,557144.007],[171194.06,557145.905],[171193.346,557158.971],[171193.153,557169.302],[171193.167,557171.194],[171193.167,557171.221],[171193.172,557174.002],[171193.148,557174.506],[171193.071,557175.278],[171192.927,557176.07],[171192.658,557176.829],[171192.359,557177.495],[171192.005,557178.149],[171191.559,557178.743],[171191.038,557179.338],[171190.166,557180.125],[171189.134,557180.687],[171184.584,557182.509],[171172.597,557187.839],[171172.524,557187.87],[171150.292,557197.339],[171151.132,557199.166],[171154.672,557197.959],[171154.728,557197.941],[171164.064,557194.879],[171164.073,557194.876],[171174.994,557191.317],[171175.206,557191.253],[171184.503,557188.671],[171185.03,557188.555],[171186.406,557188.329],[171187.325,557188.264],[171188.24,557188.369],[171189.121,557188.64],[171189.634,557188.852],[171190.819,557189.543],[171191.262,557189.891],[171191.979,557190.581],[171192.545,557191.398],[171192.938,557192.312],[171193.353,557193.62],[171193.58,557194.877],[171193.716,557197.557],[171193.707,557197.749],[171193.721,557197.941],[171193.71,557198.339],[171193.725,557198.763],[171193.727,557198.865],[171193.954,557215.031],[171193.954,557215.096],[171193.966,557227.182],[171193.955,557227.51],[171193.137,557240.136],[171193.113,557240.395],[171191.908,557250.683],[171191.891,557250.808],[171189.937,557264.48],[171189.925,557264.561],[171187.467,557279.955],[171186.992,557283.609],[171185.421,557296.148],[171185.382,557296.405],[171182.757,557311.107],[171182.743,557311.181],[171176.648,557342.568],[171176.607,557342.759],[171172.592,557359.845],[171169.211,557375.357],[171169.186,557375.468],[171165.095,557392.386],[171165.069,557392.491],[171162.639,557401.668],[171162.604,557401.791],[171159.543,557412.265],[171159.409,557412.659],[171157.446,557417.756],[171156.045,557421.553],[171155.87,557421.969],[171153.725,557426.48],[171151.082,557432.495],[171151.06,557432.545],[171148.772,557437.602],[171146.05,557444.142],[171143.939,557450.389],[171141.636,557458.174],[171140.061,557464.082],[171138.916,557470.297],[171138.358,557480.126],[171138.6,557487.795],[171139.197,557491.872],[171142.605,557501.859],[171149.412,557518.881],[171150.962,557522.334],[171152.825,557526.298],[171153.087,557526.983],[171155.078,557533.596],[171155.279,557534.696],[171155.458,557537.307],[171155.347,557538.747],[171154.915,557540.665],[171154.669,557541.45],[171154.298,557542.184],[171153.25,557543.889],[171152.762,557544.554],[171151.628,557545.858],[171151.14,557546.91],[171151.083,557547.132],[171154.999,557549.073],[171160.731,557549.307],[171161.711,557549.445],[171162.645,557549.773],[171163.496,557550.279],[171164.231,557550.943],[171164.82,557551.738],[171165.241,557552.634],[171165.477,557553.595],[171167.781,557569.722],[171167.795,557569.823],[171168.681,557577.077],[171168.643,557578.54],[171166.343,557591.763],[171165.921,557594.665],[171165.898,557594.757],[171165.89,557594.851],[171165.455,557597.218],[171165.322,557598.554],[171165.125,557599.532],[171164.738,557600.45],[171161.728,557605.981],[171161.186,557606.781],[171155.657,557613.453],[171155.056,557614.063],[171154.359,557614.562],[171148.9,557617.802],[171148.091,557618.188],[171147.227,557618.424],[171146.334,557618.502],[171136.284,557618.471],[171135.804,557618.447],[171123.412,557617.213],[171122.656,557617.079],[171121.93,557616.83],[171114.359,557613.57],[171108.988,557613.71],[171090.854,557615.085],[171084.122,557615.751],[171081.028,557616.608],[171080.663,557617.298],[171080.012,557618.084],[171079.216,557618.721],[171078.307,557619.184],[171077.323,557619.453],[171076.305,557619.516],[171072.464,557619.362],[171071.492,557619.226],[171070.564,557618.903],[171069.717,557618.404],[171068.984,557617.75],[171068.762,557617.454],[171065.002,557617.309],[171064.915,557617.305],[171057.4,557616.883],[171057.253,557616.873],[171046.881,557615.984],[171040.268,557615.752],[171036.337,557615.919],[171031.583,557616.912],[171027.824,557619.109],[171024.836,557621.801],[171023.167,557623.379],[171022.843,557623.752],[171022.677,557623.945],[171014.639,557635.868],[171007.58,557646.823],[171000.56,557658.318],[170994.675,557669.323],[170994.453,557669.697],[170991.433,557674.326],[170986.654,557682.279],[170981.875,557692.525],[170981.714,557692.84],[170979.047,557697.637],[170974.314,557707.846],[170970.547,557716.789],[170970.486,557716.926],[170968.238,557721.847],[170967.943,557722.398],[170963.682,557729.289],[170963.545,557729.499],[170959.501,557735.362],[170959.387,557735.522],[170955.556,557740.632],[170955.38,557740.854],[170952.309,557744.5],[170946.963,557752.701],[170946.95,557752.722],[170944.299,557756.746],[170944.267,557756.792],[170942.201,557759.853],[170940.267,557764.118],[170939.786,557764.952],[170937.068,557768.769],[170937.044,557768.803],[170933.172,557774.146],[170929.367,557779.627],[170929.313,557779.703],[170924.818,557785.926],[170916.275,557798.355],[170916.248,557798.394],[170912.188,557804.182],[170908.26,557810.243],[170908.153,557810.402],[170904.459,557815.651],[170904.347,557815.803],[170898.534,557823.434],[170898.412,557823.587],[170895.769,557826.787],[170895.659,557826.915],[170891.177,557831.984],[170891.045,557832.129],[170886.914,557836.446],[170886.799,557836.562],[170882.984,557840.299],[170882.948,557840.334],[170879.757,557843.398],[170878.552,557845.106],[170877.583,557847.071],[170873.647,557857.896],[170873.444,557858.376],[170863.865,557878.053],[170863.68,557878.398],[170855.942,557891.568],[170855.429,557892.475],[170855.069,557893.144],[170854.808,557893.578],[170852.227,557897.396],[170852.133,557897.53],[170848.274,557902.856],[170843.683,557909.589],[170840.099,557915.859],[170836.692,557922.098],[170836.544,557922.351],[170830.043,557932.756],[170825.162,557941.477],[170823.137,557945.294],[170819.072,557953.81],[170813.969,557965.36],[170808.777,557977.157],[170803.227,557990.155],[170803.166,557990.293],[170799.666,557997.852],[170787.34,558025.302],[170787.235,558025.522],[170782.841,558034.152],[170779.986,558040.051],[170779.94,558040.143],[170774.708,558050.407],[170771.179,558057.74],[170768.535,558064.765],[170766.582,558070.594],[170766.361,558072.42],[170766.258,558072.995],[170765.612,558075.666],[170765.407,558076.315],[170763.82,558080.367],[170763.628,558080.797],[170761.454,558085.101],[170761.122,558085.663],[170760.22,558086.986],[170759.147,558089.937],[170754.253,558106.74],[170753.496,558110.145],[170753.175,558111.11],[170752.667,558111.989],[170751.991,558112.748],[170751.911,558112.807],[170751.909,558112.817],[170752.014,558113.288],[170752.045,558114.213],[170751.905,558115.128],[170746.512,558136.771],[170746.374,558137.232],[170745.295,558140.277],[170745.016,558140.918],[170744.023,558142.821],[170743.878,558143.081],[170743.33,558143.995],[170742.601,558144.935],[170741.109,558146.447],[170741.014,558146.526],[170740.654,558146.889],[170740.459,558147.05],[170739.901,558147.45],[170738.199,558148.501],[170737.104,558149.006],[170734.727,558149.771],[170733.397,558150.008],[170731.37,558150.09],[170731.357,558150.09],[170728.506,558150.198],[170728.19,558150.2],[170725.924,558150.142],[170725.385,558150.099],[170721.725,558149.606],[170721.594,558149.586],[170716.684,558148.792],[170711.037,558147.94],[170705.773,558147.554],[170705.488,558147.524],[170698.391,558146.592],[170698.376,558146.59],[170691.45,558145.66],[170690.98,558145.574],[170685.819,558144.37],[170679.945,558143.199],[170675.428,558142.381],[170672.816,558141.98],[170665.851,558141.144],[170665.734,558141.128],[170656.725,558139.83],[170649.839,558139.15],[170649.824,558139.149],[170642.312,558138.384],[170642.213,558138.372],[170613.366,558134.847],[170599.811,558133.335],[170599.791,558133.333],[170592.024,558132.434],[170581.444,558131.435],[170581.397,558131.431],[170576.253,558130.896],[170576.013,558130.865],[170555.308,558127.697],[170555.279,558127.692],[170546.646,558126.319],[170539.229,558125.573],[170527.207,558124.627],[170526.736,558124.567],[170517.17,558122.891],[170511.184,558122.039],[170508.151,558122.057]]]}},{"type":"Feature","properties":{"relatieveHoogteligging":1,"lokaalID":"W0653.7abd7c2a1a02483bb7aa6a591418d33c","bgt_status":"bestaand","bgt_type":"kering","naam":"Regionale en lokale keringen","objecttype":"FunctioneelGebied"},"geometry":{"type":"Polygon","coordinates":[[[171858.928,559809.584],[171863.681,559815.907],[171863.885,559816.241],[171864.019,559816.61],[171864.08,559816.997],[171864.063,559817.389],[171863.97,559817.77],[171863.805,559818.125],[171863.573,559818.442],[171863.284,559818.707],[171862.95,559818.911],[171862.581,559819.045],[171862.194,559819.105],[171861.802,559819.089],[171861.421,559818.996],[171861.066,559818.831],[171860.749,559818.599],[171860.484,559818.31],[171855.746,559812.008],[171837.982,559789.592],[171837.945,559789.544],[171814.768,559758.429],[171814.669,559758.284],[171800.747,559735.713],[171792.229,559724.356],[171792.201,559724.318],[171775.585,559701.034],[171775.534,559700.959],[171749.673,559660.954],[171723.614,559630.042],[171723.558,559629.972],[171719.336,559624.484],[171709.611,559612.328],[171709.55,559612.247],[171701.5,559601.063],[171701.472,559601.023],[171684.978,559576.872],[171669.394,559554.865],[171645.768,559528.813],[171645.761,559528.806],[171626.991,559507.893],[171623.688,559508.324],[171617.433,559513.015],[171600.799,559529.017],[171600.786,559529.03],[171570.435,559557.689],[171546.232,559582.049],[171545.929,559582.299],[171545.584,559582.485],[171545.209,559582.6],[171544.819,559582.639],[171544.429,559582.602],[171544.054,559582.49],[171543.707,559582.306],[171543.403,559582.058],[171543.154,559581.756],[171542.968,559581.411],[171542.853,559581.036],[171542.813,559580.646],[171542.85,559580.256],[171542.963,559579.88],[171543.146,559579.534],[171543.394,559579.23],[171567.62,559554.847],[171567.666,559554.802],[171598.033,559526.128],[171614.748,559510.048],[171614.935,559509.889],[171621.708,559504.809],[171621.998,559504.628],[171622.315,559504.499],[171622.649,559504.426],[171627.517,559503.791],[171627.904,559503.778],[171628.286,559503.84],[171628.649,559503.975],[171628.979,559504.176],[171629.265,559504.438],[171648.735,559526.13],[171672.438,559552.267],[171672.589,559552.455],[171688.252,559574.574],[171688.271,559574.602],[171704.761,559598.747],[171712.766,559609.869],[171722.471,559622],[171722.495,559622.03],[171726.701,559627.498],[171752.813,559658.473],[171752.964,559658.676],[171778.868,559698.748],[171795.443,559721.975],[171804.001,559733.386],[171804.104,559733.536],[171818.028,559756.11],[171841.135,559787.131],[171858.897,559809.544],[171858.928,559809.584]]]}},{"type":"Feature","properties":{"relatieveHoogteligging":1,"lokaalID":"W0653.8a2cff890bf0420d948877ba0fc0bae3","bgt_status":"bestaand","bgt_type":"kering","naam":"Regionale en lokale keringen","objecttype":"FunctioneelGebied"},"geometry":{"type":"Polygon","coordinates":[[[171953.537,559970.659],[171913.82,560006.769],[171913.503,560007.083],[171873.404,560050.67],[171853.377,560072.147],[171821.568,560105.554],[171821.46,560105.671],[171808.09,560120.64],[171807.981,560120.766],[171786.004,560147.08],[171771.013,560162.649],[171771.007,560162.654],[171764.618,560169.31],[171747.657,560177.929],[171736.37,560183.573],[171721.309,560188.546],[171720.254,560189.036],[171719.341,560189.758],[171717.016,560192.083],[171716.41,560192.817],[171715.954,560193.653],[171715.665,560194.56],[171715.553,560195.506],[171715.622,560196.455],[171715.87,560197.374],[171717.178,560200.862],[171717.648,560201.802],[171736.25,560230.868],[171736.544,560231.28],[171756.052,560255.877],[171756.607,560257.541],[171749.714,560249.571],[171718.701,560209.282],[171718.657,560209.226],[171703.61,560190.238],[171708.135,560187.006],[171721.344,560180.676],[171735.063,560176.561],[171739.982,560176.029],[171741.143,560175.761],[171746.375,560173.872],[171747.488,560173.303],[171754.754,560168.362],[171755.357,560167.88],[171768.728,560155.382],[171768.842,560155.271],[171806.773,560117.486],[171806.937,560117.315],[171819.144,560103.944],[171819.158,560103.93],[171841.538,560079.224],[171841.559,560079.201],[171871.155,560046.123],[171908.124,560007.269],[171930.322,559984.926],[171930.934,559984.177],[171931.391,559983.325],[171931.674,559982.4],[171931.775,559981.438],[171931.688,559980.474],[171931.417,559979.546],[171930.973,559978.687],[171930.372,559977.929],[171920.192,559967.388],[171922.393,559961.385],[171925.764,559958.857],[171937.271,559956.834],[171953.537,559970.659]]]}},{"type":"Feature","properties":{"relatieveHoogteligging":1,"lokaalID":"W0653.a4cc2e10ee0f4c378216f1f01251c9e3","bgt_status":"bestaand","bgt_type":"kering","naam":"Regionale en lokale keringen","objecttype":"FunctioneelGebied"},"geometry":{"type":"Polygon","coordinates":[[[170734.183,558139.228],[170733.462,558139.673],[170732.312,558140.043],[170730.973,558140.098],[170728.287,558140.199],[170726.451,558140.152],[170723.125,558139.704],[170718.254,558138.916],[170718.203,558138.908],[170712.341,558138.023],[170711.96,558137.981],[170706.648,558137.591],[170699.7,558136.678],[170693.019,558135.78],[170688.011,558134.613],[170687.853,558134.579],[170681.857,558133.383],[170681.771,558133.367],[170677.144,558132.529],[170677.012,558132.507],[170674.252,558132.083],[170674.089,558132.061],[170667.101,558131.222],[170658.04,558129.916],[170657.819,558129.889],[170650.829,558129.199],[170643.376,558128.44],[170614.553,558124.918],[170614.501,558124.912],[170600.931,558123.398],[170593.122,558122.494],[170593.017,558122.483],[170582.407,558121.482],[170577.406,558120.962],[170556.835,558117.814],[170548.075,558116.42],[170547.79,558116.383],[170540.175,558115.617],[170540.067,558115.608],[170528.228,558114.676],[170518.817,558113.027],[170518.658,558113.002],[170512.228,558112.087],[170511.861,558112.071],[170511.495,558112.037],[170503.712,558112.082],[170503.552,558112.099],[170503.39,558112.094],[170503.065,558112.15],[170502.738,558112.184],[170502.583,558112.232],[170502.424,558112.259],[170502.116,558112.376],[170501.801,558112.474],[170501.659,558112.551],[170501.508,558112.608],[170501.229,558112.784],[170500.94,558112.941],[170500.815,558113.044],[170500.678,558113.13],[170500.439,558113.356],[170500.185,558113.567],[170500.084,558113.692],[170499.966,558113.804],[170499.776,558114.072],[170499.568,558114.328],[170499.493,558114.471],[170499.399,558114.603],[170499.265,558114.904],[170499.111,558115.195],[170499.065,558115.35],[170498.999,558115.498],[170498.926,558115.819],[170498.832,558116.135],[170498.817,558116.296],[170498.781,558116.453],[170495.924,558138.996],[170495.912,558139.098],[170491.835,558177.616],[170477.667,558176.094],[170449.581,558172.37],[170439.902,558168.647],[170429.504,558164.191],[170425.095,558160.651],[170424.916,558160.534],[170424.751,558160.398],[170424.507,558160.267],[170424.275,558160.115],[170424.076,558160.035],[170423.887,558159.934],[170423.622,558159.853],[170423.365,558159.75],[170423.155,558159.71],[170422.95,558159.648],[170407.946,558156.634],[170402.366,558155.177],[170396.893,558153.665],[170384.477,558149.235],[170384.37,558149.198],[170380.949,558148.064],[170380.556,558147.951],[170378.296,558147.402],[170375.395,558146.565],[170370.261,558143.963],[170365.922,558141.474],[170360.83,558138.159],[170354.973,558134.177],[170354.836,558134.087],[170349.858,558130.936],[170346.863,558128.604],[170344.224,558125.94],[170339.3,558120.642],[170335.723,558116.407],[170335.199,558115.626],[170333.784,558113.002],[170332.085,558109.481],[170331.989,558109.291],[170330.315,558106.169],[170328.407,558102.53],[170328.191,558102.157],[170326.975,558100.256],[170326.907,558100.153],[170325.25,558097.698],[170325.191,558097.612],[170323.262,558094.88],[170322.863,558094.385],[170320.385,558091.681],[170320.291,558091.581],[170314.312,558085.407],[170314.088,558085.189],[170311.877,558083.175],[170311.523,558082.88],[170306.959,558079.435],[170302.635,558076.164],[170302.377,558075.981],[170299.001,558073.749],[170298.842,558073.648],[170293.963,558070.679],[170293.894,558070.637],[170290.379,558068.575],[170290.049,558068.398],[170287.043,558066.924],[170287.027,558066.917],[170275.037,558061.092],[170274.924,558061.039],[170263.886,558056.014],[170263.815,558055.983],[170260.792,558054.663],[170260.208,558054.289],[170259.609,558053.762],[170256.217,558050.1],[170256.121,558050],[170253.947,558047.78],[170253.432,558047.322],[170252.035,558046.243],[170251.577,558045.927],[170248.131,558043.832],[170248.065,558043.792],[170238.666,558038.271],[170229.783,558032.351],[170229.669,558032.278],[170221.722,558027.285],[170221.516,558027.162],[170217.044,558024.644],[170216.477,558024.37],[170213.537,558023.172],[170213.427,558023.129],[170210.179,558021.893],[170209.77,558021.758],[170205.765,558020.617],[170205.221,558020.495],[170193.862,558018.594],[170187.438,558017.466],[170187.425,558017.464],[170177.486,558015.747],[170177.303,558015.718],[170171.844,558014.982],[170157.235,558012.642],[170157.158,558012.63],[170150.233,558011.631],[170137.614,558009.817],[170137.533,558009.806],[170129.102,558008.735],[170123.487,558007.772],[170117.713,558006.697],[170107.143,558004.503],[170107.106,558004.495],[170091.558,558001.388],[170078.514,557998.549],[170078.469,557998.539],[170071.001,557996.985],[170070.859,557996.958],[170063.902,557995.718],[170063.766,557995.695],[170059.823,557995.105],[170059.469,557995.065],[170053.843,557994.628],[170053.771,557994.623],[170045.977,557994.132],[170035.886,557993.376],[170035.87,557993.375],[170024.651,557992.571],[170024.61,557992.569],[170018.86,557992.204],[170011.855,557991.524],[170006.218,557990.871],[170003.739,557990.4],[169999.01,557989.47],[169986.584,557986.748],[169980.824,557985.424],[169976.334,557984.384],[169971.589,557982.942],[169966.188,557980.99],[169964.039,557980.102],[169961.206,557978.804],[169958.206,557977.052],[169955.353,557975.013],[169952.042,557972.314],[169951.332,557971.543],[169950.874,557970.355],[169950.808,557970.132],[169950.8,557969.453],[169950.834,557968.728],[169950.955,557968.284],[169952.137,557966.517],[169956.74,557960.981],[169960.731,557956.741],[169961.314,557955.99],[169963.129,557953.124],[169963.421,557952.595],[169966.019,557947.128],[169966.059,557947.042],[169972.455,557932.894],[169972.52,557932.745],[169976.644,557922.771],[169980.757,557913.687],[169980.812,557913.562],[169982.995,557908.365],[169983.129,557908.008],[169984.405,557904.176],[169984.491,557903.889],[169985.888,557898.67],[169988.949,557889.185],[169989.722,557888.093],[169990.056,557887.647],[169991.466,557886.535],[169996.622,557883.346],[170003.539,557879.334],[170003.977,557879.048],[170008.06,557876.069],[170008.819,557875.385],[170011.529,557872.392],[170011.938,557871.875],[170013.96,557868.944],[170014.369,557868.231],[170014.656,557867.462],[170015.583,557864.176],[170015.733,557863.431],[170016.258,557859.179],[170016.278,557858.144],[170016.033,557855.258],[170015.787,557854.077],[170014.855,557851.321],[170014.549,557850.606],[170014.137,557849.948],[170012.241,557847.387],[170011.7,557846.771],[170007.936,557843.126],[170001.975,557836.079],[170000.725,557834.358],[169999.749,557832.2],[169998.84,557828.961],[169998.37,557825.95],[169998.409,557822.155],[169999.461,557814.658],[170001.036,557804.524],[170002.688,557798.195],[170002.747,557797.945],[170004.916,557787.461],[170004.953,557787.26],[170005.833,557781.913],[170005.88,557781.542],[170006.179,557778.174],[170006.185,557777.368],[170005.954,557774.214],[170005.88,557773.649],[170004.863,557768.269],[170004.071,557762.497],[170003.814,557759.033],[170004.438,557752.829],[170005.985,557744.732],[170007.42,557737.927],[170007.422,557737.92],[170009.228,557729.286],[170009.287,557728.948],[170010.549,557719.828],[170010.569,557719.663],[170011.561,557710.197],[170011.579,557709.97],[170012.242,557698.734],[170013.16,557688.941],[170013.161,557688.936],[170014.166,557678.097],[170014.185,557677.808],[170014.669,557663.802],[170015.996,557652.405],[170018.951,557631.501],[170022.936,557604.642],[170022.955,557604.499],[170024.3,557593.198],[170024.885,557589.389],[170025.562,557587.377],[170027.87,557582.688],[170027.941,557582.538],[170029.979,557578.027],[170030.202,557577.439],[170031.339,557573.742],[170031.516,557572.932],[170032.411,557566.211],[170032.452,557565.695],[170032.56,557561.919],[170032.444,557560.696],[170031.592,557556.842],[170031.432,557556.279],[170029.299,557550.146],[170029.166,557549.805],[170029.001,557549.424],[170028.997,557549.293],[170029.216,557547.352],[170032.98,557533.067],[170038.862,557511.426],[170042.948,557496.697],[170044.223,557492.433],[170047.389,557484.426],[170047.415,557484.359],[170052.57,557470.747],[170052.583,557470.713],[170056.61,557459.836],[170056.639,557459.757],[170060.527,557448.683],[170064.909,557436.379],[170064.963,557436.22],[170068.629,557424.714],[170068.655,557424.631],[170069.534,557421.694],[170069.537,557421.68],[170069.542,557421.667],[170070.325,557418.997],[170070.357,557418.886],[170071,557416.489],[170071.09,557416.086],[170073.121,557404.895],[170076.441,557388.499],[170076.484,557388.26],[170077.795,557379.65],[170078.998,557373.407],[170079.939,557370.992],[170080.643,557369.62],[170081.722,557368.564],[170083.106,557367.872],[170085.027,557367.613],[170087.585,557367.844],[170092.898,557369.004],[170093.79,557369.116],[170096.605,557369.214],[170097.611,557369.147],[170100.293,557368.694],[170101.193,557368.455],[170102.032,557368.053],[170105.072,557366.23],[170106.183,557365.325],[170108.059,557363.284],[170108.575,557362.617],[170108.972,557361.872],[170110.028,557359.411],[170110.377,557358.183],[170110.82,557355.234],[170110.875,557354.544],[170110.895,557352.69],[170110.833,557351.853],[170110.632,557351.038],[170110.298,557350.269],[170109.22,557348.266],[170108.691,557347.475],[170106.44,557344.715],[170104.962,557342.588],[170104.404,557341.404],[170104.147,557340.043],[170104.101,557337.174],[170105.535,557329.509],[170115.212,557292.711],[170126.71,557249.529],[170130.407,557236.093],[170135.222,557219.487],[170145.275,557188.084],[170154.989,557158.328],[170155.002,557158.287],[170157.345,557150.895],[170157.435,557150.575],[170160.857,557136.618],[170161.931,557132.812],[170163.121,557129.422],[170163.955,557127.747],[170168.578,557120.934],[170168.793,557120.588],[170179.396,557101.843],[170186.635,557092.375],[170186.834,557092.096],[170190.532,557086.503],[170190.626,557086.355],[170194.049,557080.76],[170194.428,557080.004],[170195.274,557077.884],[170195.503,557077.152],[170195.617,557076.394],[170195.857,557073.101],[170195.796,557071.875],[170195.005,557067.357],[170194.907,557065.497],[170195.147,557064.077],[170197.282,557055.58],[170198.989,557048.915],[170204.203,557035.794],[170207.886,557028.089],[170208.014,557027.797],[170209.636,557023.762],[170209.891,557022.918],[170210.47,557020.143],[170210.57,557018.897],[170210.43,557015.806],[170210.175,557014.438],[170209.109,557011.268],[170208.498,557010.041],[170207.01,557007.863],[170206.546,557007.281],[170202.926,557003.381],[170200.228,557000.181],[170199.766,556999.263],[170199.584,556998.303],[170199.66,556996.786],[170200.382,556993.936],[170202.339,556986.922],[170202.412,556986.624],[170204.155,556978.475],[170205.41,556973.34],[170205.418,556973.291],[170205.433,556973.243],[170205.735,556971.89],[170205.929,556971.051],[170205.965,556970.881],[170208.94,556955.599],[170208.952,556955.534],[170210.111,556949.132],[170211.965,556939.761],[170214.287,556930.348],[170220.373,556908.192],[170220.389,556908.131],[170221.28,556904.717],[170223.214,556897.44],[170230.709,556873.591],[170230.816,556873.193],[170231.958,556868.136],[170235.274,556854.647],[170235.911,556852.174],[170235.954,556851.995],[170237.892,556843.128],[170241.727,556826.865],[170241.737,556826.82],[170242.843,556821.928],[170245.375,556811.543],[170248.335,556799.815],[170249.957,556793.732],[170252.129,556786.192],[170254.639,556778.456],[170257.773,556769.503],[170262.11,556758.515],[170262.143,556758.428],[170267.541,556743.971],[170270.289,556737.563],[170277.95,556720.623],[170282.499,556710.953],[170282.541,556710.862],[170290.451,556693.124],[170290.482,556693.053],[170292.805,556687.618],[170292.847,556687.518],[170296.213,556679.141],[170296.364,556678.711],[170296.54,556678.123],[170301.942,556664.074],[170301.986,556663.953],[170309.202,556643.634],[170309.233,556643.544],[170314.762,556626.984],[170314.807,556626.842],[170319.217,556612.192],[170319.223,556612.175],[170323.053,556599.277],[170330.142,556576.799],[170330.16,556576.74],[170332.563,556568.783],[170340.25,556545.174],[170344.983,556532.272],[170348.082,556524.44],[170348.12,556524.351],[170354.947,556526.122],[170355.05,556526.147],[170376.285,556531.176],[170376.366,556531.194],[170395.755,556535.447],[170395.848,556535.467],[170429.974,556542.277],[170430.015,556542.285],[170443.722,556544.9],[170443.752,556544.906],[170477.621,556551.154],[170520.647,556560.116],[170520.657,556560.118],[170598.857,556576.237],[170598.947,556576.254],[170618,556579.818],[170618.01,556579.818],[170618.019,556579.821],[170619.941,556580.173],[170621.241,556580.447],[170632.377,556582.816],[170635.911,556583.663],[170636,556583.683],[170653.411,556587.519],[170663.727,556590.212],[170664.174,556590.307],[170669.932,556591.26],[170670.29,556591.306],[170676.602,556591.887],[170677.43,556591.894],[170679.457,556591.743],[170680.213,556591.628],[170680.942,556591.4],[170682.701,556590.697],[170683.676,556590.176],[170685.301,556589.06],[170686.021,556588.459],[170687.2,556587.27],[170687.879,556586.418],[170689.17,556584.371],[170689.457,556583.85],[170691.057,556580.488],[170691.802,556579.372],[170691.825,556579.345],[170692.973,556578.463],[170695.054,556577.424],[170700.68,556575.549],[170706.122,556573.82],[170710.724,556572.72],[170715.811,556572.471],[170722.662,556572.738],[170731.942,556573.607],[170742.669,556575.108],[170742.75,556575.119],[170760.236,556577.277],[170773.695,556579.709],[170787.425,556582.835],[170799.07,556585.825],[170799.163,556585.848],[170808.731,556588.109],[170819.91,556591.536],[170832.169,556595.448],[170845.313,556600.703],[170852.598,556603.96],[170855.908,556605.799],[170858.624,556607.528],[170860.785,556609.259],[170861.895,556610.294],[170862.099,556610.564],[170862.053,556624.572],[170862.055,556624.726],[170862.277,556632.837],[170862.516,556634.232],[170863.114,556636.092],[170863.551,556637.073],[170865.238,556639.975],[170866.12,556641.09],[170868.976,556643.798],[170869.679,556644.354],[170873.84,556647.076],[170874.644,556647.503],[170880.524,556649.967],[170881.293,556650.219],[170897.184,556654.024],[170897.313,556654.053],[170935.546,556662.142],[170979.944,556671.531],[171066.534,556689.94],[171070.139,556690.995],[171070.635,556691.287],[171070.775,556691.43],[171070.824,556691.505],[171075.202,556700.239],[171077.085,556704.328],[171077.93,556706.301],[171078.091,556706.64],[171078.829,556708.06],[171092.103,556737.823],[171095.497,556745.817],[171097.683,556752.269],[171099.208,556757.141],[171100.734,556763.596],[171103.342,556775.723],[171105.425,556785.512],[171109.12,556804.679],[171112.056,556821.859],[171112.073,556821.956],[171114.515,556834.72],[171114.598,556835.08],[171115.887,556839.866],[171116.058,556840.385],[171117.095,556843.039],[171117.365,556843.62],[171118.612,556845.899],[171119.169,556846.714],[171120.186,556847.926],[171121.017,556848.713],[171122.04,556849.479],[171122.846,556849.972],[171124.212,556850.638],[171125.409,556851.044],[171127.191,556851.406],[171128.134,556851.506],[171130.662,556851.532],[171132.051,556851.573],[171134.957,556855.162],[171139.572,556861.971],[171139.608,556862.024],[171142.878,556866.716],[171145.018,556871.326],[171146.062,556874.539],[171147.874,556880.859],[171152.441,556898.725],[171152.545,556899.075],[171156.008,556909.412],[171156.142,556909.767],[171160.129,556919.216],[171160.209,556919.396],[171165.986,556931.713],[171166.02,556931.784],[171173.315,556946.726],[171173.527,556947.116],[171175.653,556950.64],[171175.699,556950.715],[171178.367,556954.966],[171178.718,556955.456],[171182.115,556959.647],[171188.229,556967.464],[171195.141,556977.04],[171198.78,556983.589],[171199.801,556985.817],[171200.368,556989.16],[171200.817,556994.386],[171200.645,557001.478],[171200.142,557008.605],[171198.272,557022.084],[171198.257,557022.2],[171197.54,557028.441],[171197.529,557028.54],[171194.367,557061.87],[171193.188,557073.799],[171192.65,557077.646],[171191.74,557083.64],[171190.623,557090.188],[171188.929,557098.903],[171188.917,557098.97],[171187.496,557106.852],[171187.466,557107.034],[171185.948,557117.696],[171185.933,557117.806],[171185.255,557123.462],[171185.226,557123.796],[171184.2,557143.397],[171184.079,557145.289],[171184.076,557145.336],[171183.356,557158.515],[171183.35,557158.695],[171183.154,557169.18],[171183.153,557169.309],[171183.167,557171.253],[171183.169,557172.304],[171180.779,557173.261],[171180.607,557173.333],[171168.57,557178.685],[171143.189,557189.495],[171142.227,557190.037],[171141.407,557190.777],[171140.77,557191.679],[171140.28,557192.567],[171140.035,557193.077],[171139.753,557193.761],[171139.493,557194.591],[171139.381,557195.453],[171139.419,557196.322],[171139.562,557197.405],[171139.716,557198.136],[171139.976,557198.837],[171142.947,557205.305],[171143.15,557205.653],[171143.341,557206.008],[171143.713,557206.561],[171144.461,557207.436],[171145.209,557208.13],[171145.685,557208.52],[171146.264,557208.938],[171147.056,557209.405],[171147.92,557209.72],[171148.827,557209.871],[171149.376,557209.911],[171150.377,557209.883],[171151.352,557209.656],[171157.872,557207.434],[171167.176,557204.383],[171177.988,557200.858],[171183.732,557199.264],[171183.954,557215.138],[171183.966,557227.027],[171183.166,557239.36],[171181.983,557249.456],[171180.044,557263.024],[171177.58,557278.45],[171177.576,557278.524],[171177.559,557278.595],[171177.074,557282.332],[171177.071,557282.354],[171175.515,557294.775],[171172.919,557309.312],[171166.85,557340.566],[171162.848,557357.597],[171162.83,557357.676],[171159.453,557373.173],[171155.388,557389.984],[171152.988,557399.046],[171150.003,557409.259],[171148.101,557414.194],[171148.076,557414.261],[171146.741,557417.88],[171144.662,557422.254],[171144.6,557422.389],[171141.938,557428.448],[171139.63,557433.549],[171139.569,557433.689],[171136.752,557440.458],[171136.631,557440.778],[171134.435,557447.279],[171134.377,557447.461],[171132.028,557455.402],[171131.991,557455.532],[171130.348,557461.695],[171130.262,557462.078],[171129.024,557468.794],[171128.95,557469.417],[171128.361,557479.78],[171128.356,557480.221],[171128.614,557488.395],[171128.664,557488.962],[171129.369,557493.776],[171129.584,557494.666],[171133.183,557505.21],[171133.272,557505.452],[171140.165,557522.691],[171140.246,557522.882],[171141.857,557526.47],[171141.893,557526.549],[171143.618,557530.218],[171145.341,557535.94],[171145.431,557537.262],[171145.342,557537.658],[171144.946,557538.303],[171143.619,557539.828],[171142.856,557541.005],[171141.873,557543.123],[171141.561,557544],[171140.988,557546.26],[171140.835,557547.454],[171140.972,557548.651],[171141.432,557550.578],[171141.69,557551.364],[171142.075,557552.097],[171142.575,557552.756],[171144.068,557554.42],[171144.764,557555.061],[171145.568,557555.56],[171151.512,557558.506],[171152.493,557558.87],[171153.529,557559.022],[171156.166,557559.129],[171157.875,557571.086],[171158.665,557577.555],[171156.479,557590.117],[171156.456,557590.256],[171156.038,557593.134],[171155.582,557595.611],[171155.524,557596.021],[171155.471,557596.558],[171153.176,557600.774],[171148.51,557606.405],[171144.984,557608.497],[171136.555,557608.472],[171125.173,557607.339],[171117.305,557603.951],[171116.274,557603.634],[171115.198,557603.545],[171108.604,557603.717],[171108.356,557603.729],[171090.041,557605.118],[171089.927,557605.128],[171082.709,557605.842],[171081.867,557605.999],[171076.013,557607.621],[171075.158,557607.944],[171074.739,557608.198],[171074.487,557608.051],[171073.558,557607.728],[171072.584,557607.594],[171065.431,557607.318],[171058.033,557606.903],[171047.61,557606.01],[171047.359,557605.995],[171040.426,557605.751],[171040.037,557605.753],[171035.503,557605.946],[171034.694,557606.047],[171028.741,557607.289],[171027.967,557607.517],[171027.24,557607.867],[171022.334,557610.734],[171021.51,557611.337],[171018.097,557614.413],[171018.01,557614.493],[171016.119,557616.281],[171015.958,557616.466],[171015.779,557616.635],[171015.284,557617.205],[171015.264,557617.229],[171014.899,557617.654],[171014.548,557618.114],[171006.318,557630.32],[171006.26,557630.408],[170999.141,557641.458],[170999.077,557641.56],[170991.951,557653.228],[170991.809,557653.476],[170985.959,557664.415],[170983.008,557668.939],[170982.909,557669.096],[170977.948,557677.353],[170977.703,557677.815],[170972.888,557688.136],[170970.218,557692.938],[170970.052,557693.265],[170965.205,557703.72],[170965.133,557703.882],[170961.36,557712.838],[170959.273,557717.406],[170955.242,557723.924],[170951.325,557729.604],[170947.64,557734.521],[170944.463,557738.293],[170944.099,557738.783],[170938.593,557747.23],[170935.964,557751.22],[170933.678,557754.607],[170933.269,557755.339],[170931.36,557759.546],[170928.934,557762.952],[170925.045,557768.319],[170924.987,557768.402],[170921.179,557773.885],[170916.677,557780.118],[170916.61,557780.214],[170908.047,557792.671],[170903.949,557798.514],[170903.846,557798.666],[170899.92,557804.725],[170896.335,557809.818],[170890.639,557817.295],[170888.112,557820.354],[170883.751,557825.287],[170879.744,557829.475],[170876.006,557833.136],[170872.504,557836.493],[170872.069,557836.968],[170872.052,557836.989],[170871.863,557837.241],[170870.155,557839.661],[170869.755,557840.333],[170868.493,557842.895],[170868.278,557843.397],[170864.338,557854.234],[170854.959,557873.5],[170847.299,557886.538],[170847.281,557886.576],[170847.257,557886.61],[170846.698,557887.6],[170846.646,557887.695],[170846.38,557888.188],[170843.988,557891.729],[170840.134,557897.047],[170840.052,557897.164],[170835.31,557904.119],[170835.1,557904.454],[170831.393,557910.939],[170831.345,557911.024],[170827.986,557917.177],[170821.499,557927.559],[170821.376,557927.766],[170816.408,557936.642],[170816.354,557936.741],[170814.253,557940.702],[170814.158,557940.891],[170810.016,557949.569],[170809.955,557949.702],[170804.821,557961.322],[170804.818,557961.328],[170799.613,557973.154],[170799.591,557973.205],[170794.06,557986.159],[170790.579,557993.676],[170790.555,557993.729],[170778.268,558021.094],[170773.907,558029.66],[170773.862,558029.75],[170771.007,558035.648],[170765.773,558045.916],[170765.722,558046.019],[170762.072,558053.603],[170761.898,558054.01],[170759.144,558061.329],[170759.082,558061.501],[170756.938,558067.899],[170756.716,558068.888],[170756.469,558070.929],[170755.972,558072.985],[170754.595,558076.5],[170752.675,558080.3],[170751.604,558081.871],[170751.037,558082.979],[170749.694,558086.673],[170749.592,558086.984],[170744.607,558104.099],[170744.527,558104.411],[170744.317,558105.353],[170743.96,558105.719],[170743.427,558106.535],[170743.063,558107.44],[170741.639,558112.301],[170741.46,558113.234],[170741.461,558114.185],[170741.624,558115.029],[170736.867,558134.119],[170735.986,558136.606],[170735.225,558138.066],[170735.062,558138.337],[170734.183,558139.228]]]}},{"type":"Feature","properties":{"relatieveHoogteligging":1,"lokaalID":"W0653.b3192c72618e44ee9e05ce60c52c21b6","bgt_status":"bestaand","bgt_type":"kering","naam":"Regionale en lokale keringen","objecttype":"FunctioneelGebied"},"geometry":{"type":"Polygon","coordinates":[[[171482.783,557719.367],[171475.481,557725.082],[171474.524,557725.671],[171473.46,557726.031],[171425.2,557736.508],[171424.217,557736.622],[171423.231,557736.539],[171422.28,557736.264],[171421.403,557735.807],[171420.632,557735.186],[171419.999,557734.426],[171419.528,557733.556],[171419.237,557732.61],[171414.955,557711.358],[171410.356,557689.47],[171410.312,557689.234],[171405.21,557657.437],[171405.152,557656.418],[171405.302,557655.409],[171405.653,557654.451],[171406.192,557653.585],[171406.896,557652.846],[171419.413,557642.134],[171415.344,557623.371],[171406.873,557624.813],[171402.009,557630.317],[171401.248,557631.017],[171400.359,557631.545],[171399.38,557631.879],[171398.354,557632.005],[171372.16,557632.481],[171371.064,557632.38],[171370.017,557632.041],[171369.069,557631.482],[171344.304,557612.908],[171344.056,557612.71],[171337.368,557606.997],[171315.179,557601.888],[171290.536,557603.818],[171268.711,557614.427],[171256.755,557621.497],[171257.428,557632.446],[171257.424,557632.553],[171257.436,557632.66],[171257.406,557633.042],[171257.392,557633.426],[171257.367,557633.53],[171257.358,557633.637],[171257.254,557634.006],[171257.165,557634.379],[171257.121,557634.477],[171257.091,557634.58],[171256.917,557634.922],[171256.757,557635.27],[171256.694,557635.357],[171256.646,557635.453],[171256.408,557635.754],[171256.183,557636.065],[171256.104,557636.138],[171256.038,557636.222],[171255.746,557636.471],[171255.465,557636.732],[171255.374,557636.788],[171255.292,557636.858],[171254.957,557637.045],[171254.63,557637.246],[171254.53,557637.283],[171254.436,557637.336],[171254.071,557637.454],[171253.711,557637.587],[171253.606,557637.604],[171253.504,557637.637],[171239.507,557640.693],[171239.22,557640.747],[171223.102,557643.29],[171217.186,557644.473],[171215.589,557645.026],[171215.147,557646.192],[171214.741,557647.021],[171214.19,557647.762],[171213.512,557648.388],[171212.731,557648.879],[171211.872,557649.218],[171211.56,557649.31],[171210.124,557650.739],[171201.173,557659.641],[171200.987,557659.817],[171198.965,557661.631],[171191.53,557668.735],[171189.719,557670.466],[171185.597,557674.429],[171185.482,557674.537],[171179.877,557679.596],[171175.847,557683.696],[171171.164,557692.056],[171169.615,557694.976],[171169.541,557695.111],[171166.313,557700.767],[171165.914,557701.362],[171157.277,557712.447],[171157.265,557712.558],[171156.811,557717.992],[171158.397,557729.596],[171159.935,557735.683],[171160.898,557738.767],[171161.674,557740.293],[171163.009,557741.924],[171165.387,557744.118],[171168.721,557746.619],[171173.46,557749.562],[171177.828,557751.755],[171186.057,557755.398],[171186.127,557755.43],[171201.811,557762.666],[171201.896,557762.706],[171206.098,557764.741],[171206.263,557764.825],[171212.102,557767.924],[171212.992,557768.528],[171215.807,557770.916],[171217.139,557771.937],[171217.407,557772.157],[171222.936,557777.039],[171223.474,557777.594],[171229.883,557785.317],[171230.063,557785.548],[171232.063,557788.269],[171236.493,557794.077],[171237.193,557795.338],[171239.177,557800.576],[171239.406,557801.378],[171240.835,557808.601],[171240.896,557808.99],[171241.611,557815.102],[171241.613,557815.125],[171242.371,557821.873],[171245.14,557822.235],[171245.219,557822.253],[171245.299,557822.259],[171245.695,557822.364],[171246.095,557822.457],[171246.168,557822.49],[171246.247,557822.511],[171246.614,557822.692],[171246.988,557822.861],[171247.054,557822.908],[171247.126,557822.944],[171247.452,557823.193],[171247.785,557823.431],[171247.84,557823.49],[171247.905,557823.539],[171248.175,557823.847],[171248.455,557824.146],[171248.498,557824.215],[171248.552,557824.275],[171248.757,557824.63],[171248.974,557824.978],[171249.002,557825.054],[171249.043,557825.124],[171249.175,557825.512],[171249.32,557825.895],[171249.333,557825.975],[171249.359,557826.052],[171249.413,557826.458],[171249.48,557826.862],[171249.477,557826.943],[171249.488,557827.023],[171249.903,557839.244],[171264.464,557862.217],[171279.926,557866.17],[171280.298,557866.281],[171295.163,557871.34],[171336.473,557879.86],[171367.192,557885.88],[171388.562,557882.675],[171389.627,557882.63],[171390.677,557882.812],[171391.665,557883.212],[171426.708,557901.985],[171455.462,557909.584],[171477.436,557903.408],[171498.498,557886.202],[171509.344,557868.175],[171513.461,557847.131],[171513.759,557846.152],[171514.25,557845.255],[171514.914,557844.476],[171515.722,557843.848],[171531.756,557833.847],[171532.622,557833.417],[171533.555,557833.162],[171534.52,557833.091],[171535.481,557833.207],[171536.401,557833.506],[171537.246,557833.977],[171537.985,557834.602],[171538.589,557835.357],[171546.384,557847.303],[171546.742,557847.953],[171553.519,557862.743],[171553.784,557863.461],[171558.229,557879.124],[171558.359,557879.717],[171559.224,557885.25],[171559.284,557886.032],[171559.265,557895.95],[171559.215,557896.648],[171556.675,557914.428],[171556.624,557914.725],[171553.115,557931.849],[171550.649,557946.553],[171547.342,557967.016],[171544.84,557984.915],[171544.811,557985.095],[171539.162,558017.002],[171536.319,558035.777],[171531.197,558070.77],[171530.957,558071.732],[171530.531,558072.628],[171529.937,558073.423],[171529.198,558074.084],[171528.343,558074.587],[171527.406,558074.911],[171526.423,558075.043],[171525.433,558074.979],[171519.655,558074.023],[171518.926,558074.504],[171518.095,558074.859],[171517.213,558075.058],[171516.31,558075.096],[171515.415,558074.97],[171495.147,558070.223],[171476.764,558066.072],[171475.613,558071.499],[171473.928,558079.441],[171473.928,558079.442],[171473.928,558079.443],[171473.78,558079.909],[171473.632,558080.376],[171473.631,558080.376],[171473.631,558080.377],[171473.395,558080.806],[171473.159,558081.234],[171473.158,558081.235],[171473.158,558081.236],[171472.842,558081.61],[171472.527,558081.984],[171472.526,558081.985],[171472.144,558082.29],[171471.762,558082.596],[171471.761,558082.596],[171471.76,558082.597],[171471.326,558082.822],[171470.892,558083.047],[171470.891,558083.047],[171470.89,558083.048],[171470.42,558083.183],[171469.95,558083.319],[171469.949,558083.319],[171469.948,558083.32],[171469.461,558083.361],[171468.973,558083.403],[171468.971,558083.403],[171468.485,558083.349],[171467.999,558083.295],[171467.998,558083.294],[171467.997,558083.294],[171460.29,558081.655],[171455.645,558080.871],[171454.546,558080.552],[171453.027,558079.916],[171452.121,558079.421],[171451.337,558078.752],[171450.148,558077.503],[171449.433,558076.544],[171448.966,558075.442],[171448.568,558074.065],[171448.4,558073.211],[171448.275,558072.042],[171448.328,558070.613],[171449.42,558064.616],[171449.462,558064.412],[171450.722,558058.828],[171450.729,558058.794],[171450.766,558058.638],[171450.842,558058.257],[171452.764,558047.81],[171452.997,558046.965],[171453.598,558045.357],[171454.157,558044.282],[171454.957,558043.373],[171456.101,558042.354],[171457.02,558041.706],[171458.061,558041.279],[171460.747,558040.517],[171461.03,558040.446],[171465.917,558039.363],[171466.047,558039.337],[171473.549,558037.883],[171480.541,558036.328],[171481.615,558036.209],[171482.69,558036.324],[171493.188,558038.609],[171496.392,558020.949],[171496.61,558020.139],[171501.774,558005.887],[171508.775,557970.882],[171502.876,557966.882],[171490.394,557962.654],[171490.274,557962.612],[171471.892,557955.861],[171443.47,557950.01],[171443.366,557949.987],[171369.241,557933.062],[171367.183,557935.282],[171366.495,557935.899],[171365.704,557936.379],[171364.839,557936.705],[171363.928,557936.866],[171363.003,557936.857],[171351.203,557935.64],[171350.14,557935.411],[171349.152,557934.959],[171348.285,557934.303],[171347.58,557933.476],[171339.404,557921.441],[171325.906,557919.525],[171322.406,557922.441],[171322.214,557945.419],[171322.158,557946.122],[171316.337,557984.727],[171311.145,557993.882],[171310.258,557993.615],[171309.436,557993.19],[171308.705,557992.62],[171308.093,557991.925],[171307.619,557991.13],[171307.3,557990.26],[171306.348,557986.661],[171306.189,557985.655],[171306.237,557984.637],[171312.217,557944.981],[171312.426,557920.041],[171312.552,557918.966],[171312.907,557917.943],[171313.473,557917.021],[171314.225,557916.242],[171321.21,557910.421],[171322.076,557909.841],[171323.044,557909.452],[171324.071,557909.273],[171325.113,557909.312],[171342.999,557911.852],[171344.008,557912.104],[171344.942,557912.559],[171345.762,557913.198],[171346.432,557913.992],[171354.544,557925.931],[171361.546,557926.654],[171363.87,557924.145],[171364.658,557923.457],[171365.571,557922.947],[171366.571,557922.639],[171367.612,557922.545],[171368.651,557922.67],[171445.54,557940.226],[171474.274,557946.142],[171474.989,557946.346],[171493.662,557953.203],[171506.725,557957.628],[171507.928,557958.225],[171517.135,557964.469],[171517.885,557965.093],[171518.5,557965.85],[171518.956,557966.712],[171519.236,557967.647],[171519.329,557968.618],[171519.232,557969.588],[171511.506,558008.217],[171511.304,558008.94],[171506.156,558023.149],[171502.104,558045.488],[171501.827,558046.451],[171501.364,558047.34],[171500.733,558048.118],[171499.959,558048.755],[171499.074,558049.225],[171498.114,558049.509],[171497.116,558049.595],[171496.12,558049.482],[171481.638,558046.329],[171475.652,558047.66],[171475.584,558047.668],[171475.518,558047.688],[171468.014,558049.141],[171463.335,558050.177],[171462.45,558050.429],[171460.67,558060.105],[171460.655,558060.184],[171460.555,558060.681],[171460.522,558060.833],[171460.472,558061.047],[171459.239,558066.511],[171458.387,558071.192],[171462.059,558071.812],[171462.266,558071.852],[171465.184,558072.472],[171465.831,558069.424],[171466.975,558064.028],[171467.568,558060.813],[171467.87,558059.153],[171468.149,558058.186],[171468.616,558057.294],[171469.252,558056.514],[171470.031,558055.878],[171470.922,558055.41],[171471.889,558055.13],[171472.892,558055.049],[171473.891,558055.171],[171497.369,558060.473],[171497.408,558060.482],[171515.362,558064.687],[171516.032,558064.258],[171517.011,558063.888],[171518.046,558063.731],[171519.091,558063.793],[171522.04,558064.281],[171526.426,558034.316],[171526.43,558034.291],[171529.284,558015.443],[171529.304,558015.32],[171534.949,557983.441],[171537.446,557965.578],[171537.462,557965.473],[171540.779,557944.943],[171540.784,557944.914],[171543.267,557930.106],[171543.3,557929.929],[171546.797,557912.865],[171549.266,557895.581],[171549.283,557886.407],[171548.526,557881.562],[171544.268,557866.56],[171537.806,557852.456],[171532.891,557844.924],[171522.858,557851.183],[171518.989,557870.958],[171518.748,557871.794],[171518.366,557872.576],[171506.619,557892.102],[171506.114,557892.798],[171505.497,557893.397],[171482.955,557911.812],[171482.098,557912.376],[171481.144,557912.753],[171456.856,557919.579],[171455.985,557919.743],[171455.099,557919.749],[171454.225,557919.6],[171423.587,557911.504],[171422.503,557911.077],[171388.405,557892.81],[171367.821,557895.898],[171366.967,557895.952],[171366.117,557895.86],[171334.526,557889.669],[171334.478,557889.659],[171292.837,557881.071],[171292.236,557880.907],[171277.26,557875.81],[171260.065,557871.413],[171259.177,557871.095],[171258.366,557870.615],[171257.658,557869.991],[171257.08,557869.246],[171240.729,557843.449],[171240.324,557842.664],[171240.063,557841.819],[171239.955,557840.942],[171239.638,557831.6],[171238.377,557831.435],[171237.427,557831.215],[171236.537,557830.815],[171235.743,557830.249],[171235.073,557829.54],[171234.554,557828.714],[171233.045,557825.698],[171232.723,557824.88],[171232.549,557824.019],[171231.677,557816.252],[171230.987,557810.347],[171229.677,557803.728],[171228.099,557799.562],[171224.085,557794.298],[171224.032,557794.228],[171222.093,557791.59],[171216.026,557784.278],[171210.918,557779.768],[171209.626,557778.777],[171209.433,557778.622],[171206.935,557776.504],[171201.656,557773.701],[171197.579,557771.727],[171181.973,557764.526],[171173.669,557760.85],[171173.45,557760.746],[171168.771,557758.397],[171168.376,557758.176],[171163.259,557754.999],[171162.897,557754.751],[171159.183,557751.965],[171158.793,557751.64],[171155.97,557749.036],[171155.491,557748.527],[171153.593,557746.207],[171153.005,557745.307],[171151.794,557742.926],[171151.479,557742.15],[171150.349,557738.533],[171150.274,557738.267],[171148.633,557731.775],[171148.527,557731.227],[171146.828,557718.801],[171146.799,557717.707],[171147.304,557711.683],[171147.311,557711.603],[171147.47,557710.015],[171147.65,557709.097],[171147.997,557708.228],[171148.501,557707.44],[171157.805,557695.499],[171160.817,557690.221],[171162.357,557687.319],[171162.412,557687.218],[171167.45,557678.224],[171168.247,557677.163],[171172.851,557672.479],[171173.066,557672.273],[171178.722,557667.167],[171182.793,557663.252],[171182.805,557663.241],[171184.622,557661.505],[171192.113,557654.347],[171192.227,557654.242],[171194.212,557652.46],[171203.071,557643.649],[171205.222,557641.509],[171205.804,557641.012],[171206.456,557640.609],[171206.597,557640.536],[171207.069,557639.292],[171207.566,557638.32],[171208.261,557637.479],[171209.122,557636.808],[171210.109,557636.341],[171214.236,557634.912],[171214.891,557634.734],[171221.241,557633.464],[171221.443,557633.428],[171237.517,557630.892],[171247.184,557628.782],[171246.587,557619.057],[171246.614,557618.144],[171246.808,557617.251],[171247.16,557616.408],[171247.66,557615.643],[171248.291,557614.982],[171249.032,557614.447],[171263.796,557605.716],[171264.155,557605.523],[171287.015,557594.41],[171287.89,557594.082],[171288.811,557593.922],[171315.163,557591.859],[171315.924,557591.857],[171316.676,557591.971],[171340.806,557597.527],[171341.933,557597.934],[171342.931,557598.598],[171350.431,557605.003],[171373.695,557622.452],[171395.973,557622.047],[171400.548,557616.869],[171401.386,557616.113],[171402.372,557615.564],[171403.456,557615.25],[171418.379,557612.71],[171419.328,557612.641],[171420.274,557612.752],[171421.181,557613.041],[171422.017,557613.497],[171422.752,557614.103],[171423.358,557614.837],[171423.815,557615.673],[171424.104,557616.58],[171429.819,557642.932],[171429.933,557644.001],[171429.815,557645.069],[171429.473,557646.087],[171428.92,557647.009],[171428.183,557647.791],[171415.528,557658.621],[171420.167,557687.532],[171424.746,557709.321],[171424.754,557709.362],[171428.038,557725.659],[171470.219,557716.501],[171474.794,557712.921],[171475.181,557702.855],[171475.215,557702.436],[171481.565,557650.843],[171481.797,557649.835],[171482.231,557648.897],[171489.692,557636.356],[171490.558,557635.275],[171498.972,557627.338],[171499.706,557626.764],[171500.534,557626.337],[171501.427,557626.071],[171502.354,557625.975],[171503.283,557626.053],[171536.144,557631.926],[171537.136,557632.212],[171538.048,557632.695],[171538.841,557633.355],[171539.482,557634.164],[171545.039,557642.895],[171545.531,557643.903],[171545.786,557644.994],[171545.792,557646.116],[171542.299,557678.501],[171542.245,557678.872],[171535.272,557716.678],[171537.965,557730.613],[171538.935,557731.907],[171539.14,557732.203],[171541.471,557735.832],[171541.964,557736.828],[171543.266,557740.412],[171543.446,557741.03],[171544.528,557745.883],[171544.635,557746.599],[171544.648,557746.779],[171575.082,557749.829],[171590.704,557640.207],[171590.782,557639.887],[171590.84,557639.563],[171590.898,557639.412],[171590.937,557639.255],[171591.076,557638.956],[171591.196,557638.649],[171591.283,557638.513],[171591.351,557638.367],[171591.546,557638.101],[171591.723,557637.823],[171591.835,557637.706],[171591.93,557637.576],[171592.173,557637.353],[171592.401,557637.115],[171592.534,557637.023],[171592.653,557636.913],[171592.934,557636.743],[171593.204,557636.554],[171593.352,557636.489],[171593.491,557636.405],[171593.8,557636.292],[171594.102,557636.16],[171594.26,557636.125],[171594.412,557636.069],[171594.737,557636.019],[171595.059,557635.948],[171595.22,557635.945],[171595.38,557635.92],[171595.709,557635.934],[171596.039,557635.927],[171600.156,557636.245],[171600.392,557636.269],[171620.143,557638.741],[171620.222,557638.751],[171651.3,557643.147],[171651.358,557643.156],[171671.018,557646.172],[171671.076,557646.182],[171672.499,557646.417],[171673.409,557646.562],[171673.592,557646.594],[171685.706,557648.984],[171705.388,557652.737],[171715.919,557654.267],[171725.026,557655.382],[171744.752,557657.576],[171744.792,557657.581],[171760.566,557659.462],[171760.716,557659.482],[171775.457,557661.696],[171775.473,557661.698],[171788.431,557663.688],[171788.532,557663.704],[171811.734,557667.757],[171811.929,557667.795],[171821.736,557669.911],[171839.827,557673.358],[171847.493,557674.347],[171857.672,557675.646],[171864.62,557676.334],[171868.525,557676.629],[171869.824,557676.666],[171869.918,557676.67],[171870.7,557676.707],[171876.827,557676.642],[171882.488,557676.01],[171885.957,557675.225],[171886.234,557675.123],[171888.511,557673.135],[171891.303,557670.066],[171893.523,557665.912],[171896.13,557660.144],[171897.977,557654.015],[171898.255,557651.821],[171898.227,557649.344],[171897.927,557647.3],[171896.85,557642.923],[171894.854,557637.065],[171894.832,557636.997],[171892.237,557629.004],[171892.112,557628.546],[171890.734,557622.351],[171890.67,557622.005],[171889.065,557611.276],[171889.029,557610.973],[171888.354,557603.275],[171888.335,557602.868],[171888.286,557594.421],[171888.358,557593.544],[171889.089,557589.295],[171889.249,557588.634],[171891.025,557583.022],[171891.58,557581.836],[171894.023,557578.016],[171894.692,557577.182],[171897.398,557574.464],[171898.225,557573.793],[171902.927,557570.752],[171903.353,557570.505],[171907.012,557568.62],[171908.09,557568.214],[171911.257,557567.424],[171912.428,557567.275],[171916.137,557567.245],[171916.864,557567.292],[171919.539,557567.663],[171919.627,557567.676],[171941.613,557571.13],[171953.523,557572.899],[171953.534,557572.901],[171957.198,557573.454],[171960.143,557573.605],[171961.799,557573.576],[171965.298,557572.593],[171969.128,557570.873],[171974.185,557567.701],[171978.783,557564.002],[171981.731,557560.997],[171984.64,557557.047],[171986.289,557553.518],[171987.35,557548.373],[171987.661,557545.399],[171987.461,557542.173],[171986.783,557536.396],[171986.751,557535.681],[171986.864,557531.424],[171986.912,557530.85],[171987.245,557528.518],[171987.407,557527.785],[171987.677,557527.083],[171988.941,557524.418],[171989.1,557524.112],[171991.093,557520.562],[171991.931,557519.462],[171994.498,557516.914],[171995.439,557516.18],[171999.174,557513.929],[172000.265,557513.231],[172000.347,557513.189],[172000.421,557513.135],[172001.25,557512.646],[172002.074,557512.256],[172002.987,557511.922],[172003.062,557511.896],[172006.801,557510.595],[172007.801,557510.359],[172011.239,557509.915],[172011.861,557509.873],[172016.599,557509.854],[172016.983,557509.867],[172023.57,557510.348],[172024.051,557510.406],[172033.442,557512.015],[172033.622,557512.049],[172045.529,557514.543],[172045.633,557514.566],[172051.657,557515.963],[172062.824,557518.453],[172073.987,557520.389],[172083.265,557521.622],[172093.516,557522.332],[172102.312,557522.621],[172107.793,557522.118],[172112.184,557521.251],[172118.051,557519.3],[172121.074,557517.938],[172125.067,557515.038],[172128.465,557512.142],[172131.146,557509.334],[172139.374,557499.332],[172139.547,557499.132],[172153.37,557484.032],[172153.485,557483.91],[172168.051,557469.034],[172180.55,557456.116],[172186.68,557449.371],[172187.131,557448.934],[172192.05,557444.727],[172193.272,557443.957],[172197.204,557442.213],[172197.634,557442.045],[172206.524,557439.048],[172206.718,557438.987],[172216.017,557436.268],[172216.227,557436.212],[172221.322,557434.96],[172221.651,557434.891],[172227.567,557433.854],[172227.857,557433.812],[172235.488,557432.93],[172235.56,557432.922],[172277.36,557428.703],[172282.411,557427.92],[172291.043,557426.546],[172307.109,557423.591],[172307.176,557423.579],[172346.427,557416.903],[172354.032,557415.385],[172355.884,557414.88],[172357.232,557414.334],[172358.777,557413.085],[172360.183,557410.848],[172360.788,557409.052],[172361.209,557405.622],[172362.372,557394.607],[172362.618,557390.153],[172363.36,557374.521],[172363.506,557355.109],[172352.42,557353.563],[172352.251,557353.536],[172328.621,557349.411],[172328.518,557349.391],[172322.966,557348.302],[172322.506,557348.234],[172322.21,557348.161],[172321.91,557348.11],[172321.191,557347.914],[172320.967,557347.847],[172319.872,557347.492],[172318.897,557347.056],[172318.036,557346.423],[172317.33,557345.622],[172316.81,557344.688],[172316.5,557343.666],[172316.435,557343.321],[172316.348,557342.42],[172316.425,557341.519],[172316.571,557340.696],[172316.917,557339.556],[172328.944,557312.214],[172329.218,557311.681],[172331.036,557308.61],[172331.574,557307.865],[172332.241,557307.231],[172334.103,557305.762],[172336.343,557303.394],[172337.403,557302.06],[172338.735,557299.624],[172341.174,557293.551],[172342.957,557288.133],[172344.691,557280.161],[172347.44,557265.696],[172347.456,557265.615],[172349.842,557254.104],[172349.86,557254.018],[172354.891,557231.722],[172357.043,557221.451],[172360.883,557201.615],[172360.89,557201.577],[172363.266,557189.792],[172365.433,557177.191],[172366.665,557168.354],[172367.359,557160.122],[172368.065,557151.618],[172368.094,557151.351],[172368.844,557145.887],[172369,557145.159],[172373.032,557131.422],[172373.051,557131.361],[172380.273,557107.858],[172380.939,557105.567],[172380.961,557105.492],[172381.53,557103.644],[172381.559,557103.553],[172384.821,557093.63],[172384.94,557093.307],[172387.582,557086.811],[172387.713,557086.517],[172389.152,557083.545],[172389.399,557083.095],[172390.517,557081.286],[172390.689,557081.027],[172392.257,557078.811],[172392.569,557078.414],[172395.002,557075.624],[172395.755,557074.922],[172398.8,557072.619],[172399.288,557072.293],[172403.779,557069.661],[172404.444,557069.335],[172409.03,557067.495],[172409.775,557067.261],[172415.076,557066.046],[172415.207,557066.018],[172421.538,557064.745],[172422.087,557064.666],[172425.936,557064.328],[172426.175,557064.313],[172428.236,557064.231],[172428.593,557064.23],[172431.785,557064.332],[172432.086,557064.351],[172436.271,557064.738],[172436.917,557064.841],[172441.198,557065.812],[172442.057,557066.09],[172445.68,557067.639],[172446.009,557067.794],[172456.596,557073.26],[172456.805,557073.375],[172473.972,557083.305],[172474.067,557083.361],[172494.014,557095.497],[172508.196,557102.825],[172526.185,557111.711],[172541.234,557119.091],[172550.059,557122.574],[172562.186,557127.266],[172573.557,557130.743],[172583.664,557132.955],[172588.142,557133.793],[172592.618,557134.429],[172600.498,557135.188],[172600.534,557135.192],[172616.723,557136.871],[172616.735,557136.872],[172635.735,557138.89],[172635.914,557138.912],[172647.056,557140.505],[172647.104,557140.512],[172660.13,557142.501],[172660.25,557142.521],[172678.69,557145.798],[172704.936,557150.111],[172722.43,557152.655],[172742.575,557155.472],[172743.6,557155.728],[172744.547,557156.193],[172745.376,557156.846],[172746.049,557157.659],[172746.95,557159.017],[172778.318,557155.834],[172779.348,557155.836],[172780.355,557156.049],[172781.298,557156.464],[172782.135,557157.063],[172782.832,557157.822],[172783.359,557158.706],[172783.694,557159.68],[172783.821,557160.702],[172784.004,557169.249],[172786.12,557202.198],[172792.003,557267.181],[172792.017,557267.38],[172792.261,557272.218],[172794.523,557299.305],[172799.817,557299.424],[172800.124,557299.223],[172804.784,557295.572],[172806.134,557276.735],[172806.277,557275.854],[172806.575,557275.012],[172807.017,557274.236],[172807.591,557273.552],[172808.277,557272.98],[172813.948,557269.057],[172814.734,557268.612],[172815.587,557268.316],[172816.479,557268.179],[172817.381,557268.203],[172831.372,557269.86],[172832.373,557270.084],[172833.308,557270.509],[172834.136,557271.115],[172836.476,557273.229],[172877.616,557277.788],[172878.573,557265.57],[172837.366,557261.332],[172836.383,557261.13],[172835.459,557260.735],[172834.634,557260.163],[172833.939,557259.438],[172833.825,557259.257],[172830.981,557258.645],[172830.794,557258.601],[172824.082,557256.883],[172823.395,557256.653],[172818.336,557254.54],[172817.221,557253.895],[172811.771,557249.718],[172811.041,557249.032],[172807.784,557245.29],[172807.367,557244.737],[172804.393,557240.174],[172803.972,557239.381],[172801.828,557234.277],[172801.503,557233.151],[172800.6,557227.648],[172800.543,557227.153],[172799.482,557210.387],[172799.478,557210.305],[172798.099,557180.898],[172798.095,557180.541],[172798.159,557177.934],[172798.201,557177.592],[172798.224,557177.247],[172798.261,557177.106],[172798.279,557176.962],[172798.388,557176.634],[172798.477,557176.3],[172799.042,557174.795],[172799.138,557174.557],[172799.912,557172.78],[172800.605,557171.637],[172801.648,557170.343],[172802.5,557169.512],[172804.092,557168.293],[172804.808,557167.836],[172807.5,557166.422],[172808.353,557166.07],[172809.256,557165.881],[172812.006,557165.566],[172812.809,557165.539],[172816.584,557165.716],[172817.059,557165.761],[172823.778,557166.724],[172823.996,557166.76],[172838.229,557169.445],[172851.2,557171.769],[172857.751,557172.862],[172858.705,557173.121],[172863.749,557175.039],[172873.53,557178.038],[172876.25,557178.557],[172879.443,557178.591],[172880.07,557178.637],[172896.451,557180.883],[172906.227,557182.194],[172906.603,557182.259],[172928.453,557186.905],[172953.636,557189.429],[172957.907,557188.925],[172958.299,557188.894],[172962.49,557188.732],[172963.029,557188.74],[172968.862,557189.144],[172969.188,557189.178],[172976.868,557190.219],[172977.124,557190.261],[172995.217,557193.677],[172995.585,557193.761],[173007.568,557196.976],[173007.648,557196.998],[173009.985,557197.667],[173013.615,557198.074],[173014.278,557198.194],[173019.688,557199.555],[173020.345,557199.769],[173026.089,557202.095],[173026.853,557202.484],[173032.243,557205.836],[173032.843,557206.275],[173039.709,557212.118],[173046.585,557217.507],[173049.363,557219.551],[173057.069,557222.399],[173066.396,557225.639],[173066.549,557225.695],[173082.348,557231.765],[173082.514,557231.832],[173090.445,557235.211],[173091.162,557235.588],[173098.871,557240.475],[173099.539,557240.983],[173105.866,557246.679],[173105.979,557246.784],[173112.574,557253.102],[173112.767,557253.297],[173116.679,557257.479],[173117.589,557258.33],[173117.908,557258.693],[173118.228,557259.054],[173118.803,557259.85],[173118.808,557259.856],[173119.205,557260.408],[173121.293,557263.007],[173121.635,557263.488],[173126.119,557270.665],[173133.885,557282.942],[173139.213,557290.147],[173142.583,557294.03],[173144.564,557295.299],[173147.339,557296.654],[173156.33,557299.148],[173167.425,557301.815],[173175.626,557303.716],[173181.518,557305.082],[173181.812,557305.159],[173186.124,557306.44],[173186.488,557306.564],[173198.662,557311.223],[173198.781,557311.27],[173209.51,557315.692],[173218.196,557318.376],[173241.275,557324.848],[173241.381,557324.88],[173254.405,557328.846],[173260.175,557330.472],[173260.623,557330.621],[173268.83,557333.797],[173269.329,557334.022],[173275.271,557337.105],[173275.43,557337.192],[173281.983,557340.899],[173282.522,557341.252],[173292.266,557348.564],[173292.596,557348.834],[173303.482,557358.561],[173303.723,557358.791],[173319.758,557375.164],[173319.962,557375.386],[173329.462,557386.334],[173329.559,557386.451],[173338.374,557397.255],[173338.795,557397.856],[173345.341,557408.843],[173345.67,557409.5],[173348.081,557415.362],[173348.428,557416.727],[173348.866,557420.783],[173348.88,557421.714],[173348.484,557426.722],[173348.398,557427.334],[173347.385,557432.268],[173347.183,557432.98],[173344.356,557440.71],[173344.165,557441.161],[173340.515,557448.745],[173340.337,557449.082],[173337.61,557453.792],[173337.35,557454.194],[173322.438,557475.052],[173322.114,557475.457],[173318.501,557479.54],[173318.475,557479.569],[173311.319,557487.528],[173311.142,557487.716],[173296.883,557502.02],[173281.888,557517.684],[173276.218,557524.109],[173276.16,557524.173],[173275.007,557525.435],[173274.671,557525.994],[173274.75,557527.011],[173274.901,557528.096],[173279.358,557532.872],[173283.802,557536.891],[173292.644,557543.592],[173297.525,557546.99],[173297.931,557547.048],[173297.989,557547.03],[173300.021,557544.945],[173300.045,557544.92],[173310.43,557534.413],[173325.551,557517.375],[173340.274,557500.647],[173362.231,557475.609],[173362.441,557475.384],[173369.624,557468.146],[173369.791,557467.985],[173379.918,557458.683],[173380.059,557458.559],[173382.409,557456.557],[173382.554,557456.457],[173382.684,557456.339],[173385.21,557454.477],[173385.531,557454.259],[173389.16,557451.997],[173390.055,557451.556],[173392.468,557450.654],[173393.421,557450.402],[173394.406,557450.341],[173395.676,557450.389],[173396.876,557450.582],[173397.492,557450.76],[173398.202,557451.025],[173398.865,557451.394],[173399.444,557451.778],[173400.02,557452.223],[173429.913,557479.003],[173466.079,557509.97],[173476.56,557518.937],[173476.778,557519.135],[173483.984,557526.077],[173484.349,557526.468],[173488.758,557531.733],[173489.168,557532.298],[173492.14,557537.067],[173492.485,557537.726],[173495.201,557544.003],[173495.498,557544.93],[173496.252,557548.405],[173496.34,557548.964],[173496.931,557554.841],[173496.938,557555.763],[173496.547,557560.394],[173496.356,557561.401],[173493.662,557570.438],[173492.901,557573.128],[173492.635,557575.81],[173492.534,557576.43],[173492.374,557577.133],[173492.517,557578.992],[173493.354,557580.623],[173504.747,557589.975],[173542.552,557620.194],[173542.584,557620.22],[173570.96,557643.29],[173571.043,557643.372],[173571.137,557643.441],[173572.061,557644.267],[173572.576,557644.714],[173579.849,557650.898],[173594.294,557662.845],[173594.359,557662.88],[173595.126,557662.475],[173600.772,557659.049],[173600.92,557658.963],[173602.994,557657.799],[173603.24,557657.691],[173603.477,557657.562],[173603.73,557657.453],[173604.043,557657.305],[173604.837,557657.006],[173606.334,557656.584],[173606.85,557656.468],[173608.793,557656.136],[173609.604,557656.065],[173611.69,557656.052],[173612.409,557656.1],[173614.543,557656.396],[173615.309,557656.565],[173618.115,557657.418],[173618.958,557657.761],[173623.09,557659.898],[173623.435,557660.095],[173625.96,557661.666],[173626.271,557661.876],[173631.791,557665.916],[173632.329,557666.372],[173635.388,557669.357],[173635.817,557669.833],[173638.393,557673.087],[173638.763,557673.623],[173642.07,557679.151],[173642.462,557679.966],[173643.932,557683.896],[173644.165,557684.735],[173645.205,557690.343],[173645.286,557691.064],[173645.529,557697.418],[173645.529,557697.795],[173645.406,557701.108],[173645.411,557701.401],[173645.437,557701.76],[173645.409,557702.806],[173645.404,557702.924],[173645.361,557703.782],[173645.332,557704.123],[173644.505,557711.05],[173644.498,557711.102],[173642.858,557723.708],[173641.659,557733.288],[173641.637,557735.403],[173642.051,557739.025],[173642.88,557741.683],[173645.749,557747.966],[173648.95,557753.654],[173649.277,557754.359],[173651.615,557760.633],[173651.78,557761.161],[173652.834,557765.361],[173652.98,557766.797],[173652.89,557768.856],[173652.802,557769.595],[173652.606,557770.312],[173651.828,557772.502],[173651.52,557773.196],[173651.111,557773.835],[173650.136,557775.129],[173649.571,557775.761],[173648.906,557776.288],[173647.266,557777.377],[173645.664,557778.802],[173644.675,557780.19],[173643.304,557783.246],[173642.111,557786.952],[173641.738,557787.819],[173641.21,557788.6],[173640.544,557789.268],[173639.765,557789.799],[173638.9,557790.175],[173637.979,557790.381],[173637.036,557790.411],[173636.277,557790.363],[173634.658,557791.584],[173630.711,557795.328],[173625.312,557802.372],[173625.234,557802.472],[173617.094,557812.55],[173616.883,557812.796],[173609.875,557820.406],[173602.269,557828.734],[173599.767,557831.569],[173613.572,557844.491],[173634.693,557863.494],[173634.739,557863.536],[173667.785,557894.017],[173680.02,557905.192],[173680.184,557905.349],[173683.514,557908.68],[173684.134,557909.435],[173685.892,557912.062],[173686.262,557912.718],[173686.53,557913.422],[173687.591,557917.004],[173687.792,557918.189],[173687.961,557921.761],[173687.894,557922.845],[173687.071,557927.626],[173686.826,557928.532],[173686.153,557930.329],[173686.072,557930.7],[173685.937,557931.119],[173685.81,557931.54],[173685.581,557932.095],[173685.284,557932.699],[173685.107,557933.003],[173685.077,557933.054],[173679.73,557942.028],[173679.471,557942.42],[173669.579,557955.948],[173669.554,557955.983],[173661.893,557966.272],[173661.821,557966.366],[173654.832,557975.305],[173644.496,557989.261],[173634.636,558004.024],[173627.095,558016.188],[173610.905,558043.578],[173610.231,558044.473],[173577.276,558079.26],[173567.96,558089.397],[173545.132,558115.283],[173545.077,558115.344],[173501.857,558162.768],[173491.978,558173.87],[173491.665,558174.192],[173490.826,558174.979],[173485.025,558180.832],[173473.544,558192.418],[173467.593,558198.768],[173464.019,558202.817],[173463.508,558203.837],[173463.273,558204.516],[173463.262,558204.57],[173463.387,558205.678],[173463.492,558206.348],[173464.862,558210.131],[173466.565,558212.459],[173469.675,558215.428],[173472.789,558217.656],[173473.186,558217.821],[173476.787,558219.721],[173478.785,558220.496],[173482.763,558221.685],[173491.571,558223.29],[173491.613,558223.297],[173504.016,558225.667],[173511.8,558227.161],[173512.656,558227.405],[173517.282,558229.188],[173517.546,558229.299],[173521.326,558231.009],[173522.034,558231.401],[173526.125,558234.123],[173526.174,558234.156],[173528.244,558235.569],[173528.947,558236.149],[173532.618,558239.79],[173532.936,558240.137],[173537.082,558245.108],[173541.548,558250.296],[173547.623,558256.937],[173560.162,558267.951],[173560.177,558267.964],[173570.129,558276.776],[173575.445,558280.854],[173580.184,558284.01],[173601.623,558296.523],[173612.899,558302.451],[173613.419,558302.766],[173620.542,558307.698],[173628.379,558312.394],[173635.495,558315.985],[173646.563,558320.826],[173652.34,558322.848],[173657.63,558324.546],[173665.968,558326.753],[173666.091,558326.787],[173670.465,558328.064],[173670.826,558328.185],[173673.967,558329.368],[173674.881,558329.824],[173679.218,558332.573],[173679.626,558332.861],[173681.969,558334.698],[173682.198,558334.888],[173685.835,558338.107],[173685.866,558338.14],[173685.902,558338.167],[173691.992,558343.752],[173695.572,558346.946],[173695.626,558346.995],[173688.887,558354.384],[173685.309,558351.192],[173685.258,558351.145],[173679.176,558345.567],[173675.683,558342.477],[173673.653,558340.886],[173669.96,558338.545],[173667.479,558337.61],[173663.349,558336.404],[173654.947,558334.18],[173654.697,558334.107],[173649.221,558332.349],[173649.098,558332.308],[173643.081,558330.202],[173642.729,558330.064],[173631.361,558325.092],[173631.112,558324.975],[173623.711,558321.24],[173623.395,558321.065],[173615.262,558316.192],[173614.985,558316.014],[173607.977,558311.161],[173596.872,558305.323],[173596.678,558305.215],[173575.015,558292.572],[173574.763,558292.415],[173569.763,558289.084],[173569.492,558288.89],[173563.903,558284.603],[173563.631,558284.379],[173553.555,558275.457],[173540.819,558264.27],[173540.429,558263.888],[173534.118,558256.99],[173534.018,558256.877],[173529.478,558251.603],[173529.428,558251.543],[173525.408,558246.723],[173522.23,558243.571],[173520.562,558242.433],[173516.833,558239.952],[173513.553,558238.468],[173509.477,558236.897],[173502.134,558235.489],[173489.758,558233.124],[173480.7,558231.474],[173480.163,558231.345],[173475.731,558230.02],[173475.356,558229.891],[173472.903,558228.941],[173472.378,558228.701],[173468.924,558226.879],[173468.189,558226.584],[173467.508,558226.174],[173463.568,558223.354],[173463.025,558222.905],[173459.339,558219.386],[173458.756,558218.721],[173456.369,558215.459],[173456.257,558215.269],[173456.126,558215.094],[173456.009,558214.848],[173455.87,558214.615],[173455.798,558214.407],[173455.703,558214.209],[173453.924,558209.298],[173453.685,558208.363],[173453.49,558207.111],[173453.463,558206.907],[173453.234,558204.892],[173453.23,558204.58],[173453.203,558204.269],[173453.222,558204.091],[173453.22,558203.912],[173453.276,558203.605],[173453.31,558203.295],[173453.553,558202.146],[173453.718,558201.549],[173454.162,558200.263],[173454.419,558199.653],[173455.37,558197.755],[173456.092,558196.686],[173460.145,558192.095],[173460.245,558191.985],[173466.295,558185.529],[173466.391,558185.428],[173477.922,558173.793],[173483.787,558167.875],[173483.857,558167.817],[173483.916,558167.749],[173484.657,558167.054],[173494.406,558156.098],[173494.446,558156.054],[173537.659,558108.638],[173560.494,558082.744],[173560.562,558082.668],[173569.939,558072.465],[173569.99,558072.41],[173602.583,558038.005],[173618.514,558011.054],[173618.568,558010.964],[173626.181,557998.683],[173626.273,557998.54],[173636.248,557983.605],[173636.388,557983.407],[173646.835,557969.301],[173646.914,557969.197],[173653.907,557960.253],[173661.52,557950.028],[173671.26,557936.708],[173676.413,557928.058],[173676.459,557927.847],[173676.662,557927.158],[173677.296,557925.466],[173677.946,557921.688],[173677.832,557919.265],[173677.158,557916.992],[173676.095,557915.403],[173673.192,557912.499],[173661.032,557901.393],[173661.014,557901.376],[173627.981,557870.907],[173606.847,557851.892],[173606.774,557851.826],[173592.085,557838.076],[173591.545,557837.483],[173590.529,557836.168],[173590.062,557835.44],[173589.727,557834.644],[173589.534,557833.801],[173589.342,557832.425],[173589.297,557831.562],[173589.402,557830.704],[173589.69,557829.333],[173590.008,557828.348],[173590.43,557827.391],[173590.793,557826.713],[173591.256,557826.099],[173594.801,557822.084],[173594.857,557822.022],[173602.497,557813.655],[173602.512,557813.64],[173609.416,557806.141],[173617.414,557796.239],[173623.014,557788.932],[173623.541,557788.346],[173627.98,557784.135],[173628.41,557783.77],[173631.733,557781.264],[173632.484,557780.796],[173633.306,557780.467],[173633.72,557780.382],[173633.869,557779.919],[173634.067,557779.404],[173635.754,557775.644],[173636.244,557774.79],[173637.847,557772.541],[173638.594,557771.708],[173640.881,557769.672],[173641.442,557769.24],[173642.662,557768.43],[173642.933,557767.67],[173642.958,557767.089],[173642.148,557763.866],[173640.043,557758.218],[173636.931,557752.686],[173636.74,557752.312],[173633.652,557745.55],[173633.427,557744.961],[173632.364,557741.551],[173632.17,557740.631],[173631.666,557736.231],[173631.634,557735.611],[173631.662,557732.898],[173631.701,557732.329],[173632.937,557722.454],[173632.94,557722.43],[173634.578,557709.838],[173635.383,557703.107],[173635.414,557702.479],[173635.431,557701.852],[173635.431,557701.85],[173635.4,557701.08],[173635.529,557697.612],[173635.307,557691.809],[173634.413,557686.99],[173633.255,557683.895],[173630.349,557679.037],[173628.175,557676.29],[173625.599,557673.777],[173620.516,557670.056],[173618.32,557668.689],[173614.769,557666.853],[173612.776,557666.247],[173611.389,557666.054],[173610.073,557666.062],[173608.793,557666.28],[173607.959,557666.515],[173607.938,557666.525],[173607.751,557666.61],[173607.651,557666.653],[173605.887,557667.642],[173600.185,557671.102],[173599.925,557671.25],[173597.819,557672.361],[173597.107,557672.668],[173596.356,557672.862],[173595.255,557673.057],[173594.341,557673.133],[173593.428,557673.041],[173592.126,557672.787],[173591.387,557672.583],[173590.689,557672.269],[173589.084,557671.394],[173588.292,557670.857],[173573.45,557658.582],[173573.397,557658.538],[173566.08,557652.316],[173566.044,557652.286],[173565.483,557651.799],[173565.426,557651.749],[173564.561,557650.976],[173536.292,557627.993],[173498.478,557597.766],[173498.428,557597.725],[173486.208,557587.695],[173485.489,557586.97],[173484.932,557586.113],[173483.161,557582.664],[173482.798,557581.741],[173482.624,557580.764],[173482.345,557577.144],[173482.35,557576.881],[173482.332,557576.619],[173482.361,557576.392],[173482.366,557576.164],[173482.422,557575.907],[173482.455,557575.647],[173482.715,557574.51],[173482.994,557571.699],[173483.159,557570.832],[173484.05,557567.682],[173484.069,557567.615],[173486.626,557559.038],[173486.935,557555.382],[173486.419,557550.247],[173485.829,557547.526],[173483.455,557542.039],[173480.866,557537.884],[173476.854,557533.093],[173469.946,557526.439],[173459.576,557517.566],[173423.367,557486.563],[173423.283,557486.489],[173394.395,557460.609],[173394.026,557460.747],[173390.987,557462.642],[173388.759,557464.285],[173386.613,557466.112],[173376.641,557475.271],[173369.648,557482.318],[173347.789,557507.244],[173347.783,557507.25],[173333.051,557523.989],[173333.038,557524.005],[173317.82,557541.151],[173317.637,557541.347],[173307.17,557551.938],[173304.267,557554.916],[173303.644,557555.457],[173302.94,557555.889],[173302.176,557556.199],[173299.833,557556.93],[173299.708,557556.956],[173299.588,557557],[173299.229,557557.055],[173298.873,557557.129],[173298.745,557557.13],[173298.619,557557.15],[173298.256,557557.134],[173297.893,557557.137],[173297.768,557557.113],[173297.64,557557.107],[173295.034,557556.737],[173295.008,557556.731],[173294.982,557556.729],[173294.532,557556.614],[173294.082,557556.504],[173294.058,557556.493],[173294.032,557556.486],[173293.614,557556.286],[173293.194,557556.091],[173293.172,557556.075],[173293.148,557556.063],[173292.569,557555.712],[173292.302,557555.539],[173286.847,557551.741],[173286.684,557551.623],[173277.589,557544.73],[173277.255,557544.453],[173272.493,557540.146],[173272.191,557539.849],[173266.691,557533.955],[173266.225,557533.375],[173265.851,557532.733],[173265.633,557532.285],[173265.34,557531.536],[173265.171,557530.751],[173265.094,557530.167],[173264.825,557528.243],[173264.791,557527.937],[173264.67,557526.373],[173264.669,557525.618],[173264.784,557524.071],[173264.816,557523.885],[173264.826,557523.696],[173264.9,557523.403],[173264.951,557523.105],[173265.019,557522.929],[173265.066,557522.746],[173265.196,557522.473],[173265.305,557522.191],[173265.405,557522.031],[173265.486,557521.861],[173266.696,557519.851],[173267.289,557519.058],[173268.748,557517.46],[173274.457,557510.991],[173274.594,557510.842],[173289.694,557495.068],[173289.765,557494.996],[173303.969,557480.747],[173311.026,557472.898],[173314.454,557469.024],[173329.076,557448.573],[173331.587,557444.236],[173335.048,557437.045],[173337.664,557429.893],[173338.54,557425.626],[173338.874,557421.392],[173338.562,557418.508],[173336.562,557413.645],[173330.393,557403.291],[173321.859,557392.831],[173312.508,557382.053],[173296.695,557365.907],[173286.093,557356.434],[173276.778,557349.444],[173270.584,557345.94],[173264.966,557343.024],[173257.235,557340.033],[173251.642,557338.457],[173251.542,557338.427],[173238.521,557334.462],[173215.432,557327.987],[173215.306,557327.95],[173206.339,557325.178],[173205.91,557325.024],[173195.029,557320.539],[173183.093,557315.972],[173179.11,557314.789],[173173.368,557313.457],[173165.148,557311.552],[173165.108,557311.543],[173153.909,557308.851],[173153.741,557308.807],[173144.223,557306.167],[173143.367,557305.843],[173139.916,557304.159],[173139.411,557303.874],[173136.58,557302.06],[173135.503,557301.128],[173131.533,557296.554],[173131.289,557296.25],[173125.736,557288.742],[173125.531,557288.441],[173117.661,557275.999],[173117.646,557275.976],[173113.311,557269.038],[173111.327,557266.568],[173111.169,557266.361],[173110.698,557265.707],[173110.409,557265.307],[173109.729,557264.672],[173109.49,557264.433],[173105.558,557260.228],[173099.117,557254.059],[173093.161,557248.696],[173086.151,557244.252],[173078.677,557241.067],[173063.038,557235.059],[173053.741,557231.829],[173053.648,557231.796],[173045.235,557228.687],[173044.004,557228.024],[173040.597,557225.516],[173040.476,557225.425],[173033.461,557219.927],[173033.304,557219.799],[173026.645,557214.131],[173021.937,557211.203],[173016.913,557209.168],[173012.165,557207.974],[173008.453,557207.558],[173007.635,557207.396],[173004.937,557206.623],[172993.176,557203.468],[172975.396,557200.111],[172968.007,557199.109],[172962.607,557198.735],[172958.883,557198.879],[172954.266,557199.424],[172953.181,557199.434],[172927.183,557196.828],[172926.642,557196.744],[172904.71,557192.08],[172895.115,557190.794],[172895.1,557190.792],[172879.024,557188.587],[172875.7,557188.552],[172874.815,557188.464],[172871.388,557187.81],[172870.859,557187.679],[172860.66,557184.551],[172860.349,557184.444],[172855.615,557182.644],[172849.524,557181.627],[172849.466,557181.617],[172836.443,557179.284],[172836.398,557179.276],[172822.251,557176.607],[172815.877,557175.694],[172812.743,557175.547],[172811.322,557175.71],[172809.834,557176.491],[172809.056,557177.087],[172808.812,557177.39],[172808.358,557178.431],[172808.135,557179.025],[172808.096,557180.609],[172809.465,557209.796],[172810.508,557226.273],[172811.276,557230.948],[172813.017,557235.092],[172815.555,557238.986],[172818.254,557242.087],[172822.789,557245.562],[172826.914,557247.285],[172833.181,557248.889],[172839.116,557250.168],[172840.008,557250.45],[172840.833,557250.893],[172841.56,557251.482],[172841.772,557251.733],[172884.451,557256.122],[172885.397,557256.313],[172886.289,557256.682],[172887.093,557257.216],[172887.78,557257.894],[172888.323,557258.691],[172888.703,557259.578],[172888.906,557260.522],[172888.924,557261.487],[172887.182,557283.717],[172887.004,557284.701],[172886.635,557285.631],[172886.087,557286.468],[172885.384,557287.179],[172884.554,557287.736],[172883.629,557288.117],[172882.646,557288.306],[172881.646,557288.296],[172833.771,557282.99],[172832.756,557282.769],[172831.809,557282.343],[172830.97,557281.731],[172828.615,557279.603],[172818.083,557278.356],[172815.937,557279.841],[172814.662,557297.623],[172814.643,557297.622],[172814.63,557297.939],[172814.505,557298.861],[172814.4,557299.304],[172814.301,557299.75],[172814.287,557299.781],[172814.279,557299.815],[172814.089,557300.229],[172813.905,557300.646],[172813.885,557300.674],[172813.871,557300.706],[172813.604,557301.076],[172813.342,557301.449],[172813.317,557301.473],[172813.297,557301.501],[172812.963,557301.811],[172812.633,557302.126],[172806.124,557307.226],[172805.778,557307.474],[172803.995,557308.641],[172803.106,557309.102],[172802.143,557309.378],[172801.145,557309.456],[172789.714,557309.199],[172788.789,557309.092],[172787.899,557308.814],[172787.076,557308.377],[172786.35,557307.794],[172785.743,557307.087],[172785.279,557306.279],[172784.972,557305.399],[172784.834,557304.477],[172784.664,557301.421],[172782.289,557272.968],[172782.278,557272.804],[172782.035,557267.984],[172776.155,557203.034],[172776.144,557202.904],[172774.017,557169.783],[172774.008,557169.569],[172773.939,557166.33],[172744.957,557169.271],[172744.053,557169.28],[172743.162,557169.127],[172742.313,557168.816],[172741.535,557168.357],[172740.851,557167.765],[172740.286,557167.06],[172738.961,557165.064],[172721.031,557162.556],[172721.004,557162.552],[172703.452,557160],[172703.36,557159.986],[172677.036,557155.661],[172676.973,557155.65],[172658.56,557152.378],[172645.618,557150.401],[172634.589,557148.824],[172615.685,557146.817],[172599.521,557145.14],[172591.547,557144.372],[172591.324,557144.345],[172586.627,557143.678],[172586.409,557143.642],[172581.749,557142.77],[172581.6,557142.74],[172571.221,557140.468],[172570.827,557140.365],[172559.088,557136.775],[172558.746,557136.657],[172546.435,557131.894],[172546.404,557131.882],[172537.377,557128.32],[172537.011,557128.158],[172521.775,557120.686],[172521.763,557120.68],[172503.727,557111.771],[172503.646,557111.73],[172489.269,557104.301],[172488.965,557104.131],[172468.917,557091.933],[172451.902,557082.091],[172441.583,557076.763],[172438.544,557075.464],[172435.023,557074.665],[172431.315,557074.322],[172428.452,557074.231],[172426.69,557074.301],[172423.237,557074.603],[172417.245,557075.808],[172412.392,557076.921],[172408.514,557078.477],[172404.597,557080.772],[172402.199,557082.586],[172400.273,557084.795],[172398.941,557086.677],[172398.041,557088.133],[172396.785,557090.729],[172394.267,557096.916],[172391.074,557106.63],[172390.531,557108.396],[172389.865,557110.686],[172389.851,557110.721],[172389.843,557110.759],[172382.619,557134.269],[172378.701,557147.617],[172378.019,557152.579],[172377.324,557160.953],[172377.323,557160.959],[172376.618,557169.329],[172376.588,557169.6],[172375.326,557178.651],[172375.302,557178.808],[172373.109,557191.557],[172373.083,557191.698],[172370.697,557203.534],[172366.854,557223.389],[172366.839,557223.464],[172364.671,557233.81],[172364.655,557233.885],[172359.625,557256.176],[172357.256,557267.604],[172354.503,557282.092],[172354.477,557282.222],[172352.674,557290.512],[172352.537,557291.012],[172350.622,557296.829],[172350.513,557297.129],[172347.905,557303.625],[172347.652,557304.161],[172345.972,557307.234],[172345.499,557307.945],[172344.038,557309.784],[172343.755,557310.111],[172341.117,557312.898],[172340.583,557313.386],[172339.168,557314.503],[172337.977,557316.515],[172328.04,557339.107],[172330.392,557339.569],[172353.887,557343.671],[172369.23,557345.811],[172370.227,557346.057],[172371.153,557346.501],[172371.968,557347.124],[172372.639,557347.901],[172373.137,557348.799],[172373.442,557349.779],[172373.539,557350.801],[172373.359,557374.696],[172373.353,557374.895],[172372.606,557390.647],[172372.604,557390.685],[172372.35,557395.284],[172372.33,557395.533],[172371.149,557406.714],[172371.139,557406.797],[172370.651,557410.775],[172370.427,557411.762],[172369.47,557414.602],[172368.966,557415.666],[172366.801,557419.111],[172366.306,557419.771],[172365.709,557420.341],[172362.939,557422.578],[172361.677,557423.322],[172359.367,557424.259],[172358.801,557424.45],[172356.494,557425.078],[172356.159,557425.157],[172348.315,557426.724],[172348.174,557426.75],[172308.885,557433.432],[172292.793,557436.392],[172292.674,557436.412],[172283.973,557437.798],[172283.952,557437.801],[172278.759,557438.605],[172278.496,557438.639],[172236.6,557442.868],[172229.15,557443.729],[172223.544,557444.712],[172218.718,557445.897],[172209.622,557448.556],[172201.048,557451.447],[172197.994,557452.802],[172193.869,557456.33],[172187.898,557462.899],[172187.791,557463.013],[172175.227,557475.998],[172175.206,557476.019],[172160.689,557490.846],[172147.013,557505.787],[172138.751,557515.83],[172138.506,557516.105],[172135.521,557519.233],[172135.148,557519.586],[172131.406,557522.775],[172131.102,557523.014],[172126.535,557526.332],[172125.65,557526.845],[172121.924,557528.523],[172121.448,557528.709],[172115.04,557530.839],[172114.431,557531],[172109.477,557531.978],[172108.965,557532.052],[172102.916,557532.607],[172102.295,557532.625],[172093.097,557532.324],[172092.915,557532.314],[172082.416,557531.587],[172082.103,557531.555],[172072.572,557530.288],[172072.376,557530.259],[172060.998,557528.286],[172060.764,557528.24],[172049.459,557525.718],[172049.418,557525.709],[172043.427,557524.32],[172031.662,557521.856],[172022.601,557520.304],[172016.447,557519.855],[172012.213,557519.872],[172009.597,557520.21],[172006.383,557521.328],[172005.937,557521.491],[172005.581,557521.701],[172004.51,557522.387],[172004.395,557522.459],[172001.116,557524.435],[171999.47,557526.068],[171997.903,557528.859],[171997.038,557530.684],[171996.852,557531.979],[171996.757,557535.587],[171997.408,557541.144],[171997.433,557541.416],[171997.668,557545.195],[171997.65,557546.027],[171997.269,557549.662],[171997.194,557550.151],[171995.964,557556.112],[171995.597,557557.219],[171993.49,557561.729],[171992.986,557562.578],[171989.573,557567.212],[171989.116,557567.748],[171985.715,557571.214],[171985.28,557571.609],[171980.225,557575.676],[171979.748,557576.016],[171974.149,557579.528],[171973.54,557579.854],[171969.056,557581.868],[171968.36,557582.12],[171963.884,557583.378],[171962.618,557583.563],[171960.145,557583.606],[171959.803,557583.601],[171956.44,557583.428],[171955.949,557583.379],[171952.047,557582.79],[171940.123,557581.018],[171940.082,557581.012],[171918.12,557577.562],[171915.852,557577.247],[171913.103,557577.269],[171911.076,557577.776],[171908.151,557579.282],[171904.107,557581.898],[171902.157,557583.857],[171900.36,557586.667],[171898.886,557591.325],[171898.288,557594.804],[171898.334,557602.605],[171898.978,557609.948],[171900.534,557620.352],[171901.821,557626.143],[171904.332,557633.875],[171906.386,557639.905],[171906.508,557640.323],[171907.694,557645.142],[171907.785,557645.608],[171908.17,557648.221],[171908.223,557648.893],[171908.259,557652.052],[171908.219,557652.738],[171907.845,557655.687],[171907.672,557656.5],[171905.61,557663.346],[171905.378,557663.963],[171902.567,557670.182],[171902.42,557670.479],[171899.829,557675.328],[171899.118,557676.336],[171895.714,557680.077],[171895.304,557680.48],[171892.116,557683.262],[171891.38,557683.795],[171890.559,557684.185],[171889.112,557684.72],[171888.484,557684.906],[171884.423,557685.825],[171883.874,557685.917],[171877.687,557686.608],[171877.185,557686.639],[171870.661,557686.708],[171870.371,557686.703],[171869.491,557686.661],[171868.122,557686.622],[171868.006,557686.607],[171867.889,557686.61],[171863.808,557686.301],[171863.692,557686.291],[171856.616,557685.591],[171856.476,557685.575],[171846.223,557684.266],[171846.217,557684.265],[171838.399,557683.257],[171838.103,557683.209],[171819.804,557679.723],[171819.686,557679.699],[171809.916,557677.591],[171786.863,557673.564],[171773.964,557671.584],[171759.306,557669.383],[171743.627,557667.513],[171723.893,557665.318],[171723.838,557665.312],[171714.648,557664.186],[171714.537,557664.171],[171703.841,557662.617],[171703.623,557662.581],[171683.817,557658.804],[171683.786,557658.798],[171671.748,557656.423],[171670.915,557656.291],[171670.883,557656.286],[171669.472,557656.052],[171649.871,557653.044],[171618.861,557648.658],[171599.938,557646.29],[171584.305,557755.988],[171584.081,557756.915],[171583.685,557757.783],[171583.131,557758.56],[171582.439,557759.218],[171581.636,557759.732],[171580.749,557760.084],[171579.811,557760.261],[171578.857,557760.257],[171540.371,557756.4],[171540.036,557756.404],[171539.098,557756.326],[171538.192,557756.073],[171537.349,557755.656],[171536.599,557755.088],[171535.969,557754.389],[171535.481,557753.585],[171535.152,557752.704],[171534.994,557751.777],[171534.69,557747.706],[171533.756,557743.523],[171532.755,557740.767],[171530.824,557737.759],[171529.272,557735.689],[171528.702,557734.715],[171528.365,557733.639],[171525.275,557717.648],[171525.184,557716.721],[171525.267,557715.793],[171532.377,557677.242],[171535.661,557646.786],[171532.224,557641.384],[171504.002,557636.34],[171497.929,557642.069],[171491.362,557653.107],[171485.166,557703.449],[171484.698,557715.622],[171484.539,557716.693],[171484.153,557717.706],[171483.559,557718.611],[171482.783,557719.367]]]}},{"type":"Feature","properties":{"relatieveHoogteligging":1,"lokaalID":"W0653.cdcbcec692ad45e8aac86a0e3a195a84","bgt_status":"bestaand","bgt_type":"kering","naam":"Regionale en lokale keringen","objecttype":"FunctioneelGebied"},"geometry":{"type":"Polygon","coordinates":[[[171726.648,560197.314],[171744.537,560225.264],[171764.435,560250.353],[171764.914,560251.08],[171765.261,560251.879],[171766.714,560256.239],[171766.934,560257.213],[171766.955,560258.211],[171766.778,560259.194],[171765.906,560262.245],[171765.499,560263.245],[171764.887,560264.135],[171764.099,560264.872],[171760.611,560267.488],[171759.691,560268.035],[171758.675,560268.373],[171757.611,560268.488],[171755.14,560268.488],[171754.076,560268.373],[171753.061,560268.035],[171752.141,560267.488],[171751.358,560266.759],[171742.057,560256.004],[171741.877,560255.783],[171710.798,560215.409],[171692.508,560192.33],[171691.963,560191.478],[171691.601,560190.534],[171691.437,560189.536],[171691.476,560188.525],[171691.718,560187.544],[171692.152,560186.63],[171692.761,560185.824],[171693.521,560185.155],[171702.676,560178.616],[171703.422,560178.175],[171717.374,560171.49],[171718.098,560171.21],[171732.631,560166.85],[171733.53,560166.668],[171738.311,560166.151],[171742.386,560164.68],[171748.811,560160.31],[171761.841,560148.131],[171799.632,560110.484],[171811.753,560097.209],[171834.117,560072.521],[171863.754,560039.398],[171863.858,560039.285],[171900.917,560000.337],[171900.992,560000.259],[171919.776,559981.353],[171910.822,559972.081],[171910.241,559971.354],[171909.804,559970.531],[171909.527,559969.642],[171909.42,559968.716],[171909.487,559967.787],[171909.725,559966.887],[171913.514,559956.552],[171913.929,559955.688],[171914.501,559954.919],[171915.209,559954.273],[171920.72,559950.139],[171921.733,559949.551],[171922.855,559949.215],[171937.854,559946.579],[171938.947,559946.508],[171940.03,559946.678],[171941.05,559947.079],[171941.957,559947.693],[171964.347,559966.723],[171964.57,559966.954],[171964.808,559967.169],[171964.91,559967.306],[171965.028,559967.428],[171965.202,559967.698],[171965.394,559967.956],[171965.466,559968.109],[171965.558,559968.252],[171965.676,559968.551],[171965.814,559968.841],[171965.856,559969.006],[171965.918,559969.164],[171965.975,559969.48],[171966.054,559969.792],[171966.062,559969.961],[171966.093,559970.129],[171966.087,559970.45],[171966.103,559970.771],[171966.079,559970.939],[171966.076,559971.109],[171966.008,559971.422],[171965.961,559971.74],[171965.904,559971.9],[171965.868,559972.067],[171965.74,559972.361],[171965.632,559972.664],[171965.545,559972.81],[171965.477,559972.966],[171965.294,559973.229],[171965.13,559973.505],[171965.016,559973.631],[171964.919,559973.771],[171964.688,559973.994],[171964.472,559974.233],[171920.712,560014.018],[171880.752,560057.453],[171880.729,560057.477],[171860.673,560078.986],[171860.637,560079.024],[171828.865,560112.392],[171815.603,560127.24],[171793.566,560153.626],[171793.33,560153.889],[171778.219,560169.582],[171771.245,560176.846],[171770.616,560177.4],[171769.904,560177.841],[171752.173,560186.851],[171752.144,560186.866],[171740.518,560192.679],[171739.85,560192.955],[171726.648,560197.314]]]}},{"type":"Feature","properties":{"relatieveHoogteligging":1,"lokaalID":"W0653.d70c9fc7468e478798c324e618a707f4","bgt_status":"bestaand","bgt_type":"kering","naam":"Regionale en lokale keringen","objecttype":"FunctioneelGebied"},"geometry":{"type":"Polygon","coordinates":[[[172004.059,561714.106],[172004.919,561714.685],[172005.641,561715.43],[172006.194,561716.307],[172009.034,561722.065],[172009.352,561722.885],[172013.586,561737.49],[172013.665,561737.8],[172018.816,561761.033],[172027.979,561792.651],[172027.991,561792.693],[172032.641,561809.283],[172037.607,561826.296],[172037.652,561826.458],[172040.854,561838.977],[172047.442,561846.633],[172050.935,561848.863],[172054.01,561849.375],[172060.895,561847.732],[172069.822,561838.331],[172070.16,561838.007],[172082.648,561827.106],[172083.125,561826.737],[172096.672,561817.53],[172096.866,561817.404],[172110.307,561809.149],[172110.733,561808.915],[172127.455,561800.766],[172128.39,561800.421],[172129.375,561800.268],[172130.37,561800.314],[172131.337,561800.556],[172134.025,561801.522],[172157.234,561789.443],[172157.362,561788.482],[172157.678,561787.552],[172158.171,561786.703],[172158.819,561785.966],[172159.6,561785.37],[172160.481,561784.938],[172170.086,561781.354],[172186.541,561775.027],[172186.746,561774.953],[172199.52,561770.672],[172199.549,561770.663],[172217.03,561764.922],[172217.19,561764.872],[172218.487,561764.494],[172243.998,561756.091],[172253.182,561751.823],[172269.235,561743.677],[172269.341,561743.624],[172294.371,561731.661],[172308.846,561724.368],[172308.874,561724.354],[172323.419,561717.14],[172345.676,561705.875],[172374.684,561689.749],[172396.977,561675.52],[172424.474,561657.834],[172439.198,561648.177],[172439.662,561647.858],[172439.697,561647.834],[172461.085,561633.372],[172476.42,561622.626],[172476.478,561622.587],[172484.566,561617.086],[172492.888,561609.926],[172497.696,561605.476],[172501.748,561600.982],[172507.363,561593.633],[172511.062,561587.521],[172514.756,561580.997],[172521.268,561568.779],[172528.274,561553.777],[172528.334,561553.652],[172537.466,561535.429],[172536.927,561534.847],[172536.4,561533.972],[172536.061,561533.008],[172535.926,561531.995],[172535.999,561530.976],[172536.278,561529.993],[172536.751,561529.087],[172546.849,561513.793],[172546.874,561513.756],[172552.952,561504.723],[172553.003,561504.649],[172557.5,561498.219],[172563.554,561488.617],[172567.696,561481.262],[172571.261,561474.64],[172578.464,561460.025],[172581.202,561454.006],[172585.782,561443.54],[172593.234,561426.277],[172599.393,561411.486],[172599.424,561411.412],[172606.576,561394.988],[172606.6,561394.933],[172614.425,561377.534],[172614.47,561377.435],[172621.463,561362.744],[172628.091,561348.215],[172628.222,561347.949],[172632.463,561339.942],[172638.401,561328.413],[172638.449,561328.322],[172647.159,561312.232],[172647.169,561312.213],[172656.421,561295.293],[172656.479,561295.188],[172667.291,561276.492],[172669.563,561272.223],[172671.488,561267.89],[172671.655,561267.548],[172672.094,561266.734],[172675.481,561257.621],[172677.343,561251.441],[172678.515,561244.747],[172678.589,561242.257],[172672.929,561241.76],[172672.098,561241.615],[172671.304,561241.333],[172664.992,561238.475],[172664.398,561238.155],[172662.006,561236.655],[172661.261,561236.083],[172655.142,561230.4],[172654.515,561229.696],[172650.403,561224.099],[172641.7,561212.938],[172629.912,561198.097],[172629.712,561197.826],[172614.656,561175.999],[172592.489,561147.833],[172591.98,561147.043],[172591.628,561146.173],[172591.444,561145.252],[172591.436,561144.313],[172591.604,561143.389],[172591.942,561142.513],[172592.437,561141.715],[172593.073,561141.024],[172593.49,561140.648],[172572.874,561115.541],[172552.534,561091.767],[172551.943,561090.908],[172551.542,561089.945],[172551.35,561088.92],[172551.375,561087.877],[172551.615,561086.862],[172552.061,561085.919],[172552.693,561085.089],[172559.043,561078.343],[172559.75,561077.72],[172560.561,561077.242],[172561.448,561076.924],[172562.379,561076.779],[172563.32,561076.81],[172564.239,561077.017],[172578.791,561081.78],[172579.771,561082.222],[172593.265,561090.16],[172594.265,561090.934],[172607.494,561104.163],[172607.663,561104.34],[172626.95,561125.608],[172648.909,561149.042],[172665.675,561165.343],[172680.375,561175.555],[172709.502,561194.88],[172721.098,561180.098],[172721.224,561179.945],[172744.698,561152.346],[172775.246,561115.5],[172778.551,561110.092],[172779.177,561109.272],[172779.958,561108.597],[172780.861,561108.098],[172781.848,561107.794],[172782.876,561107.699],[172783.901,561107.818],[172784.88,561108.144],[172792.922,561111.786],[172802.624,561114.393],[172816.57,561114.942],[172832.509,561114.844],[172860.476,561113.267],[172871.964,561111.05],[172877.731,561109.608],[172881.268,561108.284],[172886.392,561105.231],[172886.398,561105.228],[172892.397,561101.665],[172900.142,561094.715],[172908.488,561085.962],[172923.819,561065.657],[172930.525,561054.515],[172930.644,561054.327],[172936.571,561045.4],[172940.852,561037.228],[172944.313,561024.373],[172945.537,561013.255],[172947.015,560997.734],[172947.138,560997.011],[172954.059,560968.954],[172954.088,560968.844],[172959.808,560947.739],[172954.648,560933.786],[172954.404,560932.867],[172954.339,560931.917],[172954.455,560930.973],[172954.748,560930.067],[172955.207,560929.234],[172955.816,560928.502],[172956.552,560927.9],[172957.389,560927.447],[172979.043,560918.286],[172994.206,560908.86],[173010.921,560896.533],[173018.695,560890.44],[173018.72,560890.42],[173023.798,560886.492],[172924.263,560790.863],[172846.214,560716.121],[172846.148,560716.057],[172793.562,560663.802],[172792.919,560663.017],[172792.447,560662.12],[172779.549,560630.039],[172779.286,560629.159],[172779.188,560628.246],[172779.259,560627.331],[172779.497,560626.444],[172779.892,560625.615],[172780.433,560624.872],[172814.167,560586.508],[172814.502,560586.162],[172846.253,560556.396],[172847.218,560555.688],[172914.498,560517.783],[172893.388,560413.197],[172893.386,560413.184],[172875.857,560325.21],[172875.761,560324.209],[172875.867,560323.209],[172876.171,560322.251],[172876.66,560321.372],[172885.879,560308.159],[172887.654,560294.256],[172885.933,560253.819],[172704.135,560288.127],[172649.102,560299.645],[172645.922,560303.762],[172647.365,560313.055],[172647.42,560314.01],[172647.293,560314.959],[172646.987,560315.866],[172646.514,560316.698],[172645.891,560317.424],[172645.141,560318.019],[172644.291,560318.46],[172643.373,560318.731],[172542.435,560338.257],[172541.712,560338.343],[172524.249,560339.137],[172523.262,560339.084],[172522.304,560338.837],[172507.813,560333.532],[172506.774,560333.008],[172434.758,560285.381],[172433.979,560284.745],[172433.343,560283.965],[172432.876,560283.074],[172432.597,560282.107],[172432.517,560281.104],[172432.562,560278.989],[172401.105,560259.329],[172400.943,560259.223],[172324.048,560206.918],[172317.891,560206.747],[172316.976,560206.636],[172316.096,560206.36],[172315.282,560205.926],[172269.152,560175.592],[172268.387,560174.972],[172267.757,560174.214],[172267.289,560173.348],[172266.999,560172.406],[172266.9,560171.426],[172266.994,560170.446],[172267.279,560169.503],[172267.744,560168.634],[172297.974,560123.448],[172297.762,560122.493],[172247.052,560108.094],[172247.038,560108.089],[172180.23,560088.907],[172179.145,560088.451],[172139.466,560065.967],[172121.561,560055.915],[172111.387,560055.017],[172110.431,560054.837],[172109.527,560054.476],[172108.711,560053.947],[172089.248,560038.443],[172074.416,560027.236],[172074.082,560026.96],[172057.588,560012.084],[172038.087,560000.574],[172015.519,559990.435],[172014.553,559989.863],[171989.86,559971.191],[171989.571,559970.955],[171967.346,559951.375],[171967.218,559951.259],[171961.503,559945.861],[171960.615,559944.743],[171954.589,559934.397],[171932.394,559912.098],[171932.203,559911.865],[171931.995,559911.646],[171927.143,559905.426],[171921.045,559900.22],[171920.756,559899.952],[171909.726,559888.916],[171909.307,559888.441],[171898.882,559874.962],[171898.778,559874.823],[171888.266,559860.21],[171887.799,559859.415],[171881.37,559845.719],[171881.213,559845.345],[171877.915,559836.524],[171877.849,559836.336],[171874.959,559827.555],[171873.724,559824.996],[171871.158,559824.095],[171856.8,559821.12],[171855.982,559820.876],[171855.217,559820.497],[171848.47,559816.396],[171847.936,559816.021],[171825.711,559798.161],[171825.393,559797.883],[171806.047,559779.446],[171800.46,559775.94],[171787.758,559773.131],[171765.88,559770.249],[171765.758,559770.231],[171758.443,559769.084],[171758.357,559769.062],[171758.269,559769.053],[171757.883,559768.939],[171757.494,559768.838],[171757.414,559768.799],[171757.329,559768.774],[171756.974,559768.586],[171756.612,559768.411],[171756.541,559768.358],[171756.462,559768.316],[171756.15,559768.063],[171755.829,559767.821],[171755.77,559767.755],[171755.701,559767.699],[171750.968,559763.016],[171748.175,559761.073],[171742.882,559757.983],[171742.609,559757.812],[171735.439,559752.984],[171735.359,559752.929],[171730.43,559749.468],[171730.106,559749.22],[171723.675,559743.873],[171723.456,559743.68],[171708.648,559729.823],[171708.22,559729.37],[171703.06,559723.167],[171693.618,559712.899],[171686.067,559705.836],[171684.523,559704.802],[171679.859,559703.053],[171677.686,559702.319],[171676.858,559701.953],[171673.99,559700.359],[171673.484,559700.036],[171667.949,559696.023],[171667.644,559695.783],[171635.643,559668.545],[171635.597,559668.506],[171618.99,559654.023],[171618.814,559653.862],[171615.575,559650.755],[171614.869,559649.909],[171612.524,559646.37],[171612.347,559646.081],[171609.044,559640.278],[171608.786,559639.756],[171602.717,559625.441],[171598.992,559619.442],[171594.502,559614.029],[171589.894,559609.68],[171580.499,559602.7],[171563.897,559593.733],[171545.702,559586.168],[171544.1,559585.659],[171541.981,559586.906],[171538.823,559588.904],[171538.608,559589.033],[171537.964,559589.396],[171537.319,559589.785],[171536.41,559590.216],[171535.086,559590.686],[171534.387,559590.938],[171533.754,559591.12],[171532.618,559591.368],[171531.886,559591.471],[171529.226,559591.648],[171528.294,559591.623],[171526.603,559591.419],[171525.515,559591.162],[171523.308,559590.37],[171522.21,559589.816],[171519.717,559588.144],[171518.889,559587.448],[171508.524,559576.61],[171508.489,559576.573],[171488.788,559555.55],[171482.299,559549.549],[171475.103,559555.632],[171466.786,559563.639],[171466.714,559563.707],[171454.688,559574.836],[171453.958,559575.396],[171453.138,559575.812],[171452.177,559576.194],[171451.231,559576.466],[171450.253,559576.645],[171449.981,559576.687],[171448.966,559576.815],[171448.797,559576.834],[171443.804,559583.159],[171443.655,559583.351],[171443.638,559583.557],[171443.393,559584.456],[171442.984,559585.295],[171442.428,559586.043],[171436.348,559592.792],[171436.186,559592.963],[171418.841,559610.487],[171418.803,559610.525],[171395.402,559633.657],[171395.328,559633.729],[171375.25,559652.774],[171375.187,559652.832],[171349.676,559676.218],[171323.676,559701.263],[171302.611,559721.611],[171302.593,559721.628],[171284.961,559738.496],[171270.099,559754.008],[171270.084,559754.024],[171262.234,559762.147],[171261.91,559762.454],[171255.234,559768.231],[171254.809,559768.56],[171249.258,559772.404],[171249.156,559772.473],[171245.708,559774.738],[171245.004,559775.123],[171240.154,559777.291],[171237.545,559778.57],[171236.855,559778.846],[171230.791,559780.769],[171230.534,559780.843],[171223.945,559782.551],[171218.994,559784.173],[171214.636,559786.212],[171207.196,559791.15],[171202.019,559794.981],[171200.359,559796.253],[171197.662,559798.493],[171195.262,559800.614],[171195.24,559800.633],[171191.89,559803.561],[171185.789,559809.676],[171185.735,559809.729],[171178.738,559816.532],[171178.727,559816.543],[171171.773,559823.262],[171166.13,559829.151],[171161.374,559834.454],[171152.809,559844.162],[171144.959,559853.63],[171138.032,559863.257],[171136.435,559865.879],[171135.292,559868.236],[171133.972,559872.618],[171133.97,559872.623],[171132.98,559875.9],[171132.637,559876.746],[171131.111,559879.701],[171130.837,559880.169],[171128.497,559883.703],[171127.948,559884.391],[171124.914,559887.575],[171124.801,559887.69],[171122.664,559889.793],[171121.023,559892.234],[171116.38,559899.155],[171116.208,559899.396],[171108.401,559909.662],[171108.38,559909.689],[171100.803,559919.511],[171100.753,559919.575],[171096.927,559924.372],[171096.624,559924.717],[171092.911,559928.584],[171088.055,559933.657],[171087.971,559933.742],[171081.81,559939.876],[171081.709,559939.973],[171070.216,559950.791],[171070.2,559950.806],[171060.628,559959.737],[171060.476,559959.873],[171050.668,559968.301],[171039.405,559978.793],[171039.353,559978.841],[171024.679,559992.128],[171013.382,560002.769],[170993.889,560022.907],[170993.847,560022.949],[170979.317,560037.605],[170979.163,560037.754],[170964.377,560051.44],[170954.568,560061.131],[170946.235,560070.262],[170942.885,560074.179],[170936.535,560083.015],[170936.19,560083.444],[170930.342,560089.935],[170930.045,560090.238],[170925.487,560094.508],[170925.043,560094.878],[170920.35,560098.35],[170919.62,560098.799],[170911.685,560102.786],[170911.455,560102.894],[170899.18,560108.3],[170891.745,560111.817],[170885.363,560115.1],[170872.009,560122.687],[170863.4,560127.76],[170863.252,560127.844],[170846.318,560137.064],[170841.878,560139.483],[170840.221,560140.424],[170839.902,560140.591],[170833.973,560143.415],[170815.181,560152.586],[170814.534,560152.848],[170808.045,560154.957],[170807.79,560155.032],[170802.397,560156.473],[170801.75,560156.601],[170796.434,560157.291],[170796.103,560157.323],[170790.216,560157.691],[170789.904,560157.701],[170780.855,560157.702],[170769.948,560158.38],[170748.834,560160.979],[170744.136,560162.007],[170743.164,560162.415],[170740.82,560164.371],[170734.83,560171.837],[170732.041,560176.526],[170727.722,560185.907],[170727.65,560186.056],[170721.305,560198.714],[170715.924,560212.344],[170710.498,560226.404],[170703.423,560244.835],[170703.399,560244.896],[170689.832,560278.906],[170689.822,560278.93],[170683.492,560294.565],[170672.609,560322.093],[170672.606,560322.1],[170659.783,560354.394],[170654.712,560368.205],[170654.638,560368.395],[170645.04,560391.571],[170638.284,560408.059],[170638.139,560408.381],[170636.054,560412.593],[170636.053,560412.596],[170635.597,560413.391],[170635.002,560414.091],[170632.194,560416.837],[170631.449,560417.438],[170630.604,560417.886],[170629.688,560418.164],[170625.944,560418.92],[170624.964,560419.019],[170623.984,560418.924],[170623.041,560418.639],[170618.604,560416.801],[170617.82,560416.392],[170617.12,560415.85],[170616.527,560415.195],[170614.79,560412.894],[170614.654,560412.671],[170614.497,560412.461],[170614.36,560412.233],[170613.935,560411.338],[170613.696,560410.378],[170613.564,560409.482],[170613.517,560408.51],[170613.66,560407.546],[170617.257,560393.135],[170617.265,560393.104],[170617.665,560391.545],[170617.858,560390.948],[170633.656,560350.995],[170647.511,560315.997],[170662.56,560277.585],[170662.569,560277.561],[170675.617,560244.74],[170686.03,560218.532],[170686.034,560218.522],[170695.847,560193.97],[170701.457,560179.694],[170699.778,560177.723],[170687.344,560176.95],[170687.324,560176.949],[170674.165,560176.077],[170658.07,560175.125],[170657.466,560175.052],[170635.688,560171.072],[170613.551,560170.378],[170593.023,560171.944],[170592.733,560171.958],[170579.556,560172.196],[170578.971,560172.173],[170566.341,560170.917],[170544.205,560170.054],[170530.571,560170.054],[170530.366,560170.05],[170514.888,560169.415],[170514.546,560169.389],[170499.385,560167.722],[170499.167,560167.693],[170485.832,560165.63],[170485.13,560165.468],[170476.081,560162.69],[170474.962,560162.189],[170467.739,560157.824],[170466.883,560157.171],[170466.186,560156.35],[170463.011,560151.667],[170462.379,560150.356],[170457.08,560133.446],[170451.626,560121.705],[170442.015,560106.078],[170441.973,560106.009],[170427.527,560081.641],[170427.459,560081.522],[170418.225,560064.932],[170408.554,560051.284],[170391.503,560027.73],[170391.45,560027.655],[170375.813,560005.192],[170375.641,560004.926],[170364.597,559986.7],[170357.102,559979.133],[170338.563,559966.567],[170329.543,559960.633],[170328.568,559959.793],[170323.091,559953.681],[170322.461,559952.803],[170322.034,559951.81],[170320.209,559945.857],[170319.996,559944.654],[170319.617,559937.442],[170317.209,559924.527],[170309.711,559911.149],[170298.459,559896.972],[170265.327,559872.279],[170265.186,559872.17],[170245.204,559856.138],[170221.98,559845.687],[170196.886,559834.5],[170165.73,559828.655],[170165.425,559828.588],[170147.857,559824.143],[170147.617,559824.076],[170128.99,559818.361],[170128.718,559818.269],[170115.594,559813.4],[170115.424,559813.334],[170105.688,559809.312],[170105.03,559808.982],[170082.381,559795.435],[170082.036,559795.209],[170041.106,559765.883],[169999.519,559740.048],[169959.537,559719.743],[169936.869,559711.318],[169926.987,559711.888],[169874.527,559716.569],[169871.065,559720.236],[169868.544,559723.589],[169862.111,559733.767],[169859.374,559739.267],[169859.307,559739.397],[169854.18,559748.984],[169851.479,559754.477],[169847.734,559763.008],[169842.529,559776.894],[169842.435,559777.126],[169821.129,559826.317],[169814.35,559842.336],[169807.841,559857.694],[169807.804,559857.779],[169791.249,559894.91],[169788.677,559901.112],[169788.541,559902.644],[169788.718,559905.058],[169789.09,559906.358],[169789.955,559908.539],[169791.448,559911.773],[169791.731,559912.548],[169792.63,559915.831],[169792.733,559916.289],[169793.236,559919.16],[169793.259,559919.309],[169793.615,559921.773],[169793.665,559922.585],[169793.59,559926.347],[169793.548,559926.904],[169793.182,559929.665],[169792.977,559930.565],[169792.218,559932.884],[169792.192,559933.216],[169792.082,559934.007],[169792.059,559934.107],[169792.051,559934.209],[169791.945,559934.583],[169791.854,559934.961],[169791.811,559935.054],[169791.783,559935.152],[169786.944,559947.477],[169786.85,559947.701],[169786.282,559948.964],[169783.154,559956.871],[169783.095,559957.014],[169775.239,559975.206],[169775.218,559975.253],[169768.621,559990.108],[169764.959,559999.39],[169764.832,559999.684],[169760.222,560009.482],[169759.982,560009.931],[169755.617,560017.185],[169751.902,560024.232],[169748.391,560031.361],[169739.481,560050.442],[169735.566,560059.531],[169735.563,560059.538],[169721.617,560091.782],[169714.333,560108.779],[169709.675,560119.669],[169702.811,560135.903],[169695.848,560153.197],[169695.803,560153.306],[169693.692,560158.212],[169693.666,560158.271],[169688.007,560170.972],[169687.997,560170.993],[169681.027,560186.446],[169673.578,560204.003],[169673.533,560204.105],[169665.799,560221.256],[169647.91,560261.781],[169639.653,560281.088],[169629.864,560304.9],[169629.85,560304.933],[169622.564,560322.297],[169617.902,560334.301],[169617.852,560334.426],[169613.247,560345.394],[169597.008,560387.789],[169596.766,560388.325],[169596.225,560389.355],[169595.257,560391.693],[169595.168,560392.015],[169595.01,560392.496],[169592.447,560399.133],[169591.309,560402.733],[169590.513,560406.539],[169589.939,560411.495],[169589.853,560412.003],[169588.829,560416.617],[169588.659,560417.208],[169587.737,560419.802],[169587.696,560419.911],[169585.892,560424.633],[169585.641,560425.188],[169583.638,560428.973],[169583.546,560429.139],[169578.522,560437.822],[169575.28,560444.143],[169575.238,560444.224],[169572.253,560449.79],[169565.751,560463.298],[169563.031,560469.436],[169561.49,560473.421],[169561.243,560474.302],[169561.253,560475.601],[169561.379,560476.834],[169562.502,560479.247],[169564.76,560483.964],[169564.926,560484.352],[169566.493,560488.488],[169566.694,560489.16],[169567.609,560493.221],[169567.682,560493.617],[169568.009,560495.925],[169568.058,560496.675],[169568.029,560499.722],[169567.929,560500.673],[169567.55,560502.532],[169567.279,560503.424],[169566.396,560505.584],[169565.872,560506.548],[169564.72,560508.204],[169563.953,560509.071],[169559.078,560513.443],[169558.962,560513.558],[169558.923,560513.604],[169558.815,560513.766],[169558.606,560513.976],[169558.414,560514.201],[169558.261,560514.322],[169558.123,560514.46],[169557.434,560515.028],[169550.917,560520.962],[169550.636,560521.2],[169547.54,560523.626],[169547.284,560523.814],[169541.129,560528.038],[169538.045,560530.277],[169536.614,560531.599],[169536.607,560531.606],[169535.28,560532.826],[169534.568,560533.609],[169534.135,560534.486],[169534.106,560534.544],[169530.953,560540.726],[169526.523,560550.445],[169524.76,560555.209],[169524.767,560555.292],[169524.877,560555.576],[169525.613,560557.242],[169531.556,560569.937],[169531.608,560570.05],[169536.459,560581.122],[169543.511,560596.049],[169543.538,560596.086],[169544.105,560596.153],[169544.833,560596.293],[169545.947,560596.595],[169546.494,560596.778],[169548.622,560597.629],[169548.774,560597.692],[169554.571,560600.233],[169555.051,560600.475],[169558.926,560602.698],[169559.262,560602.909],[169561.072,560604.148],[169562.76,560605.231],[169563.473,560605.786],[169564.969,560607.184],[169565.16,560607.372],[169569.213,560611.589],[169569.669,560612.137],[169578.869,560624.945],[169579.386,560625.852],[169579.704,560626.847],[169579.808,560627.886],[169579.694,560628.924],[169579.367,560629.915],[169578.841,560630.817],[169573.855,560637.622],[169573.158,560638.391],[169572.318,560638.999],[169571.37,560639.421],[169570.356,560639.638],[169569.319,560639.641],[169567.022,560639.409],[169565.818,560639.134],[169563.101,560638.147],[169562.289,560637.767],[169561.558,560637.248],[169559.846,560635.784],[169559.048,560634.919],[169555.295,560629.745],[169555.01,560629.306],[169550.737,560621.892],[169550.424,560621.644],[169548.414,560620.562],[169548.075,560620.362],[169546.6,560619.412],[169545.383,560618.9],[169543.903,560618.612],[169539.589,560618.046],[169538.544,560617.793],[169536.444,560617.036],[169535.816,560616.759],[169532.492,560615.014],[169531.856,560614.617],[169531.287,560614.129],[169528.42,560611.273],[169527.936,560610.713],[169525.028,560606.799],[169524.781,560606.434],[169521.648,560601.334],[169521.304,560600.667],[169518.037,560592.952],[169518.023,560592.92],[169514.61,560584.705],[169514.571,560584.608],[169513.199,560581.101],[169505.67,560598.986],[169493.101,560628.776],[169489.827,560637.179],[169526.438,560716.896],[169526.786,560717.945],[169526.894,560719.045],[169526.759,560720.141],[169525.7,560724.586],[169525.416,560725.436],[169524.984,560726.221],[169524.419,560726.916],[169523.739,560727.499],[169522.965,560727.952],[169515.769,560731.339],[169515.326,560731.496],[169514.886,560731.657],[169514.865,560731.66],[169514.845,560731.667],[169514.381,560731.735],[169513.917,560731.807],[169513.896,560731.806],[169513.875,560731.809],[169513.407,560731.785],[169512.938,560731.765],[169512.917,560731.76],[169512.896,560731.759],[169512.441,560731.644],[169511.985,560731.533],[169511.966,560731.524],[169511.946,560731.519],[169511.522,560731.318],[169511.097,560731.12],[169511.08,560731.107],[169511.061,560731.098],[169510.684,560730.818],[169510.306,560730.541],[169506.284,560726.942],[169505.586,560726.173],[169505.062,560725.275],[169477.955,560665.285],[169477.821,560665.573],[169477.356,560666.591],[169476.777,560668.029],[169476.592,560668.382],[169476.421,560668.742],[169475.944,560669.533],[169472.008,560676.715],[169471.878,560676.938],[169463.364,560690.732],[169463.29,560690.849],[169458.289,560698.472],[169447.786,560715.379],[169438.639,560730.547],[169438.602,560730.608],[169430.396,560743.788],[169420.639,560759.939],[169420.6,560760.004],[169402.325,560789.247],[169402.31,560789.27],[169383.212,560819.453],[169373.54,560834.863],[169367.138,560845.426],[169366.948,560845.762],[169366.946,560845.775],[169366.997,560845.994],[169367.251,560846.495],[169389.538,560876.871],[169389.595,560876.951],[169410.223,560906.25],[169410.228,560906.257],[169419.21,560919.061],[169419.414,560919.376],[169433.631,560943.276],[169436.766,560948.125],[169450.43,560966.947],[169450.517,560967.071],[169484.422,561016.878],[169484.468,561016.948],[169494.833,561032.734],[169498.276,561026.344],[169501.358,561019.771],[169501.398,561019.688],[169508.139,561005.983],[169508.182,561005.897],[169510.866,561000.694],[169510.919,561000.595],[169518.651,560986.405],[169536.922,560951.965],[169565.688,560897.58],[169563.943,560892.953],[169563.68,560891.951],[169563.629,560890.916],[169563.792,560889.893],[169564.163,560888.925],[169564.725,560888.055],[169565.455,560887.319],[169566.32,560886.75],[169570.733,560884.461],[169570.847,560884.416],[169570.952,560884.355],[169577.151,560881.514],[169578.066,560881.198],[169579.025,560881.064],[169579.992,560881.117],[169580.93,560881.356],[169581.805,560881.772],[169582.584,560882.348],[169583.236,560883.063],[169583.739,560883.891],[169596.121,560909.608],[169596.327,560910.102],[169601.407,560924.39],[169601.579,560924.99],[169616.814,560994.181],[169627.921,561042.418],[169627.931,561042.462],[169632.784,561064.443],[169639.759,561095.167],[169639.792,561095.324],[169642.838,561111.058],[169642.9,561111.466],[169644.529,561126.406],[169646.176,561140.476],[169646.206,561140.867],[169647.146,561165.578],[169647.081,561166.597],[169646.809,561167.582],[169646.343,561168.491],[169645.702,561169.287],[169644.913,561169.935],[169644.008,561170.41],[169643.025,561170.69],[169620.148,561174.759],[169583.962,561182.602],[169573.014,561186.25],[169555.067,561193.337],[169513.355,561210.438],[169513.291,561210.463],[169479.629,561223.728],[169479.361,561223.825],[169469.124,561227.198],[169469.084,561227.211],[169434.867,561238.167],[169434.677,561238.224],[169381.972,561252.829],[169380.975,561252.999],[169379.964,561252.965],[169378.981,561252.728],[169378.065,561252.298],[169375.027,561250.475],[169349.261,561256.365],[169276.768,561274.607],[169236.797,561284.727],[169236.548,561284.784],[169185.446,561294.974],[169129.236,561307.282],[169047.339,561329.141],[169047.266,561329.16],[169001.836,561340.55],[169001.555,561340.612],[168961.836,561348.172],[168961.442,561348.231],[168938.106,561350.771],[168937.932,561350.787],[168901.055,561353.498],[168858.598,561356.975],[168858.33,561356.99],[168841.344,561357.466],[168840.907,561357.459],[168803.442,561355.237],[168803.323,561355.228],[168782.368,561353.482],[168781.93,561353.426],[168762.523,561350.065],[168762.364,561350.034],[168746.967,561346.851],[168727.972,561344.863],[168714.402,561345.933],[168700.033,561347.935],[168663.174,561356.036],[168637.643,561363.556],[168637.522,561363.59],[168568.697,561382.002],[168538.048,561391.648],[168501.658,561403.728],[168469.046,561415.359],[168451.096,561422.511],[168427.875,561432.171],[168385.929,561449.924],[168385.89,561449.941],[168351.99,561463.951],[168351.97,561463.959],[168319.29,561477.299],[168319.243,561477.318],[168248.383,561505.408],[168248.175,561505.485],[168222.444,561514.389],[168167.664,561533.829],[168151.106,561540.611],[168151.057,561540.63],[168116.291,561554.442],[168116.135,561554.5],[168050.947,561577.918],[168050.854,561577.951],[168032.236,561584.225],[168005.644,561594.446],[167987.477,561602.155],[167953.328,561619.983],[167930.267,561635.409],[167910.479,561651.741],[167895.325,561664.528],[167878.878,561679.393],[167878.761,561679.496],[167859.987,561695.43],[167848.056,561706.889],[167836.741,561718.048],[167821.429,561734.781],[167821.276,561734.941],[167811.751,561744.466],[167811.682,561744.533],[167803.268,561752.629],[167803.092,561752.791],[167785.698,561767.992],[167756.63,561800.339],[167756.62,561800.351],[167720.325,561840.487],[167720.267,561840.55],[167703.798,561858.144],[167703.08,561858.777],[167702.255,561859.261],[167701.352,561859.58],[167700.406,561859.72],[167699.45,561859.678],[167698.52,561859.455],[167697.649,561859.058],[167696.87,561858.503],[167686.103,561849.155],[167686.066,561849.116],[167686.023,561849.084],[167685.73,561848.76],[167685.429,561848.443],[167685.401,561848.397],[167685.365,561848.358],[167685.14,561847.983],[167684.908,561847.613],[167684.889,561847.563],[167684.861,561847.517],[167684.714,561847.106],[167684.558,561846.698],[167684.549,561846.644],[167684.531,561846.594],[167684.467,561846.162],[167684.394,561845.731],[167684.395,561845.677],[167684.387,561845.624],[167684.409,561845.188],[167684.421,561844.752],[167684.433,561844.699],[167684.435,561844.645],[167684.541,561844.222],[167684.639,561843.796],[167684.661,561843.747],[167684.674,561843.694],[167684.86,561843.3],[167685.039,561842.901],[167685.07,561842.857],[167685.093,561842.808],[167685.353,561842.458],[167685.606,561842.102],[167685.645,561842.065],[167685.677,561842.021],[167691.05,561836.095],[167691.053,561836.092],[167691.055,561836.089],[167694.091,561832.75],[167694.244,561832.589],[167706.52,561820.24],[167724.367,561800.494],[167732.538,561791.212],[167733.31,561790.501],[167734.117,561790.025],[167734.259,561789.312],[167734.649,561788.384],[167735.218,561787.552],[167745.409,561775.471],[167745.479,561775.39],[167754.034,561765.676],[167753.965,561765.363],[167753.943,561764.4],[167754.106,561763.451],[167754.449,561762.55],[167754.957,561761.732],[167755.613,561761.026],[167761.311,561755.977],[167761.46,561755.85],[167767.878,561750.597],[167768.201,561750.353],[167772.737,561747.217],[167776.232,561744.544],[167780.055,561740.603],[167781.722,561736.251],[167781.784,561736.097],[167785.373,561727.585],[167785.781,561726.814],[167787.289,561724.481],[167787.597,561724.055],[167791.646,561719.035],[167791.835,561718.813],[167793.139,561717.378],[167793.699,561716.849],[167794.333,561716.413],[167796.252,561715.3],[167796.728,561715.057],[167803.224,561712.168],[167805.22,561710.649],[167809.813,561706.658],[167817.752,561697.636],[167823.8,561690.63],[167815.624,561684.062],[167806.633,561677.787],[167786.106,561665.373],[167766.666,561653.801],[167766.536,561653.721],[167758.566,561648.641],[167744.6,561640.968],[167728.937,561633.306],[167728.916,561633.296],[167722.11,561629.927],[167721.775,561629.744],[167714.029,561625.144],[167713.892,561625.059],[167701.977,561617.453],[167701.89,561617.396],[167684.308,561605.652],[167647.536,561582.362],[167625.757,561569.659],[167625.678,561569.613],[167608.839,561559.374],[167608.745,561559.315],[167585.337,561544.361],[167562.898,561530.825],[167562.785,561530.755],[167554.379,561525.376],[167474.587,561477.962],[167473.908,561477.58],[167473.89,561477.57],[167473.015,561477.073],[167472.437,561476.756],[167472.122,561476.567],[167466.743,561473.078],[167447.286,561461.628],[167447.22,561461.588],[167422.331,561446.416],[167422.322,561446.41],[167406.816,561436.913],[167364.473,561411.66],[167364.42,561411.627],[167334.307,561393.153],[167304.112,561375.763],[167304.038,561375.719],[167288.968,561366.689],[167273.412,561359.003],[167273.36,561358.977],[167257.214,561350.765],[167235.497,561340.666],[167227.454,561337.206],[167227.345,561337.158],[167212.007,561330.122],[167193.367,561321.965],[167152.271,561304.047],[167152.197,561304.014],[167133.185,561295.356],[167108.799,561284.895],[167108.591,561284.801],[167101.178,561281.212],[167088.286,561275.364],[167064.39,561264.873],[167064.29,561264.827],[167047.513,561257.014],[167046.437,561256.532],[167034.537,561251.298],[167027.839,561248.562],[167027.671,561248.49],[167002.237,561237.001],[166967.677,561221.774],[166936.299,561208.094],[166936.255,561208.074],[166924.595,561202.855],[166866.355,561177.011],[166866.343,561177.006],[166845.993,561167.915],[166819.244,561156.1],[166819.221,561156.089],[166783.31,561140.015],[166783.266,561139.995],[166749.487,561124.478],[166746.52,561124.349],[166745.34,561124.155],[166744.24,561123.686],[166737.235,561119.648],[166711.863,561105.574],[166710.83,561104.812],[166706.984,561101.129],[166706.114,561100.02],[166704.551,561097.314],[166704.23,561096.652],[166704.011,561095.95],[166703.208,561092.513],[166703.089,561091.724],[166702.75,561086.866],[166702.743,561086.29],[166703.238,561075.446],[166703.37,561074.514],[166703.673,561073.623],[166703.794,561073.411],[166703.712,561068.473],[166703.483,561064.136],[166703.479,561063.707],[166703.625,561059.301],[166701.599,561052.154],[166701.422,561051.142],[166701.456,561050.114],[166701.699,561049.116],[166701.728,561049.032],[166700.646,561045.995],[166700.425,561045.142],[166700.357,561044.264],[166700.444,561043.387],[166700.683,561042.539],[166701.717,561039.823],[166702.072,561039.079],[166703.939,561035.882],[166704.039,561035.718],[166707.435,561030.384],[166710.062,561026.217],[166710.458,561025.673],[166715.682,561019.433],[166715.695,561019.418],[166718.688,561015.87],[166719.2,561015.346],[166726.227,561009.142],[166726.305,561009.074],[166727.696,561007.896],[166733.914,561002.169],[166735.608,561000.262],[166736.282,560999.047],[166736.908,560997.201],[166739.17,560986.953],[166740.572,560980.461],[166740.662,560980.108],[166742.296,560974.542],[166742.432,560974.141],[166744.029,560970.029],[166745.859,560965.175],[166746.042,560964.749],[166747.858,560961.022],[166748.205,560960.42],[166750.992,560956.277],[166751.152,560956.053],[166753.466,560952.993],[166754.891,560950.975],[166755.7,560950.08],[166758.295,560947.83],[166758.635,560947.561],[166763.793,560943.819],[166769.736,560939.437],[166774.935,560935.45],[166780.016,560931.127],[166785.335,560926.238],[166789.889,560921.697],[166799.36,560911.853],[166810.752,560899.517],[166817.638,560889.778],[166820.675,560884.584],[166810.771,560879.976],[166744.434,560850.596],[166742.978,560850.06],[166742.651,560849.926],[166677.464,560820.518],[166677.422,560820.498],[166613.462,560790.928],[166613.206,560790.801],[166591.269,560779.093],[166550.181,560759.078],[166545.089,560757.06],[166544.851,560756.958],[166521.929,560746.471],[166521.806,560746.413],[166509.013,560740.133],[166503.833,560737.794],[166495.751,560734.479],[166488.633,560731.71],[166487.955,560731.386],[166487.705,560731.242],[166486.908,560730.889],[166484.301,560730.013],[166484.065,560729.927],[166470.045,560724.423],[166461.683,560721.942],[166453.64,560720.578],[166434.933,560720.661],[166433.756,560720.526],[166423.078,560717.99],[166422.694,560717.883],[166409.337,560713.56],[166408.872,560713.384],[166397.35,560708.342],[166394.837,560707.561],[166394.192,560707.31],[166383.61,560702.33],[166372.803,560698.143],[166365.883,560695.472],[166361.816,560694.198],[166350.706,560692.474],[166348.303,560692.223],[166342.635,560691.843],[166334.792,560692.276],[166330.01,560694.343],[166327.255,560697.768],[166325.628,560701.124],[166325.591,560701.199],[166314.137,560723.864],[166313.698,560724.578],[166309.828,560729.822],[166309.45,560730.275],[166305.806,560734.156],[166305.59,560734.373],[166301.611,560738.122],[166297.571,560743.207],[166294.209,560750.361],[166294.039,560750.836],[166293.061,560753.952],[166292.691,560754.829],[166291.09,560757.798],[166288.939,560762.212],[166288.711,560762.628],[166285.955,560767.14],[166285.938,560767.167],[166282.421,560772.844],[166276.558,560782.765],[166267.907,560777.749],[166267.935,560777.701],[166273.839,560767.712],[166273.893,560767.622],[166277.429,560761.914],[166280.054,560757.618],[166282.145,560753.325],[166282.239,560753.141],[166283.663,560750.503],[166284.528,560747.745],[166284.593,560747.552],[166284.878,560746.758],[166285.058,560746.322],[166288.768,560738.427],[166289.378,560737.443],[166294.005,560731.62],[166294.491,560731.091],[166298.621,560727.2],[166301.957,560723.646],[166305.402,560718.978],[166316.648,560696.725],[166318.504,560692.896],[166319.107,560691.943],[166322.994,560687.111],[166323.861,560686.266],[166324.906,560685.655],[166331.642,560682.743],[166332.479,560682.466],[166333.35,560682.34],[166342.388,560681.841],[166342.998,560681.845],[166349.064,560682.251],[166349.25,560682.267],[166351.869,560682.541],[166352.117,560682.573],[166363.72,560684.374],[166364.448,560684.544],[166369.027,560685.978],[166369.332,560686.085],[166376.407,560688.815],[166376.413,560688.817],[166387.386,560693.069],[166387.709,560693.207],[166397.881,560697.994],[166397.882,560697.995],[166400.649,560698.896],[166401.104,560699.069],[166412.652,560704.122],[166425.582,560708.307],[166435.486,560710.658],[166454.028,560710.576],[166454.886,560710.647],[166463.653,560712.133],[166464.239,560712.27],[166473.095,560714.897],[166473.293,560714.978],[166473.5,560715.036],[166487.602,560720.573],[166490.312,560721.483],[166490.525,560721.579],[166490.747,560721.652],[166491.996,560722.205],[166492.46,560722.441],[166492.61,560722.527],[166499.419,560725.176],[166499.503,560725.21],[166507.709,560728.576],[166507.868,560728.644],[166513.201,560731.051],[166513.347,560731.12],[166526.152,560737.406],[166548.894,560747.811],[166554.042,560749.852],[166554.39,560750.005],[166595.731,560770.143],[166595.896,560770.227],[166617.788,560781.912],[166681.597,560811.412],[166746.602,560840.738],[166748.042,560841.268],[166748.337,560841.388],[166814.863,560870.852],[166814.948,560870.89],[166829.014,560877.435],[166829.332,560877.623],[166829.659,560877.795],[166829.754,560877.872],[166829.858,560877.934],[166830.133,560878.18],[166830.42,560878.413],[166830.498,560878.506],[166830.589,560878.588],[166830.811,560878.883],[166831.047,560879.167],[166831.104,560879.274],[166831.177,560879.371],[166831.337,560879.704],[166831.514,560880.029],[166831.81,560880.734],[166832.082,560881.585],[166832.198,560882.471],[166832.154,560883.363],[166832.064,560884.014],[166831.89,560884.796],[166831.594,560885.541],[166831.092,560886.557],[166830.925,560886.866],[166826.161,560895.012],[166825.928,560895.375],[166818.729,560905.557],[166818.319,560906.062],[166806.672,560918.675],[166806.602,560918.749],[166797.06,560928.667],[166796.987,560928.741],[166792.323,560933.391],[166792.177,560933.532],[166786.713,560938.554],[166786.569,560938.682],[166781.318,560943.149],[166781.121,560943.308],[166775.784,560947.401],[166775.709,560947.457],[166769.712,560951.879],[166769.681,560951.902],[166764.682,560955.528],[166762.71,560957.238],[166761.589,560958.827],[166761.492,560958.959],[166759.212,560961.974],[166756.696,560965.714],[166755.134,560968.919],[166753.378,560973.579],[166753.36,560973.626],[166751.831,560977.563],[166750.308,560982.75],[166748.943,560989.074],[166748.938,560989.097],[166746.614,560999.624],[166746.467,561000.152],[166745.608,561002.685],[166745.245,561003.506],[166744.084,561005.598],[166743.45,561006.492],[166741.223,561008.998],[166740.873,561009.354],[166734.395,561015.321],[166734.239,561015.459],[166732.808,561016.672],[166726.094,561022.599],[166723.344,561025.859],[166718.342,561031.834],[166715.889,561035.726],[166715.877,561035.745],[166712.526,561041.008],[166710.916,561043.765],[166710.684,561044.374],[166711.745,561047.353],[166712.003,561048.46],[166712.003,561049.598],[166711.747,561050.705],[166711.655,561050.962],[166713.458,561057.324],[166713.611,561058.081],[166713.645,561058.853],[166713.481,561063.823],[166713.703,561068.036],[166713.699,561068.127],[166713.709,561068.218],[166713.831,561075.582],[166713.751,561076.559],[166713.482,561077.501],[166713.123,561078.2],[166712.746,561086.458],[166713.037,561090.629],[166713.58,561092.953],[166714.416,561094.4],[166717.28,561097.143],[166742.122,561110.923],[166742.193,561110.964],[166748.175,561114.411],[166750.9,561114.53],[166751.857,561114.665],[166752.77,561114.982],[166787.418,561130.897],[166823.295,561146.957],[166850.043,561158.771],[166850.062,561158.78],[166870.416,561167.873],[166928.658,561193.718],[166928.673,561193.725],[166940.318,561198.937],[166971.682,561212.611],[166971.7,561212.619],[167006.29,561227.859],[167006.333,561227.878],[167031.704,561239.339],[167038.38,561242.066],[167038.439,561242.097],[167038.502,561242.118],[167050.479,561247.385],[167050.512,561247.4],[167051.637,561247.904],[167051.702,561247.934],[167068.461,561255.739],[167092.334,561266.22],[167092.39,561266.245],[167105.366,561272.131],[167105.478,561272.184],[167112.845,561275.75],[167137.178,561286.188],[167137.28,561286.233],[167156.305,561294.897],[167197.366,561312.8],[167197.372,561312.803],[167216.056,561320.979],[167216.136,561321.015],[167231.46,561328.043],[167239.515,561331.508],[167239.648,561331.567],[167261.51,561341.735],[167261.668,561341.812],[167277.868,561350.051],[167293.579,561357.813],[167293.934,561358.007],[167309.141,561367.119],[167339.358,561384.522],[167339.477,561384.593],[167369.622,561403.087],[167411.963,561428.339],[167412.014,561428.37],[167427.541,561437.88],[167452.392,561453.029],[167471.909,561464.515],[167472.094,561464.629],[167477.41,561468.078],[167477.859,561468.324],[167477.89,561468.345],[167477.924,561468.36],[167478.822,561468.871],[167479.543,561469.277],[167479.645,561469.336],[167559.559,561516.822],[167559.7,561516.909],[167568.12,561522.297],[167590.558,561535.832],[167590.667,561535.9],[167614.082,561550.858],[167630.834,561561.044],[167652.653,561573.77],[167652.809,561573.865],[167689.71,561597.236],[167689.812,561597.302],[167707.402,561609.052],[167719.205,561616.587],[167726.717,561621.049],[167733.342,561624.329],[167749.1,561632.038],[167749.311,561632.147],[167763.523,561639.954],[167763.803,561640.12],[167771.847,561645.247],[167791.236,561656.789],[167791.266,561656.807],[167811.948,561669.315],[167812.222,561669.493],[167821.485,561675.958],[167821.755,561676.16],[167831.917,561684.323],[167832.218,561684.584],[167833.362,561685.665],[167834.044,561686.458],[167834.545,561687.376],[167834.845,561688.378],[167834.986,561689.127],[167835.072,561690.041],[167834.989,561690.954],[167834.85,561691.713],[167834.391,561693.072],[167833.938,561693.965],[167833.264,561694.97],[167825.307,561704.188],[167825.275,561704.224],[167817.099,561713.516],[167816.625,561713.986],[167811.657,561718.304],[167811.405,561718.509],[167808.816,561720.479],[167807.82,561721.069],[167801.036,561724.086],[167800.021,561724.674],[167799.337,561725.427],[167795.545,561730.129],[167794.418,561731.874],[167791.03,561739.906],[167789.027,561745.137],[167788.573,561746.038],[167787.947,561746.829],[167783.153,561751.772],[167782.601,561752.263],[167778.717,561755.233],[167778.523,561755.374],[167774.055,561758.464],[167767.87,561763.526],[167765.409,561765.707],[167765.395,561766.564],[167765.178,561767.547],[167764.767,561768.466],[167764.182,561769.284],[167753.018,561781.959],[167744.484,561792.076],[167744.5,561792.533],[167744.365,561793.435],[167744.068,561794.298],[167743.62,561795.092],[167741.667,561797.915],[167741.03,561798.664],[167740.26,561799.274],[167739.385,561799.722],[167738.44,561799.99],[167738.11,561800.017],[167731.852,561807.126],[167731.808,561807.175],[167713.859,561827.033],[167713.696,561827.206],[167701.415,561839.56],[167698.456,561842.814],[167696.517,561844.953],[167699.788,561847.794],[167712.937,561833.747],[167749.198,561793.65],[167778.461,561761.083],[167778.89,561760.66],[167796.421,561745.34],[167804.714,561737.361],[167814.126,561727.948],[167829.45,561711.202],[167829.628,561711.017],[167841.058,561699.746],[167841.106,561699.7],[167853.17,561688.112],[167853.399,561687.905],[167872.231,561671.922],[167888.683,561657.052],[167888.811,561656.94],[167904.051,561644.081],[167904.093,561644.046],[167924.095,561627.536],[167924.498,561627.236],[167947.993,561611.52],[167948.459,561611.244],[167983.026,561593.198],[167983.387,561593.027],[168001.817,561585.207],[168001.976,561585.143],[168028.746,561574.853],[168028.943,561574.782],[168047.613,561568.49],[168112.676,561545.117],[168147.34,561531.347],[168163.985,561524.53],[168164.207,561524.445],[168219.118,561504.958],[168219.155,561504.945],[168244.8,561496.071],[168315.534,561468.031],[168348.18,561454.705],[168382.051,561440.707],[168423.991,561422.955],[168424.02,561422.944],[168447.29,561413.264],[168447.359,561413.235],[168465.429,561406.035],[168465.6,561405.97],[168498.35,561394.291],[168498.455,561394.255],[168534.935,561382.145],[168535.009,561382.121],[168565.799,561372.431],[168566.008,561372.37],[168634.877,561353.946],[168660.517,561346.394],[168660.857,561346.306],[168698.077,561338.126],[168698.46,561338.058],[168713.17,561336.008],[168713.467,561335.975],[168727.643,561334.858],[168728.557,561334.869],[168748.256,561336.932],[168748.748,561337.008],[168764.31,561340.225],[168783.419,561343.535],[168804.094,561345.258],[168841.282,561347.464],[168857.916,561346.998],[168900.26,561343.53],[168900.301,561343.527],[168937.111,561340.821],[168960.162,561338.312],[168999.544,561330.815],[169044.797,561319.469],[169126.766,561297.591],[169126.986,561297.538],[169183.352,561285.195],[169183.444,561285.176],[169234.467,561275.001],[169274.317,561264.912],[169274.324,561264.91],[169346.873,561246.654],[169346.979,561246.629],[169374.76,561240.279],[169375.197,561240.223],[169375.631,561240.159],[169375.682,561240.161],[169375.733,561240.155],[169376.171,561240.186],[169376.611,561240.207],[169376.66,561240.22],[169376.711,561240.223],[169377.135,561240.339],[169377.561,561240.446],[169377.607,561240.468],[169377.656,561240.481],[169378.05,561240.677],[169378.447,561240.865],[169381.37,561242.619],[169431.912,561228.613],[169466.015,561217.694],[169476.095,561214.372],[169509.593,561201.172],[169551.304,561184.072],[169551.364,561184.047],[169569.468,561176.899],[169569.724,561176.806],[169581.058,561173.03],[169581.579,561172.887],[169618.121,561164.966],[169618.305,561164.93],[169636.988,561161.607],[169636.221,561141.443],[169634.595,561127.549],[169634.59,561127.51],[169632.981,561112.756],[169629.989,561097.303],[169623.029,561066.642],[169623.022,561066.613],[169618.171,561044.64],[169607.064,560996.402],[169607.053,560996.355],[169591.88,560927.445],[169586.995,560913.705],[169576.857,560892.649],[169575.228,560893.395],[169574.868,560893.582],[169575.841,560896.161],[169576.107,560897.183],[169576.152,560898.24],[169575.975,560899.282],[169575.582,560900.263],[169545.76,560956.644],[169545.757,560956.649],[169527.472,560991.116],[169527.446,560991.166],[169519.727,561005.33],[169517.091,561010.439],[169510.392,561024.059],[169507.27,561030.716],[169507.145,561030.965],[169502.141,561040.251],[169501.798,561041.152],[169501.488,561041.814],[169500.848,561042.955],[169500.317,561044.12],[169499.609,561045.248],[169499.354,561045.554],[169498.679,561046.223],[169497.889,561046.752],[169497.014,561047.123],[169496.084,561047.321],[169495.134,561047.339],[169494.197,561047.178],[169493.308,561046.842],[169492.846,561046.615],[169492.106,561046.168],[169491.454,561045.6],[169490.909,561044.928],[169489.821,561043.321],[169489.783,561043.263],[169476.131,561022.471],[169442.293,560972.76],[169428.594,560953.89],[169428.442,560953.667],[169425.183,560948.627],[169425.085,560948.469],[169410.916,560924.65],[169402.044,560912.003],[169381.446,560882.747],[169358.947,560852.081],[169358.521,560851.389],[169357.802,560849.975],[169357.386,560848.826],[169356.986,560847.077],[169356.863,560846.142],[169356.917,560845.201],[169357.203,560843.341],[169357.42,560842.466],[169357.791,560841.643],[169358.467,560840.444],[169358.546,560840.309],[169365.008,560829.646],[169365.049,560829.58],[169374.747,560814.13],[169374.757,560814.114],[169393.852,560783.935],[169412.099,560754.736],[169421.855,560738.589],[169421.889,560738.532],[169430.094,560725.353],[169439.24,560710.187],[169439.274,560710.13],[169449.827,560693.142],[169449.894,560693.038],[169454.891,560685.421],[169463.301,560671.795],[169467.224,560664.636],[169467.327,560664.457],[169467.651,560663.921],[169468.123,560662.749],[169468.212,560662.542],[169468.732,560661.402],[169468.751,560661.361],[169470.017,560658.65],[169470.026,560658.631],[169473.572,560651.12],[169474.076,560650.279],[169474.646,560649.649],[169471.676,560643.182],[169470.918,560641.12],[169470.493,560638.965],[169470.41,560636.769],[169470.671,560634.588],[169471.271,560632.475],[169472.193,560630.481],[169473.416,560628.656],[169474.91,560627.045],[169476.637,560625.688],[169478.555,560624.617],[169480.617,560623.859],[169482.773,560623.434],[169484.529,560623.367],[169496.455,560595.101],[169504.842,560575.179],[169504.899,560575.05],[169508.963,560566.112],[169509.451,560565.268],[169510.093,560564.536],[169510.865,560563.941],[169511.738,560563.508],[169512.678,560563.252],[169513.65,560563.183],[169514.617,560563.304],[169515.541,560563.611],[169516.389,560564.09],[169517.128,560564.725],[169517.73,560565.492],[169518.171,560566.36],[169523.865,560580.917],[169527.251,560589.068],[169530.366,560596.42],[169533.187,560601.012],[169535.741,560604.451],[169537.809,560606.511],[169540.159,560607.745],[169541.426,560608.202],[169545.357,560608.717],[169545.66,560608.767],[169547.798,560609.182],[169548.781,560609.481],[169550.878,560610.362],[169551.649,560610.769],[169553.326,560611.849],[169555.553,560613.048],[169556.289,560613.532],[169557.698,560614.648],[169558.378,560615.301],[169558.924,560616.07],[169563.543,560624.085],[169566.795,560628.568],[169567.368,560629.058],[169567.656,560629.163],[169568.631,560627.833],[169561.755,560618.261],[169558.044,560614.399],[169556.977,560613.402],[169555.609,560612.524],[169555.485,560612.442],[169553.777,560611.273],[169550.309,560609.283],[169544.835,560606.884],[169543.051,560606.171],[169542.575,560606.042],[169541.021,560605.86],[169539.826,560605.569],[169538.962,560605.24],[169537.929,560604.703],[169537.049,560603.942],[169536.44,560603.277],[169536.081,560602.837],[169535.142,560601.543],[169534.669,560600.743],[169527.387,560585.33],[169527.328,560585.2],[169522.473,560574.12],[169516.533,560561.433],[169516.487,560561.332],[169515.684,560559.513],[169515.597,560559.305],[169515.183,560558.239],[169514.86,560556.839],[169514.76,560555.624],[169514.744,560555.113],[169514.762,560554.212],[169514.848,560553.381],[169515.072,560552.576],[169517.207,560546.803],[169517.347,560546.464],[169521.899,560536.479],[169521.995,560536.281],[169525.183,560530.029],[169525.914,560528.549],[169526.7,560527.396],[169528.036,560525.93],[169528.347,560525.617],[169529.832,560524.251],[169531.475,560522.732],[169531.93,560522.359],[169535.306,560519.907],[169535.416,560519.83],[169541.496,560515.658],[169544.321,560513.443],[169550.794,560507.55],[169550.981,560507.387],[169551.348,560507.086],[169551.646,560506.731],[169552.122,560506.258],[169552.307,560506.083],[169556.844,560502.015],[169557.348,560501.29],[169557.845,560500.075],[169558.034,560499.146],[169558.055,560496.956],[169557.809,560495.221],[169557.016,560491.7],[169555.649,560488.091],[169553.471,560483.541],[169553.449,560483.493],[169551.957,560480.291],[169551.669,560479.507],[169551.515,560478.685],[169551.281,560476.379],[169551.256,560475.914],[169551.238,560473.674],[169551.423,560472.287],[169551.925,560470.493],[169552.077,560470.037],[169553.748,560465.716],[169553.84,560465.495],[169556.64,560459.175],[169556.706,560459.032],[169563.29,560445.355],[169563.389,560445.161],[169566.403,560439.54],[169569.681,560433.146],[169569.803,560432.924],[169574.843,560424.212],[169576.66,560420.78],[169578.334,560416.397],[169579.134,560414.148],[169580.035,560410.088],[169580.606,560405.163],[169580.679,560404.715],[169581.572,560400.441],[169581.699,560399.957],[169582.959,560395.97],[169583.062,560395.676],[169585.59,560389.13],[169585.695,560388.749],[169585.807,560388.456],[169585.898,560388.155],[169587.074,560385.317],[169587.266,560384.907],[169587.775,560383.937],[169603.937,560341.743],[169603.996,560341.596],[169608.605,560330.617],[169613.267,560318.614],[169613.317,560318.489],[169620.622,560301.08],[169630.417,560277.253],[169630.444,560277.188],[169638.727,560257.822],[169638.75,560257.769],[169656.659,560217.199],[169656.675,560217.163],[169664.394,560200.045],[169671.843,560182.488],[169671.888,560182.385],[169678.877,560166.892],[169684.519,560154.23],[169686.594,560149.408],[169693.551,560132.128],[169693.584,560132.048],[169700.468,560115.765],[169700.477,560115.745],[169705.141,560104.842],[169712.429,560087.836],[169712.435,560087.82],[169726.384,560055.571],[169730.327,560046.417],[169730.388,560046.279],[169739.352,560027.083],[169739.397,560026.989],[169742.962,560019.752],[169743.024,560019.629],[169746.837,560012.397],[169746.976,560012.151],[169751.282,560004.994],[169755.716,559995.571],[169759.357,559986.34],[169759.439,559986.145],[169766.069,559971.218],[169773.883,559953.12],[169777.026,559945.178],[169777.115,559944.967],[169777.68,559943.71],[169782.246,559932.08],[169782.25,559931.892],[169782.319,559931.153],[169782.497,559930.433],[169783.33,559927.892],[169783.598,559925.869],[169783.659,559922.796],[169783.372,559920.811],[169782.923,559918.245],[169782.196,559915.588],[169780.819,559912.606],[169780.71,559912.354],[169779.703,559909.815],[169779.544,559909.347],[169778.962,559907.314],[169778.783,559906.305],[169778.538,559902.972],[169778.544,559902.163],[169778.784,559899.462],[169778.909,559898.712],[169779.146,559897.99],[169782.037,559891.019],[169782.089,559890.898],[169798.652,559853.749],[169805.142,559838.435],[169811.928,559822.4],[169811.945,559822.361],[169833.209,559773.266],[169838.419,559759.369],[169838.522,559759.114],[169842.365,559750.359],[169842.457,559750.162],[169845.244,559744.495],[169845.322,559744.343],[169850.454,559734.746],[169853.272,559729.084],[169853.522,559728.64],[169860.2,559718.074],[169860.43,559717.741],[169863.241,559714.003],[169863.601,559713.576],[169868.556,559708.325],[169869.235,559707.726],[169870.01,559707.258],[169870.857,559706.939],[169871.748,559706.777],[169926.177,559701.92],[169926.333,559701.909],[169937.34,559701.274],[169937.392,559701.276],[169937.444,559701.269],[169937.881,559701.296],[169938.319,559701.313],[169938.37,559701.326],[169938.422,559701.329],[169938.846,559701.441],[169939.272,559701.544],[169939.319,559701.565],[169939.37,559701.579],[169963.288,559710.469],[169963.81,559710.698],[170004.239,559731.229],[170004.613,559731.44],[170046.523,559757.475],[170046.797,559757.658],[170087.692,559786.959],[170109.846,559800.21],[170119.158,559804.056],[170132.061,559808.843],[170150.431,559814.479],[170167.727,559818.855],[170199.308,559824.78],[170200.422,559825.127],[170226.06,559836.557],[170226.076,559836.564],[170249.888,559847.28],[170250.966,559847.94],[170271.375,559864.315],[170304.958,559889.344],[170305.887,559890.244],[170317.793,559905.246],[170318.238,559905.91],[170326.335,559920.356],[170326.674,559921.098],[170326.888,559921.885],[170329.508,559935.934],[170329.585,559936.588],[170329.95,559943.514],[170331.273,559947.827],[170335.582,559952.636],[170344.089,559958.232],[170344.146,559958.27],[170363.117,559971.129],[170363.863,559971.749],[170372.119,559980.084],[170372.842,559981.011],[170384.111,559999.608],[170399.631,560021.904],[170416.67,560045.441],[170416.699,560045.482],[170426.541,560059.372],[170426.831,560059.831],[170436.164,560076.6],[170450.555,560100.874],[170460.297,560116.715],[170460.572,560117.227],[170466.287,560129.531],[170466.524,560130.142],[170471.701,560146.664],[170473.849,560149.832],[170479.606,560153.312],[170487.719,560155.802],[170500.588,560157.794],[170515.469,560159.43],[170530.673,560160.054],[170544.303,560160.054],[170544.498,560160.058],[170566.881,560160.931],[170567.181,560160.952],[170579.669,560162.193],[170592.407,560161.962],[170613.058,560160.386],[170613.595,560160.374],[170636.376,560161.088],[170637.118,560161.167],[170658.964,560165.161],[170674.773,560166.095],[170674.809,560166.097],[170687.975,560166.97],[170702.517,560167.874],[170703.505,560168.036],[170704.442,560168.392],[170705.288,560168.927],[170706.012,560169.621],[170711.013,560175.488],[170711.154,560175.691],[170711.314,560175.879],[170711.433,560176.092],[170711.573,560176.293],[170711.671,560176.519],[170711.791,560176.734],[170711.867,560176.967],[170711.964,560177.192],[170712.017,560177.433],[170712.093,560177.667],[170712.121,560177.91],[170712.174,560178.149],[170712.178,560178.396],[170712.207,560178.641],[170712.187,560178.885],[170712.192,560179.129],[170712.148,560179.372],[170712.128,560179.618],[170712.062,560179.853],[170712.019,560180.094],[170711.928,560180.323],[170711.861,560180.561],[170705.149,560197.641],[170705.138,560197.668],[170695.321,560222.229],[170684.91,560248.434],[170671.866,560281.244],[170656.819,560319.653],[170656.812,560319.67],[170642.954,560354.675],[170627.273,560394.333],[170626.955,560395.572],[170623.819,560408.137],[170625.459,560408.816],[170626.259,560408.655],[170627.396,560407.542],[170629.098,560404.104],[170635.79,560387.771],[170635.797,560387.753],[170645.36,560364.663],[170650.418,560350.887],[170650.465,560350.765],[170663.311,560318.413],[170674.2,560290.869],[170674.215,560290.831],[170680.549,560275.189],[170694.099,560241.221],[170701.164,560222.816],[170701.167,560222.807],[170706.602,560208.725],[170706.616,560208.69],[170712.085,560194.835],[170712.266,560194.431],[170718.674,560181.649],[170723.068,560172.105],[170723.312,560171.64],[170726.413,560166.425],[170726.811,560165.852],[170733.333,560157.723],[170734.029,560157.014],[170737.334,560154.256],[170737.94,560153.822],[170738.604,560153.484],[170740.688,560152.609],[170741.553,560152.336],[170746.923,560151.16],[170747.381,560151.082],[170768.877,560148.436],[170769.178,560148.408],[170780.39,560147.712],[170780.699,560147.702],[170789.746,560147.701],[170795.312,560147.352],[170800.135,560146.727],[170805.08,560145.405],[170811.11,560143.445],[170829.608,560134.418],[170829.651,560134.398],[170835.438,560131.641],[170836.976,560130.766],[170837.017,560130.748],[170837.054,560130.723],[170841.535,560128.281],[170858.396,560119.102],[170866.966,560114.051],[170867.034,560114.011],[170880.514,560106.354],[170880.695,560106.256],[170887.243,560102.886],[170887.393,560102.812],[170894.965,560099.231],[170895.088,560099.175],[170907.309,560093.794],[170914.747,560090.056],[170918.862,560087.012],[170923.054,560083.085],[170928.575,560076.955],[170934.887,560068.172],[170935.148,560067.84],[170938.688,560063.701],[170938.794,560063.58],[170947.269,560054.295],[170947.448,560054.108],[170957.406,560044.27],[170957.524,560044.157],[170972.291,560030.488],[170986.725,560015.93],[171006.277,559995.731],[171006.441,559995.569],[171017.859,559984.815],[171017.931,559984.749],[171032.615,559971.452],[171043.926,559960.916],[171044.075,559960.782],[171053.881,559952.355],[171063.37,559943.502],[171074.804,559932.74],[171080.873,559926.697],[171085.691,559921.666],[171085.695,559921.661],[171089.252,559917.957],[171092.91,559913.371],[171100.451,559903.595],[171108.158,559893.461],[171112.72,559886.661],[171112.723,559886.656],[171114.647,559883.793],[171115.29,559883.019],[171117.73,559880.619],[171120.403,559877.813],[171122.35,559874.874],[171123.54,559872.567],[171124.398,559869.731],[171125.832,559864.97],[171126.12,559864.232],[171127.541,559861.301],[171127.77,559860.882],[171129.591,559857.891],[171129.803,559857.571],[171136.943,559847.65],[171137.152,559847.379],[171145.16,559837.721],[171145.26,559837.604],[171153.889,559827.823],[171153.916,559827.793],[171158.741,559822.413],[171158.852,559822.293],[171164.619,559816.274],[171164.755,559816.137],[171171.773,559809.357],[171178.736,559802.586],[171184.931,559796.377],[171185.181,559796.143],[171188.65,559793.112],[171191.097,559790.949],[171191.16,559790.903],[171191.214,559790.848],[171194.046,559788.497],[171194.198,559788.376],[171195.969,559787.019],[171196.037,559786.967],[171201.35,559783.036],[171201.559,559782.889],[171209.416,559777.674],[171210.062,559777.311],[171215.031,559774.987],[171215.593,559774.764],[171220.981,559772.999],[171221.283,559772.911],[171227.896,559771.196],[171233.478,559769.427],[171235.832,559768.273],[171235.992,559768.197],[171240.556,559766.158],[171243.616,559764.148],[171248.894,559760.493],[171255.198,559755.038],[171262.885,559747.082],[171277.816,559731.499],[171277.97,559731.345],[171295.672,559714.41],[171316.731,559694.068],[171316.736,559694.063],[171342.782,559668.973],[171342.873,559668.889],[171368.399,559645.489],[171388.409,559626.509],[171411.753,559603.433],[171428.996,559586.012],[171433.352,559581.177],[171433.389,559580.933],[171433.742,559579.983],[171434.278,559579.124],[171435.914,559577.014],[171435.941,559576.98],[171441.393,559570.073],[171441.991,559569.438],[171442.949,559568.584],[171443.236,559568.347],[171443.506,559568.14],[171444.439,559567.575],[171445.472,559567.226],[171446.196,559567.067],[171446.823,559566.971],[171447.801,559566.883],[171448.588,559566.783],[171448.685,559566.766],[171459.886,559556.401],[171468.284,559548.316],[171468.524,559548.099],[171478.309,559539.828],[171479.089,559539.286],[171479.958,559538.902],[171480.884,559538.689],[171481.449,559538.615],[171482.233,559538.574],[171483.014,559538.656],[171483.959,559538.831],[171484.942,559539.12],[171485.845,559539.603],[171487.118,559540.463],[171487.715,559540.936],[171495.709,559548.33],[171495.963,559548.581],[171515.769,559569.716],[171525.74,559580.142],[171527.266,559581.166],[171528.361,559581.559],[171529.028,559581.639],[171530.852,559581.518],[171531.304,559581.419],[171531.705,559581.275],[171531.716,559581.272],[171531.727,559581.267],[171532.585,559580.962],[171532.86,559580.796],[171532.987,559580.722],[171533.584,559580.385],[171536.703,559578.412],[171536.841,559578.328],[171539.429,559576.805],[171540.154,559576.454],[171541.407,559575.967],[171542.315,559575.71],[171543.255,559575.628],[171544.85,559575.64],[171545.597,559575.701],[171546.326,559575.874],[171548.935,559576.702],[171549.341,559576.851],[171567.97,559584.596],[171568.427,559584.814],[171585.568,559594.073],[171586.173,559594.458],[171596.093,559601.828],[171596.543,559602.205],[171601.587,559606.965],[171602.004,559607.409],[171606.908,559613.321],[171607.308,559613.876],[171611.417,559620.495],[171611.773,559621.181],[171617.879,559635.584],[171620.954,559640.987],[171622.899,559643.923],[171625.652,559646.564],[171642.147,559660.95],[171673.977,559688.042],[171679.111,559691.764],[171681.318,559692.991],[171683.138,559693.606],[171683.293,559693.661],[171688.578,559695.642],[171689.606,559696.17],[171691.97,559697.754],[171692.602,559698.256],[171700.587,559705.725],[171700.852,559705.992],[171710.505,559716.49],[171710.668,559716.676],[171715.708,559722.735],[171730.181,559736.278],[171736.343,559741.401],[171741.065,559744.716],[171748.062,559749.428],[171753.387,559752.536],[171753.722,559752.75],[171757.033,559755.053],[171757.694,559755.603],[171761.587,559759.455],[171767.247,559760.343],[171789.279,559763.245],[171789.705,559763.32],[171803.464,559766.363],[171804.28,559766.618],[171805.042,559767.01],[171811.788,559771.243],[171812.581,559771.859],[171832.139,559790.498],[171853.944,559808.02],[171859.674,559811.503],[171873.513,559814.371],[171874.155,559814.549],[171878.985,559816.244],[171879.425,559816.449],[171879.865,559816.653],[171879.869,559816.656],[171879.873,559816.658],[171880.265,559816.945],[171880.657,559817.231],[171880.66,559817.234],[171880.664,559817.237],[171880.992,559817.595],[171881.321,559817.952],[171881.323,559817.956],[171881.327,559817.959],[171881.579,559818.374],[171881.832,559818.788],[171884.108,559823.505],[171884.355,559824.115],[171887.317,559833.116],[171890.509,559841.653],[171896.655,559854.746],[171906.845,559868.913],[171917.023,559882.072],[171927.689,559892.743],[171934.021,559898.15],[171934.716,559898.877],[171939.694,559905.258],[171962.13,559927.798],[171962.906,559928.808],[171968.893,559939.086],[171974.021,559943.929],[171996.041,559963.327],[172020.133,559981.545],[172042.438,559991.566],[172042.93,559991.821],[172063.104,560003.727],[172063.912,560004.321],[172080.618,560019.389],[172095.328,560030.503],[172095.429,560030.581],[172113.765,560045.188],[172123.511,560046.048],[172124.548,560046.251],[172125.519,560046.668],[172144.37,560057.252],[172144.388,560057.262],[172183.56,560079.459],[172249.791,560098.476],[172303.362,560113.687],[172304.357,560114.09],[172305.243,560114.695],[172305.98,560115.476],[172306.533,560116.396],[172306.877,560117.413],[172308.2,560123.366],[172308.318,560124.367],[172308.233,560125.372],[172307.948,560126.34],[172307.475,560127.231],[172278.858,560170.006],[172319.589,560196.79],[172325.789,560196.962],[172326.729,560197.078],[172327.631,560197.37],[172328.462,560197.826],[172406.487,560250.9],[172440.272,560272.015],[172441.085,560272.65],[172441.752,560273.437],[172442.242,560274.345],[172442.536,560275.334],[172442.621,560276.362],[172442.574,560278.561],[172511.801,560324.343],[172524.798,560329.102],[172540.893,560328.37],[172636.744,560309.828],[172635.71,560303.172],[172635.657,560302.161],[172635.809,560301.159],[172636.159,560300.208],[172636.695,560299.348],[172642.317,560292.072],[172642.916,560291.424],[172643.619,560290.892],[172644.405,560290.491],[172645.249,560290.235],[172702.135,560278.329],[172702.232,560278.31],[172889.755,560242.921],[172890.703,560242.835],[172891.649,560242.929],[172892.561,560243.201],[172893.404,560243.64],[172894.15,560244.232],[172894.769,560244.953],[172895.241,560245.78],[172895.547,560246.68],[172895.678,560247.622],[172897.663,560294.255],[172897.627,560295.101],[172895.642,560310.645],[172895.348,560311.811],[172894.783,560312.873],[172886.081,560325.346],[172903.192,560411.224],[172925.019,560519.367],[172925.117,560520.408],[172924.997,560521.446],[172924.664,560522.437],[172924.132,560523.337],[172923.424,560524.107],[172922.572,560524.712],[172852.652,560564.104],[172821.518,560593.292],[172789.975,560629.164],[172801.341,560657.434],[172853.164,560708.931],[172931.183,560783.644],[172931.189,560783.649],[173034.905,560883.296],[173035.144,560883.575],[173035.396,560883.842],[173035.462,560883.947],[173035.542,560884.041],[173035.722,560884.361],[173035.917,560884.672],[173035.961,560884.788],[173036.021,560884.896],[173036.135,560885.245],[173036.266,560885.588],[173036.286,560885.71],[173036.325,560885.828],[173036.368,560886.193],[173036.429,560886.555],[173036.426,560886.678],[173036.44,560886.801],[173036.412,560887.167],[173036.401,560887.535],[173036.373,560887.655],[173036.364,560887.778],[173036.264,560888.132],[173036.182,560888.49],[173036.132,560888.603],[173036.098,560888.722],[173035.931,560889.049],[173035.781,560889.384],[173035.709,560889.485],[173035.653,560889.595],[173035.426,560889.884],[173035.213,560890.183],[173035.123,560890.268],[173035.047,560890.365],[173034.768,560890.604],[173034.501,560890.856],[173024.851,560898.32],[173017.032,560904.449],[173016.915,560904.538],[172999.982,560917.026],[172999.654,560917.248],[172983.99,560926.985],[172983.299,560927.343],[172965.683,560934.796],[172969.742,560945.769],[172969.998,560946.767],[172970.044,560947.795],[172969.878,560948.812],[172963.755,560971.405],[172956.935,560999.049],[172955.488,561014.24],[172955.481,561014.313],[172954.211,561025.849],[172954.069,561026.602],[172950.365,561040.36],[172949.966,561041.38],[172945.309,561050.27],[172945.045,561050.716],[172939.036,561059.766],[172932.252,561071.039],[172931.958,561071.474],[172916.295,561092.217],[172915.924,561092.655],[172907.245,561101.756],[172906.966,561102.027],[172898.711,561109.435],[172897.924,561110.013],[172891.507,561113.824],[172886,561117.105],[172885.193,561117.492],[172880.971,561119.072],[172880.432,561119.24],[172874.259,561120.784],[172873.993,561120.843],[172862.041,561123.15],[172861.375,561123.232],[172832.946,561124.835],[172832.696,561124.843],[172816.518,561124.943],[172816.29,561124.939],[172801.67,561124.363],[172800.57,561124.196],[172789.934,561121.338],[172789.169,561121.064],[172784.78,561119.077],[172783.591,561121.021],[172783.174,561121.605],[172752.376,561158.753],[172752.336,561158.801],[172728.905,561186.348],[172714.52,561204.685],[172713.88,561205.361],[172713.126,561205.906],[172712.283,561206.302],[172711.382,561206.536],[172710.453,561206.598],[172709.529,561206.486],[172708.642,561206.206],[172707.822,561205.766],[172674.802,561183.858],[172674.713,561183.798],[172659.632,561173.321],[172658.999,561172.799],[172641.854,561156.13],[172641.691,561155.964],[172619.625,561132.416],[172619.569,561132.356],[172600.337,561111.148],[172587.645,561098.456],[172575.167,561091.116],[172564.148,561087.509],[172563.05,561088.675],[172580.506,561109.078],[172580.571,561109.156],[172604.251,561137.995],[172604.782,561138.785],[172605.154,561139.662],[172605.354,561140.593],[172605.373,561141.544],[172605.211,561142.482],[172604.875,561143.373],[172604.375,561144.183],[172603.732,561144.885],[172603.242,561145.326],[172622.612,561169.938],[172622.799,561170.191],[172637.848,561192.009],[172649.545,561206.736],[172649.572,561206.771],[172658.333,561218.007],[172658.42,561218.121],[172662.294,561223.395],[172667.72,561228.435],[172669.427,561229.505],[172674.654,561231.873],[172679.909,561232.334],[172683.57,561232.26],[172683.631,561232.265],[172683.692,561232.259],[172684.119,561232.303],[172684.547,561232.337],[172684.606,561232.353],[172684.666,561232.359],[172685.077,561232.486],[172685.491,561232.602],[172685.545,561232.63],[172685.603,561232.648],[172685.981,561232.852],[172686.364,561233.046],[172686.412,561233.084],[172686.466,561233.113],[172686.797,561233.387],[172687.134,561233.653],[172687.174,561233.699],[172687.221,561233.738],[172687.492,561234.071],[172687.771,561234.398],[172687.801,561234.451],[172687.84,561234.498],[172688.041,561234.878],[172688.251,561235.253],[172688.27,561235.31],[172688.298,561235.364],[172688.421,561235.776],[172688.554,561236.185],[172688.562,561236.245],[172688.579,561236.304],[172688.62,561236.731],[172688.67,561237.158],[172688.666,561237.219],[172688.671,561237.279],[172688.66,561239.983],[172688.658,561240.112],[172688.5,561245.405],[172688.427,561246.117],[172687.142,561253.46],[172687.004,561254.04],[172685.01,561260.658],[172684.909,561260.957],[172681.347,561270.542],[172681.062,561271.171],[172680.55,561272.122],[172678.63,561276.444],[172678.474,561276.765],[172676.077,561281.268],[172675.992,561281.422],[172665.166,561300.142],[172655.948,561317.001],[172647.268,561333.037],[172641.34,561344.547],[172641.314,561344.598],[172637.128,561352.5],[172630.544,561366.931],[172630.51,561367.005],[172623.523,561381.684],[172615.733,561399.008],[172608.609,561415.367],[172602.453,561430.151],[172602.428,561430.211],[172594.958,561447.515],[172594.948,561447.538],[172590.348,561458.048],[172590.319,561458.114],[172587.534,561464.236],[172587.468,561464.376],[172580.191,561479.141],[172580.109,561479.301],[172576.479,561486.044],[172576.433,561486.128],[172572.206,561493.632],[172572.079,561493.845],[172565.895,561503.653],[172565.763,561503.852],[172561.223,561510.343],[172555.182,561519.321],[172547.853,561530.421],[172547.889,561530.458],[172548.408,561531.251],[172548.768,561532.127],[172548.957,561533.056],[172548.966,561534.004],[172548.797,561534.937],[172548.454,561535.821],[172537.306,561558.071],[172530.272,561573.13],[172530.155,561573.366],[172523.55,561585.757],[172523.489,561585.869],[172519.728,561592.511],[172519.655,561592.636],[172515.778,561599.042],[172515.473,561599.489],[172509.57,561607.215],[172509.311,561607.527],[172504.971,561612.34],[172504.654,561612.661],[172499.614,561617.326],[172499.479,561617.447],[172490.874,561624.851],[172490.424,561625.195],[172482.13,561630.836],[172466.79,561641.586],[172466.721,561641.633],[172445.316,561656.106],[172444.824,561656.445],[172444.774,561656.473],[172444.73,561656.508],[172429.94,561666.209],[172429.902,561666.233],[172402.379,561683.935],[172402.365,561683.945],[172379.936,561698.26],[172379.675,561698.416],[172350.45,561714.662],[172350.279,561714.753],[172327.917,561726.071],[172327.88,561726.09],[172313.331,561733.305],[172298.824,561740.615],[172298.731,561740.661],[172273.707,561752.621],[172257.63,561760.779],[172257.475,561760.855],[172247.947,561765.283],[172247.671,561765.38],[172247.404,561765.498],[172221.534,561774.019],[172221.37,561774.07],[172220.071,561774.449],[172202.683,561780.159],[172190.027,561784.4],[172173.651,561790.696],[172173.605,561790.714],[172168.041,561792.791],[172167.959,561793.306],[172167.589,561794.273],[172167.028,561795.142],[172166.301,561795.878],[172165.437,561796.447],[172148.289,561805.372],[172148.386,561807.401],[172148.146,561809.585],[172147.567,561811.704],[172146.664,561813.707],[172145.458,561815.543],[172143.981,561817.169],[172142.267,561818.543],[172140.359,561819.633],[172138.304,561820.41],[172136.153,561820.856],[172133.959,561820.961],[172131.775,561820.721],[172130.56,561820.389],[172119.67,561825.696],[172107.085,561833.425],[172094.505,561841.976],[172083.148,561851.889],[172073.652,561861.891],[172072.161,561863.25],[172070.489,561864.381],[172068.673,561865.26],[172066.749,561865.869],[172057.436,561868.091],[172055.599,561868.402],[172053.738,561868.466],[172051.885,561868.283],[172046.805,561867.436],[172044.976,561867.004],[172043.505,561866.439],[172044.002,561867.094],[172046.662,561871.353],[172047.01,561872.016],[172047.255,561872.723],[172048.777,561878.478],[172048.94,561879.612],[172049.139,561886.491],[172049.131,561886.957],[172048.072,561903.361],[172048.016,561903.856],[172044.841,561923.038],[172044.822,561923.143],[172041.845,561939.018],[172041.741,561939.463],[172032.059,561936.951],[172034.984,561921.353],[172038.109,561902.469],[172039.136,561886.546],[172038.961,561880.477],[172037.78,561876.01],[172036.009,561873.173],[172029.041,561867.896],[172028.669,561867.585],[172026.455,561865.542],[172026.125,561865.208],[172024.391,561863.277],[172023.603,561862.097],[172022.397,561859.579],[172022.166,561859.009],[172020.663,561854.529],[172020.463,561853.711],[172019.535,561847.766],[172019.499,561847.483],[172018.669,561839.023],[172015.971,561830.096],[172010.691,561814.266],[172010.651,561814.144],[172002.052,561785.965],[172001.981,561785.705],[171995.009,561757.492],[171989.768,561741.09],[171989.434,561740.721],[171982.625,561740.817],[171979.115,561741.423],[171969.516,561743.757],[171912.933,561761.343],[171912.912,561761.349],[171870.383,561774.361],[171870.342,561774.374],[171824.701,561787.911],[171823.62,561788.105],[171822.523,561788.059],[171821.462,561787.775],[171818.75,561786.716],[171817.97,561786.331],[171817.269,561785.816],[171816.668,561785.188],[171816.185,561784.465],[171814.333,561781.091],[171814.192,561780.762],[171814.034,561780.441],[171811.454,561773.562],[171811.194,561772.567],[171811.143,561771.54],[171811.303,561770.525],[171811.667,561769.564],[171812.22,561768.697],[171812.938,561767.962],[171813.792,561767.389],[171814.745,561767.003],[171848.124,561757.337],[171832.371,561720.878],[171819.489,561693.212],[171819.198,561692.417],[171817.928,561687.761],[171817.775,561686.925],[171817.766,561686.076],[171818.189,561680.361],[171818.402,561679.242],[171818.862,561678.201],[171819.545,561677.291],[171823.355,561673.27],[171824.07,561672.646],[171824.89,561672.169],[171838.557,561665.861],[171893.924,561637.543],[171894.934,561637.158],[171944.252,561624.246],[171945.186,561624.095],[171951.536,561623.671],[171952.686,561623.727],[171953.792,561624.045],[171956.332,561625.103],[171957.06,561625.479],[171957.717,561625.969],[171961.315,561629.144],[171961.93,561629.793],[171962.419,561630.541],[171962.767,561631.363],[171970.387,561655.07],[171970.453,561655.291],[171980.613,561692.756],[171980.703,561693.155],[171981.762,561698.87],[171981.841,561699.988],[171981.669,561701.096],[171979.764,561708.081],[171979.5,561708.817],[171974.026,561720.982],[171973.869,561721.8],[171985.95,561717.528],[171991.505,561713.821],[171992.329,561713.377],[171994.785,561712.336],[171994.913,561712.296],[171995.034,561712.238],[171995.786,561711.966],[171996.21,561711.833],[171996.706,561711.702],[171997.627,561711.549],[171998.56,561711.569],[171999.472,561711.763],[172000.333,561712.122],[172004.059,561714.106]]]}},{"type":"Feature","properties":{"relatieveHoogteligging":1,"lokaalID":"W0653.dafc4c075dfd4633b79ae3d13554a331","bgt_status":"bestaand","bgt_type":"kering","naam":"Regionale en lokale keringen","objecttype":"FunctioneelGebied"},"geometry":{"type":"Polygon","coordinates":[[[170761.924,558308.147],[170766.758,558307.256],[170764.682,558307.865],[170761.924,558308.147]]]}},{"type":"Feature","properties":{"relatieveHoogteligging":0,"lokaalID":"G1900.7bbaf61aa1e540db868642523e6b4478","bgt_status":"bestaand","bgt_type":"niet-bgt","plus_type":"functioneel beheer","objecttype":"FunctioneelGebied"},"geometry":{"type":"Polygon","coordinates":[[[170458.921,558012.727],[170410.768,558005.438],[170401.349,558003.367],[170394.932,558003.082],[170386.3,558001.747],[170374.201,557998.845],[170360.631,557995.808],[170350.236,557993.736],[170343.522,557992.474],[170328.578,557990.237],[170312.203,557988.371],[170301.234,557986.645],[170290.528,557984.359],[170286.975,557983.199],[170286.451,557982.629],[170286.372,557981.715],[170287.174,557978.508],[170289.382,557971.918],[170291.93,557965.515],[170293.778,557958.991],[170294.449,557955.758],[170294.585,557953.228],[170293.615,557950.183],[170293.149,557949.237],[170303.209,557944.235],[170301.886,557941.06],[170291.636,557946.164],[170291.509,557945.906],[170291.106,557944.694],[170291.424,557943.122],[170292.151,557939.45],[170293.211,557936.966],[170293.188,557934.184],[170293.59,557932.721],[170295.44,557926.074],[170297.338,557918.516],[170299.439,557912.368],[170301.079,557909.633],[170304.927,557903.657],[170307.39,557900.744],[170309.301,557900.043],[170311.829,557900.593],[170324.294,557902.908],[170342.745,557906.195],[170370.767,557911.164],[170401.767,557916.772],[170420.449,557920.255],[170436.352,557922.386],[170441.688,557923.253],[170443.543,557924.444],[170446.129,557927.39],[170448.087,557929.099],[170450.09,557930.83],[170451.411,557931.032],[170454.337,557931.48],[170469.131,557934.076],[170492.933,557937.89],[170504.406,557939.797],[170530.792,557944.064],[170548.66,557946.902],[170560.681,557949.109],[170569.719,557949.963],[170583.816,557951.735],[170599.943,557954],[170610.873,557956.486],[170620.095,557957.702],[170629.767,557958.49],[170641.174,557957.844],[170648.117,557956.639],[170655.605,557956.362],[170665.497,557958.117],[170680.25,557960.955],[170687.759,557962.353],[170690.297,557962.06],[170692.006,557960.721],[170691.896,557960.391],[170697.257,557961.115],[170695.768,557969.771],[170694.417,557969.846],[170692.368,557969.395],[170691.205,557970.108],[170690.415,557970.899],[170689.293,557977],[170684.812,558001.384],[170679.917,558032.196],[170677.643,558044.779],[170677.286,558047.69],[170676.811,558048.166],[170676.261,558048.276],[170672.638,558047.775],[170664.347,558046.277],[170636.855,558041.285],[170621.446,558039.011],[170598.96,558035.533],[170576.632,558032.058],[170551.531,558027.091],[170533.057,558023.678],[170504.32,558019.631],[170481.823,558015.655],[170458.921,558012.727]]]}},{"type":"Feature","properties":{"relatieveHoogteligging":1,"lokaalID":"W0653.2ca1421054dd4efe9d60e8ef01000cf7","bgt_status":"bestaand","bgt_type":"kering","naam":"Regionale en lokale keringen","objecttype":"FunctioneelGebied"},"geometry":{"type":"Polygon","coordinates":[[[173555.437,558252.031],[173555.376,558251.984],[173549.135,558246.082],[173548.88,558245.79],[173548.687,558245.453],[173548.562,558245.085],[173548.511,558244.701],[173548.333,558239.717],[173548.356,558239.33],[173548.455,558238.954],[173548.624,558238.604],[173548.857,558238.294],[173550.815,558236.158],[173551.054,558235.937],[173551.326,558235.757],[173554.508,558234.007],[173557.987,558229.368],[173558.007,558229.341],[173571,558212.611],[173571.084,558212.51],[173587.961,558193.501],[173620.146,558153.492],[173620.148,558153.489],[173639.366,558129.687],[173640.123,558127.849],[173639.078,558126.074],[173600.123,558099.986],[173599.821,558099.738],[173596.974,558096.89],[173596.73,558096.595],[173596.548,558096.26],[173596.432,558095.895],[173595.898,558093.403],[173595.854,558093.007],[173595.889,558092.61],[173596.003,558092.227],[173596.19,558091.875],[173598.326,558088.671],[173598.442,558088.514],[173631.189,558048.47],[173661.957,558010.588],[173675.286,557992.994],[173675.447,557992.806],[173688.571,557979.332],[173694.482,557967.164],[173694.648,557966.883],[173694.858,557966.632],[173708.607,557952.709],[173711.128,557945.651],[173711.252,557945.372],[173711.417,557945.116],[173715.867,557939.242],[173716.128,557938.959],[173716.438,557938.731],[173723.77,557934.367],[173729.516,557929.491],[173730.006,557929.185],[173736.979,557926.124],[173741.172,557922.098],[173741.472,557921.861],[173741.811,557921.685],[173742.177,557921.577],[173742.557,557921.541],[173748.609,557921.541],[173748.999,557921.579],[173749.374,557921.693],[173749.72,557921.878],[173750.023,557922.127],[173753.341,557925.444],[173758.533,557929.771],[173765.539,557934.501],[173769.671,557937.083],[173777.388,557940.606],[173784.023,557940.914],[173789.293,557937.56],[173800.263,557929.245],[173800.533,557929.072],[173800.828,557928.945],[173810.261,557925.741],[173810.671,557925.648],[173811.092,557925.643],[173811.504,557925.727],[173817.733,557927.685],[173818.076,557927.829],[173818.387,557928.034],[173818.654,557928.293],[173818.868,557928.597],[173819.023,557928.935],[173820.447,557933.029],[173820.542,557933.436],[173820.551,557933.855],[173819.484,557946.48],[173818.451,557960.76],[173819.955,557964.313],[173823.351,557966.216],[173828.703,557966.216],[173829.186,557966.275],[173829.641,557966.449],[173835.337,557969.475],[173835.683,557969.709],[173835.973,557970.009],[173836.195,557970.363],[173840.111,557978.372],[173840.277,557978.865],[173842.234,557988.833],[173842.264,557989.391],[173841.563,557997.46],[173841.714,558002.141],[173852.908,558014.861],[173871.481,558031.489],[173880.987,558039.411],[173889.466,558045.121],[173900.148,558049.674],[173900.303,558049.748],[173911.339,558055.622],[173911.367,558055.637],[173931.295,558066.669],[173953.85,558078.923],[173968.512,558085.989],[173992.828,558095.573],[173992.981,558095.641],[174008.466,558103.295],[174008.76,558103.473],[174009.019,558103.699],[174009.236,558103.966],[174009.403,558104.267],[174011.005,558107.826],[174011.14,558108.24],[174011.181,558108.674],[174011.128,558109.106],[174010.983,558109.516],[174006.302,558119.225],[174004.222,558131.702],[174003.338,558139.833],[174003.283,558140.129],[173997.766,558160.954],[173997.613,558161.352],[173993.52,558169.361],[173993.497,558169.405],[173986.739,558181.853],[173979.803,558195.013],[173979.762,558195.087],[173971.642,558209.032],[173968.736,558216.042],[173964.502,558235.27],[173964.458,558235.435],[173960.187,558249.14],[173960.166,558249.202],[173957.319,558257.389],[173957.181,558257.697],[173956.994,558257.978],[173956.763,558258.223],[173953.381,558261.249],[173953.057,558261.485],[173952.692,558261.652],[173927.062,558270.373],[173927.012,558270.389],[173898.178,558279.355],[173898.156,558279.362],[173861.128,558290.417],[173826.854,558303.967],[173784.22,558325.551],[173784.047,558325.628],[173748.063,558339.755],[173724.091,558350.942],[173723.804,558351.05],[173723.503,558351.113],[173716.294,558352.047],[173715.932,558352.061],[173715.573,558352.009],[173715.229,558351.894],[173709.489,558349.357],[173708.995,558349.046],[173691.248,558333.834],[173678.738,558323.299],[173669.718,558318.539],[173659.893,558318.156],[173659.571,558318.117],[173659.259,558318.027],[173648.046,558313.755],[173647.709,558313.589],[173620.319,558296.712],[173587.925,558278.915],[173587.599,558278.691],[173569.192,558263.185],[173555.491,558252.085],[173555.437,558252.031]]]}},{"type":"Feature","properties":{"relatieveHoogteligging":1,"lokaalID":"W0653.345f31c621f64745aa64c5e39046f34e","bgt_status":"bestaand","bgt_type":"kering","naam":"Regionale en lokale keringen","objecttype":"FunctioneelGebied"},"geometry":{"type":"Polygon","coordinates":[[[172237.423,559792.827],[172237.44,559792.813],[172249.595,559780.543],[172250.021,559780.052],[172257.904,559769.696],[172270.976,559756.777],[172288.212,559745.131],[172288.342,559745.04],[172308.98,559730.117],[172309.131,559730.003],[172328.548,559714.815],[172356.034,559698.794],[172356.081,559698.766],[172391.899,559677.37],[172419.18,559662.074],[172447.09,559648.433],[172461.357,559643.121],[172481.547,559639.549],[172482.45,559639.3],[172483.291,559638.887],[172484.04,559638.324],[172484.671,559637.632],[172485.161,559636.834],[172488.124,559630.816],[172489.135,559631.262],[172490.109,559631.577],[172491.126,559631.688],[172492.145,559631.588],[172493.122,559631.284],[172494.017,559630.786],[172494.791,559630.117],[172495.413,559629.305],[172501.116,559620.022],[172512.509,559617.609],[172513.453,559617.309],[172514.319,559616.828],[172524.638,559609.685],[172525.323,559609.113],[172525.896,559608.429],[172527.415,559606.246],[172567.736,559594.835],[172610.226,559583.304],[172645.155,559576.696],[172671.247,559573.081],[172686.656,559571.823],[172710.869,559569.924],[172738.689,559568.501],[172765.147,559567.709],[172765.173,559567.708],[172792.28,559566.757],[172824.536,559566.131],[172842.866,559568.771],[172843.739,559568.82],[172868.504,559568.026],[172868.582,559568.023],[172905.253,559566.277],[172905.321,559566.273],[172931.062,559564.694],[172949.046,559564.568],[172956.071,559638.894],[172956.269,559639.892],[172956.666,559640.83],[172957.244,559641.667],[172957.98,559642.37],[172958.843,559642.91],[172959.797,559643.264],[172960.804,559643.417],[172961.82,559643.363],[172962.804,559643.105],[172972.916,559639.313],[172990.361,559636.532],[173006.299,559636.041],[173017.318,559639.959],[173018.191,559640.183],[173019.09,559640.247],[173019.986,559640.149],[173020.85,559639.891],[173028.787,559636.716],[173029.052,559636.6],[173037.519,559632.632],[173038.386,559632.113],[173039.13,559631.43],[173039.723,559630.612],[173040.138,559629.691],[173040.361,559628.706],[173040.38,559627.696],[173039.12,559612.325],[173042.273,559598.5],[173046.28,559589.779],[173054.33,559580.072],[173063.553,559574.397],[173076.163,559569.547],[173096.563,559568.272],[173096.601,559568.269],[173138.14,559565.359],[173138.294,559565.346],[173187.986,559560.324],[173223.258,559557.471],[173228.184,559558.383],[173235.869,559566.288],[173243.748,559580.52],[173244.033,559580.976],[173249.06,559588.119],[173249.58,559588.743],[173250.193,559589.274],[173258.13,559595.095],[173259.014,559595.613],[173259.986,559595.94],[173268.188,559597.792],[173269.511,559597.91],[173281.417,559597.381],[173281.652,559597.365],[173307.571,559594.984],[173395.138,559587.312],[173395.191,559587.307],[173411.122,559585.74],[173428.413,559585.493],[173438.124,559589.466],[173447.933,559599.742],[173458.698,559622.81],[173458.806,559623.028],[173476.798,559657.159],[173477.366,559658.012],[173478.097,559658.732],[173483.389,559662.965],[173484.16,559663.473],[173485.012,559663.83],[173485.915,559664.025],[173486.838,559664.05],[173499.009,559663.256],[173499.35,559663.222],[173530.835,559658.989],[173531.406,559658.878],[173543.841,559655.703],[173544.87,559655.316],[173545.788,559654.713],[173551.874,559649.686],[173552.822,559648.647],[173593.502,559588.93],[173601.403,559584.019],[173624.486,559581.761],[173692.045,559577.802],[173720.437,559577.014],[173736.916,559577.26],[173742.775,559580.189],[173743.617,559580.519],[173744.505,559580.691],[173745.41,559580.701],[173746.301,559580.547],[173747.151,559580.236],[173747.93,559579.776],[173752.481,559576.504],[173764.937,559589.639],[173758.033,559600.106],[173757.617,559600.878],[173751.994,559613.909],[173751.82,559614.374],[173748.672,559624.274],[173748.537,559624.793],[173746.315,559635.72],[173736.581,559672.79],[173728.273,559703.54],[173722.078,559724.472],[173720.807,559728.429],[173718.929,559732.552],[173716.438,559736.452],[173713.247,559740.707],[173709.972,559744.613],[173706.709,559747.297],[173702.134,559750.179],[173696.908,559752.723],[173691.555,559754.587],[173685.875,559755.991],[173683.636,559755.968],[173681.433,559755.272],[173660.986,559742.403],[173660.096,559741.96],[173659.136,559741.702],[173658.144,559741.638],[173657.159,559741.773],[173656.22,559742.099],[173655.363,559742.605],[173654.625,559743.27],[173654.032,559744.069],[173641.902,559764.35],[173627.487,559788.407],[173616.175,559806.825],[173616.132,559806.897],[173608.611,559819.619],[173594.098,559843.194],[173594.082,559843.22],[173573.537,559877.061],[173563.519,559893.388],[173563.372,559893.643],[173549.212,559920.094],[173549.078,559920.362],[173546.288,559926.42],[173546.121,559926.829],[173537.214,559951.747],[173537.153,559951.928],[173532.622,559966.317],[173524.723,559987.905],[173524.65,559988.12],[173504.663,560051.519],[173497.494,560071.5],[173491.894,560081.071],[173482.041,560094.554],[173465.69,560115.389],[173465.597,560115.511],[173454.541,560130.525],[173445.25,560142.115],[173441.998,560146.062],[173441.687,560146.482],[173439.02,560150.512],[173438.571,560151.357],[173437.285,560154.461],[173437.183,560154.727],[173435.825,560158.621],[173435.712,560158.988],[173434.852,560162.237],[173434.716,560162.969],[173434.143,560168.165],[173434.119,560168.484],[173433.838,560174.591],[173433.835,560174.97],[173433.947,560178.714],[173434.056,560179.611],[173434.811,560183.136],[173435.011,560183.824],[173441.899,560202.438],[173444.587,560210.477],[173445.651,560214.098],[173446.035,560217.016],[173445.863,560220.396],[173443.757,560230.385],[173442.21,560234.499],[173432.405,560230.089],[173366.707,560200.256],[173302.271,560170.418],[173302.145,560170.362],[173286.27,560163.536],[173285.343,560163.24],[173280.898,560162.288],[173279.852,560162.177],[173278.805,560162.287],[173277.805,560162.614],[173273.201,560164.678],[173272.154,560165.311],[173271.293,560166.179],[173267.483,560171.101],[173266.864,560172.138],[173254.64,560199.761],[173254.617,560199.815],[173234.631,560246.449],[173223.731,560270.754],[173218.091,560267.891],[173217.52,560267.644],[173191.485,560258.278],[173191.366,560258.237],[173161.204,560248.236],[173160.562,560248.069],[173151.755,560246.399],[173118.423,560234.228],[173120.248,560228.664],[173120.455,560227.76],[173120.49,560226.834],[173120.354,560225.917],[173120.052,560225.041],[173119.593,560224.236],[173118.993,560223.53],[173118.273,560222.946],[173117.457,560222.505],[173099.201,560214.726],[173098.223,560214.424],[173097.203,560214.326],[173096.185,560214.439],[173095.211,560214.757],[173094.322,560215.267],[173093.556,560215.947],[173092.945,560216.769],[173092.514,560217.699],[173091.109,560221.778],[173070.81,560210.667],[173087.231,560184.609],[173087.672,560183.729],[173087.931,560182.78],[173087.999,560181.798],[173087.874,560180.821],[173087.559,560179.889],[173087.068,560179.036],[173086.42,560178.295],[173085.639,560177.696],[173076.43,560171.978],[173075.69,560171.6],[173042.466,560157.97],[173016.214,560146.359],[173016.054,560146.291],[172985.842,560134.164],[172985.373,560134.002],[172977.258,560131.646],[172976.898,560131.556],[172969.747,560130.043],[172969.278,560129.967],[172960.426,560128.959],[172960.253,560128.942],[172943.315,560127.606],[172937.938,560126.859],[172937.009,560126.817],[172936.09,560126.948],[172935.21,560127.246],[172934.401,560127.702],[172933.69,560128.3],[172933.102,560129.019],[172932.657,560129.834],[172932.37,560130.718],[172926.76,560155.761],[172918.437,560153.956],[172917.258,560153.844],[172910.591,560154.003],[172910.422,560154.01],[172885.752,560155.433],[172877.75,560155.59],[172876.748,560155.711],[172875.791,560156.032],[172874.918,560156.538],[172874.164,560157.209],[172873.56,560158.018],[172873.131,560158.931],[172872.894,560159.913],[172872.859,560160.921],[172873.256,560166.863],[172864.677,560167.127],[172863.736,560167.246],[172862.834,560167.541],[172862.004,560168.001],[172861.276,560168.609],[172860.676,560169.344],[172860.225,560170.179],[172859.94,560171.084],[172859.832,560172.027],[172859.715,560177.993],[172822.863,560178.552],[172784.626,560175.61],[172721.183,560169.266],[172721.091,560169.258],[172702.888,560167.776],[172702.128,560167.772],[172666.356,560170.312],[172666.236,560170.322],[172644.011,560172.439],[172643.586,560172.498],[172626.79,560175.57],[172563.563,560172.659],[172533.13,560164.377],[172501.952,560153.777],[172479.792,560141.466],[172454.037,560121.993],[172453.968,560121.941],[172444.104,560114.749],[172432.09,560102.942],[172431.839,560102.712],[172414.103,560087.509],[172387.112,560063.259],[172318.607,559997.714],[172282.218,559962.172],[172282.204,559962.158],[172255.139,559935.939],[172232.307,559913.107],[172232.279,559913.079],[172205.411,559886.634],[172185.118,559866.341],[172183.859,559863.543],[172181.413,559848.521],[172205.129,559824.862],[172237.409,559792.844],[172237.423,559792.827]]]}},{"type":"Feature","properties":{"relatieveHoogteligging":1,"lokaalID":"W0653.6ae30f49fd204d98854914b2be7af1f0","bgt_status":"bestaand","bgt_type":"kering","naam":"Regionale en lokale keringen","objecttype":"FunctioneelGebied"},"geometry":{"type":"Polygon","coordinates":[[[173256.368,557539.158],[173268.707,557528.009],[173269.023,557527.776],[173269.377,557527.609],[173269.758,557527.515],[173270.149,557527.496],[173270.537,557527.554],[173270.906,557527.687],[173271.242,557527.889],[173271.532,557528.153],[173271.765,557528.468],[173271.932,557528.823],[173272.027,557529.203],[173272.045,557529.595],[173271.987,557529.982],[173271.855,557530.351],[173271.652,557530.687],[173271.389,557530.977],[173259.168,557542.019],[173245.301,557559.287],[173219.356,557597.583],[173198.552,557629.544],[173198.327,557629.829],[173168.968,557660.775],[173168.929,557660.815],[173109.988,557719.492],[173055.541,557780.282],[173055.509,557780.317],[173010.281,557828.454],[173010.174,557828.56],[172972.616,557862.944],[172972.304,557863.178],[172950.698,557876.296],[172947.497,557885.407],[172947.313,557885.792],[172947.052,557886.13],[172946.725,557886.405],[172946.346,557886.603],[172909.215,557901.301],[172907.085,557909.819],[172947.242,557916.093],[172947.624,557916.193],[172947.98,557916.365],[172948.294,557916.604],[172948.556,557916.901],[172953.317,557923.513],[172953.519,557923.863],[172953.646,557924.247],[172953.693,557924.649],[172953.659,557925.052],[172953.545,557925.439],[172953.354,557925.796],[172940.394,557945.104],[172940.052,557945.493],[172888.477,557990.721],[172888.205,557990.921],[172887.904,557991.073],[172887.581,557991.172],[172861.926,557996.726],[172861.429,557996.77],[172826.135,557995.463],[172804.06,558004.033],[172684.821,558053.474],[172664.745,558062.455],[172664.425,558062.567],[172645.541,558067.405],[172645.34,558067.446],[172596.25,558074.774],[172595.788,558074.789],[172538.922,558070.028],[172538.736,558070.004],[172479.784,558059.429],[172454.995,558055.738],[172371.614,558047.123],[172330.704,558049.607],[172324.116,558059.123],[172323.867,558059.417],[172323.566,558059.659],[172323.225,558059.837],[172322.855,558059.947],[172322.472,558059.985],[172312.179,558059.985],[172311.052,558065.137],[172325.356,558070.061],[172375.72,558079.026],[172375.856,558079.055],[172408.084,558087.139],[172491.476,558098.055],[172491.621,558098.08],[172562.052,558112.639],[172645.068,558113.583],[172645.332,558113.604],[172746.048,558128.184],[172814.019,558055.298],[172814.238,558055.095],[172814.486,558054.927],[172829.232,558046.466],[172860.411,558026.157],[172860.702,558026],[172861.015,558025.893],[172861.341,558025.839],[172870.83,558025.07],[172894.431,558015.733],[172911.044,558004.831],[172939.434,557978.281],[172969.776,557945.828],[173000.714,557909.831],[173011.803,557896.929],[173012.06,557896.679],[173012.357,557896.48],[173012.685,557896.336],[173013.034,557896.253],[173013.391,557896.234],[173020.797,557896.498],[173021.21,557896.557],[173021.602,557896.7],[173021.957,557896.921],[173022.257,557897.211],[173044.474,557923.66],[173044.535,557923.736],[173060.27,557944.454],[173071.737,557954.096],[173071.795,557954.147],[173073.886,557956.048],[173082.527,557953.635],[173087.286,557947.955],[173087.658,557943.304],[173081.168,557939.947],[173080.887,557939.771],[173063.96,557927.075],[173063.674,557926.814],[173046.014,557907.214],[173045.818,557906.957],[173028.829,557880.536],[173028.666,557880.225],[173028.56,557879.892],[173028.514,557879.545],[173028.528,557879.195],[173030.033,557867.661],[173030.12,557867.283],[173030.279,557866.929],[173041.206,557847.782],[173041.354,557847.558],[173073.093,557806.034],[173073.151,557805.96],[173101.187,557772.635],[173101.273,557772.539],[173154.7,557716.732],[173154.773,557716.659],[173177.519,557695.235],[173177.984,557694.908],[173193.83,557686.855],[173219.438,557660.987],[173231.87,557644.928],[173241.998,557617.446],[173242.152,557617.121],[173249.638,557604.426],[173249.835,557604.149],[173279.171,557569.527],[173294.169,557550.547],[173294.441,557550.264],[173294.763,557550.041],[173295.122,557549.884],[173295.505,557549.8],[173295.897,557549.793],[173296.283,557549.862],[173296.648,557550.006],[173296.978,557550.217],[173297.26,557550.489],[173297.484,557550.811],[173297.641,557551.171],[173297.725,557551.554],[173297.732,557551.946],[173297.663,557552.332],[173297.519,557552.697],[173297.307,557553.027],[173282.288,557572.034],[173282.245,557572.087],[173252.997,557606.605],[173245.689,557618.998],[173235.517,557646.601],[173235.389,557646.878],[173235.222,557647.133],[173222.526,557663.532],[173222.366,557663.714],[173196.446,557689.899],[173196.203,557690.108],[173195.931,557690.275],[173180.053,557698.344],[173157.553,557719.535],[173104.207,557775.259],[173076.242,557808.5],[173044.613,557849.881],[173033.948,557868.569],[173032.589,557878.987],[173049.095,557904.657],[173066.516,557923.992],[173083.154,557936.471],[173090.676,557940.361],[173091.004,557940.574],[173091.284,557940.846],[173091.506,557941.167],[173091.661,557941.525],[173091.744,557941.907],[173091.751,557942.297],[173091.222,557948.91],[173091.147,557949.314],[173090.992,557949.694],[173090.762,557950.035],[173085.194,557956.679],[173084.908,557956.959],[173084.572,557957.175],[173084.199,557957.321],[173073.897,557960.198],[173073.499,557960.267],[173073.096,557960.255],[173072.704,557960.161],[173072.338,557959.992],[173072.014,557959.752],[173069.133,557957.133],[173057.525,557947.372],[173057.219,557947.051],[173041.38,557926.195],[173019.766,557900.464],[173014.21,557900.266],[173003.747,557912.439],[172972.783,557948.467],[172972.727,557948.529],[172942.31,557981.061],[172942.216,557981.156],[172913.651,558007.87],[172913.382,558008.081],[172896.455,558019.19],[172896.093,558019.377],[172872.024,558028.899],[172871.742,558028.987],[172871.45,558029.033],[172862.169,558029.785],[172831.368,558049.849],[172831.271,558049.908],[172816.738,558058.247],[172748.26,558131.677],[172747.971,558131.932],[172747.639,558132.127],[172747.276,558132.255],[172746.895,558132.311],[172746.51,558132.292],[172644.89,558117.581],[172561.813,558116.637],[172561.431,558116.596],[172490.884,558102.012],[172407.45,558091.09],[172407.223,558091.047],[172374.951,558082.952],[172324.501,558073.972],[172324.201,558073.894],[172308.067,558068.339],[172307.691,558068.164],[172307.359,558067.916],[172307.085,558067.604],[172306.882,558067.242],[172306.758,558066.846],[172306.718,558066.433],[172306.764,558066.021],[172308.616,558057.557],[172308.734,558057.189],[172308.922,558056.851],[172309.171,558056.555],[172309.472,558056.313],[172309.814,558056.133],[172310.185,558056.022],[172310.569,558055.985],[172321.424,558055.985],[172327.968,558046.531],[172328.2,558046.254],[172328.478,558046.023],[172328.793,558045.845],[172329.134,558045.728],[172329.492,558045.673],[172371.535,558043.12],[172371.862,558043.127],[172455.451,558051.763],[172455.54,558051.775],[172480.402,558055.477],[172480.461,558055.487],[172539.35,558066.05],[172595.889,558070.784],[172644.648,558063.505],[172663.267,558058.734],[172683.213,558049.811],[172683.264,558049.789],[172802.549,558000.33],[172802.591,558000.313],[172825.073,557991.585],[172825.464,557991.477],[172825.87,557991.45],[172861.325,557992.764],[172886.229,557987.372],[172937.219,557942.658],[172949.258,557924.722],[172945.798,557919.916],[172904.306,557913.433],[172903.905,557913.327],[172903.535,557913.141],[172903.211,557912.882],[172902.947,557912.562],[172902.755,557912.195],[172902.643,557911.796],[172902.616,557911.382],[172902.674,557910.972],[172905.583,557899.334],[172905.71,557898.977],[172905.901,557898.65],[172906.151,557898.365],[172906.45,557898.132],[172906.788,557897.96],[172944.026,557883.22],[172947.162,557874.294],[172947.303,557873.982],[172947.495,557873.698],[172947.734,557873.451],[172948.011,557873.248],[172970.06,557859.861],[173007.418,557825.66],[173052.577,557777.595],[173107.046,557716.78],[173107.125,557716.697],[173166.086,557658.001],[173195.299,557627.209],[173216.014,557595.385],[173216.034,557595.355],[173242.035,557556.977],[173242.131,557556.846],[173256.149,557539.39],[173256.368,557539.158]]]}},{"type":"Feature","properties":{"relatieveHoogteligging":1,"lokaalID":"W0653.6c9201d029824b148aac570aa2bcae25","bgt_status":"bestaand","bgt_type":"kering","naam":"Regionale en lokale keringen","objecttype":"FunctioneelGebied"},"geometry":{"type":"Polygon","coordinates":[[[173756.045,559637.985],[173756.023,559638.124],[173746.249,559675.347],[173746.24,559675.381],[173737.911,559706.206],[173737.879,559706.321],[173731.651,559727.365],[173731.617,559727.475],[173730.239,559731.765],[173730.028,559732.309],[173727.882,559737.019],[173727.546,559737.637],[173724.765,559741.992],[173724.551,559742.301],[173721.166,559746.815],[173720.997,559747.028],[173717.338,559751.393],[173716.682,559752.043],[173712.817,559755.221],[173712.307,559755.589],[173707.233,559758.786],[173706.756,559759.051],[173701.02,559761.843],[173700.475,559762.07],[173694.624,559764.107],[173694.179,559764.24],[173687.658,559765.851],[173686.407,559765.997],[173682.789,559765.959],[173682.052,559765.897],[173681.333,559765.727],[173677.808,559764.613],[173676.651,559764.077],[173659.989,559753.591],[173650.481,559769.488],[173636.051,559793.571],[173636.022,559793.617],[173624.718,559812.022],[173617.196,559824.746],[173617.15,559824.823],[173602.622,559848.423],[173582.079,559882.261],[173582.066,559882.281],[173572.119,559898.492],[173558.099,559924.681],[173555.464,559930.403],[173546.662,559955.023],[173542.126,559969.429],[173542.052,559969.645],[173534.153,559991.235],[173514.171,560054.619],[173514.109,560054.804],[173506.75,560075.314],[173506.359,560076.15],[173500.397,560086.34],[173500.118,560086.765],[173490.064,560100.523],[173489.96,560100.66],[173473.604,560121.502],[173462.533,560136.537],[173462.408,560136.7],[173453.031,560148.396],[173452.988,560148.449],[173449.881,560152.219],[173447.625,560155.629],[173446.578,560158.156],[173445.33,560161.734],[173444.615,560164.435],[173444.101,560169.102],[173443.836,560174.86],[173443.929,560177.96],[173444.514,560180.69],[173451.305,560199.042],[173451.358,560199.192],[173454.1,560207.393],[173454.155,560207.568],[173455.355,560211.65],[173455.515,560212.408],[173456.009,560216.163],[173456.046,560217.07],[173455.83,560221.298],[173455.729,560222.075],[173453.464,560232.82],[173453.251,560233.548],[173449.697,560243.002],[173449.243,560243.915],[173448.613,560244.716],[173447.834,560245.373],[173446.937,560245.859],[173445.961,560246.152],[173444.946,560246.242],[173443.933,560246.124],[173442.966,560245.803],[173428.295,560239.206],[173428.278,560239.198],[173362.555,560209.353],[173362.522,560209.338],[173298.132,560179.521],[173282.769,560172.916],[173280.402,560172.408],[173278.434,560173.291],[173275.762,560176.741],[173263.797,560203.781],[173243.806,560250.426],[173243.772,560250.503],[173230.709,560279.634],[173230.205,560280.509],[173229.535,560281.265],[173228.726,560281.871],[173227.813,560282.302],[173226.831,560282.541],[173225.822,560282.577],[173224.825,560282.41],[173223.883,560282.046],[173213.842,560276.948],[173188.159,560267.709],[173158.372,560257.832],[173149.491,560256.148],[173148.708,560255.932],[173110.449,560241.962],[173109.583,560241.548],[173108.813,560240.976],[173108.166,560240.267],[173107.666,560239.448],[173107.331,560238.549],[173107.175,560237.602],[173107.203,560236.643],[173107.413,560235.706],[173109.316,560229.906],[173100.221,560226.031],[173098.635,560230.638],[173098.234,560231.516],[173097.672,560232.3],[173096.97,560232.962],[173096.154,560233.477],[173095.253,560233.826],[173094.303,560233.994],[173093.338,560233.978],[173092.394,560233.776],[173091.507,560233.396],[173061.344,560216.886],[173060.505,560216.309],[173059.801,560215.573],[173059.26,560214.71],[173058.905,560213.756],[173058.751,560212.749],[173058.804,560211.732],[173059.062,560210.747],[173059.515,560209.834],[173076.087,560183.536],[173071.509,560180.693],[173038.608,560167.196],[173038.483,560167.143],[173012.249,560155.539],[172982.347,560143.536],[172974.647,560141.301],[172967.91,560139.876],[172959.381,560138.904],[172942.381,560137.563],[172942.086,560137.531],[172941.122,560137.397],[172935.433,560162.793],[172935.127,560163.72],[172934.648,560164.57],[172934.012,560165.311],[172933.245,560165.914],[172932.375,560166.356],[172931.436,560166.622],[172930.463,560166.699],[172929.494,560166.586],[172916.9,560163.855],[172910.913,560163.998],[172886.233,560165.422],[172886.043,560165.429],[172883.186,560165.485],[172883.578,560171.369],[172883.544,560172.37],[172883.311,560173.345],[172882.888,560174.254],[172882.293,560175.061],[172881.548,560175.732],[172880.685,560176.241],[172879.737,560176.568],[172878.743,560176.699],[172869.737,560176.976],[172869.618,560183.018],[172869.508,560183.97],[172869.217,560184.883],[172868.758,560185.725],[172868.147,560186.463],[172867.406,560187.071],[172866.562,560187.527],[172865.648,560187.813],[172864.695,560187.919],[172822.785,560188.554],[172822.326,560188.54],[172783.802,560185.577],[172783.688,560185.567],[172720.234,560179.221],[172702.456,560177.774],[172667.125,560180.283],[172645.174,560182.373],[172628.028,560185.51],[172626.899,560185.586],[172562.552,560182.623],[172561.469,560182.453],[172530.354,560173.986],[172530.057,560173.895],[172498.307,560163.1],[172497.489,560162.737],[172474.629,560150.037],[172474.041,560149.655],[172448.041,560129.996],[172437.916,560122.613],[172437.357,560122.139],[172425.202,560110.193],[172407.551,560095.064],[172407.463,560094.987],[172380.37,560070.645],[172380.255,560070.539],[172311.675,560004.922],[172311.638,560004.886],[172275.238,559969.333],[172248.152,559943.094],[172248.096,559943.038],[172225.25,559920.192],[172198.382,559893.747],[172198.354,559893.72],[172177.399,559872.764],[172176.819,559872.069],[172176.375,559871.281],[172174.47,559867.047],[172174.095,559865.799],[172171.131,559847.596],[172171.068,559846.651],[172171.184,559845.712],[172171.475,559844.811],[172171.931,559843.981],[172172.535,559843.253],[172198.071,559817.777],[172198.082,559817.767],[172230.352,559785.76],[172242.261,559773.737],[172250.16,559763.359],[172250.624,559762.832],[172264.277,559749.338],[172264.992,559748.751],[172282.547,559736.889],[172303.044,559722.069],[172322.655,559706.728],[172323.218,559706.347],[172350.976,559690.168],[172386.83,559668.75],[172386.949,559668.681],[172414.413,559653.283],[172414.662,559653.152],[172442.92,559639.341],[172443.371,559639.147],[172458.293,559633.591],[172459.167,559633.353],[172477.309,559630.143],[172481.27,559622.098],[172481.771,559621.286],[172482.417,559620.584],[172483.185,559620.018],[172484.046,559619.608],[172484.97,559619.368],[172485.922,559619.309],[172486.868,559619.432],[172487.774,559619.732],[172489.178,559620.351],[172493.719,559612.958],[172494.334,559612.153],[172495.097,559611.489],[172495.979,559610.992],[172496.944,559610.684],[172509.454,559608.034],[172518.203,559601.977],[172520.227,559599.067],[172520.983,559598.21],[172521.913,559597.546],[172522.97,559597.111],[172565.039,559585.205],[172565.091,559585.191],[172607.795,559573.602],[172608.175,559573.515],[172643.418,559566.847],[172643.661,559566.807],[172670.014,559563.156],[172670.293,559563.125],[172685.85,559561.855],[172685.866,559561.854],[172710.155,559559.949],[172710.291,559559.94],[172738.231,559558.512],[172738.337,559558.507],[172764.835,559557.714],[172791.968,559556.762],[172792.047,559556.76],[172824.749,559556.125],[172825.559,559556.175],[172843.857,559558.811],[172868.145,559558.032],[172904.743,559556.29],[172930.585,559554.704],[172930.856,559554.695],[172953.558,559554.536],[172954.48,559554.616],[172955.372,559554.864],[172956.203,559555.272],[172956.945,559555.826],[172957.571,559556.508],[172958.062,559557.293],[172958.398,559558.156],[172958.571,559559.066],[172965.412,559631.447],[172969.876,559629.773],[172970.845,559629.517],[172989.101,559626.606],[172989.735,559626.546],[173006.933,559626.017],[173007.86,559626.075],[173008.761,559626.304],[173018.889,559629.905],[173024.939,559627.484],[173030.13,559625.051],[173029.091,559612.373],[173029.087,559611.609],[173029.199,559610.853],[173032.639,559595.772],[173032.97,559594.796],[173037.468,559585.006],[173038.163,559583.902],[173047.159,559573.054],[173047.729,559572.471],[173048.387,559571.988],[173058.706,559565.638],[173059.531,559565.229],[173073.29,559559.938],[173074.019,559559.719],[173074.773,559559.614],[173095.92,559558.292],[173137.365,559555.389],[173187.03,559550.369],[173187.13,559550.36],[173223.113,559547.45],[173224.426,559547.517],[173231.57,559548.84],[173232.554,559549.129],[173233.458,559549.613],[173234.245,559550.271],[173243.505,559559.796],[173244.295,559560.86],[173252.366,559575.441],[173256.767,559581.694],[173263.204,559586.415],[173269.736,559587.89],[173280.856,559587.396],[173306.667,559585.025],[173306.688,559585.023],[173394.239,559577.353],[173410.352,559575.768],[173410.77,559575.744],[173429.291,559575.48],[173430.292,559575.567],[173431.255,559575.852],[173442.897,559580.614],[173443.821,559581.111],[173444.621,559581.79],[173455.733,559593.431],[173456.245,559594.063],[173456.647,559594.769],[173467.709,559618.472],[173485.158,559651.574],[173488.122,559653.945],[173498.187,559653.289],[173529.214,559649.117],[173540.283,559646.291],[173544.957,559642.429],[173585.832,559582.427],[173586.504,559581.633],[173587.325,559580.995],[173597.115,559574.91],[173598.149,559574.421],[173599.267,559574.18],[173623.609,559571.799],[173623.803,559571.784],[173691.537,559567.815],[173691.691,559567.808],[173720.266,559567.015],[173720.479,559567.013],[173738.206,559567.278],[173739.317,559567.42],[173740.368,559567.805],[173744.545,559569.894],[173750.187,559565.837],[173751.074,559565.327],[173752.047,559565.009],[173753.064,559564.896],[173754.083,559564.992],[173755.061,559565.294],[173755.957,559565.789],[173756.734,559566.455],[173774.924,559585.638],[173775.513,559586.392],[173775.948,559587.245],[173776.212,559588.165],[173776.296,559589.118],[173776.196,559590.07],[173775.918,559590.985],[173775.47,559591.831],[173766.624,559605.244],[173761.274,559617.642],[173758.283,559627.049],[173756.087,559637.85],[173756.045,559637.985]]]}},{"type":"Feature","properties":{"relatieveHoogteligging":1,"lokaalID":"W0653.8f4d620b1b80400490ef72d127830c72","bgt_status":"bestaand","bgt_type":"kering","naam":"Regionale en lokale keringen","objecttype":"FunctioneelGebied"},"geometry":{"type":"Polygon","coordinates":[[[174482.594,558758.688],[174481.886,558753.729],[174481.849,558752.651],[174481.997,558750.672],[174482.248,558749.438],[174482.776,558747.879],[174483.047,558747.233],[174483.899,558745.544],[174484.322,558744.852],[174484.851,558744.237],[174486.06,558743.044],[174486.703,558742.509],[174487.425,558742.088],[174488.618,558741.521],[174489.117,558741.316],[174489.853,558741.059],[174493.227,558739.742],[174493.415,558739.673],[174497.445,558738.284],[174502.362,558736.353],[174504.22,558735.33],[174506.038,558733.907],[174508.029,558731.914],[174509.364,558730.415],[174511.477,558727.396],[174511.959,558726.808],[174513.389,558725.312],[174514.021,558724.754],[174515.977,558723.3],[174516.043,558723.252],[174517.677,558722.078],[174518.609,558721.55],[174520.823,558720.593],[174521.337,558720.403],[174523.465,558719.749],[174524.645,558719.337],[174528.941,558717.523],[174532.393,558715.487],[174536.767,558712.608],[174544.64,558707.374],[174545.342,558706.985],[174546.098,558706.713],[174548.042,558706.185],[174549.13,558706.015],[174552.43,558705.869],[174552.686,558705.864],[174554.694,558705.878],[174556.15,558705.657],[174557.295,558705.128],[174557.335,558705.11],[174562.58,558702.745],[174566.669,558700.848],[174572.549,558697.758],[174578.622,558692.7],[174578.963,558692.44],[174582.481,558689.989],[174583.238,558689.554],[174584.058,558689.258],[174587.448,558688.36],[174588.207,558688.22],[174589.619,558688.072],[174591.278,558686.864],[174593.974,558684.624],[174594.022,558684.585],[174597.659,558681.64],[174600.498,558679.157],[174607.784,558672.396],[174611.038,558668.57],[174611.912,558667.761],[174615.924,558664.852],[174616.14,558664.705],[174620.007,558662.198],[174620.125,558662.124],[174623.151,558660.28],[174623.495,558660.089],[174627.768,558657.927],[174627.999,558657.818],[174631.6,558656.221],[174636.067,558653.932],[174640.016,558651.614],[174647.051,558646.072],[174655.031,558639.312],[174672.017,558623.964],[174672.433,558623.627],[174675.95,558621.076],[174676.928,558620.522],[174680.21,558619.125],[174681.084,558618.845],[174683.638,558618.277],[174686.591,558617.507],[174687.037,558617.412],[174689.386,558617.023],[174692.1,558616.23],[174694.3,558615.345],[174696.013,558614.276],[174700.181,558611.545],[174700.202,558611.532],[174704.069,558609.025],[174704.156,558608.97],[174708.04,558606.565],[174713.707,558602.736],[174713.901,558602.612],[174718.514,558599.795],[174718.749,558599.661],[174722.346,558597.723],[174726.945,558595.17],[174730.095,558593.249],[174735.332,558589.926],[174740.556,558586.139],[174740.858,558585.937],[174746.951,558582.163],[174749.868,558579.597],[174754.551,558575.45],[174757.586,558571.834],[174757.762,558571.636],[174760.585,558568.614],[174761.828,558566.906],[174764.281,558563.288],[174764.396,558563.125],[174769.061,558556.804],[174769.391,558556.403],[174773.924,558551.435],[174774.228,558551.13],[174778.004,558547.649],[174782.518,558543.358],[174782.629,558543.256],[174785.436,558540.745],[174788.192,558538.185],[174788.436,558537.973],[174791.984,558535.083],[174798.399,558529.775],[174799.081,558529.301],[174803.597,558526.685],[174803.892,558526.527],[174806.747,558525.12],[174809.802,558523.304],[174812.013,558521.916],[174814.44,558519.928],[174814.553,558519.837],[174816.615,558518.245],[174818.337,558516.746],[174820.532,558514.633],[174821.802,558513.36],[174822.658,558511.654],[174823.473,558509.602],[174823.82,558505.929],[174823.84,558500.551],[174823.867,558500.056],[174824.043,558498.352],[174824.317,558497.159],[174824.847,558495.7],[174824.927,558495.495],[174826.427,558491.871],[174827.087,558490.73],[174829.741,558487.29],[174830.039,558486.938],[174833.338,558483.392],[174836.341,558480.152],[174837.121,558479.468],[174840.44,558477.12],[174840.739,558476.924],[174843.616,558475.182],[174844.436,558474.783],[174847.87,558473.484],[174848.79,558473.233],[174850.687,558472.906],[174851.823,558472.841],[174853.225,558472.922],[174854.628,558473.208],[174856.238,558473.786],[174856.85,558474.053],[174858.916,558475.124],[174859.623,558475.569],[174860.246,558476.126],[174865.528,558481.705],[174865.595,558481.778],[174880.951,558498.655],[174888.43,558505.16],[174888.732,558505.445],[174893.941,558510.796],[174896.031,558512.556],[174896.335,558512.835],[174902.983,558519.446],[174903.015,558519.478],[174907.837,558524.36],[174912.959,558529.249],[174916.396,558531.443],[174918.626,558532.664],[174920.404,558533.346],[174921.956,558533.814],[174924.236,558534.168],[174925.645,558534.032],[174927.877,558533.468],[174930.216,558532.51],[174932.714,558530.988],[174934.83,558529.425],[174936.598,558527.606],[174938.194,558525.616],[174938.561,558525.208],[174941.151,558522.619],[174941.488,558522.312],[174945.222,558519.207],[174945.559,558518.95],[174948.011,558517.24],[174948.892,558516.749],[174950.931,558515.87],[174952.312,558515.497],[174954.66,558515.214],[174955.741,558515.201],[174958.897,558515.507],[174958.96,558515.513],[174961.757,558515.82],[174963.642,558515.848],[174964.523,558515.69],[174964.985,558515.48],[174966.427,558514.698],[174968.084,558513.313],[174969.853,558511.736],[174978.609,558503.722],[174983.369,558498.389],[174990.065,558490.442],[174990.72,558489.797],[174993.144,558487.811],[174993.917,558487.29],[174994.775,558486.921],[174997.365,558486.084],[174998.133,558485.901],[174998.92,558485.842],[175001.772,558485.852],[175002.621,558485.927],[175004.727,558486.298],[175005.853,558486.636],[175006.869,558487.228],[175009.347,558489.095],[175009.768,558489.449],[175015.996,558495.317],[175016.11,558495.428],[175018.911,558498.239],[175018.991,558498.321],[175022.867,558502.396],[175023.039,558502.587],[175031.921,558512.939],[175033.643,558514.833],[175036.34,558517.283],[175039.152,558519.29],[175041.646,558520.437],[175043.032,558520.831],[175044.289,558520.788],[175046.584,558520.329],[175046.956,558520.269],[175048.804,558520.043],[175049.592,558520.01],[175051.392,558520.075],[175052.452,558520.228],[175055.543,558521.019],[175056.3,558521.28],[175060.303,558523.025],[175061.027,558523.414],[175064.234,558525.495],[175064.742,558525.873],[175070.375,558530.642],[175070.669,558530.912],[175084.775,558544.933],[175098.341,558558.407],[175098.458,558558.527],[175107.595,558568.236],[175113.755,558574.37],[175114.124,558574.781],[175117.205,558578.615],[175117.923,558579.825],[175119.166,558582.81],[175119.39,558583.477],[175120.554,558587.964],[175120.65,558588.419],[175121.04,558590.825],[175121.054,558590.915],[175121.269,558592.414],[175122,558596.883],[175122.045,558597.238],[175122.542,558602.715],[175123.261,558605.541],[175123.848,558606.991],[175124.588,558608.24],[175125.332,558609.127],[175125.543,558609.397],[175130.745,558616.545],[175136.701,558624.01],[175136.718,558624.032],[175140.641,558629.005],[175140.798,558629.216],[175143.161,558632.56],[175144.301,558633.98],[175153.017,558643.354],[175153.21,558643.574],[175154.952,558645.682],[175159.957,558649.677],[175163.363,558644.809],[175163.978,558644.087],[175164.719,558643.493],[175165.559,558643.051],[175166.467,558642.775],[175167.194,558642.699],[175167.532,558642.208],[175168.162,558641.463],[175168.925,558640.854],[175169.791,558640.405],[175170.728,558640.133],[175171.7,558640.048],[175172.67,558640.153],[175173.602,558640.445],[175174.458,558640.912],[175185.04,558648.104],[175185.841,558648.781],[175186.483,558649.612],[175186.938,558650.558],[175187.185,558651.578],[175187.214,558652.627],[175187.116,558653.157],[175190.594,558655.918],[175191.282,558656.581],[175191.832,558657.364],[175192.223,558658.237],[175192.441,558659.168],[175192.477,558660.124],[175192.33,558661.069],[175192.006,558661.969],[175191.517,558662.791],[175184.564,558672.272],[175185.165,558672.893],[175185.298,558673.035],[175199.666,558689.059],[175199.712,558689.11],[175215.445,558707.147],[175231.016,558724.265],[175239.756,558733.662],[175239.918,558733.844],[175250.793,558746.745],[175261.076,558758.71],[175265.291,558763.199],[175272.194,558757.244],[175272.972,558756.692],[175273.84,558756.299],[175274.767,558756.078],[175275.785,558755.935],[175276.816,558755.899],[175277.833,558756.075],[175278.756,558756.335],[175279.782,558756.751],[175280.692,558757.383],[175281.828,558758.377],[175282.102,558758.635],[175292.92,558769.637],[175292.986,558769.705],[175303.803,558781.129],[175331.522,558809.541],[175358.225,558836.89],[175358.236,558836.901],[175385.768,558865.268],[175410.222,558889.778],[175410.401,558889.968],[175421.67,558902.508],[175422.224,558903.252],[175422.63,558904.086],[175422.875,558904.981],[175422.951,558905.906],[175422.854,558906.829],[175422.618,558908.012],[175422.329,558908.96],[175421.858,558909.832],[175421.225,558910.593],[175398.869,558932.635],[175410.974,558945.845],[175424.011,558958.875],[175424.026,558958.89],[175468.059,559003.276],[175468.066,559003.282],[175494.808,559030.34],[175508.622,559044.174],[175541.321,559051.645],[175542.245,559051.953],[175543.091,559052.435],[175543.828,559053.071],[175562.799,559072.994],[175562.803,559072.999],[175576.153,559087.051],[175580.879,559090.883],[175581.69,559089.91],[175582.39,559089.221],[175583.212,559088.681],[175584.123,559088.313],[175585.089,559088.131],[175586.072,559088.141],[175587.034,559088.343],[175587.938,559088.729],[175588.749,559089.284],[175592.714,559092.619],[175597.308,559095.143],[175597.682,559095.37],[175603.984,559099.59],[175604.777,559100.249],[175608.748,559104.309],[175609.214,559104.86],[175613.854,559111.225],[175614.085,559111.571],[175616.59,559115.688],[175616.775,559116.019],[175618.437,559119.285],[175618.783,559120.157],[175619.88,559123.931],[175619.982,559124.35],[175620.752,559128.22],[175620.815,559128.618],[175621.586,559135.244],[175621.619,559135.725],[175621.739,559141.878],[175621.725,559142.361],[175621.354,559147.152],[175621.264,559149.244],[175621.194,559149.887],[175619.824,559157.745],[175619.676,559158.359],[175618.589,559161.886],[175618.551,559162.002],[175615.806,559170.19],[175615.733,559170.394],[175613.25,559176.856],[175611.713,559180.856],[175611.561,559181.209],[175606.022,559192.861],[175605.895,559193.11],[175595.233,559212.64],[175593.596,559216.031],[175593.48,559216.255],[175590.497,559221.713],[175589.521,559223.666],[175586.821,559229.699],[175586.202,559230.73],[175585.354,559231.583],[175582.099,559234.15],[175582.071,559234.168],[175582.046,559234.191],[175581.658,559234.432],[175581.274,559234.678],[175581.242,559234.691],[175581.213,559234.709],[175580.786,559234.869],[175580.361,559235.036],[175580.328,559235.042],[175580.296,559235.054],[175579.845,559235.128],[175579.396,559235.208],[175579.362,559235.208],[175579.329,559235.213],[175578.872,559235.198],[175578.416,559235.189],[175578.383,559235.182],[175578.349,559235.181],[175561.356,559232.941],[175557.989,559250.694],[175554.825,559270.467],[175554.738,559270.89],[175550.77,559286.765],[175550.366,559287.838],[175549.729,559288.791],[175542.982,559296.728],[175542.841,559296.887],[175532.919,559307.602],[175532.168,559308.266],[175531.3,559308.766],[175530.35,559309.083],[175529.355,559309.204],[175528.356,559309.125],[175527.393,559308.848],[175521.44,559306.467],[175521.186,559306.357],[175492.214,559292.863],[175491.87,559292.686],[175454.86,559271.819],[175373.024,559239.401],[175309.938,559214.404],[175232.238,559184.276],[175219.168,559179.662],[175205.186,559216.187],[175174.399,559297.979],[175166.066,559320.861],[175165.67,559321.698],[175154.047,559341.32],[175149.511,559349.019],[175148.915,559349.832],[175139.209,559360.585],[175139.113,559360.689],[175134.793,559365.21],[175134.578,559365.422],[175129.366,559370.257],[175129.003,559370.564],[175100.748,559392.167],[175073.013,559413.931],[175072.988,559413.95],[175052.204,559430.051],[175052.17,559430.077],[175031.955,559445.46],[175031.895,559445.506],[175012.129,559460.084],[175011.891,559460.249],[175003.039,559466.017],[175002.629,559466.257],[174987.804,559474.023],[174987.683,559474.085],[174955.828,559489.683],[174916.303,559509.565],[174916.268,559509.582],[174865.76,559534.494],[174811.709,559561.233],[174770.208,559581.759],[174770.152,559581.786],[174754.641,559589.218],[174719.201,559606.747],[174698.539,559617.764],[174693.865,559620.655],[174690.657,559622.99],[174687.452,559626.186],[174671.982,559647.104],[174637.628,559694.016],[174637.57,559694.094],[174619.741,559717.476],[174644.126,559733.075],[174644.184,559733.113],[174662.04,559744.887],[174662.222,559745.013],[174695.767,559769.333],[174695.998,559769.511],[174727.187,559795.024],[174727.341,559795.155],[174749.526,559814.852],[174750.208,559815.593],[174750.728,559816.455],[174751.064,559817.404],[174751.203,559818.401],[174751.14,559819.406],[174750.877,559820.377],[174750.424,559821.277],[174749.801,559822.067],[174746.549,559825.43],[174777.48,559855.724],[174777.635,559855.882],[174798.502,559878.206],[174798.662,559878.387],[174808.614,559890.12],[174809.169,559890.922],[174809.558,559891.817],[174809.767,559892.77],[174809.786,559893.745],[174809.615,559894.705],[174809.261,559895.614],[174808.738,559896.437],[174808.065,559897.142],[174807.267,559897.704],[174767.411,559920.303],[174767.315,559920.357],[174707.794,559952.389],[174707.612,559952.483],[174648.566,559981.212],[174629.04,559990.812],[174628.995,559990.834],[174578.873,560014.846],[174515.34,560045.474],[174515.31,560045.488],[174461.621,560070.921],[174461.6,560070.931],[174395.15,560102.032],[174395.125,560102.044],[174324.821,560134.469],[174242.668,560173.376],[174242.641,560173.388],[174158.279,560212.733],[174088.338,560246.042],[174088.194,560246.108],[174082.232,560248.719],[174081.517,560248.97],[174076.992,560250.179],[174076.417,560250.297],[174069.258,560251.333],[174068.386,560251.383],[174067.519,560251.279],[174066.682,560251.026],[174048.411,560243.705],[174034.876,560263.409],[174010.063,560300.645],[173983.876,560340.105],[173960.717,560376.04],[173960.667,560376.116],[173928.837,560423.588],[173904.251,560460.254],[173876.895,560501.554],[173847.418,560546.399],[173847.411,560546.409],[173816.672,560592.935],[173784.649,560643.007],[173773.864,560660.442],[173773.274,560661.216],[173772.546,560661.861],[173771.706,560662.353],[173770.787,560662.672],[173769.823,560662.808],[173768.851,560662.754],[173767.909,560662.513],[173767.03,560662.094],[173674.554,560606.333],[173621.554,560575.126],[173621.534,560575.114],[173583.646,560552.571],[173583.091,560552.188],[173578.964,560548.908],[173578.14,560548.078],[173575.071,560544.162],[173574.546,560543.339],[173574.192,560542.429],[173566.683,560515.673],[173556.149,560479.33],[173551.121,560465.294],[173551.077,560465.165],[173544.833,560446.115],[173544.82,560446.074],[173531.422,560403.984],[173518.258,560369.608],[173511.865,560357.855],[173500.87,560338.085],[173500.832,560338.014],[173486.332,560310.921],[173485.966,560310.045],[173485.772,560309.116],[173485.756,560308.167],[173485.92,560307.233],[173486.258,560306.346],[173486.758,560305.539],[173487.4,560304.841],[173488.163,560304.277],[173494.791,560300.291],[173494.598,560300.062],[173494.105,560299.142],[173493.814,560298.139],[173493.738,560297.098],[173493.88,560296.064],[173495.321,560290.188],[173496.209,560283.423],[173496.128,560281.83],[173495.882,560281.188],[173495.664,560280.902],[173494.111,560279.509],[173490.958,560277.383],[173487.514,560275.178],[173486.638,560274.465],[173482.205,560269.938],[173481.355,560268.771],[173475.01,560256.735],[173468.938,560248.994],[173468.463,560248.264],[173468.121,560247.464],[173467.923,560246.616],[173467.875,560245.747],[173468.034,560240.826],[173468.137,560239.962],[173468.389,560239.129],[173468.782,560238.352],[173469.303,560237.655],[173482.638,560222.733],[173482.663,560222.705],[173522.979,560178.262],[173554.402,560143.348],[173575.036,560120.332],[173575.411,560119.956],[173588.27,560108.367],[173588.89,560107.891],[173618.894,560088.364],[173619.099,560088.238],[173645.451,560072.839],[173645.685,560072.711],[173666.958,560061.757],[173667.216,560061.633],[173691.505,560050.839],[173692.488,560050.519],[173701.977,560048.486],[173702.903,560048.376],[173703.833,560048.441],[173729.773,560052.69],[173729.984,560052.729],[173749.087,560056.708],[173750.26,560057.109],[173780.183,560071.71],[173780.433,560071.841],[173801.643,560083.714],[173816.039,560062.188],[173830.145,560040.315],[173830.241,560040.172],[173853.205,560007.122],[173854.272,560002.746],[173852.846,559997.302],[173852.764,559996.929],[173851.811,559991.691],[173851.731,559990.735],[173851.835,559989.781],[173852.119,559988.865],[173852.573,559988.019],[173881.753,559944.321],[173844.364,559918.393],[173804.174,559890.745],[173804.093,559890.676],[173804.001,559890.62],[173803.719,559890.36],[173803.425,559890.113],[173803.358,559890.029],[173803.28,559889.957],[173803.053,559889.647],[173802.814,559889.347],[173802.764,559889.252],[173802.701,559889.165],[173802.54,559888.817],[173802.363,559888.476],[173802.334,559888.373],[173802.289,559888.276],[173802.198,559887.903],[173802.091,559887.534],[173802.082,559887.428],[173802.057,559887.324],[173802.041,559886.94],[173802.009,559886.558],[173802.021,559886.451],[173802.016,559886.345],[173802.075,559885.965],[173802.118,559885.584],[173802.15,559885.482],[173802.167,559885.376],[173802.299,559885.015],[173802.403,559884.688],[173802.4,559884.687],[173802.412,559884.658],[173802.415,559884.65],[173802.418,559884.643],[173824.55,559831.387],[173824.791,559830.889],[173849.297,559786.513],[173849.43,559786.287],[173854.306,559778.456],[173860.146,559758.476],[173860.426,559757.741],[173867.411,559742.977],[173867.757,559742.362],[173882.521,559719.978],[173882.528,559719.968],[173903.165,559688.852],[173903.347,559688.596],[173926.207,559658.434],[173926.889,559657.7],[173927.703,559657.117],[173928.617,559656.708],[173929.594,559656.49],[173930.595,559656.47],[173931.58,559656.65],[173932.509,559657.023],[173933.346,559657.574],[173959.348,559678.709],[173967.878,559669.257],[173991.02,559642.469],[173991.038,559642.448],[174016.237,559613.604],[174031.417,559595.293],[174033.979,559591.396],[174033.716,559587.982],[174032.1,559585.036],[174014.808,559573.007],[174014.058,559572.366],[174013.448,559571.59],[174013.002,559570.71],[174012.737,559569.759],[174012.665,559568.775],[174012.787,559567.796],[174013.1,559566.86],[174013.589,559566.003],[174025.182,559549.711],[174032.624,559536.455],[174043.639,559512.748],[174045.694,559506.695],[174045.864,559506.262],[174048.297,559500.821],[174048.472,559500.516],[174048.629,559500.201],[174049.611,559498.638],[174049.47,559497.725],[174049.426,559497.337],[174049.012,559491.84],[174049,559491.343],[174049.154,559485.022],[174049.265,559484.092],[174050.393,559478.849],[174050.488,559478.478],[174054.196,559465.984],[174054.253,559465.806],[174068.195,559424.535],[174068.336,559424.165],[174073.288,559412.613],[174073.503,559412.174],[174078.232,559403.571],[174078.032,559403.342],[174076.867,559401.48],[174076.006,559399.459],[174075.473,559397.328],[174075.279,559395.139],[174075.43,559392.948],[174075.922,559390.807],[174076.743,559388.769],[174089.978,559362.16],[174090.487,559361.227],[174104.245,559338.142],[174105.31,559336.601],[174106.571,559335.215],[174135.153,559307.748],[174136.951,559292.152],[174136.977,559291.944],[174139.358,559273.688],[174139.877,559271.323],[174140.797,559269.084],[174155.127,559241.288],[174165.081,559209.129],[174165.128,559208.981],[174187.088,559140.719],[174187.328,559140.033],[174202.41,559100.346],[174203.181,559098.662],[174204.167,559097.095],[174205.351,559095.672],[174220.697,559079.532],[174222.388,559078.021],[174224.3,559076.802],[174242.821,559067.012],[174244.696,559066.191],[174246.67,559065.651],[174273.657,559060.359],[174276.12,559060.1],[174308.134,559059.571],[174310.37,559059.713],[174350.106,559065.461],[174362.881,559063.004],[174366.73,559057.541],[174386.197,559002.982],[174386.348,559002.577],[174404.605,558956.01],[174405.424,558954.28],[174423.945,558921.207],[174424.135,558920.878],[174473.586,558837.936],[174480.012,558821.989],[174481.905,558814.985],[174481.723,558808.242],[174475.738,558773.164],[174475.539,558770.976],[174475.685,558768.784],[174476.173,558766.642],[174476.989,558764.603],[174478.115,558762.716],[174479.521,558761.028],[174481.175,558759.582],[174482.594,558758.688]]]}},{"type":"Feature","properties":{"relatieveHoogteligging":1,"lokaalID":"W0653.91b3be1eb365459f9d9e6d07645e2b99","bgt_status":"bestaand","bgt_type":"kering","naam":"Regionale en lokale keringen","objecttype":"FunctioneelGebied"},"geometry":{"type":"Polygon","coordinates":[[[173558.069,558249.025],[173552.479,558243.739],[173552.359,558240.393],[173553.541,558239.104],[173556.813,558237.304],[173557.16,558237.062],[173557.449,558236.752],[173561.177,558231.782],[173574.119,558215.116],[173590.984,558196.121],[173591.047,558196.047],[173623.261,558156.001],[173642.661,558131.974],[173642.954,558131.479],[173644.2,558128.453],[173644.308,558128.101],[173644.35,558127.735],[173644.324,558127.368],[173644.231,558127.011],[173644.074,558126.678],[173642.295,558123.652],[173642.026,558123.294],[173641.684,558123.004],[173602.511,558096.771],[173600.22,558094.48],[173599.986,558093.391],[173601.6,558090.971],[173634.288,558051],[173634.292,558050.994],[173665.084,558013.083],[173665.125,558013.03],[173678.399,557995.508],[173691.662,557981.892],[173691.866,557981.646],[173692.028,557981.37],[173697.935,557969.208],[173711.765,557955.204],[173712.035,557954.863],[173712.225,557954.471],[173714.791,557947.286],[173718.819,557941.969],[173725.959,557937.719],[173726.23,557937.525],[173731.881,557932.73],[173738.911,557929.644],[173739.219,557929.475],[173739.493,557929.255],[173743.362,557925.541],[173747.78,557925.541],[173750.576,557928.337],[173750.71,557928.459],[173756.05,557932.909],[173756.211,557933.03],[173763.331,557937.836],[173763.39,557937.874],[173767.661,557940.544],[173767.891,557940.667],[173776.078,557944.405],[173776.438,557944.529],[173776.816,557944.583],[173784.469,557944.939],[173784.877,557944.917],[173785.271,557944.812],[173785.636,557944.629],[173791.509,557940.891],[173791.644,557940.798],[173802.421,557932.628],[173810.928,557929.739],[173815.575,557931.199],[173816.529,557933.942],[173815.497,557946.155],[173815.495,557946.179],[173814.427,557960.952],[173814.448,557961.423],[173814.58,557961.876],[173816.538,557966.503],[173816.752,557966.886],[173817.045,557967.214],[173817.402,557967.469],[173821.852,557969.961],[173822.162,557970.101],[173822.491,557970.187],[173822.829,557970.216],[173828.205,557970.216],[173832.887,557972.703],[173836.402,557979.894],[173838.255,557989.326],[173837.567,557997.232],[173837.561,557997.47],[173837.739,558002.988],[173837.78,558003.33],[173837.878,558003.659],[173838.032,558003.967],[173838.237,558004.244],[173849.984,558017.593],[173850.151,558017.762],[173868.84,558034.493],[173868.893,558034.539],[173878.505,558042.549],[173878.668,558042.671],[173887.389,558048.545],[173887.722,558048.726],[173898.5,558053.319],[173909.445,558059.145],[173929.365,558070.172],[173929.378,558070.18],[173951.983,558082.461],[173952.069,558082.505],[173966.842,558089.624],[173966.977,558089.683],[173991.284,558099.264],[174006.05,558106.562],[174006.975,558108.618],[174002.574,558117.746],[174002.403,558118.286],[174000.267,558131.101],[174000.252,558131.214],[173999.378,558139.251],[173993.954,558159.722],[173989.969,558167.519],[173983.218,558179.956],[173983.206,558179.977],[173976.284,558193.111],[173968.118,558207.135],[173967.999,558207.376],[173964.973,558214.673],[173964.867,558215.009],[173960.614,558234.326],[173956.378,558247.919],[173953.71,558255.587],[173951.018,558257.996],[173925.798,558266.578],[173897.001,558275.532],[173859.901,558286.609],[173859.738,558286.665],[173825.298,558300.281],[173825.13,558300.357],[173782.497,558321.94],[173746.543,558336.055],[173746.428,558336.104],[173722.681,558347.186],[173716.334,558348.009],[173711.375,558345.817],[173693.845,558330.791],[173693.831,558330.78],[173681.15,558320.101],[173680.795,558319.862],[173671.184,558314.789],[173670.769,558314.626],[173670.328,558314.56],[173660.377,558314.172],[173649.646,558310.084],[173622.375,558293.28],[173622.289,558293.23],[173590.025,558275.504],[173571.755,558260.114],[173571.725,558260.09],[173558.069,558249.025]]]}},{"type":"Feature","properties":{"relatieveHoogteligging":1,"lokaalID":"W0653.a2292eb1f8134c468d971c7be27ccc98","bgt_status":"bestaand","bgt_type":"kering","naam":"Regionale en lokale keringen","objecttype":"FunctioneelGebied"},"geometry":{"type":"Polygon","coordinates":[[[175587.465,559101.145],[175587.466,559101.145],[175592.3,559103.802],[175597.99,559107.611],[175601.346,559111.043],[175605.651,559116.947],[175607.949,559120.724],[175609.312,559123.401],[175610.217,559126.515],[175610.905,559129.974],[175611.625,559136.161],[175611.736,559141.831],[175611.378,559146.465],[175611.367,559146.635],[175611.287,559148.489],[175610.027,559155.715],[175609.051,559158.881],[175606.359,559166.908],[175603.915,559173.269],[175602.447,559177.089],[175597.051,559188.441],[175586.396,559207.958],[175586.282,559208.18],[175584.645,559211.57],[175581.678,559216.998],[175581.593,559217.161],[175580.528,559219.292],[175580.437,559219.484],[175578.196,559224.492],[175577.563,559224.991],[175557.977,559222.409],[175557.033,559222.375],[175556.099,559222.519],[175555.208,559222.836],[175554.394,559223.315],[175553.684,559223.938],[175553.104,559224.685],[175552.674,559225.527],[175552.411,559226.435],[175548.15,559248.902],[175548.126,559249.043],[175544.985,559268.674],[175541.352,559283.205],[175535.431,559290.171],[175527.916,559298.287],[175525.283,559297.233],[175496.612,559283.88],[175459.475,559262.941],[175458.86,559262.647],[175376.707,559230.104],[175313.604,559205.101],[175313.57,559205.087],[175235.782,559174.925],[175235.639,559174.872],[175217.904,559168.611],[175216.968,559168.38],[175216.005,559168.332],[175215.052,559168.47],[175214.142,559168.788],[175213.31,559169.275],[175212.587,559169.912],[175212,559170.676],[175211.57,559171.539],[175195.842,559212.625],[175195.832,559212.651],[175165.031,559294.482],[175165.012,559294.532],[175156.829,559317.002],[175145.44,559336.228],[175145.434,559336.239],[175141.152,559343.508],[175131.833,559353.832],[175127.667,559358.193],[175122.74,559362.764],[175094.649,559384.242],[175094.6,559384.28],[175066.852,559406.054],[175046.097,559422.133],[175025.929,559437.48],[175006.31,559451.95],[174997.778,559457.509],[174983.224,559465.134],[174951.406,559480.714],[174951.358,559480.738],[174911.827,559500.622],[174861.333,559525.527],[174861.328,559525.53],[174807.275,559552.269],[174765.803,559572.781],[174750.291,559580.214],[174750.235,559580.241],[174714.699,559597.817],[174714.564,559597.887],[174693.692,559609.016],[174693.415,559609.175],[174688.444,559612.249],[174688.132,559612.459],[174684.458,559615.134],[174683.87,559615.636],[174680.125,559619.371],[174679.635,559619.938],[174663.935,559641.167],[174663.921,559641.186],[174629.588,559688.069],[174608.496,559715.73],[174607.959,559716.611],[174607.613,559717.582],[174607.475,559718.604],[174607.549,559719.633],[174607.832,559720.625],[174608.313,559721.537],[174608.971,559722.331],[174609.778,559722.974],[174638.708,559741.48],[174656.442,559753.174],[174689.779,559777.344],[174720.777,559802.7],[174738.985,559818.866],[174735.906,559822.05],[174735.299,559822.815],[174734.852,559823.683],[174734.583,559824.621],[174734.501,559825.594],[174734.609,559826.564],[174734.904,559827.495],[174735.374,559828.35],[174736.002,559829.098],[174770.404,559862.791],[174791.114,559884.947],[174797.082,559891.984],[174762.527,559911.577],[174703.145,559943.535],[174644.181,559972.224],[174644.163,559972.233],[174624.651,559981.826],[174574.547,560005.83],[174574.536,560005.836],[174511.013,560036.458],[174457.35,560061.879],[174390.924,560092.969],[174320.61,560125.399],[174320.564,560125.421],[174238.401,560164.332],[174154.034,560203.679],[174153.997,560203.696],[174084.11,560236.979],[174078.567,560239.407],[174074.694,560240.442],[174069.155,560241.244],[174048.415,560232.934],[174047.491,560232.664],[174046.532,560232.576],[174045.574,560232.673],[174044.653,560232.952],[174043.802,560233.402],[174043.053,560234.007],[174042.434,560234.745],[174026.614,560257.776],[174026.574,560257.834],[174001.739,560295.104],[174001.734,560295.112],[173975.525,560334.603],[173975.489,560334.659],[173952.336,560370.585],[173920.532,560418.019],[173895.937,560454.696],[173895.922,560454.72],[173868.553,560496.039],[173868.543,560496.054],[173839.065,560540.901],[173808.308,560587.453],[173808.268,560587.516],[173776.204,560637.651],[173776.164,560637.715],[173767.96,560650.978],[173679.695,560597.756],[173679.651,560597.729],[173626.638,560566.514],[173589.049,560544.15],[173585.647,560541.446],[173583.552,560538.773],[173576.306,560512.951],[173576.294,560512.91],[173565.711,560476.397],[173565.615,560476.103],[173560.558,560461.986],[173554.342,560443.021],[173540.908,560400.813],[173540.813,560400.542],[173527.478,560365.723],[173527.201,560365.122],[173520.639,560353.057],[173520.616,560353.016],[173509.629,560333.26],[173497.393,560310.395],[173506.624,560304.843],[173507.44,560304.23],[173508.115,560303.465],[173508.62,560302.579],[173508.935,560301.609],[173509.047,560300.595],[173508.95,560299.579],[173508.65,560298.605],[173508.157,560297.711],[173507.494,560296.936],[173506.687,560296.312],[173504.456,560294.924],[173505.099,560292.303],[173505.2,560291.763],[173506.183,560284.274],[173506.219,560283.37],[173506.075,560280.527],[173505.973,560279.744],[173505.749,560278.988],[173504.961,560276.936],[173504.273,560275.702],[173503.335,560274.469],[173502.695,560273.775],[173500.531,560271.834],[173499.988,560271.41],[173496.499,560269.058],[173496.401,560268.994],[173493.385,560267.063],[173489.861,560263.463],[173483.646,560251.673],[173483.157,560250.918],[173477.929,560244.253],[173477.97,560242.964],[173490.082,560229.41],[173530.392,560184.973],[173530.405,560184.959],[173561.838,560150.034],[173561.844,560150.027],[173582.304,560127.206],[173594.674,560116.058],[173624.248,560096.811],[173650.382,560081.541],[173671.408,560070.714],[173695.091,560060.188],[173703.148,560058.462],[173728.05,560062.541],[173746.437,560066.371],[173775.671,560080.636],[173800.79,560094.696],[173801.641,560095.073],[173802.547,560095.286],[173803.477,560095.327],[173804.399,560095.195],[173805.28,560094.894],[173806.09,560094.435],[173806.801,560093.834],[173807.388,560093.112],[173824.374,560067.712],[173824.42,560067.642],[173838.502,560045.807],[173861.948,560012.064],[173862.401,560011.265],[173862.7,560010.396],[173864.287,560003.887],[173864.416,560003.073],[173864.409,560002.248],[173864.266,560001.436],[173862.568,559994.953],[173862.012,559991.891],[173892.798,559945.789],[173893.255,559944.935],[173893.54,559944.008],[173893.639,559943.044],[173893.552,559942.079],[173893.279,559941.148],[173892.832,559940.288],[173892.228,559939.53],[173891.489,559938.904],[173850.055,559910.17],[173850.04,559910.159],[173813.181,559884.803],[173833.678,559835.48],[173857.988,559791.462],[173863.158,559783.159],[173863.712,559781.919],[173869.634,559761.661],[173876.299,559747.573],[173890.865,559725.49],[173911.412,559694.511],[173931.052,559668.596],[173956.725,559689.464],[173957.514,559689.989],[173958.388,559690.356],[173959.315,559690.552],[173960.263,559690.569],[173961.197,559690.407],[173962.084,559690.071],[173962.891,559689.574],[173963.59,559688.933],[173975.338,559675.916],[173975.409,559675.835],[173998.578,559649.017],[174023.81,559620.134],[174023.894,559620.036],[174039.293,559601.462],[174039.622,559601.017],[174043.273,559595.461],[174043.771,559594.486],[174044.044,559593.426],[174044.08,559592.331],[174043.604,559586.14],[174043.411,559585.098],[174043.003,559584.119],[174040.304,559579.198],[174039.638,559578.259],[174038.775,559577.498],[174024.667,559567.683],[174033.485,559555.291],[174033.771,559554.84],[174041.437,559541.183],[174041.612,559540.842],[174052.821,559516.717],[174053.021,559516.218],[174055.088,559510.132],[174057.282,559505.225],[174059.079,559502.367],[174059.495,559501.547],[174059.753,559500.664],[174059.846,559499.748],[174059.769,559498.832],[174059.699,559498.435],[174059.383,559496.392],[174059.003,559491.338],[174059.14,559485.736],[174060.129,559481.14],[174063.756,559468.918],[174077.606,559427.923],[174082.383,559416.778],[174090.343,559402.301],[174093.404,559397.828],[174093.571,559397.524],[174093.755,559397.23],[174106.905,559370.791],[174120.221,559348.448],[174151.949,559317.958],[174152.517,559317.31],[174152.964,559316.573],[174153.279,559315.771],[174153.451,559314.926],[174155.822,559294.365],[174158.085,559277.013],[174172.58,559248.898],[174172.913,559248.085],[174183.223,559214.774],[174205.135,559146.661],[174219.813,559108.035],[174233.902,559093.217],[174251.049,559084.154],[174276.878,559079.09],[174308.047,559078.574],[174349.719,559084.602],[174350.55,559084.653],[174351.379,559084.564],[174372.016,559080.595],[174372.935,559080.325],[174373.785,559079.885],[174374.536,559079.291],[174375.159,559078.565],[174383.362,559066.923],[174383.983,559065.724],[174404.066,559009.44],[174422.169,558963.264],[174440.489,558930.55],[174490.461,558846.735],[174490.804,558846.043],[174497.947,558828.316],[174498.137,558827.752],[174500.782,558817.962],[174500.954,558816.523],[174500.689,558806.733],[174500.62,558806.027],[174494.472,558770],[174492.724,558758.884],[174491.862,558752.852],[174491.922,558752.048],[174492.133,558751.423],[174492.458,558750.78],[174492.482,558750.756],[174492.668,558750.668],[174493.234,558750.47],[174493.404,558750.407],[174496.769,558749.094],[174500.804,558747.703],[174501.001,558747.63],[174506.317,558745.543],[174506.901,558745.269],[174509.396,558743.896],[174510.067,558743.453],[174512.443,558741.593],[174512.898,558741.189],[174515.205,558738.88],[174515.4,558738.673],[174517.026,558736.849],[174517.389,558736.389],[174519.451,558733.442],[174520.326,558732.527],[174521.909,558731.351],[174523.073,558730.515],[174524.539,558729.881],[174526.494,558729.28],[174526.672,558729.221],[174528.091,558728.726],[174528.388,558728.611],[174533.138,558726.606],[174533.733,558726.306],[174537.579,558724.038],[174537.788,558723.908],[174542.275,558720.955],[174542.294,558720.942],[174549.5,558716.151],[174550.127,558715.981],[174552.746,558715.865],[174555.02,558715.88],[174555.804,558715.824],[174558.35,558715.437],[174559.695,558715.034],[174561.465,558714.217],[174566.715,558711.85],[174566.765,558711.828],[174570.991,558709.867],[174571.212,558709.757],[174577.669,558706.364],[174578.542,558705.78],[174584.856,558700.522],[174587.474,558698.698],[174589.637,558698.125],[174592,558697.876],[174592.857,558697.71],[174593.672,558697.396],[174594.421,558696.946],[174597.293,558694.854],[174597.545,558694.658],[174600.34,558692.337],[174604.026,558689.352],[174604.171,558689.23],[174607.137,558686.636],[174607.246,558686.538],[174614.802,558679.526],[174615.21,558679.1],[174618.267,558675.505],[174621.688,558673.025],[174625.387,558670.628],[174628.186,558668.923],[174632.169,558666.908],[174635.782,558665.306],[174636.035,558665.185],[174640.754,558662.766],[174641.005,558662.628],[174645.372,558660.065],[174645.935,558659.681],[174653.309,558653.873],[174653.447,558653.76],[174661.556,558646.891],[174661.676,558646.786],[174678.523,558631.564],[174681.365,558629.502],[174683.703,558628.507],[174685.897,558628.019],[174686.075,558627.976],[174688.895,558627.24],[174691.315,558626.84],[174691.901,558626.706],[174695.14,558625.76],[174695.604,558625.6],[174698.44,558624.459],[174699.221,558624.062],[174701.354,558622.731],[174701.447,558622.671],[174705.651,558619.917],[174709.465,558617.445],[174713.39,558615.014],[174713.556,558614.907],[174719.21,558611.087],[174723.61,558608.4],[174727.116,558606.512],[174727.172,558606.482],[174731.889,558603.863],[174732.066,558603.76],[174735.34,558601.762],[174735.414,558601.716],[174740.82,558598.288],[174741.076,558598.114],[174746.278,558594.342],[174752.572,558590.444],[174753.242,558589.948],[174756.479,558587.1],[174756.491,558587.089],[174761.458,558582.691],[174761.973,558582.162],[174765.16,558578.365],[174768.101,558575.217],[174768.489,558574.747],[174769.962,558572.725],[174770.058,558572.587],[174772.502,558568.982],[174776.953,558562.952],[174781.165,558558.336],[174784.81,558554.976],[174784.865,558554.924],[174789.353,558550.659],[174792.138,558548.167],[174792.207,558548.105],[174794.879,558545.623],[174798.315,558542.823],[174798.344,558542.8],[174804.453,558537.746],[174808.463,558535.423],[174811.344,558534.003],[174811.69,558533.816],[174814.964,558531.868],[174815.066,558531.806],[174817.595,558530.22],[174818.108,558529.851],[174820.723,558527.708],[174822.843,558526.07],[174823.071,558525.884],[174824.998,558524.205],[174825.183,558524.036],[174827.503,558521.802],[174827.574,558521.733],[174829.448,558519.855],[174829.966,558519.247],[174830.38,558518.564],[174831.694,558515.943],[174831.871,558515.548],[174833.03,558512.63],[174833.362,558511.254],[174833.797,558506.644],[174833.819,558506.193],[174833.839,558500.837],[174833.927,558499.993],[174834.208,558499.218],[174835.412,558496.311],[174837.518,558493.581],[174840.663,558490.201],[174840.67,558490.193],[174843.322,558487.33],[174846.07,558485.386],[174848.403,558483.974],[174850.961,558483.006],[174851.822,558482.858],[174851.93,558482.864],[174852.543,558483.084],[174853.564,558483.613],[174858.232,558488.544],[174873.751,558505.601],[174874.168,558506.009],[174881.711,558512.569],[174886.948,558517.948],[174887.31,558518.285],[174889.431,558520.071],[174895.916,558526.52],[174900.773,558531.439],[174900.879,558531.543],[174906.407,558536.819],[174907.169,558537.417],[174911.158,558539.962],[174911.446,558540.133],[174914.119,558541.597],[174914.729,558541.879],[174916.993,558542.748],[174917.341,558542.867],[174919.401,558543.488],[174920.077,558543.642],[174923.323,558544.146],[174924.574,558544.182],[174926.986,558543.948],[174927.725,558543.82],[174930.667,558543.078],[174931.34,558542.856],[174934.375,558541.613],[174935.081,558541.256],[174938.107,558539.412],[174938.475,558539.164],[174941.1,558537.226],[174941.715,558536.689],[174943.934,558534.406],[174944.249,558534.049],[174945.823,558532.087],[174948.058,558529.855],[174951.453,558527.031],[174953.317,558525.731],[174954.227,558525.339],[174955.318,558525.207],[174957.902,558525.457],[174960.902,558525.786],[174961.374,558525.816],[174963.976,558525.854],[174964.931,558525.776],[174966.902,558525.423],[174968.09,558525.054],[174969.283,558524.511],[174969.599,558524.354],[174971.635,558523.25],[174972.456,558522.692],[174974.558,558520.936],[174974.68,558520.831],[174976.533,558519.179],[174976.581,558519.135],[174985.547,558510.927],[174985.901,558510.569],[174990.876,558504.995],[174990.97,558504.887],[174997.414,558497.239],[174998.749,558496.146],[174999.682,558495.844],[175001.309,558495.85],[175001.812,558495.938],[175003.111,558496.917],[175009.081,558502.541],[175011.785,558505.256],[175015.533,558509.196],[175024.378,558519.505],[175024.473,558519.613],[175026.405,558521.737],[175026.742,558522.074],[175029.834,558524.883],[175030.291,558525.252],[175033.728,558527.705],[175034.545,558528.178],[175037.818,558529.683],[175038.537,558529.949],[175041.049,558530.664],[175041.813,558530.819],[175042.591,558530.852],[175045.042,558530.768],[175045.849,558530.674],[175048.358,558530.172],[175049.626,558530.017],[175050.493,558530.049],[175052.672,558530.607],[175055.929,558532.027],[175058.523,558533.71],[175063.761,558538.145],[175077.726,558552.026],[175091.234,558565.442],[175100.369,558575.148],[175100.481,558575.264],[175106.502,558581.261],[175108.965,558584.326],[175109.799,558586.329],[175110.816,558590.249],[175111.162,558592.38],[175111.377,558593.883],[175111.392,558593.98],[175112.102,558598.321],[175112.619,558604.015],[175112.753,558604.795],[175113.654,558608.335],[175113.864,558608.977],[175114.72,558611.092],[175115.054,558611.767],[175116.195,558613.69],[175116.663,558614.352],[175117.558,558615.42],[175122.725,558622.519],[175122.859,558622.694],[175128.875,558630.235],[175132.707,558635.095],[175135.082,558638.455],[175135.266,558638.698],[175136.615,558640.381],[175136.854,558640.657],[175145.594,558650.057],[175147.574,558652.452],[175148.309,558653.175],[175157.882,558660.815],[175158.74,558661.367],[175159.691,558661.733],[175160.697,558661.898],[175161.716,558661.856],[175162.705,558661.608],[175163.623,558661.165],[175164.432,558660.545],[175165.098,558659.773],[175169.349,558653.697],[175170.125,558653.614],[175171.036,558653.333],[175171.877,558652.885],[175172.619,558652.285],[175172.904,558651.946],[175175.973,558654.033],[175175.952,558654.136],[175175.953,558655.133],[175176.152,558656.11],[175176.541,558657.028],[175177.104,558657.851],[175177.819,558658.546],[175180.607,558660.758],[175174.061,558669.684],[175173.562,558670.526],[175173.237,558671.45],[175173.098,558672.419],[175173.151,558673.397],[175173.393,558674.346],[175173.816,558675.23],[175174.403,558676.014],[175176.652,558678.474],[175176.706,558678.524],[175176.752,558678.581],[175177.918,558679.784],[175192.198,558695.709],[175207.943,558713.76],[175208.012,558713.838],[175223.637,558731.015],[175223.675,558731.056],[175232.351,558740.383],[175243.163,558753.208],[175243.194,558753.244],[175253.563,558765.311],[175253.71,558765.475],[175259.487,558771.627],[175260.426,558772.409],[175261.527,558772.94],[175262.852,558773.389],[175263.606,558773.58],[175264.38,558773.653],[175265.895,558773.676],[175266.731,558773.619],[175267.546,558773.422],[175268.317,558773.093],[175269.476,558772.477],[175269.999,558772.156],[175270.946,558771.493],[175271.344,558771.184],[175276.252,558766.949],[175285.757,558776.615],[175296.567,558788.032],[175296.619,558788.086],[175324.365,558816.524],[175351.065,558843.871],[175378.616,558872.257],[175378.664,558872.306],[175403.051,558896.749],[175411.494,558906.145],[175388.416,558928.898],[175387.801,558929.632],[175387.338,558930.47],[175387.043,558931.381],[175386.928,558932.332],[175386.995,558933.287],[175387.243,558934.211],[175387.663,558935.072],[175388.24,558935.836],[175403.675,558952.682],[175403.827,558952.841],[175416.935,558965.941],[175460.957,559010.315],[175487.704,559037.378],[175487.714,559037.387],[175487.723,559037.396],[175502.565,559052.26],[175503.284,559052.857],[175504.102,559053.309],[175504.989,559053.602],[175537.625,559061.058],[175555.555,559079.888],[175569.126,559094.174],[175569.602,559094.614],[175578.413,559101.758],[175579.224,559102.293],[175580.123,559102.662],[175581.076,559102.85],[175582.048,559102.85],[175583.002,559102.662],[175583.901,559102.293],[175584.711,559101.757],[175585.403,559101.075],[175586.157,559100.17],[175586.656,559100.59],[175586.657,559100.591],[175587.061,559100.868],[175587.464,559101.144],[175587.465,559101.145]]]}}]}