{"type":"FeatureCollection","name":"bgt_waterdeel","crs":{"type":"name","properties":{"name":"urn:ogc:def:crs:EPSG::28992"}},"features":[{"type":"Feature","properties":{"relatieveHoogteligging":0,"lokaalID":"G1900.aef8eb9ae78e4d7d947ecd820b705a8f","bgt_status":"bestaand","class":"waterloop","objecttype":"Waterdeel"},"geometry":{"type":"Polygon","coordinates":[[[171977.573,558105.22],[171978.814,558102.642],[171980.711,558098.751],[171981.742,558095.142],[171982.937,558089.752],[171983.85,558084.596],[171984.155,558080.846],[171984.623,558077.611],[171985.443,558075.455],[171986.755,558074.213],[171989.448,558073.627],[171993.781,558074.119],[172002.12,558075.525],[172013.457,558077.611],[172023.95,558079.674],[172033.694,558081.783],[172044.984,558083.799],[172060.349,558086.377],[172077.26,558089.072],[172098.505,558092.752],[172110.52,558094.673],[172121.225,558096.666],[172125.324,558097.814],[172128.603,558098.892],[172130.172,558098.962],[172132.725,558098.142],[172137.105,558096.876],[172139.541,558096.689],[172144.928,558097.322],[172154.391,558098.728],[172160.762,558099.783],[172167.883,558101.54],[172174.863,558103.65],[172180.414,558104.611],[172183.716,558105.033],[172187.651,558105.29],[172192.032,558105.853],[172196.037,558107.001],[172202.127,558109.064],[172206.952,558110.47],[172211.449,558111.478],[172216.016,558112.251],[172225.643,558113.517],[172233.232,558114.923],[172239.978,558116.048],[172248.387,558117.618],[172259.583,558119.962],[172269.022,558121.649],[172275.862,558122.563],[172282.069,558123.407],[172283.216,558123.688],[172283.146,558124.345],[172282.584,558124.884],[172274.245,558123.923],[172268.226,558123.149],[172263.729,558122.376],[172256.069,558120.852],[172249.37,558119.587],[172244.85,558118.321],[172239.369,558117.22],[172232.6,558116.001],[172226.744,558115.134],[172222.411,558114.407],[172218.499,558113.939],[172213.698,558113.142],[172209.435,558112.415],[172205.804,558111.501],[172201.869,558110.329],[172197.63,558108.876],[172193.039,558107.611],[172190.743,558107.048],[172186.152,558106.509],[172183.084,558106.251],[172179.149,558105.736],[172176.127,558105.22],[172170.6,558103.814],[172166.618,558102.724],[172157.858,558101.013],[172151.323,558099.888],[172146.31,558099.185],[172142.539,558098.576],[172139.237,558098.037],[172137.48,558098.201],[172135.044,558098.81],[172131.671,558099.818],[172129.446,558100.193],[172127.806,558099.912],[172125.651,558099.49],[172122.161,558098.927],[172118.016,558098.037],[172107.639,558096.021],[172096.841,558094.076],[172085.599,558092.013],[172079.509,558091.052],[172072.927,558089.974],[172066.72,558089.107],[172061.614,558088.31],[172054.798,558087.162],[172046.904,558085.849],[172040.112,558084.349],[172029.29,558082.451],[172018.797,558080.412],[172013.574,558079.334],[172008.702,558078.561],[172003.9,558077.529],[171997.951,558076.639],[171991.205,558075.795],[171988.933,558075.584],[171987.738,558076.287],[171986.708,558078.537],[171985.865,558082.287],[171985.256,558085.545],[171984.81,558088.709],[171983.803,558093.443],[171982.89,558096.959],[171981.157,558101.13],[171979.423,558104.13],[171977.268,558107.435],[171975.334,558109.174],[171973.46,558111.009],[171972.015,558112.375],[171970.944,558113.098],[171970.221,558113.446],[171969.78,558113.259],[171969.847,558112.79],[171970.446,558112.184],[171972.179,558110.942],[171973.655,558109.255],[171975.739,558107.309],[171977.573,558105.22]]]}},{"type":"Feature","properties":{"relatieveHoogteligging":0,"lokaalID":"P0021.a9c40602747b4c17a34f0b55a5beec8f","bgt_status":"bestaand","class":"waterloop","objecttype":"Waterdeel"},"geometry":{"type":"Polygon","coordinates":[[[169731.607,558162.751],[169731.155,558169.058],[169731.323,558171.615],[169730.82,558173.585],[169728.109,558180.834],[169698.062,558165.348],[169700.438,558160.269],[169703.455,558150.963],[169705.466,558147.315],[169710.326,558141.614],[169711.995,558139.974],[169713.097,558140.898],[169714.699,558138.988],[169716.429,558140.439],[169716.459,558140.456],[169716.497,558140.462],[169716.535,558140.453],[169716.566,558140.431],[169716.585,558140.403],[169720.102,558132.421],[169720.896,558130.547],[169720.91,558130.499],[169720.911,558130.447],[169720.898,558130.396],[169720.873,558130.35],[169720.839,558130.314],[169719.858,558129.509],[169720.237,558126.759],[169719.854,558125.028],[169718.628,558121.978],[169716.649,558115.302],[169716.209,558111.634],[169718.042,558108.112],[169720.681,558103.784],[169721.179,558100.715],[169721.44,558099.103],[169721.558,558098.377],[169721.941,558096.245],[169723.45,558094.197],[169724.695,558093.011],[169726.65,558090.96],[169731.26,558066.94],[169731.764,558064.274],[169737.25,558035.27],[169748.907,558020.41],[169755.42,558011.86],[169762.18,558012.03],[169766.583,558010.215],[169767.71,558009.75],[169773.618,558004.063],[169774.18,558004.67],[169773.76,558004.78],[169773.85,558005.6],[169774.636,558005.521],[169774.46,558003.65],[169775.75,558002.47],[169780.209,557998.195],[169781.488,557997.032],[169781.457,557996.797],[169783.43,557995.26],[169784.24,557994.63],[169783.69,557991.84],[169788.85,557986.14],[169788.9,557985.83],[169789.59,557981.647],[169789.758,557980.63],[169790.22,557977.83],[169790.638,557975.512],[169790.73,557975],[169791.715,557969.234],[169792.37,557965.4],[169792.602,557964.424],[169792.663,557964.433],[169792.669,557964.39],[169794.747,557963.34],[169795.04,557961.434],[169795.336,557959.467],[169796.012,557954.148],[169796.554,557949.311],[169804.228,557950.226],[169809.983,557949.955],[169813.438,557939.744],[169813.051,557938.104],[169813.862,557937.913],[169812.249,557931.065],[169811.69,557929.644],[169811.092,557929.785],[169810.759,557928.373],[169809.252,557922.817],[169805.375,557915.316],[169804.899,557914.394],[169800.732,557906.331],[169805.07,557903.085],[169811.597,557897.852],[169815.215,557893.603],[169816.067,557887.427],[169816.989,557877.772],[169816.88,557876.289],[169946.188,557954.375],[169943.922,557956.397],[169941.754,557959.549],[169940.162,557961.863],[169938.822,557963.782],[169938.515,557964.18],[169937.426,557966.807],[169937.233,557969.178],[169938.002,557971.806],[169939.412,557973.792],[169943.912,557977.621],[169955.523,557986.593],[169959.815,557989.412],[169967.053,557991.719],[169974.548,557993.77],[169983.068,557995.821],[169991.653,557997.936],[169998.827,557999.345],[170007.347,558001.332],[170014.138,558002.806],[170023.362,558003.062],[170029.768,558003.383],[170035.854,558006.01],[170040.915,558009.406],[170044.438,558010.111],[170047.705,558009.663],[170051.741,558007.997],[170055.777,558006.395],[170056.784,558006.231],[170051.304,558063.83],[170044.416,558063.669],[170040.138,558063.098],[170036.728,558063.056],[170032.812,558064.369],[170027.54,558065.797],[170023.441,558066.713],[170017.694,558068.104],[170012.495,558068.654],[170009.75,558068.178],[170008.505,558067.152],[170007.481,558066.859],[170005.467,558067.189],[170004.735,558066.713],[170003.307,558065.724],[170001.331,558065.761],[169998.512,558065.285],[169996.645,558065.138],[169995.327,558065.541],[169994.046,558066.566],[169992.875,558066.969],[169991.478,558066.492],[169825.66,558008.877],[169821.436,558009.506],[169812.537,558014.673],[169808.218,558016.237],[169808.28,558017.145],[169804.58,558019.85],[169800,558023.29],[169795.29,558026.72],[169792.465,558028.802],[169792.095,558029.902],[169791.71,558030.16],[169788.848,558030.689],[169788.4,558027.55],[169787.006,558027.773],[169785.646,558027.991],[169786.07,558031.166],[169786.151,558031.775],[169785.893,558031.806],[169785.827,558031.814],[169784.664,558031.953],[169784.479,558031.976],[169783.658,558032.075],[169780.759,558032.422],[169779.768,558032.541],[169778.037,558032.748],[169777.96,558032.184],[169777.459,558032.156],[169775.87,558032.34],[169772.59,558033.41],[169772.94,558034.53],[169759.77,558045.26],[169756.53,558053.65],[169754.52,558059.89],[169753.92,558062.37],[169753.64,558064.45],[169753.33,558066.91],[169752.971,558069.953],[169752.384,558075.299],[169751.32,558081.105],[169748.537,558099.322],[169748.09,558102.07],[169747.418,558112.615],[169747.349,558112.865],[169750.913,558127.852],[169751.28,558129.203],[169746.882,558135.862],[169742.957,558141.806],[169741.191,558144.48],[169739.728,558146.338],[169739.386,558146.691],[169738.935,558147.215],[169738.151,558148.128],[169736.412,558146.684],[169736.382,558146.667],[169736.344,558146.661],[169736.305,558146.67],[169736.275,558146.693],[169736.256,558146.722],[169732.067,558156.618],[169732.053,558156.665],[169732.052,558156.716],[169732.064,558156.767],[169732.087,558156.812],[169732.12,558156.848],[169732.681,558157.331],[169731.607,558162.751]],[[169783.823,558014.341],[169778.719,558019.021],[169775.942,558021.568],[169776.617,558022.306],[169776.618,558022.305],[169779.545,558019.621],[169784.499,558015.078],[169783.823,558014.341]],[[169782.638,558005.55],[169774.771,558013.096],[169775.463,558013.816],[169775.464,558013.817],[169783.33,558006.272],[169782.638,558005.55]],[[169771.04,558011.31],[169769.735,558012.502],[169768.61,558013.53],[169770.95,558016.06],[169772.588,558014.572],[169773.45,558013.79],[169771.04,558011.31]],[[169722.771,558145.327],[169721.691,558148.064],[169723.367,558149.084],[169724.06,558149.505],[169724.68,558149.882],[169729.954,558141.21],[169730.835,558138.702],[169729.297,558137.767],[169728.608,558137.348],[169727.889,558136.911],[169722.771,558145.327]]]}},{"type":"Feature","properties":{"relatieveHoogteligging":0,"lokaalID":"W0653.dac24fbaeefc49aeac339983935e2669","bgt_status":"bestaand","class":"waterloop","objecttype":"Waterdeel"},"geometry":{"type":"Polygon","coordinates":[[[169929.559,558404.054],[169930.236,558403.507],[169934.006,558406.153],[169940.687,558411.965],[169950.611,558420.176],[169962.399,558429.671],[169970.242,558436.404],[169978.472,558443.21],[169985.08,558448.926],[169996.142,558457.863],[170005.437,558465.88],[170013.909,558472.831],[170017.007,558475.447],[170017.056,558476.295],[170016.45,558477.288],[170016.039,558477.264],[170015.337,558477.167],[170014.393,558476.585],[170002.169,558466.51],[169995.9,558461.278],[169989.957,558456.646],[169980.214,558448.211],[169969.243,558438.844],[169956.832,558428.29],[169939.168,558413.37],[169933.322,558408.326],[169929.13,558405.023],[169929.559,558404.054]]]}},{"type":"Feature","properties":{"relatieveHoogteligging":0,"lokaalID":"G1900.d532766fd3c445aeacb0aad904e814b9","bgt_status":"bestaand","class":"waterloop","objecttype":"Waterdeel"},"geometry":{"type":"Polygon","coordinates":[[[169818.019,558641.324],[169819.246,558640.692],[169822.514,558638.624],[169822.635,558638.534],[169829.317,558632.73],[169848.92,558617.308],[169863.072,558606.869],[169868.036,558602.771],[169872.408,558598.561],[169892.437,558578.291],[169926.806,558547.501],[169962.69,558515.698],[169980.147,558500.76],[169982.247,558498.962],[169991.385,558490.707],[170000.017,558483.409],[170000.607,558482.958],[170003.798,558480.522],[170004.346,558480.457],[170004.776,558480.845],[170005.001,558481.387],[170004.07,558483.566],[170000.24,558486.747],[169999.334,558487.556],[169990.544,558495.405],[169986.183,558499.25],[169962.653,558519.992],[169939.431,558540.149],[169921.993,558555.062],[169907.161,558568.221],[169888.597,558585.891],[169883.113,558590.811],[169883.035,558590.889],[169874.662,558600.268],[169868.913,558606.17],[169860.674,558612.749],[169846.396,558623.212],[169836.623,558631.433],[169832.333,558635.353],[169825.302,558641.228],[169820.213,558644.512],[169819.296,558644.834],[169819.207,558644.758],[169817.955,558641.671],[169818.019,558641.324]]]}},{"type":"Feature","properties":{"relatieveHoogteligging":0,"lokaalID":"G1900.1b9d1e79a6a04a4389ae4d8405a9f2e1","bgt_status":"bestaand","class":"waterloop","objecttype":"Waterdeel"},"geometry":{"type":"Polygon","coordinates":[[[170069.984,558542.879],[170026.007,558573.127],[169999.433,558591.407],[169995.871,558593.857],[169987.059,558599.641],[169958.101,558619.331],[169923.895,558642.168],[169875.785,558674.248],[169834.49,558702.235],[169834.078,558701.479],[169874.59,558673.298],[169914.379,558647.136],[169949.913,558622.32],[169971.723,558607.09],[169994.737,558592.091],[170000.567,558588.077],[170068.515,558541.294],[170069.944,558540.841],[170070.599,558541.339],[170070.599,558542.043],[170069.984,558542.879]]]}},{"type":"Feature","properties":{"relatieveHoogteligging":0,"lokaalID":"G1900.7566adfb145e4c24815ea5c4dc8f2015","bgt_status":"bestaand","class":"waterloop","objecttype":"Waterdeel"},"geometry":{"type":"Polygon","coordinates":[[[172030.883,559177.47],[172017.803,559187.989],[172010.587,559193.127],[172003.371,559198.265],[171999.181,559200.184],[171997.695,559199.427],[171994.614,559197.859],[171991.128,559196.75],[171988.949,559195.104],[171987.939,559193.262],[171987.512,559192.485],[171987.533,559191.896],[171988.292,559189.934],[171991.025,559186.895],[172009.202,559172.369],[172010.71,559171.893],[172012.774,559171.417],[172015.155,559171.814],[172018.013,559171.814],[172022.22,559171.099],[172024.125,559170.623],[172027.697,559168.564],[172032.143,559165.156],[172037.548,559161.014],[172048.403,559152.695],[172056.022,559146.856],[172064.912,559140.043],[172074.283,559134.492],[172078.682,559131.037],[172088.708,559124.696],[172095.519,559118.97],[172100.579,559114.096],[172107.059,559108.891],[172113.586,559104.727],[172121.2,559099.285],[172125.142,559096.468],[172129.084,559093.65],[172135.933,559088.756],[172144.183,559082.859],[172155.649,559074.664],[172163.483,559069.898],[172178.735,559060.011],[172181.024,559067.395],[172179.013,559068.711],[172167.148,559076.85],[172154.311,559085.26],[172136.966,559097.538],[172123.61,559107.299],[172105.743,559120.355],[172086.841,559134.637],[172073.206,559144.94],[172058.855,559155.783],[172043.802,559167.654],[172030.883,559177.47]]]}},{"type":"Feature","properties":{"relatieveHoogteligging":0,"lokaalID":"G1900.ff30d6f279434531acc3a8a755439832","bgt_status":"bestaand","class":"waterloop","objecttype":"Waterdeel"},"geometry":{"type":"Polygon","coordinates":[[[171997.832,559681.864],[172000,559683.88],[172009.29,559692.57],[172020.8,559703.12],[172035.05,559716.17],[172046.57,559727.74],[172050.4,559730.96],[172075.11,559753.56],[172081.407,559758.944],[172086.468,559763.842],[172090.645,559767.739],[172093.49,559770.44],[172095.202,559771.709],[172097.153,559772.792],[172099.606,559773.927],[172101.894,559775.088],[172105.279,559775.471],[172108.019,559774.642],[172111.421,559771.939],[172117.747,559767.222],[172124.058,559762.041],[172130.345,559757.287],[172136.568,559752.412],[172141.996,559747.978],[172144.985,559745.063],[172148.971,559740.447],[172154.472,559734.646],[172157.169,559731.68],[172159.928,559728.734],[172162.636,559725.795],[172165.371,559722.876],[172168.11,559720.049],[172170.799,559717.047],[172172.38,559715.787],[172177.76,559709.822],[172181.819,559705.091],[172193.295,559693.018],[172193.884,559691.726],[172193.801,559690.48],[172193.677,559689.66],[172192.847,559688.307],[172184.683,559680.768],[172164.829,559662.194],[172159.706,559656.887],[172137.41,559635.53],[172124.5,559623.23],[172124.57,559622.43],[172125.17,559621.9],[172125.85,559621.41],[172126.52,559620.83],[172126.98,559620.84],[172148.44,559641.09],[172163.542,559654.651],[172168.063,559658.307],[172190.766,559679.272],[172198.654,559687.42],[172199.275,559688.999],[172199.425,559691.095],[172198.872,559693.424],[172197.984,559695.401],[172196.578,559697.035],[172184.434,559709.526],[172178.555,559716.035],[172174.492,559720.506],[172169.138,559726.371],[172165.015,559730.731],[172160.836,559735.112],[172157.081,559739.835],[172154.449,559742.832],[172150.171,559746.78],[172147.021,559749.413],[172142.466,559752.876],[172135.729,559757.854],[172129.552,559762.805],[172124.761,559766.571],[172118.663,559771.767],[172110.322,559777.897],[172105.744,559780.655],[172102.973,559780.676],[172097.778,559779.38],[172093.596,559776.758],[172086.131,559769.596],[172078.665,559762.118],[172065.23,559749.05],[172050.4,559735.08],[172044.27,559729.46],[172039.54,559724.71],[172035.08,559721.03],[172027.78,559713.39],[172017.32,559703.77],[172011.71,559698.85],[172005.77,559693.03],[172000,559687.52],[171995.899,559684.095],[171997.832,559681.864]]]}},{"type":"Feature","properties":{"relatieveHoogteligging":0,"lokaalID":"W0653.737a365b79d540a08a42e21b9d017bab","bgt_status":"bestaand","class":"waterloop","objecttype":"Waterdeel"},"geometry":{"type":"Polygon","coordinates":[[[170242.839,559526.858],[170245.902,559527.519],[170246.909,559527.736],[170247.783,559527.898],[170248.597,559528.126],[170249.387,559528.425],[170250.147,559528.794],[170250.871,559529.229],[170251.554,559529.727],[170252.189,559530.283],[170252.772,559530.895],[170253.298,559531.556],[170253.763,559532.261],[170254.164,559533.005],[170254.496,559533.782],[170254.783,559534.662],[170257.316,559541.587],[170257.391,559541.747],[170257.494,559541.892],[170257.621,559542.017],[170259.119,559543.243],[170259.397,559546.04],[170258.317,559548.306],[170258.253,559548.482],[170258.222,559548.668],[170258.227,559548.856],[170258.267,559549.04],[170261.139,559558.039],[170261.903,559559.984],[170262.83,559561.857],[170263.916,559563.643],[170265.151,559565.329],[170266.527,559566.902],[170268.032,559568.352],[170269.657,559569.666],[170271.316,559570.791],[170271.476,559570.879],[170278.822,559574.094],[170278.927,559574.133],[170279.788,559574.4],[170280.582,559574.725],[170281.345,559575.119],[170282.07,559575.578],[170282.753,559576.098],[170283.387,559576.676],[170283.968,559577.308],[170284.491,559577.988],[170284.953,559578.711],[170285.35,559579.472],[170285.679,559580.265],[170285.937,559581.083],[170286.128,559581.948],[170288.959,559597.019],[170289.025,559598.918],[170288.919,559600.845],[170288.639,559602.754],[170288.189,559604.631],[170287.572,559606.459],[170286.783,559608.245],[170286.139,559609.551],[170285.604,559610.928],[170285.192,559612.347],[170284.906,559613.797],[170284.748,559615.267],[170284.72,559616.745],[170284.822,559618.219],[170285.052,559619.679],[170285.383,559621.022],[170288.594,559634.832],[170288.654,559635.013],[170290.627,559639.444],[170290.752,559639.651],[170290.922,559639.823],[170292.743,559641.257],[170293.623,559643.387],[170293.339,559646.191],[170293.34,559646.402],[170293.385,559646.607],[170293.472,559646.798],[170296.517,559651.983],[170296.657,559652.169],[170301.486,559657.203],[170301.646,559657.338],[170301.83,559657.437],[170302.03,559657.495],[170302.239,559657.511],[170311.06,559657.24],[170311.809,559657.238],[170312.526,559657.301],[170313.234,559657.428],[170313.927,559657.617],[170314.601,559657.868],[170315.25,559658.178],[170315.868,559658.545],[170316.451,559658.966],[170316.994,559659.438],[170317.493,559659.956],[170317.943,559660.517],[170318.341,559661.116],[170318.702,559661.783],[170326.951,559677.374],[170332.239,559689.482],[170332.318,559689.63],[170333.674,559691.702],[170337.055,559700.094],[170338.172,559704.613],[170338.831,559707.281],[170340.414,559714.38],[170341.926,559719.095],[170342.005,559719.277],[170351.068,559735.538],[170351.746,559737.189],[170352.291,559738.908],[170352.69,559740.667],[170352.941,559742.452],[170353.043,559744.252],[170352.994,559746.055],[170352.796,559747.847],[170352.449,559749.616],[170351.944,559751.39],[170351.911,559751.569],[170351.91,559751.751],[170352.755,559761.413],[170352.771,559761.523],[170358.951,559792.277],[170367.244,559823.612],[170367.635,559825.162],[170368.164,559826.678],[170368.823,559828.141],[170369.609,559829.541],[170370.515,559830.866],[170371.534,559832.106],[170372.658,559833.252],[170373.878,559834.295],[170375.186,559835.226],[170376.57,559836.039],[170378.02,559836.726],[170379.525,559837.284],[170381.074,559837.707],[170382.653,559837.993],[170384.164,559838.134],[170384.35,559838.134],[170384.533,559838.099],[170403.937,559832.521],[170424.606,559828.852],[170441.45,559824.781],[170475.078,559814.176],[170496.694,559810.356],[170516.683,559806.866],[170516.924,559810.97],[170479.336,559817.778],[170479.207,559817.81],[170440.341,559830.338],[170411.674,559835.716],[170384.9,559842.739],[170383.089,559842.644],[170381.181,559842.379],[170379.303,559841.951],[170377.468,559841.365],[170375.69,559840.624],[170373.981,559839.733],[170372.356,559838.7],[170370.824,559837.531],[170369.399,559836.235],[170368.089,559834.823],[170366.905,559833.303],[170365.855,559831.688],[170364.947,559829.989],[170364.188,559828.219],[170363.58,559826.381],[170354.593,559791.585],[170354.528,559791.405],[170354.429,559791.241],[170354.301,559791.098],[170354.149,559790.983],[170353.977,559790.899],[170353.792,559790.849],[170351.683,559790.492],[170350.878,559787.527],[170350.987,559787.479],[170351.335,559787.298],[170351.666,559787.089],[170351.978,559786.851],[170352.269,559786.588],[170352.536,559786.301],[170352.777,559785.992],[170352.991,559785.663],[170353.175,559785.317],[170353.33,559784.957],[170353.453,559784.585],[170353.543,559784.203],[170353.6,559783.815],[170353.624,559783.424],[170353.614,559783.032],[170353.57,559782.642],[170353.493,559782.258],[170353.384,559781.881],[170353.242,559781.516],[170353.156,559781.335],[170347.082,559756.016],[170347.902,559741.857],[170347.889,559741.628],[170347.825,559741.409],[170344.468,559733.492],[170344.404,559733.367],[170335.544,559718.616],[170331.696,559703.259],[170331.661,559703.147],[170325.738,559687.577],[170320.132,559674.744],[170320.081,559674.643],[170315.149,559666.122],[170315,559665.776],[170314.792,559665.387],[170314.551,559665.017],[170314.28,559664.669],[170313.979,559664.345],[170313.652,559664.049],[170313.301,559663.782],[170312.928,559663.545],[170312.536,559663.342],[170312.129,559663.173],[170311.708,559663.039],[170311.278,559662.942],[170310.84,559662.882],[170310.399,559662.86],[170309.958,559662.876],[170309.624,559662.914],[170302.14,559663.471],[170299.471,559661.581],[170296.738,559659.261],[170294.217,559656.711],[170291.929,559653.951],[170289.89,559651.001],[170288.117,559647.884],[170286.623,559644.625],[170285.417,559641.239],[170281.967,559628.886],[170279.938,559616.193],[170279.91,559614.438],[170280.031,559612.657],[170280.303,559610.893],[170280.722,559609.159],[170281.286,559607.466],[170281.99,559605.826],[170282.831,559604.252],[170283.823,559602.718],[170283.922,559602.522],[170283.975,559602.31],[170283.98,559602.091],[170283.121,559591.951],[170283.1,559591.813],[170281.381,559584.263],[170281.282,559583.66],[170281.121,559583.035],[170280.905,559582.428],[170280.636,559581.842],[170280.316,559581.283],[170279.948,559580.754],[170279.533,559580.26],[170279.077,559579.805],[170278.582,559579.393],[170278.052,559579.026],[170277.491,559578.707],[170276.905,559578.44],[170276.39,559578.256],[170270.728,559576.104],[170264.173,559571.856],[170264.014,559571.772],[170263.844,559571.718],[170258.372,559570.516],[170257.524,559568.468],[170258.386,559565.616],[170258.426,559565.404],[170258.419,559565.188],[170258.366,559564.979],[170253.138,559550.907],[170252.619,559542.356],[170252.606,559542.246],[170252.393,559541.042],[170252.075,559539.861],[170251.654,559538.713],[170251.134,559537.607],[170250.518,559536.551],[170249.811,559535.553],[170249.02,559534.621],[170248.149,559533.762],[170247.206,559532.984],[170246.273,559532.339],[170246.127,559532.255],[170245.97,559532.197],[170245.805,559532.166],[170237.127,559531.289],[170212.005,559523.181],[170195.034,559516.287],[170189.765,559513.371],[170184.503,559510.669],[170183.558,559510.444],[170181.14,559510.444],[170177.601,559510.738],[170172.411,559511.168],[170170.211,559510.965],[170168.271,559510.513],[170166.681,559509.823],[170164.787,559508.815],[170163.6,559507.87],[170162.355,559506.775],[170160.583,559504.896],[170157.983,559500.978],[170156.223,559498.157],[170153.634,559492.439],[170154.541,559492.018],[170158.641,559490.117],[170163.746,559499.666],[170163.903,559499.966],[170164.074,559500.265],[170164.269,559500.577],[170164.755,559501.258],[170165.298,559501.894],[170165.894,559502.48],[170166.54,559503.012],[170167.229,559503.486],[170167.957,559503.897],[170168.718,559504.244],[170169.507,559504.522],[170170.317,559504.731],[170171.055,559504.858],[170171.284,559504.87],[170181.514,559504.257],[170181.754,559504.213],[170186.478,559502.729],[170189.108,559506.624],[170189.245,559506.787],[170189.413,559506.917],[170196.846,559511.491],[170196.971,559511.556],[170211.559,559517.897],[170229.748,559524.026],[170229.856,559524.055],[170242.839,559526.858]]]}},{"type":"Feature","properties":{"relatieveHoogteligging":0,"lokaalID":"G1900.f842f95854fa4fdfa3754627815423b3","bgt_status":"bestaand","class":"waterloop","objecttype":"Waterdeel"},"geometry":{"type":"Polygon","coordinates":[[[171226.563,558001.909],[171226.718,557999.953],[171227.342,557998.023],[171232.794,557999.224],[171244.028,558001.341],[171256.505,558003.748],[171275.684,558007.155],[171278.868,558007.933],[171279.609,558009.044],[171279.683,558010.044],[171279.275,558011.822],[171278.913,558012.064],[171278.609,558012.266],[171276.017,558012.229],[171270.945,558011.118],[171264.281,558009.6],[171256.976,558008.156],[171252.47,558007.266],[171243.584,558005.452],[171237.475,558004.452],[171231.699,558003.155],[171226.563,558001.909]]]}},{"type":"Feature","properties":{"relatieveHoogteligging":0,"lokaalID":"W0653.0f4dd92088834cd9a09b0de0c09e5042","bgt_status":"bestaand","class":"waterloop","objecttype":"Waterdeel"},"geometry":{"type":"Polygon","coordinates":[[[170844.323,559013.2],[170844.401,559013.08],[170845.05,559012.745],[170845.971,559013.101],[170848.065,559014.692],[170861.989,559026.338],[170862.849,559027.058],[170871.296,559034.152],[170879.147,559040.769],[170878.589,559041.384],[170877.723,559042.34],[170874.886,559040.324],[170865.948,559032.702],[170860.53,559028.092],[170854.921,559023.32],[170844.7,559014.781],[170844.192,559014.211],[170844.004,559013.687],[170844.323,559013.2]]]}},{"type":"Feature","properties":{"relatieveHoogteligging":0,"lokaalID":"W0653.4703a58892c749c788bc15ec63b9e01b","bgt_status":"bestaand","class":"waterloop","objecttype":"Waterdeel"},"geometry":{"type":"Polygon","coordinates":[[[170792.3,558970.159],[170792.504,558969.962],[170793.132,558969.837],[170794.45,558970.863],[170811.318,558984.977],[170827.803,558998.976],[170839.343,559008.322],[170840.149,559009.458],[170839.846,559009.714],[170838.977,559010.447],[170827.803,559002.128],[170808.749,558986.09],[170808.167,558985.6],[170797.434,558976.438],[170791.975,558971.638],[170791.834,558970.611],[170792.3,558970.159]]]}},{"type":"Feature","properties":{"relatieveHoogteligging":0,"lokaalID":"W0653.d672378986724657bf0cd48464ad2d04","bgt_status":"bestaand","class":"watervlakte","plus_type":"meer, plas, ven, vijver","objecttype":"Waterdeel"},"geometry":{"type":"Polygon","coordinates":[[[171055.347,558704.899],[171060.367,558711.446],[171061.287,558712.646],[171060.39,558712.595],[171058.891,558712.67],[171056.588,558714.15],[171053.703,558718.478],[171052.065,558721.954],[171049.115,558725.823],[171044.854,558730.413],[171041.118,558734.282],[171038.43,558737.036],[171033.776,558739.266],[171028.728,558741.692],[171024.205,558742.282],[171021.059,558743.135],[171018.765,558745.364],[171016.274,558748.708],[171014.242,558750.61],[171012.078,558751.004],[171009.129,558753.233],[171007.031,558755.987],[171003.884,558761.561],[170999.624,558767.004],[170996.477,558771.266],[170993.134,558775.529],[170990.643,558777.693],[170988.087,558779.266],[170984.678,558781.43],[170984.186,558781.736],[170980.352,558784.119],[170977.664,558785.824],[170976.025,558787.594],[170974.124,558788.971],[170971.24,558789.562],[170969.405,558789.758],[170966.52,558790.939],[170963.964,558792.709],[170963.196,558794.915],[170961.286,558796.264],[170959.225,558797.388],[170956.454,558798.662],[170950.535,558802.297],[170945.815,558805.857],[170941.395,558809.529],[170937.425,558812.977],[170934.316,558817.173],[170932.555,558819.646],[170931.881,558822.082],[170930.832,558823.956],[170926.412,558827.44],[170923.678,558828.452],[170919,558831.759],[170909.233,558838.382],[170904.841,558840.48],[170899.007,558841.005],[170894.025,558841.923],[170889.633,558842.448],[170884.783,558844.677],[170881.177,558847.3],[170878.096,558850.776],[170875.802,558855.038],[170872.684,558859.956],[170870.549,558862.617],[170867.327,558864.94],[170862.645,558868.5],[170860.473,558870.748],[170859.611,558872.959],[170858.637,558873.971],[170857.214,558874.907],[170854.292,558876.031],[170852.494,558877.343],[170850.771,558879.366],[170847.812,558882.589],[170845.714,558884.725],[170843.504,558886.823],[170839.946,558889.484],[170836.574,558892.331],[170834.552,558894.055],[170831.593,558898.252],[170829.72,558901.325],[170828.596,558902.599],[170827.435,558903.423],[170826.124,558903.498],[170824.588,558902.936],[170823.689,558901.774],[170823.539,558899.863],[170824.101,558897.428],[170825.337,558895.029],[170826.91,558892.894],[170828.783,558890.72],[170830.843,558888.622],[170833.503,558886.936],[170837.698,558883.751],[170843.691,558877.793],[170844.774,558876.305],[170847.987,558872.527],[170849.572,558871.985],[170850.209,558869.755],[170849.554,558866.083],[170847.522,558859.722],[170846.079,558855.591],[170844.637,558852.181],[170844.506,558849.164],[170845.293,558846.082],[170846.8,558842.935],[170848.274,558841.331],[170849.548,558838.746],[170850.896,558836.235],[170852.769,558835.336],[170854.23,558832.975],[170855.892,558831.197],[170858.269,558828.859],[170865.77,558820.615],[170868.844,558817.744],[170872.615,558814.545],[170875.157,558811.961],[170875.147,558809.473],[170877.124,558809.706],[170878.682,558809.706],[170881.141,558807.86],[170882.75,558806.137],[170882.607,558803.282],[170886.019,558802.897],[170886.726,558803.553],[170888.694,558802.926],[170889.954,558802.159],[170890.323,558799.698],[170895.068,558795.541],[170897.642,558794.282],[170899.345,558795.485],[170900.891,558795.321],[170902.276,558794.768],[170902.754,558793.456],[170905.54,558793.503],[170906.149,558795.573],[170908.075,558796.967],[170911.724,558796.885],[170917.093,558797.336],[170921.971,558798.772],[170926.644,558799.797],[170929.759,558800.7],[170931.522,558799.469],[170933.448,558796.598],[170934.268,558793.112],[170935.334,558789.256],[170934.801,558783.432],[170934.465,558779.41],[170938.127,558780.141],[170941.734,558780.059],[170943.959,558778.606],[170947.678,558776.122],[170949.563,558775.219],[170952.391,558774.522],[170956.752,558774.361],[170961.109,558774.692],[170966.31,558775.078],[170971.597,558775.999],[170974.979,558776.598],[170976.991,558776.769],[170978.575,558776.577],[170979.924,558776.213],[170981.08,558775.635],[170981.636,558775.014],[170982.193,558773.9],[170985.013,558766.969],[170987.897,558765.278],[170989.232,558762.16],[170989.982,558760.028],[170990.474,558757.731],[170988.951,558755.411],[170988.903,558755.203],[170988.234,558752.318],[170988.646,558748.721],[170990.219,558744.299],[170991.718,558740.927],[170994.541,558738.955],[171002.739,558734.362],[171011.716,558729.03],[171018.075,558725.461],[171020.908,558723.796],[171022.781,558721.89],[171022.916,558718.628],[171022.629,558714.681],[171022.199,558710.087],[171024.758,558700.14],[171027.305,558698.604],[171030.339,558698.604],[171035.509,558699.241],[171041.802,558700.965],[171046.709,558703.588],[171049.48,558705.836],[171051.615,558706.585],[171053.9,558705.948],[171055.347,558704.899]]]}},{"type":"Feature","properties":{"relatieveHoogteligging":0,"lokaalID":"W0653.fc6bb366f2f8473487577a8ff837ebee","bgt_status":"bestaand","class":"waterloop","objecttype":"Waterdeel"},"geometry":{"type":"Polygon","coordinates":[[[171010.974,557983.917],[171012.505,557980.7],[171012.851,557979.971],[171017.003,557971.357],[171027.463,557951.529],[171029.584,557946.857],[171032.136,557941.238],[171039.364,557926.009],[171047.758,557909.031],[171050.866,557900.631],[171050.227,557900.418],[171054.34,557891.146],[171055.191,557891.465],[171056.754,557887.635],[171059.105,557882.674],[171060.65,557879.43],[171064.82,557869.524],[171066.095,557866.495],[171068.636,557862.365],[171070.703,557857.015],[171081.428,557853.883],[171083.855,557853.174],[171088.932,557852.136],[171095.418,557852.194],[171100.007,557852.235],[171120.097,557852.412],[171148.452,557856.224],[171178.382,557859.564],[171205.364,557862.606],[171207.828,557862.463],[171209.536,557861.933],[171211.357,557860.823],[171214.927,557857.358],[171216.648,557853.473],[171217.589,557839.627],[171217.333,557824.638],[171215.758,557815.806],[171211.838,557806.535],[171209.86,557802.1],[171207.332,557798.216],[171203.778,557794.404],[171199.895,557791.07],[171193.447,557786.855],[171189.491,557784.546],[171184.692,557782.567],[171167.678,557775.463],[171157,557768.22],[171155.99,557767.59],[171155.823,557767.486],[171152.043,557763.81],[171147.868,557759.245],[171138.629,557749.144],[171133.455,557732.245],[171133.067,557732.286],[171130.495,557723.227],[171130.934,557715.374],[171129.359,557701.066],[171128.359,557690.247],[171127.694,557674.549],[171123.861,557671.013],[171120.892,557651.419],[171124.743,557634.462],[171124.9,557633.77],[171125.09,557633.57],[171152.19,557616],[171152.58,557615.71],[171152.98,557615.31],[171153.44,557614.56],[171153.85,557613.52],[171158.339,557598.484],[171186.138,557612.056],[171183.531,557613.191],[171180.298,557615.399],[171177.245,557618.072],[171172.782,557622.87],[171169.165,557627.799],[171163.178,557636.035],[171151.86,557651.388],[171164.21,557660.398],[171161.132,557664.272],[171148.836,557655.248],[171148.144,557656.624],[171141.723,557669.388],[171141.27,557672.39],[171141.639,557676.223],[171142.715,557684.463],[171144.197,557692.571],[171144.952,557696.122],[171145.683,557696.86],[171145.603,557698.918],[171151.172,557734.531],[171151.676,557736.805],[171152.376,557739.026],[171153.267,557741.178],[171154.342,557743.245],[171155.592,557745.21],[171157.009,557747.058],[171158.581,557748.777],[171161.499,557751.355],[171164.62,557753.682],[171167.922,557755.745],[171171.383,557757.527],[171196.222,557769.002],[171203.484,557771.912],[171206.916,557773.754],[171211.156,557776.661],[171215.083,557779.979],[171218.658,557783.673],[171223.596,557789.597],[171225.743,557792.797],[171227.636,557796.154],[171229.263,557799.647],[171230.565,557803.228],[171231.532,557806.913],[171232.156,557810.671],[171232.432,557814.471],[171232.788,557833.17],[171232.817,557834.685],[171233.231,557848.135],[171233.51,557851.089],[171234.046,557854.008],[171232.076,557863.695],[171226.516,557870.665],[171219.214,557875.228],[171209.281,557876.924],[171201.227,557875.97],[171200.404,557875.882],[171096.797,557864.749],[171096.678,557864.744],[171095.908,557864.712],[171088.738,557864.805],[171082.103,557867.359],[171078.209,557870.5],[171075.802,557874.479],[171066.8,557891.65],[171050.79,557924.1],[171039.967,557946.925],[171033.227,557961.207],[171024.795,557978.741],[171011.038,558007.379],[171010.422,558008.532],[171009.41,558011.469],[171008.879,558012.626],[171004.354,558022.012],[171005.509,558022.389],[171003.452,558027.213],[171002.345,558026.739],[170999.16,558035.263],[170994.231,558049.665],[170991.594,558057.601],[170988.098,558067.312],[170984.293,558076.621],[170981.781,558082.442],[170978.716,558089.511],[170974.781,558097.971],[170971.096,558105.677],[170967.738,558112.264],[170966.126,558117.144],[170965.289,558122.609],[170964.598,558129.226],[170963.572,558135.55],[170961.772,558144.66],[170959.093,558155.214],[170956.63,558165.929],[170950.861,558191.862],[170947.428,558205.054],[170947.34,558206.109],[170945.56,558211.03],[170943.458,558218.781],[170943.453,558218.798],[170940.663,558227.478],[170939.663,558230.249],[170938.671,558229.646],[170936.55,558233.131],[170935.93,558234.15],[170922.72,558262.83],[170922.631,558263.47],[170922.56,558263.98],[170916.1,558287.81],[170915.981,558288.612],[170915.91,558289.096],[170913.21,558303.518],[170914.611,558304.731],[170916.283,558306.179],[170911.726,558311.557],[170915.963,558315.185],[170913.904,558322.329],[170905.86,558349.39],[170905.47,558350.93],[170905.57,558351.29],[170906.61,558352.16],[170907.226,558352.714],[170909.328,558354.605],[170910.145,558355.342],[170902.47,558363.04],[170912.27,558384.61],[170869.9,558348.29],[170874.23,558346.72],[170878.01,558345.54],[170890.352,558338.652],[170897.643,558331.772],[170898.509,558328.69],[170899.209,558323.437],[170893.967,558307.3],[170896.19,558301.447],[170904.889,558278.545],[170906.227,558274.973],[170916.627,558247.221],[170917.861,558243.928],[170926.444,558220.992],[170927.785,558216.966],[170928.174,558215.8],[170928.87,558213.71],[170932.354,558214.871],[170935.023,558215.76],[170935.529,558214.189],[170935.662,558213.802],[170936.763,558210.363],[170936.909,558209.907],[170937.384,558208.405],[170935.234,558207.683],[170936.706,558201.434],[170939.803,558189.74],[170942.907,558179.455],[170944.035,558178.266],[170950.09,558160.04],[170949.86,558159.93],[170950.55,558157.06],[170950.3,558156.9],[170948.27,558155.8],[170950.16,558144.79],[170952.71,558144.68],[170954.34,558134.21],[170956.527,558123.528],[170956.66,558122.88],[170956.927,558121.603],[170958.087,558116.043],[170958.439,558114.271],[170961.01,558104.12],[170966.3,558091.57],[170969.012,558085.567],[170971.81,558079.374],[170975.15,558069.72],[170980.919,558056.996],[170980.826,558056.285],[170976.228,558055.292],[170977.291,558050.369],[170983.154,558051.635],[170989.547,558035.121],[170992.657,558026.438],[170993.928,558022.888],[170998.522,558015.034],[171002.004,558007.977],[171004.238,558003.238],[171003.334,558002.811],[171002.547,558004.481],[171001.742,558004.103],[171000.528,558003.533],[171000.844,558002.905],[171001.615,558001.388],[171002.294,558000.981],[171007.921,557989.866],[171008.538,557988.649],[171010.974,557983.917]],[[171008.528,558006.27],[171006.351,558010.886],[171007.256,558011.313],[171009.432,558006.696],[171008.528,558006.27]]]}},{"type":"Feature","properties":{"relatieveHoogteligging":0,"lokaalID":"G1900.9934c7062e634832a39b0a618ac38ecf","bgt_status":"bestaand","class":"waterloop","objecttype":"Waterdeel"},"geometry":{"type":"Polygon","coordinates":[[[171400.65,558100.17],[171400.774,558099.611],[171401.118,558099.668],[171401.583,558096.874],[171401.389,558096.842],[171402.191,558093.229],[171402.648,558090.278],[171405.233,558078.697],[171408.61,558079.494],[171405.468,558090.08],[171405.542,558093.992],[171405.59,558096.51],[171405.589,558096.637],[171404.947,558099.585],[171405.558,558099.718],[171405.546,558100.936],[171405.055,558104.538],[171403.954,558108.051],[171402.488,558111.938],[171400.306,558111.44],[171400.082,558111.396],[171400.953,558109.287],[171402.283,558106.216],[171402.38,558104.244],[171402.053,558103.313],[171396.166,558102.104],[171392.055,558101.366],[171387.812,558100.592],[171382.541,558099.794],[171377.874,558098.96],[171372.652,558098.283],[171369.158,558097.69],[171363.343,558096.614],[171358.41,558095.828],[171354.203,558095.005],[171350.346,558094.485],[171345.293,558093.699],[171339.369,558092.695],[171335.996,558092.236],[171327.932,558090.869],[171326.385,558090.603],[171325.43,558089.974],[171325.236,558089.176],[171325.672,558088.681],[171327.473,558088.835],[171334.433,558089.893],[171345.816,558092.094],[171356.648,558093.85],[171368.115,558095.734],[171381.11,558097.699],[171387.537,558098.358],[171395.682,558099.755],[171400.416,558100.774],[171400.65,558100.17]]]}},{"type":"Feature","properties":{"relatieveHoogteligging":0,"lokaalID":"G1900.41e1ae6716ab4fafb71b5b114ba5a19a","bgt_status":"bestaand","class":"waterloop","objecttype":"Waterdeel"},"geometry":{"type":"Polygon","coordinates":[[[170602.458,559405.873],[170602.608,559406.122],[170603.149,559407.019],[170603.317,559407.464],[170603.495,559407.938],[170596.754,559409.712],[170593.097,559410.844],[170585.035,559413.662],[170581.293,559414.874],[170570.002,559418.447],[170561.74,559421.208],[170552.316,559424.072],[170545.748,559426.309],[170533.588,559430.736],[170521.54,559434.945],[170518.959,559435.823],[170516.482,559436.666],[170513.071,559437.828],[170509.842,559438.692],[170506.827,559439.812],[170501.284,559441.659],[170495.102,559443.729],[170493.628,559444.223],[170488.565,559445.982],[170487.096,559446.492],[170486.16,559446.798],[170481.796,559448.279],[170477.651,559449.686],[170473.483,559451.101],[170451.797,559458.064],[170423.14,559467.575],[170390.159,559478.26],[170361.81,559487.648],[170333.955,559497.036],[170308.015,559505.435],[170281.889,559513.897],[170259.171,559521.451],[170258.053,559521.823],[170257.195,559522.108],[170255.999,559522.496],[170255.31,559522.604],[170254.769,559522.403],[170254.628,559522.286],[170254.321,559522.033],[170254.059,559521.353],[170253.997,559520.705],[170254.229,559520.072],[170255.865,559519.47],[170269.158,559515.095],[170289.117,559508.544],[170322.556,559497.674],[170336.856,559492.925],[170346.912,559489.586],[170461.536,559451.522],[170472.484,559448.171],[170475.482,559447.978],[170479.387,559446.669],[170479.5,559446.619],[170480.695,559446.22],[170486.917,559444.145],[170489.479,559443.291],[170499.861,559439.893],[170507.557,559437.27],[170515.725,559434.486],[170518.119,559433.637],[170521.883,559432.302],[170529.852,559429.458],[170542.082,559425.14],[170550.642,559422.267],[170567.671,559416.803],[170573.703,559414.995],[170584.421,559411.457],[170593.279,559408.532],[170596.518,559407.594],[170602.458,559405.873]]]}},{"type":"Feature","properties":{"relatieveHoogteligging":0,"lokaalID":"W0653.a3de9e5b1f2247fba4c00ded019c81d6","bgt_status":"bestaand","class":"waterloop","objecttype":"Waterdeel"},"geometry":{"type":"Polygon","coordinates":[[[170603.495,559407.938],[170603.317,559407.464],[170603.149,559407.019],[170602.608,559406.122],[170602.458,559405.873],[170606.079,559403.929],[170606.646,559402.617],[170606.595,559402.384],[170605.885,559400.324],[170605.812,559400.16],[170603.662,559396.334],[170601.768,559391.698],[170599.915,559386.986],[170599.028,559384.544],[170598.809,559382.791],[170598.872,559382.364],[170598.969,559382.419],[170599.832,559383.992],[170603.28,559391.842],[170607.046,559400.952],[170611.214,559409.384],[170615.582,559419.279],[170619.107,559426.099],[170620.178,559428.118],[170620.466,559429.108],[170620.459,559429.335],[170620.128,559429.455],[170619.685,559429.416],[170619.468,559429.276],[170618.915,559428.196],[170617.031,559424.786],[170614.562,559420.079],[170612.137,559415.535],[170610.741,559412.101],[170609.961,559410.251],[170609.88,559410.097],[170609.773,559409.959],[170608.853,559408.969],[170608.645,559408.799],[170607.575,559408.139],[170607.41,559408.057],[170607.233,559408.007],[170607.05,559407.99],[170606.02,559407.99],[170605.789,559408.017],[170603.495,559407.938]]]}},{"type":"Feature","properties":{"relatieveHoogteligging":0,"lokaalID":"G1900.9e1248732b9f44f09aa1bbe40f013cf1","bgt_status":"bestaand","class":"waterloop","objecttype":"Waterdeel"},"geometry":{"type":"Polygon","coordinates":[[[171361.524,560020.335],[171361.178,560017.153],[171386.88,560011.603],[171415.52,560005.463],[171434.789,560001.395],[171450.748,559998.671],[171451.139,559998.372],[171451.254,559998.303],[171451.404,559997.752],[171451.599,559997.534],[171454.534,559987.629],[171454.81,559987.163],[171455.25,559987.196],[171455.703,559988.32],[171453.539,559996.59],[171453.508,559996.787],[171453.516,559996.987],[171453.565,559997.181],[171453.651,559997.362],[171453.771,559997.521],[171453.921,559997.654],[171454.094,559997.754],[171454.284,559997.818],[171454.482,559997.843],[171454.682,559997.827],[171482.098,559992.94],[171502.777,559989.279],[171504.448,559990.052],[171504.77,559991.114],[171504.854,559991.393],[171503.99,559992.562],[171468.28,559999.016],[171467.092,559999.231],[171425.929,560005.705],[171374.23,560016.812],[171361.524,560020.335]]]}},{"type":"Feature","properties":{"relatieveHoogteligging":0,"lokaalID":"G1900.c2333c26fcc8400c85fe66df54289807","bgt_status":"bestaand","class":"waterloop","plus_type":"sloot","objecttype":"Waterdeel"},"geometry":{"type":"Polygon","coordinates":[[[171161.684,559901.081],[171164.568,559901.975],[171164.249,559902.044],[171163.948,559902.17],[171163.675,559902.348],[171163.438,559902.573],[171152.075,559912.729],[171130.75,559932.414],[171110.752,559950.724],[171092.9,559967.2],[171086.797,559972.845],[171086.397,559973.051],[171085.948,559973.052],[171085.547,559972.849],[171085.282,559972.486],[171085.211,559972.043],[171085.349,559971.615],[171095.095,559962.158],[171128.242,559932.092],[171152.191,559910.156],[171161.684,559901.081]]]}},{"type":"Feature","properties":{"relatieveHoogteligging":0,"lokaalID":"G1900.fcf2abaabdc84b87a35f8e88cff3f379","bgt_status":"bestaand","class":"waterloop","objecttype":"Waterdeel"},"geometry":{"type":"Polygon","coordinates":[[[170306.716,559639.102],[170306.287,559638.938],[170305.978,559638.598],[170305.854,559638.156],[170305.941,559637.706],[170306.221,559637.342],[170318.671,559633.5],[170362.793,559621.279],[170364.59,559620.749],[170378.047,559617.295],[170400.983,559610.528],[170414.557,559606.889],[170433.215,559601.718],[170440.161,559599.747],[170445.441,559597.941],[170469.124,559591.097],[170480.808,559587.723],[170496.769,559583.515],[170507.473,559580.57],[170519.91,559576.873],[170520.565,559579.061],[170509.103,559582.239],[170490.801,559587.361],[170465.027,559594.524],[170455.049,559597.669],[170453.095,559598.47],[170452.005,559598.918],[170444.634,559601.112],[170432.802,559604.459],[170422.108,559607.257],[170411.775,559610.136],[170403.844,559612.425],[170388.447,559616.82],[170383.679,559618.163],[170378.128,559619.544],[170377.468,559619.735],[170372.049,559621.109],[170363.668,559623.148],[170329.691,559632.737],[170307.762,559638.799],[170306.716,559639.102]]]}},{"type":"Feature","properties":{"relatieveHoogteligging":0,"lokaalID":"W0653.8abeacd5439b75202601300729230967","bgt_status":"bestaand","class":"waterloop","objecttype":"Waterdeel"},"geometry":{"type":"Polygon","coordinates":[[[171131.966,559893.979],[171132.374,559893.965],[171132.652,559894.001],[171133.003,559894.208],[171133.125,559894.709],[171133.125,559895.23],[171133.032,559895.674],[171132.76,559895.981],[171132.452,559896.246],[171130.832,559896.782],[171129.768,559897.367],[171128.904,559894.732],[171131.966,559893.979]]]}},{"type":"Feature","properties":{"relatieveHoogteligging":0,"lokaalID":"W0653.5d449757a02b4e9280c5c3f1d6ec4e6a","bgt_status":"bestaand","class":"waterloop","objecttype":"Waterdeel"},"geometry":{"type":"Polygon","coordinates":[[[170697.658,559380.852],[170699.279,559381.179],[170700.763,559381.478],[170703.329,559381.994],[170704.04,559382.138],[170703.678,559382.782],[170704.064,559383.652],[170704.67,559385.017],[170704.915,559385.57],[170705.888,559394.395],[170705.946,559394.636],[170710.042,559405.558],[170710.169,559405.795],[170724.323,559425.266],[170724.433,559425.393],[170724.562,559425.5],[170731.974,559430.643],[170732.103,559430.719],[170732.243,559430.775],[170742.637,559434.057],[170742.854,559434.099],[170743.075,559434.094],[170751.291,559432.959],[170751.42,559432.932],[170810.782,559416.548],[170811.806,559420.122],[170751.613,559436.951],[170742.01,559438.156],[170730.531,559434.533],[170720.449,559427.117],[170706.479,559407.784],[170702.173,559396.383],[170701.901,559395.664],[170701.255,559391.135],[170700.652,559386.911],[170700.119,559385.587],[170699.069,559384.958],[170698.125,559382.209],[170697.802,559381.267],[170697.658,559380.852]]]}},{"type":"Feature","properties":{"relatieveHoogteligging":0,"lokaalID":"W0653.972a9dc182f6445086989993890613df","bgt_status":"bestaand","class":"waterloop","objecttype":"Waterdeel"},"geometry":{"type":"Polygon","coordinates":[[[170616.476,559380.035],[170615.338,559380.543],[170614.268,559381.02],[170610.838,559372.481],[170603.05,559353.429],[170595.036,559332.276],[170588.478,559317.142],[170585.567,559307.503],[170582.124,559298.193],[170579.747,559292.287],[170576.058,559286.012],[170571.795,559277.522],[170565.441,559264.725],[170559.826,559252.134],[170553.226,559237.122],[170546.873,559223.751],[170540.561,559210.34],[170536.344,559201.92],[170532.62,559194.092],[170531.777,559191.561],[170531.8,559190.905],[170532.503,559190.717],[170533.3,559191.045],[170533.885,559192.498],[170534.986,559194.842],[170538.347,559201.908],[170545.356,559216.181],[170551.556,559229.162],[170555.901,559239.293],[170559.344,559245.65],[170561.025,559250.449],[170566.804,559263.205],[170570.698,559271.489],[170575.084,559280.513],[170577.339,559283.917],[170580.331,559287.936],[170583.159,559293.35],[170585.332,559299.872],[170586.848,559304.793],[170590.947,559317.262],[170595.784,559328.705],[170601.4,559342.404],[170605.54,559353.816],[170611.78,559367.741],[170614.977,559376.571],[170616.476,559380.035]]]}},{"type":"Feature","properties":{"relatieveHoogteligging":0,"lokaalID":"W0653.fd4edbc717e64a9c8bca289ad51437bb","bgt_status":"bestaand","class":"waterloop","objecttype":"Waterdeel"},"geometry":{"type":"Polygon","coordinates":[[[170697.655,559372.228],[170696.814,559372.327],[170694.738,559372.571],[170693.61,559372.704],[170693.406,559372.268],[170694.175,559371.66],[170693.078,559368.892],[170688.488,559356.905],[170679.951,559339.464],[170671.559,559326.903],[170666.753,559320.731],[170658.575,559305.227],[170643.819,559274.487],[170638.121,559263.946],[170633.367,559254.758],[170629.473,559246.597],[170625.005,559236.179],[170621.52,559230.396],[170617.626,559221.66],[170615.659,559216.328],[170614.347,559210.75],[170613.486,559205.5],[170612.503,559195.656],[170611.437,559188.93],[170609.715,559182.573],[170606.805,559175.764],[170605.985,559171.499],[170604.715,559162.763],[170603.444,559153.37],[170603.034,559146.357],[170602.501,559138.359],[170600.862,559129.992],[170598.156,559116.662],[170594.795,559102.635],[170590.983,559088.649],[170587.663,559078.355],[170585.449,559070.316],[170583.214,559058.202],[170581.574,559050.21],[170580.641,559048.16],[170581.86,559046.771],[170583.266,559046.638],[170584.129,559052.161],[170585.441,559058.806],[170586.999,559066.803],[170589.417,559076.032],[170593.014,559088.316],[170596.539,559101.604],[170599.121,559111.817],[170601.745,559123.998],[170602.995,559129.453],[170603.815,559135.359],[170604.634,559142.988],[170605.197,559148.168],[170605.946,559150.465],[170606.321,559151.285],[170607.435,559151.961],[170608.641,559155.995],[170608.526,559156.049],[170608.011,559156.893],[170607.946,559158.44],[170608.274,559162.295],[170608.807,559167.299],[170609.955,559173],[170612.107,559180.578],[170615.345,559192.636],[170616.575,559198.665],[170616.903,559203.587],[170618.132,559211.175],[170619.567,559216.67],[170622.887,559224.053],[170626.166,559231.477],[170635.143,559249.728],[170644.612,559268.595],[170652.482,559285.719],[170658.138,559297.244],[170661.868,559305.385],[170668.058,559316.295],[170671.788,559321.545],[170677.035,559328.476],[170682.978,559338.32],[170687.856,559347.548],[170690.479,559352.429],[170693.103,559358.786],[170694.988,559364.036],[170696.976,559370.607],[170697.655,559372.228]]]}},{"type":"Feature","properties":{"relatieveHoogteligging":0,"lokaalID":"W0653.cd279fb8f31146b3ac59f8f0390f461a","bgt_status":"bestaand","class":"waterloop","objecttype":"Waterdeel"},"geometry":{"type":"Polygon","coordinates":[[[171623.073,558154.297],[171653.079,558159.162],[171660.318,558160.172],[171672.215,558162.585],[171682.99,558164.38],[171691.183,558165.952],[171695.993,558167.354],[171707.395,558169.191],[171708.332,558169.844],[171708.35,558170.849],[171708.35,558171.286],[171708.22,558171.729],[171708.19,558171.869],[171708.117,558172.377],[171707.968,558172.635],[171707.853,558172.642],[171707.533,558172.664],[171707.192,558172.693],[171698.052,558171.305],[171653.837,558162.556],[171646.649,558161.261],[171622.597,558156.929],[171622.491,558156.905],[171622.326,558156.844],[171622.175,558156.756],[171622.042,558156.642],[171621.93,558156.507],[171621.844,558156.355],[171621.786,558156.19],[171621.757,558156.017],[171621.758,558155.842],[171621.774,558155.735],[171621.892,558155.114],[171621.917,558155.006],[171621.977,558154.845],[171622.064,558154.696],[171622.176,558154.564],[171622.309,558154.454],[171622.459,558154.369],[171622.622,558154.311],[171622.792,558154.282],[171622.965,558154.282],[171623.073,558154.297]]]}},{"type":"Feature","properties":{"relatieveHoogteligging":0,"lokaalID":"W0653.a11d7971a03a48f7878621deb37d3c27","bgt_status":"bestaand","class":"waterloop","objecttype":"Waterdeel"},"geometry":{"type":"Polygon","coordinates":[[[170989.292,559366.011],[170990.889,559368.99],[170970.035,559375.123],[170969.114,559371.76],[170989.292,559366.011]]]}},{"type":"Feature","properties":{"relatieveHoogteligging":0,"lokaalID":"G1900.cc0243cd4d45452d9320cfed2b0d0eb7","bgt_status":"bestaand","class":"waterloop","objecttype":"Waterdeel"},"geometry":{"type":"Polygon","coordinates":[[[170992.978,559354.375],[170992.793,559355.556],[170991.164,559357.009],[170989.949,559357.237],[170989.027,559356.429],[170982.824,559342.908],[170975.5,559327.254],[170973.673,559323.347],[170972.189,559319.822],[170969.631,559314.256],[170967.251,559309.317],[170965.023,559304.67],[170963.202,559300.818],[170962.092,559298.628],[170960.35,559294.258],[170964.089,559292.687],[170965.84,559296.943],[170966.732,559298.8],[170968.579,559302.574],[170977.117,559322.816],[170979.902,559328.174],[170980.006,559328.335],[170980.139,559328.473],[170981.251,559329.425],[170981.414,559329.539],[170981.598,559329.618],[170981.793,559329.659],[170984.569,559329.961],[170984.752,559329.964],[170984.932,559329.934],[170985.104,559329.871],[170989.057,559328.004],[170990.739,559327.788],[170991.627,559329.41],[170991.597,559329.957],[170991.425,559333.131],[170991.324,559333.277],[170990.299,559334.768],[170987.552,559336.271],[170987.378,559336.391],[170987.234,559336.546],[170987.125,559336.728],[170987.057,559336.928],[170986.448,559339.628],[170986.424,559339.808],[170986.433,559339.99],[170986.475,559340.167],[170987.28,559342.555],[170987.339,559342.694],[170992.212,559352.151],[170992.978,559354.375]]]}},{"type":"Feature","properties":{"relatieveHoogteligging":0,"lokaalID":"W0653.0e0722610a2f479cb6edef8fd8e9bede","bgt_status":"bestaand","class":"waterloop","objecttype":"Waterdeel"},"geometry":{"type":"Polygon","coordinates":[[[170883.34,559045.367],[170883.822,559044.814],[170886.37,559046.985],[170893.006,559052.43],[170897.402,559056.158],[170901.233,559059.341],[170904.624,559061.602],[170912.663,559068.304],[170917.729,559072.492],[170922.69,559077.267],[170927.924,559081.12],[170931.488,559084.24],[170945.335,559095.894],[170967.069,559113.567],[170989.855,559132.523],[171007,559146.467],[171026.6,559163.105],[171048.214,559181.062],[171061.052,559191.742],[171069.991,559199.386],[171070.409,559200.349],[171069.699,559201.203],[171068.965,559202.087],[171068.63,559202.15],[171067.813,559201.564],[171062.297,559197.135],[171046.215,559183.575],[171032.99,559172.104],[171015.772,559157.885],[170996.34,559141.572],[170985.752,559132.923],[170978.096,559126.4],[170966.299,559116.542],[170958.795,559110.532],[170950.065,559102.888],[170943.492,559096.857],[170937.63,559092.02],[170927.153,559083.36],[170914.734,559072.989],[170903.194,559063.681],[170895.156,559056.98],[170888.896,559051.807],[170882.49,559046.342],[170883.34,559045.367]]]}},{"type":"Feature","properties":{"relatieveHoogteligging":0,"lokaalID":"L0004.e701a0b79e224f9e849c486570bc34c6","bgt_status":"bestaand","class":"waterloop","plus_type":"sloot","objecttype":"Waterdeel"},"geometry":{"type":"Polygon","coordinates":[[[170972.729,559165.763],[170972.814,559164.48],[170974.407,559162.153],[170978.578,559158.5],[170979.03,559158.472],[170979.058,559158.924],[170978.678,559159.77],[170975.323,559163.887],[170973.208,559166.214],[170972.729,559165.763]]]}},{"type":"Feature","properties":{"relatieveHoogteligging":0,"lokaalID":"G1900.8edba9ebcc764530935f49d27072bb9d","bgt_status":"bestaand","class":"waterloop","objecttype":"Waterdeel"},"geometry":{"type":"Polygon","coordinates":[[[170948.322,559253.835],[170958.918,559271.841],[170958.81,559272.035],[170958.686,559272.219],[170958.546,559272.392],[170958.391,559272.551],[170958.223,559272.696],[170958.042,559272.826],[170957.851,559272.939],[170957.651,559273.034],[170957.442,559273.111],[170957.228,559273.17],[170957.009,559273.21],[170956.788,559273.23],[170956.524,559273.226],[170945.965,559255.33],[170948.322,559253.835]]]}},{"type":"Feature","properties":{"relatieveHoogteligging":0,"lokaalID":"G1900.02d3b8834cd043a3bca1b6054f59af25","bgt_status":"bestaand","class":"waterloop","objecttype":"Waterdeel"},"geometry":{"type":"Polygon","coordinates":[[[170983.446,559274.353],[170984.116,559276.141],[170983.943,559276.836],[170983.521,559277.208],[170982.378,559277.755],[170973.583,559280.964],[170964.855,559284.648],[170964.665,559284.754],[170964.502,559284.899],[170963.534,559285.971],[170963.33,559286.187],[170959.756,559287.688],[170958.34,559288.37],[170958.031,559288.215],[170957.929,559286.587],[170958.039,559286.229],[170957.968,559284.137],[170958.391,559282.896],[170958.391,559282.895],[170959.011,559282.597],[170968.522,559279.071],[170975.972,559276.166],[170976.424,559276.129],[170982.353,559273.831],[170982.974,559273.658],[170983.446,559274.353]]]}},{"type":"Feature","properties":{"relatieveHoogteligging":0,"lokaalID":"G1900.4955be73ec704190af810d6e81f902c6","bgt_status":"bestaand","class":"waterloop","objecttype":"Waterdeel"},"geometry":{"type":"Polygon","coordinates":[[[170926.77,559222.668],[170926.796,559222.527],[170926.834,559222.388],[170926.885,559222.253],[170926.947,559222.123],[170927.02,559221.999],[170927.104,559221.882],[170927.2,559221.771],[170928.238,559221.322],[170952.702,559211.287],[170953.499,559212.835],[170931.114,559221.431],[170930.998,559221.49],[170930.887,559221.558],[170930.782,559221.636],[170930.685,559221.722],[170930.596,559221.817],[170930.515,559221.919],[170930.443,559222.027],[170930.381,559222.142],[170930.329,559222.261],[170930.288,559222.385],[170930.258,559222.511],[170930.239,559222.64],[170930.231,559222.77],[170930.234,559222.9],[170930.249,559223.029],[170930.274,559223.157],[170930.311,559223.282],[170930.359,559223.403],[170930.438,559223.558],[170945.731,559249.448],[170943.384,559250.956],[170927.84,559224.613],[170927.712,559224.441],[170927.551,559224.301],[170927.397,559224.193],[170927.286,559224.101],[170927.184,559223.999],[170927.092,559223.889],[170927.009,559223.771],[170926.938,559223.646],[170926.877,559223.515],[170926.828,559223.38],[170926.791,559223.241],[170926.767,559223.099],[170926.755,559222.955],[170926.756,559222.812],[170926.77,559222.668]]]}},{"type":"Feature","properties":{"relatieveHoogteligging":0,"lokaalID":"G1900.a3461939a9b8416fb9c52b95952b5ad4","bgt_status":"bestaand","class":"waterloop","objecttype":"Waterdeel"},"geometry":{"type":"Polygon","coordinates":[[[170958.032,559185.869],[170957.973,559186.114],[170956.507,559187.764],[170955.422,559189.135],[170954.787,559189.936],[170954.04,559191.487],[170953.417,559192.781],[170953.218,559193.194],[170963.339,559202.438],[170978.475,559216.003],[170994.543,559230.358],[171002.936,559237.321],[171009.176,559242.058],[171008.961,559243.493],[171008.316,559244.355],[171005.661,559243.852],[171002.936,559241.699],[170999.349,559238.756],[170993.897,559233.875],[170991.459,559231.899],[170984.561,559226.209],[170978.073,559221.077],[170971.823,559215.878],[170967.478,559211.9],[170963.379,559209.603],[170961.453,559207.921],[170959.731,559204.968],[170955.222,559201.236],[170950.058,559196.601],[170937.31,559185.527],[170924.562,559173.674],[170917.102,559169.408],[170906.403,559160.672],[170889.762,559145.825],[170873.653,559132.003],[170860.331,559121.257],[170846.476,559110.881],[170840.902,559105.467],[170834.958,559099.314],[170830.326,559096.279],[170824.301,559091.111],[170818.562,559087.051],[170812.947,559081.719],[170803.314,559073.639],[170796.633,559067.446],[170792.831,559062.871],[170789.083,559058.911],[170787.28,559057.833],[170786.305,559057.529],[170788.852,559054.6],[170793.17,559058.158],[170803.5,559067.705],[170812.681,559075.6],[170821.002,559082.419],[170831.242,559090.834],[170846.951,559103.682],[170856.85,559111.506],[170874.353,559126.076],[170889.13,559138.493],[170904.122,559151.485],[170915.312,559161.39],[170923.49,559167.778],[170932.169,559175.171],[170940.383,559182.643],[170946.572,559187.975],[170949.072,559189.534],[170949.957,559188.534],[170950.897,559187.228],[170950.951,559187.167],[170952.453,559185.45],[170953.703,559184.021],[170955.012,559183.068],[170955.287,559182.868],[170956.6,559181.912],[170957.255,559181.435],[170959.678,559183.181],[170958.283,559184.817],[170958.224,559185.065],[170958.032,559185.869]]]}},{"type":"Feature","properties":{"relatieveHoogteligging":0,"lokaalID":"W0653.8320d8c3b2884306a9e725e38da4ad9b","bgt_status":"bestaand","class":"waterloop","objecttype":"Waterdeel"},"geometry":{"type":"Polygon","coordinates":[[[170965.253,559372.895],[170966.216,559376.125],[170816.101,559418.747],[170815.045,559415.761],[170923.631,559384.773],[170965.253,559372.895]]]}},{"type":"Feature","properties":{"relatieveHoogteligging":0,"lokaalID":"G1900.ca0e8187f6ab4810bb13e1cb160a2b81","bgt_status":"bestaand","class":"waterloop","objecttype":"Waterdeel"},"geometry":{"type":"Polygon","coordinates":[[[170776.648,559063.81],[170766.387,559072.094],[170753.311,559082.471],[170742.598,559091.082],[170737.796,559095.043],[170732.479,559098.863],[170727.35,559102.894],[170722.829,559106.879],[170719.527,559109.222],[170715.146,559112.738],[170710.696,559115.855],[170707.839,559117.824],[170703.177,559120.097],[170694.066,559123.824],[170680.785,559128.698],[170670.737,559132.355],[170660.267,559136.128],[170653.709,559138.8],[170651.437,559139.901],[170645.698,559143.417],[170642.231,559145.479],[170638.437,559147.12],[170634.291,559148.362],[170628.459,559150.354],[170616.537,559153.612],[170612.953,559154.76],[170609.416,559155.628],[170608.641,559155.995],[170607.435,559151.961],[170607.867,559152.222],[170609.038,559152.597],[170611.328,559152.24],[170621.411,559149.451],[170632.15,559146.457],[170638.217,559144.447],[170643.873,559141.863],[170648.874,559138.377],[170654.121,559136.121],[170661.13,559133.291],[170678.551,559126.77],[170696.75,559120.043],[170704.784,559116.516],[170708.063,559114.465],[170717.204,559107.534],[170736.264,559092.4],[170756.841,559075.707],[170773.472,559061.92],[170774.414,559061.196],[170775.762,559062.773],[170776.648,559063.81]]]}},{"type":"Feature","properties":{"relatieveHoogteligging":0,"lokaalID":"W0653.75a7f92e8c004b7f8aa0fa8c1684737f","bgt_status":"bestaand","class":"waterloop","objecttype":"Waterdeel"},"geometry":{"type":"Polygon","coordinates":[[[170583.243,559342.166],[170583.656,559343.076],[170585.892,559348.214],[170587.799,559353.329],[170589.123,559357.142],[170590.957,559362.634],[170592.111,559366.4],[170594.231,559371.715],[170594.718,559373.159],[170594.206,559373.209],[170594.033,559373.069],[170593.579,559372.615],[170592.715,559370.661],[170591.97,559368.389],[170591.871,559368.175],[170591.414,559367.435],[170588.827,559361.121],[170588.728,559359.624],[170588.703,559359.457],[170587.933,559356.237],[170587.9,559356.129],[170586.068,559351.078],[170584.041,559346.021],[170583.139,559343.208],[170583.091,559342.557],[170583.071,559342.246],[170583.243,559342.166]]]}},{"type":"Feature","properties":{"relatieveHoogteligging":0,"lokaalID":"W0653.a955b9d16e874d0886b3492a2d770370","bgt_status":"bestaand","class":"waterloop","objecttype":"Waterdeel"},"geometry":{"type":"Polygon","coordinates":[[[170551.287,559290.977],[170551.792,559290.777],[170556.412,559288.627],[170556.555,559288.545],[170557.985,559287.565],[170558.146,559287.428],[170558.274,559287.261],[170558.364,559287.071],[170558.412,559286.866],[170558.502,559286.156],[170558.508,559285.959],[170558.428,559284.829],[170558.405,559284.678],[170558.36,559284.531],[170557.617,559282.662],[170555.527,559277.842],[170549.694,559264.415],[170544.968,559253.75],[170539.94,559242.886],[170534.274,559230.212],[170528.547,559218.788],[170522.757,559206.857],[170519.384,559200.032],[170518.383,559197.831],[170513.744,559189.088],[170513.665,559188.833],[170513.6,559188.674],[170512.093,559185.735],[170508.763,559180.04],[170504.131,559170.437],[170503.016,559167.467],[170499.857,559160.701],[170497.137,559153.958],[170494.128,559147.493],[170489.615,559136.581],[170490.617,559135.95],[170492.272,559140.862],[170495.79,559149.625],[170498.689,559155.973],[170502.388,559164.192],[170506.48,559172.735],[170509.467,559178.58],[170510.496,559181.215],[170511.596,559183.695],[170511.65,559183.801],[170513.02,559186.107],[170514.72,559188.851],[170517.394,559193.545],[170520.668,559200.323],[170525.645,559210.126],[170531.117,559221.339],[170535.535,559230.916],[170539.525,559238.917],[170543.14,559247.024],[170548.019,559257.742],[170552.53,559267.795],[170556.22,559275.874],[170558.958,559281.921],[170561.43,559287.413],[170563.854,559291.688],[170566.187,559297.036],[170569.46,559305.219],[170571.718,559310.957],[170573.653,559315.572],[170575.977,559322.52],[170578.145,559328.135],[170579.389,559331.465],[170579.558,559332.222],[170579.347,559332.396],[170579.07,559332.446],[170578.961,559332.442],[170578.826,559332.355],[170578.398,559331.825],[170578.252,559331.443],[170577.078,559328.373],[170574.445,559321.004],[170571.626,559313.599],[170568.278,559305.957],[170565.416,559298.169],[170564.176,559295.339],[170564.077,559295.163],[170563.56,559294.432],[170562.163,559292.247],[170561.123,559290.797],[170560.989,559290.646],[170560.828,559290.525],[170560.646,559290.438],[170559.776,559290.128],[170559.599,559290.083],[170559.417,559290.07],[170558.547,559290.09],[170558.378,559290.109],[170558.215,559290.155],[170555.586,559291.153],[170552.027,559292.589],[170551.287,559290.977]]]}},{"type":"Feature","properties":{"relatieveHoogteligging":0,"lokaalID":"W0653.8ca04144838143e0b3b0f50d7a42bb7f","bgt_status":"bestaand","class":"waterloop","objecttype":"Waterdeel"},"geometry":{"type":"Polygon","coordinates":[[[170002.656,559229.676],[170005.284,559227.327],[170006.893,559225.889],[170007.526,559226.665],[170017.566,559238.182],[170054.4,559280.32],[170066.245,559296.379],[170066.776,559297.499],[170067.011,559297.764],[170067.336,559298.059],[170067.719,559298.147],[170067.984,559298],[170068.603,559298],[170069.693,559297.617],[170071.196,559299.768],[170070.411,559300.464],[170070.188,559300.777],[170069.992,559301.109],[170069.826,559301.456],[170069.69,559301.816],[170069.585,559302.186],[170069.513,559302.564],[170069.473,559302.947],[170069.467,559303.332],[170069.493,559303.716],[170069.552,559304.096],[170069.644,559304.47],[170069.767,559304.835],[170069.922,559305.188],[170070.106,559305.526],[170070.318,559305.847],[170070.557,559306.148],[170070.731,559306.337],[170079.125,559317.129],[170081.312,559321.623],[170081.085,559325.527],[170081.087,559325.679],[170081.113,559325.83],[170082.287,559330.484],[170082.342,559330.642],[170082.422,559330.789],[170094.901,559349.744],[170094.967,559349.891],[170095.085,559350.054],[170099.487,559355.011],[170100.151,559355.759],[170095.531,559359.991],[170094.095,559358.325],[170092.355,559356.196],[170089.467,559352.123],[170087.298,559348.899],[170084.192,559344.181],[170082.549,559341.707],[170080.909,559339.051],[170079.663,559337.086],[170078.286,559334.645],[170075.77,559329.949],[170074.127,559327.08],[170073.631,559326.214],[170074.09,559325.014],[170074.435,559323.598],[170074.662,559321.351],[170074.662,559320.808],[170074.517,559320.228],[170074.044,559319.298],[170072.989,559317.743],[170070.988,559315.303],[170068.557,559312.33],[170066.528,559309.708],[170065.234,559307.863],[170063.504,559304.85],[170060.501,559300.076],[170057.886,559295.933],[170055.862,559292.983],[170053.127,559289.14],[170052.082,559287.791],[170050.254,559285.583],[170047.154,559282.359],[170044.995,559280.03],[170039.905,559273.99],[170036.16,559269.967],[170033.529,559266.675],[170031.994,559264.853],[170030.568,559263.314],[170029.256,559261.602],[170027.76,559259.649],[170024.876,559256.132],[170019.734,559250.104],[170015.919,559245.361],[170010.065,559238.529],[170002.674,559229.697],[170002.656,559229.676]]]}},{"type":"Feature","properties":{"relatieveHoogteligging":0,"lokaalID":"W0653.d0a1fdd58cc74b8483f9c958167c9346","bgt_status":"bestaand","class":"waterloop","objecttype":"Waterdeel"},"geometry":{"type":"Polygon","coordinates":[[[170095.468,559385.561],[170095.489,559384.2],[170095.597,559383.234],[170096.048,559381.306],[170096.586,559379.909],[170097.687,559377.914],[170099.072,559375.604],[170100.416,559373.362],[170101.164,559371.299],[170101.385,559370.157],[170101.293,559369.168],[170100.832,559367.7],[170100.136,559366.095],[170098.652,559363.645],[170103.11,559359.538],[170106.325,559364.042],[170106.761,559364.938],[170107.129,559365.894],[170107.414,559366.877],[170107.614,559367.881],[170107.728,559368.898],[170107.755,559369.921],[170107.695,559370.943],[170107.548,559371.956],[170107.315,559372.953],[170106.999,559373.927],[170106.589,559374.896],[170103.903,559380.797],[170103.581,559381.211],[170103.229,559381.753],[170102.924,559382.322],[170102.669,559382.915],[170102.466,559383.527],[170102.315,559384.155],[170102.218,559384.793],[170102.175,559385.437],[170102.187,559386.082],[170102.255,559386.724],[170102.376,559387.358],[170102.551,559387.98],[170102.779,559388.584],[170103.014,559389.084],[170105.629,559394.877],[170105.696,559395.002],[170120.953,559419.023],[170126.458,559431.144],[170138.022,559451.543],[170138.124,559451.691],[170138.251,559451.818],[170138.399,559451.92],[170138.562,559451.994],[170138.737,559452.038],[170141.824,559452.524],[170143.473,559455.601],[170142.723,559458.382],[170142.692,559458.567],[170142.695,559458.754],[170142.734,559458.938],[170142.806,559459.111],[170155.977,559483.906],[170156.414,559484.805],[170151.719,559487.087],[170151.456,559487.234],[170149.105,559483.202],[170145.126,559475.7],[170138.502,559463.865],[170133.333,559455.332],[170130.124,559449.791],[170128.657,559447.802],[170125.06,559441.459],[170124.907,559441.19],[170122.783,559437.33],[170120.859,559433.666],[170117.732,559427.11],[170115.376,559422.169],[170113.693,559419.384],[170111.571,559416.386],[170110.471,559414.744],[170108.105,559410.397],[170106.909,559408.113],[170105.352,559405.675],[170103.507,559402.933],[170101.709,559399.809],[170099.385,559396.105],[170096.921,559391.4],[170096.577,559390.556],[170096.165,559389.224],[170095.917,559388.421],[170095.602,559387.03],[170095.468,559385.561]]]}},{"type":"Feature","properties":{"relatieveHoogteligging":0,"lokaalID":"G1900.07cf9b68bb1d44f8a06725431ea0120b","bgt_status":"bestaand","class":"waterloop","objecttype":"Waterdeel"},"geometry":{"type":"Polygon","coordinates":[[[170125.942,559268.744],[170119.265,559270.036],[170114.352,559270.322],[170114.167,559270.35],[170111.687,559270.97],[170111.556,559271.012],[170110.098,559271.6],[170107.913,559272.536],[170089.833,559282.096],[170089.675,559282.199],[170088.575,559283.079],[170088.463,559283.184],[170087.774,559283.936],[170086.799,559285.063],[170084.791,559287.497],[170081.514,559292.181],[170079.56,559294.097],[170076.89,559296.307],[170076.381,559296.606],[170076.266,559296.571],[170076.127,559296.44],[170075.073,559294.971],[170075.876,559294.39],[170076.043,559294.238],[170076.586,559293.616],[170080.894,559288.895],[170085.397,559283.567],[170088.897,559280.058],[170092.368,559278.279],[170097.973,559275.691],[170104.51,559272.369],[170116.82,559268.466],[170117.095,559268.468],[170117.402,559268.448],[170118.676,559268.367],[170121.665,559268.135],[170128.358,559266.941],[170134.366,559265.469],[170148.098,559263.039],[170158.25,559261.794],[170165.882,559260.393],[170173.955,559258.9],[170179.76,559257.433],[170186.374,559255.573],[170191.344,559253.813],[170191.48,559253.753],[170195.553,559251.58],[170198.427,559249.719],[170203.35,559246.145],[170215.166,559236.813],[170230.407,559226.204],[170252.583,559211.097],[170259.436,559205.913],[170265.87,559201.218],[170265.99,559201.114],[170268.67,559198.414],[170268.768,559198.3],[170268.847,559198.171],[170270.141,559195.683],[170272.107,559192.131],[170278.478,559180.526],[170281.687,559175.129],[170283.797,559172.816],[170287.704,559168.575],[170291.275,559165.891],[170294.529,559163.643],[170294.667,559163.527],[170297.64,559160.554],[170302.964,559155.438],[170308.74,559151.701],[170316.124,559147.722],[170318.41,559146.949],[170320.962,559145.404],[170334.135,559139.102],[170341.383,559135.415],[170346.646,559133.303],[170347.906,559132.516],[170350.079,559131.473],[170350.648,559132.705],[170351.149,559133.821],[170343.62,559136.675],[170342.896,559137.211],[170335.553,559140.614],[170334.693,559141.263],[170333.236,559141.944],[170327.802,559144.526],[170324.093,559146.276],[170305.884,559155.865],[170305.716,559155.977],[170301.976,559159.047],[170301.883,559159.134],[170299.059,559162.128],[170295.777,559165.488],[170292.587,559167.899],[170289.819,559169.679],[170287.333,559171.481],[170287.134,559171.672],[170285.369,559173.915],[170282.444,559177.509],[170282.335,559177.674],[170279.731,559182.614],[170272.258,559196.057],[170269.896,559199.245],[170269.806,559199.391],[170269.743,559199.551],[170269.266,559201.162],[170269.101,559201.72],[170268.143,559202.485],[170267.209,559203.043],[170266.717,559202.864],[170266.559,559202.807],[170266.383,559202.757],[170266.2,559202.74],[170265.55,559202.74],[170265.271,559202.78],[170264.721,559202.94],[170264.509,559203.029],[170263.731,559203.471],[170262.531,559204.281],[170262.425,559204.363],[170261.007,559205.625],[170243.863,559218.48],[170221.321,559234.272],[170208.853,559243.357],[170204.93,559246.687],[170201.923,559249.477],[170198.603,559251.897],[170195.168,559253.672],[170190.784,559255.489],[170185.272,559256.891],[170171.326,559260.455],[170159.301,559262.912],[170147.701,559264.281],[170140.796,559265.321],[170133.315,559266.88],[170125.942,559268.744]]]}},{"type":"Feature","properties":{"relatieveHoogteligging":0,"lokaalID":"G1900.64e82a728a07460496d281c2ff8d4c63","bgt_status":"bestaand","class":"waterloop","objecttype":"Waterdeel"},"geometry":{"type":"Polygon","coordinates":[[[170270.945,559207.663],[170269.72,559206.223],[170270.787,559205.495],[170271.941,559206.999],[170273.521,559208.879],[170288.885,559227.6],[170288.699,559227.854],[170287.794,559228.513],[170287.649,559228.479],[170287.191,559228.102],[170286.501,559227.303],[170281.114,559220.49],[170270.945,559207.663]]]}},{"type":"Feature","properties":{"relatieveHoogteligging":0,"lokaalID":"G1900.d8b1f2a6cff849519b3bb8baee2b0bfc","bgt_status":"bestaand","class":"waterloop","objecttype":"Waterdeel"},"geometry":{"type":"Polygon","coordinates":[[[170293.475,559232.415],[170293.603,559232.414],[170293.965,559232.77],[170294.686,559233.681],[170294.82,559233.82],[170295.51,559234.41],[170299.881,559239.817],[170304.873,559246.06],[170309.112,559252.815],[170313.42,559258.944],[170317.517,559265.821],[170319.743,559270.508],[170321.414,559275.375],[170321.505,559275.569],[170330.711,559290.742],[170360.631,559358.481],[170358.485,559359.37],[170326.154,559286.295],[170326.062,559286.13],[170323.202,559282.007],[170321.707,559278.435],[170319.893,559273.779],[170318.053,559268.991],[170317.998,559268.872],[170315.438,559264.172],[170315.383,559264.082],[170312.253,559259.552],[170307.099,559252.08],[170303.188,559246.175],[170298.448,559239.425],[170298.359,559239.315],[170294.431,559235.137],[170292.79,559233.369],[170292.867,559233.277],[170293.475,559232.415]]]}},{"type":"Feature","properties":{"relatieveHoogteligging":0,"lokaalID":"W0653.b2c24533cbaf4d02b3ab89d77fa8ff3c","bgt_status":"bestaand","class":"waterloop","objecttype":"Waterdeel"},"geometry":{"type":"Polygon","coordinates":[[[170552.026,559292.589],[170549.071,559293.782],[170541.586,559297.439],[170532.09,559301.441],[170523.371,559304.703],[170514.177,559308.108],[170503.072,559312.44],[170490.243,559317.516],[170481.978,559320.558],[170474.278,559323.552],[170464.242,559327.577],[170453.299,559332.474],[170442.997,559336.886],[170434.11,559340.451],[170424.289,559344.327],[170417.625,559346.855],[170410.481,559349.567],[170403.01,559352.439],[170390.161,559356.795],[170386.456,559358.314],[170377.708,559362.409],[170369.908,559365.41],[170358.528,559370.256],[170350.764,559373.375],[170320.95,559384.142],[170294.121,559392.599],[170265.677,559404.606],[170236.617,559416.409],[170208.464,559429.162],[170184.601,559438.966],[170163.132,559446.672],[170153.795,559450.136],[170149.04,559452.242],[170148.39,559450.347],[170157.174,559446.775],[170175.305,559440.399],[170193.505,559433.704],[170210.595,559426.13],[170229.069,559417.707],[170253.417,559407.632],[170276.307,559398.026],[170294.296,559390.938],[170319.195,559382.359],[170321.578,559381.597],[170330.039,559378.453],[170340.594,559374.393],[170352.193,559369.564],[170359.926,559366.37],[170374.928,559359.822],[170389.184,559354.052],[170400.684,559349.725],[170412.99,559345.067],[170424.199,559340.933],[170436.399,559336.239],[170447.73,559331.736],[170455.563,559328.315],[170464.184,559324.514],[170472.782,559321.152],[170483.366,559317.061],[170493.759,559312.975],[170504.142,559308.724],[170513.069,559305.033],[170520.392,559302.417],[170528.09,559299.923],[170535.237,559297.164],[170545.088,559293.43],[170551.286,559290.977],[170551.287,559290.977],[170552.027,559292.589],[170552.026,559292.589]]]}},{"type":"Feature","properties":{"relatieveHoogteligging":0,"lokaalID":"G1900.c3962335927d4da8af49e25cc7d5d265","bgt_status":"bestaand","class":"waterloop","objecttype":"Waterdeel"},"geometry":{"type":"Polygon","coordinates":[[[170468.624,559085.44],[170464.469,559086.368],[170453.762,559088.141],[170452.326,559088.332],[170450.978,559088.381],[170441.832,559088.64],[170441.686,559088.655],[170439.196,559089.095],[170436.595,559089.696],[170434.966,559090.194],[170433.089,559090.942],[170432.793,559091.086],[170428.632,559093.658],[170421.878,559097.444],[170419.851,559098.481],[170391.268,559113.639],[170381.657,559118.902],[170358.842,559130.183],[170358.841,559130.184],[170357.076,559130.877],[170356.1,559131.034],[170355.572,559130.968],[170355.312,559130.499],[170354.997,559129.867],[170355.217,559129.427],[170355.595,559128.955],[170356.73,559128.293],[170357.99,559127.536],[170363.001,559125.614],[170373.589,559120.446],[170384.997,559114.458],[170389.119,559112.073],[170396.007,559108.604],[170408.324,559102.106],[170418.276,559096.94],[170424.059,559094.013],[170430.266,559090.915],[170432.437,559090.066],[170434.819,559089.122],[170437.435,559088.271],[170441.751,559087.578],[170441.752,559087.578],[170450.639,559086.853],[170452.498,559086.758],[170459.28,559085.784],[170468.466,559084.455],[170468.624,559085.44]]]}},{"type":"Feature","properties":{"relatieveHoogteligging":0,"lokaalID":"W0653.e683200b7c6e4af1b2150becf007541c","bgt_status":"bestaand","class":"waterloop","objecttype":"Waterdeel"},"geometry":{"type":"Polygon","coordinates":[[[170456.832,558921.889],[170456.883,558922.626],[170457.002,558924.19],[170458.341,558944.991],[170458.891,558959.907],[170459.261,558968.981],[170459.272,558969.097],[170460.36,558975.932],[170461.413,558984.099],[170462.463,558990.599],[170464.329,559000.192],[170464.898,559003.108],[170466.547,559011.904],[170467.573,559016.482],[170469.185,559024.192],[170470.629,559030.545],[170471.421,559035.17],[170472.07,559040.111],[170472.615,559043.939],[170473.643,559057.356],[170474.293,559065.985],[170475.128,559072.37],[170476.237,559080.011],[170476.695,559084.629],[170477.466,559089.636],[170477.781,559093.646],[170477.874,559096.407],[170478.144,559099.497],[170478.174,559099.669],[170480.144,559107.029],[170481.279,559110.839],[170485.739,559123.209],[170485.957,559124.391],[170485.957,559125.099],[170485.791,559125.557],[170485.124,559125.724],[170484.583,559125.432],[170480.958,559116.892],[170479,559111.185],[170477.251,559105.519],[170476.542,559100.686],[170476.55,559100.679],[170476.195,559099.447],[170476.168,559099.353],[170475.793,559093.063],[170475.597,559088.575],[170475.07,559085.23],[170474.834,559083.731],[170474.711,559081.964],[170474.564,559080.676],[170474.546,559080.569],[170474.016,559078.222],[170472.781,559070.044],[170470.893,559050.995],[170470.043,559041.941],[170470.024,559041.823],[170466.72,559026.615],[170462.406,559003.603],[170461.85,558999.853],[170458.744,558978.923],[170457.513,558968.295],[170456.461,558962.324],[170456.405,558962.128],[170456.311,558961.948],[170456.182,558961.79],[170456.024,558961.661],[170455.798,558961.513],[170455.684,558961.449],[170455.59,558961.404],[170456.141,558956.12],[170456.369,558955.991],[170456.525,558955.846],[170456.725,558955.616],[170456.808,558955.506],[170456.958,558955.276],[170457.029,558955.146],[170457.081,558955.008],[170457.341,558954.108],[170457.376,558953.922],[170457.375,558953.733],[170455.758,558937.074],[170455.286,558923.316],[170455.638,558922.383],[170455.89,558921.993],[170456.033,558921.771],[170456.317,558921.524],[170456.609,558921.273],[170456.832,558921.889]]]}},{"type":"Feature","properties":{"relatieveHoogteligging":0,"lokaalID":"G1900.171fff46abf5461780937addcc391049","bgt_status":"bestaand","class":"waterloop","objecttype":"Waterdeel"},"geometry":{"type":"Polygon","coordinates":[[[170111.22,559077.908],[170113.852,559076.7],[170131.941,559067.258],[170154.268,559055.528],[170182.215,559040.64],[170202.66,559029.87],[170230.355,559015.518],[170253.652,559003.355],[170256.768,559001.133],[170260.346,558998.841],[170267.571,558994.761],[170288.592,558982.504],[170298.076,558977.112],[170302.689,558974.842],[170316.881,558968.236],[170329.643,558961.347],[170330.353,558962.412],[170331.379,558963.952],[170329.975,558964.635],[170326.832,558966.163],[170315.285,558971.779],[170308.34,558975.312],[170301.216,558978.67],[170291.847,558983.72],[170275.065,558993.237],[170270.602,558995.851],[170266.027,558999.173],[170260.922,559002.424],[170252.12,559007.483],[170191.27,559039.207],[170174.453,559048.154],[170160.13,559055.471],[170140.237,559066.038],[170126.095,559073.086],[170118.51,559076.74],[170112.903,559079.555],[170110.106,559080.96],[170108.852,559081.265],[170107.887,559081.265],[170106.713,559081.054],[170105.804,559080.63],[170104.865,559079.278],[170103.023,559075.978],[170104.773,559075.039],[170105.239,559074.789],[170106.481,559076.933],[170107.224,559077.803],[170108.162,559078.267],[170109.609,559078.344],[170111.22,559077.908]]]}},{"type":"Feature","properties":{"relatieveHoogteligging":0,"lokaalID":"G1900.474a1e74c6cd4c13ae8651f4029a9fb5","bgt_status":"bestaand","class":"waterloop","objecttype":"Waterdeel"},"geometry":{"type":"Polygon","coordinates":[[[170032.747,558916.673],[170037.801,558913.997],[170038.072,558915.375],[170038.611,558916.265],[170040.508,558918.281],[170042.071,558919.558],[170045.761,558923.906],[170051.622,558932.027],[170055.967,558940.147],[170057.484,558942.69],[170058.139,558946.013],[170058.18,558948.35],[170057.607,558950.155],[170055.024,558953.108],[170052.442,558955.159],[170049.204,558958.522],[170048.138,558961.024],[170048.056,558963.321],[170048.384,558965.987],[170050.31,558969.965],[170053.016,558973.779],[170055.762,558977.963],[170057.853,558981.982],[170059.738,558987.56],[170061.747,558994.369],[170064.247,559001.587],[170065.846,559005.607],[170067.69,559009.052],[170070.877,559015.245],[170073.549,559020],[170077.207,559026.173],[170084.739,559038.518],[170087.281,559043.832],[170093.716,559054.455],[170097.235,559060.432],[170100.866,559066.666],[170102.412,559069.502],[170100.842,559070.556],[170099.976,559070.369],[170098.799,559069.127],[170091.298,559055.715],[170087.878,559050.348],[170086.543,559049.176],[170085.184,559048.871],[170082.924,559050.606],[170076.817,559054.994],[170069.684,559059.014],[170055.174,559066.15],[170043.984,559071.728],[170032.313,559077.828],[170026.411,559080.851],[170022.851,559084.249],[170019.173,559088.327],[170017.127,559091.724],[170014.995,559093.506],[170010.264,559095.826],[170004.408,559097.888],[169999.63,559099.224],[169993.563,559100.63],[169989.09,559100.959],[169984.335,559101.076],[169974.802,559101.662],[169969.836,559102.529],[169966.229,559103.724],[169960.894,559106.588],[169952.767,559111.064],[169947.661,559113.9],[169946.653,559115.283],[169946.396,559116.502],[169946.841,559117.861],[169950.237,559123.21],[169962.083,559141.421],[169974.954,559160.288],[169985.037,559174.684],[169991.883,559185.307],[169995.203,559192.689],[169996.895,559196.632],[169998.418,559202.679],[169998.301,559205.914],[169997.668,559206.921],[169996.872,559207.132],[169996.31,559206.171],[169996.029,559203.945],[169995.057,559199.017],[169993.827,559194.547],[169991.859,559189.461],[169982.145,559174.326],[169971.651,559158.7],[169961.035,559142.417],[169952.131,559128.991],[169947.072,559121.42],[169945.058,559118.655],[169944.378,559116.733],[169944.308,559114.717],[169945.69,559112.725],[169950.211,559109.983],[169957.542,559106.069],[169963.773,559102.554],[169968.434,559100.866],[169974.079,559099.952],[169978.904,559098.944],[169983.284,559098.874],[169989.116,559098.733],[169995.698,559098.148],[170000.382,559096.788],[170005.535,559094.966],[170010.571,559092.833],[170013.921,559090.607],[170017.223,559086.904],[170020.971,559082.943],[170023.758,559080.23],[170026.75,559078.138],[170032.53,559074.857],[170044.048,559068.951],[170063.764,559059.107],[170071.839,559054.842],[170074.883,559052.886],[170078.711,559050.047],[170080.827,559048.18],[170082.209,559046.868],[170083.052,559045.086],[170083.122,559043.469],[170082.724,559041.29],[170082.045,559039.251],[170080.241,559035.36],[170075.065,559027.204],[170069.959,559018.485],[170066.516,559012.415],[170063.401,559006.415],[170060.941,559000.767],[170058.201,558991.439],[170055.46,558983.658],[170053.329,558979.205],[170049.909,558974.143],[170047.918,558970.885],[170046.63,558967.815],[170045.88,558965.729],[170045.904,558963.338],[170046.208,558960.877],[170046.56,558959.588],[170047.66,558957.479],[170049.675,558954.948],[170053.446,558951.174],[170055.156,558949.182],[170055.718,558947.682],[170055.343,558945.339],[170053.305,558940.229],[170050.448,558934.956],[170046.255,558928.792],[170042.584,558924.052],[170038.25,558919.669],[170035.416,558917.513],[170033.285,558916.716],[170032.747,558916.673]]]}},{"type":"Feature","properties":{"relatieveHoogteligging":0,"lokaalID":"W0653.593506507e0642c9bb082e3b03718c96","bgt_status":"bestaand","class":"waterloop","objecttype":"Waterdeel"},"geometry":{"type":"Polygon","coordinates":[[[170526.644,559180.947],[170526.211,559181.157],[170525.719,559180.923],[170523.142,559176.798],[170518.669,559166.931],[170514.64,559157.697],[170510.681,559149.377],[170509.346,559145.393],[170506.536,559138.432],[170503.608,559131.471],[170501.57,559126.549],[170498.22,559118.37],[170495.503,559110.05],[170493.63,559102.808],[170492.435,559097.37],[170491.522,559092.238],[170490.702,559086.308],[170490.022,559080.73],[170488.594,559069.129],[170488.026,559060.281],[170486.673,559045.434],[170485.894,559034.975],[170484.511,559027.695],[170481.785,559014.13],[170478.701,558998.554],[170476.692,558988.434],[170474.612,558974.294],[170472.747,558957.212],[170472.46,558952.044],[170472.611,558950.76],[170472.915,558950.174],[170473.501,558950.127],[170474.11,558951.135],[170474.321,558953.859],[170474.813,558960.626],[170475.837,558969.24],[170476.78,558977.073],[170478.748,558989.747],[170481.504,559003.661],[170484.209,559017.401],[170486.587,559027.532],[170487.94,559036.268],[170488.196,559040.646],[170489.671,559062.22],[170490.368,559067.798],[170491.68,559076.698],[170492.336,559084.286],[170493.606,559093.965],[170495.697,559104.547],[170498.72,559115.057],[170503.475,559127.197],[170507.082,559135.851],[170510.361,559144.751],[170512.574,559148.894],[170516.632,559157.999],[170522.658,559170.304],[170525.388,559176.239],[170526.967,559179.212],[170527.221,559180.257],[170527.077,559180.736],[170526.644,559180.947]]]}},{"type":"Feature","properties":{"relatieveHoogteligging":0,"lokaalID":"G1900.1f8d0e92df5047359f5c5d33c5f073fe","bgt_status":"bestaand","class":"waterloop","objecttype":"Waterdeel"},"geometry":{"type":"Polygon","coordinates":[[[170583.266,559046.638],[170581.86,559046.771],[170580.641,559048.16],[170579.513,559047.889],[170576.211,559048.686],[170564.593,559052.296],[170552.202,559055.999],[170539.25,559059.842],[170528.311,559063.194],[170517.677,559066.522],[170509.409,559069.194],[170502.312,559071.303],[170494.582,559073.764],[170493.997,559071.772],[170499.349,559070.822],[170532.346,559060.61],[170562.86,559051.475],[170577.249,559047.31],[170580.06,559046.115],[170581.301,559044.661],[170581.506,559042.505],[170580.276,559032.046],[170578.514,559022.982],[170577.448,559012.565],[170576.095,559002.188],[170574.456,558993.042],[170571.75,558982.296],[170570.07,558974.38],[170568.717,558966.095],[170567.528,558955.103],[170566.586,558947.351],[170565.274,558939.312],[170562.885,558928.836],[170560.519,558920.68],[170560.449,558919.625],[170560.636,558919.25],[170561.128,558919.11],[170561.69,558919.532],[170562.938,558923.006],[170564.454,558929.158],[170566.012,558937.525],[170567.938,558946.302],[170568.799,558955.326],[170569.783,558963.816],[170571.34,558972.634],[170574.456,558986.374],[170575.972,558993.551],[170577.489,559001.631],[170578.391,559009.219],[170578.965,559014.551],[170580.399,559022.836],[170581.26,559027.019],[170582.285,559034.525],[170582.695,559038.667],[170582.982,559044.82],[170583.266,559046.638]]]}},{"type":"Feature","properties":{"relatieveHoogteligging":0,"lokaalID":"W0653.ffae4fda6c6c46a781b1b23fb6acca97","bgt_status":"bestaand","class":"waterloop","objecttype":"Waterdeel"},"geometry":{"type":"Polygon","coordinates":[[[170429.801,558758.265],[170458.18,558781.43],[170461.964,558785.053],[170464.013,558785.258],[170470.377,558790.446],[170483.504,558802.72],[170495.053,558812.123],[170512.484,558826.55],[170525.557,558836.778],[170542.355,558850.599],[170547.602,558851.994],[170551.332,558853.388],[170569.357,558868.718],[170595.396,558889.892],[170617.489,558907.907],[170651.49,558937.048],[170667.989,558951.26],[170688.504,558968.127],[170703.599,558981.016],[170716.756,558992.09],[170724.34,558997.381],[170733.685,559005.337],[170750.45,559018.913],[170758.291,559025.575],[170760.352,559026.302],[170761.734,559025.95],[170763.116,559024.263],[170764.966,559021.708],[170765.692,559021.333],[170766.465,559022.247],[170765.974,559023.396],[170765.482,559024.075],[170762.94,559027.439],[170762.571,559028.915],[170766.845,559033.181],[170782.052,559046.89],[170787.073,559053.134],[170788.852,559054.6],[170786.305,559057.529],[170785.546,559057.293],[170784.818,559057.585],[170781.16,559053.939],[170781.224,559053.412],[170780.897,559052.24],[170778.051,559049.733],[170771.902,559044.524],[170759.154,559033.04],[170746.448,559021.597],[170737.676,559014.132],[170729.068,559006.79],[170721.208,559000.412],[170708.727,558990.795],[170698.541,558982.397],[170687.494,558973.066],[170673.506,558961.582],[170662.111,558951.328],[170655.881,558946.735],[170646.494,558938.983],[170632.229,558926.76],[170618.047,558915.194],[170599.602,558899.896],[170581.074,558884.843],[170570.294,558876.189],[170559.677,558867.617],[170552.283,558860.774],[170549.927,558858.537],[170548.24,558858.135],[170546.982,558857.975],[170545.537,558858.564],[170544.802,558859.906],[170544.761,558862.203],[170545.376,558865.976],[170547.631,558874.63],[170549.098,558879.263],[170545.874,558880.209],[170545.252,558879.906],[170544.268,558879.648],[170542.418,558880.117],[170539.748,558880.867],[170534.478,558882.25],[170526.537,558884.406],[170519.604,558886.351],[170513.561,558887.851],[170505.597,558890.874],[170498.945,558893.616],[170490.771,558896.523],[170484.915,558898.555],[170481.596,558899.586],[170481.034,558898.501],[170492.076,558894.983],[170502.686,558890.506],[170512.945,558886.405],[170522.151,558883.569],[170532.972,558880.452],[170539.179,558878.319],[170541.709,558876.913],[170543.02,558875.46],[170543.518,558873.016],[170542.288,558864.28],[170540.977,558857.185],[170540.321,558855.667],[170536.878,558853.124],[170533.557,558850.581],[170523.698,558841.823],[170520.767,558839.64],[170519.402,558839.331],[170517.247,558839.318],[170514.69,558839.76],[170511.732,558839.921],[170510.729,558839.787],[170510.287,558839.318],[170510.033,558838.823],[170510.247,558838.207],[170511.505,558837.523],[170513.874,558836.867],[170514.864,558836.09],[170514.971,558835.314],[170514.242,558834.209],[170510.506,558830.887],[170499.439,558821.74],[170484.396,558809.887],[170473,558799.264],[170467.672,558794.671],[170462.261,558788.724],[170460.089,558787.124],[170458.49,558786.386],[170456.646,558786.427],[170455.785,558787.247],[170455.826,558788.765],[170456.113,558791.554],[170456.809,558796.393],[170458.531,558808.452],[170459.105,558817.024],[170459.187,558820.059],[170458.203,558820.1],[170455.908,558804.145],[170454.627,558790.405],[170453.889,558784.704],[170451.37,558781.2],[170439.102,558770.349],[170429.275,558762.382],[170427.442,558760.778],[170429.801,558758.265]]]}},{"type":"Feature","properties":{"relatieveHoogteligging":0,"lokaalID":"G1900.ebfc684a69374b7f9368ebe403b32e46","bgt_status":"bestaand","class":"waterloop","objecttype":"Waterdeel"},"geometry":{"type":"Polygon","coordinates":[[[170781.16,559053.939],[170784.818,559057.585],[170783.673,559058.043],[170778.479,559062.332],[170776.648,559063.81],[170775.762,559062.773],[170774.414,559061.196],[170779.515,559057.279],[170780.99,559055.334],[170781.16,559053.939]]]}},{"type":"Feature","properties":{"relatieveHoogteligging":0,"lokaalID":"L0004.d559a84d7520475dbbb83df811601cc5","bgt_status":"bestaand","class":"waterloop","plus_type":"sloot","objecttype":"Waterdeel"},"geometry":{"type":"Polygon","coordinates":[[[170778.466,559007.289],[170778.051,559007.289],[170777.82,559006.399],[170778.466,559004.643],[170779.668,559003.684],[170782.659,559000.229],[170784.311,558998.762],[170785.697,558999.062],[170786.032,559000.298],[170785.514,559001.18],[170784.346,559002.333],[170782.359,559004.296],[170779.668,559006.954],[170778.466,559007.289]]]}},{"type":"Feature","properties":{"relatieveHoogteligging":0,"lokaalID":"W0653.b48b407235fb4b58961a3d49751013a1","bgt_status":"bestaand","class":"waterloop","objecttype":"Waterdeel"},"geometry":{"type":"Polygon","coordinates":[[[171025.744,558865.4],[171024.159,558865.588],[171020.659,558866.268],[171020.48,558866.321],[171014.85,558868.561],[171014.727,558868.62],[171007.39,558872.783],[170999.546,558876.929],[170993.134,558880.076],[170989.828,558881.064],[170982.265,558883.906],[170975.945,558886.706],[170975.844,558886.757],[170970.739,558889.749],[170965.134,558892.78],[170965.009,558892.861],[170957.265,558898.684],[170941.475,558910.688],[170923.274,558923.109],[170907.611,558936.035],[170889.871,558952.895],[170865.041,558977.145],[170845.104,558995.612],[170843.449,558997.31],[170842.716,558997.363],[170842.046,558997.413],[170841.649,558997.442],[170841.237,558997.228],[170841.075,558997.006],[170841.406,558996.668],[170842.112,558995.943],[170842.644,558995.495],[170842.835,558995.28],[170843.286,558994.594],[170844.373,558993.451],[170863.14,558974.969],[170873.295,558965.769],[170876.073,558962.859],[170880.703,558958.096],[170894.991,558944.205],[170902.134,558938.385],[170915.231,558927.14],[170923.83,558920.393],[170939.97,558908.751],[170956.506,558896.845],[170963.518,558891.685],[170968.81,558888.246],[170974.498,558885.468],[170982.833,558882.16],[170987.463,558880.441],[170989.48,558879.432],[170991.67,558878.744],[170991.782,558878.701],[170995.137,558877.184],[170996.443,558876.531],[171000.385,558874.923],[171000.761,558874.766],[171000.91,558874.689],[171001.043,558874.588],[171003.785,558872.135],[171007.698,558870.324],[171012.014,558868.16],[171015.627,558866.109],[171019.301,558864.897],[171022.883,558863.9],[171026.653,558863.622],[171030.579,558863.808],[171045.694,558864.926],[171049.143,558865.333],[171049.335,558865.337],[171051.055,558865.207],[171051.16,558865.194],[171053.73,558864.724],[171053.866,558864.689],[171056.806,558863.709],[171056.927,558863.659],[171060.157,558862.089],[171060.297,558862.007],[171063.297,558859.887],[171063.437,558859.767],[171072.374,558850.568],[171081.67,558840.215],[171094.069,558828.274],[171104.103,558819.371],[171111.327,558812.419],[171111.476,558812.432],[171111.93,558812.927],[171112.094,558813.319],[171112.09,558813.755],[171112.102,558814.136],[171112.124,558814.838],[171110.88,558816.328],[171089.591,558835.348],[171072.438,558853.116],[171064.366,558861.784],[171060.909,558864.162],[171057.848,558865.492],[171057.574,558865.611],[171055.794,558866.325],[171053.138,558866.679],[171053.007,558866.705],[171052.237,558866.915],[171052.046,558866.989],[171051.874,558867.1],[171051.728,558867.244],[171051.615,558867.415],[171051.305,558868.005],[171051.215,558868.248],[171050.956,558869.383],[171050.815,558869.926],[171050.194,558869.884],[171049.962,558869.868],[171048.983,558868.64],[171048.879,558868.528],[171048.759,558868.433],[171047.202,558867.385],[171047.042,558867.298],[171046.869,558867.241],[171044.392,558866.67],[171044.263,558866.649],[171034.259,558865.688],[171030.357,558865.275],[171030.224,558865.269],[171025.744,558865.4]]]}},{"type":"Feature","properties":{"relatieveHoogteligging":0,"lokaalID":"W0653.ea1fd99228b74333a795d62f7f1c1f74","bgt_status":"bestaand","class":"waterloop","objecttype":"Waterdeel"},"geometry":{"type":"Polygon","coordinates":[[[170462.17,558844.409],[170463.91,558845.6],[170463.807,558845.739],[170463.715,558845.89],[170463.637,558846.048],[170463.573,558846.212],[170463.505,558846.468],[170463.478,558846.643],[170463.467,558846.819],[170463.472,558846.995],[170463.485,558847.127],[170465.841,558864.11],[170466.381,558868.91],[170467.419,558879.346],[170467.541,558881.338],[170466.116,558881.502],[170464.288,558863.792],[170462.017,558845.678],[170461.915,558844.637],[170462.17,558844.409]]]}},{"type":"Feature","properties":{"relatieveHoogteligging":0,"lokaalID":"W0653.1f14245053354045a87441593d1cad07","bgt_status":"bestaand","class":"waterloop","objecttype":"Waterdeel"},"geometry":{"type":"Polygon","coordinates":[[[170473.222,558940.227],[170473.151,558941.54],[170472.8,558941.798],[170472.051,558941.68],[170471.535,558940.93],[170471.008,558934.321],[170469.861,558920.294],[170468.754,558907.457],[170466.868,558893.43],[170467.354,558893.049],[170468.455,558893.002],[170468.924,558897.127],[170469.345,558899.447],[170469.978,558900.736],[170471.055,558901.51],[170473.069,558901.345],[170475.88,558900.595],[170476.841,558900.666],[170476.653,558901.369],[170475.482,558901.931],[170471.945,558902.799],[170470.844,558903.783],[170470.212,558904.838],[170470.429,558906.338],[170471.904,558919.093],[170472.613,558932.517],[170473.222,558940.227]]]}},{"type":"Feature","properties":{"relatieveHoogteligging":0,"lokaalID":"W0653.8698b20dfc3443b2aaea4eae89021e79","bgt_status":"bestaand","class":"waterloop","objecttype":"Waterdeel"},"geometry":{"type":"Polygon","coordinates":[[[170453.199,558902.259],[170452.856,558898.988],[170452.962,558898.874],[170453.061,558898.753],[170453.247,558898.48],[170453.363,558898.266],[170453.427,558898.124],[170453.511,558897.895],[170453.593,558897.575],[170453.628,558897.335],[170453.643,558897.092],[170453.637,558896.849],[170453.621,558896.693],[170453.567,558896.3],[170454.546,558896.103],[170455.706,558904.374],[170455.758,558904.58],[170456.361,558906.22],[170456.339,558908.104],[170456.133,558912.886],[170455.12,558913.225],[170455.34,558908.091],[170455.356,558906.569],[170455.341,558906.388],[170455.294,558906.213],[170454.757,558904.756],[170454.698,558904.356],[170454.663,558904.164],[170454.601,558903.927],[170454.519,558903.697],[170454.376,558903.397],[170454.248,558903.188],[170454.102,558902.991],[170454,558902.871],[170453.827,558902.697],[170453.571,558902.487],[170453.44,558902.398],[170453.199,558902.259]]]}},{"type":"Feature","properties":{"relatieveHoogteligging":0,"lokaalID":"G1900.0792e9c5b8284047af0dfdc5e459d7bc","bgt_status":"bestaand","class":"waterloop","objecttype":"Waterdeel"},"geometry":{"type":"Polygon","coordinates":[[[170453.692,558961.107],[170453.512,558961.145],[170449.092,558962.525],[170448.984,558962.566],[170411.405,558979.275],[170410.547,558977.872],[170410.334,558977.093],[170410.757,558976.67],[170411.128,558976.299],[170414.356,558974.818],[170421.817,558971.167],[170429.896,558967.622],[170438.178,558963.234],[170446.559,558958.776],[170449.24,558957.472],[170450.838,558957.047],[170453.517,558956.785],[170453.622,558956.769],[170454.541,558956.58],[170455.129,558956.46],[170455.676,558956.317],[170455.836,558956.259],[170456.141,558956.12],[170455.59,558961.404],[170455.144,558961.189],[170454.976,558961.126],[170454.799,558961.094],[170454.619,558961.094],[170454.257,558961.127],[170453.875,558961.102],[170453.692,558961.107]]]}},{"type":"Feature","properties":{"relatieveHoogteligging":0,"lokaalID":"G1900.4f43f38e93d24cecbd8bb77da66bfa25","bgt_status":"bestaand","class":"waterloop","objecttype":"Waterdeel"},"geometry":{"type":"Polygon","coordinates":[[[170337.108,558943.575],[170337.129,558943.768],[170337.677,558946.422],[170337.528,558946.669],[170337.344,558946.973],[170335.595,558947.919],[170334.903,558948.117],[170334.249,558947.493],[170331.546,558941.318],[170332.024,558940.227],[170332.986,558939.703],[170350.651,558930.082],[170390.887,558909.201],[170413.541,558897.573],[170421.373,558893.577],[170440.651,558883.39],[170441.802,558883.055],[170443.968,558887.238],[170439.005,558890.356],[170421.91,558899.473],[170391.386,558914.04],[170353.817,558932.491],[170337.942,558941.042],[170337.793,558941.14],[170337.664,558941.263],[170337.559,558941.406],[170337.481,558941.566],[170337.433,558941.738],[170337.125,558943.382],[170337.108,558943.575]]]}},{"type":"Feature","properties":{"relatieveHoogteligging":0,"lokaalID":"G1900.7538b2e7af3940c38f8a6cfae992346e","bgt_status":"bestaand","class":"waterloop","objecttype":"Waterdeel"},"geometry":{"type":"Polygon","coordinates":[[[170453.199,558902.259],[170453.007,558902.17],[170452.694,558902.06],[170452.456,558902.003],[170452.213,558901.967],[170452.056,558901.955],[170451.724,558901.959],[170451.567,558901.975],[170451.326,558902.017],[170451.089,558902.079],[170450.779,558902.197],[170450.637,558902.265],[170443.655,558906.021],[170439.66,558907.983],[170434.724,558910.698],[170429.035,558913.557],[170394.346,558931.214],[170393.575,558929.7],[170428.262,558912.043],[170434.012,558909.152],[170438.781,558906.525],[170442.961,558904.469],[170452.173,558899.507],[170452.418,558899.358],[170452.545,558899.267],[170452.732,558899.111],[170452.856,558898.988],[170453.199,558902.259]]]}},{"type":"Feature","properties":{"relatieveHoogteligging":0,"lokaalID":"G1900.e93b517b29a3416e8f540ef7afa37f8b","bgt_status":"bestaand","class":"waterloop","objecttype":"Waterdeel"},"geometry":{"type":"Polygon","coordinates":[[[170462.17,558844.409],[170462.495,558844.359],[170467.235,558843.622],[170473.377,558843.127],[170504.795,558839.133],[170504.898,558839.151],[170505.049,558839.238],[170505.133,558839.349],[170505.169,558839.448],[170505.177,558839.553],[170505.158,558839.656],[170505.069,558839.805],[170504.987,558839.872],[170504.891,558839.914],[170479.463,558843.165],[170465.229,558844.869],[170465.014,558844.907],[170464.844,558844.955],[170464.678,558845.017],[170464.519,558845.094],[170464.295,558845.234],[170464.157,558845.343],[170464.029,558845.465],[170463.91,558845.6],[170462.17,558844.409]]]}},{"type":"Feature","properties":{"relatieveHoogteligging":0,"lokaalID":"W0653.3552d40dffca46908b86532a2b1d5fb1","bgt_status":"bestaand","class":"waterloop","objecttype":"Waterdeel"},"geometry":{"type":"Polygon","coordinates":[[[170728.428,558770.908],[170729.51,558773.062],[170724.696,558775.617],[170721.99,558776.426],[170720.073,558778.191],[170714.698,558784.315],[170708.842,558791.4],[170708.768,558791.489],[170708.443,558791.883],[170708.321,558792.031],[170706.546,558794.179],[170704.054,558797.063],[170703.775,558797.078],[170703.322,558797.067],[170702.938,558797.008],[170702.566,558796.52],[170702.496,558795.985],[170703.089,558794.927],[170706.355,558790.776],[170711.902,558784.597],[170716.703,558778.833],[170718.133,558777.321],[170720.434,558775.565],[170725.085,558772.712],[170728.428,558770.908]]]}},{"type":"Feature","properties":{"relatieveHoogteligging":0,"lokaalID":"W0653.1ccba93ddf3b40fca31254409c3f0025","bgt_status":"bestaand","class":"waterloop","objecttype":"Waterdeel"},"geometry":{"type":"Polygon","coordinates":[[[170661.66,558847.647],[170662.921,558844.147],[170663.831,558842.076],[170665.148,558839.548],[170670.924,558832.48],[170680.392,558821.264],[170688.314,558812.307],[170689.127,558812.205],[170689.819,558812.775],[170689.778,558813.772],[170689.29,558814.728],[170688.688,558815.411],[170674.49,558832.401],[170666.053,558842.316],[170665.057,558843.882],[170664.787,558844.772],[170664.746,558846.095],[170665.377,558849.208],[170666.353,558851.955],[170668.231,558856.779],[170669.05,558858.488],[170670.189,558859.877],[170674.888,558865.182],[170677.166,558867.532],[170682.576,558871.948],[170691.903,558879.39],[170698.132,558884.375],[170702.653,558888.541],[170708.491,558894.879],[170716.785,558903.781],[170722.48,558910.333],[170726.289,558914.356],[170731.735,558919.27],[170740.492,558927.211],[170749.818,558934.688],[170759.5,558942.308],[170770.5,558951.281],[170776.728,558956.346],[170778.904,558958.157],[170780.104,558959.073],[170780.959,558959.663],[170781.955,558960.009],[170782.728,558959.948],[170783.379,558959.622],[170784.05,558959.053],[170784.701,558958.198],[170797.098,558940.333],[170813.48,558916.386],[170814.406,558915.781],[170816.043,558916.671],[170818.036,558918.416],[170819.247,558920.445],[170818.428,558922.76],[170813.231,558929.24],[170802.774,558944.293],[170789.381,558961.43],[170787.076,558964.483],[170785.893,558965.444],[170784.647,558965.48],[170783.401,558965.017],[170777.065,558959.961],[170769.394,558953.311],[170764.909,558950.133],[170753.633,558941.035],[170742.483,558932.124],[170729.713,558920.908],[170726.473,558917.917],[170720.244,558911.873],[170704.421,558895.671],[170699.9,558890.659],[170694.988,558886.493],[170686.979,558880.502],[170681.141,558875.944],[170676.834,558872.348],[170672.242,558868.111],[170669.11,558864.657],[170666.989,558862.017],[170664.192,558854.905],[170661.538,558848.684],[170661.66,558847.647]]]}},{"type":"Feature","properties":{"relatieveHoogteligging":0,"lokaalID":"G1900.ab5b2e82dd474c8cb8312187aebf3852","bgt_status":"bestaand","class":"waterloop","objecttype":"Waterdeel"},"geometry":{"type":"Polygon","coordinates":[[[170545.874,558880.209],[170549.098,558879.263],[170551.607,558887.18],[170554.763,558898.131],[170557,558906.323],[170558.475,558911.01],[170559.061,558913.002],[170558.991,558913.916],[170558.452,558914.361],[170557.913,558914.432],[170557.38,558913.916],[170555.7,558908.461],[170553.445,558899.602],[170550.166,558890.456],[170547.852,558884.781],[170547.032,558881.804],[170546.119,558880.328],[170545.874,558880.209]]]}},{"type":"Feature","properties":{"relatieveHoogteligging":0,"lokaalID":"G1900.b159012a17c349cea9a276b62ea9c555","bgt_status":"bestaand","class":"waterloop","objecttype":"Waterdeel"},"geometry":{"type":"Polygon","coordinates":[[[170699.069,559384.958],[170697.471,559384.242],[170696.33,559384.329],[170685.36,559385.251],[170676.321,559385.777],[170666.888,559385.865],[170658.024,559385.909],[170649.248,559386.172],[170644.641,559386.699],[170637.84,559388.191],[170633.671,559389.858],[170630.017,559392.031],[170629.803,559392.158],[170629.011,559391.006],[170628.701,559390.554],[170629.141,559390.203],[170632.048,559388.542],[170633.627,559387.752],[170635.909,559386.83],[170639.507,559385.909],[170644.904,559385.031],[170651.705,559384.154],[170659.604,559383.891],[170664.035,559383.803],[170671.58,559384.197],[170675.707,559384.022],[170679.612,559383.935],[170685.317,559383.978],[170688.739,559383.452],[170696.718,559382.604],[170697.71,559381.767],[170697.192,559380.758],[170697.658,559380.852],[170697.802,559381.267],[170698.125,559382.209],[170699.069,559384.958]]]}},{"type":"Feature","properties":{"relatieveHoogteligging":0,"lokaalID":"W0653.4f8ce3c22c3444cd9f0fbd252c8605f3","bgt_status":"bestaand","class":"waterloop","objecttype":"Waterdeel"},"geometry":{"type":"Polygon","coordinates":[[[169941.042,559223.582],[169943.075,559226.175],[169944.371,559227.353],[169945.815,559228.326],[169948.598,559229.118],[169949.132,559229.052],[169959.93,559227.516],[169971.444,559225.65],[169974.899,559224.51],[169982.925,559222.135],[169983.094,559222.066],[169990.752,559217.615],[169993.734,559216.507],[169995.868,559214.775],[169998.12,559214.72],[169999.212,559216.118],[170003.345,559221.407],[170004.008,559222.156],[170002.097,559223.846],[170000,559225.702],[169998.337,559224.161],[169996.565,559222.761],[169995.525,559222.342],[169994.495,559222.226],[169993.227,559222.416],[169989.675,559224.105],[169985.416,559226.422],[169983.034,559227.41],[169979.605,559228.771],[169976.677,559229.934],[169975.016,559230.525],[169971.775,559231.39],[169966.789,559232.378],[169961.369,559233.452],[169954.568,559234.777],[169952.406,559235.113],[169951.427,559235.228],[169949.895,559235.228],[169948.414,559235.228],[169946.588,559234.856],[169945.084,559234.433],[169943.214,559233.616],[169941.439,559232.555],[169940.349,559231.554],[169939.276,559230.303],[169937.653,559228.41],[169935.968,559226.878],[169934.237,559225.246],[169932.556,559224.241],[169932.419,559224.16],[169931.951,559223.88],[169931.326,559223.284],[169931.086,559222.685],[169930.965,559222.206],[169930.775,559221.453],[169930.745,559221.336],[169930.417,559220.038],[169930.134,559219.334],[169929.41,559218.155],[169928.07,559216.144],[169925.814,559213.217],[169924.372,559211.384],[169921.65,559208.512],[169919.658,559206.411],[169916.56,559203.292],[169913.399,559199.922],[169911.637,559198.043],[169909.999,559196.296],[169909.304,559195.5],[169908.088,559193.924],[169905.797,559190.431],[169904.447,559188.374],[169902.915,559185.473],[169901.599,559182.676],[169898.643,559176.056],[169897.068,559172.901],[169896.65,559172.376],[169896.574,559172.28],[169895.254,559170.622],[169892.481,559168.14],[169888.614,559164.108],[169884.349,559159.274],[169882.345,559156.695],[169881.364,559155.866],[169880.347,559155.497],[169879.225,559155.361],[169878.151,559155.487],[169876.629,559156.052],[169870.739,559158.403],[169864.071,559161.215],[169856.273,559164.394],[169856.187,559164.182],[169855.202,559161.767],[169854.598,559160.285],[169855.353,559159.536],[169874.742,559151.462],[169877.781,559150.776],[169878.486,559150.618],[169879.202,559150.522],[169879.924,559150.491],[169880.646,559150.524],[169881.363,559150.62],[169882.068,559150.78],[169882.755,559151.002],[169883.421,559151.284],[169884.059,559151.623],[169884.595,559151.973],[169890.713,559158.181],[169901.91,559169.437],[169904.68,559174.093],[169908.628,559182.918],[169910.514,559186.041],[169914.787,559191.935],[169916.761,559194.734],[169921.063,559199.39],[169927.605,559206.491],[169930.257,559209.703],[169932.82,559212.856],[169936.298,559217.276],[169938.449,559220.37],[169941.042,559223.582]]]}},{"type":"Feature","properties":{"relatieveHoogteligging":0,"lokaalID":"L0002.ef688aa85d6348438d0fee2a9bb50a31","bgt_status":"bestaand","class":"waterloop","objecttype":"Waterdeel"},"geometry":{"type":"Polygon","coordinates":[[[170814.173,560564.448],[170805.882,560575.478],[170799.024,560582.982],[170796.48,560585.466],[170791.677,560590.099],[170786.979,560594.133],[170779.14,560600.551],[170771.319,560606.432],[170758.726,560615.098],[170752.029,560619.925],[170745.971,560623.305],[170741.036,560625.754],[170735.238,560629.19],[170731.09,560631.378],[170723.667,560634.386],[170715.776,560637.565],[170707.167,560640.919],[170697.864,560644.078],[170691.103,560645.903],[170685.061,560647.185],[170677.559,560648.548],[170671.216,560649.456],[170666.509,560649.732],[170657.6,560650.122],[170649.665,560650.034],[170645.181,560649.698],[170636.571,560648.642],[170630.985,560647.819],[170624.812,560646.535],[170616.07,560644.557],[170611.586,560643.187],[170605.369,560641.609],[170595.243,560638.029],[170587.495,560634.872],[170586.372,560634.428],[170584.727,560633.368],[170585.173,560632.121],[170586.958,560627.429],[170588.424,560628.164],[170600.23,560633.252],[170612.275,560637.185],[170623.678,560639.941],[170627.189,560640.413],[170629.15,560640.446],[170631.809,560640.073],[170634.095,560639.328],[170658.061,560629.546],[170681.662,560619.941],[170714.739,560606.28],[170723.704,560602.232],[170725.867,560601.547],[170732.249,560599.089],[170745.12,560593.717],[170748.627,560592.021],[170750.723,560591.196],[170752.898,560590.491],[170760.374,560587.665],[170773.41,560582.38],[170782.159,560578.225],[170787.408,560575.565],[170791.53,560572.902],[170795.898,560569.695],[170798.029,560568.095],[170800.979,560565.973],[170804.111,560563.311],[170807.197,560560.088],[170812.559,560554.404],[170815.326,560550.93],[170817.028,560548.893],[170820.99,560543.281],[170824.329,560537.366],[170827.12,560531.908],[170832.119,560521.13],[170837.17,560510.449],[170844.757,560494.197],[170850.389,560482.155],[170877.213,560424.906],[170886.137,560407.998],[170893.688,560394.219],[170901.809,560380.168],[170909.529,560367.512],[170914.474,560359.792],[170921.368,560349.165],[170931.385,560334.501],[170941.982,560319.612],[170947.802,560312.264],[170949.907,560309.832],[170953.012,560305.809],[170957.645,560300.166],[170964.217,560291.743],[170968.292,560287.204],[170973.719,560280.951],[170980.139,560273.699],[170983.164,560270.23],[170986.933,560265.98],[170990.085,560262.656],[170995.547,560256.451],[170999.719,560251.941],[171002.298,560248.901],[171006.155,560244.596],[171011.73,560238.835],[171020.545,560230.087],[171048.496,560202.569],[171053.389,560198.106],[171055.974,560196.846],[171058.246,560196.434],[171060.131,560196.184],[171061.96,560195.992],[171068.847,560190.456],[171075.014,560185.485],[171078.854,560181.889],[171088.509,560174.591],[171096.596,560168.033],[171103.872,560162.639],[171116.521,560153.261],[171141.785,560135.422],[171146.753,560131.72],[171148.497,560130.216],[171149.29,560129.781],[171158.024,560124.986],[171174.199,560115.172],[171194.264,560103.488],[171205.524,560097.474],[171217.907,560090.859],[171218.798,560090.232],[171219.105,560089.897],[171219.154,560089.64],[171219.068,560089.325],[171218.86,560089.056],[171216.516,560086.561],[171216.295,560086.195],[171216.216,560085.927],[171216.229,560085.594],[171216.686,560085.248],[171218.484,560084.339],[171218.91,560084.391],[171219.205,560084.49],[171220.115,560085.315],[171222.005,560086.827],[171222.432,560087.096],[171222.926,560087.167],[171223.503,560087.175],[171224.311,560087.057],[171230.537,560084.14],[171258.187,560071.525],[171275.114,560064.333],[171286.566,560059.468],[171310.329,560050.835],[171325.464,560045.707],[171341.04,560040.429],[171343.693,560039.53],[171354.359,560035.917],[171375.818,560030.276],[171403.76,560023.789],[171425.069,560019.123],[171447.628,560015.257],[171474.372,560010.673],[171493.822,560007.888],[171512.638,560004.221],[171535.33,560002.124],[171538.38,560001.759],[171538.968,559999.656],[171539.839,559996.538],[171538.262,559995.057],[171534.135,559991.182],[171534.117,559991.165],[171535.761,559989.414],[171535.792,559989.443],[171539.769,559993.178],[171542.359,559996.694],[171541.742,560000.026],[171539.153,560002.679],[171535.515,560004.221],[171511.158,560007.306],[171475.887,560013.538],[171435.41,560019.767],[171390.203,560029.198],[171369.026,560034.442],[171356.276,560037.843],[171343.089,560042.223],[171325.424,560048.091],[171301.589,560056.008],[171281.399,560063.941],[171240.883,560082.025],[171209.602,560098.049],[171177.219,560116.331],[171161.222,560125.709],[171148.924,560133.289],[171132.228,560145.031],[171116.396,560156.784],[171102.226,560167.303],[171068.88,560194.448],[171043.962,560216.936],[171022.477,560238.249],[170999.431,560262.855],[170977.787,560286.486],[170960.68,560306.604],[170945.291,560326.074],[170919.692,560364.37],[170908.029,560383.153],[170895.717,560404.223],[170885.076,560424.601],[170879.227,560437.963],[170867.582,560461.951],[170867.121,560462.899],[170850.984,560497.896],[170836.644,560527.623],[170823.052,560551.509],[170814.173,560564.448]]]}},{"type":"Feature","properties":{"relatieveHoogteligging":0,"lokaalID":"G1900.2f37ce33aad04a91920c26a891543641","bgt_status":"bestaand","class":"waterloop","objecttype":"Waterdeel"},"geometry":{"type":"Polygon","coordinates":[[[171519.41,557962.94],[171535.749,557966.106],[171535.611,557966.952],[171532.082,557988.487],[171530.196,558000],[171528.02,558013.28],[171525.357,558029.337],[171522.054,558049.249],[171521.8,558050.78],[171521.18,558055.922],[171519.572,558065.284],[171515.097,558068.118],[171509.196,558066.88],[171491.958,558062.996],[171471.9,558058.73],[171470.3,558065.79],[171468.73,558073.08],[171466.36,558074.72],[171457.52,558072.8],[171456.03,558070.6],[171458.35,558060.06],[171460.81,558049.12],[171469.13,558046.33],[171476.13,558043.99],[171487.75,558046.52],[171500.61,558049.22],[171509.84,558007.2],[171511.397,558000],[171519.41,557962.94]]]}},{"type":"Feature","properties":{"relatieveHoogteligging":0,"lokaalID":"W0653.f7d4865c75f7477996259d94249e0067","bgt_status":"bestaand","class":"waterloop","objecttype":"Waterdeel"},"geometry":{"type":"Polygon","coordinates":[[[171312.233,558098.275],[171311.937,558099.037],[171310.731,558099.334],[171309.441,558099.376],[171307.452,558099.312],[171302.882,558098.529],[171295.943,558097.344],[171285.872,558095.545],[171274.49,558093.366],[171265.139,558091.715],[171258.009,558090.382],[171253.418,558089.408],[171251.034,558088.736],[171250.23,558088.334],[171250.568,558086.345],[171252.282,558086.662],[171254.038,558086.62],[171255.202,558085.731],[171255.519,558084.715],[171256.434,558080.154],[171257.1,558076.747],[171261.284,558077.673],[171273.058,558079.488],[171288.46,558081.784],[171298.16,558083.144],[171303.957,558083.906],[171307.046,558084.773],[171307.85,558085.112],[171308.4,558085.556],[171308.76,558086.318],[171308.506,558086.911],[171307.914,558087.313],[171307.11,558087.567],[171305.861,558087.546],[171299.133,558086.107],[171288.936,558084.604],[171279.426,558082.927],[171274.391,558082.038],[171269.525,558081.255],[171265.061,558080.895],[171262.585,558080.027],[171260.47,558079.52],[171259.052,558079.562],[171258.534,558080.403],[171258.126,558082.107],[171257.904,558084.625],[171258.386,558085.773],[171259.496,558086.144],[171268.817,558088.042],[171298.228,558093.344],[171309.504,558095.842],[171311.324,558096.371],[171312.001,558097.344],[171312.233,558098.275]]]}},{"type":"Feature","properties":{"relatieveHoogteligging":0,"lokaalID":"W0653.01a6e196d4694dbbbc948eaf970cf759","bgt_status":"bestaand","class":"waterloop","objecttype":"Waterdeel"},"geometry":{"type":"Polygon","coordinates":[[[171413.129,558376.77],[171412.965,558377.473],[171412.122,558377.989],[171409.007,558377.45],[171396.71,558375.106],[171385.935,558373.255],[171366.939,558370.184],[171352.488,558367.864],[171341.737,558366.059],[171338.457,558365.731],[171337.029,558365.802],[171335.928,558366.528],[171335.436,558367.489],[171335.272,558368.661],[171335.576,558371.45],[171336.513,558379.044],[171334.616,558379.372],[171333.826,558373.876],[171333.193,558368.696],[171333.099,558366.751],[171333.521,558365.579],[171334.247,558364.642],[171334.95,558363.938],[171335.957,558363.493],[171337.175,558363.423],[171340.337,558363.915],[171346.796,558364.841],[171381.514,558370.501],[171401.863,558374.215],[171411.49,558375.622],[171412.684,558375.973],[171413.129,558376.77]]]}},{"type":"Feature","properties":{"relatieveHoogteligging":0,"lokaalID":"W0653.4d8d88bbdc6041699d25f877af883c73","bgt_status":"bestaand","class":"waterloop","objecttype":"Waterdeel"},"geometry":{"type":"Polygon","coordinates":[[[171424.892,558117.173],[171424.521,558119.284],[171424.225,558120.284],[171423.559,558120.506],[171419.819,558120.099],[171413.007,558119.117],[171398.558,558116.201],[171378.343,558112.506],[171368.284,558110.51],[171359.055,558108.936],[171348.588,558107.128],[171342.77,558106.007],[171335.535,558104.991],[171330.288,558104.144],[171327.728,558103.383],[171325.803,558102.663],[171325.231,558101.838],[171325.337,558100.293],[171325.866,558098.494],[171326.987,558098.367],[171329.22,558098.626],[171332.367,558099.33],[171338.994,558100.589],[171354.692,558103.404],[171366.91,558105.515],[171381.239,558107.663],[171399.238,558111.229],[171400.082,558111.396],[171400.306,558111.44],[171402.488,558111.938],[171423.569,558116.744],[171424.892,558117.173]]]}},{"type":"Feature","properties":{"relatieveHoogteligging":0,"lokaalID":"W0653.2c937df2cd5948fbb5efcd4e344011a1","bgt_status":"bestaand","class":"waterloop","objecttype":"Waterdeel"},"geometry":{"type":"Polygon","coordinates":[[[171467.383,558193.899],[171468.568,558194.243],[171468.413,558195.213],[171460.437,558203.38],[171452.838,558210.458],[171441.618,558220.258],[171435.631,558226.289],[171426.086,558235.105],[171414.776,558245.339],[171410.876,558248.677],[171402.4,558256.303],[171398.178,558259.904],[171397.436,558260.251],[171396.814,558259.474],[171397.58,558258.54],[171405.602,558251.553],[171419.229,558239.721],[171445.605,558215.074],[171454.345,558206.667],[171464.979,558196.846],[171467.302,558194.354],[171467.383,558193.899]]]}},{"type":"Feature","properties":{"relatieveHoogteligging":0,"lokaalID":"W0653.15882ca7e2b04363b6eaf6a2c5e8ed24","bgt_status":"bestaand","class":"waterloop","objecttype":"Waterdeel"},"geometry":{"type":"Polygon","coordinates":[[[171343.173,558291.487],[171348.771,558291.44],[171354.463,558291.206],[171359.522,558290.315],[171366.549,558289.307],[171374.747,558286.706],[171382.36,558284.175],[171384.362,558283.359],[171392.475,558279.56],[171396.279,558277.622],[171399.472,558275.897],[171404.386,558272.826],[171412.588,558266.414],[171416.438,558263.348],[171420.137,558260.403],[171429.791,558251.738],[171437.028,558244.754],[171442.041,558240.207],[171449.63,558233.059],[171459.256,558224.434],[171470.64,558214.004],[171475.306,558209.724],[171481.602,558203.95],[171492.517,558193.52],[171501.933,558185.341],[171508.04,558180.536],[171512.748,558177.091],[171521.18,558172.451],[171530.011,558168.63],[171533.641,558167.787],[171536.194,558167.88],[171537.389,558168.255],[171537.459,558169.216],[171538.099,558169.594],[171537.722,558170.739],[171536.587,558170.587],[171532.98,558170.916],[171529.167,558172.064],[171523.675,558174.484],[171514.534,558179.108],[171508.222,558183.199],[171501.12,558188.941],[171487.132,558202.076],[171476.907,558211.435],[171468.636,558219.005],[171459.7,558227.126],[171454.453,558232.294],[171440.107,558245.86],[171425.258,558259.353],[171418.393,558265.665],[171417.296,558266.674],[171410.338,558271.842],[171404.405,558276.159],[171399.281,558279.44],[171392.313,558282.762],[171385.878,558285.346],[171379.483,558287.889],[171372.269,558290.104],[171362.554,558292.319],[171354.192,558293.344],[171347.265,558293.795],[171342.958,558293.564],[171343.173,558291.487]]]}},{"type":"Feature","properties":{"relatieveHoogteligging":0,"lokaalID":"G1900.9838a5c84fad4ea689f18c919ab70d50","bgt_status":"bestaand","class":"waterloop","objecttype":"Waterdeel"},"geometry":{"type":"Polygon","coordinates":[[[171467.383,558193.899],[171468.14,558189.621],[171469.898,558178.229],[171472.907,558160.562],[171473.505,558156.266],[171473.653,558155.921],[171473.921,558155.803],[171474.269,558155.892],[171474.553,558156.233],[171474.599,558156.606],[171472.003,558173.107],[171470.745,558181.114],[171469.597,558187.839],[171468.568,558194.243],[171467.383,558193.899]]]}},{"type":"Feature","properties":{"relatieveHoogteligging":0,"lokaalID":"W0653.bb8029a24df548c9bac4f7fd5520beec","bgt_status":"bestaand","class":"waterloop","objecttype":"Waterdeel"},"geometry":{"type":"Polygon","coordinates":[[[171515.27,558090.732],[171514.011,558098.25],[171512.827,558104.63],[171512.567,558106.027],[171511.012,558112.805],[171510.356,558115.371],[171508.093,558120.281],[171505.046,558125.106],[171502.015,558128.915],[171499.831,558131.322],[171497.906,558132.989],[171496.351,558133.508],[171494.162,558133.666],[171491.08,558133.411],[171478.158,558131.226],[171461.979,558128.263],[171442.991,558124.664],[171443.597,558121.371],[171454.898,558123.481],[171466.903,558125.444],[171485.941,558128.545],[171493.262,558129.709],[171494.997,558129.963],[171496.52,558129.942],[171497.853,558129.582],[171499.313,558128.863],[171501.809,558126.196],[171504.961,558121.837],[171508.516,558114.662],[171510.906,558106.472],[171511.626,558101.605],[171512.535,558095.891],[171513.297,558090.536],[171515.27,558090.732]]]}},{"type":"Feature","properties":{"relatieveHoogteligging":0,"lokaalID":"G1900.f69d96ec5b084658b854918fed01ab6c","bgt_status":"bestaand","class":"waterloop","objecttype":"Waterdeel"},"geometry":{"type":"Polygon","coordinates":[[[171466.872,558458.858],[171467.862,558453.669],[171469.337,558445.713],[171471.469,558432.424],[171473.132,558422.076],[171473.921,558418.318],[171478.055,558392.895],[171481.006,558376.571],[171481.375,558374.643],[171480.602,558373.471],[171475.613,558372.182],[171468.165,558370.542],[171462.497,558369.323],[171458.96,558368.713],[171457.508,558367.073],[171456.149,558366.979],[171455.751,558365.233],[171455.341,558357.194],[171455.505,558346.53],[171456.215,558346.13],[171458.885,558346.341],[171459.026,558347.232],[171459.237,558350.747],[171459.213,558355.411],[171459.494,558360.005],[171459.377,558364.337],[171459.605,558365.141],[171460.267,558365.951],[171462.282,558366.748],[171466.919,558367.92],[171471.721,558369.068],[171479.357,558370.521],[171483.315,558371.623],[171484.088,558372.162],[171484.041,558373.38],[171483.503,558376.076],[171480.996,558386.81],[171479.942,558393.372],[171477.764,558403.989],[171476.874,558410.012],[171475.82,558417.512],[171474.204,558426.325],[171472.986,558434.574],[171471.37,558445.59],[171470.339,558450.99],[171469.415,558455.637],[171469.188,558457.593],[171469.081,558458.852],[171469.244,558459.238],[171466.872,558458.858]]]}},{"type":"Feature","properties":{"relatieveHoogteligging":0,"lokaalID":"G1900.7db37f962557495d8ea711b2177a6acd","bgt_status":"bestaand","class":"waterloop","objecttype":"Waterdeel"},"geometry":{"type":"Polygon","coordinates":[[[171123.257,558459.318],[171123.501,558458.85],[171123.868,558458.145],[171125.59,558455.635],[171129.448,558451.114],[171131.619,558449.153],[171134.842,558447.174],[171138.213,558445.561],[171141.107,558444.828],[171143.928,558445.085],[171148.177,558446.074],[171156.017,558448.969],[171160.569,558450.49],[171167.053,558452.286],[171172.036,558453.349],[171190.985,558457.38],[171207.653,558460.715],[171211.39,558461.475],[171215.969,558461.402],[171217.775,558459.951],[171219.342,558458.527],[171219.545,558457.917],[171219.585,558457.208],[171219.53,558454.6],[171219.48,558453.92],[171219.415,558453.174],[171219.373,558452.824],[171219.176,558451.155],[171218.862,558450.129],[171218.443,558449.123],[171213.59,558441.16],[171213.14,558439.86],[171211.97,558435.79],[171211.45,558433.01],[171211.23,558431.58],[171211.22,558429.33],[171211.882,558426.304],[171216.242,558408.798],[171217.762,558401.62],[171218.727,558399.552],[171220.57,558397.73],[171225.235,558395.636],[171228.145,558394.694],[171232.08,558394.463],[171236.749,558394.819],[171239.889,558395.385],[171246.86,558396.83],[171251.8,558398.023],[171260.509,558400.306],[171267.48,558402.296],[171274.765,558404.641],[171281.108,558406.4],[171287.765,558408.253],[171298.462,558411.436],[171305.998,558413.907],[171309.452,558415.08],[171312.069,558415.373],[171314.309,558415.415],[171316.235,558414.661],[171318.391,558413.551],[171319.396,558411.73],[171320.17,558409.154],[171318.039,558398.249],[171316.49,558389.2],[171316.37,558387.84],[171315.385,558384.367],[171312.21,558372.174],[171310.694,558364.839],[171310.133,558354.965],[171312.327,558348.726],[171314.232,558348.6],[171314.808,558348.711],[171317.497,558349.229],[171319.067,558351.009],[171319.804,558354.05],[171320.317,558364.494],[171320.793,558369.918],[171322.442,558376.111],[171324.164,558383.038],[171325.849,558390.037],[171326.508,558393.555],[171326.508,558398.393],[171326.655,558410.23],[171326.728,558416.02],[171326.24,558417.61],[171325.602,558418.076],[171324.2,558419.1],[171321.24,558420.51],[171317.68,558422.08],[171315.41,558422.52],[171314.4,558422.65],[171312.95,558422.62],[171311.53,558422.57],[171309.6,558422.62],[171308.34,558422.87],[171307.71,558422.99],[171307.33,558422.98],[171307.16,558422.97],[171306.34,558422.84],[171305.2,558422.47],[171303.1,558421.16],[171301.19,558419.94],[171298.71,558418.77],[171296.24,558417.92],[171286.49,558415.72],[171283.07,558414.84],[171276.32,558412.82],[171272.28,558411.74],[171268.92,558410.69],[171265.45,558409.28],[171256.14,558406.66],[171252.81,558405.96],[171249.19,558405.17],[171248.35,558404.91],[171246.27,558404.15],[171241.33,558403.14],[171236.93,558402.39],[171234.44,558402.07],[171232.92,558402.01],[171231.29,558402.1],[171229.37,558402.45],[171227.55,558403.13],[171226.22,558403.91],[171225.24,558404.59],[171224.438,558406.391],[171223.928,558409.139],[171220.43,558423.45],[171219.8,558426.23],[171219.6,558428.15],[171219.54,558429.55],[171219.51,558430.97],[171219.55,558432.07],[171219.76,558433.14],[171219.99,558434.27],[171220.75,558435.93],[171227.6,558448.28],[171227.88,558448.84],[171228.3,558449.76],[171228.57,558450.47],[171228.73,558450.97],[171229.04,558451.89],[171229.24,558452.65],[171229.25,558453],[171229.34,558453.75],[171229.3,558454.77],[171227.69,558462.85],[171227.48,558463.71],[171227.1,558464.47],[171226.18,558465.72],[171224.412,558467.288],[171224.24,558467.44],[171222.05,558468.93],[171219.23,558470.1],[171217.377,558470.778],[171216.235,558471.196],[171213.98,558471.107],[171210.9,558470.447],[171204.94,558469.34],[171199.237,558468.282],[171179.81,558466.325],[171179.46,558466.29],[171178.99,558466.27],[171170.721,558464.541],[171167.361,558462.621],[171164.553,558461.502],[171159.294,558460.107],[171154.83,558458.723],[171149.574,558456.673],[171145.757,558455.628],[171144.165,558455.232],[171142.468,558455.151],[171139.55,558455.433],[171137.559,558455.936],[171134.659,558457.197],[171132.871,558458.366],[171130.713,558460.442],[171131.101,558460.806],[171129.547,558463.536],[171128.857,558462.881],[171126.943,558468.107],[171125.232,558472.75],[171123.366,558477.106],[171120.878,558483.065],[171119.957,558485.123],[171117.728,558488.646],[171115.952,558491.983],[171113.094,558498.396],[171112.264,558499.837],[171107.904,558495.194],[171106.83,558494.05],[171106.31,558493.65],[171103.484,558491.191],[171103.966,558491.385],[171104.82,558491.357],[171106.698,558490.915],[171107.691,558490.807],[171108.229,558489.814],[171108.505,558488.497],[171108.923,558486.942],[171109.366,558484.967],[171109.194,558484.089],[171111.021,558480.59],[171111.729,558480.953],[171113.802,558477.393],[171116.77,558473.48],[171118.35,558469.559],[171119.82,558465.91],[171123.257,558459.318]]]}},{"type":"Feature","properties":{"relatieveHoogteligging":0,"lokaalID":"G1900.11ca0362f9954cb9934f6d743e2c4c8e","bgt_status":"bestaand","class":"watervlakte","objecttype":"Waterdeel"},"geometry":{"type":"Polygon","coordinates":[[[171058.094,558369.121],[171058.04,558369.016],[171058.036,558369.006],[171057.986,558368.88],[171057.893,558368.643],[171057.785,558368.257],[171057.715,558367.862],[171057.685,558367.462],[171057.694,558367.061],[171057.744,558366.663],[171057.833,558366.272],[171057.961,558365.892],[171058.125,558365.526],[171058.326,558365.179],[171058.56,558364.853],[171058.825,558364.552],[171059.119,558364.279],[171059.438,558364.036],[171059.75,558363.846],[171059.78,558363.827],[171060.142,558363.653],[171060.519,558363.515],[171060.724,558363.458],[171061.118,558363.379],[171061.517,558363.34],[171061.918,558363.341],[171062.317,558363.382],[171062.555,558363.431],[171062.71,558363.462],[171063.093,558363.582],[171063.462,558363.738],[171063.814,558363.931],[171064.145,558364.158],[171064.451,558364.416],[171064.731,558364.704],[171064.98,558365.018],[171065.197,558365.355],[171065.379,558365.713],[171065.525,558366.086],[171065.633,558366.473],[171065.702,558366.868],[171065.731,558367.268],[171065.724,558367.531],[171065.72,558367.669],[171065.669,558368.067],[171065.603,558368.372],[171065.483,558368.755],[171065.325,558369.123],[171065.131,558369.475],[171064.904,558369.805],[171064.645,558370.111],[171064.356,558370.39],[171064.041,558370.638],[171063.704,558370.854],[171063.346,558371.036],[171062.972,558371.181],[171062.585,558371.287],[171062.19,558371.355],[171061.79,558371.383],[171061.389,558371.372],[171060.991,558371.32],[171060.6,558371.229],[171060.221,558371.1],[171059.856,558370.933],[171059.509,558370.731],[171059.185,558370.495],[171058.885,558370.229],[171058.691,558370.024],[171058.441,558369.71],[171058.223,558369.373],[171058.094,558369.121]]]}},{"type":"Feature","properties":{"relatieveHoogteligging":0,"lokaalID":"W0653.f53828f9068342059082f56a0225ee8d","bgt_status":"bestaand","class":"waterloop","objecttype":"Waterdeel"},"geometry":{"type":"Polygon","coordinates":[[[172257.334,558273.037],[172256.851,558274.7],[172256.661,558274.918],[172256.471,558275.064],[172255.745,558275.255],[172000.366,558227.575],[172000.183,558227.541],[171717.21,558174.637],[171714.908,558173.705],[171714.631,558173.513],[171714.551,558173.186],[171714.622,558172.499],[171714.786,558171.714],[171714.982,558171.316],[171715.55,558170.96],[171716.591,558170.886],[171719.097,558171.313],[171757.407,558179.081],[171801.51,558187.775],[171844.922,558195.264],[171884.211,558202.684],[171925.627,558210.221],[171954.713,558216.386],[171978.587,558220.425],[171999.818,558224.283],[172006.795,558225.593],[172094.826,558242.263],[172183.124,558258.773],[172256.202,558272.742],[172256.379,558272.76],[172257,558272.767],[172257.23,558272.921],[172257.334,558273.037]]]}},{"type":"Feature","properties":{"relatieveHoogteligging":0,"lokaalID":"G1900.bdff7d4e8da747cfad263a9b2e8fa7fb","bgt_status":"bestaand","class":"waterloop","objecttype":"Waterdeel"},"geometry":{"type":"Polygon","coordinates":[[[172073.929,558268.969],[172073.765,558269.626],[172051.075,558265.43],[172022.136,558260.099],[171998.526,558255.669],[171983.974,558253.085],[171968.439,558250.132],[171943.652,558245.503],[171927.444,558242.597],[171917.489,558241.074],[171908.799,558239.175],[171898.891,558237.207],[171891.302,558235.917],[171875.468,558232.754],[171862.914,558230.504],[171850.992,558228.371],[171840.077,558226.449],[171828.131,558224.222],[171819.558,558222.371],[171809.276,558220.496],[171798.853,558218.574],[171784.003,558215.738],[171769.129,558213.277],[171755.544,558210.535],[171747.416,558208.824],[171747.236,558208.593],[171747.209,558208.271],[171747.423,558208.017],[171748.002,558208.057],[171754.092,558209.065],[171771.682,558212.393],[171799.04,558217.525],[171822.205,558221.885],[171839.96,558225.095],[171865.912,558229.783],[171883.221,558233.416],[171909.338,558238.173],[171934.33,558242.626],[171963.608,558248.134],[171982.464,558251.837],[172004.083,558255.751],[172021.135,558259.102],[172037.648,558262.102],[172051.889,558264.704],[172064.513,558267.071],[172073.929,558268.969]]]}},{"type":"Feature","properties":{"relatieveHoogteligging":0,"lokaalID":"W0653.1bff9028c81643349b602701890b59cd","bgt_status":"bestaand","class":"waterloop","objecttype":"Waterdeel"},"geometry":{"type":"Polygon","coordinates":[[[171709.231,558193.206],[171709.524,558191.227],[171710.293,558189.908],[171712.656,558190.063],[171720.285,558191.795],[171731.376,558194.104],[171740.431,558195.996],[171797.535,558206.208],[171855.2,558216.758],[171904.115,558225.848],[171974.233,558239.091],[172017.724,558247.213],[172040.143,558251.171],[172060.401,558254.872],[172073.15,558256.924],[172077.326,558258.06],[172076.666,558262.238],[172071.977,558261.542],[172067.957,558260.552],[172055.937,558258.115],[171988.51,558246.103],[171956.872,558240.267],[171910.474,558231.641],[171883.356,558226.511],[171843.609,558219.072],[171816.684,558213.941],[171799.695,558211.12],[171776.745,558206.63],[171757.64,558203.039],[171744.498,558200.73],[171735.523,558198.999],[171731.228,558197.78],[171717.188,558195.408],[171713.554,558194.782],[171709.597,558193.865],[171709.231,558193.206]]]}},{"type":"Feature","properties":{"relatieveHoogteligging":0,"lokaalID":"G1900.7860cc38666b45a195b910118ba52bfc","bgt_status":"bestaand","class":"waterloop","objecttype":"Waterdeel"},"geometry":{"type":"Polygon","coordinates":[[[171550.844,558125.376],[171552.729,558116.845],[171554.369,558111.308],[171557.73,558104.459],[171561.747,558098.922],[171565.518,558094.738],[171570.355,558089.406],[171573.265,558085.92],[171575.192,558081.819],[171576.913,558075.01],[171580.029,558062.952],[171580.685,558062.624],[171581.416,558062.495],[171582.517,558062.448],[171583.642,558062.635],[171584.157,558064.042],[171583.501,558065.471],[171582.26,558065.87],[171581.048,558069.122],[171578.875,558078.309],[171576.826,558085.076],[171573.71,558091.187],[171569.038,558097.381],[171564.119,558101.236],[171559.774,558108.455],[171556.29,558116.904],[171555.019,558126.173],[171553.011,558134.991],[171552.577,558139.772],[171552.32,558142.35],[171551.875,558143.382],[171550.657,558143.592],[171549.72,558142.983],[171549.409,558140.387],[171549.532,558133.333],[171550.844,558125.376]]]}},{"type":"Feature","properties":{"relatieveHoogteligging":0,"lokaalID":"G1900.f09dab0b705c4f929b6047edc1b53fa0","bgt_status":"bestaand","class":"waterloop","objecttype":"Waterdeel"},"geometry":{"type":"Polygon","coordinates":[[[171538.099,558169.594],[171538.373,558169.755],[171542.378,558170.552],[171549.405,558171.583],[171556.385,558172.802],[171568.799,558174.958],[171568.494,558175.872],[171553.556,558172.843],[171543.022,558171.449],[171537.722,558170.739],[171538.099,558169.594]]]}},{"type":"Feature","properties":{"relatieveHoogteligging":0,"lokaalID":"W0653.9bb3118548374fad9f9521d13568e181","bgt_status":"bestaand","class":"waterloop","objecttype":"Waterdeel"},"geometry":{"type":"Polygon","coordinates":[[[171559.789,558162.39],[171563.216,558162.408],[171570.526,558163.687],[171570.132,558166.039],[171569.796,558168.047],[171567.666,558167.701],[171565.988,558167.38],[171564.475,558167.172],[171562.69,558167.051],[171559.639,558166.99],[171558.375,558166.67],[171557.401,558165.804],[171557.265,558165.446],[171557.014,558164.785],[171556.997,558163.695],[171557.759,558162.915],[171559.789,558162.39]]]}},{"type":"Feature","properties":{"relatieveHoogteligging":0,"lokaalID":"W0653.ccd6ac9c159f4f7f9471274a4d51f2d5","bgt_status":"bestaand","class":"waterloop","objecttype":"Waterdeel"},"geometry":{"type":"Polygon","coordinates":[[[171617.724,558120.123],[171616.617,558127.793],[171613.912,558141.574],[171613.502,558145.799],[171612.846,558152.115],[171612.031,558154.591],[171610.679,558155.288],[171607.42,558155.114],[171592.787,558152.1],[171576.216,558149.157],[171570.334,558147.578],[171568.229,558146.811],[171567.901,558145.897],[171568.205,558145.007],[171570.952,558145.007],[171579.109,558146.114],[171598.497,558149.969],[171607.105,558151.528],[171610.384,558151.364],[171611.245,558149.518],[171613.294,558137.911],[171616.286,558120.193],[171617.724,558120.123]]]}},{"type":"Feature","properties":{"relatieveHoogteligging":0,"lokaalID":"W0653.44247941302d4d8db89adf9283703237","bgt_status":"bestaand","class":"waterloop","objecttype":"Waterdeel"},"geometry":{"type":"Polygon","coordinates":[[[171578.913,558165.447],[171583.822,558166.436],[171608.33,558171.2],[171632.911,558175.524],[171653.425,558179.299],[171668.811,558182.267],[171686.505,558185.675],[171703.594,558188.764],[171704.264,558189.566],[171704.084,558191.373],[171703.776,558192.413],[171703.245,558192.482],[171702.272,558192.409],[171690.183,558190.027],[171674.907,558187.279],[171655.858,558183.761],[171636.112,558180.133],[171624.133,558177.824],[171610.323,558175.295],[171592.885,558172.034],[171578.562,558169.249],[171577.924,558167.792],[171578.913,558165.447]]]}},{"type":"Feature","properties":{"relatieveHoogteligging":0,"lokaalID":"G1900.cadd3457feb54ed3a3825905c3ed7b68","bgt_status":"bestaand","class":"waterloop","objecttype":"Waterdeel"},"geometry":{"type":"Polygon","coordinates":[[[171687.718,558197.986],[171675.544,558195.525],[171644.269,558189.66],[171614.92,558184.123],[171588.248,558179.377],[171575.459,558177.127],[171575.131,558176.87],[171575.529,558176.377],[171576.185,558176.307],[171578.72,558176.676],[171596.92,558179.957],[171629.917,558185.863],[171661.104,558191.998],[171678.39,558195.279],[171687.197,558197.06],[171697.784,558198.771],[171700.97,558199.521],[171701.438,558199.779],[171701.087,558200.084],[171696.496,558199.264],[171692.772,558198.631],[171687.718,558197.986]]]}},{"type":"Feature","properties":{"relatieveHoogteligging":0,"lokaalID":"G1900.10a6e38c17504c84a1928aa5f8d9ae36","bgt_status":"bestaand","class":"waterloop","objecttype":"Waterdeel"},"geometry":{"type":"Polygon","coordinates":[[[171456.5,558340.103],[171456.517,558339.963],[171457.915,558328.36],[171458.74,558323.007],[171459.013,558322.247],[171459.63,558322.004],[171465.567,558322.647],[171486.612,558326.255],[171492.047,558327.252],[171493.051,558327.252],[171493.924,558327.099],[171494.694,558326.747],[171495.238,558326.622],[171496.031,558326.72],[171496.75,558326.957],[171497.178,558327.473],[171497.415,558327.938],[171497.93,558328.445],[171498.87,558328.772],[171501.659,558329.696],[171503.384,558330.189],[171509.521,558331.564],[171528.129,558335.329],[171570.217,558341.765],[171581.875,558344.073],[171583.608,558344.398],[171599.841,558347.447],[171620.915,558350.843],[171639.781,558354.904],[171657.48,558358.129],[171673.2,558360.516],[171686.358,558361.703],[171692.916,558362.728],[171693.06,558362.74],[171698.088,558362.789],[171702.795,558363.619],[171709.552,558366.465],[171711.654,558367.195],[171713.987,558368.006],[171714.673,558368.241],[171715.989,558369.044],[171716.087,558369.096],[171717.783,558369.888],[171719.204,558370.503],[171719.874,558370.783],[171720.155,558370.854],[171725.347,558371.402],[171728.652,558371.939],[171733.621,558372.68],[171737.547,558373.23],[171742.62,558373.986],[171748.642,558375.16],[171753.351,558375.817],[171759.171,558376.882],[171764.973,558378.06],[171769.877,558379.047],[171775.505,558379.976],[171781.015,558380.903],[171786.677,558381.561],[171792.798,558382.492],[171798.383,558383.824],[171802.466,558385.112],[171805.437,558385.827],[171806.296,558386.012],[171816.271,558387.611],[171818.309,558387.919],[171824.863,558388.911],[171825.384,558388.99],[171840.304,558392.6],[171865.136,558398.476],[171869.362,558399.985],[171871.764,558400.842],[171874.911,558402.262],[171879.197,558404.186],[171880.524,558404.83],[171880.711,558404.899],[171883.969,558405.733],[171887.509,558406.385],[171890.789,558406.955],[171891.002,558406.969],[171892.469,558406.908],[171893.908,558406.808],[171895.989,558406.67],[171897.44,558406.651],[171899.754,558407.103],[171906.429,558408.365],[171910.778,558409.12],[171916.037,558410.377],[171921.395,558411.547],[171927.692,558412.942],[171933.768,558414.575],[171940.079,558416.3],[171947.024,558418.027],[171953.06,558419.714],[171959.021,558420.802],[171965.008,558422.007],[171970.311,558423.239],[171975.9,558425.327],[171976.064,558425.373],[171983.53,558426.784],[171990.337,558428.72],[171995.039,558429.898],[172008.57,558433.032],[172009.797,558433.505],[172010.101,558433.622],[172010.258,558434.486],[172010.154,558434.793],[172009.566,558436.514],[172008.782,558436.425],[172006.164,558436.13],[172004.006,558435.544],[171991.982,558432.172],[171984.869,558430.544],[171983.308,558430.856],[171981.745,558435.512],[171981.44,558435.88],[171981.171,558436.205],[171980.181,558436.074],[171980.221,558435.682],[171980.665,558431.321],[171980.663,558431.105],[171980.615,558430.894],[171980.315,558430.024],[171980.241,558429.859],[171980.139,558429.711],[171980.012,558429.583],[171979.522,558429.173],[171979.379,558429.073],[171977.519,558428.003],[171977.247,558427.896],[171957.062,558423.19],[171928.166,558415.531],[171905.652,558409.805],[171902.167,558408.799],[171902.012,558408.767],[171901.854,558408.761],[171898.856,558408.868],[171895.387,558408.564],[171895.232,558408.562],[171892.204,558408.768],[171889.288,558408.605],[171885.726,558407.957],[171883.726,558407.563],[171880.942,558406.88],[171876.852,558405.473],[171872.654,558403.761],[171868.86,558402.374],[171864.518,558401.207],[171860.346,558400.009],[171860.232,558399.983],[171855.522,558399.211],[171836.014,558393.928],[171825.767,558391.471],[171817.814,558390.286],[171813.358,558389.28],[171804.161,558387.426],[171798.716,558385.937],[171797.43,558385.461],[171797.228,558385.41],[171789.957,558384.345],[171782.228,558383.25],[171779.201,558382.726],[171766.778,558380.573],[171751.591,558377.511],[171731.108,558374.386],[171716.948,558371.427],[171712.219,558369.108],[171711.127,558368.618],[171706.759,558366.658],[171706.56,558366.592],[171701.1,558365.422],[171700.968,558365.403],[171696.996,558365.094],[171685.394,558364.005],[171672.855,558362.568],[171662.428,558361.131],[171648.103,558358.825],[171627.332,558354.887],[171608.821,558351.468],[171600.157,558349.692],[171594.055,558348.725],[171582.914,558346.529],[171569.479,558343.881],[171550.068,558340.96],[171538.824,558339.392],[171528.298,558337.582],[171517.168,558335.807],[171503.781,558332.825],[171488.244,558329.259],[171477.089,558327.053],[171466.195,558325.297],[171463.87,558325.03],[171462.87,558325],[171462.713,558325.008],[171462.56,558325.04],[171462.08,558325.18],[171461.873,558325.267],[171461.263,558325.607],[171461.043,558325.773],[171460.583,558326.233],[171460.485,558326.346],[171460.175,558326.766],[171460.084,558326.915],[171460.021,558327.077],[171459.986,558327.248],[171458.5,558340.459],[171456.655,558340.131],[171456.5,558340.103]]]}},{"type":"Feature","properties":{"relatieveHoogteligging":0,"lokaalID":"G1900.7d244d5aa9eb42eeaf8923bf9ff744bb","bgt_status":"bestaand","class":"waterloop","objecttype":"Waterdeel"},"geometry":{"type":"Polygon","coordinates":[[[171500.332,558239.006],[171515.651,558241.746],[171574.103,558251.768],[171593.865,558254.906],[171599.834,558255.956],[171637.031,558262.224],[171664.853,558267.651],[171665.588,558267.883],[171665.77,558267.923],[171666.93,558268.063],[171667.112,558268.068],[171668.232,558267.998],[171668.479,558267.951],[171669.219,558267.711],[171669.411,558267.626],[171669.58,558267.502],[171669.721,558267.345],[171669.981,558266.985],[171670.092,558266.787],[171670.157,558266.546],[171671.476,558266.719],[171671.556,558267.449],[171671.589,558267.616],[171671.65,558267.775],[171671.736,558267.921],[171672.336,558268.761],[171672.463,558268.907],[171672.616,558269.026],[171672.789,558269.113],[171673.409,558269.353],[171673.542,558269.394],[171674.238,558269.555],[171732.141,558279.656],[171785.003,558288.734],[171817.209,558294.795],[171844.408,558299.517],[171902.005,558308.956],[171963.486,558319.495],[171999.813,558326.082],[172008.69,558327.857],[172032.623,558331.744],[172041.306,558333.463],[172040.754,558335.192],[172040.034,558335.118],[172037.612,558334.713],[172018.88,558331.643],[172000.168,558328.614],[171964.338,558322.214],[171932.634,558316.795],[171892.585,558309.504],[171859.586,558303.989],[171850.744,558302.772],[171829.982,558299.187],[171821.057,558297.646],[171808.346,558295.664],[171778.887,558290.354],[171758.164,558286.845],[171734.631,558282.517],[171718.073,558279.453],[171702.667,558276.916],[171683.455,558273.167],[171662.196,558269.176],[171622.6,558262.106],[171600.172,558257.895],[171593.22,558256.683],[171579.753,558254.493],[171524.426,558245.156],[171512.181,558242.845],[171503.72,558241.991],[171503.22,558241.971],[171502.96,558241.994],[171502.56,558242.084],[171502.313,558242.176],[171501.953,558242.366],[171501.771,558242.489],[171501.62,558242.65],[171501.44,558242.89],[171501.338,558243.058],[171501.271,558243.244],[171501.241,558243.438],[171498.901,558288.571],[171498.341,558300.047],[171498.201,558304.246],[171497.741,558310.388],[171497.483,558315.31],[171497.119,558318.695],[171496.781,558320.752],[171496.596,558321.22],[171495.673,558320.524],[171495.708,558320.097],[171495.75,558319.369],[171495.77,558318.622],[171495.76,558318.072],[171495.739,558317.885],[171495.649,558317.455],[171495.646,558316.687],[171495.643,558316.11],[171495.642,558315.783],[171495.638,558314.949],[171495.636,558314.566],[171495.686,558314.41],[171495.708,558314.248],[171499.56,558247.508],[171499.588,558243.539],[171499.548,558242.889],[171499.514,558242.683],[171499.438,558242.49],[171499.158,558241.95],[171499.027,558241.757],[171499.313,558240.882],[171499.789,558240.036],[171500.332,558239.006]]]}},{"type":"Feature","properties":{"relatieveHoogteligging":0,"lokaalID":"G1900.bf2d50b263ae4f0e87e22f8994ec2911","bgt_status":"bestaand","class":"waterloop","objecttype":"Waterdeel"},"geometry":{"type":"Polygon","coordinates":[[[171732.195,558205.543],[171731.703,558205.754],[171725.706,558204.629],[171716.923,558203.199],[171709.545,558201.84],[171709.227,558201.545],[171709.321,558201.157],[171709.749,558200.929],[171715.728,558202.144],[171729.524,558204.418],[171731.937,558205.097],[171732.195,558205.543]]]}},{"type":"Feature","properties":{"relatieveHoogteligging":0,"lokaalID":"W0653.e2cd46d5a8f84167a3522deebee5f560","bgt_status":"bestaand","class":"waterloop","objecttype":"Waterdeel"},"geometry":{"type":"Polygon","coordinates":[[[171661.427,558020.298],[171661.643,558022.35],[171661.634,558022.385],[171661.103,558024.403],[171658.294,558024.403],[171648.139,558022.782],[171644.574,558023.322],[171639.821,558025.375],[171637.228,558027.752],[171634.96,558032.505],[171634.744,558035.746],[171633.663,558036.934],[171631.395,558037.583],[171631.395,558034.666],[171632.367,558028.832],[171633.987,558025.375],[171634.311,558022.134],[171631.503,558019.649],[171627.938,558018.029],[171620.915,558017.489],[171613.137,558016.949],[171607.375,558015.028],[171607.087,558012.627],[171607.614,558012.385],[171609.977,558011.297],[171616.7,558012.32],[171622.034,558013.132],[171628.91,558014.788],[171636.904,558016.3],[171642.846,558017.057],[171646.627,558017.381],[171652.029,558018.245],[171658.078,558019.109],[171661.427,558020.298]]]}},{"type":"Feature","properties":{"relatieveHoogteligging":0,"lokaalID":"W0653.c60b72367bf84a4fb3c1d525d9f564de","bgt_status":"bestaand","class":"waterloop","objecttype":"Waterdeel"},"geometry":{"type":"Polygon","coordinates":[[[171552.482,557967.483],[171552.877,557967.43],[171553.608,557968.508],[171553.296,557970.915],[171550.484,557989.569],[171541.825,558037.016],[171533.681,558087.144],[171529.087,558114.963],[171527.32,558123.745],[171527.496,558130.111],[171527.968,558132.233],[171529.558,558134.413],[171531.443,558135.474],[171535.036,558135.769],[171539.631,558137.419],[171541.869,558139.011],[171542.163,558140.661],[171540.868,558141.663],[171532.209,558140.189],[171530.029,558139.246],[171528.439,558138.126],[171526.79,558135.003],[171525.77,558133.094],[171525.232,558131.073],[171524.643,558128.724],[171525.232,558123.537],[171527.529,558108.684],[171532.006,558081.101],[171537.425,558051.984],[171543.786,558013.084],[171550.876,557974.378],[171551.973,557968.739],[171552.3,557967.507],[171552.482,557967.483]]]}},{"type":"Feature","properties":{"relatieveHoogteligging":0,"lokaalID":"G1900.1fdc600b1a2e455fa3faf34957947c0e","bgt_status":"bestaand","class":"waterloop","objecttype":"Waterdeel"},"geometry":{"type":"Polygon","coordinates":[[[171750.471,558029.258],[171753.931,558030.079],[171760.559,558031.652],[171773.799,558034.974],[171785.686,558037.558],[171795.606,558039.445],[171805.484,558041.332],[171816.224,558043.259],[171829.832,558045.023],[171836.432,558045.884],[171844.302,558047.115],[171865.534,558051.093],[171888.53,558055.359],[171916.362,558060.773],[171934.561,558063.931],[171958.652,558068.548],[171974.017,558071.454],[171977.999,558072.626],[171978.256,558073.071],[171978.303,558073.845],[171977.214,558074.407],[171970.738,558073.3],[171961.064,558071.167],[171949.013,558068.829],[171933.724,558066.04],[171920.689,558063.62],[171905.974,558060.995],[171885.684,558056.976],[171867.115,558053.325],[171852.4,558050.454],[171841.702,558048.814],[171826.454,558047.132],[171812.927,558045],[171802.802,558043.605],[171794.113,558042.293],[171777.963,558038.56],[171762.018,558035.238],[171753.408,558032.865],[171749.982,558031.921],[171745.499,558030.685],[171730.701,558028.101],[171708.807,558024.41],[171695.163,558022.236],[171685.185,558020.525],[171679.47,558019.963],[171673.989,558020.877],[171672.467,558021.475],[171672.223,558021.571],[171670.054,558022.424],[171669.193,558022.582],[171668.373,558022.488],[171668.246,558022.272],[171667.975,558021.809],[171668.35,558020.895],[171669.474,558020.473],[171671.243,558019.799],[171672.355,558019.41],[171672.591,558019.327],[171674.522,558018.651],[171681.408,558018.158],[171689.278,558018.897],[171696.779,558020.373],[171704.117,558021.563],[171718.75,558023.736],[171733.506,558026.156],[171748.631,558028.822],[171750.471,558029.258]]]}},{"type":"Feature","properties":{"relatieveHoogteligging":0,"lokaalID":"G1900.fc7acadd8d8f4d24ad0948652ee5fca9","bgt_status":"bestaand","class":"waterloop","objecttype":"Waterdeel"},"geometry":{"type":"Polygon","coordinates":[[[171591.341,558031.813],[171591.987,558032.004],[171592.348,558030.973],[171591.706,558030.789],[171592.277,558029.187],[171593.571,558025.184],[171594.419,558021.97],[171594.652,558017.493],[171594.404,558010.629],[171594.298,558006.95],[171593.52,558001.891],[171593.239,557999.394],[171593.522,557994.76],[171594.477,557989.948],[171596.28,557984.819],[171597.235,557980.627],[171597.792,557974.312],[171597.792,557968.802],[171595.997,557966.202],[171591.727,557964.53],[171586.838,557964.654],[171580.402,557964.221],[171574.708,557962.611],[171568.767,557960.011],[171564.002,557956.977],[171561.279,557954.315],[171558.858,557951.359],[171556.383,557948.493],[171556.064,557945.592],[171557.585,557943.328],[171560.096,557942.939],[171566.911,557946.639],[171571.614,557947.382],[171580.092,557949.115],[171590.737,557951.326],[171600.214,557952.21],[171603.786,557952.635],[171606.969,557953.873],[171611.778,557954.651],[171618.71,557954.864],[171626.454,557954.262],[171637.736,557953.201],[171646.753,557952.529],[171660.333,557951.68],[171670.129,557951.149],[171676.556,557950.886],[171681.375,557950.689],[171691.948,557950.088],[171700.506,557950.406],[171709.559,557950.654],[171718.4,557951.326],[171728.302,557952.281],[171736.577,557952.989],[171748.53,557953.767],[171756.24,557954.722],[171768.405,557956.349],[171776.397,557957.375],[171784.142,557958.472],[171791.179,557959.427],[171798.535,557960.489],[171806.138,557961.019],[171816.571,557963.142],[171824.351,557965.052],[171831.388,557966.609],[171837.152,557967.953],[171843.801,557970.04],[171851.369,557971.986],[171860.811,557973.472],[171868.025,557974.568],[171874.32,557975.665],[171879.377,557976.408],[171886.485,557976.939],[171893.452,557977.788],[171899.64,557978.884],[171906.89,557979.804],[171914.741,557980.193],[171926.87,557981.785],[171937.373,557983.625],[171943.88,557984.439],[171953.499,557985.854],[171965.841,557988.118],[171973.904,557989.78],[171981.401,557990.559],[171986.989,557991.266],[171993.956,557992.54],[172001.028,557994.592],[172006.333,557996.431],[172013.972,557998.094],[172025.147,558000.217],[172035.826,558002.834],[172045.198,558005.028],[172050.255,558006.266],[172054.994,558007.221],[172060.51,558008.07],[172064.825,558008.389],[172071.296,558010.016],[172078.9,558011.183],[172088.766,558013.271],[172096.369,558014.686],[172102.028,558015.287],[172108.782,558016.879],[172113.91,558018.329],[172120.381,558019.391],[172124.873,558020.24],[172130.142,558021.726],[172135.093,558022.468],[172141.281,558023.742],[172149.451,558024.945],[172158.15,558026.112],[172163.914,558026.501],[172170.457,558028.199],[172179.581,558029.756],[172186.901,558030.923],[172194.893,558032.162],[172206.316,558033.824],[172216.465,558035.522],[172222.689,558036.371],[172227.958,558037.221],[172237.365,558038.777],[172248.752,558040.864],[172257.027,558042.067],[172263.358,558043.376],[172268.061,558044.402],[172271.703,558045.817],[172276.265,558046.772],[172279.59,558047.338],[172282.578,558047.878],[172284.912,558049.257],[172286.22,558051.274],[172285.867,558053.856],[172285.018,558056.793],[172283.709,558059.587],[172281.87,558060.472],[172251.301,558057.088],[172244.27,558057.627],[172238.759,558056.049],[172233.633,558053.432],[172230.194,558055.904],[172227.249,558056.187],[172224.744,558055.547],[172220.732,558053.703],[172216.788,558054.076],[172212.508,558053.888],[172211.326,558050.907],[172206.653,558047.549],[172204.035,558047.595],[172198.094,558046.852],[172193.39,558045.543],[172188.404,558044.729],[172183.17,558043.739],[172179.881,558043.456],[172176.592,558042.677],[172173.091,558042.253],[172168.954,558041.864],[172165.912,558041.864],[172161.35,558040.873],[172157.531,558040.166],[172152.545,558039.458],[172147.948,558038.892],[172145.26,558038.255],[172141.617,558037.3],[172137.94,558036.557],[172136.277,558036.84],[172133.342,558036.557],[172124.996,558035.354],[172121.46,558034.222],[172118.171,558033.692],[172113.574,558033.232],[172109.79,558032.524],[172108.481,558031.675],[172105.617,558031.251],[172098.367,558030.189],[172085.318,558027.89],[172078.67,558026.546],[172065.585,558024.458],[172056.673,558022.866],[172046.383,558021.522],[172030.54,558019.293],[172020.107,558018.091],[172014.847,558016.569],[172010.082,558015.888],[171999.932,558012.917],[171989.783,558010.317],[171982.975,558009.326],[171978.148,558008.274],[171972.393,558006.54],[171966.204,558005.673],[171953.95,558003.445],[171938.479,558000.287],[171927.091,557999.235],[171905.942,557995.443],[171890.161,557993.028],[171877.659,557991.233],[171864.106,557988.881],[171845.602,557985.29],[171825.427,557982.442],[171811.998,557980.213],[171794.05,557977.18],[171779.82,557975.426],[171776.344,557974.82],[171774.607,557975.406],[171770.909,557975.082],[171769.736,557974.415],[171766.751,557973.723],[171764.628,557973.13],[171763.108,557972.706],[171760.921,557972.333],[171752.588,557970.91],[171737.982,557968.372],[171719.54,557965.71],[171704.502,557963.977],[171694.043,557963.419],[171682.965,557963.048],[171675.798,557963.704],[171675.77,557963.707],[171672.816,557963.977],[171656.972,557964.039],[171639.087,557964.534],[171631.228,557964.781],[171626.215,557964.162],[171622.749,557964.224],[171619.16,557964.843],[171613.528,557967.753],[171610.335,557970.066],[171608.072,557971.834],[171604.465,557979.44],[171601.494,557985.065],[171599.054,557990.23],[171597.427,557994.299],[171597.215,557998.084],[171597.286,558004.275],[171598.347,558010.006],[171599.655,558011.102],[171599.549,558012.305],[171598.63,558013.826],[171598.594,558019.664],[171597.993,558023.98],[171595.942,558029.746],[171592.583,558037.317],[171591.168,558041.491],[171588.657,558049.026],[171585.801,558054.85],[171584.888,558057.022],[171584.103,558057.992],[171583.434,558057.946],[171582.949,558057.507],[171583.168,558056.323],[171583.714,558054.564],[171584.405,558051.808],[171585.043,558049.18],[171586.316,558045.076],[171587.427,558041.498],[171589.206,558037.253],[171590.742,558033.493],[171591.341,558031.813]]]}},{"type":"Feature","properties":{"relatieveHoogteligging":0,"lokaalID":"G1900.ecbbc20cf8a247ca9b2d31a4c6329f82","bgt_status":"bestaand","class":"waterloop","objecttype":"Waterdeel"},"geometry":{"type":"Polygon","coordinates":[[[171249.643,558476.307],[171253.6,558473.773],[171262.183,558469.522],[171270.954,558465.92],[171272.859,558465.229],[171274.325,558465.082],[171275.371,558465.417],[171276.188,558465.815],[171277.13,558466.946],[171280.563,558472.349],[171281.337,558473.668],[171282.007,558474.15],[171282.447,558474.275],[171282.886,558474.254],[171285.817,558472.432],[171296.975,558465.564],[171307.442,558458.8],[171315.795,558453.732],[171317.511,558452.392],[171318.024,558451.53],[171318.558,558450.633],[171318.998,558449.313],[171319.521,558447.533],[171320.254,558445.565],[171321.321,558444.601],[171322.41,558443.827],[171322.996,558443.931],[171323.08,558444.35],[171322.64,558444.769],[171321.998,558445.352],[171321.891,558445.455],[171321.363,558445.963],[171320.903,558446.947],[171320.4,558448.35],[171319.873,558450.09],[171318.952,558452.149],[171318.258,558453.285],[171317.833,558453.592],[171316.787,558454.344],[171315.301,558455.441],[171310.142,558458.375],[171302.271,558463.485],[171295.196,558468.029],[171286.981,558473.264],[171284.098,558475.167],[171283.476,558475.442],[171282.925,558475.586],[171282.196,558475.538],[171281.484,558475.364],[171280.856,558474.987],[171280.416,558474.443],[171277.779,558469.94],[171276.585,558468.098],[171275.727,558467.386],[171274.932,558466.967],[171273.717,558466.841],[171272.775,558466.904],[171271.75,558467.113],[171268.735,558468.16],[171263.606,558470.234],[171258.98,558472.16],[171256.007,558473.48],[171253.16,558475.092],[171250.585,558476.746],[171247.969,558478.485],[171247.278,558478.631],[171247.069,558478.066],[171249.643,558476.307]]]}},{"type":"Feature","properties":{"relatieveHoogteligging":0,"lokaalID":"W0653.bd58582231af44cda468ecce95dae285","bgt_status":"bestaand","class":"waterloop","objecttype":"Waterdeel"},"geometry":{"type":"Polygon","coordinates":[[[171466.872,558458.858],[171469.244,558459.238],[171469.563,558459.99],[171470.366,558460.807],[171470.981,558461.383],[171471.811,558461.741],[171471.047,558465.259],[171466.175,558464.368],[171451.349,558462.048],[171433.056,558458.861],[171420.829,558456.165],[171405.37,558453.142],[171388.599,558450.4],[171376.373,558448.08],[171363.959,558445.853],[171349.671,558443.158],[171337.748,558441.189],[171333.462,558440.392],[171330.417,558439.455],[171330.956,558433.807],[171331.635,558431.744],[171334.75,558425.018],[171336.812,558420.307],[171338.287,558413.932],[171338.779,558410.159],[171339.505,558404.581],[171339.435,558400.057],[171338.92,558394.644],[171337.608,558388.995],[171336.484,558384.8],[171336.554,558384.12],[171336.952,558383.863],[171338.053,558384.214],[171339.107,558388.644],[171340.395,558396.331],[171340.934,558400.128],[171340.793,558405.729],[171340.348,558410.534],[171339.248,558416.557],[171338.24,558420.307],[171336.437,558425.041],[171334.364,558429.254],[171331.905,558434.463],[171331.905,558435.652],[171333.339,558436.514],[171336.741,558437.662],[171344.98,558439.303],[171361.376,558442.133],[171388.143,558446.931],[171419.377,558452.673],[171445.528,558457.677],[171460.285,558460.179],[171464.758,558460.859],[171466.047,558460.484],[171466.837,558459.042],[171466.872,558458.858]]]}},{"type":"Feature","properties":{"relatieveHoogteligging":0,"lokaalID":"G1900.a559e618ebd643db93993bc72f1bca7a","bgt_status":"bestaand","class":"waterloop","objecttype":"Waterdeel"},"geometry":{"type":"Polygon","coordinates":[[[171207.379,558450.407],[171207.479,558449.856],[171207.554,558449.442],[171207.57,558447.991],[171207.344,558445.323],[171206.486,558442.014],[171205.523,558437.91],[171205.042,558434.224],[171204.916,558430.706],[171204.937,558426.769],[171205.167,558423.503],[171205.419,558422.183],[171206.49,558415.735],[171208.175,558408.992],[171210.043,558403.568],[171210.739,558401.736],[171211.728,558401.699],[171212.424,558402.396],[171212.021,558404.155],[171209.186,558413.609],[171207.21,558426.198],[171207.219,558426.602],[171206.947,558429.575],[171206.821,558431.795],[171206.821,558433.826],[171206.968,558435.125],[171207.554,558437.826],[171208.056,558440.046],[171209.291,558445.092],[171209.71,558446.872],[171209.836,558448.41],[171209.836,558449.902],[171209.375,558451.431],[171208.747,558453.002],[171208.098,558453.902],[171206.884,558454.635],[171206.026,558454.844],[171204.895,558454.761],[171203.236,558454.515],[171198.694,558453.488],[171194.371,558452.426],[171185.616,558450.41],[171178.619,558449.091],[171170.523,558447.332],[171166.933,558446.452],[171157.408,558443.338],[171146.256,558440.238],[171141.337,558438.919],[171137.904,558438.479],[171136.564,558438.584],[171135.559,558439.024],[171134.157,558439.966],[171133.184,558440.769],[171132.207,558439.354],[171134.717,558437.359],[171136.658,558436.553],[171139.552,558436.663],[171146.11,558437.982],[171159.005,558441.647],[171166.441,558443.845],[171172.962,558445.641],[171182.963,558447.51],[171194.905,558450.332],[171203.011,558451.934],[171204.602,558452.185],[171205.628,558452.164],[171206.298,558451.934],[171206.842,558451.515],[171207.303,558450.824],[171207.379,558450.407]]]}},{"type":"Feature","properties":{"relatieveHoogteligging":0,"lokaalID":"G1900.a7e576014e9c43a791cd57b6e33bb6d5","bgt_status":"bestaand","class":"waterloop","objecttype":"Waterdeel"},"geometry":{"type":"Polygon","coordinates":[[[171133.184,558440.769],[171131.749,558441.955],[171126.591,558445.245],[171123.469,558446.824],[171122.225,558447.327],[171121.456,558447.443],[171120.493,558447.213],[171119.509,558446.878],[171118.567,558446.396],[171117.584,558445.622],[171115.993,558444.26],[171110.498,558438.884],[171100.35,558429.136],[171093.793,558423.089],[171092.901,558422.213],[171092.626,558421.747],[171092.781,558421.316],[171093.284,558420.873],[171093.846,558421.065],[171094.788,558421.944],[171099.937,558426.949],[171106.385,558432.875],[171106.825,558433.084],[171118.98,558444.034],[171119.629,558444.641],[171120.383,558445.06],[171121.157,558445.29],[171122.392,558445.248],[171124.35,558444.468],[171128.599,558442.013],[171131.859,558439.631],[171132.207,558439.354],[171133.184,558440.769]]]}},{"type":"Feature","properties":{"relatieveHoogteligging":0,"lokaalID":"G1900.f240f8ccdd264bccbb3205d55d0e52b4","bgt_status":"bestaand","class":"waterloop","objecttype":"Waterdeel"},"geometry":{"type":"Polygon","coordinates":[[[171312.122,557911.978],[171313.382,557915.431],[171313.035,557919.625],[171312.908,557921.275],[171313.272,557922.527],[171312.58,557936.51],[171312.15,557945.45],[171311.45,557959.58],[171310.71,557973.73],[171310.22,557986.12],[171310.391,557987.803],[171310.4,557987.89],[171310.64,557990.2],[171313.39,557993.23],[171317.41,557993.83],[171320.56,557991.28],[171325.12,557992.19],[171323.557,558000],[171321.96,558007.98],[171318.17,558011.471],[171317.73,558011.87],[171296.53,558007.53],[171295.774,558005.205],[171295.517,558001.778],[171295.517,557997.663],[171295.517,557994.77],[171295.517,557986.925],[171295.725,557983.788],[171296.204,557981.836],[171297.016,557978.522],[171297.989,557970.413],[171298.322,557966.227],[171298.793,557960.302],[171298.442,557956.601],[171297.319,557954.997],[171295.394,557952.948],[171297.343,557950.486],[171298.223,557948.869],[171298.563,557947.63],[171298.651,557946.408],[171298.856,557943.583],[171299.062,557935.949],[171299.34,557932.975],[171299.625,557931.446],[171300.061,557929.592],[171300.061,557928.856],[171299.655,557927.442],[171299.819,557924.508],[171300.586,557916.314],[171301.307,557913.013],[171302.535,557912.676],[171304.271,557912.2],[171304.513,557910.55],[171304.969,557908.898],[171306.66,557909.37],[171310.59,557910.21],[171312.343,557910.416],[171312.122,557911.978]]]}},{"type":"Feature","properties":{"relatieveHoogteligging":0,"lokaalID":"W0653.9e114fe999a14ba38d03d91cf3891390","bgt_status":"bestaand","class":"waterloop","objecttype":"Waterdeel"},"geometry":{"type":"Polygon","coordinates":[[[170899.848,559643.891],[170882.809,559633.691],[170868.924,559626.447],[170870.242,559624.254],[170871.446,559622.252],[170882.92,559628.96],[170902.067,559640.429],[170900.772,559642.449],[170899.848,559643.891]]]}},{"type":"Feature","properties":{"relatieveHoogteligging":0,"lokaalID":"W0653.d0e45f5e1e3b42d7a35f1a415d2d6bff","bgt_status":"bestaand","class":"waterloop","objecttype":"Waterdeel"},"geometry":{"type":"Polygon","coordinates":[[[170903.725,559646.921],[170904.909,559645.075],[170905.727,559643.799],[170913.964,559648.767],[170926.091,559656.251],[170933.052,559660.569],[170934.905,559661.842],[170935.016,559662.936],[170934.767,559663.738],[170933.771,559664.292],[170932.581,559664.375],[170929.428,559662.742],[170922.996,559658.742],[170908.127,559649.663],[170903.725,559646.921]]]}},{"type":"Feature","properties":{"relatieveHoogteligging":0,"lokaalID":"W0653.e16561af41b04ff79b35e0b21f5f043f","bgt_status":"bestaand","class":"waterloop","objecttype":"Waterdeel"},"geometry":{"type":"Polygon","coordinates":[[[170851.826,559576.756],[170852.179,559576.478],[170854.469,559577.215],[170870.723,559585.107],[170890.005,559594.502],[170894.332,559596.179],[170894.488,559596.226],[170894.649,559596.246],[170901.006,559596.525],[170920.324,559597.266],[170929.289,559597.397],[170929.539,559597.369],[170934.48,559596.173],[170934.714,559596.084],[170945.513,559590.354],[170966.34,559580.159],[170969.47,559578.95],[170971.826,559579.88],[170983.424,559589.229],[170984.46,559590.063],[170987.016,559592.208],[170999.357,559602.564],[171002.625,559605.306],[171008.536,559611.486],[171008.704,559612.281],[171008.714,559614.466],[171006.693,559617.69],[170999.228,559626.747],[170992.088,559635.411],[170965.229,559666.138],[170960.387,559671.643],[170959.243,559671.432],[170958.224,559669.875],[170959.022,559667.698],[170968.886,559655.04],[170984.074,559637.391],[170996.75,559622.677],[171000.77,559617.826],[171002.258,559616.031],[171002.352,559615.897],[171002.422,559615.749],[171003.189,559613.738],[171003.243,559613.534],[171003.253,559613.324],[171003.219,559613.116],[171003.142,559612.92],[171002.054,559610.834],[171001.938,559610.659],[171001.788,559610.512],[171000.621,559609.587],[170989.724,559600.951],[170980.492,559592.65],[170977.042,559589.548],[170975.6,559588.252],[170975.468,559588.151],[170970.656,559585.088],[170970.438,559584.984],[170970.202,559584.935],[170967.39,559584.701],[170967.217,559584.702],[170967.046,559584.733],[170966.883,559584.792],[170959.461,559588.265],[170951.313,559591.893],[170951.094,559592.027],[170946.93,559595.37],[170946.809,559595.485],[170941.351,559601.613],[170938.004,559605.266],[170936.015,559606.192],[170934.386,559605.634],[170931.873,559603.844],[170929.345,559601.972],[170929.204,559601.885],[170929.051,559601.822],[170928.89,559601.786],[170923.409,559601.011],[170923.302,559601.002],[170907.649,559600.481],[170892.984,559599.881],[170886.84,559597.546],[170876.03,559592.291],[170869.102,559588.923],[170863.883,559586.375],[170860.066,559584.353],[170852.957,559580.587],[170851.371,559579.609],[170851.184,559578.827],[170851.826,559576.756]]]}},{"type":"Feature","properties":{"relatieveHoogteligging":0,"lokaalID":"W0653.8de9f8416da543558b20de16e0745993","bgt_status":"bestaand","class":"waterloop","objecttype":"Waterdeel"},"geometry":{"type":"Polygon","coordinates":[[[170947.1,559671.921],[170947.488,559671.291],[170948.529,559671.073],[170950.344,559671.776],[170954.731,559674.216],[170961.848,559678.878],[170975.615,559687.822],[170981.333,559691.975],[170984.129,559694.858],[170986.586,559697.613],[170988.535,559700.707],[170990.398,559703.759],[170992.559,559708.845],[170995.736,559716.05],[170998.913,559724.061],[171002.755,559732.75],[171004.764,559737.449],[171008.008,559744.055],[171009.872,559747.567],[171007.548,559748.948],[171007.112,559748.197],[171005.842,559745.957],[171002.749,559739.132],[170996.819,559727.773],[170989.067,559708.53],[170985.424,559701.96],[170981.951,559697.043],[170978.646,559694.246],[170975.035,559691.502],[170956.264,559679.833],[170949.559,559675.014],[170947.584,559673.713],[170947.004,559672.769],[170947.1,559671.921]]]}},{"type":"Feature","properties":{"relatieveHoogteligging":0,"lokaalID":"W0653.858c265761624498940020b9b42bac54","bgt_status":"bestaand","class":"waterloop","objecttype":"Waterdeel"},"geometry":{"type":"Polygon","coordinates":[[[170806.952,559535.294],[170807.13,559535.438],[170807.806,559535.862],[170808.83,559536.505],[170809.081,559536.618],[170812.256,559537.548],[170812.456,559537.585],[170824.072,559538.528],[170829.122,559539.41],[170830.169,559540.462],[170830.522,559540.816],[170832.05,559543.442],[170832.423,559544.082],[170833.719,559546.79],[170837.573,559553.722],[170843.895,559565.809],[170846.984,559571.46],[170844.489,559573.296],[170841.115,559567.079],[170833.74,559552.801],[170828.833,559544.368],[170828.387,559543.601],[170828.283,559543.454],[170826.798,559541.717],[170826.309,559541.143],[170826.181,559541.018],[170826.033,559540.918],[170825.87,559540.845],[170825.696,559540.803],[170821.928,559540.238],[170814.18,559539.713],[170809.931,559539.642],[170808.044,559539.61],[170807.055,559539.214],[170806.826,559538.619],[170806.331,559537.487],[170805.618,559535.857],[170806.952,559535.294]]]}},{"type":"Feature","properties":{"relatieveHoogteligging":0,"lokaalID":"W0653.c767bee935df47b39d4b92261d5303d5","bgt_status":"bestaand","class":"waterloop","objecttype":"Waterdeel"},"geometry":{"type":"Polygon","coordinates":[[[170798.36,559552.577],[170798.85,559551.758],[170799.821,559551.613],[170800.917,559552.947],[170801.315,559556.11],[170801.365,559556.885],[170801.589,559560.342],[170801.377,559562.867],[170800.248,559565.278],[170796.996,559570.048],[170793.047,559575.314],[170791.39,559577.155],[170790.246,559577.783],[170789.622,559577.889],[170788.738,559577.451],[170786.91,559576.006],[170786.688,559575.873],[170784.338,559574.854],[170785.467,559572.883],[170786.667,559573.259],[170786.848,559573.298],[170787.033,559573.303],[170788.96,559573.174],[170789.143,559573.144],[170789.318,559573.081],[170789.478,559572.987],[170791.19,559571.753],[170791.308,559571.653],[170791.409,559571.537],[170794.687,559567.095],[170797.364,559562.618],[170797.462,559562.398],[170798.425,559559.258],[170798.469,559558.987],[170798.544,559555.467],[170798.36,559552.577]]]}},{"type":"Feature","properties":{"relatieveHoogteligging":0,"lokaalID":"G1900.9c66a772e8d54e0d83093c337191376a","bgt_status":"bestaand","class":"waterloop","objecttype":"Waterdeel"},"geometry":{"type":"Polygon","coordinates":[[[170806.952,559535.294],[170805.618,559535.857],[170804.036,559532.239],[170800.094,559524.912],[170796.367,559517.748],[170790.09,559507.633],[170784.381,559499.429],[170780.728,559494.847],[170778.848,559491.357],[170777.821,559488.77],[170776.825,559485.714],[170775.779,559482.158],[170774.81,559479.701],[170774.739,559479.558],[170774.646,559479.427],[170772.206,559476.517],[170772.123,559476.43],[170767.997,559472.57],[170764.204,559467.513],[170760.756,559462.037],[170757.234,559457.084],[170754.193,559452.497],[170751.185,559448.68],[170749.88,559447.069],[170749.782,559446.408],[170750.153,559445.489],[170751.367,559444.911],[170751.486,559444.941],[170752.924,559446.369],[170754.503,559448.447],[170755.973,559450.381],[170757.008,559451.751],[170760.364,559457.018],[170763.843,559463.068],[170767.316,559468.761],[170769.394,559472.054],[170769.553,559472.246],[170772.701,559475.226],[170775.522,559478.41],[170777.226,559480.72],[170778.169,559482.924],[170779.017,559485.695],[170779.316,559488.323],[170779.36,559488.523],[170780.19,559491.043],[170780.238,559491.161],[170781.208,559493.191],[170781.366,559493.428],[170783.91,559496.259],[170787.211,559500.575],[170787.855,559501.577],[170789.618,559505.271],[170789.698,559505.41],[170791.798,559508.44],[170795.612,559513.695],[170800.101,559521.957],[170804.064,559528.924],[170806.163,559533.3],[170806.716,559534.915],[170806.813,559535.119],[170806.952,559535.294]]]}},{"type":"Feature","properties":{"relatieveHoogteligging":0,"lokaalID":"W0653.337698da55114a33ac74c76f970f0ea2","bgt_status":"bestaand","class":"waterloop","objecttype":"Waterdeel"},"geometry":{"type":"Polygon","coordinates":[[[170869.547,559620.868],[170868.242,559623.09],[170867.087,559625.055],[170856.058,559619.142],[170851.741,559616.464],[170853.601,559613.166],[170857.506,559614.203],[170869.547,559620.868]]]}},{"type":"Feature","properties":{"relatieveHoogteligging":0,"lokaalID":"W0653.e69b34fd59eb4fbd8ca647d7ea57c63b","bgt_status":"bestaand","class":"waterloop","objecttype":"Waterdeel"},"geometry":{"type":"Polygon","coordinates":[[[170956.692,559977.249],[170957.909,559978.204],[170956.184,559980.177],[170957.147,559981.046],[170954.318,559984.193],[170953.512,559983.418],[170952.177,559984.862],[170951.746,559985.329],[170950.359,559983.908],[170937.488,559969.718],[170936.326,559968.925],[170935.17,559968.667],[170934,559968.667],[170933.044,559969.268],[170928.148,559975.404],[170927.316,559977.998],[170926.869,559979.74],[170927.107,559981.425],[170928.102,559983.262],[170929.854,559985.406],[170932.123,559987.223],[170936.879,559990.964],[170948.135,560000.755],[170954.073,560005.919],[170954.685,560006.451],[170951.658,560009.936],[170945.863,560004.724],[170944.489,560003.249],[170941.233,560000.412],[170934.875,559994.993],[170932.365,559992.927],[170926.345,559987.567],[170925.42,559986.369],[170924.263,559984.576],[170923.602,559983.074],[170923.098,559980.359],[170923.098,559978.614],[170923.74,559975.193],[170924.904,559972.614],[170927.662,559968.454],[170929.053,559966.273],[170929.479,559965.2],[170929.479,559964.49],[170928.825,559963.151],[170922.868,559958.183],[170921.173,559954.899],[170916.653,559947.15],[170909.873,559934.832],[170908.393,559932.144],[170891.658,559901.743],[170881.07,559882.093],[170878.452,559877.012],[170875.279,559871.988],[170873.417,559867.899],[170871.717,559864.8],[170869.14,559859.886],[170868.42,559858.113],[170867.835,559855.006],[170867.218,559854.323],[170866.981,559846.599],[170865.765,559835.46],[170864.354,559822.532],[170862.976,559812.96],[170862.627,559808.869],[170861.68,559802.748],[170861.193,559801.423],[170860.37,559800.22],[170859.004,559799.15],[170857.944,559798.873],[170856.155,559798.873],[170853.102,559799.375],[170845.753,559801.073],[170835.45,559803.556],[170826.127,559805.748],[170819.547,559807.388],[170814.113,559808.446],[170800.301,559811.31],[170786.241,559814.654],[170770.308,559818.237],[170764.798,559819.518],[170757.78,559820.944],[170750.176,559822.296],[170739.174,559824.774],[170722.686,559828.221],[170704.414,559831.96],[170682.712,559836.731],[170672.146,559838.845],[170663.879,559841.269],[170656.007,559842.936],[170650.064,559843.668],[170636.095,559845.341],[170635.821,559844.866],[170623.192,559846.276],[170618.677,559846.232],[170608.743,559847.863],[170608.018,559845.426],[170619.688,559843.44],[170619.862,559843.394],[170620.026,559843.317],[170620.173,559843.212],[170620.298,559843.082],[170620.399,559842.932],[170620.781,559842.228],[170629.063,559840.001],[170645.552,559837.578],[170686.569,559829.219],[170992.408,559763.206],[170992.849,559767.02],[170992.874,559767.235],[170983.548,559769.432],[170966.449,559773.508],[170955.747,559776.08],[170948.193,559778.203],[170937.726,559780.464],[170928.436,559782.472],[170921.173,559784.275],[170913.891,559785.817],[170909.682,559786.918],[170902.95,559788.047],[170888.256,559791.168],[170871.687,559795.14],[170870.146,559795.74],[170868.855,559797.026],[170868.076,559798.506],[170867.881,559800.392],[170868.215,559803.046],[170869.627,559812.577],[170872.775,559838.357],[170874.602,559855.439],[170875.45,559858.464],[170881.08,559868.759],[170895.033,559893.545],[170904.314,559910.513],[170912.367,559925.086],[170922.407,559943.165],[170926.146,559950.444],[170927.016,559951.95],[170928.741,559953.996],[170932.615,559957.912],[170932.7,559957.989],[170956.692,559977.249]]]}},{"type":"Feature","properties":{"relatieveHoogteligging":0,"lokaalID":"G1900.34f0678b241c4f09aa567d30817db508","bgt_status":"bestaand","class":"waterloop","objecttype":"Waterdeel"},"geometry":{"type":"Polygon","coordinates":[[[170622.399,559981.432],[170623.584,559984.821],[170625.533,559991.476],[170630.065,560003.132],[170637.859,560017.119],[170647.094,560033.607],[170657.514,560053.274],[170665.52,560068.575],[170676.026,560088.666],[170684.032,560103.586],[170694.083,560121.358],[170697.762,560128.357],[170696.02,560129.278],[170686.179,560111.302],[170669.129,560080.89],[170655.266,560053.816],[170643.405,560034.011],[170634.584,560017.915],[170629.988,560011.165],[170625.011,559999.647],[170620.648,559986.296],[170619.379,559982.848],[170622.399,559981.432]]]}},{"type":"Feature","properties":{"relatieveHoogteligging":0,"lokaalID":"G1900.1f0cac35b4a2405485c0f77e13bf2ee4","bgt_status":"bestaand","class":"waterloop","objecttype":"Waterdeel"},"geometry":{"type":"Polygon","coordinates":[[[170636.723,559968.402],[170659.86,559956.972],[170661.011,559956.139],[170660.694,559955.186],[170644.382,559924.15],[170619.578,559874.422],[170618.704,559873.628],[170618.149,559873.549],[170617.084,559873.895],[170615.093,559874.541],[170614.458,559874.858],[170613.942,559874.025],[170604.695,559855.61],[170604.576,559855.015],[170604.973,559854.776],[170605.528,559854.935],[170606.282,559856.483],[170614.577,559872.993],[170615.013,559873.549],[170615.529,559873.549],[170616.693,559873.114],[170618.823,559872.318],[170619.498,559872.239],[170619.816,559872.676],[170623.665,559879.78],[170642.239,559916.094],[170659.94,559950.185],[170662.916,559956.258],[170663.194,559956.932],[170662.758,559957.25],[170636.921,559969.672],[170636.365,559969.474],[170636.246,559969.077],[170636.723,559968.402]]]}},{"type":"Feature","properties":{"relatieveHoogteligging":0,"lokaalID":"G1900.32b6028f4a174b42a9966ce64ad8d688","bgt_status":"bestaand","class":"waterloop","objecttype":"Waterdeel"},"geometry":{"type":"Polygon","coordinates":[[[170526.849,559575.295],[170535.557,559572.679],[170546.368,559569.583],[170561.283,559565.574],[170575.42,559561.58],[170596.676,559555.503],[170612.719,559550.926],[170625.236,559547.52],[170633.268,559545.152],[170634.101,559545.374],[170634.661,559546.124],[170634.7,559546.559],[170631.917,559547.633],[170622.097,559550.597],[170606.115,559554.726],[170583.475,559561.172],[170567.754,559565.568],[170558.044,559568.521],[170538.119,559574.147],[170534.303,559575.225],[170533.379,559575.582],[170532.834,559576.265],[170532.527,559576.991],[170532.289,559578.294],[170532.289,559579.145],[170532.464,559580.037],[170532.755,559581.248],[170532.953,559581.889],[170534.353,559585.649],[170534.42,559585.794],[170536.057,559588.668],[170538.257,559591.858],[170538.336,559591.958],[170540.834,559594.739],[170542.371,559597.269],[170543.088,559599.32],[170543.415,559602.449],[170543.831,559606.891],[170544.703,559612.613],[170545.535,559617.642],[170546.261,559621.81],[170546.905,559626.774],[170547.634,559630.889],[170546.411,559632.434],[170543.312,559616.964],[170541.638,559600.658],[170541.58,559598.196],[170541.548,559597.968],[170541.465,559597.754],[170540.405,559595.744],[170540.252,559595.529],[170538.82,559593.988],[170537.001,559591.819],[170534.515,559588.109],[170532.95,559585.277],[170532.632,559584.324],[170531.078,559580.303],[170530.389,559578.674],[170530.299,559578.508],[170530.18,559578.362],[170530.035,559578.24],[170529.239,559577.692],[170529.067,559577.597],[170528.879,559577.538],[170528.683,559577.516],[170528.487,559577.533],[170527.5,559577.719],[170526.849,559575.295]]]}},{"type":"Feature","properties":{"relatieveHoogteligging":0,"lokaalID":"W0653.3444bc9b5e55405989a7f8336ef4db46","bgt_status":"bestaand","class":"waterloop","objecttype":"Waterdeel"},"geometry":{"type":"Polygon","coordinates":[[[170586.377,559814.63],[170586.48,559815.381],[170586.898,559818.423],[170587.384,559821.958],[170579.379,559821.391],[170572.797,559820.924],[170569.912,559820.72],[170561.15,559820.72],[170558.132,559820.79],[170556.688,559820.823],[170553.326,559821.438],[170550.915,559821.979],[170550.285,559822.12],[170549.417,559822.633],[170548.884,559823.323],[170548.748,559824.01],[170548.748,559829.457],[170548.907,559833.928],[170548.69,559843.204],[170546.994,559843.296],[170546.736,559834.73],[170546.247,559824.885],[170546.205,559824.171],[170546.039,559823.753],[170545.662,559823.324],[170545.12,559823.008],[170543.278,559821.932],[170541.384,559821.199],[170540.122,559820.378],[170538.769,559819.27],[170536.998,559817.533],[170536.004,559816.246],[170534.421,559814.664],[170532.466,559813.179],[170531.602,559812.651],[170530.622,559812.44],[170524.426,559812.256],[170524.127,559806.228],[170528.506,559805.295],[170530.084,559805.222],[170532.367,559805.56],[170533.862,559806.366],[170534.602,559806.765],[170536.895,559808.474],[170538.647,559810.402],[170540.133,559812.696],[170540.262,559812.896],[170541.399,559814.244],[170543.101,559815.544],[170544.429,559816.037],[170545.978,559816.46],[170547.095,559816.537],[170548.977,559816.325],[170561.341,559814.525],[170564.851,559814.309],[170574.532,559814.608],[170580.619,559815.002],[170580.621,559815.002],[170586.377,559814.63]]]}},{"type":"Feature","properties":{"relatieveHoogteligging":0,"lokaalID":"G1900.747a240e86944aa29fe3dd2089084a82","bgt_status":"bestaand","class":"waterloop","objecttype":"Waterdeel"},"geometry":{"type":"Polygon","coordinates":[[[170599.755,559804.103],[170598.979,559804.368],[170597.389,559801.016],[170584.184,559757.216],[170555.464,559660.201],[170550.065,559642.275],[170549.997,559642.108],[170548.702,559639.574],[170550.046,559637.956],[170551.16,559641.339],[170554.18,559651.962],[170566.707,559692.57],[170599.755,559804.103]]]}},{"type":"Feature","properties":{"relatieveHoogteligging":0,"lokaalID":"W0653.40ca346062eb4e38aef661954cd8cee4","bgt_status":"bestaand","class":"waterloop","objecttype":"Waterdeel"},"geometry":{"type":"Polygon","coordinates":[[[170624.573,559829.899],[170621.115,559830.597],[170619.157,559830.993],[170617.15,559818.958],[170617.07,559818.594],[170616.958,559818.239],[170616.814,559817.895],[170616.641,559817.565],[170616.439,559817.253],[170616.21,559816.959],[170615.955,559816.687],[170615.677,559816.439],[170615.379,559816.217],[170615.061,559816.022],[170614.728,559815.856],[170614.381,559815.721],[170614.023,559815.617],[170613.658,559815.545],[170613.287,559815.506],[170612.915,559815.501],[170612.543,559815.529],[170612.176,559815.589],[170611.863,559815.667],[170594.349,559820.74],[170593.618,559814.952],[170612.718,559810.236],[170613.413,559810.198],[170614.159,559810.226],[170614.899,559810.32],[170615.627,559810.48],[170616.339,559810.705],[170617.027,559810.993],[170617.686,559811.341],[170618.312,559811.748],[170618.899,559812.209],[170619.441,559812.721],[170619.936,559813.279],[170620.378,559813.88],[170620.765,559814.518],[170621.093,559815.188],[170621.35,559815.862],[170624.573,559829.899]]]}},{"type":"Feature","properties":{"relatieveHoogteligging":0,"lokaalID":"G1900.5778578978014f9d8475acdf8d0b1977","bgt_status":"bestaand","class":"watervlakte","objecttype":"Waterdeel"},"geometry":{"type":"Polygon","coordinates":[[[170592.667,559851.66],[170591.951,559853.083],[170588.387,559854.02],[170569.382,559859.57],[170560.815,559861.803],[170560.064,559861.745],[170560.128,559859.215],[170561.942,559855.661],[170564.498,559852.836],[170567.386,559850.705],[170568.331,559850.333],[170571.307,559849.213],[170575.771,559847.868],[170579.849,559847.259],[170585.605,559847.055],[170589.173,559847.903],[170592.216,559849.555],[170592.667,559851.66]]]}},{"type":"Feature","properties":{"relatieveHoogteligging":0,"lokaalID":"G1900.20ee4a19a68d481a9ac6b76e218c717f","bgt_status":"bestaand","class":"waterloop","objecttype":"Waterdeel"},"geometry":{"type":"Polygon","coordinates":[[[170543.762,559914.534],[170543.823,559916.999],[170544.452,559919.397],[170545.541,559922.521],[170549.632,559931.822],[170552.948,559937.683],[170555.579,559942.395],[170557.57,559945.278],[170561.044,559949.771],[170564.348,559953.246],[170566.635,559957.739],[170570.914,559966.81],[170574.738,559974.494],[170579.347,559983.943],[170580.523,559986.144],[170581.585,559986.386],[170589.96,559985.417],[170597.547,559984.545],[170603.481,559983.687],[170606.205,559983.493],[170606.759,559984.033],[170606.925,559984.766],[170605.97,559985.265],[170597.381,559986.469],[170588.03,559987.438],[170582.429,559988.24],[170580.713,559988.296],[170579.524,559988.199],[170579.092,559987.604],[170577.791,559984.715],[170571.902,559973.059],[170567.751,559964.243],[170564.024,559956.741],[170561.355,559952.841],[170557.373,559948.264],[170554.916,559944.491],[170550.384,559935.972],[170545.385,559925.163],[170542.166,559917.704],[170541.763,559913.571],[170543.839,559896.585],[170545.692,559884.198],[170546.508,559875.371],[170546.952,559852.97],[170547.075,559851.487],[170548.61,559851.473],[170548.718,559872.657],[170548.549,559878.083],[170548.422,559883.042],[170547.49,559887.45],[170546.516,559893.299],[170545.838,559899.445],[170544.652,559908.049],[170543.805,559911.483],[170543.762,559914.534]]]}},{"type":"Feature","properties":{"relatieveHoogteligging":0,"lokaalID":"G1900.a6baa827aa8049d5bde276cc7c63a741","bgt_status":"bestaand","class":"waterloop","objecttype":"Waterdeel"},"geometry":{"type":"Polygon","coordinates":[[[170333.941,559973.747],[170334.91,559975.447],[170334.561,559979.281],[170330.26,559999.729],[170330.167,560000.059],[170330.141,560000.18],[170329.413,560004.968],[170327.661,560014.924],[170323.176,560033.163],[170319.318,560047.35],[170308.523,560092.224],[170299.157,560130.668],[170297.57,560139.822],[170296.511,560143.791],[170295.453,560147.178],[170294.871,560150.035],[170294.183,560152.84],[170293.713,560155.577],[170292.552,560157.95],[170292.491,560158.107],[170291.711,560160.747],[170291.683,560160.871],[170291.172,560164.035],[170290.878,560165.907],[170290.532,560167.532],[170288.841,560175.47],[170288.318,560176.72],[170287.504,560178.413],[170286.644,560179.529],[170285.396,560180.721],[170283.574,560182.308],[170282.186,560183.391],[170280.872,560184.411],[170279.554,560185.307],[170277.603,560186.056],[170275.843,560186.936],[170275.631,560187.078],[170274.411,560188.148],[170274.279,560188.288],[170274.177,560188.451],[170273.337,560190.121],[170273.265,560190.309],[170272.695,560192.419],[170272.673,560192.517],[170272.21,560195.331],[170271.702,560198.945],[170271.047,560202.748],[170270.236,560206.839],[170269.479,560210.959],[170268.087,560215.11],[170267.147,560219.087],[170266.183,560223.066],[170265.183,560227.627],[170264.145,560232.379],[170263.041,560237.115],[170262.336,560241.924],[170261.87,560246.31],[170261.009,560250.676],[170260.991,560250.826],[170260.792,560255.328],[170260.398,560259.28],[170259.846,560262.659],[170259.043,560266.588],[170258.16,560270.433],[170256.898,560273.841],[170255.267,560277.281],[170253.675,560280.63],[170252.365,560283.82],[170252.313,560283.988],[170251.691,560286.854],[170251.504,560287.744],[170248.682,560287.054],[170251.175,560276.507],[170251.987,560274.533],[170253.981,560268.676],[170254.576,560266.596],[170255.045,560264.482],[170256.007,560260.354],[170256.972,560255.933],[170257.825,560249.029],[170258.085,560246.407],[170258.399,560243.172],[170259.256,560239.476],[170260.088,560235.703],[170260.546,560232.75],[170261.789,560226.229],[170262.354,560222.482],[170263.215,560218.551],[170264.216,560214.269],[170265.003,560210.761],[170266.04,560206.621],[170266.937,560202.252],[170267.578,560198.336],[170268.271,560193.936],[170268.955,560191.125],[170269.988,560187.769],[170271.26,560185.99],[170273.023,560184.872],[170275.19,560183.787],[170277,560182.797],[170277.13,560182.712],[170279.355,560180.997],[170281.666,560178.938],[170283.152,560177.412],[170285.08,560175.684],[170285.746,560174.973],[170285.874,560174.803],[170286.802,560173.254],[170286.87,560173.117],[170286.917,560172.971],[170287.623,560169.995],[170289.328,560160.321],[170289.975,560155.978],[170293.569,560139.092],[170297.761,560118.725],[170303.239,560091.216],[170308.4,560067.998],[170313.666,560041.981],[170322.987,560004.846],[170324.28,560000.199],[170327.375,559984.96],[170329.725,559980.652],[170329.783,559980.524],[170332.129,559974.269],[170333.081,559973.318],[170333.941,559973.747]]]}},{"type":"Feature","properties":{"relatieveHoogteligging":0,"lokaalID":"W0653.d70e362331444d2c97690b05d914d194","bgt_status":"bestaand","class":"waterloop","objecttype":"Waterdeel"},"geometry":{"type":"Polygon","coordinates":[[[170214.89,559904.684],[170215.06,559906.676],[170215.949,559907.439],[170219.126,559908.795],[170221.498,559910.024],[170222.557,559911.381],[170223.362,559913.458],[170223.087,559916.785],[170221.308,559928.356],[170218.565,559946.01],[170217.453,559956.413],[170214.4,559974.093],[170214.019,559975.28],[170213.172,559976.085],[170212.367,559976.339],[170211.181,559976],[170210.673,559974.941],[170211.329,559968.498],[170213.553,559954.479],[170215.66,559937.631],[170217.99,559920.804],[170218.383,559916.063],[170218.166,559914.319],[170217.536,559913.302],[170215.987,559912.357],[170213.615,559911.291],[170212.405,559910.492],[170211.17,559909.305],[170210.613,559907.997],[170210.813,559904.853],[170211.925,559896.472],[170213.778,559883.936],[170215.123,559869.631],[170216.097,559863.358],[170216.563,559862.764],[170217.495,559862.595],[170219.444,559862.891],[170220.164,559863.57],[170219.232,559870.934],[170216.193,559893.78],[170214.89,559904.684]]]}},{"type":"Feature","properties":{"relatieveHoogteligging":0,"lokaalID":"W0653.7a9ff616f2a64c22b1df915aa0d2affb","bgt_status":"bestaand","class":"waterloop","objecttype":"Waterdeel"},"geometry":{"type":"Polygon","coordinates":[[[170217.28,559849.891],[170219.949,559850.866],[170221.05,559851.926],[170221.05,559853.537],[170220.711,559857.055],[170217.195,559856.546],[170217.449,559854.808],[170216.941,559853.579],[170216.439,559853.406],[170217.28,559849.891]]]}},{"type":"Feature","properties":{"relatieveHoogteligging":0,"lokaalID":"G1900.9c498be19fd04a67a7680b87397f14e3","bgt_status":"bestaand","class":"waterloop","objecttype":"Waterdeel"},"geometry":{"type":"Polygon","coordinates":[[[170217.28,559849.891],[170216.439,559853.406],[170215.713,559853.155],[170211.392,559852.053],[170203.343,559849.976],[170171.828,559840.81],[170139.952,559831.835],[170112.968,559824.492],[170107.744,559823.197],[170106.994,559823.367],[170106.074,559824.36],[170105.469,559825.837],[170102.589,559825.256],[170103.75,559822.786],[170103.533,559822.035],[170102.347,559821.163],[170100.071,559819.758],[170101.468,559817.212],[170103.882,559818.653],[170109.474,559820.052],[170140.269,559828.699],[170170.896,559837.303],[170202.454,559846.161],[170217.28,559849.891]]]}},{"type":"Feature","properties":{"relatieveHoogteligging":0,"lokaalID":"G1900.fd25ed71cf0c412988fb2bd55ee507f4","bgt_status":"bestaand","class":"waterloop","objecttype":"Waterdeel"},"geometry":{"type":"Polygon","coordinates":[[[170095.046,559620.947],[170097.874,559619.635],[170106.523,559616.846],[170117.754,559612.867],[170132.797,559608.397],[170147.595,559603.516],[170165.097,559597.61],[170180.673,559593.139],[170204.559,559585.839],[170219.057,559580.847],[170228.965,559577.542],[170236.648,559575.292],[170243.183,559573.37],[170249.249,559571.261],[170250.514,559571.425],[170251.475,559573.206],[170250.772,559573.769],[170240.729,559577.056],[170221.095,559583.249],[170211.627,559586.571],[170200.805,559589.729],[170190.845,559592.97],[170175.924,559597.276],[170163.587,559601.337],[170148.748,559606.176],[170137.886,559609.703],[170119.277,559615.035],[170108.654,559618.68],[170100.503,559620.977],[170097.646,559622.195],[170096.498,559623.133],[170096.193,559624.141],[170096.334,559625.312],[170096.827,559627.691],[170097.53,559631.09],[170097.249,559632.73],[170096.968,559633.597],[170095.75,559634.371],[170092.236,559635.73],[170079.12,559640.191],[170049.996,559649.163],[170019.134,559658.543],[170003.638,559663.048],[170003.03,559661.124],[170033.397,559651.954],[170055.122,559645.228],[170071.682,559640.142],[170086.807,559635.385],[170093.98,559632.76],[170094.8,559631.898],[170094.8,559630.135],[170094.431,559627.387],[170093.734,559624.557],[170093.816,559622.506],[170095.046,559620.947]]]}},{"type":"Feature","properties":{"relatieveHoogteligging":0,"lokaalID":"G1900.59486b9da420411d882b9db6a556a490","bgt_status":"bestaand","class":"waterloop","objecttype":"Waterdeel"},"geometry":{"type":"Polygon","coordinates":[[[170104.749,559830.44],[170103.352,559837.805],[170099.522,559858.49],[170093.501,559891.185],[170090.013,559912.792],[170085.57,559936.042],[170082.11,559951.948],[170081.957,559954.632],[170082.292,559955.673],[170078.369,559954.924],[170078.625,559953.022],[170079.468,559947.309],[170080.12,559942.094],[170081.538,559934.885],[170083.263,559925.644],[170086.651,559911.872],[170089.894,559892.142],[170091.848,559881.866],[170095.03,559865.225],[170097.904,559849.197],[170100.894,559833.16],[170101.634,559829.818],[170104.749,559830.44]]]}},{"type":"Feature","properties":{"relatieveHoogteligging":0,"lokaalID":"W0653.77ed333f0cd44957a4d03dde1030f61c","bgt_status":"bestaand","class":"waterloop","objecttype":"Waterdeel"},"geometry":{"type":"Polygon","coordinates":[[[170082.292,559955.673],[170082.685,559956.894],[170081.957,559960.575],[170080.96,559964.793],[170080.079,559967.247],[170078.277,559975.759],[170075.518,559987.914],[170072.528,559999.685],[170070.037,560011.227],[170067.737,560021.388],[170065.897,560031.165],[170063.329,560044.24],[170060.034,560059.507],[170057.975,560071.58],[170054.393,560091.944],[170050.368,560114.835],[170046.842,560130.595],[170044.542,560140.526],[170042.166,560149.46],[170039.942,560159.391],[170038.409,560167.021],[170037.374,560175.111],[170036.509,560180.732],[170036.093,560184.5],[170032.171,560185.204],[170032.413,560182.988],[170033.637,560171.929],[170035.314,560161.931],[170037.394,560151.866],[170039.338,560143.884],[170040.806,560138.516],[170043.515,560127.876],[170045.009,560121.511],[170046.734,560112.998],[170048.114,560104.141],[170049.456,560096.434],[170050.682,560088.995],[170051.679,560083.244],[170052.752,560076.419],[170053.557,560072.623],[170054.822,560066.296],[170056.393,560058.052],[170057.697,560051.61],[170059.306,560045.169],[170060.303,560039.455],[170062.152,560029.62],[170063.609,560022.067],[170065.142,560014.781],[170065.87,560011.139],[170068.161,560001.718],[170068.812,559998.19],[170069.809,559993.819],[170071.687,559986.266],[170073.833,559977.868],[170075.29,559971.963],[170076.478,559966.519],[170077.59,559960.729],[170078.369,559954.924],[170082.292,559955.673]]]}},{"type":"Feature","properties":{"relatieveHoogteligging":0,"lokaalID":"G1900.e041aac9a3204bc7a0d110292c291b4b","bgt_status":"bestaand","class":"waterloop","objecttype":"Waterdeel"},"geometry":{"type":"Polygon","coordinates":[[[169913.905,559725.897],[169905.729,559727.55],[169892.81,559729.754],[169887.472,559730.602],[169886.159,559730.4],[169886.008,559730.065],[169885.925,559729.539],[169886.229,559728.847],[169898.488,559726.919],[169912.358,559724.352],[169919.474,559722.778],[169922.742,559722.39],[169927.117,559723.656],[169948.001,559731.794],[169980.109,559744.382],[169990.572,559748.07],[169992.606,559749.723],[169992.987,559750.825],[169994.554,559752.478],[169997.329,559753.919],[170005.112,559758.666],[170024.534,559770.831],[170050.851,559786.927],[170081.546,559805.529],[170093.28,559812.141],[170096.499,559814.176],[170095.143,559817.143],[170082.393,559809.683],[170063.373,559798.027],[170048.081,559788.787],[170031.942,559779.462],[170016.608,559769.883],[170007.077,559763.186],[169996.009,559756.628],[169993.516,559755.417],[169992.451,559755.247],[169991.507,559756.797],[169990.272,559757.161],[169989.328,559756.604],[169988.989,559755.683],[169989.57,559752.099],[169989.449,559750.888],[169989.021,559750.387],[169964.261,559740.596],[169938.835,559730.804],[169927.079,559726.151],[169924.537,559725.388],[169922.462,559725.303],[169921.36,559725.558],[169918.988,559730.686],[169918.183,559731.873],[169917.251,559731.873],[169916.489,559731.11],[169918.522,559726.151],[169917.505,559725.6],[169913.905,559725.897]]]}},{"type":"Feature","properties":{"relatieveHoogteligging":0,"lokaalID":"W0653.7c2f0e55f2814e7abe8e5618fce4a99e","bgt_status":"bestaand","class":"waterloop","objecttype":"Waterdeel"},"geometry":{"type":"Polygon","coordinates":[[[170261.622,559808.241],[170268.218,559806.105],[170274.958,559804.185],[170285.742,559801.544],[170294.364,559799.519],[170298.926,559798.55],[170303.553,559797.709],[170311.097,559796.337],[170317.307,559795.26],[170321.892,559794.257],[170326.775,559793.188],[170331.083,559792.194],[170335.132,559790.972],[170345.017,559787.904],[170345.141,559788.357],[170346.219,559792.294],[170338.185,559794.38],[170329.881,559796.12],[170320.501,559798.13],[170306.189,559800.942],[170298.272,559802.489],[170284.148,559805.583],[170278.953,559806.945],[170277.317,559807.315],[170275.81,559807.656],[170268.04,559809.437],[170265.632,559810.211],[170262.42,559811.462],[170260.324,559808.831],[170261.622,559808.241]]]}},{"type":"Feature","properties":{"relatieveHoogteligging":0,"lokaalID":"G1900.774e673d9f3646f78263182b30cad949","bgt_status":"bestaand","class":"waterloop","objecttype":"Waterdeel"},"geometry":{"type":"Polygon","coordinates":[[[170963.679,560022.03],[170973.363,560031.658],[170969.19,560035.069],[170955.49,560048.84],[170946.378,560057.824],[170941.724,560062.545],[170938.578,560066.873],[170934.841,560070.807],[170929.86,560077.758],[170925.73,560083.791],[170923.436,560086.021],[170919.568,560088.972],[170914.389,560091.66],[170907.703,560095.201],[170899.247,560098.742],[170892.364,560101.89],[170882.204,560107.333],[170871.716,560113.825],[170865.423,560117.694],[170859.326,560120.71],[170854.803,560123.595],[170850.674,560126.087],[170845.167,560128.71],[170837.891,560132.382],[170830.746,560136.448],[170824.538,560139.118],[170818.132,560141.853],[170809.742,560146.05],[170807.344,560147.062],[170803.898,560148.411],[170800.639,560149.46],[170797.006,560149.947],[170793.223,560150.172],[170787.717,560150.209],[170781.086,560149.797],[170776.47,560149.572],[170771.881,560150.753],[170767.293,560151.08],[170758.705,560152.13],[170752.937,560152.982],[170744.219,560153.9],[170741.203,560154.818],[170736.68,560158.031],[170733.272,560161.769],[170732.112,560163.363],[170727.485,560166.104],[170724.536,560167.329],[170722.544,560167.789],[170719.173,560167.368],[170714.922,560167.176],[170712.243,560166.712],[170711.668,560166.439],[170709.997,560166.583],[170707.879,560167.137],[170705.554,560167.385],[170699.708,560167.47],[170694.625,560167.724],[170688.737,560167.64],[170675.775,560166.919],[170663.321,560166.283],[170655.272,560165.817],[170647.775,560164.418],[170639.514,560162.511],[170631.593,560161.155],[170626.806,560160.985],[170618.716,560160.858],[170609.82,560161.155],[170598.076,560162.034],[170588.418,560162.67],[170582.36,560162.797],[170574.227,560161.907],[170564.527,560161.017],[170552.496,560160.381],[170538.687,560159.449],[170527.758,560159.576],[170519.286,560159.703],[170506.324,560158.601],[170499.462,560158.05],[170492.938,560156.778],[170486.754,560155.252],[170480.4,560152.794],[170475.444,560149.064],[170473.326,560145.419],[170473,560142.402],[170466.773,560129.81],[170448.352,560098.267],[170425.779,560059.326],[170400.797,560022.813],[170382.116,559995.368],[170369.292,559976.454],[170361.879,559968.591],[170350.315,559961.248],[170342.383,559955.907],[170338.454,559952.94],[170334.896,559948.564],[170333.71,559945.745],[170333.265,559941.072],[170333.265,559933.21],[170332.375,559927.276],[170330.448,559922.009],[170325.481,559912.843],[170318.407,559902.247],[170310.549,559892.858],[170302.501,559885.483],[170294.961,559879.888],[170286.15,559873.912],[170277.127,559868.105],[170273.696,559866.452],[170268.401,559862.002],[170261.98,559856.056],[170257.599,559851.308],[170253.654,559847.893],[170249.587,559845.399],[170240.558,559841.79],[170234.553,559838.68],[170230.174,559836.413],[170223.566,559833.143],[170223.138,559832.92],[170214.198,559828.275],[170208.268,559825.586],[170201.587,559822.801],[170194.592,559820.96],[170186.192,559819.967],[170173.073,559817.933],[170160.365,559814.954],[170149.884,559812.338],[170141.678,559808.874],[170129.309,559803.594],[170119.554,559799.38],[170114.215,559799.075],[170107.174,559798.882],[170105.777,559798.286],[170103.039,559796.338],[170094.884,559789.822],[170081.297,559779.543],[170062.362,559765.895],[170042.284,559751.781],[170025.636,559741.015],[170005.854,559730.376],[169982.344,559719.059],[169966.883,559711.726],[169947.567,559702.147],[169940.246,559699.872],[169938.4,559699.709],[169936.213,559699.926],[169931.775,559700.143],[169926.967,559700.09],[169920.734,559700.023],[169915.097,559700.421],[169907.235,559701.559],[169896.663,559702.885],[169890.563,559703.947],[169886.151,559704.698],[169883.268,559704.872],[169881.974,559704.793],[169880.818,559704.723],[169878.85,559704.516],[169877.155,559704.058],[169875.732,559703.984],[169874.148,559704.516],[169872.478,559705.246],[169871.537,559705.976],[169871.082,559706.6],[169864.68,559707.662],[169857.072,559691.859],[169859.801,559690.852],[169863.477,559691.269],[169867.455,559690.511],[169869.653,559689.26],[169872.95,559688.616],[169875.699,559690.267],[169878.081,559690.7],[169881.697,559690.635],[169884.144,559689.574],[169886.85,559689.357],[169890.639,559690.224],[169892.307,559690.917],[169894.494,559689.682],[169895.944,559688.599],[169897.936,559689.487],[169899.214,559691.242],[169900.946,559692.411],[169903.804,559692.282],[169905.026,559691.833],[169907.299,559691.985],[169909.08,559692.25],[169912.036,559692.023],[169916.393,559690.62],[169921.13,559690.166],[169923.782,559689.408],[169926.965,559689.711],[169932.156,559689.104],[169936.324,559688.119],[169940.606,559688.005],[169942.413,559688.118],[169947.594,559688.617],[169950.82,559688.617],[169953.277,559687.939],[169955.267,559685.48],[169956.199,559682.598],[169956.369,559678.656],[169955.183,559675.053],[169954.886,559670.306],[169955.437,559668.696],[169957.301,559668.738],[169958.741,559669.798],[169958.826,559672.976],[169959.885,559675.986],[169960.224,559678.699],[169959.679,559682.023],[169959.34,559684.106],[169959.098,559687.763],[169960.066,559690.5],[169962.777,559691.953],[169966.287,559692.292],[169970.063,559691.759],[169972,559690.064],[169973.404,559687.739],[169973.888,559685.293],[169974.808,559682.943],[169973.041,559680.691],[169970.257,559679.213],[169967.352,559677.59],[169966.82,559675.871],[169963.697,559673.57],[169962.729,559672.407],[169963.14,559671.39],[169964.517,559670.435],[169967.422,559670.435],[169970.254,559671.888],[169972.529,559673.438],[169977.37,559675.424],[169982.976,559675.639],[169985.906,559675.549],[169989.698,559676.732],[169996.301,559680.109],[170005.142,559684.541],[170012.579,559688.486],[170020.675,559692.792],[170025.859,559695.199],[170028.808,559696.346],[170030.628,559697.415],[170033.334,559699.003],[170038.761,559701.193],[170042.259,559702.55],[170049.198,559705.274],[170054.568,559707.258],[170059.604,559709.431],[170061.827,559710.846],[170066.078,559712.791],[170069.741,559713.98],[170073.179,559714.881],[170075.406,559715.442],[170081.529,559716.983],[170085.837,559717.578],[170087.8,559717.532],[170088.937,559717.243],[170090.423,559717.243],[170094.235,559717.402],[170095.913,559717.402],[170097.671,559717.825],[170099.145,559717.654],[170100.149,559717.068],[170103.107,559715.339],[170104.371,559715.141],[170105.274,559715.43],[170106.178,559715.876],[170106.521,559715.876],[170108.11,559715.303],[170116.361,559711.903],[170117.877,559711.529],[170118.287,559711.428],[170118.988,559711.621],[170119.604,559711.909],[170120.687,559713.108],[170121.796,559714.624],[170122,559715.369],[170122.034,559716.401],[170122.084,559717.905],[170122.314,559719.168],[170124.687,559726.672],[170125.77,559731.062],[170126.163,559732.488],[170126.967,559735.407],[170128.309,559738.578],[170130.645,559741.779],[170133.309,559743.405],[170137.489,559745.047],[170141.932,559746.65],[170147.231,559748.331],[170150.567,559749.583],[170153.938,559750.896],[170156.508,559751.618],[170160.616,559752.169],[170166.364,559755.682],[170170.812,559758.861],[170174.37,559762.803],[170177.928,559766.66],[170182.249,559770.644],[170188.773,559774.882],[170189.461,559775.91],[170190.869,559777.913],[170190.202,559783.995],[170188.72,559790.597],[170188.201,559794.528],[170189.09,559797.421],[170190.499,559799.35],[170196.133,559801.204],[170209.105,559803.355],[170212.59,559803.652],[170218.446,559806.545],[170227.341,559811.514],[170233.234,559814.656],[170236.385,559816.336],[170241.426,559819.896],[170246.653,559824.007],[170251.23,559827.091],[170256.419,559828.723],[170259.829,559828.797],[170265.759,559828.278],[170278.436,559826.868],[170287.924,559825.311],[170310.83,559819.822],[170330.401,559814.778],[170335.219,559813.962],[170337.221,559814.555],[170339.074,559815.965],[170340.557,559817.597],[170341.743,559823.308],[170343.299,559830.281],[170345.375,559836.882],[170349.452,559842.371],[170352.047,559845.783],[170359.089,559850.975],[170365.612,559854.313],[170371.395,559859.58],[170374.73,559866.404],[170377.992,559873.228],[170383.626,559885.615],[170387.777,559897.483],[170394.004,559912.615],[170396.302,559919.026],[170397.15,559926.104],[170398.039,559938.057],[170396.641,559946.449],[170395.497,559955.308],[170394.693,559962.047],[170395.413,559966.964],[170397.107,559971.033],[170403.122,559980.57],[170413.469,559995.68],[170422.068,560009.286],[170432.176,560025.867],[170441.146,560040.479],[170454.619,560066.533],[170460.197,560078.086],[170467.851,560090.028],[170475.116,560100.672],[170480.226,560110.769],[170483.34,560119.448],[170486.527,560129.09],[170489.641,560134.431],[170491.716,560136.582],[170495.275,560139.104],[170500.538,560139.772],[170511.806,560140.736],[170528.485,560141.255],[170556.654,560141.848],[170581.488,560142.739],[170594.016,560143.109],[170604.097,560142.739],[170617.367,560141.626],[170627.967,560142.071],[170635.232,560143.035],[170653.542,560145.928],[170678.227,560149.266],[170691.063,560150.41],[170698.899,560151.216],[170705.296,560150.919],[170712.581,560152.53],[170719.556,560154.885],[170720.465,560155.049],[170721.823,560155.086],[170723.168,560154.878],[170724.69,560154.693],[170726.601,560153.756],[170728.961,560152.37],[170732.669,560148.323],[170736.527,560144.651],[170738.512,560144.8],[170739.936,560145.1],[170744.768,560143.826],[170752.222,560142.215],[170757.466,560142.028],[170762.56,560141.053],[170767.317,560140.154],[170771.663,560140.379],[170775.858,560140.191],[170780.952,560140.117],[170786.983,560138.505],[170793.65,560136.931],[170796.272,560137.194],[170798.969,560136.22],[170801.329,560136.032],[170804.438,560135.17],[170807.847,560133.671],[170809.57,560132.023],[170812.754,560131.236],[170817.885,560128.725],[170819.908,560126.102],[170820.657,560124.304],[170826.269,560120.617],[170840.952,560112.011],[170859.995,560100.994],[170876.055,560092.043],[170886.379,560085.846],[170896.589,560080.797],[170903.587,560078.387],[170910.969,560073.734],[170914.115,560071.261],[170919.659,560064.816],[170923.142,560059.232],[170931.552,560050.125],[170938.931,560043.192],[170948.483,560035.773],[170952.64,560034.312],[170956.648,560031.277],[170958.933,560029.478],[170960.357,560026.518],[170962.829,560024.157],[170963.616,560022.171],[170963.679,560022.03]]]}},{"type":"Feature","properties":{"relatieveHoogteligging":0,"lokaalID":"W0653.b7df4a4d6926475ab46e2cdfad1c01e7","bgt_status":"bestaand","class":"waterloop","objecttype":"Waterdeel"},"geometry":{"type":"Polygon","coordinates":[[[170799.628,559604.345],[170801.832,559605.735],[170811.554,559610.784],[170824.312,559616.574],[170827.426,559617.944],[170830.675,559619.374],[170838.868,559622.091],[170847.478,559625.548],[170858.125,559631.051],[170859.695,559632.095],[170868.514,559637.961],[170875.072,559641.787],[170881.324,559645.435],[170885.977,559648.163],[170888.943,559649.764],[170892.64,559651.76],[170900.319,559656.827],[170905.81,559660.21],[170906.003,559660.329],[170911.453,559663.615],[170912.755,559664.4],[170919.57,559668.27],[170936.071,559679.083],[170948.608,559687.147],[170954.817,559691.398],[170959.875,559694.861],[170964.989,559699.201],[170967.622,559701.955],[170969.454,559704.051],[170973.047,559708.598],[170976.94,559713.141],[170980.503,559718.577],[170982.897,559723.405],[170985.183,559729.098],[170985.834,559730.571],[170988.038,559735.558],[170992.335,559745.133],[170994.158,559749.552],[170993.923,559750.017],[170993.156,559750.588],[170992.493,559750.822],[170991.965,559750.813],[170988.83,559744.809],[170986.425,559740.193],[170983.568,559734.239],[170981.104,559727.818],[170979.74,559724.575],[170977.269,559719.853],[170975.377,559716.645],[170972.85,559713.164],[170970.17,559709.818],[170964.468,559702.931],[170962.539,559700.964],[170959.561,559698.23],[170956.54,559696.056],[170952.409,559693.472],[170947.621,559690.435],[170938.359,559684.356],[170934.726,559681.972],[170928.699,559678.607],[170923.618,559675.722],[170921.603,559674.46],[170918.325,559672.376],[170914.865,559669.894],[170910.607,559666.939],[170905.909,559664.077],[170901.282,559661.431],[170897.044,559658.696],[170893.381,559656.388],[170889.327,559654.286],[170884.463,559651.571],[170880.101,559648.957],[170877.728,559647.535],[170874.502,559646.232],[170872.901,559645.462],[170866.87,559641.533],[170864.377,559640.07],[170859.362,559636.5],[170856.296,559634.278],[170855.32,559633.638],[170854.375,559633.105],[170851.021,559631.254],[170846.652,559629.003],[170841.709,559627.13],[170834.182,559624.207],[170829.719,559622.665],[170824.813,559620.364],[170817.114,559616.635],[170808.255,559612.298],[170800.967,559608.534],[170798.773,559607.507],[170796.648,559606.294],[170794.937,559605.262],[170793.59,559604.171],[170789.081,559600.862],[170787.994,559600.174],[170784.99,559598.272],[170781.429,559596.568],[170775.726,559594.175],[170768.378,559591.404],[170764.943,559590.461],[170763.059,559590.018],[170760.273,559589.638],[170754.791,559589.485],[170744.192,559589.14],[170741.618,559588.871],[170740.496,559588.694],[170737.428,559587.692],[170734.242,559586.403],[170730.904,559584.782],[170725.596,559582.232],[170717.361,559578.476],[170711.019,559575.717],[170707.348,559574.135],[170701.583,559571.444],[170689.525,559566.164],[170683.148,559563.232],[170679.911,559561.743],[170677.879,559560.889],[170676,559560.34],[170673.51,559559.9],[170671.353,559559.664],[170667.478,559559.399],[170666.135,559559.307],[170664.096,559558.777],[170660.135,559557.551],[170657.978,559556.627],[170656.893,559556.007],[170655.503,559555.033],[170654.326,559554.106],[170652.798,559552.63],[170650.335,559550.299],[170649.234,559549.026],[170648.538,559548.221],[170647.512,559546.826],[170646.22,559544.935],[170645.287,559543.022],[170643.375,559538.592],[170641.702,559534.159],[170640.177,559530.576],[170637.992,559524.394],[170636.433,559520.208],[170634.944,559515.855],[170633.698,559512.082],[170633.287,559510.491],[170632.908,559508.462],[170632.576,559506.169],[170632.335,559503.526],[170632.1,559500],[170632.269,559494.785],[170632.435,559489.968],[170632.583,559486.023],[170632.435,559482.601],[170632.62,559480.113],[170632.974,559476.582],[170633.509,559472.904],[170633.87,559469.66],[170633.867,559468.494],[170633.602,559464.259],[170632.577,559459.609],[170631.907,559457.212],[170630.959,559453.912],[170630.098,559451.662],[170629.011,559449.735],[170627.252,559446.418],[170625.722,559443.171],[170625.235,559442.136],[170624.296,559439.41],[170623.992,559438.414],[170624.06,559437.98],[170624.42,559437.703],[170624.813,559437.624],[170625.13,559437.56],[170625.63,559437.56],[170626.1,559437.72],[170626.46,559438.32],[170627.57,559440.47],[170629.19,559443.4],[170630.227,559445.326],[170631.49,559447.67],[170632.605,559450.299],[170633.14,559451.56],[170634.39,559454.73],[170635.35,559458.22],[170636.12,559460.9],[170636.503,559463.393],[170636.59,559463.96],[170636.77,559466.55],[170636.9,559469.99],[170636.831,559471.801],[170636.8,559472.63],[170636.41,559476.07],[170636.374,559476.313],[170635.99,559478.91],[170635.66,559481.217],[170635.55,559481.99],[170635.21,559484.19],[170635.126,559485.648],[170635.04,559487.13],[170634.9,559490.33],[170634.74,559494.02],[170634.707,559495.516],[170634.67,559497.17],[170634.79,559498.651],[170634.9,559500],[170634.99,559501.35],[170635.43,559504.41],[170635.758,559505.937],[170636.46,559509.21],[170638.07,559514.54],[170640.21,559521.22],[170642.66,559528.09],[170645.17,559534.89],[170647.51,559540.24],[170650.26,559545.52],[170651.368,559547.088],[170651.526,559547.311],[170652.74,559549.03],[170654.795,559550.827],[170655.45,559551.4],[170659.1,559553.63],[170661.053,559554.432],[170663.29,559555.35],[170667.67,559556.22],[170667.82,559556.25],[170674.17,559557.25],[170680.56,559558.65],[170684.6,559560.24],[170688.61,559562.29],[170694.804,559565.209],[170695.57,559565.57],[170696.227,559565.858],[170702.81,559568.74],[170709.07,559571.33],[170713.692,559573.107],[170715.91,559573.96],[170725.74,559578.48],[170728.552,559579.587],[170732.153,559581.005],[170732.485,559581.136],[170732.8,559581.26],[170741.23,559585.14],[170745.32,559586.53],[170749.84,559587.53],[170753.18,559587.71],[170758,559587.71],[170761.69,559587.601],[170762.07,559587.59],[170762.859,559587.672],[170767.16,559588.12],[170772.56,559589.27],[170776.95,559590.72],[170782.49,559593.23],[170786.143,559595.265],[170789.065,559597.207],[170790.119,559597.908],[170794.168,559600.599],[170799.411,559604.208],[170799.628,559604.345]]]}},{"type":"Feature","properties":{"relatieveHoogteligging":0,"lokaalID":"W0653.71e985a9ebdb4ad4860bd0b385a76c15","bgt_status":"bestaand","class":"waterloop","objecttype":"Waterdeel"},"geometry":{"type":"Polygon","coordinates":[[[170625.287,559396.621],[170625.185,559397.573],[170625.174,559397.612],[170625.16,559397.801],[170626.08,559399.468],[170628.011,559403.548],[170629.342,559406.769],[170629.755,559407.556],[170633.127,559413.959],[170635.859,559419.807],[170648.065,559445.932],[170653.498,559462.244],[170654.067,559467.341],[170654.01,559475.265],[170651.925,559485.601],[170650.685,559497.36],[170652.239,559502.385],[170655.26,559514.21],[170659.033,559524.478],[170662.827,559533.154],[170663.45,559534.247],[170663.549,559534.39],[170663.671,559534.514],[170666.166,559536.631],[170666.34,559536.749],[170670.279,559538.864],[170670.523,559538.956],[170676.786,559540.43],[170683.028,559542.267],[170693.056,559546.319],[170705.267,559551.488],[170717.224,559557.682],[170717.363,559557.741],[170726.956,559560.992],[170734.665,559563.211],[170742.524,559564.665],[170749.153,559565.506],[170753.955,559565.699],[170759.028,559566.057],[170764.475,559566.564],[170768.694,559567.147],[170774.229,559568.242],[170777.822,559569.315],[170779.003,559569.994],[170778.4,559570.965],[170777.7,559572.091],[170774.157,559570.782],[170774.059,559570.751],[170770.516,559569.841],[170766.776,559568.891],[170766.621,559568.864],[170762.698,559568.504],[170756.85,559567.986],[170750.793,559567.183],[170744.969,559566.755],[170739.287,559566.037],[170735.304,559565.567],[170731.445,559564.412],[170726.499,559562.94],[170722.021,559561.639],[170718.24,559560.264],[170714.33,559558.467],[170710.311,559556.488],[170703.276,559552.835],[170698.436,559550.555],[170695.243,559549.138],[170691.783,559547.788],[170686.677,559545.959],[170681.863,559544.488],[170677.445,559543.236],[170672.45,559542.081],[170669.372,559541.202],[170666.434,559539.512],[170663.764,559537.177],[170663.523,559536.909],[170659.938,559532.33],[170656.354,559527.307],[170651.5,559513.442],[170648.92,559501.37],[170648.843,559486.799],[170650.499,559472.43],[170650.158,559466.034],[170649.643,559461.731],[170644.213,559446.58],[170633.07,559421.481],[170626.739,559407.234],[170624.583,559404.077],[170622.742,559400.369],[170621.912,559398.02],[170621.693,559396.581],[170621.605,559396.001],[170621.605,559394.992],[170621.053,559393.685],[170621.298,559393.537],[170622.339,559392.909],[170622.926,559392.554],[170623.092,559392.798],[170623.601,559393.549],[170623.71,559393.71],[170624.198,559394.611],[170625.287,559396.621]]]}},{"type":"Feature","properties":{"relatieveHoogteligging":0,"lokaalID":"W0653.45aae1e8ab3548f3bacd1fe483aa81f2","bgt_status":"bestaand","class":"waterloop","objecttype":"Waterdeel"},"geometry":{"type":"Polygon","coordinates":[[[170436.882,558677.783],[170430.855,558670.879],[170425.587,558664.897],[170420.025,558657.17],[170415.184,558649.764],[170411.054,558644.244],[170406.747,558637.194],[170405.127,558633.891],[170403.508,558630.277],[170402.76,558626.289],[170402.885,558623.173],[170403.072,558617.69],[170404.255,558609.34],[170405.003,558597.189],[170406.311,558583.916],[170408.429,558574.32],[170410.734,558568.649],[170415.78,558560.798],[170417.213,558559.24],[170418.645,558559.24],[170422.952,558561.982],[170429.146,558565.792],[170432.884,558569.281],[170432.274,558571.642],[170430.789,558574.836],[170427.595,558579.068],[170426.124,558580.824],[170424.15,558579.69],[170423.561,558579.418],[170422.95,558579.199],[170422.323,558579.034],[170421.683,558578.926],[170421.036,558578.875],[170420.388,558578.881],[170419.742,558578.944],[170419.104,558579.064],[170418.48,558579.24],[170414.38,558580.75],[170411.85,558582.61],[170411.704,558582.728],[170411.569,558582.858],[170411.446,558583],[170411.335,558583.151],[170411.237,558583.311],[170411.153,558583.479],[170411.083,558583.653],[170411.029,558583.833],[170410.99,558584.016],[170410.967,558584.203],[170410.96,558584.39],[170409.8,558595.87],[170411.29,558598.665],[170412.582,558601.556],[170413.67,558604.53],[170413.802,558605.524],[170413.841,558606.526],[170413.787,558607.528],[170413.64,558608.52],[170413.52,558610.28],[170413.67,558611.18],[170413.751,558611.566],[170413.866,558611.943],[170414.016,558612.308],[170414.198,558612.658],[170414.412,558612.99],[170414.654,558613.301],[170414.925,558613.588],[170415.22,558613.85],[170415.915,558614.971],[170416.514,558616.146],[170417.01,558617.368],[170417.401,558618.627],[170417.685,558619.915],[170417.858,558621.223],[170417.92,558622.54],[170417.89,558626.97],[170417.622,558628.949],[170417.196,558630.9],[170416.614,558632.81],[170415.88,558634.668],[170415,558636.46],[170413.88,558638.64],[170413.34,558640.39],[170417.58,558648.18],[170418.628,558649.479],[170429.257,558662.654],[170429.27,558662.67],[170435.79,558670.49],[170439.69,558675.1],[170439.791,558675.239],[170439.874,558675.333],[170436.882,558677.783]]]}},{"type":"Feature","properties":{"relatieveHoogteligging":0,"lokaalID":"G1900.7ab7c61af4c4445b904a1af26bfc551a","bgt_status":"bestaand","class":"waterloop","objecttype":"Waterdeel"},"geometry":{"type":"Polygon","coordinates":[[[170439.978,558109.401],[170436.041,558108.708],[170428.445,558107.802],[170424.646,558107.478],[170423.488,558108.098],[170422.758,558117.266],[170421.856,558131.241],[170421.167,558142.275],[170420.559,558144.223],[170419.87,558144.993],[170418.532,558144.912],[170416.991,558144.507],[170416.383,558143.655],[170416.525,558141.474],[170416.951,558134.659],[170417.606,558124.306],[170418.741,558111.883],[170419.653,558104.875],[170421.559,558101.995],[170423.626,558100.088],[170426.14,558100.169],[170431.126,558101.224],[170434.341,558101.821],[170437.017,558102.398],[170440.917,558103.405],[170450.306,558104.767],[170454.265,558105.279],[170458.111,558105.84],[170462.108,558106.148],[170469.759,558106.848],[170491.286,558110.012],[170495.908,558111.229],[170497.814,558112.202],[170498.391,558114.089],[170497.682,558121.046],[170495.878,558132.476],[170494.175,558144.767],[170493.405,558146.674],[170492.31,558147.12],[170490.607,558146.836],[170489.634,558145.984],[170489.452,558142.425],[170489.949,558134.828],[170490.386,558126.946],[170489.393,558118.995],[170485.658,558117.595],[170461.038,558112.791],[170457.123,558111.925],[170453.328,558111.303],[170449.372,558110.76],[170439.978,558109.401]]]}},{"type":"Feature","properties":{"relatieveHoogteligging":0,"lokaalID":"G1900.ec0bf655477a41e192373c0faf577cdb","bgt_status":"bestaand","class":"waterloop","objecttype":"Waterdeel"},"geometry":{"type":"Polygon","coordinates":[[[170400.077,558086.255],[170400.742,558083.102],[170402.957,558083.735],[170406.594,558085.034],[170409.12,558086.842],[170413.012,558089.762],[170413.591,558090.643],[170411.691,558092.289],[170410.116,558091.316],[170407.637,558089.507],[170404.324,558087.699],[170401.197,558086.54],[170400.077,558086.255]]]}},{"type":"Feature","properties":{"relatieveHoogteligging":0,"lokaalID":"W0653.a927edce1c13498f9ed4ac139f1aa3fe","bgt_status":"bestaand","class":"waterloop","objecttype":"Waterdeel"},"geometry":{"type":"Polygon","coordinates":[[[170388.331,558079.734],[170388.559,558079.795],[170393.952,558081.242],[170393.312,558084.748],[170392.741,558084.894],[170392.117,558086.639],[170389.988,558097.075],[170386.441,558114.325],[170384.227,558124.174],[170383.694,558128.068],[170382.959,558133.451],[170381.462,558133.185],[170381.163,558134.622],[170379.341,558134.243],[170379.629,558132.858],[170378.22,558132.607],[170377.853,558132.542],[170379.965,558125.031],[170385.377,558098.988],[170387.584,558086.91],[170388.07,558084.43],[170387.722,558083.341],[170387.526,558083.153],[170388.331,558079.734]]]}},{"type":"Feature","properties":{"relatieveHoogteligging":0,"lokaalID":"P0021.d876aabff3044abeb35e1373b5ad1ee3","bgt_status":"bestaand","class":"waterloop","objecttype":"Waterdeel"},"geometry":{"type":"Polygon","coordinates":[[[170492.84,558185.701],[170490.246,558206.907],[170488.26,558206.8],[170487.311,558206.755],[170477.821,558206.306],[170471.78,558206.02],[170467.504,558205.775],[170434.312,558204.165],[170357.404,558177.206],[170346.572,558173.153],[170345.503,558172.589],[170339.392,558169.427],[170329.825,558164.429],[170320.172,558159.245],[170320.783,558158.084],[170318.502,558156.525],[170314.238,558154.07],[170299.383,558146.186],[170283.237,558137.535],[170275.098,558132.589],[170302.78,558095.687],[170306.251,558099.7],[170310.287,558103.929],[170315.476,558109.761],[170321.434,558115.656],[170327.776,558118.925],[170331.718,558123.597],[170337.38,558129.802],[170343.054,558135.441],[170347.996,558138.737],[170355.134,558143.204],[170362.931,558147.892],[170368.532,558150.528],[170371.863,558152.652],[170377.885,558154.355],[170385.572,558157.174],[170394.156,558160.25],[170399.121,558161.66],[170408.089,558164.608],[170410.122,558164.94],[170414.761,558165.698],[170417.808,558167.96],[170429.103,558172.752],[170446.807,558179.372],[170492.84,558185.701]]]}},{"type":"Feature","properties":{"relatieveHoogteligging":0,"lokaalID":"G1900.008ea964525a451d9abfec1e78d36437","bgt_status":"bestaand","class":"waterloop","objecttype":"Waterdeel"},"geometry":{"type":"Polygon","coordinates":[[[170412.829,558232.177],[170409.738,558247.038],[170408.485,558245.458],[170408.111,558245.106],[170406.238,558244.725],[170405.619,558244.599],[170404.676,558244.407],[170403.348,558244.137],[170371.086,558237.575],[170364.351,558242.823],[170368.671,558273.038],[170367.517,558300.085],[170368.841,558301.892],[170375.467,558303.524],[170375.657,558306.058],[170372.027,558307.157],[170367.317,558307.222],[170356.406,558307.242],[170350.625,558306.487],[170350.532,558303.83],[170355.532,558302.712],[170356.595,558274.015],[170351.928,558239.895],[170351.42,558236.177],[170348.813,558234.356],[170343.876,558234.424],[170341.191,558234.539],[170339.678,558234.658],[170332.694,558235.205],[170331.964,558231.498],[170331.108,558227.157],[170340.801,558224.399],[170355.129,558224.213],[170360.23,558224.323],[170364.953,558224.487],[170369.807,558225.241],[170378.925,558226.955],[170405.75,558232.477],[170408.066,558232.933],[170408.603,558233.039],[170410.443,558233.401],[170410.945,558233.5],[170411.06,558233.523],[170412.829,558232.177]]]}},{"type":"Feature","properties":{"relatieveHoogteligging":0,"lokaalID":"G1900.4f2db3eeb5fc45c5966199b0c2d06de2","bgt_status":"bestaand","class":"waterloop","objecttype":"Waterdeel"},"geometry":{"type":"Polygon","coordinates":[[[170347.63,558187.536],[170344.964,558175.975],[170346.572,558173.153],[170357.404,558177.206],[170434.312,558204.165],[170428.504,558236.326],[170428.93,558237.11],[170429.631,558238.399],[170430.24,558239.52],[170452.06,558245.07],[170446.75,558271.53],[170443.77,558286.23],[170441.68,558296.6],[170439.58,558306.96],[170437.49,558317.29],[170434.441,558332.35],[170405.43,558327.917],[170404.017,558328.501],[170404.616,558324.971],[170399.91,558324.03],[170394.574,558322.731],[170393.536,558321.549],[170393.822,558320.188],[170393.5,558318.648],[170392.204,558317.483],[170396.709,558298.452],[170400.431,558282.726],[170407.65,558252.174],[170408.643,558252.358],[170409.738,558247.038],[170412.829,558232.177],[170419.336,558201.336],[170418.228,558200.271],[170411.049,558198.066],[170394.065,558192.093],[170385.775,558189.891],[170382.903,558189.331],[170368.745,558187.516],[170362.949,558187.514],[170360.206,558187.532],[170357.304,558187.885],[170357.288,558185.637],[170347.63,558187.536]]]}},{"type":"Feature","properties":{"relatieveHoogteligging":0,"lokaalID":"W0653.9842774ab34845e7b212f1af8891a981","bgt_status":"bestaand","class":"waterloop","objecttype":"Waterdeel"},"geometry":{"type":"Polygon","coordinates":[[[170393.062,558573.044],[170395.132,558573.845],[170389.908,558587.236],[170389.8,558587.317],[170389.686,558587.388],[170389.566,558587.449],[170389.442,558587.5],[170389.313,558587.539],[170389.181,558587.567],[170389.048,558587.583],[170388.913,558587.588],[170388.779,558587.58],[170388.645,558587.561],[170388.514,558587.531],[170388.387,558587.489],[170388.263,558587.436],[170388.144,558587.372],[170388.032,558587.299],[170387.926,558587.215],[170387.828,558587.123],[170387.738,558587.023],[170387.658,558586.915],[170387.587,558586.8],[170387.526,558586.68],[170387.477,558586.555],[170387.438,558586.426],[170387.411,558586.294],[170387.395,558586.161],[170387.391,558586.026],[170387.893,558585.21],[170388.331,558584.358],[170388.703,558583.475],[170389.005,558582.566],[170390.659,558578.052],[170391.339,558576.321],[170392.14,558574.651],[170393.062,558573.044]]]}},{"type":"Feature","properties":{"relatieveHoogteligging":0,"lokaalID":"G1900.b546c3594aa648779992de9189024aa8","bgt_status":"bestaand","class":"waterloop","objecttype":"Waterdeel"},"geometry":{"type":"Polygon","coordinates":[[[170401.81,558550.083],[170402.285,558550.148],[170403.472,558550.457],[170404.213,558551.046],[170403.696,558552.06],[170403.267,558552.877],[170401.38,558557.404],[170398.336,558564.437],[170397.558,558565.689],[170396.168,558565.142],[170395.867,558564.95],[170395.575,558564.727],[170395.506,558564.594],[170395.591,558564.355],[170395.89,558563.747],[170396.143,558563.212],[170400.083,558554.7],[170400.356,558553.941],[170400.589,558553.381],[170400.719,558552.79],[170400.728,558552.377],[170401.08,558551.322],[170401.441,558550.674],[170401.81,558550.083]]]}},{"type":"Feature","properties":{"relatieveHoogteligging":0,"lokaalID":"G1900.dcc3c69917e4422ea7b1029c6a9be53c","bgt_status":"bestaand","class":"waterloop","objecttype":"Waterdeel"},"geometry":{"type":"Polygon","coordinates":[[[170371.584,558509.742],[170372.649,558508.927],[170375.921,558509.825],[170380.575,558511.759],[170382.043,558512.976],[170383.202,558518.178],[170405.647,558527.851],[170410.417,558529.933],[170411.96,558531.125],[170412.86,558532.856],[170413.094,558533.862],[170413.106,558534.938],[170412.751,558535.873],[170406.675,558546.617],[170406.041,558546.924],[170405.453,558546.734],[170404.093,558545.768],[170409.949,558535.618],[170410.603,558534.53],[170410.755,558533.934],[170410.662,558533.384],[170410.229,558532.893],[170406.105,558531.013],[170391.319,558524.638],[170384.06,558520.457],[170371.53,558515.13],[170371.083,558511.622],[170371.584,558509.742]]]}},{"type":"Feature","properties":{"relatieveHoogteligging":0,"lokaalID":"G1900.c91bc35b2d4b431f99811ae452d2fa1c","bgt_status":"bestaand","class":"waterloop","objecttype":"Waterdeel"},"geometry":{"type":"Polygon","coordinates":[[[170285.057,558471.378],[170286.024,558468.752],[170296.988,558472.892],[170305.51,558476.11],[170306.47,558476.78],[170308.01,558481.87],[170308.24,558482.02],[170336.143,558492.489],[170336.965,558492.798],[170348.99,558497.31],[170349.046,558497.338],[170350.3,558497.96],[170350.825,558500],[170351.03,558500.619],[170349.36,558500],[170333.95,558494.28],[170316.96,558499.07],[170314.51,558490.52],[170308.29,558492.26],[170304,558478.58],[170285.057,558471.378]]]}},{"type":"Feature","properties":{"relatieveHoogteligging":0,"lokaalID":"G1900.55a1ea5fcf7f4f66949bd25affab8889","bgt_status":"bestaand","class":"watervlakte","plus_type":"haven","objecttype":"Waterdeel"},"geometry":{"type":"Polygon","coordinates":[[[170283.237,558137.535],[170299.383,558146.186],[170293.177,558149.753],[170286.414,558163.188],[170288.163,558173.404],[170290.056,558184.464],[170281.859,558185.833],[170279.901,558186.174],[170269.993,558187.881],[170268.011,558188.176],[170260.392,558189.439],[170256.645,558188.358],[170253.372,558185.755],[170252.461,558184.039],[170251.461,558182.331],[170251.616,558182.296],[170251.279,558177.837],[170250.738,558169.809],[170254.773,558169.011],[170274.278,558165.685],[170284.728,558144.637],[170283.237,558137.535]]]}},{"type":"Feature","properties":{"relatieveHoogteligging":0,"lokaalID":"G1900.f4b7125a6a494b188ab13b913b12181a","bgt_status":"bestaand","class":"waterloop","objecttype":"Waterdeel"},"geometry":{"type":"Polygon","coordinates":[[[170253.954,558462.519],[170276.291,558464.687],[170277.23,558464.778],[170277.23,558465.17],[170276.97,558466.87],[170256.039,558465.349],[170255.347,558465.299],[170247.95,558475],[170227.77,558500],[170226.61,558502.06],[170226.4,558502.63],[170226.349,558502.8],[170224.132,558501.304],[170224.6,558501.18],[170225.49,558500],[170245.04,558475],[170253.954,558462.519]]]}},{"type":"Feature","properties":{"relatieveHoogteligging":0,"lokaalID":"W0653.64b99d03339c4f40957d98f0d3c0abaf","bgt_status":"bestaand","class":"waterloop","objecttype":"Waterdeel"},"geometry":{"type":"Polygon","coordinates":[[[169907.868,558748.968],[169909.579,558748.102],[169914.509,558744.933],[169917.187,558743.003],[169920.87,558740.348],[169927.608,558735.62],[169932.81,558732.094],[169940.894,558726.878],[169951.039,558721.257],[169958.722,558716.195],[169965.824,558711.417],[169977.543,558703.3],[169993.695,558692.213],[170000.686,558687.509],[170010.51,558680.81],[170027.293,558669.047],[170039.952,558661.141],[170064.277,558645.083],[170067.062,558643.26],[170078.67,558635.905],[170097.229,558623.688],[170110.128,558615.301],[170110.218,558615.242],[170114.117,558612.492],[170120.053,558608.626],[170138.663,558596.555],[170146.821,558591.597],[170146.978,558591.479],[170147.109,558591.332],[170147.989,558590.128],[170148.105,558589.923],[170148.169,558589.697],[170148.337,558588.651],[170148.345,558588.391],[170148.212,558587.075],[170148.174,558586.885],[170148.099,558586.705],[170147.991,558586.543],[170147.854,558586.405],[170131.661,558573.012],[170109.753,558554.539],[170110.204,558554.201],[170137.595,558576.294],[170155.478,558592.075],[170180.177,558612.206],[170185.723,558617.009],[170185.228,558617.655],[170184.596,558617.172],[170184.209,558616.92],[170180.496,558613.872],[170180.116,558612.942],[170180.024,558612.768],[170179.9,558612.616],[170179.749,558612.491],[170179.319,558612.201],[170179.197,558612.13],[170178.625,558611.853],[170153.577,558591.137],[170153.386,558591.013],[170153.172,558590.935],[170152.946,558590.908],[170151.362,558590.899],[170151.129,558590.925],[170150.909,558591.004],[170149.002,558591.956],[170148.876,558592.032],[170125.915,558608.105],[170109.898,558618.204],[170067.809,558645.942],[170032.389,558669.304],[170006.505,558686.494],[170006.419,558686.558],[169999.419,558692.372],[169983.578,558701.906],[169970.155,558710.799],[169953.819,558722.57],[169945.278,558727.155],[169937.755,558731.522],[169926.819,558739.211],[169917.769,558746.013],[169908.55,558751.286],[169897.275,558758.158],[169886.215,558765.539],[169872.921,558775.131],[169871.362,558773.635],[169871.362,558772.754],[169873.619,558770.826],[169879.286,558766.38],[169883.208,558763.588],[169891.836,558758.148],[169898.447,558754.259],[169905.918,558749.956],[169907.868,558748.968]]]}},{"type":"Feature","properties":{"relatieveHoogteligging":0,"lokaalID":"W0653.8879099c677240ae9a9e9511d9fa8ee8","bgt_status":"bestaand","class":"waterloop","objecttype":"Waterdeel"},"geometry":{"type":"Polygon","coordinates":[[[169839.656,558184.126],[169839.79,558184.139],[169839.98,558184.162],[169840.143,558184.195],[169840.28,558184.232],[169840.429,558184.272],[169862.264,558202.992],[169884.609,558222.151],[169910.499,558242.673],[169910.794,558242.907],[169914.659,558245.971],[169927.386,558256.247],[169948.906,558273.623],[169955.38,558278.85],[169980.46,558299.66],[170000,558315.96],[170029.55,558340.6],[170045.99,558355.03],[170075,558379.3],[170099.7,558399.63],[170119.808,558416.554],[170123.83,558419.94],[170145.69,558437.53],[170150.065,558441.096],[170179.44,558465.04],[170181.28,558466.595],[170187.5,558470.72],[170190.57,558472.47],[170192.64,558474.02],[170194.07,558474.91],[170222.2,558500],[170222.85,558500.82],[170223.58,558501.32],[170223.88,558501.37],[170224.132,558501.304],[170226.349,558502.8],[170226.285,558503.014],[170226.589,558503.984],[170239.282,558514.846],[170260.369,558533.238],[170293.533,558560.41],[170315.843,558579.005],[170331.953,558592.766],[170341.159,558598.574],[170347.093,558601.097],[170354.191,558602.662],[170358.66,558601.47],[170373.57,558596.67],[170374.692,558596.431],[170375.791,558596.101],[170376.858,558595.68],[170377.887,558595.172],[170378.87,558594.581],[170379.801,558593.91],[170380.673,558593.165],[170381.48,558592.35],[170385,558588.42],[170386.256,558589.024],[170387.215,558589.486],[170385.946,558591.366],[170384.555,558592.799],[170382.55,558594.661],[170380.668,558596.053],[170378.949,558597.362],[170376.822,558598.447],[170369.825,558600.698],[170357.733,558604.699],[170356.377,558605.187],[170355.041,558605.528],[170353.611,558605.809],[170352.315,558605.896],[170351.313,558605.916],[170350.925,558605.865],[170350.79,558605.898],[170350.636,558605.827],[170350.238,558605.775],[170349.133,558605.547],[170346.903,558604.749],[170344.1,558603.521],[170340.725,558602.027],[170337.922,558600.513],[170334.061,558598.288],[170329.944,558595.458],[170324.394,558591.268],[170312.329,558581.42],[170302.377,558573.147],[170294.071,558565.376],[170287.591,558560.72],[170278.426,558552.913],[170260.095,558537.944],[170223.35,558506.679],[170201.985,558489.006],[170164.081,558457.482],[170135.95,558434.168],[170059.327,558370.243],[170035.519,558350.313],[170010.646,558330.007],[169983.956,558307.633],[169958.832,558286.435],[169918.923,558253.469],[169904.209,558241.866],[169883.981,558225.679],[169876.107,558219.001],[169875.995,558218.906],[169855.519,558201.541],[169840.447,558188.971],[169836.592,558185.796],[169836.654,558185.693],[169836.735,558185.561],[169836.814,558185.452],[169836.928,558185.303],[169837.091,558185.117],[169837.265,558184.951],[169837.417,558184.825],[169837.515,558184.747],[169837.616,558184.679],[169837.753,558184.588],[169837.881,558184.517],[169837.994,558184.455],[169838.136,558184.392],[169838.262,558184.338],[169838.372,558184.3],[169838.533,558184.247],[169838.63,558184.222],[169838.815,558184.178],[169839.093,558184.137],[169839.212,558184.128],[169839.365,558184.119],[169839.499,558184.12],[169839.656,558184.126]]]}},{"type":"Feature","properties":{"relatieveHoogteligging":0,"lokaalID":"W0653.5ddd5575ff0d4e9bb9bf430b1895ce75","bgt_status":"bestaand","class":"waterloop","objecttype":"Waterdeel"},"geometry":{"type":"Polygon","coordinates":[[[170046.874,558500.755],[170103.913,558548.715],[170105.132,558549.805],[170104.715,558550.649],[170103.833,558550.559],[170086.017,558534.529],[170085.85,558534.398],[170085.632,558534.253],[170085.403,558534.128],[170085.164,558534.023],[170084.824,558533.914],[170083.881,558533.867],[170082.947,558533.988],[170081.782,558534.741],[170080.824,558535.518],[170078.907,558534.268],[170079.271,558532.969],[170079.367,558531.123],[170079.369,558530.247],[170079.356,558529.546],[170079.05,558528.919],[170060.542,558513.712],[170042.217,558499.228],[170022.174,558481.971],[170021.905,558481.594],[170021.89,558481.41],[170022.056,558481.071],[170022.266,558480.938],[170023.053,558481.013],[170023.949,558481.35],[170031.689,558487.548],[170046.874,558500.755]]]}},{"type":"Feature","properties":{"relatieveHoogteligging":0,"lokaalID":"W0653.bfe3b4989dc94fa4b1ddc74f8ecaab21","bgt_status":"bestaand","class":"waterloop","objecttype":"Waterdeel"},"geometry":{"type":"Polygon","coordinates":[[[170002.97,558120.3],[170002.97,558119.92],[170003.05,558119.45],[170003.19,558119.09],[170003.39,558118.92],[170003.69,558118.84],[170004.17,558118.82],[170008.29,558119.45],[170012.869,558120.142],[170034.83,558123.46],[170035.31,558123.66],[170035.51,558123.91],[170035.61,558124.23],[170035.61,558124.75],[170035.62,558125.18],[170035.57,558125.75],[170035.49,558126.06],[170035.37,558126.56],[170035.15,558126.93],[170034.9,558127.11],[170034.37,558127.14],[170032.82,558127.09],[170022,558126.06],[170010.39,558124.36],[170006.886,558123.549],[170005.94,558123.33],[170005.41,558123.11],[170004.71,558122.64],[170004.08,558122.44],[170003.4,558121.47],[170003.15,558120.89],[170003,558120.49],[170002.97,558120.3]]]}},{"type":"Feature","properties":{"relatieveHoogteligging":0,"lokaalID":"W0653.a1b9f9e707a644a596b3c57f18907fa4","bgt_status":"bestaand","class":"waterloop","objecttype":"Waterdeel"},"geometry":{"type":"Polygon","coordinates":[[[170041.251,558127.653],[170041.26,558127.522],[170041.281,558127.393],[170041.313,558127.265],[170041.356,558127.142],[170041.41,558127.022],[170041.474,558126.907],[170041.547,558126.799],[170041.63,558126.697],[170041.722,558126.603],[170041.821,558126.518],[170041.928,558126.441],[170042.041,558126.374],[170042.159,558126.317],[170042.282,558126.271],[170042.408,558126.236],[170042.537,558126.212],[170054.03,558127.818],[170063.168,558129.144],[170063.424,558129.216],[170063.581,558129.301],[170063.719,558129.412],[170063.836,558129.547],[170063.927,558129.7],[170063.989,558129.866],[170064.021,558130.041],[170064.021,558130.219],[170063.843,558132.233],[170063.813,558132.402],[170063.754,558132.564],[170063.668,558132.713],[170063.559,558132.845],[170063.428,558132.957],[170063.28,558133.044],[170063.119,558133.105],[170062.951,558133.138],[170062.779,558133.142],[170062.641,558133.123],[170053.812,558131.925],[170053.685,558131.913],[170053.558,558131.912],[170053.431,558131.922],[170053.306,558131.943],[170053.183,558131.973],[170053.062,558132.015],[170052.946,558132.066],[170052.834,558132.127],[170052.728,558132.197],[170052.629,558132.276],[170052.536,558132.363],[170052.451,558132.458],[170052.374,558132.559],[170052.172,558132.728],[170051.912,558132.774],[170049.767,558132.556],[170049.647,558132.518],[170049.54,558132.45],[170049.454,558132.357],[170049.393,558132.246],[170049.363,558132.123],[170049.365,558131.997],[170049.284,558131.752],[170049.195,558131.604],[170049.082,558131.474],[170048.948,558131.366],[170048.797,558131.282],[170048.634,558131.226],[170048.464,558131.2],[170042.512,558130.392],[170042.385,558130.369],[170042.26,558130.335],[170042.139,558130.291],[170042.022,558130.236],[170041.91,558130.172],[170041.804,558130.098],[170041.705,558130.015],[170041.614,558129.924],[170041.53,558129.826],[170041.456,558129.72],[170041.39,558129.609],[170041.335,558129.493],[170041.289,558129.372],[170041.255,558129.247],[170041.231,558129.121],[170041.218,558128.992],[170041.216,558128.863],[170041.251,558127.653]]]}},{"type":"Feature","properties":{"relatieveHoogteligging":0,"lokaalID":"W0653.2cfac3b7766b411580d4ec28a8107aae","bgt_status":"bestaand","class":"waterloop","objecttype":"Waterdeel"},"geometry":{"type":"Polygon","coordinates":[[[170097.15,558138.91],[170096.328,558138.859],[170095.835,558138.827],[170070.363,558134.122],[170070.234,558134.092],[170070.108,558134.051],[170069.986,558134],[170069.869,558133.937],[170069.758,558133.864],[170069.655,558133.782],[170069.558,558133.691],[170069.47,558133.592],[170069.392,558133.486],[170069.323,558133.373],[170069.264,558133.254],[170069.216,558133.13],[170069.179,558133.003],[170069.154,558132.873],[170069.14,558132.742],[170069.137,558132.609],[170069.147,558132.477],[170069.184,558132.306],[170069.236,558132.138],[170069.302,558131.976],[170069.382,558131.821],[170069.476,558131.673],[170069.582,558131.533],[170069.7,558131.404],[170069.829,558131.285],[170069.968,558131.179],[170070.115,558131.084],[170070.271,558131.003],[170070.433,558130.937],[170070.6,558130.884],[170070.771,558130.847],[170070.944,558130.824],[170071.119,558130.817],[170071.294,558130.825],[170071.468,558130.849],[170076.113,558131.68],[170084.66,558133.21],[170086.68,558133.6],[170098.25,558135.8],[170098.148,558136.557],[170098.026,558137.464],[170097.85,558138.77],[170097.6,558138.89],[170097.15,558138.91]]]}},{"type":"Feature","properties":{"relatieveHoogteligging":0,"lokaalID":"W0653.ccf6866136404efea4a5758d495dbe80","bgt_status":"bestaand","class":"waterloop","objecttype":"Waterdeel"},"geometry":{"type":"Polygon","coordinates":[[[170121.193,558128.283],[170127.294,558129.463],[170126.951,558137.636],[170126.361,558139.723],[170124.462,558142.525],[170124.312,558142.743],[170124.143,558142.948],[170123.958,558143.138],[170123.757,558143.311],[170123.543,558143.467],[170123.316,558143.603],[170123.077,558143.72],[170122.83,558143.816],[170122.576,558143.89],[170122.316,558143.943],[170122.053,558143.973],[170121.788,558143.981],[170121.523,558143.966],[170105.69,558140.19],[170105.32,558140.06],[170105.12,558139.78],[170105.18,558139.16],[170105.64,558137.26],[170105.9,558135.74],[170106.11,558135.11],[170106.49,558134.97],[170107.38,558135.32],[170119.97,558137.31],[170120.27,558137.33],[170120.62,558137.34],[170120.84,558137.21],[170121.05,558136.82],[170121.193,558128.283]]]}},{"type":"Feature","properties":{"relatieveHoogteligging":0,"lokaalID":"G1900.26008e2ce9eb48bd898ffa2223b27fae","bgt_status":"bestaand","class":"watervlakte","objecttype":"Waterdeel"},"geometry":{"type":"Polygon","coordinates":[[[170132.538,558081.42],[170160.174,558091.782],[170150.111,558104.288],[170150.996,558112.823],[170137.833,558128.714],[170136.702,558130.08],[170130.152,558128.685],[170127.352,558128.089],[170127.294,558129.463],[170121.193,558128.283],[170125.398,558107.817],[170128.328,558092.888],[170130.06,558092.498],[170132.139,558083.05],[170132.538,558081.42]]]}},{"type":"Feature","properties":{"relatieveHoogteligging":0,"lokaalID":"G1900.d333e1def76f45e8860d52c859470e82","bgt_status":"bestaand","class":"watervlakte","plus_type":"meer, plas, ven, vijver","objecttype":"Waterdeel"},"geometry":{"type":"Polygon","coordinates":[[[170309.496,558698.387],[170307.287,558698.783],[170304.613,558699.055],[170301.668,558698.284],[170297.408,558696.425],[170292.549,558693.659],[170285.313,558688.714],[170271.871,558677.546],[170221.081,558635.75],[170167.375,558590.205],[170117.695,558549.103],[170077.589,558515.639],[170029.296,558475.787],[170001.046,558452.142],[169982.173,558436.272],[169961.793,558417.467],[169952.119,558407.231],[169951.999,558406.911],[169950.216,558402.153],[169954.418,558397.63],[169969.128,558392.433],[169984.255,558388.823],[169989.944,558388.962],[170002.018,558397.154],[170036.988,558426.453],[170072.375,558459.084],[170105.82,558486.578],[170117.199,558497.131],[170116.644,558507.823],[170121.501,558514.488],[170129.827,558519.487],[170140.79,558526.708],[170158.276,558544.343],[170179.231,558566.143],[170195.328,558586.139],[170207.263,558598.775],[170222.667,558605.856],[170243.344,558612.66],[170256.805,558616.409],[170270.404,558624.185],[170282.478,558631.684],[170306.208,558650.846],[170319.386,558662.329],[170322.15,558665.412],[170325.956,558668.087],[170329.536,558670.671],[170331.439,558672.576],[170331.937,558676.294],[170330.261,558681.054],[170326.364,558686.767],[170321.923,558692.027],[170314.99,558696.969],[170310.323,558698.239],[170309.496,558698.387]]]}},{"type":"Feature","properties":{"relatieveHoogteligging":0,"lokaalID":"G1900.2082437723934292b75922d4e28d3b6d","bgt_status":"bestaand","class":"waterloop","objecttype":"Waterdeel"},"geometry":{"type":"Polygon","coordinates":[[[170319.185,558611.304],[170319.477,558611.962],[170320.266,558614.316],[170320.879,558616.731],[170321.305,558619.165],[170321.576,558623.948],[170321.459,558624.036],[170321.316,558624.125],[170321.165,558624.202],[170321.008,558624.264],[170320.846,558624.312],[170320.681,558624.346],[170320.513,558624.364],[170320.344,558624.367],[170320.175,558624.356],[170320.008,558624.329],[170319.845,558624.287],[170319.685,558624.231],[170319.532,558624.161],[170319.404,558624.088],[170319.05,558619.34],[170318.497,558615.438],[170318.47,558614.887],[170318.403,558614.378],[170318.254,558613.706],[170318.07,558613.134],[170317.837,558612.581],[170317.599,558612.125],[170317.23,558611.545],[170316.861,558611.071],[170316.451,558610.631],[170316.006,558610.228],[170315.616,558609.93],[170277.777,558578.129],[170243.05,558549.402],[170203.813,558516.49],[170182.979,558499.23],[170181.002,558497.594],[170157.039,558477.251],[170120.39,558446.781],[170074.861,558408.832],[170016.241,558359.842],[170000.64,558346.812],[169990.016,558337.975],[169988.2,558336.661],[169988.324,558335.761],[169988.935,558335.197],[169989.159,558335.117],[169991.239,558336.761],[169999.358,558343.554],[170011.647,558353.856],[170048.826,558385.154],[170078.073,558409.107],[170087.21,558416.273],[170091.146,558420.125],[170119.156,558443.675],[170158.019,558476.157],[170182.328,558496.376],[170187.524,558500.764],[170204.825,558515.374],[170243.239,558547.127],[170279.213,558577.503],[170296.17,558591.926],[170315.53,558607.646],[170315.659,558607.736],[170316.324,558608.12],[170316.914,558608.536],[170317.464,558609.003],[170317.97,558609.518],[170318.428,558610.076],[170318.834,558610.673],[170319.185,558611.304]]]}},{"type":"Feature","properties":{"relatieveHoogteligging":0,"lokaalID":"G1900.b6ce4bb4b1bf48d5b0f657e0fb5b3ca3","bgt_status":"bestaand","class":"waterloop","objecttype":"Waterdeel"},"geometry":{"type":"Polygon","coordinates":[[[170168.717,558153.218],[170152.903,558150.141],[170152.722,558150.098],[170152.546,558150.04],[170152.376,558149.966],[170152.212,558149.878],[170152.057,558149.776],[170151.911,558149.661],[170151.776,558149.534],[170151.653,558149.395],[170151.542,558149.246],[170151.444,558149.088],[170151.361,558148.922],[170151.292,558148.75],[170151.239,558148.572],[170151.202,558148.39],[170151.18,558148.206],[170151.175,558148.02],[170151.185,558147.835],[170151.212,558147.651],[170151.255,558147.47],[170151.314,558147.294],[170151.387,558147.124],[170151.476,558146.96],[170151.578,558146.805],[170151.693,558146.659],[170151.82,558146.524],[170151.959,558146.401],[170152.108,558146.29],[170152.266,558146.193],[170152.432,558146.11],[170152.605,558146.041],[170152.783,558145.988],[170152.965,558145.951],[170153.149,558145.929],[170153.335,558145.924],[170153.52,558145.935],[170180.283,558150.902],[170199.373,558154.525],[170221.855,558159.01],[170222.046,558159.016],[170222.175,558159.031],[170222.31,558159.053],[170222.474,558159.091],[170222.654,558159.149],[170222.799,558159.207],[170223.006,558159.314],[170223.189,558159.432],[170223.272,558159.492],[170223.431,558159.63],[170223.505,558159.706],[170223.576,558159.78],[170223.647,558159.868],[170223.742,558159.998],[170223.801,558160.087],[170223.893,558160.253],[170223.938,558160.351],[170224.004,558160.518],[170224.039,558160.617],[170224.068,558160.729],[170224.104,558160.909],[170224.124,558161.073],[170224.133,558161.186],[170224.132,558161.305],[170224.118,558161.523],[170224.092,558161.691],[170224.056,558161.849],[170224.026,558161.959],[170223.956,558162.147],[170223.905,558162.253],[170223.844,558162.371],[170223.774,558162.49],[170223.661,558162.649],[170223.541,558162.791],[170223.47,558162.862],[170223.399,558162.933],[170223.249,558163.059],[170223.164,558163.118],[170222.923,558163.266],[170222.745,558163.35],[170222.563,558163.417],[170222.395,558163.463],[170222.187,558163.502],[170221.992,558163.52],[170221.797,558163.521],[170221.602,558163.506],[170179.96,558155.405],[170180.63,558154.596],[170169.416,558152.374],[170168.717,558153.218]]]}},{"type":"Feature","properties":{"relatieveHoogteligging":0,"lokaalID":"G1900.ed29792a32aa4bd6bf758a9ad8fb3a7b","bgt_status":"bestaand","class":"watervlakte","objecttype":"Waterdeel"},"geometry":{"type":"Polygon","coordinates":[[[170200.042,558101.469],[170206.361,558103.106],[170207.41,558103.357],[170212.503,558104.805],[170213.816,558105.093],[170211.542,558116.436],[170210.396,558116.228],[170205.245,558115.182],[170204.155,558114.861],[170201.836,558114.413],[170200.183,558114.094],[170197.896,558113.652],[170198.676,558109.223],[170200.042,558101.469]]]}},{"type":"Feature","properties":{"relatieveHoogteligging":0,"lokaalID":"P0021.1b682dde0d4f47a3870207363cb0f061","bgt_status":"bestaand","class":"waterloop","objecttype":"Waterdeel"},"geometry":{"type":"Polygon","coordinates":[[[170302.78,558095.687],[170275.098,558132.589],[170271.492,558130.398],[170263.669,558126.004],[170257.331,558122.593],[170250.052,558119.077],[170242.521,558115.583],[170233.464,558111.628],[170227.628,558109.138],[170224.339,558108.013],[170219.632,558106.716],[170215.679,558105.502],[170213.816,558105.093],[170212.503,558104.805],[170207.41,558103.357],[170206.361,558103.106],[170200.042,558101.469],[170186.583,558098.159],[170183.745,558097.431],[170178.017,558095.962],[170160.174,558091.782],[170132.538,558081.42],[170124.823,558077.745],[170111.922,558074.58],[170100.506,558071.949],[170089.747,558069.704],[170088.303,558077.124],[170083.353,558076.052],[170084.695,558069.834],[170085.681,558069.98],[170085.873,558068.995],[170084.907,558068.851],[170063.079,558065.604],[170056.623,558063.954],[170051.304,558063.83],[170056.784,558006.231],[170060.901,558005.561],[170066.667,558005.69],[170074.098,558006.843],[170080.44,558008.958],[170085.693,558010.175],[170090.882,558011.842],[170094.469,558014.597],[170098.889,558015.943],[170107.409,558017.545],[170120.734,558019.98],[170130.278,558021.839],[170134.25,558021.518],[170140.592,558021.839],[170149.112,558021.967],[170156.927,558023.056],[170166.088,558025.107],[170174.928,558027.927],[170184.601,558029.465],[170192.609,558031.259],[170200.424,558034.976],[170206.83,558039.718],[170214.517,558044.011],[170225.151,558047.28],[170228.995,558050.548],[170235.273,558055.482],[170241.615,558059.712],[170249.174,558062.275],[170254.811,558065.159],[170263.523,558071.631],[170271.467,558075.22],[170279.602,558078.424],[170287.033,558083.166],[170293.119,558087.139],[170300.486,558093.035],[170302.78,558095.687]]]}},{"type":"Feature","properties":{"relatieveHoogteligging":0,"lokaalID":"P0021.3da6a907c89c4cc480ddeda155818cdc","bgt_status":"bestaand","class":"waterloop","objecttype":"Waterdeel"},"geometry":{"type":"Polygon","coordinates":[[[170056.623,558063.954],[170063.079,558065.604],[170063.036,558066.612],[170062.702,558074.358],[170056.239,558074.058],[170056.623,558063.954]]]}},{"type":"Feature","properties":{"relatieveHoogteligging":0,"lokaalID":"G1900.01373ce59c4944bfb0ff6aa608dcafd2","bgt_status":"bestaand","class":"waterloop","objecttype":"Waterdeel"},"geometry":{"type":"Polygon","coordinates":[[[170258.867,558036.23],[170259.617,558031.818],[170261.319,558026.636],[170263.448,558021.879],[170264.241,558020.71],[170265.145,558020.27],[170266.233,558020.641],[170267.577,558021.313],[170267.299,558024.326],[170265.793,558028.731],[170264.658,558030.429],[170262.689,558036.015],[170261.415,558037.731],[170261.179,558037.93],[170260.876,558038.254],[170260.386,558038.585],[170259.949,558038.678],[170259.247,558038.267],[170258.93,558037.777],[170258.9,558037.068],[170258.867,558036.23]]]}},{"type":"Feature","properties":{"relatieveHoogteligging":0,"lokaalID":"G1900.07aec41b679643f1b5f06ff294da5bfc","bgt_status":"bestaand","class":"waterloop","objecttype":"Waterdeel"},"geometry":{"type":"Polygon","coordinates":[[[170387.526,558083.153],[170387.19,558082.831],[170385.145,558082.419],[170377.767,558080.675],[170367.996,558078.403],[170357.78,558075.766],[170348.374,558072.886],[170340.347,558070.29],[170335.361,558068.545],[170334.408,558067.99],[170333.528,558067.503],[170333.157,558066.947],[170333.759,558065.927],[170334.454,558065.625],[170344.711,558068.465],[170354.441,558071.142],[170376.82,558076.659],[170388.331,558079.734],[170387.526,558083.153]]]}},{"type":"Feature","properties":{"relatieveHoogteligging":0,"lokaalID":"W0653.ea740ada091547f4bd3113af68b64881","bgt_status":"bestaand","class":"waterloop","objecttype":"Waterdeel"},"geometry":{"type":"Polygon","coordinates":[[[170310.31,557894.032],[170307.957,557899.471],[170306.797,557899.896],[170304.122,557903.06],[170300.23,557909.105],[170298.527,557911.945],[170296.378,557918.232],[170294.473,557925.818],[170292.627,557932.454],[170292.186,557934.053],[170292.21,557936.766],[170291.19,557939.153],[170290.443,557942.926],[170290.073,557944.757],[170290.582,557946.287],[170292.685,557950.558],[170293.576,557953.357],[170293.455,557955.629],[170292.806,557958.753],[170290.982,557965.193],[170288.443,557971.574],[170286.213,557978.227],[170285.362,557981.635],[170285.483,557983.055],[170286.416,557984.069],[170290.267,557985.326],[170301.051,557987.628],[170312.068,557989.363],[170328.447,557991.229],[170343.356,557993.46],[170350.045,557994.717],[170360.424,557996.786],[170373.975,557999.819],[170386.107,558002.729],[170394.833,558004.078],[170401.219,558004.362],[170410.584,558006.421],[170432.435,558009.829],[170452.797,558012.952],[170458.921,558013.735],[170458.921,558017.53],[170456.14,558017.257],[170451.884,558017.824],[170447.789,558017.5],[170443.654,558016.526],[170440.329,558016.161],[170435.789,558015.431],[170431.045,558015.35],[170422.167,558014.011],[170414.869,558012.551],[170411.423,558012.226],[170409.558,558013.403],[170408.585,558015.269],[170406.275,558027.013],[170402.656,558043.483],[170398.562,558062.214],[170397.178,558067.65],[170396.602,558069.589],[170395.559,558071.467],[170394.331,558072.209],[170393.196,558072.51],[170392.153,558072.209],[170391.134,558071.328],[170390.937,558069.409],[170391.478,558066.663],[170394.791,558050.46],[170402.105,558013.647],[170401.983,558011.253],[170400.969,558010.158],[170397.321,558009.022],[170390.713,558008.616],[170381.875,558006.913],[170371.618,558004.276],[170359.252,558001.274],[170347.901,557999.448],[170338.252,557998.15],[170327.711,557996.406],[170317.454,557995.595],[170309.022,557994.459],[170300.63,557992.836],[170289.157,557990.199],[170285.832,557989.753],[170283.886,557989.875],[170281.251,557992.593],[170278.413,557997.623],[170276.28,558002.285],[170274.705,558006.365],[170273.083,558009.796],[170272.412,558010.793],[170271.23,558010.908],[170270.512,558010.677],[170269.609,558010.051],[170269.122,558009.031],[170269.489,558006.689],[170271.719,558001.619],[170274.518,557993.934],[170279.271,557984.776],[170280.619,557979.31],[170285.261,557966.521],[170288.423,557958.611],[170289.072,557954.392],[170288.707,557950.863],[170286.802,557946.684],[170285.971,557944.25],[170287.39,557937.009],[170291.302,557922.852],[170294.464,557911.29],[170296.734,557907.842],[170302.532,557899.85],[170304.437,557893.806],[170307.316,557888.776],[170311.086,557877.701],[170312.951,557870.074],[170313.559,557869.02],[170315.991,557869.02],[170316.113,557871.575],[170314.775,557877.417],[170312.505,557885.125],[170311.098,557888.955],[170309.87,557892.826],[170310.31,557894.032]]]}},{"type":"Feature","properties":{"relatieveHoogteligging":0,"lokaalID":"G1900.c652dea0c4024a819045fbf25e8cf9ee","bgt_status":"bestaand","class":"waterloop","objecttype":"Waterdeel"},"geometry":{"type":"Polygon","coordinates":[[[170743.412,558062.503],[170746.01,558062.972],[170747.625,558063.372],[170748.203,558063.847],[170748.292,558064.321],[170748.07,558064.752],[170747.092,558064.9],[170743.094,558063.902],[170724.106,558059.694],[170701.889,558055.418],[170687.258,558052.991],[170687.284,558052.719],[170687.632,558050.841],[170687.749,558050.212],[170689.454,558039.806],[170694.935,558007.564],[170696.164,558000.164],[170699.516,557979.967],[170701.523,557971.201],[170701.835,557970.403],[170703.129,557970.275],[170704.32,557970.726],[170704.681,557971.526],[170704.09,557975.206],[170700.361,557995.306],[170699.565,557999.827],[170695.922,558020.526],[170691.805,558043.905],[170690.959,558050.033],[170690.961,558050.315],[170691.117,558051.376],[170691.164,558051.567],[170691.247,558051.744],[170691.364,558051.901],[170691.509,558052.033],[170691.677,558052.134],[170691.861,558052.201],[170695.367,558053.087],[170699.269,558053.725],[170730.615,558059.519],[170743.412,558062.503]]]}},{"type":"Feature","properties":{"relatieveHoogteligging":0,"lokaalID":"W0653.963ed2dbcb2d407581c9808a68b5564e","bgt_status":"bestaand","class":"waterloop","objecttype":"Waterdeel"},"geometry":{"type":"Polygon","coordinates":[[[170458.921,558017.53],[170458.921,558013.735],[170481.673,558016.644],[170504.163,558020.619],[170532.897,558024.666],[170551.343,558028.073],[170576.458,558033.043],[170598.807,558036.521],[170621.297,558040],[170636.692,558042.272],[170664.169,558047.261],[170672.48,558048.762],[170676.291,558049.29],[170677.305,558049.087],[170678.237,558048.154],[170678.632,558044.929],[170680.903,558032.363],[170685.798,558001.553],[170690.276,557977.181],[170691.342,557971.386],[170691.828,557970.899],[170692.547,557970.459],[170693.705,557970.714],[170694.284,557972.035],[170694.215,557975.002],[170693.343,557981.483],[170689.583,558001.573],[170684.829,558028.408],[170681.716,558046.037],[170680.859,558049.792],[170680.048,558051.485],[170678.844,558051.971],[170676.017,558051.902],[170672.317,558051.16],[170666.438,558050.308],[170659.1,558048.929],[170647.586,558047.022],[170638.992,558045.521],[170631.086,558044.345],[170621.356,558043.452],[170613.167,558042.235],[170601.116,558040.42],[170583.44,558037.743],[170566.818,558035.025],[170546.466,558031.09],[170539.007,558030.157],[170528.344,558027.885],[170510.709,558025.492],[170497.898,558023.504],[170477.83,558020.177],[170469.843,558018.92],[170461.086,558017.743],[170458.921,558017.53]]]}},{"type":"Feature","properties":{"relatieveHoogteligging":0,"lokaalID":"P0021.4b1ccee1fe6c4699b6dbf94029fe659c","bgt_status":"bestaand","class":"watervlakte","objecttype":"Waterdeel"},"geometry":{"type":"Polygon","coordinates":[[[170525.897,558210.487],[170532.467,558211.589],[170532.42,558212.26],[170532.272,558213.673],[170525.693,558212.973],[170525.897,558210.487]]]}},{"type":"Feature","properties":{"relatieveHoogteligging":0,"lokaalID":"P0021.a54f3f5d664f489393f2499d374c7eb6","bgt_status":"bestaand","class":"waterloop","plus_type":"kanaal","objecttype":"Waterdeel"},"geometry":{"type":"Polygon","coordinates":[[[170716.81,558217.032],[170703.16,558217.99],[170691.95,558218.841],[170691.04,558218.91],[170683.52,558219.56],[170653.08,558219.75],[170640.82,558219.63],[170617.26,558219.16],[170606.8,558218.91],[170598.91,558218.68],[170596.02,558218.55],[170593.3,558218.5],[170587.91,558218.11],[170585.348,558217.856],[170585.09,558217.83],[170571.16,558216.19],[170570.351,558216.096],[170549.41,558213.65],[170546.207,558213.272],[170546.204,558213.272],[170533.28,558211.748],[170533.13,558211.73],[170532.467,558211.589],[170525.897,558210.487],[170523.68,558210.17],[170521.64,558210.11],[170520.36,558210.07],[170507.611,558208.585],[170499.59,558207.65],[170495.93,558207.215],[170490.246,558206.907],[170492.84,558185.701],[170493.474,558185.788],[170499.547,558186.622],[170507.727,558187.613],[170507.622,558188.423],[170514.852,558189.928],[170518.85,558190.76],[170523.74,558191.87],[170535.001,558194.053],[170537.26,558194.49],[170543.79,558195.64],[170549.21,558196.572],[170551.87,558197.03],[170553.281,558197.364],[170553.483,558197.412],[170554.65,558197.69],[170561.809,558198.327],[170564.512,558198.829],[170569.097,558199.682],[170582.81,558199.87],[170591.78,558201.66],[170595.082,558202.206],[170595.991,558202.357],[170599.279,558202.901],[170600.36,558203.08],[170614.59,558203.3],[170623.7,558203.37],[170626.958,558203.442],[170640.315,558203.735],[170641.44,558203.76],[170649.32,558203.73],[170659.29,558203.45],[170660.4,558203.42],[170666.227,558202.888],[170674.86,558202.1],[170675.88,558201.899],[170681.43,558200.808],[170682.84,558200.53],[170683.94,558200.34],[170687.46,558199.24],[170689.967,558198.509],[170695.906,558196.778],[170700.12,558195.55],[170702.7,558194.91],[170703.525,558194.773],[170709.956,558193.707],[170712.65,558193.26],[170716.81,558193.045],[170716.81,558217.032]]]}},{"type":"Feature","properties":{"relatieveHoogteligging":0,"lokaalID":"W0653.f231562ad9a54738a6f0c9d83e635a84","bgt_status":"bestaand","class":"waterloop","objecttype":"Waterdeel"},"geometry":{"type":"Polygon","coordinates":[[[170706.805,558555.776],[170706.569,558556.283],[170705.759,558556.519],[170693.54,558550.035],[170686.502,558546.316],[170671.651,558539.494],[170662.64,558534.057],[170659.501,558533.415],[170657.948,558533.955],[170653.223,558536.319],[170647.222,558539.633],[170627.544,558550.136],[170606.787,558560.91],[170586.096,558572.224],[170563.347,558584.348],[170545.56,558593.771],[170525.714,558603.603],[170514.045,558609.451],[170513.142,558609.614],[170512.412,558608.879],[170512.078,558607.984],[170512.56,558607.386],[170518.44,558604.527],[170544.606,558591.525],[170579.987,558572.967],[170639.073,558541.001],[170650.481,558534.618],[170656.826,558531.95],[170658.379,558531.443],[170659.864,558531.342],[170661.872,558531.941],[170678.175,558539.388],[170690.266,558545.881],[170704.746,558553.243],[170706.738,558555.168],[170706.805,558555.776]]]}},{"type":"Feature","properties":{"relatieveHoogteligging":0,"lokaalID":"W0653.1e11493fdc0944ca9414d449ea909dbd","bgt_status":"bestaand","class":"waterloop","objecttype":"Waterdeel"},"geometry":{"type":"Polygon","coordinates":[[[170752.941,558183.606],[170751.639,558178.6],[170746.842,558152.303],[170741.374,558153.214],[170733.454,558154.534],[170725.653,558153.437],[170725.667,558153.056],[170709.111,558152.837],[170708.899,558152.002],[170701.5,558151.66],[170701.16,558151.609],[170680.977,558148.597],[170680.989,558148.118],[170680.727,558148.099],[170674.194,558147.628],[170668.522,558147.122],[170650.331,558145.007],[170650.286,558145.7],[170632.692,558143.011],[170632.701,558142.45],[170627.298,558141.394],[170626.018,558140.183],[170603.816,558138.793],[170586.452,558137.034],[170578.98,558135.677],[170576.746,558135.378],[170576.276,558135.315],[170567.93,558134.35],[170552.221,558131.045],[170542.55,558129.348],[170542.55,558127.614],[170533.648,558126.695],[170533.766,558125.413],[170526.848,558124.818],[170527.084,558122.808],[170527.243,558121.46],[170534.135,558121.439],[170543.157,558122.361],[170551.28,558123.324],[170562.254,558125.392],[170572.825,558127.214],[170581.785,558128.376],[170594.46,558129.035],[170607.245,558130.831],[170631.386,558133.47],[170643.475,558135.192],[170663.623,558137.574],[170682.59,558140.441],[170699.258,558143.712],[170710.113,558144.606],[170718.026,558145.632],[170726.022,558146.805],[170730.481,558147.077],[170735.421,558146.47],[170737.892,558145.213],[170739.545,558143.747],[170740.833,558141.918],[170749.732,558146.226],[170749.9,558149.751],[170750.214,558156.2],[170751.114,558161.666],[170753.082,558170.377],[170754.307,558175.5],[170756.201,558182.618],[170752.941,558183.606]]]}},{"type":"Feature","properties":{"relatieveHoogteligging":0,"lokaalID":"W0653.f8094ddca03c4809924a3dd4988e1753","bgt_status":"bestaand","class":"waterloop","objecttype":"Waterdeel"},"geometry":{"type":"Polygon","coordinates":[[[170788.781,558189.499],[170768.186,558199.865],[170764.41,558201.765],[170757.345,558207.194],[170753.495,558210.153],[170750.367,558205.925],[170747.601,558207.971],[170737.929,558193.782],[170740.111,558193.857],[170742.53,558193.94],[170752.331,558193.714],[170754.842,558191.278],[170754.756,558190.587],[170753.99,558187.639],[170752.941,558183.606],[170756.201,558182.618],[170757.296,558186.741],[170757.817,558188.702],[170760.322,558188.917],[170762.403,558188.142],[170776.399,558182.934],[170785.071,558179.707],[170810.872,558169.711],[170819.034,558166.399],[170824.475,558163.667],[170826.598,558163.84],[170828.497,558167.597],[170828.175,558171.981],[170805.028,558182.236],[170788.781,558189.499]]]}},{"type":"Feature","properties":{"relatieveHoogteligging":0,"lokaalID":"G1900.6e4374137df945b8b598c2b1c34844d4","bgt_status":"bestaand","class":"waterloop","objecttype":"Waterdeel"},"geometry":{"type":"Polygon","coordinates":[[[170771.14,558310.1],[170769.43,558310.79],[170767.73,558311.45],[170765.68,558312.25],[170763.65,558312.73],[170751.75,558312.42],[170748.34,558312.56],[170745.84,558312.65],[170742.53,558313],[170738.72,558313.29],[170738.328,558312.594],[170733.6,558304.2],[170740.03,558302.05],[170743.85,558307.11],[170759.92,558307.06],[170777.986,558303.236],[170792.503,558299.031],[170797.176,558297.976],[170796.84,558297.48],[170796.932,558297.306],[170797.81,558295.64],[170802.01,558301.74],[170799.824,558301.886],[170795.282,558303.002],[170787.44,558305.51],[170784.11,558306.85],[170781.57,558307.72],[170778.05,558308.44],[170775.32,558309.19],[170773.42,558309.66],[170773.09,558309.71],[170772.13,558309.81],[170771.48,558309.96],[170771.14,558310.1]]]}},{"type":"Feature","properties":{"relatieveHoogteligging":0,"lokaalID":"G1900.bd2979694e2a4ce39c7886be094f4708","bgt_status":"bestaand","class":"waterloop","objecttype":"Waterdeel"},"geometry":{"type":"Polygon","coordinates":[[[170858.353,558267.611],[170863.364,558276.677],[170864.101,558278.014],[170870.179,558289.028],[170882.517,558302.357],[170893.967,558307.3],[170899.209,558323.437],[170895.21,558318.7],[170893.22,558316.34],[170890.28,558312.9],[170886.95,558309.95],[170883.53,558307.41],[170870.683,558296.578],[170867.538,558291.985],[170860.508,558280.77],[170858.963,558277.62],[170857.611,558275.212],[170850.94,558262.335],[170854.167,558260.01],[170854.743,558261.108],[170856.453,558264.173],[170858.353,558267.611]]]}},{"type":"Feature","properties":{"relatieveHoogteligging":0,"lokaalID":"P0021.901a7f1928294d50b6d5c4d1b44cfec6","bgt_status":"bestaand","class":"waterloop","objecttype":"Waterdeel"},"geometry":{"type":"Polygon","coordinates":[[[170749.267,558228.945],[170748.658,558228.295],[170750.386,558226.785],[170749.545,558225.87],[170749.22,558226.12],[170748.637,558225.377],[170744.919,558220.638],[170744.755,558220.429],[170744.34,558219.9],[170745.011,558219.396],[170744.25,558218.5],[170727.52,558216.36],[170724.89,558216.48],[170724.71,558216.487],[170723.502,558216.57],[170718.97,558216.88],[170716.81,558217.032],[170716.81,558193.045],[170717.927,558192.987],[170718.66,558192.95],[170728.65,558193.2],[170736.11,558193.72],[170737.929,558193.782],[170747.601,558207.971],[170751.157,558212.778],[170751.509,558212.518],[170752.411,558213.842],[170752.88,558213.49],[170753.432,558214.209],[170757.069,558218.945],[170757.61,558219.65],[170757.089,558220.052],[170758.51,558221.77],[170764.95,558216.99],[170768.09,558222.2],[170770.48,558226.16],[170780.39,558241.25],[170787.03,558251.1],[170798.27,558266.92],[170802.65,558273.4],[170804.191,558275.351],[170804.68,558275.97],[170810.88,558284.89],[170813.96,558289.11],[170814.959,558290.421],[170815.85,558291.59],[170823.52,558300.77],[170831.87,558310.67],[170837.9,558317.44],[170846.97,558326.78],[170854.4,558334.15],[170869.9,558348.29],[170912.27,558384.61],[170933.775,558411.543],[170938.505,558416.08],[170908.986,558440.832],[170908.01,558439.65],[170902.65,558433.41],[170901.709,558431.941],[170901.24,558431.21],[170889.5,558414.53],[170888.33,558412.75],[170886.88,558410.78],[170882.74,558405.85],[170880.457,558403.184],[170864.196,558384.193],[170862.37,558382.06],[170858.691,558377.664],[170853.627,558371.614],[170845.739,558362.188],[170841.286,558356.868],[170834.5,558348.76],[170834.259,558348.485],[170833.86,558348.03],[170826.729,558337.892],[170826.2,558337.14],[170818.296,558325.539],[170807.32,558309.43],[170806.992,558308.955],[170802.01,558301.74],[170797.81,558295.64],[170792.475,558287.324],[170787.45,558279.49],[170769.33,558251.68],[170768.7,558250.81],[170767.8,558249.7],[170765.659,558247.375],[170765.47,558247.17],[170763.32,558244.55],[170754.76,558234.83],[170753.02,558232.95],[170749.267,558228.945]]]}},{"type":"Feature","properties":{"relatieveHoogteligging":0,"lokaalID":"G1900.ea9f2cbc1432438fb8163a1698319f1d","bgt_status":"bestaand","class":"waterloop","objecttype":"Waterdeel"},"geometry":{"type":"Polygon","coordinates":[[[170961.643,558601.393],[170961.945,558599.986],[170963.185,558598.383],[170975.487,558587.526],[170982.861,558580.911],[170983.645,558580.389],[170984.509,558580.328],[170984.609,558581.193],[170983.225,558582.833],[170966.454,558597.039],[170963.481,558600.256],[170962.958,558601.482],[170963.018,558602.809],[170963.4,558604.699],[170964.103,558606.308],[170964.164,558607.393],[170960.258,558609.201],[170948.424,558614.63],[170935.785,558621.103],[170920.595,558628.763],[170906.39,558635.478],[170895.118,558640.947],[170883.545,558646.395],[170874.443,558650.818],[170869.42,558653.331],[170859.594,558657.835],[170852.944,558660.69],[170844.927,558664.65],[170836.247,558668.792],[170827.004,558673.517],[170819.63,558676.653],[170811.573,558680.312],[170804.199,558684.031],[170797.769,558687.007],[170797.117,558687.055],[170796.756,558686.552],[170796.716,558685.667],[170797.881,558684.702],[170815.487,558677.048],[170832.576,558668.744],[170853.321,558659.069],[170870.179,558651.153],[170882.616,558645.041],[170891.919,558640.658],[170894.592,558639.07],[170895.737,558637.783],[170895.757,558636.557],[170893.446,558631.39],[170890.392,558624.715],[170886.575,558617.196],[170885.912,558614.723],[170886.213,558613.597],[170886.836,558613.054],[170887.479,558612.873],[170889.232,558614.783],[170893.935,558625.501],[170898.26,558634.508],[170898.963,558636.443],[170899.842,558636.759],[170902.62,558635.634],[170919.322,558627.506],[170935.989,558619.414],[170958.917,558608.399],[170961.971,558606.917],[170962.522,558606.289],[170962.467,558605.796],[170961.985,558604.308],[170961.563,558602.861],[170961.643,558601.393]]]}},{"type":"Feature","properties":{"relatieveHoogteligging":0,"lokaalID":"G1900.1f3cf0663f074cceadf2014941987691","bgt_status":"bestaand","class":"waterloop","objecttype":"Waterdeel"},"geometry":{"type":"Polygon","coordinates":[[[171002.318,558569.16],[171005.699,558578.519],[171003.982,558581.639],[171002.643,558583.424],[170989.619,558595.422],[170989.043,558594.979],[170987.442,558593.078],[170987.801,558592.795],[171000.079,558582.373],[170994.858,558575.131],[171001.953,558569.449],[171002.318,558569.16]]]}},{"type":"Feature","properties":{"relatieveHoogteligging":0,"lokaalID":"P0021.e946935d58e34c9a93db274fced061e4","bgt_status":"bestaand","class":"watervlakte","objecttype":"Waterdeel"},"geometry":{"type":"Polygon","coordinates":[[[170969.891,558519.745],[170967.247,558521.727],[170965.016,558518.727],[170961.08,558513.273],[170963.969,558511.142],[170969.891,558519.745]]]}},{"type":"Feature","properties":{"relatieveHoogteligging":0,"lokaalID":"G1900.6cb0c98b18fa4c12958e152f852c0175","bgt_status":"bestaand","class":"waterloop","objecttype":"Waterdeel"},"geometry":{"type":"Polygon","coordinates":[[[170894.323,558602.943],[170911.429,558595.563],[170923.771,558590.145],[170927.076,558587.717],[170927.709,558585.431],[170926.865,558582.757],[170922.259,558573.081],[170920.009,558568.894],[170919.798,558567.628],[170920.22,558566.819],[170921.943,558566.396],[170923.384,558566.572],[170925.67,558570.583],[170927.85,558575.087],[170929.916,558580.294],[170931.454,558583.249],[170935.305,558581.729],[170941.414,558578.15],[170950.757,558572.641],[170952.605,558572.119],[170953.188,558572.802],[170953.087,558573.471],[170938.46,558582.02],[170932.447,558585.679],[170932.166,558587.509],[170932.553,558589.303],[170933.713,558589.796],[170935.647,558589.444],[170943.136,558586.137],[170951.716,558581.281],[170955.021,558579.663],[170956.709,558579.944],[170957.307,558580.543],[170956.92,558581.422],[170954.599,558582.9],[170948.059,558586.418],[170938.038,558591.133],[170934.557,558592.435],[170932.729,558592.751],[170930.83,558592.364],[170929.318,558592.294],[170926.417,558593.789],[170909.495,558601.609],[170894.604,558608.258],[170893.353,558607.668],[170892.846,558606.145],[170892.776,558604.456],[170894.323,558602.943]]]}},{"type":"Feature","properties":{"relatieveHoogteligging":0,"lokaalID":"G1900.28259f35b4494e0ab68b12f8df93df7e","bgt_status":"bestaand","class":"watervlakte","plus_type":"haven","objecttype":"Waterdeel"},"geometry":{"type":"Polygon","coordinates":[[[170935.93,558234.15],[170962.75,558238.07],[170958.12,558268.11],[170957.97,558269.26],[170956.47,558280.05],[170954.97,558291.26],[170954.949,558291.376],[170951.78,558290.614],[170951.581,558291.98],[170951.4,558292.85],[170943.41,558291.74],[170939.6,558291.19],[170930.462,558289.826],[170930.305,558291.164],[170929.886,558294.341],[170937.605,558301.15],[170935.637,558303.447],[170935.8,558303.588],[170935.264,558304.076],[170931.166,558300.543],[170928.999,558303.057],[170927.861,558302.076],[170925.491,558304.826],[170924.432,558303.913],[170922.266,558306.469],[170921.084,558305.467],[170918.726,558308.249],[170918.421,558307.991],[170916.283,558306.179],[170914.611,558304.731],[170913.21,558303.518],[170915.91,558289.096],[170915.981,558288.612],[170916.1,558287.81],[170922.56,558263.98],[170922.631,558263.47],[170922.72,558262.83],[170935.93,558234.15]]]}},{"type":"Feature","properties":{"relatieveHoogteligging":0,"lokaalID":"G1900.f8c8126794d14a24beff030be4697f8d","bgt_status":"bestaand","class":"waterloop","objecttype":"Waterdeel"},"geometry":{"type":"Polygon","coordinates":[[[170993.928,558022.888],[170988.284,558020.428],[170983.469,558022.817],[170965.57,558016.102],[170970.27,558007.875],[170992.139,558016.727],[170998.522,558015.034],[170993.928,558022.888]]]}},{"type":"Feature","properties":{"relatieveHoogteligging":0,"lokaalID":"W0653.122f3b5c553f439d84bd548d889b132f","bgt_status":"bestaand","class":"waterloop","objecttype":"Waterdeel"},"geometry":{"type":"Polygon","coordinates":[[[171018.581,557778.013],[171013.025,557785.144],[171009.43,557790.447],[170999.275,557808.116],[170993.759,557817.867],[170987.165,557829.615],[170981.976,557840.49],[170971.794,557861.033],[170964.078,557876.519],[170957.363,557889.118],[170949.487,557903.007],[170941.121,557916.494],[170933.089,557928.824],[170926.398,557938.823],[170917.399,557952.695],[170915.257,557955.998],[170912.829,557959.805],[170913.08,557959.92],[170913.33,557960.05],[170912.362,557962.07],[170909.419,557968.212],[170908.5,557970.13],[170908.264,557970.023],[170905.042,557975.932],[170898.58,557988.405],[170893.891,557998.415],[170889.599,558008.634],[170885.727,558018.828],[170882.231,558034.282],[170880.933,558039.664],[170879.761,558049.549],[170879.153,558060.208],[170878.609,558072.249],[170877.562,558090.614],[170877.184,558097.486],[170876.989,558101.028],[170877.039,558102.748],[170876.941,558104.962],[170873.356,558114.296],[170870.055,558122.311],[170868.317,558126.29],[170865.366,558131.965],[170863.105,558135.902],[170860.174,558140.279],[170857.013,558144.593],[170851.487,558151.496],[170847.631,558156.721],[170846.145,558156.486],[170843.098,558153.19],[170843.038,558152.615],[170844.27,558151.34],[170845.203,558150.488],[170848.363,558147.723],[170850.917,558144.581],[170852.947,558141.608],[170855.672,558137.524],[170858.83,558132.044],[170860.846,558127.658],[170864.153,558120.287],[170868.926,558109.795],[170870.1,558106.16],[170870.28,558105.68],[170871.28,558101.54],[170871.541,558100.022],[170871.39,558096.32],[170871.397,558096.215],[170872.526,558083.532],[170872.798,558078.275],[170873.677,558065.082],[170874.242,558055.566],[170875.337,558042.838],[170876.049,558036.595],[170878.8,558022.62],[170879.23,558020.6],[170879.73,558019.08],[170881.234,558014.868],[170882.43,558011.52],[170884.03,558007.43],[170887.06,558000],[170891.899,557988.178],[170892.68,557986.27],[170893,557985.41],[170893.82,557983.89],[170902.56,557967.43],[170903.456,557965.549],[170906.43,557959.19],[170907.37,557957.33],[170907.517,557957.397],[170907.6,557957.24],[170909.56,557954.25],[170911.24,557951.82],[170912.8,557949.44],[170914.14,557947.33],[170916.05,557944.39],[170917.95,557941.4],[170918.06,557941.231],[170920.95,557936.79],[170922.68,557934.27],[170923.601,557932.907],[170924.47,557931.62],[170926.09,557929.15],[170926.842,557927.997],[170927.85,557926.45],[170929.7,557923.69],[170931.33,557921.11],[170933.07,557918.39],[170934.148,557916.692],[170935.21,557915.02],[170936.89,557912.26],[170938.58,557909.43],[170940.42,557906.51],[170941.6,557904.68],[170942,557904.07],[170943.94,557900.88],[170945.82,557897.871],[170946.92,557896.11],[170949.11,557892.29],[170951.59,557887.8],[170953.23,557884.78],[170954.93,557881.87],[170956.94,557878.06],[170958.507,557875.208],[170959.39,557873.6],[170961.22,557869.86],[170962.99,557866.13],[170965.18,557861.75],[170968.92,557854.18],[170974.16,557843.93],[170977.78,557836.82],[170981.79,557828.92],[170985.01,557822.24],[170990.81,557811.66],[170995.515,557802.897],[170996.78,557800.54],[170998.82,557797.093],[171000,557795.1],[171002.696,557790.551],[171005.88,557785.18],[171006.307,557784.56],[171006.72,557783.96],[171007.86,557782.47],[171013.92,557775.058],[171014.079,557774.803],[171017.106,557769.96],[171017.265,557769.706],[171019.616,557766.649],[171034.376,557745.577],[171051.282,557721.065],[171053.416,557717.95],[171069.785,557694.057],[171081.655,557675.674],[171082.22,557674.793],[171084.454,557671.012],[171083.257,557670.341],[171083.575,557669.637],[171084.078,557668.091],[171085.192,557666.992],[171087.126,557665.3],[171091.706,557661.317],[171096.82,557656.817],[171100.852,557653.335],[171104.413,557650.324],[171109.661,557645.703],[171115.53,557640.575],[171123.316,557633.843],[171125.49,557631.84],[171125.57,557632.36],[171125.53,557632.81],[171125.44,557633.05],[171125.09,557633.57],[171124.9,557633.77],[171124.743,557634.462],[171120.892,557651.419],[171123.861,557671.013],[171115.117,557672.845],[171104.358,557674.71],[171093.07,557679.313],[171088.058,557681.024],[171081.78,557689.879],[171071.473,557704.04],[171061.967,557717.401],[171051.26,557732.27],[171039.2,557748.708],[171030.156,557761.716],[171026.091,557767.999],[171021.823,557772.626],[171021.668,557772.883],[171018.735,557777.756],[171018.581,557778.013]]]}},{"type":"Feature","properties":{"relatieveHoogteligging":0,"lokaalID":"G1900.a6668fc43c884c6498db95ef9970d665","bgt_status":"bestaand","class":"waterloop","objecttype":"Waterdeel"},"geometry":{"type":"Polygon","coordinates":[[[170793.111,558026.75],[170795.19,558023.31],[170797.212,558018.781],[170798.004,558019.967],[170806.905,558021.762],[170805.145,558029.115],[170793.111,558026.75]]]}},{"type":"Feature","properties":{"relatieveHoogteligging":0,"lokaalID":"W0653.376bcdd4468f454ba8a3614eed5504f4","bgt_status":"bestaand","class":"waterloop","objecttype":"Waterdeel"},"geometry":{"type":"Polygon","coordinates":[[[171060.635,558019.362],[171059.672,558021.362],[171057.747,558020.917],[171047.639,558015.88],[171035.68,558009.807],[171026.276,558005.473],[171021.574,558002.548],[171021.355,558002.124],[171021.604,558001.543],[171022.005,558000.997],[171022.912,558001.008],[171024.462,558001.362],[171030.867,558004.362],[171042.16,558009.844],[171052.23,558014.584],[171060.635,558019.362]]]}},{"type":"Feature","properties":{"relatieveHoogteligging":0,"lokaalID":"G1900.d3eecf7c536b426a96b9a8937d43256d","bgt_status":"bestaand","class":"waterloop","objecttype":"Waterdeel"},"geometry":{"type":"Polygon","coordinates":[[[171021.306,558031.561],[171021.425,558031.309],[171051.33,558044.001],[171083.82,558057.752],[171084.407,558058.031],[171084.786,558058.239],[171084.586,558058.311],[171084.252,558058.332],[171082.665,558057.902],[171079.985,558056.783],[171076.754,558055.517],[171073.759,558054.195],[171042.464,558041.311],[171021.187,558031.811],[171021.306,558031.561]]]}},{"type":"Feature","properties":{"relatieveHoogteligging":0,"lokaalID":"W0653.e1ec6e2d75614d5a8c62b88d45ba3bd5","bgt_status":"bestaand","class":"waterloop","objecttype":"Waterdeel"},"geometry":{"type":"Polygon","coordinates":[[[171086.461,558034.243],[171085.504,558034.918],[171084.245,558034.474],[171069.102,558026.548],[171068.918,558026.112],[171069.039,558025.205],[171069.644,558023.996],[171070.454,558023.947],[171076.036,558026.458],[171086.53,558031.749],[171087.158,558032.772],[171086.461,558034.243]]]}},{"type":"Feature","properties":{"relatieveHoogteligging":0,"lokaalID":"G1900.ecc169a67f2f4a6cbe8267378da3cdc6","bgt_status":"bestaand","class":"waterloop","objecttype":"Waterdeel"},"geometry":{"type":"Polygon","coordinates":[[[171119.483,557986.583],[171120.094,557986.91],[171120.163,557988.541],[171119.052,557994.541],[171116.535,558010.752],[171115.71,558014.689],[171114.144,558018.096],[171112.71,558021.302],[171110.835,558020.451],[171112.742,558016.579],[171113.571,558014.248],[171114.332,558009.989],[171117.676,557991.009],[171118.353,557987.418],[171118.873,557986.583],[171119.483,557986.583]]]}},{"type":"Feature","properties":{"relatieveHoogteligging":0,"lokaalID":"G1900.8d1b8b7cc94d4ccdb2acf5a2e50a60d1","bgt_status":"bestaand","class":"waterloop","objecttype":"Waterdeel"},"geometry":{"type":"Polygon","coordinates":[[[171111.796,558023.344],[171109.151,558028.804],[171107.988,558031.259],[171105.681,558035.428],[171104.054,558039.239],[171102.062,558038.529],[171106.744,558028.763],[171110.251,558021.639],[171110.835,558020.451],[171112.71,558021.302],[171111.796,558023.344]]]}},{"type":"Feature","properties":{"relatieveHoogteligging":0,"lokaalID":"W0653.f26c574d049f42fea5c849224a09c561","bgt_status":"bestaand","class":"waterloop","objecttype":"Waterdeel"},"geometry":{"type":"Polygon","coordinates":[[[171104.054,558039.239],[171103.883,558039.64],[171104.875,558041.725],[171115.743,558046.284],[171118.61,558047.434],[171121.786,558048.708],[171121.001,558051.474],[171117.647,558050.184],[171117.15,558049.993],[171107.228,558045.585],[171099.045,558041.586],[171095.232,558039.104],[171094.489,558038.485],[171095.311,558036.827],[171101.523,558039.652],[171102.062,558038.529],[171104.054,558039.239]]]}},{"type":"Feature","properties":{"relatieveHoogteligging":0,"lokaalID":"G1900.470caf82ce4a4c3f816ec48a35f72b46","bgt_status":"bestaand","class":"waterloop","objecttype":"Waterdeel"},"geometry":{"type":"Polygon","coordinates":[[[171194.039,557996.451],[171193.524,557996.37],[171177.372,557993.302],[171163.441,557990.588],[171157.665,557989.403],[171150.683,557988.154],[171146.304,557987.641],[171142.876,557987.006],[171139.385,557986.456],[171136.508,557985.652],[171133.292,557985.08],[171131.566,557984.648],[171130.829,557983.874],[171130.623,557982.858],[171130.817,557981.879],[171131.155,557981.069],[171131.893,557980.609],[171133.368,557980.585],[171135.846,557981.02],[171140.331,557981.903],[171154.858,557984.458],[171155.146,557984.508],[171172.326,557987.259],[171186.802,557990.333],[171190.912,557991.11],[171196.28,557991.851],[171205.5,557993.592],[171211.275,557994.481],[171214.978,557995.703],[171219.67,557996.484],[171223.877,557997.234],[171225.773,557997.666],[171225.529,557999.722],[171225.45,558000],[171225.004,558001.577],[171220.689,558001.047],[171215.421,557999.925],[171209.688,557998.888],[171203.129,557997.893],[171194.039,557996.451]]]}},{"type":"Feature","properties":{"relatieveHoogteligging":0,"lokaalID":"W0653.495e49176a2047bb812ef4ece06ea93b","bgt_status":"bestaand","class":"waterloop","objecttype":"Waterdeel"},"geometry":{"type":"Polygon","coordinates":[[[171132.371,558056.303],[171133.619,558053.975],[171143.807,558058.45],[171148.176,558060.413],[171152.101,558061.672],[171170.131,558066.598],[171184.052,558070.042],[171198.899,558074.227],[171212.228,558077.005],[171230.222,558080.412],[171238.108,558082.153],[171237.997,558084.19],[171237.447,558085.846],[171236.266,558086.09],[171228.38,558084.646],[171218.679,558082.942],[171211.941,558081.979],[171203.648,558080.091],[171196.502,558078.424],[171188.912,558076.572],[171182.581,558074.72],[171174.435,558072.424],[171164.476,558069.461],[171156.182,558066.795],[171149.296,558064.239],[171138.337,558059.906],[171132.096,558057.383],[171132.371,558056.303]]]}},{"type":"Feature","properties":{"relatieveHoogteligging":0,"lokaalID":"W0653.401ee9072864470184a1c7f8ac46bba3","bgt_status":"bestaand","class":"waterloop","objecttype":"Waterdeel"},"geometry":{"type":"Polygon","coordinates":[[[170032.747,558916.673],[170030.942,558916.529],[170028.202,558917.654],[170024.173,558919.857],[170016.983,558923.747],[170010.003,558927.509],[170005.248,558929.9],[169999.205,558933.11],[169994.684,558935.079],[169993.044,558935.689],[169992.459,558935.431],[169992.154,558934.798],[169992.646,558934.165],[169995.996,558932.267],[170020.914,558919.201],[170029.604,558914.484],[170039.196,558908.865],[170052.866,558899.381],[170073.17,558885.217],[170107.351,558866.653],[170153.348,558840.306],[170184.131,558822.834],[170214.054,558806.059],[170237.8,558793.458],[170266.234,558776.447],[170289.27,558763.404],[170317.946,558745.955],[170323.848,558742.51],[170325.614,558741.447],[170325.615,558741.446],[170326.894,558743.309],[170327.349,558743.895],[170321.623,558747.109],[170301.065,558759.689],[170275.9,558774.54],[170260.579,558783.786],[170242.431,558793.907],[170232.532,558799.29],[170210.439,558811.635],[170181.746,558828.144],[170153.883,558843.658],[170137.753,558853.419],[170129.432,558858.177],[170121.726,558862.278],[170110.659,558868.389],[170096.149,558876.1],[170085.245,558882.498],[170074.752,558888.364],[170066.431,558893.695],[170058.52,558899.068],[170050.199,558904.441],[170040.274,558911.25],[170038.47,558912.562],[170037.801,558913.997],[170032.747,558916.673]]]}},{"type":"Feature","properties":{"relatieveHoogteligging":0,"lokaalID":"G1900.5b313494a86143a9b40e2e86e0baefa4","bgt_status":"bestaand","class":"waterloop","objecttype":"Waterdeel"},"geometry":{"type":"Polygon","coordinates":[[[170571.722,558770.077],[170596.921,558740.012],[170601.081,558734.705],[170603.926,558730.782],[170605.253,558728.615],[170605.4,558728.548],[170605.552,558728.493],[170605.708,558728.451],[170605.867,558728.423],[170606.028,558728.408],[170606.19,558728.406],[170606.351,558728.419],[170606.511,558728.445],[170606.667,558728.484],[170606.82,558728.536],[170606.968,558728.602],[170607.11,558728.679],[170607.245,558728.768],[170607.374,558728.871],[170607.494,558728.985],[170607.603,558729.109],[170607.701,558729.242],[170607.787,558729.382],[170607.861,558729.53],[170607.922,558729.684],[170607.969,558729.842],[170608.003,558730.004],[170608.022,558730.168],[170608.027,558730.333],[170608.018,558730.498],[170607.994,558730.661],[170607.957,558730.822],[170606.813,558732.578],[170603.838,558736.695],[170599.598,558742.108],[170574.335,558772.25],[170570.209,558777.173],[170570.195,558777.161],[170567.574,558775.026],[170571.722,558770.077]]]}},{"type":"Feature","properties":{"relatieveHoogteligging":0,"lokaalID":"G1900.f411a86b00874138a246605708185012","bgt_status":"bestaand","class":"waterloop","objecttype":"Waterdeel"},"geometry":{"type":"Polygon","coordinates":[[[170839.914,558905.755],[170844.587,558900.648],[170845.765,558899.516],[170850.868,558894.608],[170851.623,558893.911],[170856.394,558889.5],[170862.613,558884.608],[170870.958,558878.639],[170891.918,558863.55],[170908.321,558851.789],[170929.731,558836.236],[170958.616,558815.459],[170973.316,558804.93],[170986.648,558795.097],[170994.042,558788.718],[171010.104,558774.991],[171031.978,558756.036],[171056.664,558734.816],[171072.297,558721.071],[171073.923,558720.433],[171074.889,558720.433],[171075.533,558721.399],[171075.694,558722.365],[171074.084,558723.895],[171064.743,558731.626],[171049.121,558745.395],[171030.6,558761.42],[171015.462,558774.465],[171000.725,558787.027],[170990.579,558796.207],[170986.392,558799.106],[170965.536,558814.244],[170945.807,558828.336],[170924.388,558844.039],[170904.498,558858.292],[170887.427,558870.612],[170869.792,558882.61],[170861.095,558889.374],[170853.525,558896.058],[170846.359,558902.983],[170840.239,558909.425],[170838.548,558910.552],[170837.823,558910.391],[170836.952,558910.097],[170836.776,558909.425],[170837.34,558908.62],[170838.226,558907.653],[170839.914,558905.755]]]}},{"type":"Feature","properties":{"relatieveHoogteligging":0,"lokaalID":"W0653.74e65fab9dc148a6a472115f74425aed","bgt_status":"bestaand","class":"waterloop","objecttype":"Waterdeel"},"geometry":{"type":"Polygon","coordinates":[[[170736.859,558765.936],[170770.009,558748.069],[170775.371,558745.614],[170781.697,558742.277],[170788.552,558739.184],[170793.068,558737.353],[170798.031,558735.379],[170802.445,558733.873],[170810.541,558731.187],[170816.236,558729.702],[170823.396,558727.504],[170828.583,558725.816],[170836.516,558722.357],[170846.91,558717.372],[170859.928,558711.674],[170863.996,558710.474],[170864.891,558710.698],[170865.624,558712.102],[170865.512,558712.961],[170858.606,558716.308],[170844.795,558722.753],[170836.501,558726.67],[170829.31,558728.842],[170808.059,558734.718],[170788.8,558741.587],[170738.16,558768.47],[170736.859,558765.936]]]}},{"type":"Feature","properties":{"relatieveHoogteligging":0,"lokaalID":"W0653.c5256c68b2d54a2f8cf1c34e200395b3","bgt_status":"bestaand","class":"waterloop","objecttype":"Waterdeel"},"geometry":{"type":"Polygon","coordinates":[[[170903.256,558691.442],[170903.414,558691.505],[170903.566,558691.583],[170903.71,558691.673],[170903.846,558691.775],[170903.972,558691.889],[170904.088,558692.014],[170904.193,558692.148],[170904.285,558692.291],[170904.365,558692.442],[170904.431,558692.599],[170904.483,558692.761],[170904.521,558692.927],[170904.544,558693.096],[170904.552,558693.266],[170904.545,558693.436],[170904.523,558693.605],[170904.487,558693.771],[170904.436,558693.933],[170904.371,558694.091],[170904.293,558694.242],[170880.342,558705.451],[170880.181,558705.417],[170880.024,558705.369],[170879.872,558705.307],[170879.726,558705.231],[170879.588,558705.143],[170879.458,558705.043],[170879.337,558704.932],[170879.227,558704.81],[170879.128,558704.679],[170879.041,558704.54],[170878.967,558704.394],[170878.906,558704.241],[170878.859,558704.084],[170878.826,558703.923],[170878.808,558703.76],[170878.805,558703.596],[170878.816,558703.432],[170878.841,558703.27],[170878.881,558703.111],[170903.256,558691.442]]]}},{"type":"Feature","properties":{"relatieveHoogteligging":0,"lokaalID":"G1900.edfb72ae5be544f4ad24e7bd8ee740e6","bgt_status":"bestaand","class":"waterloop","objecttype":"Waterdeel"},"geometry":{"type":"Polygon","coordinates":[[[170429.801,558758.265],[170427.442,558760.778],[170417.224,558751.831],[170405.89,558742.644],[170395.632,558733.887],[170385.59,558724.987],[170363.568,558706.684],[170354.817,558699.148],[170352.449,558694.841],[170351.65,558691.765],[170352.675,558686.802],[170354.478,558685.449],[170356.969,558686.177],[170364.142,558693.139],[170385.231,558709.791],[170413.063,558735.343],[170426.728,558747.563],[170427.607,558751.331],[170429.615,558758.114],[170429.801,558758.265]]]}},{"type":"Feature","properties":{"relatieveHoogteligging":0,"lokaalID":"W0653.c24daf3aa01a48218f0e427d2791e994","bgt_status":"bestaand","class":"waterloop","objecttype":"Waterdeel"},"geometry":{"type":"Polygon","coordinates":[[[170935.65,558727.081],[170922.965,558697.634],[170917.649,558685.539],[170920.77,558684.106],[170926.435,558697.833],[170936.45,558719.71],[170939.061,558725.457],[170935.65,558727.081]]]}},{"type":"Feature","properties":{"relatieveHoogteligging":0,"lokaalID":"W0653.944c44336e07462ebf3219ff56f1401c","bgt_status":"bestaand","class":"waterloop","objecttype":"Waterdeel"},"geometry":{"type":"Polygon","coordinates":[[[170436.882,558677.783],[170439.874,558675.333],[170439.97,558675.425],[170440.077,558675.51],[170440.179,558675.578],[170442.328,558678.982],[170449.376,558685.677],[170455.321,558691.018],[170461.942,558696.466],[170469.346,558702.555],[170477.07,558709.142],[170488.675,558718.792],[170498.215,558726.804],[170510.495,558737.165],[170518.718,558744.038],[170541.391,558762.681],[170557.65,558776.39],[170573.784,558789.413],[170590.078,558803.167],[170600.793,558812.247],[170603.961,558815.166],[170606.737,558816.947],[170609.941,558818.727],[170614.96,558821.255],[170619.659,558823.249],[170623.325,558824.78],[170627.312,558826.24],[170632.331,558827.771],[170640.945,558830.371],[170643.427,558831.347],[170644.342,558832.263],[170644.424,558832.914],[170643.834,558833.728],[170643.305,558833.748],[170639.827,558832.67],[170630.409,558829.832],[170623.254,558827.802],[170619.018,558826.52],[170616.17,558825.452],[170612.646,558823.85],[170609.692,558822.176],[170606.737,558820.396],[170602.857,558817.832],[170600.009,558815.482],[170589.01,558806.153],[170576.445,558795.648],[170567.688,558788.954],[170558.967,558781.654],[170550.032,558774.747],[170539.211,558765.738],[170527.535,558756.231],[170517.746,558747.827],[170509.701,558741.168],[170500.802,558733.477],[170492.793,558726.569],[170484.428,558719.27],[170473.464,558710.154],[170462.856,558701.501],[170453.886,558693.703],[170445.627,558686.048],[170437.725,558678.748],[170436.892,558677.795],[170436.882,558677.783]]]}},{"type":"Feature","properties":{"relatieveHoogteligging":0,"lokaalID":"W0653.7585f9dabc46496eaa2449c87099018b","bgt_status":"bestaand","class":"waterloop","objecttype":"Waterdeel"},"geometry":{"type":"Polygon","coordinates":[[[170468.671,558644.152],[170468.673,558644.149],[170472.853,558639.256],[170477.195,558633.738],[170479.214,558635.301],[170469.318,558646.853],[170461.082,558656.58],[170452.138,558667.146],[170450.265,558669.34],[170449.603,558669.892],[170449.118,558669.969],[170448.446,558669.682],[170448.325,558668.999],[170448.644,558668.271],[170451.667,558665.062],[170468.671,558644.152]]]}},{"type":"Feature","properties":{"relatieveHoogteligging":0,"lokaalID":"W0653.eb8f795aea0245859309b01d60c273a3","bgt_status":"bestaand","class":"waterloop","objecttype":"Waterdeel"},"geometry":{"type":"Polygon","coordinates":[[[170194.357,558624.628],[170194.613,558624.38],[170195.745,558625.335],[170204.107,558632.394],[170220.079,558645.448],[170229.485,558653.462],[170266.171,558683.648],[170276.03,558691.616],[170276.977,558693.615],[170276.863,558694.263],[170276.49,558694.511],[170275.201,558693.703],[170272.252,558690.598],[170271.486,558689.876],[170248.805,558670.695],[170219.95,558646.369],[170215.65,558642.433],[170194.06,558624.915],[170194.357,558624.628]]]}},{"type":"Feature","properties":{"relatieveHoogteligging":0,"lokaalID":"W0653.a094672a1e8e41279ff0489acd68c878","bgt_status":"bestaand","class":"waterloop","objecttype":"Waterdeel"},"geometry":{"type":"Polygon","coordinates":[[[170480.907,558633.446],[170480.509,558633.121],[170479.413,558632.227],[170486.194,558624.718],[170492.405,558617.577],[170492.848,558617.249],[170493.485,558617.654],[170493.639,558618.465],[170492.289,558620.221],[170489.242,558623.656],[170480.907,558633.446]]]}},{"type":"Feature","properties":{"relatieveHoogteligging":0,"lokaalID":"G1900.3516d1e066804bbf8697230d218cba8e","bgt_status":"bestaand","class":"waterloop","objecttype":"Waterdeel"},"geometry":{"type":"Polygon","coordinates":[[[170803.735,558650.787],[170803.182,558650.493],[170801.987,558649.544],[170801.073,558647.749],[170801.952,558646.236],[170814.645,558639.868],[170830.187,558632.902],[170844.779,558626.147],[170862.461,558618.014],[170872.246,558614.074],[170874.215,558613.45],[170875.3,558613.732],[170876.304,558614.918],[170876.465,558615.964],[170875.139,558616.949],[170867.73,558620.301],[170853.208,558627.162],[170837.244,558634.586],[170831.856,558636.749],[170810.75,558646.231],[170803.735,558650.787]]]}},{"type":"Feature","properties":{"relatieveHoogteligging":0,"lokaalID":"G1900.4c65b93f664f46d49b76057710e19ff1","bgt_status":"bestaand","class":"watervlakte","plus_type":"haven","objecttype":"Waterdeel"},"geometry":{"type":"Polygon","coordinates":[[[171029.037,558605.451],[171039.763,558618.115],[171038.487,558618.765],[171034.948,558620.883],[171038.007,558625.984],[171037.706,558626.175],[171035.957,558627.284],[171036.488,558629.176],[171042.813,558647.419],[171018.546,558677.454],[171013.371,558684.179],[170996.997,558705.461],[170991.156,558700.729],[170997.493,558692.906],[170998.805,558691.286],[170998.883,558691.089],[170998.954,558690.889],[171002.055,558687.024],[170996.171,558674.328],[170994.606,558670.938],[170992.104,558665.26],[170983.595,558669.221],[170969.152,558640.643],[170968.845,558638.611],[171024.348,558612.32],[171026.994,558610.72],[171029.037,558605.451]]]}},{"type":"Feature","properties":{"relatieveHoogteligging":0,"lokaalID":"W0653.67630f2f53af4ed091f10c8ee1ddca26","bgt_status":"bestaand","class":"waterloop","objecttype":"Waterdeel"},"geometry":{"type":"Polygon","coordinates":[[[170325.615,558741.446],[170326.846,558740.705],[170328.743,558737.869],[170331.25,558734.166],[170331.788,558731.916],[170331.273,558728.377],[170330.125,558724.51],[170328.205,558721.956],[170324.855,558719.12],[170321.131,558716.542],[170318.672,558715.768],[170316.283,558715.675],[170312.793,558716.143],[170309.42,558716.729],[170306.843,558716.753],[170304.665,558716.706],[170302.932,558716.378],[170299.606,558714.995],[170294.57,558712.253],[170290.026,558709.323],[170285.003,558705.547],[170282.714,558703.685],[170280.907,558701.756],[170280.104,558700.658],[170279.904,558699.962],[170280.024,558699.493],[170280.452,558699.265],[170281.095,558699.426],[170282.005,558700.056],[170283.625,558701.703],[170286.352,558704.105],[170290.41,558706.935],[170295.41,558710.052],[170299.304,558712.144],[170302.379,558713.375],[170305.904,558714.195],[170309.921,558714.195],[170316.356,558713.498],[170321.931,558713.128],[170324.39,558713.949],[170328.489,558717.681],[170332.014,558721.783],[170333.572,558725.187],[170333.736,558726.827],[170334.433,558727.443],[170335.376,558727.525],[170336.318,558727.196],[170338.614,558725.064],[170341.893,558723.3],[170345.295,558722.111],[170348.082,558721.783],[170351.73,558721.906],[170355.051,558724.079],[170360.379,558729.124],[170365.913,558733.759],[170368.577,558736.876],[170376.488,558744.71],[170386.859,558754.225],[170399.443,558764.807],[170408.583,558772.313],[170414.363,558777.727],[170422.233,558785.027],[170428.709,558791.959],[170432.89,558796.634],[170436.333,558800.162],[170439.9,558803.484],[170442.687,558806.478],[170443.794,558809.431],[170445.3,558819.336],[170447.835,558835.828],[170448.169,558837.998],[170449.604,558847.472],[170450.895,558861.899],[170451.797,558870.163],[170453.15,558876.603],[170453.641,558881.524],[170453.6,558883.862],[170452.945,558884.477],[170451.838,558884.641],[170451.51,558883.329],[170450.772,558880.253],[170450.116,558877.71],[170449.46,558873.434],[170447.739,558861.663],[170445.73,558845.513],[170443.22,558827.426],[170442.011,558816.332],[170440.986,558809.81],[170439.951,558806.539],[170435.001,558801.587],[170427.9,558795.199],[170420.153,558787.16],[170412.549,558780.126],[170401.574,558770.364],[170390.886,558761.751],[170382.493,558755.004],[170373.527,558746.391],[170362.695,558735.769],[170355.747,558730.59],[170351.239,558727.514],[170348.123,558726.448],[170344.598,558726.407],[170340.171,558728.294],[170337.589,558730.508],[170335.688,558734.259],[170333.92,558737.235],[170331.71,558740.388],[170329.353,558742.657],[170327.349,558743.895],[170326.894,558743.309],[170325.615,558741.446]]]}},{"type":"Feature","properties":{"relatieveHoogteligging":0,"lokaalID":"G1900.d4753e0eaeec49e88f08517d8ebd4375","bgt_status":"bestaand","class":"waterloop","objecttype":"Waterdeel"},"geometry":{"type":"Polygon","coordinates":[[[170757.669,558121.58],[170757.435,558122.317],[170751.365,558141.467],[170749.732,558146.226],[170740.833,558141.918],[170741.241,558141.339],[170742.308,558139.329],[170742.999,558137.277],[170744.17,558133.119],[170745.013,558128.355],[170745.929,558124.983],[170747.195,558120.827],[170748.388,558117.267],[170748.802,558113.322],[170747.662,558112.878],[170747.336,558112.751],[170748.346,558109.932],[170748.758,558110.002],[170749.998,558110.525],[170751.209,558107.913],[170752.13,558104.855],[170755.997,558088.987],[170759.221,558082.464],[170761.343,558078.663],[170763.49,558071.29],[170765.39,558066.35],[170767.36,558061.13],[170768.55,558057.93],[170771.59,558050.68],[170772.245,558047.894],[170776.412,558040.883],[170779.388,558035.062],[170782.828,558026.661],[170787.789,558015.88],[170796.917,557996.565],[170800.64,557991.77],[170808.956,557969.644],[170814.843,557955.29],[170818.547,557946.691],[170824.169,557936.438],[170831.776,557924.201],[170847.21,557900.32],[170848.31,557898.92],[170849.46,557897.31],[170851.19,557894.56],[170861.16,557877.77],[170867.81,557861.59],[170869.03,557858.6],[170870.22,557855.78],[170871.47,557852.84],[170872.48,557850.09],[170873.48,557847.53],[170874.13,557846.02],[170874.55,557845.29],[170875.4,557844.02],[170876.36,557842.82],[170876.92,557842.14],[170877.53,557841.6],[170878.72,557840.67],[170880.75,557838.84],[170882.83,557836.77],[170884.61,557835.03],[170886.77,557832.99],[170888.71,557830.63],[170896.36,557821.65],[170901.6,557814.89],[170907.18,557807.21],[170913.52,557798.11],[170918.34,557790.98],[170919.56,557789.03],[170920.38,557787.6],[170921.44,557786.11],[170922.26,557785.21],[170923.11,557784.18],[170925.54,557780.89],[170928.87,557776.34],[170932.08,557771.71],[170935.42,557766.58],[170936.52,557764.806],[170938.377,557765.911],[170939.866,557763.411],[170938.7,557762.73],[170938.05,557762.35],[170938.12,557761.63],[170938.52,557760.08],[170938.96,557759.18],[170939.41,557758.46],[170940.961,557755.971],[170942.289,557754.433],[170945.064,557750.401],[170947.484,557747.784],[170948.274,557746.52],[170948.38,557745.99],[170948.645,557745.197],[170949.174,557744.297],[170949.862,557744.244],[170950.285,557744.297],[170950.783,557744.015],[170955.29,557736.757],[170956.678,557734.352],[170958.449,557731.282],[170959.26,557730.27],[170959.74,557729.69],[170960.92,557728.27],[170962.01,557726.86],[170962.65,557725.82],[170962.88,557725.46],[170964.01,557723.4],[170965.41,557720.67],[170966.82,557717.99],[170968.28,557714.93],[170969.8,557711.78],[170971.12,557708.95],[170972.49,557705.94],[170974.06,557702.86],[170975.45,557699.95],[170977.14,557696.44],[170978.86,557693.12],[170980.1,557690.83],[170982.38,557686.33],[170984.48,557682.43],[170986.33,557679.22],[170988.17,557675.98],[170988.72,557674.97],[170990.35,557671.83],[170991.63,557669.33],[170993.46,557666.02],[170995.42,557662.53],[170997.42,557659.04],[170999.11,557655.91],[171000,557654.27],[171000.78,557652.85],[171002.22,557650.48],[171005.26,557646.07],[171007.05,557643.77],[171009.05,557640.98],[171010.33,557638.74],[171011.75,557636.07],[171013.41,557633.36],[171015.5,557630.01],[171017.15,557627.36],[171019.04,557624.56],[171022.18,557620.65],[171023.47,557619.31],[171024.68,557618.17],[171025.85,557617.29],[171026.93,557616.32],[171028.74,557615.32],[171030.27,557614.8],[171032.24,557613.96],[171034.65,557613.4],[171038.99,557613.09],[171057.438,557614.116],[171059.198,557614.214],[171059.608,557613.907],[171060.243,557613.714],[171061.546,557613.661],[171062.357,557613.766],[171063.625,557614.101],[171064.206,557613.996],[171064.101,557613.467],[171064.541,557613.114],[171066.607,557614.267],[171067.721,557614.328],[171071.813,557614.553],[171072.15,557615.95],[171076.4,557616.18],[171076.842,557614.829],[171080.643,557615.038],[171082.172,557615.122],[171084.048,557614.038],[171102.299,557612.346],[171114.063,557611.508],[171115.702,557611.7],[171116.838,557612.071],[171118.274,557612.944],[171119.649,557613.674],[171120.762,557614.153],[171121.862,557614.356],[171123.238,557614.32],[171125.068,557614.141],[171126.133,557614.165],[171127.975,557614.344],[171130.283,557614.739],[171131.982,557614.811],[171138.284,557615.222],[171150.82,557616.12],[171151.51,557616.1],[171152.19,557616],[171125.09,557633.57],[171125.44,557633.05],[171125.53,557632.81],[171125.57,557632.36],[171125.49,557631.84],[171125.385,557631.72],[171125.21,557631.52],[171124.88,557631.35],[171124.47,557631.3],[171123.68,557631.34],[171120.82,557631.06],[171118.84,557630.56],[171116.94,557629.77],[171115.01,557629.04],[171113.89,557628.61],[171113.07,557628.28],[171112.035,557627.916],[171104.464,557627.485],[171096.306,557627.761],[171089.38,557627.94],[171082.585,557628.108],[171077.35,557628.226],[171075.991,557628.012],[171075.87,557627.42],[171071.65,557627.24],[171071.249,557628.503],[171065.705,557628.605],[171065.229,557628.925],[171064.485,557629.425],[171061.71,557629.126],[171060.538,557629.497],[171057.141,557628.743],[171054.27,557628.599],[171049.772,557628.875],[171044.031,557628.671],[171040.251,557628.731],[171035.554,557629.344],[171033.915,557629.871],[171032.84,557630.53],[171022.49,557643.37],[171012.95,557655.28],[171011.62,557657.356],[171010.381,557657.804],[171009.553,557658.103],[170998.454,557678.332],[170998.383,557678.456],[171002.666,557680.883],[171001.309,557683.278],[170997.033,557680.855],[170995.988,557682.714],[170994.389,557685.636],[170994.676,557685.791],[170994.416,557686.242],[170981.424,557708.737],[170979.593,557709.766],[170978.202,557713.049],[170978.365,557713.118],[170977.441,557715.297],[170969.513,557727.042],[170965.943,557732.044],[170965.859,557733.42],[170961.852,557739.595],[170959.323,557743.672],[170959.023,557744.155],[170958.95,557744.273],[170959.012,557744.312],[170959.218,557744.44],[170960.13,557744.937],[170953.351,557759.127],[170953.5,557759.335],[170956.702,557760.894],[170956.428,557761.503],[170956.584,557762.053],[170954.314,557766.016],[170947.682,557762.625],[170945.236,557766.578],[170944.108,557765.871],[170942.738,557768.25],[170943.959,557769.025],[170941.272,557772.702],[170934.635,557782.263],[170932.736,557786.004],[170928.6,557793.81],[170923.05,557800.92],[170922.35,557800.58],[170921.885,557800.354],[170911.46,557817.768],[170911.064,557818.301],[170906.763,557824.078],[170905.199,557826.894],[170904.197,557826.995],[170903.236,557827.384],[170902.304,557827.852],[170901.589,557828.621],[170900.78,557829.706],[170901.08,557830.15],[170899.29,557833.27],[170898.77,557833.16],[170898.48,557833.48],[170896.86,557836.12],[170893.923,557840.838],[170893.86,557840.98],[170892.625,557842.405],[170885.938,557850.475],[170881.566,557856.174],[170877.996,557862.178],[170872.932,557870.848],[170872.27,557871.83],[170872.07,557872.33],[170872.12,557872.59],[170872.08,557872.89],[170872.19,557873.13],[170872.211,557873.249],[170872.225,557873.33],[170872.241,557873.417],[170872.117,557873.349],[170871.167,557875.088],[170870.47,557874.77],[170868.48,557878.57],[170867.759,557879.863],[170865.52,557883.88],[170865.34,557884.32],[170865.26,557884.63],[170865.12,557885.04],[170865.06,557885.38],[170865.02,557885.83],[170864.83,557886.51],[170864.748,557886.644],[170863.11,557889.29],[170859.313,557895.902],[170854.926,557903.542],[170849.387,557913.187],[170834.657,557940.372],[170833.237,557942.345],[170830.85,557945.21],[170830.69,557945.47],[170833.04,557946.89],[170830.37,557952.12],[170827.87,557950.98],[170825.73,557955.21],[170824.22,557958.07],[170823.56,557959.42],[170823.22,557960.21],[170822.98,557960.74],[170818.77,557971.45],[170817.056,557974.499],[170816.19,557977.08],[170814.332,557980.624],[170812.372,557985.55],[170813.241,557985.87],[170814.182,557986.225],[170813.129,557988.786],[170810.808,557987.916],[170808.157,557993.969],[170807.992,557995.221],[170807.84,557995.39],[170807.5,557995.89],[170807,557996.61],[170805.39,558000],[170804.78,558001.29],[170801.84,558008.41],[170797.212,558018.781],[170795.19,558023.31],[170793.111,558026.75],[170792.7,558027.43],[170792.55,558027.67],[170792.24,558028.12],[170792.09,558028.36],[170790.13,558032.81],[170789.542,558034.052],[170785.037,558043.56],[170782.881,558047.811],[170780.118,558052.879],[170778.124,558057.13],[170774.975,558065.019],[170774.371,558067.641],[170773.42,558069.2],[170773.04,558069.76],[170772.61,558070.5],[170772.04,558071.61],[170771.71,558072.73],[170771,558075.58],[170769.9,558081.16],[170769.87,558081.44],[170769.45,558083.08],[170769.42,558083.45],[170769.05,558085.48],[170767.97,558089.6],[170763.466,558103.715],[170762.332,558107.269],[170761.681,558109.094],[170760.486,558113.294],[170761.025,558114.134],[170764.591,558115.234],[170763.707,558118.098],[170760.118,558116.993],[170758.949,558117.54],[170757.669,558121.58]]]}},{"type":"Feature","properties":{"relatieveHoogteligging":0,"lokaalID":"G1900.07509b9cac1c4b8cab53593d36531bbe","bgt_status":"bestaand","class":"waterloop","objecttype":"Waterdeel"},"geometry":{"type":"Polygon","coordinates":[[[171258.087,558581.534],[171258.785,558579.347],[171259.317,558579.619],[171275.387,558587.836],[171280.715,558590.987],[171282.536,558592.099],[171282.228,558593.052],[171282.093,558593.469],[171281.929,558593.881],[171273.618,558589.89],[171266.701,558586.318],[171261.202,558583.475],[171258.087,558581.534]]]}},{"type":"Feature","properties":{"relatieveHoogteligging":0,"lokaalID":"G1900.b0654e4225404a6a88a5df0e588e00f2","bgt_status":"bestaand","class":"waterloop","objecttype":"Waterdeel"},"geometry":{"type":"Polygon","coordinates":[[[171315.544,558530.03],[171329.159,558534.116],[171339.99,558537.15],[171349.962,558540.502],[171356.787,558542.518],[171361.526,558543.969],[171364.179,558544.499],[171370.367,558546.834],[171374.788,558547.931],[171381.295,558549.558],[171383.841,558550.407],[171389.888,558551.999],[171396.395,558553.697],[171399.79,558554.688],[171404.21,558555.961],[171411.425,558557.801],[171418.604,558560.313],[171424.439,558562.223],[171432.077,558564.063],[171442.297,558566.681],[171449.724,558568.732],[171457.539,558571.138],[171464.011,558572.695],[171468.254,558573.791],[171473.417,558575.136],[171478.475,558576.869],[171486.255,558579.098],[171492.09,558580.937],[171503.052,558583.803],[171516.278,558587.411],[171526.145,558589.569],[171533.112,558591.55],[171539.371,558593.921],[171545.737,558595.23],[171556.457,558598.176],[171566.318,558600.743],[171575.432,558603.472],[171580.888,558605.049],[171585.193,558606.06],[171590.73,558607.475],[171591.902,558608.081],[171592.124,558608.769],[171591.861,558609.961],[171591.275,558610.851],[171590.406,558611.093],[171589.295,558611.013],[171587.193,558610.386],[171583.692,558609.229],[171574.179,558606.469],[171565.302,558603.944],[171558.476,558601.892],[171551.262,558600.052],[171541.679,558597.364],[171535.455,558595.63],[171528.063,558593.224],[171518.48,558590.748],[171514.421,558589.586],[171507.32,558587.554],[171501.197,558585.876],[171496.428,558584.603],[171495.76,558584.479],[171491.619,558583.713],[171488.83,558583.147],[171487.153,558582.844],[171485.132,558581.894],[171483.025,558581.02],[171478.428,558579.675],[171471.638,558577.659],[171466.227,558575.784],[171457.351,558573.626],[171445.15,558569.84],[171437.653,558567.966],[171430.616,558566.02],[171422.694,558563.933],[171414.737,558561.81],[171406.781,558559.263],[171397.551,558556.68],[171388.144,558553.886],[171383.511,558552.683],[171378.631,558551.48],[171373.468,558549.853],[171367.421,558548.013],[171360.595,558546.103],[171352.674,558543.556],[171347.263,558542.034],[171340.898,558540.336],[171330.253,558537.506],[171321.731,558535.03],[171314.481,558532.681],[171311.688,558531.836],[171307.877,558530.458],[171308.216,558528.998],[171308.618,558527.918],[171315.544,558530.03]]]}},{"type":"Feature","properties":{"relatieveHoogteligging":0,"lokaalID":"G1900.c4495fcf687241959d1ea04954b77198","bgt_status":"bestaand","class":"waterloop","objecttype":"Waterdeel"},"geometry":{"type":"Polygon","coordinates":[[[171287.087,558596.481],[171287.547,558595.398],[171287.674,558595.059],[171290.664,558595.735],[171293.28,558596.886],[171296.357,558598.5],[171301.188,558600.492],[171304.365,558601.587],[171315.744,558605.585],[171319.652,558606.959],[171328.544,558611.793],[171338.363,558617.132],[171345.838,558620.189],[171356.4,558624.508],[171365.746,558628.174],[171373.831,558631.158],[171386.159,558637.163],[171396.193,558641.538],[171413.385,558649.764],[171421.209,558653.846],[171429.241,558656.97],[171436.501,558660.448],[171449.492,558667.479],[171453.397,558669.948],[171457.587,558671.491],[171463.501,558673.669],[171469.207,558676.146],[171484.579,558682.817],[171494.8,558686.514],[171503.857,558689.005],[171510.285,558691.031],[171510.881,558691.219],[171510.461,558693.06],[171510.142,558693.686],[171507.141,558692.956],[171497.954,558689.924],[171494.58,558688.81],[171491.059,558688.146],[171489.954,558688.146],[171488.648,558688.464],[171487.166,558689.33],[171484.265,558688.292],[171484.083,558686.954],[171483.247,558685.521],[171482.437,558684.857],[171479.438,558683.58],[171471.391,558679.659],[171467.254,558677.888],[171463.499,558676.281],[171457.845,558674.061],[171454.212,558672.49],[171452.123,558671.271],[171444.644,558667.119],[171441.117,558664.929],[171434.143,558662.007],[171427.631,558658.836],[171424.449,558657.527],[171414.442,558652.555],[171408.63,558649.585],[171400.394,558645.939],[171393.555,558642.555],[171389.089,558640.733],[171382.497,558637.421],[171372.451,558632.907],[171365.215,558630.055],[171362.031,558628.974],[171353.097,558625.413],[171350.943,558624.35],[171345.691,558622.153],[171337.27,558618.44],[171331.15,558615.458],[171326.147,558612.927],[171321.494,558610.309],[171317.662,558608.564],[171312.387,558606.395],[171305.954,558604.154],[171304.35,558603.98],[171302.053,558604.28],[171300.703,558604.461],[171299.774,558604.205],[171298.61,558603.58],[171297.816,558602.578],[171297.267,558601.956],[171296.548,558601.302],[171292.647,558599.187],[171287.087,558596.481]]]}},{"type":"Feature","properties":{"relatieveHoogteligging":0,"lokaalID":"G1900.a32be4bdd3b74913b7989bb27438a108","bgt_status":"bestaand","class":"waterloop","objecttype":"Waterdeel"},"geometry":{"type":"Polygon","coordinates":[[[171654.433,558894.462],[171652.813,558897.998],[171649.16,558905.949],[171645.69,558912.837],[171641.812,558921.483],[171641.238,558923.016],[171640.914,558924.419],[171640.914,558925.642],[171641.099,558926.935],[171641.448,558928.309],[171642.295,558929.711],[171644.406,558933.205],[171645.136,558935.08],[171645.396,558936.349],[171645.395,558937.375],[171645.099,558938.659],[171643.741,558941.088],[171641.045,558944.985],[171639.066,558947.464],[171636.773,558949.709],[171632.242,558954.149],[171624.648,558962.192],[171619.494,558967.271],[171617.868,558969.072],[171616.445,558971.023],[171615.859,558972.067],[171615.686,558972.767],[171615.686,558973.621],[171616.091,558975.157],[171617.557,558979.385],[171616.347,558980.205],[171615.34,558980.561],[171612.734,558976.673],[171610.86,558974.042],[171607.59,558970.658],[171602.837,558966.85],[171598.892,558963.394],[171594.397,558959.222],[171590.346,558955.598],[171585.763,558951.762],[171579.389,558946.525],[171576.802,558944.485],[171574.945,558942.918],[171572.038,558939.736],[171571.949,558939.649],[171569.324,558937.411],[171566.699,558934.854],[171564.468,558932.414],[171561.563,558929.578],[171560.395,558928.343],[171558.623,558926.47],[171554.302,558921.719],[171551.88,558919.118],[171549.719,558916.677],[171549.595,558916.559],[171545.821,558913.541],[171542.183,558910.802],[171538.269,558907.832],[171534.511,558904.6],[171530.381,558900.868],[171526.801,558897.627],[171523.725,558894.523],[171519.988,558891.193],[171516.17,558887.136],[171510.595,558881.824],[171503.733,558875.881],[171497.515,558870.251],[171493.079,558865.925],[171486.856,558859.811],[171481.282,558854.188],[171475.916,558848.903],[171472.815,558846.06],[171469.731,558842.739],[171467.413,558839.965],[171466.472,558838.839],[171462.675,558834.871],[171458.25,558830.176],[171452.907,558824.635],[171448.697,558820.865],[171448.471,558820.713],[171447.861,558820.413],[171447.66,558820.339],[171447.447,558820.31],[171447.233,558820.328],[171446.443,558820.478],[171446.233,558820.542],[171445.493,558820.862],[171445.376,558820.923],[171444.48,558821.46],[171443.175,558822.225],[171442.263,558822.802],[171441.877,558822.171],[171441.262,558821.146],[171441.483,558820.977],[171441.678,558820.781],[171442.722,558819.385],[171442.82,558819.225],[171442.886,558819.049],[171442.918,558818.864],[171443.055,558817.116],[171443.048,558816.898],[171442.994,558816.687],[171442.896,558816.492],[171441.95,558815.041],[171441.794,558814.856],[171439.044,558812.29],[171437.536,558810.883],[171437.431,558810.796],[171435.695,558809.056],[171433.253,558806.996],[171430.28,558804.566],[171427.664,558801.971],[171425.333,558799.846],[171422.328,558797.39],[171419.564,558795.065],[171419.478,558795],[171416.719,558793.145],[171412.802,558790.767],[171409.086,558788.469],[171408.991,558788.418],[171404.821,558786.427],[171400.949,558784.134],[171396.409,558781.516],[171391.454,558778.032],[171367.013,558763.388],[171365.35,558762.591],[171363.513,558761.346],[171361.166,558759.981],[171358.902,558758.341],[171356.49,558756.029],[171353.858,558753.715],[171351.024,558750.969],[171348.43,558748.036],[171345.195,558744.682],[171342.697,558741.685],[171338.987,558737.635],[171338.912,558737.561],[171333.446,558732.728],[171329.184,558729.22],[171325.587,558725.603],[171322.074,558722.189],[171317.976,558717.812],[171313.789,558713.397],[171308.941,558709.04],[171304.117,558705.418],[171299.865,558701.572],[171294.305,558696.422],[171288.603,558690.97],[171282.127,558685.083],[171274.688,558677.773],[171270.632,558673.393],[171268.434,558671.02],[171262.444,558665.41],[171262.347,558665.33],[171261.147,558664.46],[171261.06,558664.404],[171259.97,558663.774],[171259.731,558663.675],[171258.621,558663.375],[171258.411,558663.341],[171258.199,558663.353],[171257.996,558663.386],[171257.31,558662.455],[171257.966,558661.985],[171259.146,558661.085],[171259.244,558661.001],[171260.244,558660.01],[171261.482,558658.781],[171264.907,558655.096],[171267.151,558652.746],[171267.203,558652.692],[171269.672,558649.583],[171272.184,558646.441],[171274.735,558643.216],[171277.231,558639.575],[171279.605,558636.435],[171281.759,558633.034],[171284.518,558628.88],[171287.214,558624.966],[171289.877,558621.086],[171292.653,558616.832],[171294.893,558613.173],[171296.782,558610.093],[171296.863,558609.929],[171297.356,558608.65],[171298.777,558609.504],[171298.022,558610.83],[171297.255,558612.397],[171296.54,558614.02],[171295.653,558615.501],[171294.894,558616.557],[171293.762,558618.061],[171292.237,558620.159],[171291.114,558621.996],[171289.732,558624.118],[171288.383,558626.028],[171286.923,558628.178],[171285.665,558630.181],[171284.269,558632.479],[171282.637,558634.878],[171280.832,558637.823],[171278.753,558640.819],[171276.775,558643.386],[171273.705,558647.546],[171270.621,558650.957],[171268.131,558653.674],[171265.64,558656.391],[171264.79,558657.013],[171264.597,558657.198],[171263.867,558658.118],[171263.781,558658.244],[171263.716,558658.382],[171263.386,558659.242],[171263.333,558659.437],[171263.173,558660.407],[171263.164,558660.656],[171263.244,558661.586],[171263.284,558661.794],[171263.484,558662.444],[171263.566,558662.637],[171263.956,558663.337],[171264.054,558663.481],[171264.51,558664.041],[171264.863,558664.547],[171265.263,558665.057],[171265.367,558665.17],[171265.487,558665.266],[171266.175,558665.735],[171266.869,558666.174],[171267.528,558666.842],[171267.67,558666.962],[171268.23,558667.35],[171272.698,558671.524],[171284.614,558682.657],[171309.692,558705.685],[171332.136,558726.511],[171344.076,558739.109],[171348.625,558744.148],[171352.348,558747.652],[171355.125,558750.352],[171358.196,558752.877],[171361.656,558755.497],[171361.744,558755.557],[171366.531,558758.438],[171371.246,558761.009],[171376.086,558764.175],[171381.565,558767.209],[171387.638,558770.771],[171394.31,558774.539],[171400.807,558779.003],[171408.871,558785.031],[171409.003,558785.114],[171410.449,558785.878],[171414.077,558787.761],[171417.047,558789.588],[171419.871,558791.705],[171422.352,558793.468],[171425.405,558796.107],[171428.267,558798.728],[171431.709,558801.329],[171434.865,558804.857],[171434.949,558804.94],[171439.447,558808.902],[171440.919,558810.075],[171445.422,558813.664],[171451.306,558819.27],[171456.773,558824.918],[171459.315,558827.529],[171459.938,558828.239],[171460.048,558828.347],[171460.174,558828.437],[171462.084,558829.587],[171462.257,558829.67],[171462.443,558829.718],[171462.635,558829.729],[171463.205,558829.709],[171463.309,558829.7],[171463.879,558829.62],[171464.102,558829.562],[171464.822,558829.282],[171465.01,558829.185],[171465.45,558828.895],[171465.579,558828.794],[171465.689,558828.674],[171466.079,558828.169],[171466.352,558827.764],[171466.724,558827.277],[171466.832,558827.102],[171467.217,558826.289],[171467.567,558825.349],[171467.621,558825.133],[171467.807,558823.736],[171467.96,558821.72],[171467.989,558820.751],[171468.059,558818.462],[171468.309,558815.794],[171468.518,558811.961],[171468.796,558808.784],[171469.119,558805.593],[171470.239,558771.701],[171470.347,558769.482],[171470.644,558767.313],[171470.92,558764.875],[171471.894,558762.271],[171472.935,558759.304],[171474.128,558756.369],[171475.11,558753.451],[171476.582,558749.659],[171478.44,558745.581],[171479.77,558741.91],[171480.64,558739.5],[171481.32,558737.17],[171481.352,558737.014],[171481.68,558734.355],[171481.728,558732.294],[171481.578,558730.02],[171481.403,558727.544],[171480.996,558724.067],[171480.669,558719.373],[171480.59,558716.265],[171480.65,558712.544],[171480.856,558708.627],[171481.563,558703.641],[171483.015,558697.763],[171483.679,558695.536],[171484.14,558694.284],[171484.251,558694.149],[171484.865,558694.33],[171485.27,558694.584],[171484.742,558698.725],[171484.442,558700.367],[171484.061,558702.174],[171483.316,558708.067],[171482.76,558710.272],[171482.339,558711.939],[171482.064,558714.097],[171482.064,558718.195],[171482.402,558722.663],[171483.019,558726.646],[171483.477,558731.483],[171483.259,558733.568],[171482.562,558737.691],[171481.886,558740.828],[171481.244,558742.627],[171477.282,558751.397],[171473.754,558760.686],[171473.214,558762.512],[171472.956,558763.972],[171472.442,558768.702],[171472.442,558774.5],[171471.491,558789.314],[171470.61,558810.172],[171469.5,558821.028],[171469.252,558823.457],[171468.952,558825.571],[171468.445,558827.497],[171467.595,558830.725],[171467.426,558832.054],[171467.535,558833.1],[171468.082,558834.744],[171468.954,558836.234],[171469.808,558837.692],[171470.013,558837.981],[171471.415,558839.965],[171474.683,558843.38],[171484.851,558852.936],[171492.335,558861.193],[171497.824,558866.347],[171506.004,558873.811],[171514.717,558882.312],[171519.439,558886.824],[171524.77,558891.789],[171533.014,558898.642],[171546.987,558910.745],[171552.446,558914.883],[171555.391,558917.71],[171558.922,558921.969],[171561.608,558925.73],[171562.5,558926.842],[171563.92,558928.61],[171566.544,558930.997],[171578.748,558941.403],[171589.665,558950.455],[171597.732,558957.798],[171608.307,558967.127],[171609.536,558967.897],[171610.715,558968.131],[171612.45,558968.039],[171613.762,558967.579],[171615.406,558966.758],[171616.919,558965.471],[171621.368,558961.296],[171628.836,558953.539],[171634.77,558947.376],[171635.888,558946.216],[171641.002,558940.285],[171641.737,558939.048],[171642.146,558937.656],[171642.146,558936.432],[171641.847,558934.923],[171640.784,558932.702],[171639.677,558930.978],[171638.414,558928.259],[171637.737,558925.57],[171638.02,558923.134],[171639.456,558919.392],[171642.816,558912.857],[171645.254,558907.029],[171650.184,558897.298],[171651.267,558894.983],[171651.798,558893.288],[171652.513,558891.011],[171655.029,558884.429],[171656.429,558881.521],[171659.031,558878.273],[171664.471,558871.729],[171669.302,558865.184],[171672.295,558860.927],[171678.278,558852.048],[171680.107,558849.786],[171684.784,558845.937],[171692.909,558839.564],[171695.16,558837.334],[171696.565,558835.453],[171698.505,558831.489],[171700.148,558828.555],[171701.714,558826.214],[171703.2,558824.172],[171703.839,558824.735],[171705.09,558825.837],[171703.818,558827.927],[171702.32,558830.347],[171701.009,558832.298],[171700.094,558833.919],[171699.025,558835.724],[171697.648,558837.75],[171696.745,558839.026],[171694.584,558841.525],[171691.855,558844.06],[171687.14,558847.391],[171685.639,558848.463],[171684.12,558849.932],[171682.876,558851.152],[171678.239,558857.173],[171674.996,558861.842],[171673.497,558864.235],[171671.081,558867.341],[171667.755,558871.617],[171662.969,558877.539],[171661.836,558878.827],[171658.956,558883.113],[171657.679,558885.11],[171656.929,558886.852],[171655.766,558891.105],[171654.64,558894.01],[171654.433,558894.462]]]}},{"type":"Feature","properties":{"relatieveHoogteligging":0,"lokaalID":"G1900.65441ffd44ba429db88bf7a13ac580ff","bgt_status":"bestaand","class":"waterloop","objecttype":"Waterdeel"},"geometry":{"type":"Polygon","coordinates":[[[171495.976,559039.122],[171492.794,559036.193],[171489.396,559033.05],[171484.268,559028.369],[171478.69,559022.982],[171470.485,559014.965],[171464.651,559008.937],[171457.214,559002.332],[171448.303,558994.764],[171439.713,558987.517],[171432.917,558981.169],[171427.276,558975.333],[171422.019,558969.304],[171418.942,558965.392],[171413.685,558959.813],[171410.672,558957.312],[171406.248,558954.041],[171399.966,558949.296],[171392.721,558943.139],[171386.824,558938.586],[171381.951,558934.417],[171377.207,558930.185],[171371.502,558924.605],[171364.193,558916.717],[171357.462,558909.214],[171349.256,558902.096],[171342.781,558895.554],[171337.973,558890.167],[171330.473,558882.087],[171321.497,558872.98],[171316.369,558867.016],[171313.74,558863.489],[171309.702,558855.921],[171304.925,558848.723],[171300.214,558844.121],[171293.594,558833.572],[171288.097,558826.165],[171281.927,558817.748],[171272.839,558806.749],[171276.258,558801.834],[171277.275,558800.491],[171277.381,558800.558],[171277.967,558801.228],[171278.783,558802.861],[171279.872,558804.118],[171282.492,558808.129],[171283.623,558809.95],[171287.956,558815.919],[171288.277,558816.424],[171292.252,558822.677],[171295.146,558827.954],[171298.993,558833.927],[171303.132,558839.534],[171306.356,558843.382],[171308.481,558845.581],[171311.045,558849.795],[171313.921,558854.971],[171317.548,558861.018],[171320.515,558864.536],[171326.34,558870.986],[171332.54,558877.481],[171337.705,558882.832],[171344.821,558891.031],[171350.398,558896.546],[171356.168,558901.549],[171362.9,558908.346],[171370.977,558917.132],[171378.285,558924.507],[171385.401,558931.241],[171390.274,558935.474],[171393.479,558937.654],[171403.544,558946.119],[171409.763,558950.801],[171416.704,558956.472],[171421.797,558962.225],[171424.837,558966.11],[171429.453,558971.497],[171434.105,558976.077],[171440.443,558981.794],[171449.564,558989.774],[171460.655,558999.458],[171465.34,559003.838],[171471.556,559010.008],[171480.623,559018.931],[171486.777,559025.28],[171490.422,559028.634],[171493.572,559031.419],[171495.925,559033.371],[171498.688,559035.444],[171501.368,559037.078],[171503.06,559037.805],[171503.982,559038.044],[171503.406,559038.994],[171495.976,559039.122]]]}},{"type":"Feature","properties":{"relatieveHoogteligging":0,"lokaalID":"G1900.629f4a8f31c9443cace857f12ee4f823","bgt_status":"bestaand","class":"waterloop","objecttype":"Waterdeel"},"geometry":{"type":"Polygon","coordinates":[[[171144.929,558567.371],[171145.618,558567.099],[171159.595,558601.506],[171163.995,558610.326],[171164.161,558610.564],[171165.998,558612.521],[171168.007,558614.621],[171170.287,558616.941],[171170.43,558617.062],[171175.339,558620.461],[171178.109,558622.021],[171178.346,558622.117],[171181.136,558622.847],[171183.366,558623.217],[171183.541,558623.23],[171183.716,558623.213],[171185.947,558622.789],[171188.3,558622.187],[171191.201,558621.307],[171193.566,558620.589],[171195.159,558620.467],[171198.066,558620.236],[171199.578,558620.46],[171201.309,558620.955],[171202.796,558621.576],[171205.401,558623.309],[171209.141,558626.74],[171218.293,558634.556],[171235.361,558650.535],[171248.36,558663.097],[171252.963,558666.813],[171253.484,558666.335],[171254.29,558667.38],[171251.655,558671.232],[171250.65,558673.753],[171250.075,558676.953],[171250.075,558679.16],[171250.414,558681.897],[171251.106,558683.637],[171254.978,558690.51],[171257.535,558693.958],[171259.352,558696.313],[171265.203,558705.878],[171268.462,558711.991],[171269.15,558713.853],[171270.178,558717.69],[171272.26,558727.95],[171272.722,558731.007],[171272.722,558733.514],[171273.31,558743.88],[171273.546,558745.874],[171274.06,558747.808],[171277.071,558759.14],[171279.437,558767.627],[171285.34,558787.38],[171286.157,558789.742],[171287.728,558793.242],[171289.595,558796.904],[171290.536,558798.642],[171292.051,558800.947],[171296.601,558806.746],[171298.396,558810.1],[171306.234,558821.355],[171318.575,558838.067],[171330.959,558854.776],[171337.966,558864.273],[171340.073,558867.038],[171345.556,558872.859],[171353.636,558880.081],[171357.452,558884.065],[171358.291,558884.745],[171358.945,558884.842],[171359.57,558884.842],[171365.621,558880.501],[171393.295,558857.976],[171420.922,558836.817],[171428.443,558830.877],[171435.702,558825.142],[171437.727,558827.272],[171361.133,558887.293],[171360.993,558887.427],[171360.881,558887.586],[171360.802,558887.763],[171360.758,558887.952],[171360.718,558888.262],[171360.713,558888.472],[171360.753,558888.679],[171360.834,558888.872],[171360.954,558889.045],[171362.509,558890.833],[171364.755,558892.98],[171372.492,558901.435],[171372.566,558901.508],[171376.654,558905.139],[171381.108,558909.843],[171384.371,558913.056],[171387.67,558916.434],[171393.034,558921.844],[171396.05,558924.393],[171399.382,558926.956],[171402.689,558929.616],[171405.534,558931.952],[171408.06,558934.042],[171410.857,558936.64],[171413.232,558938.798],[171416.532,558941.46],[171418.962,558943.526],[171421.558,558945.567],[171423.609,558947.391],[171425.76,558949.284],[171428.165,558951.627],[171430.291,558953.518],[171432.66,558956.191],[171434.627,558958.566],[171436.871,558961.217],[171438.906,558963.878],[171439.013,558963.996],[171441.579,558966.424],[171444.057,558969.091],[171446.237,558971.371],[171446.317,558971.446],[171449.305,558973.955],[171451.239,558975.592],[171453.645,558977.919],[171453.725,558977.989],[171456.242,558979.951],[171459.06,558982.423],[171461.209,558984.526],[171464.247,558986.996],[171466.162,558988.655],[171479.176,559000.73],[171486.226,559007.409],[171494.142,559015.445],[171499.769,559020.582],[171506.422,559026.139],[171510.918,559029.345],[171511.169,559029.475],[171515.768,559031.082],[171515.918,559031.122],[171516.072,559031.138],[171520.072,559031.243],[171520.24,559031.233],[171520.404,559031.195],[171523.806,559030.1],[171523.923,559030.054],[171527.047,559028.595],[171529.123,559028.031],[171531.15,559027.666],[171533.237,559027.85],[171536.287,559028.617],[171539.75,559030.066],[171545.278,559033.373],[171548.863,559036.969],[171552.525,559041.136],[171556.157,559045.584],[171562.045,559051.788],[171567.045,559057.203],[171573.969,559064.443],[171581.001,559075.472],[171581.065,559075.561],[171588.154,559084.372],[171588.225,559084.451],[171592.619,559088.857],[171592.797,559088.999],[171593.003,559089.097],[171593.226,559089.146],[171594.226,559089.248],[171594.41,559089.25],[171594.592,559089.217],[171594.765,559089.152],[171594.923,559089.056],[171595.061,559088.932],[171597.46,559086.34],[171601.114,559082.49],[171604.926,559077.788],[171607.668,559074.341],[171612.999,559066.72],[171613.314,559066.258],[171614.715,559067.408],[171613.326,559069.716],[171607.426,559077.494],[171603.141,559083.554],[171599.558,559087.823],[171595.81,559092.347],[171594.924,559093.084],[171594.203,559093.143],[171593.418,559092.945],[171591.839,559091.451],[171587.383,559086.486],[171586.31,559085.214],[171582.418,559080.11],[171576.487,559072.676],[171573.539,559067.055],[171573.402,559066.858],[171570.272,559063.316],[171564.586,559057.514],[171559.588,559052.202],[171555.405,559047.908],[171552.358,559044.557],[171547.101,559037.294],[171546.928,559037.109],[171543.531,559034.304],[171543.357,559034.189],[171538.56,559031.682],[171538.449,559031.632],[171536.05,559030.729],[171535.858,559030.678],[171532.758,559030.174],[171532.485,559030.167],[171529.884,559030.463],[171529.711,559030.499],[171526.65,559031.415],[171519.513,559034.043],[171517.097,559034.04],[171514.042,559033.387],[171509.642,559030.989],[171503.234,559026.045],[171497.166,559020.758],[171493.908,559017.886],[171489.146,559012.814],[171489.011,559012.694],[171487.165,559011.329],[171482.435,559006.784],[171475.328,558999.256],[171470.585,558994.998],[171465.251,558990.609],[171461.017,558986.623],[171457.399,558982.985],[171457.274,558982.878],[171453.667,558980.285],[171450.842,558977.997],[171447.099,558975.023],[171444.623,558972.979],[171442.039,558970.394],[171439.581,558967.618],[171436.849,558964.688],[171434.773,558962.062],[171432.225,558959.146],[171429.338,558955.583],[171426.704,558952.103],[171424.168,558949.194],[171421.088,558946.108],[171418.269,558943.709],[171415.217,558941.101],[171411.543,558938.145],[171408.133,558935.635],[171405.405,558933.626],[171401.651,558930.833],[171398.818,558928.33],[171395.331,558925.439],[171392.569,558923.305],[171389.141,558920.548],[171386.51,558918.025],[171383.857,558915.373],[171380.799,558912.135],[171378.681,558909.947],[171376.058,558907.443],[171373.518,558904.614],[171370.538,558901.544],[171367.463,558898.46],[171364.545,558895.731],[171362.363,558893.549],[171360.135,558891.112],[171357.88,558888.736],[171354.931,558885.928],[171352.355,558883.45],[171350.093,558881.129],[171329.985,558859.674],[171325.639,558853.959],[171323.136,558850.589],[171321.3,558847.438],[171319.029,558844.182],[171316.57,558840.797],[171314.007,558837.496],[171311.692,558834.366],[171309.633,558831.424],[171307.478,558828.517],[171305.128,558824.735],[171303.422,558822.111],[171301.702,558818.889],[171301.628,558818.77],[171299.632,558816.037],[171297.722,558813.33],[171294.371,558808.403],[171292.704,558805.439],[171290.714,558802.179],[171290.64,558802.074],[171287.916,558798.683],[171286.328,558795.769],[171283.624,558789.629],[171282.347,558785.818],[171272.54,558750.229],[171271.792,558747.945],[171271.373,558746.237],[171270.786,558744.39],[171270.458,558740.857],[171270.149,558735.034],[171269.997,558731.168],[171269.862,558729.316],[171269.573,558727.018],[171268.903,558723.385],[171268.298,558720.172],[171267.905,558718.342],[171267.267,558716.298],[171266.556,558714.208],[171265.536,558711.498],[171264.266,558708.608],[171264.184,558708.459],[171254.681,558694.08],[171253.044,558691.459],[171251.823,558689.75],[171251.106,558688.497],[171250.407,558687.186],[171249.756,558686.099],[171249.21,558684.781],[171248.548,558683.039],[171248.068,558681.429],[171247.895,558680.318],[171247.807,558679.062],[171247.707,558677.786],[171247.588,558676.081],[171247.505,558674.343],[171247.812,558672.928],[171248.35,558671.815],[171248.411,558671.658],[171248.444,558671.492],[171248.619,558669.921],[171248.689,558668.477],[171248.657,558667.527],[171248.587,558666.567],[171248.533,558666.309],[171247.813,558664.259],[171247.747,558664.109],[171247.067,558662.869],[171246.977,558662.734],[171246.867,558662.614],[171204.92,558624.017],[171203.5,558622.737],[171203.334,558622.616],[171203.146,558622.531],[171201.646,558622.031],[171201.521,558621.998],[171199.963,558621.698],[171198.033,558621.458],[171197.877,558621.451],[171196.619,558621.493],[171195.359,558621.583],[171195.24,558621.598],[171192.09,558622.208],[171191.969,558622.24],[171187.305,558623.768],[171185.585,558624.076],[171183.302,558624.241],[171181.512,558623.815],[171179.211,558623.292],[171174.494,558620.909],[171169.138,558617.518],[171166.863,558615.348],[171166.085,558614.553],[171165.39,558613.477],[171165.315,558613.375],[171164.352,558612.234],[171163.809,558611.289],[171158.135,558599.055],[171155.961,558593.898],[171150.663,558582.193],[171144.929,558567.371]]]}},{"type":"Feature","properties":{"relatieveHoogteligging":0,"lokaalID":"P0021.ffa9944d6733419a82ae01afc729f8f3","bgt_status":"bestaand","class":"waterloop","objecttype":"Waterdeel"},"geometry":{"type":"Polygon","coordinates":[[[171396.347,558999.939],[171278.653,559100.132],[171276.591,559098.612],[171270.052,559092.712],[171260.804,559083.782],[171254.907,559078.267],[171248.175,559071.148],[171244.521,559067.878],[171241.957,559063.389],[171239.969,559059.541],[171231.828,559048.126],[171223.622,559037.159],[171220.16,559033.055],[171220.865,559029.784],[171219.839,559028.502],[171217.596,559026.385],[171215.416,559023.435],[171213.749,559020.549],[171213.044,559018.305],[171210.608,559016.253],[171207.787,559013.495],[171206.249,559011.571],[171205.928,559007.531],[171205.672,559002.657],[171204.774,559000.092],[171202.402,558997.591],[171201.633,558993.615],[171199.966,558989.767],[171198.281,558986.908],[171195.497,558985.662],[171193.958,558982.694],[171192.896,558978.406],[171190.844,558973.276],[171187.95,558968.622],[171185.166,558965.47],[171182.746,558964.03],[171181.207,558961.08],[171180.566,558956.334],[171179.284,558948.959],[171178.9,558946.266],[171176.976,558942.995],[171174.861,558940.366],[171174.22,558939.083],[171173.899,558936.774],[171174.027,558931.964],[171173.066,558929.271],[171170.566,558923.627],[171168.77,558919.395],[171167.232,558914.2],[171167.681,558909.647],[171167.04,558903.555],[171165.693,558895.923],[171164.972,558890.428],[171165.036,558885.49],[171165.164,558878.435],[171165.43,558873.387],[171166.016,558868.623],[171166.639,558866.645],[171167.912,558863.411],[171168.874,558859.627],[171168.874,558856.356],[171169.386,558852.701],[171171.117,558847.442],[171172.784,558844.171],[171174.123,558840.688],[171247.564,558826.429],[171253.483,558856.145],[171253.739,558859.48],[171253.996,558861.981],[171255.214,558865.059],[171256.102,558867.24],[171257.311,558869.768],[171257.824,558872.077],[171257.531,558874.239],[171257.018,558876.548],[171257.274,558877.391],[171258.483,558878.637],[171260.938,558880.982],[171263.392,558883.291],[171265.48,558885.16],[171268.502,558888.064],[171270.847,558890.446],[171270.883,558892.828],[171270.627,558894.99],[171270.81,558896.456],[171271.982,558898.801],[171273.594,558901],[171276.305,558903.565],[171279.309,558906.607],[171282.753,558909.355],[171285.17,558912.544],[171284.914,558915.842],[171284.077,558918.179],[171288.192,558922.17],[171292.094,558922.804],[171297.076,558924.197],[171301.765,558926.103],[171305.245,558928.118],[171308.469,558931.416],[171311.766,558933.762],[171316.712,558936.877],[171321.108,558938.929],[171324.698,558941.604],[171326.2,558944.096],[171328.91,558946.918],[171331.914,558949.153],[171335.394,558951.022],[171338.985,558952.561],[171341.366,558953.441],[171343.417,558955.273],[171344.956,558958.498],[171345.762,558960.55],[171347.557,558962.932],[171351.476,558966.34],[171355.066,558969.198],[171359.572,558972.68],[171364.005,558976.308],[171366.276,558978.58],[171367.558,558979.093],[171369.61,558979.056],[171371.844,558978.213],[171374.702,558977.993],[171377.303,558978.983],[171381.369,558981.731],[171382.944,558983.087],[171385.509,558986.459],[171388.256,558990.307],[171391.04,558994.044],[171393.238,558996.72],[171395.583,558999.358],[171396.347,558999.939]]]}},{"type":"Feature","properties":{"relatieveHoogteligging":0,"lokaalID":"G1900.52c10e431f8440abb989abd585b4f6d3","bgt_status":"bestaand","class":"waterloop","objecttype":"Waterdeel"},"geometry":{"type":"Polygon","coordinates":[[[171129.399,558810.82],[171130.382,558810.235],[171131.717,558810.399],[171132.643,558812.127],[171139.304,558828.287],[171144.919,558841.617],[171149.797,558852.855],[171151.887,558859.581],[171154.429,558866.882],[171156.232,558875.044],[171158.692,558893.746],[171160.173,558903.76],[171162,558913.767],[171163.523,558923.915],[171165.326,558934.298],[171166.474,558940.813],[171167.622,558946.579],[171168.769,558951.782],[171169.8,558956.258],[171171.463,558961.836],[171174.039,558968.961],[171174.452,558970.639],[171173.476,558972.026],[171172.388,558972.098],[171171.721,558971.633],[171171.58,558970.766],[171171.287,558969.424],[171168.838,558963.18],[171166.328,558955.141],[171164.606,558949.04],[171161.378,558929.66],[171158.724,558911.214],[171156.828,558897.659],[171155.196,558887.543],[171153.597,558878.479],[171152.614,558872.039],[171149.293,558860.637],[171145.932,558852.68],[171138.206,558834.234],[171130.218,558815.906],[171129.399,558813.399],[171129,558811.547],[171129.399,558810.82]]]}},{"type":"Feature","properties":{"relatieveHoogteligging":0,"lokaalID":"P0021.65918bf0834b462eabbc4c56f5948b08","bgt_status":"bestaand","class":"waterloop","objecttype":"Waterdeel"},"geometry":{"type":"Polygon","coordinates":[[[171247.564,558826.429],[171174.123,558840.688],[171174.387,558840.003],[171174.707,558835.706],[171174.066,558833.205],[171173.105,558829.806],[171171.822,558824.676],[171170.476,558820.443],[171169.322,558816.595],[171167.399,558812.876],[171164.771,558808.451],[171162.206,558805.244],[171158.809,558800.883],[171155.988,558797.548],[171152.911,558793.444],[171147.718,558786.518],[171142.974,558780.939],[171140.025,558776.257],[171137.268,558771.832],[171134.832,558766.317],[171131.21,558758.156],[171125.601,558746.484],[171119.206,558733.129],[171111.914,558720.223],[171105.967,558710.459],[171102.377,558707.204],[171097.553,558703.052],[171091.946,558698.652],[171086.448,558696.295],[171082.153,558695.718],[171080.486,558696.808],[171080.717,558693.977],[171077.924,558690.403],[171076.823,558688.994],[171073.703,558688.357],[171074.426,558686.905],[171075.782,558686.172],[171077.174,558685.182],[171077.174,558683.497],[171076.404,558682.031],[171077.283,558679.979],[171078.749,558677.963],[171079.628,558676.571],[171079.262,558674.335],[171077.854,558672.551],[171075.033,558669.839],[171073.238,558667.054],[171071.553,558664.379],[171071.113,558662.51],[171069.318,558661.85],[171067.376,558661.997],[171065.398,558661.007],[171064.373,558660.018],[171063.53,558658.186],[171063.017,558655.95],[171060.929,558653.055],[171059.354,558651.26],[171058.255,558647.888],[171056.606,558645.103],[171055.068,558642.831],[171052.577,558641.035],[171052.181,558640.363],[171112.753,558598.901],[171124.2,558613.94],[171184.058,558685.022],[171227.456,558751.988],[171243.169,558804.364],[171247.564,558826.429]]]}},{"type":"Feature","properties":{"relatieveHoogteligging":0,"lokaalID":"G1900.3d652f3920e9472a8ed6de2e3ee3d3bd","bgt_status":"bestaand","class":"waterloop","objecttype":"Waterdeel"},"geometry":{"type":"Polygon","coordinates":[[[171218.47,558682.257],[171220.45,558681.371],[171225.739,558674.665],[171225.201,558674.258],[171224.895,558672.513],[171228.515,558673.322],[171229.035,558674.959],[171228.154,558677.986],[171227.501,558677.976],[171225.695,558680.094],[171222.193,558683.992],[171220.958,558684.704],[171219.268,558684.981],[171216.567,558684.981],[171214.934,558684.688],[171218.47,558682.257]]]}},{"type":"Feature","properties":{"relatieveHoogteligging":0,"lokaalID":"G1900.848db459f26b46c78cbe2bf8c48b8415","bgt_status":"bestaand","class":"waterloop","objecttype":"Waterdeel"},"geometry":{"type":"Polygon","coordinates":[[[171250.606,558746.074],[171251.225,558746.066],[171252.523,558746.715],[171254.805,558751.176],[171255.203,558751.595],[171255.726,558751.93],[171256.04,558751.951],[171256.522,558751.532],[171256.898,558751.008],[171257.23,558749.856],[171257.304,558744.433],[171257.267,558740.365],[171257.157,558733.732],[171256.571,558728.967],[171255.252,558723.141],[171254.41,558718.34],[171252.761,558714.638],[171248.914,558708.482],[171243.492,558701.299],[171238.693,558695.618],[171235.946,558691.88],[171234.7,558690.011],[171234.734,558689.651],[171234.914,558689.28],[171235.32,558689.005],[171235.727,558688.897],[171236.277,558689.005],[171236.816,558689.292],[171240.931,558693.361],[171244.695,558697.941],[171249.348,558704.318],[171254.257,558711.354],[171256.272,558714.799],[171257.554,558718.024],[171258.653,558722.825],[171260.411,558732.683],[171260.631,558737.777],[171261.181,558748.954],[171260.961,558752.294],[171259.893,558753.383],[171258.114,558754.87],[171255.895,558756.734],[171255.345,558757.111],[171250.763,558746.432],[171250.606,558746.074]]]}},{"type":"Feature","properties":{"relatieveHoogteligging":0,"lokaalID":"G1900.5e9b191a24974433bbc4ac2d6d6af458","bgt_status":"bestaand","class":"waterloop","objecttype":"Waterdeel"},"geometry":{"type":"Polygon","coordinates":[[[171145.618,558567.099],[171144.929,558567.371],[171142.817,558561.911],[171142.682,558561.365],[171142.339,558560.294],[171142.069,558559.484],[171141.955,558559.25],[171122.956,558530.401],[171122.128,558528.625],[171121.768,558527.582],[171121.387,558526.409],[171121.122,558525.477],[171120.955,558524.219],[171120.871,558523.023],[171120.898,558521.468],[171122.032,558516.764],[171125.996,558500.261],[171127.039,558496.797],[171129.47,558490.201],[171131.624,558483.622],[171132.937,558480.137],[171135.02,558475.376],[171135.171,558475.088],[171135.355,558474.895],[171135.447,558474.845],[171135.596,558474.824],[171135.795,558474.833],[171136.1,558475.079],[171136.054,558475.326],[171133.835,558481.054],[171132.008,558486.354],[171127.715,558499.704],[171126.212,558504.56],[171123.138,558516.485],[171122.048,558520.995],[171122.027,558521.11],[171121.837,558522.68],[171121.833,558522.877],[171121.923,558524.046],[171121.983,558524.836],[171121.998,558524.948],[171122.268,558526.358],[171122.351,558526.607],[171123.391,558528.747],[171123.45,558528.853],[171132.192,558542.38],[171141.893,558558.486],[171141.985,558558.614],[171142.095,558558.726],[171142.395,558558.986],[171142.551,558559.097],[171142.726,558559.176],[171143.076,558559.296],[171143.273,558559.342],[171143.475,558559.347],[171143.867,558559.318],[171144.393,558559.287],[171145.113,558559.227],[171145.297,558559.194],[171145.471,558559.128],[171177.554,558543.397],[171177.942,558543.565],[171177.974,558544.113],[171177.671,558544.625],[171145.157,558560.673],[171145.003,558560.768],[171144.867,558560.889],[171144.756,558561.033],[171144.586,558561.304],[171144.286,558561.844],[171144.214,558562.006],[171144.172,558562.178],[171144.16,558562.355],[171144.18,558563.145],[171144.21,558563.363],[171144.37,558564.003],[171144.414,558564.136],[171145.618,558567.099]]]}},{"type":"Feature","properties":{"relatieveHoogteligging":0,"lokaalID":"G1900.2c8eef4870a649458cc4ffd92f599b89","bgt_status":"bestaand","class":"waterloop","objecttype":"Waterdeel"},"geometry":{"type":"Polygon","coordinates":[[[171122.423,558576.982],[171124.743,558577.711],[171128.098,558577.999],[171130.305,558577.061],[171131.98,558576.035],[171131.791,558573.669],[171130.583,558570.8],[171128.753,558567.724],[171127.844,558565.248],[171127.377,558563.453],[171127.593,558562.95],[171128.753,558562.543],[171129.925,558562.639],[171130.87,558564.075],[171133.895,558569.496],[171137.74,558577.581],[171138.246,558580.349],[171137.404,558581.485],[171135.187,558582.685],[171132.174,558584.545],[171129.991,558586.536],[171129.342,558590.054],[171129.154,558592.985],[171122.423,558576.982]]]}},{"type":"Feature","properties":{"relatieveHoogteligging":0,"lokaalID":"P0021.f92170b495e3434b819480c05e47b049","bgt_status":"bestaand","class":"waterloop","objecttype":"Waterdeel"},"geometry":{"type":"Polygon","coordinates":[[[171112.753,558598.901],[171052.181,558640.363],[171051.001,558638.36],[171049.097,558634.696],[171048.401,558631.361],[171047.843,558630.188],[171046.925,558628.256],[171046.276,558626.89],[171043.235,558621.466],[171040.305,558618.755],[171039.763,558618.115],[171029.037,558605.451],[171027.896,558604.103],[171023.729,558595.317],[171019.138,558589.617],[171012.921,558585.157],[171008.86,558581.995],[171006.473,558578.686],[171005.699,558578.519],[171002.318,558569.16],[170977.073,558531.51],[170976.852,558531.181],[170969.891,558519.745],[170963.969,558511.142],[170950.42,558493.61],[170935.95,558474.06],[170931.39,558467.86],[170928.69,558464.3],[170925.15,558459.99],[170910.62,558442.81],[170908.986,558440.832],[170938.505,558416.08],[170997.749,558472.898],[171066.96,558538.742],[171112.753,558598.901]]]}},{"type":"Feature","properties":{"relatieveHoogteligging":0,"lokaalID":"G1900.ef5cc008674f4f8b90c017c833ecb715","bgt_status":"bestaand","class":"waterloop","objecttype":"Waterdeel"},"geometry":{"type":"Polygon","coordinates":[[[171068.261,559031.33],[171068.019,559031.412],[171067.469,559031.682],[171067.31,559031.78],[171067.171,559031.906],[171066.451,559032.696],[171066.33,559032.859],[171066.245,559033.043],[171066.198,559033.24],[171066.081,559034.169],[171066.051,559034.898],[171064.68,559056.208],[171062.344,559063.764],[171060.526,559068.551],[171058.706,559073.765],[171057.581,559076.798],[171057.534,559076.976],[171056.951,559080.364],[171056.409,559085.719],[171055.987,559096.636],[171055.687,559097.463],[171055.282,559098.31],[171054.51,559098.897],[171053.486,559099.542],[171037.849,559108.423],[171010.17,559123.072],[170999.401,559128.536],[170997.974,559129.069],[170997.615,559129.088],[170997.175,559129.052],[170996.939,559128.91],[170996.563,559128.554],[170996.333,559128.154],[171000.474,559125.781],[171025.895,559112.995],[171046.701,559102.062],[171052.791,559098.812],[171052.977,559098.684],[171053.129,559098.518],[171053.739,559097.678],[171053.856,559097.467],[171054.127,559096.801],[171054.576,559091.136],[171054.788,559085.315],[171055.635,559079.388],[171056.799,559073.356],[171059.021,559065.418],[171059.974,559063.09],[171061.138,559059.915],[171062.831,559043.193],[171063.572,559031.446],[171063.361,559029.223],[171061.985,559026.154],[171060.715,559023.508],[171059.339,559018.322],[171059.127,559014.83],[171058.492,559011.655],[171059.021,559005.517],[171059.974,559000.754],[171062.726,558979.482],[171063.89,558972.814],[171064.207,558971.121],[171064.842,558969.427],[171065.795,558964.771],[171065.795,558962.442],[171065.16,558957.892],[171063.466,558951.647],[171060.503,558944.133],[171056.376,558935.561],[171054.471,558930.269],[171053.306,558925.718],[171052.602,558923.745],[171052.525,558923.773],[171052.353,558923.879],[171038.205,558934.662],[171015.553,558952.024],[170999.395,558964.305],[170985.001,558975.245],[170953.889,558999.208],[170950.423,559001.877],[170923.995,559022.263],[170897.443,559042.295],[170895.11,559044.115],[170894.732,559044.145],[170893.946,559043.632],[170893.667,559042.934],[170893.897,559042.423],[170906.079,559032.923],[170935.796,559009.929],[170947.707,559000.793],[170956.041,558994.4],[170976.686,558978.402],[170990.665,558967.636],[171000.602,558960.139],[171015.212,558949.116],[171040.544,558930.135],[171050.537,558922.335],[171052.036,558920.426],[171052.036,558919.686],[171051.719,558917.886],[171049.391,558905.927],[171047.486,558897.566],[171046.851,558893.545],[171046.639,558889.735],[171046.639,558886.771],[171046.956,558883.067],[171047.591,558880.527],[171049.082,558879.213],[171049.31,558879.191],[171049.582,558879.309],[171049.875,558880.092],[171049.693,558882.346],[171049.494,558884.643],[171049.494,558884.816],[171049.873,558889.218],[171050.177,558893.571],[171051.106,558901.197],[171051.762,558904.851],[171052.629,558908.876],[171053.303,558912.543],[171054.051,558915.972],[171054.783,558919.735],[171055.314,558923.517],[171056.164,558927.347],[171056.194,558927.455],[171057.261,558930.56],[171058.669,558934.098],[171059.965,558937.174],[171061.58,558940.826],[171063.146,558943.723],[171064.044,558946.154],[171065.296,558950.121],[171065.354,558950.264],[171066.478,558952.531],[171067.155,558954.733],[171067.707,558957.051],[171068.045,558959.301],[171068.232,558961.86],[171068.374,558963.949],[171068.005,558965.884],[171067.047,558968.371],[171066.996,558968.552],[171066.77,558969.801],[171065.314,558976.271],[171065.294,558976.398],[171064.095,558989.362],[171063.007,558999.786],[171062.122,559002.411],[171062.092,559002.52],[171061.382,559005.83],[171061.365,559005.94],[171061.215,559007.44],[171061.212,559007.6],[171061.347,559009.822],[171061.524,559011.266],[171061.67,559013.312],[171061.961,559015.323],[171062.39,559017.388],[171062.895,559019.972],[171063.24,559022.223],[171063.407,559023.462],[171063.473,559023.71],[171064.596,559026.438],[171064.656,559026.559],[171065.671,559028.31],[171065.793,559028.477],[171065.947,559028.616],[171066.574,559029.073],[171066.783,559029.19],[171067.325,559029.413],[171067.539,559029.474],[171067.762,559029.486],[171069.705,559029.373],[171071.435,559029.173],[171071.538,559029.156],[171074.031,559028.6],[171076.517,559028.134],[171079.019,559027.698],[171081.389,559027.088],[171081.54,559027.037],[171084.04,559025.947],[171084.235,559025.833],[171086.135,559024.426],[171090.659,559021.573],[171116.963,559004.76],[171122.58,559000.836],[171123.4,559000.328],[171135.207,558992.95],[171156.738,558979.68],[171159.296,558978.47],[171159.635,558978.524],[171160.076,558979.162],[171160.107,558979.481],[171160.146,558979.889],[171160.119,558980.169],[171154.981,558983.421],[171137.05,558994.422],[171130.039,558999.166],[171120.663,559005.214],[171111.637,559010.312],[171108.638,559011.59],[171108.423,559011.715],[171105.199,559014.175],[171102.576,559015.921],[171100.29,559017.143],[171096.36,559019.293],[171096.249,559019.364],[171088.029,559025.391],[171085.711,559027.134],[171083.022,559028.24],[171081.354,559028.675],[171068.261,559031.33]]]}},{"type":"Feature","properties":{"relatieveHoogteligging":0,"lokaalID":"G1900.7318213454b24803a7748c63ddafd041","bgt_status":"bestaand","class":"waterloop","objecttype":"Waterdeel"},"geometry":{"type":"Polygon","coordinates":[[[171045.283,559254.569],[171048.751,559257.707],[171049.198,559260.144],[171049.377,559261.12],[171048.547,559262.491],[171046.915,559264.124],[171045.793,559264.787],[171044.5,559265.551],[171042.386,559265.551],[171038.688,559264.185],[171036.088,559262.588],[171036.457,559261.886],[171036.585,559261.427],[171037.044,559260.957],[171037.668,559260.472],[171038.206,559259.901],[171039.317,559258.934],[171042.809,559255.896],[171043.821,559255.353],[171045.283,559254.569]]]}},{"type":"Feature","properties":{"relatieveHoogteligging":0,"lokaalID":"G1900.177204d53ad749f8a9a639f46e4be4d7","bgt_status":"bestaand","class":"waterloop","objecttype":"Waterdeel"},"geometry":{"type":"Polygon","coordinates":[[[171056.346,559241.257],[171057.424,559239.854],[171060.011,559238.164],[171062.671,559237.912],[171066.013,559239.315],[171068.816,559241.94],[171072.698,559244.421],[171075.033,559245.824],[171079.454,559247.046],[171083.335,559247.945],[171084.917,559248.305],[171085.42,559249.132],[171084.809,559250.067],[171083.551,559250.534],[171080.64,559250.534],[171077.909,559250.391],[171073.021,559249.132],[171069.355,559247.766],[171065.222,559245.392],[171063.318,559243.63],[171060.838,559243.199],[171058.214,559244.17],[171056.849,559243.558],[171056.094,559242.839],[171056.346,559241.257]]]}},{"type":"Feature","properties":{"relatieveHoogteligging":0,"lokaalID":"L0001.e8e3893630534847825b81df215a051e","bgt_status":"bestaand","class":"waterloop","objecttype":"Waterdeel"},"geometry":{"type":"Polygon","coordinates":[[[171060.398,559298.081],[171056.192,559299.773],[171056.027,559299.858],[171055.881,559299.971],[171055.759,559300.11],[171055.663,559300.268],[171055.599,559300.442],[171055.568,559300.624],[171055.571,559300.809],[171055.608,559300.99],[171055.884,559301.903],[171055.946,559302.06],[171056.943,559304.062],[171059.85,559310.323],[171060.587,559313.064],[171060.33,559315.415],[171058.951,559317.677],[171055.719,559319.641],[171050.425,559321.686],[171048.073,559322.335],[171047.282,559320.217],[171050.074,559318.995],[171055.798,559315.908],[171056.019,559315.746],[171057.353,559314.453],[171057.474,559314.311],[171057.567,559314.149],[171057.628,559313.972],[171057.656,559313.787],[171057.648,559313.6],[171057.367,559311.533],[171057.307,559311.302],[171055.276,559306.139],[171053.51,559301.915],[171052.5,559299.501],[171059.122,559296.746],[171059.508,559296.874],[171059.805,559297.073],[171060.037,559297.205],[171060.367,559297.503],[171060.434,559297.867],[171060.398,559298.081]]]}},{"type":"Feature","properties":{"relatieveHoogteligging":0,"lokaalID":"W0653.375403103b9b4a82bdbcd59dbb0bd110","bgt_status":"bestaand","class":"waterloop","objecttype":"Waterdeel"},"geometry":{"type":"Polygon","coordinates":[[[171000.274,559363.727],[171023.98,559356.981],[171030.294,559355.717],[171034.379,559354.82],[171037.659,559354.208],[171037.956,559354.144],[171040.937,559353.504],[171042.43,559353.09],[171042.823,559354.448],[171034.966,559356.492],[171034.767,559356.567],[171034.589,559356.683],[171034.247,559356.965],[171033.93,559357.275],[171033.642,559357.612],[171033.385,559357.973],[171033.159,559358.354],[171032.968,559358.754],[171032.812,559359.169],[171032.692,559359.596],[171032.624,559359.945],[171032.605,559360.138],[171032.624,559360.33],[171033.127,559362.897],[171031.502,559363.335],[171031.407,559360.778],[171031.377,559360.568],[171031.301,559360.285],[171031.202,559360.009],[171031.079,559359.743],[171030.934,559359.488],[171030.767,559359.247],[171030.581,559359.021],[171030.377,559358.811],[171030.155,559358.619],[171029.917,559358.447],[171029.666,559358.296],[171029.403,559358.167],[171029.13,559358.061],[171028.848,559357.978],[171028.561,559357.92],[171028.27,559357.886],[171027.977,559357.877],[171027.769,559357.886],[171027.543,559357.922],[170999.731,559365.675],[170995.465,559366.864],[170994.74,559365.302],[171000.274,559363.727]]]}},{"type":"Feature","properties":{"relatieveHoogteligging":0,"lokaalID":"W0653.bc8ecde0c9b842ba88e3a305132dbf52","bgt_status":"bestaand","class":"waterloop","objecttype":"Waterdeel"},"geometry":{"type":"Polygon","coordinates":[[[171078.579,559522.965],[171076.112,559525.492],[171069.458,559520.196],[171069.281,559520.083],[171060.103,559515.507],[171053.386,559510.904],[171052.122,559510.002],[171050.972,559509.013],[171049.918,559507.922],[171048.967,559506.741],[171048.128,559505.477],[171047.407,559504.142],[171046.811,559502.748],[171046.344,559501.304],[171046.007,559499.81],[171045.924,559499.297],[171045.856,559498.767],[171045.802,559498.201],[171032.011,559377.132],[171031.727,559369.422],[171034.257,559368.659],[171035.649,559375.751],[171049.723,559500.112],[171049.869,559501.402],[171049.918,559501.616],[171050.011,559501.814],[171050.949,559503.334],[171052.009,559504.772],[171053.183,559506.118],[171054.463,559507.363],[171055.841,559508.5],[171057.308,559509.52],[171058.853,559510.416],[171060.385,559511.147],[171069.885,559515.842],[171078.579,559522.965]]]}},{"type":"Feature","properties":{"relatieveHoogteligging":0,"lokaalID":"W0653.2715320a79ef4b259d8eb4495b4910a4","bgt_status":"bestaand","class":"waterloop","objecttype":"Waterdeel"},"geometry":{"type":"Polygon","coordinates":[[[171083.503,559528.033],[171085.005,559529.196],[171085.161,559529.295],[171085.332,559529.364],[171085.514,559529.4],[171085.698,559529.402],[171085.88,559529.37],[171086.053,559529.305],[171086.212,559529.209],[171090.922,559525.686],[171092.001,559528.899],[171088.494,559531.386],[171088.226,559531.593],[171087.977,559531.822],[171087.75,559532.073],[171087.546,559532.343],[171087.366,559532.63],[171087.213,559532.932],[171087.086,559533.246],[171086.988,559533.57],[171086.919,559533.902],[171086.88,559534.238],[171086.87,559534.576],[171086.891,559534.914],[171086.941,559535.249],[171087.021,559535.578],[171087.082,559535.766],[171088.483,559542.346],[171089.45,559549.023],[171089.977,559555.782],[171090.013,559555.981],[171090.088,559556.169],[171104.943,559584.483],[171112.196,559602.458],[171112.236,559602.803],[171112.333,559603.28],[171112.47,559603.747],[171112.647,559604.2],[171112.862,559604.637],[171113.114,559605.053],[171113.402,559605.446],[171113.721,559605.813],[171114.072,559606.151],[171114.45,559606.457],[171114.78,559606.684],[171114.904,559606.759],[171114.115,559610.085],[171114,559610.05],[171113.511,559609.854],[171113.041,559609.616],[171112.594,559609.339],[171112.172,559609.024],[171111.778,559608.673],[171111.417,559608.29],[171111.09,559607.877],[171110.8,559607.438],[171110.556,559606.988],[171102.204,559586.108],[171102.153,559585.999],[171091.128,559565.83],[171090.972,559565.617],[171087.088,559561.576],[171086.497,559559.939],[171086.822,559558.177],[171086.835,559557.915],[171085.893,559546.344],[171085.869,559546.196],[171082.789,559533.093],[171082.717,559532.888],[171082.602,559532.704],[171081.003,559530.672],[171083.503,559528.033]]]}},{"type":"Feature","properties":{"relatieveHoogteligging":0,"lokaalID":"G1900.60035a41004c4f6c9aa049e93519522e","bgt_status":"bestaand","class":"waterloop","objecttype":"Waterdeel"},"geometry":{"type":"Polygon","coordinates":[[[171063.437,559293.892],[171063.534,559293.564],[171063.569,559293.397],[171063.608,559293.057],[171063.613,559292.801],[171063.595,559292.545],[171063.571,559292.376],[171063.495,559292.043],[171063.442,559291.881],[171063.31,559291.566],[171063.188,559291.34],[171063.096,559291.196],[171062.943,559290.991],[171062.773,559290.799],[171062.557,559290.596],[171055.915,559284.937],[171055.736,559284.684],[171045.393,559270.019],[171045.394,559269.896],[171045.42,559269.767],[171045.457,559269.642],[171045.505,559269.52],[171045.563,559269.402],[171045.631,559269.29],[171045.709,559269.185],[171045.795,559269.087],[171045.89,559268.996],[171045.992,559268.914],[171046.101,559268.842],[171046.216,559268.779],[171046.318,559268.734],[171046.597,559268.652],[171047.156,559268.489],[171047.971,559269.341],[171056.224,559280.221],[171056.333,559280.343],[171063.864,559287.479],[171085.437,559306.221],[171105.634,559323.54],[171123.318,559337.523],[171129.594,559343.096],[171131.463,559345.833],[171132.055,559346.7],[171132.291,559347.084],[171132.591,559348.073],[171132.999,559349.496],[171133.037,559349.606],[171133.727,559351.256],[171133.842,559351.459],[171134.862,559352.859],[171135.013,559353.024],[171136.216,559354.072],[171137.328,559354.744],[171145.369,559360.767],[171152.4,559366.58],[171156.97,559370.36],[171178,559385.41],[171220.1,559418.04],[171221.19,559418.692],[171222.327,559419.457],[171223.568,559420.049],[171224.178,559420.49],[171223.58,559421.195],[171221.679,559423.042],[171211.56,559415.65],[171156.067,559372.871],[171135.755,559355.84],[171134.05,559354.051],[171132.731,559351.555],[171130.751,559348.345],[171130.647,559348.205],[171130.52,559348.085],[171129.216,559347.056],[171118.051,559336.939],[171117.9,559336.826],[171117.73,559336.743],[171117.547,559336.694],[171115.477,559336.344],[171115.263,559336.331],[171113.976,559336.391],[171113.643,559336.41],[171112.357,559335.96],[171110.928,559334.77],[171110.73,559334.016],[171110.611,559332.388],[171110.254,559331.952],[171108.864,559330.642],[171093.426,559316.99],[171089.973,559314.727],[171086.044,559311.314],[171072.828,559300.638],[171068.978,559297.305],[171068.859,559296.67],[171068.224,559296.233],[171066.447,559295.921],[171065.84,559295.951],[171065.675,559295.973],[171065.517,559296.022],[171064.965,559295.849],[171064.733,559295.816],[171064.502,559295.75],[171064.237,559295.551],[171063.972,559295.32],[171063.741,559295.088],[171063.476,559294.625],[171063.437,559293.892]]]}},{"type":"Feature","properties":{"relatieveHoogteligging":0,"lokaalID":"G1900.bf98eba03cf74568a1d6e0015b5656fd","bgt_status":"bestaand","class":"waterloop","objecttype":"Waterdeel"},"geometry":{"type":"Polygon","coordinates":[[[171105.006,559336.333],[171106.311,559337.863],[171105.845,559338.047],[171048.427,559352.989],[171048.054,559351.593],[171051.761,559350.628],[171088.828,559341.092],[171105.006,559336.333]]]}},{"type":"Feature","properties":{"relatieveHoogteligging":0,"lokaalID":"W0653.a0f9e77357db4c10a565b90f276ad65f","bgt_status":"bestaand","class":"waterloop","objecttype":"Waterdeel"},"geometry":{"type":"Polygon","coordinates":[[[171270.629,559365.065],[171273.197,559367.929],[171272.841,559368.955],[171273.03,559369.835],[171275.516,559372.008],[171282.11,559377.211],[171287.092,559381.316],[171293.21,559386.41],[171300.683,559392.603],[171306.804,559397.753],[171311.486,559401.55],[171316.386,559406.095],[171316.576,559407.467],[171316.518,559407.543],[171315.92,559408.336],[171315.455,559408.37],[171314.58,559407.775],[171311.742,559405.536],[171306.503,559401.065],[171296.465,559392.343],[171289.615,559386.443],[171283.46,559381.568],[171272.818,559372.617],[171265.967,559366.681],[171259.441,559361.346],[171253.831,559356.885],[171248.158,559352.153],[171239.219,559344.53],[171232.646,559339.169],[171226.701,559333.996],[171220.211,559328.991],[171211.691,559321.725],[171204.615,559315.777],[171197.142,559309.537],[171191.971,559305.453],[171186.214,559300.574],[171182.279,559296.951],[171178.197,559293.873],[171174.973,559291.454],[171172.811,559289.658],[171168.122,559285.481],[171159.147,559277.382],[171149.878,559269.832],[171143.687,559264.812],[171135.554,559258.032],[171130.682,559253.964],[171125.04,559249.383],[171117.86,559243.336],[171112.474,559238.975],[171106.43,559233.845],[171096.355,559225.196],[171088.332,559218.489],[171077.965,559209.731],[171076.911,559208.885],[171076.66,559208.006],[171076.89,559207.356],[171077.091,559207.198],[171077.372,559206.979],[171078.083,559207],[171078.339,559207.209],[171081.182,559209.534],[171088.433,559215.928],[171097.188,559223.221],[171104.955,559229.781],[171119.425,559241.801],[171131.128,559251.737],[171140.68,559259.818],[171147.604,559265.333],[171155.709,559271.81],[171161.241,559276.281],[171166.114,559280.496],[171169.301,559282.878],[171179.192,559291.453],[171184.586,559296.062],[171188.396,559299.543],[171191.913,559302.365],[171194.156,559304.148],[171194.574,559304.519],[171195.22,559304.483],[171195.735,559304.387],[171196.213,559304.208],[171196.644,559304.244],[171196.991,559304.507],[171197.278,559305.082],[171197.397,559305.704],[171197.505,559306.517],[171197.804,559307.176],[171198.214,559307.623],[171208.728,559315.905],[171226.01,559330.637],[171246.782,559347.825],[171256.16,559355.887],[171266.121,559363.971],[171267.336,559364.809],[171268.382,559365.333],[171269.345,559365.458],[171270.12,559365.333],[171270.629,559365.065]]]}},{"type":"Feature","properties":{"relatieveHoogteligging":0,"lokaalID":"W0653.fb7e7ee5a25049f7853f8e4b2b679c52","bgt_status":"bestaand","class":"waterloop","objecttype":"Waterdeel"},"geometry":{"type":"Polygon","coordinates":[[[171215.119,559433.895],[171219.029,559431.004],[171222.041,559433.429],[171218.483,559437.271],[171217.947,559437.632],[171215.119,559433.895]]]}},{"type":"Feature","properties":{"relatieveHoogteligging":0,"lokaalID":"G1900.d28d1982533947119905d4e09522633e","bgt_status":"bestaand","class":"waterloop","objecttype":"Waterdeel"},"geometry":{"type":"Polygon","coordinates":[[[171224.786,559420.931],[171226.126,559421.874],[171226.799,559423.375],[171227.614,559424.005],[171231.499,559427.005],[171230.48,559429.025],[171229.918,559428.685],[171229.736,559428.598],[171229.54,559428.55],[171229.339,559428.542],[171228.039,559428.622],[171227.81,559428.663],[171226.722,559428.993],[171225.712,559428.532],[171225.086,559427.926],[171224.986,559427.582],[171224.692,559426.373],[171224.638,559426.213],[171224.557,559426.063],[171223.901,559425.062],[171223.341,559424.312],[171223.243,559424.199],[171223.13,559424.103],[171221.679,559423.042],[171223.58,559421.195],[171224.178,559420.49],[171224.786,559420.931]]]}},{"type":"Feature","properties":{"relatieveHoogteligging":0,"lokaalID":"W0653.337b50115a20410988a22c16ecccf43b","bgt_status":"bestaand","class":"waterloop","objecttype":"Waterdeel"},"geometry":{"type":"Polygon","coordinates":[[[171215.119,559433.895],[171217.947,559437.632],[171203.203,559447.564],[171132.549,559499.193],[171095.96,559526.031],[171094.799,559522.666],[171124.628,559500.804],[171215.119,559433.895]]]}},{"type":"Feature","properties":{"relatieveHoogteligging":0,"lokaalID":"W0653.62fff045b48f409a9e9ecac49cc3d4bb","bgt_status":"bestaand","class":"waterloop","objecttype":"Waterdeel"},"geometry":{"type":"Polygon","coordinates":[[[171121.53,559608.927],[171122.279,559609.36],[171123.131,559609.956],[171123.931,559610.622],[171124.67,559611.354],[171125.307,559612.1],[171159.535,559674.155],[171161.355,559677.454],[171161.603,559678.675],[171162.002,559680.018],[171162.517,559681.321],[171163.145,559682.573],[171163.88,559683.765],[171164.717,559684.888],[171165.65,559685.933],[171166.604,559686.835],[171166.692,559686.909],[171233.462,559736.835],[171231.489,559739.874],[171166.893,559691.999],[171166.413,559691.635],[171165.897,559691.309],[171165.354,559691.028],[171164.789,559690.794],[171164.207,559690.61],[171163.611,559690.476],[171163.006,559690.394],[171162.396,559690.363],[171161.785,559690.385],[171161.179,559690.458],[171160.581,559690.584],[171159.996,559690.76],[171159.428,559690.985],[171158.913,559691.239],[171157.324,559692.121],[171155.169,559688.866],[171158.606,559686.956],[171158.758,559686.852],[171158.889,559686.722],[171158.993,559686.57],[171159.068,559686.401],[171159.11,559686.222],[171159.119,559686.037],[171158.876,559680.584],[171158.847,559680.384],[171158.778,559680.194],[171155.495,559673.395],[171122.114,559612.848],[171122.007,559612.692],[171121.873,559612.558],[171121.715,559612.452],[171121.541,559612.378],[171120.822,559612.149],[171121.53,559608.927]]]}},{"type":"Feature","properties":{"relatieveHoogteligging":0,"lokaalID":"W0653.0c0e325d5cc34bf1abfdc7fb7b2a5c22","bgt_status":"bestaand","class":"waterloop","objecttype":"Waterdeel"},"geometry":{"type":"Polygon","coordinates":[[[171433.258,559578.572],[171435.108,559576.765],[171436.774,559574.806],[171439.863,559577.435],[171438.252,559579.395],[171436.797,559581.575],[171436.941,559581.697],[171433.35,559585.833],[171429.68,559589.44],[171425.379,559593.467],[171417.159,559602.817],[171412.946,559607.315],[171406.348,559613.886],[171401.086,559618.559],[171397.363,559622.387],[171387.495,559632.403],[171372.625,559646.208],[171361.292,559656.926],[171350.011,559666.515],[171344.929,559671.184],[171335.271,559680.444],[171330.204,559685.221],[171327.036,559688.181],[171321.949,559693.182],[171319.685,559695.409],[171315.524,559699.628],[171310.412,559705.138],[171305.005,559710.193],[171289.024,559725.226],[171281.337,559732.817],[171270.128,559744.997],[171259.637,559756.425],[171252.143,559762.985],[171247.562,559766.319],[171239.01,559770.701],[171234.776,559772.614],[171229.043,559774.281],[171223.947,559775.396],[171218.723,559777.176],[171215.699,559778.454],[171211.626,559780.461],[171206.046,559783.794],[171199.863,559788.078],[171196.304,559790.759],[171190.455,559795.719],[171181.693,559804.093],[171173.159,559812.122],[171158.952,559826.13],[171152.069,559833.605],[171147.07,559839.496],[171139.883,559848.761],[171133.287,559858.412],[171131.428,559861.607],[171129.816,559865.227],[171127.803,559871.129],[171126.965,559873.512],[171125.977,559875.146],[171123.814,559877.835],[171121.562,559880.112],[171120.5,559881.187],[171120.012,559880.962],[171117.935,559880.047],[171117.058,559879.657],[171116.004,559880.852],[171114.847,559882.163],[171114.275,559882.811],[171113.795,559883.355],[171114.327,559883.803],[171115.875,559885.318],[171115.861,559885.339],[171115.644,559885.658],[171115.06,559886.514],[171113.824,559889.961],[171112.551,559892.172],[171110.528,559894.758],[171108.056,559897.381],[171106.108,559899.104],[171104.16,559900.641],[171102.062,559903.46],[171097.015,559912.706],[171093.672,559916.903],[171087.182,559923.985],[171077.022,559933.428],[171068.828,559940.641],[171057.684,559951.789],[171045.098,559962.281],[171035.266,559970.806],[171024.319,559981.035],[171013.437,559989.954],[171005.899,559998.347],[170999.213,560005.429],[170990.822,560013.364],[170980.531,560023.725],[170974.565,560030.676],[170973.363,560031.658],[170963.679,560022.03],[170964.927,560019.248],[170968.373,560017.075],[170971.219,560015.988],[170973.092,560014.339],[170974.965,560012.391],[170975.752,560010.405],[170975.153,560008.194],[170972.68,560006.171],[170968.223,560002.386],[170962.968,559997.914],[170964.622,559996.226],[170965.835,559994.988],[170965.445,559994.597],[170968.3,559991.556],[170968.781,559991.981],[170971.056,559989.658],[170974.104,559992.906],[170979.76,559998.489],[170983.056,560000.175],[170987.364,560001.224],[170990.772,560000.812],[170993.057,559998.976],[170996.204,559995.192],[170997.908,559991.014],[171000.596,559987.013],[171004.66,559983.145],[171011.608,559977.112],[171018.426,559970.62],[171025.899,559962.816],[171027.668,559959.472],[171028.717,559957.439],[171033.502,559953.964],[171037.304,559953.046],[171039.926,559952.456],[171042.221,559948.193],[171044.122,559946.947],[171046.35,559943.472],[171048.448,559943.341],[171050.874,559942.882],[171051.857,559940.127],[171053.561,559939.013],[171054.479,559935.603],[171057.429,559931.406],[171060.772,559927.275],[171068.732,559919.621],[171075.998,559912.951],[171081.43,559906.993],[171086,559902.197],[171092.555,559894.141],[171096.937,559888.295],[171100.682,559884.172],[171103.1,559882.202],[171105.669,559880.81],[171106.203,559880.566],[171107.595,559879.932],[171108.348,559879.296],[171108.666,559879.027],[171110.757,559880.799],[171111.225,559880.269],[171112.894,559878.378],[171113.482,559877.712],[171113.972,559877.157],[171113.29,559875.817],[171112.497,559874.258],[171112.946,559873.273],[171113.396,559872.224],[171114.054,559871.632],[171114.252,559871.453],[171115.371,559870.35],[171120.54,559863.343],[171121.589,559858.997],[171123.274,559856.598],[171125.447,559851.877],[171129.043,559844.195],[171133.425,559836.739],[171138.182,559831.53],[171142.827,559827.895],[171145.299,559824.036],[171146.423,559820.513],[171148.296,559819.052],[171151.705,559817.778],[171154.889,559816.916],[171158.822,559813.544],[171162.418,559809.047],[171163.991,559805.15],[171166.126,559801.628],[171181.456,559785.708],[171197.385,559770.757],[171204.427,559765.399],[171209.933,559762.926],[171217.762,559760.452],[171222.332,559760.04],[171224.991,559760.49],[171228.625,559760.977],[171232.858,559759.778],[171236.453,559756.893],[171240.649,559752.284],[171246.46,559747.139],[171250.356,559745.876],[171252.261,559745.769],[171254.572,559743.885],[171256.841,559740.159],[171256.67,559739.345],[171257.569,559738.789],[171260.044,559737.695],[171262.077,559735.383],[171264.988,559732.92],[171266.273,559731.057],[171268.563,559729.088],[171271.602,559727.225],[171273.571,559725.726],[171276.825,559722.321],[171278.858,559718.21],[171280.635,559714.72],[171284.616,559711.401],[171288.961,559709.774],[171289.769,559709.779],[171291.904,559708.018],[171296.811,559703.484],[171301.082,559699.662],[171309.06,559690.331],[171315.316,559685.31],[171323.257,559677.029],[171329.437,559670.097],[171335.093,559666.087],[171341.012,559661.179],[171346.555,559656.083],[171350.226,559653.16],[171351.65,559650.012],[171353.86,559647.427],[171357.044,559642.743],[171359.591,559637.872],[171363.973,559633.412],[171367.419,559632.513],[171371.764,559630.827],[171385.736,559618.724],[171397.236,559607.857],[171410.795,559596.278],[171420.422,559588.409],[171428.336,559582.173],[171432.772,559578.159],[171433.258,559578.572]]]}},{"type":"Feature","properties":{"relatieveHoogteligging":0,"lokaalID":"W0653.40abcdf7972c4ee1942efb463a0d059b","bgt_status":"bestaand","class":"waterloop","objecttype":"Waterdeel"},"geometry":{"type":"Polygon","coordinates":[[[171149.008,559692.29],[171151.179,559695.53],[171030.642,559762.395],[171028.363,559759.342],[171149.008,559692.29]]]}},{"type":"Feature","properties":{"relatieveHoogteligging":0,"lokaalID":"W0653.2e1a57773562482ca87782d2f1565f10","bgt_status":"bestaand","class":"waterloop","objecttype":"Waterdeel"},"geometry":{"type":"Polygon","coordinates":[[[171109.689,559864.913],[171109.155,559865.216],[171108.338,559864.33],[171104.852,559858.676],[171100.985,559852.878],[171091.143,559840.796],[171088.626,559837.73],[171078.929,559827.668],[171065.858,559815.09],[171046.735,559795.166],[171032.932,559780.416],[171022.948,559770.189],[171016.245,559762.134],[171010.698,559754.01],[171011.938,559753.184],[171013.4,559755.546],[171013.479,559755.656],[171016.741,559759.605],[171020.394,559763.386],[171031.429,559774.61],[171037.94,559781.052],[171045.363,559788.618],[171052.121,559796.366],[171057.625,559802.434],[171062.852,559807.538],[171067.155,559811.999],[171073.087,559817.37],[171079.629,559823.351],[171086.39,559830.49],[171093.683,559839.445],[171101.414,559848.964],[171107.956,559857.481],[171110.914,559863.493],[171110.229,559864.464],[171109.689,559864.913]]]}},{"type":"Feature","properties":{"relatieveHoogteligging":0,"lokaalID":"W0653.9a283bd1590d4bb993715d4f7c5bfb5f","bgt_status":"bestaand","class":"waterloop","objecttype":"Waterdeel"},"geometry":{"type":"Polygon","coordinates":[[[171009.89,559776.707],[171010.377,559776.411],[171010.69,559776.22],[171011.56,559775.52],[171011.8,559775.327],[171013.538,559776.828],[171019.309,559782.723],[171021.972,559785.431],[171027.649,559791.385],[171036.585,559800.929],[171048.484,559813.844],[171064.567,559830.678],[171077.726,559845.422],[171090.117,559860.071],[171094.006,559865.608],[171089.895,559869.634],[171088.434,559867.528],[171085.63,559864.124],[171083.649,559861.359],[171080.542,559857.296],[171078.96,559854.88],[171078.15,559853.9],[171074.677,559850.043],[171066.782,559841.275],[171063.144,559836.549],[171060.387,559833.648],[171054.386,559827.441],[171051.453,559824.406],[171045.926,559818.92],[171041.283,559814.175],[171039.167,559812.017],[171035.512,559808.129],[171030.79,559802.759],[171025.111,559797.064],[171022.683,559794.457],[171020.893,559792.457],[171016.519,559787.834],[171013.527,559784.643],[171012.225,559782.955],[171008.789,559777.454],[171009.77,559776.78],[171009.89,559776.707]]]}},{"type":"Feature","properties":{"relatieveHoogteligging":0,"lokaalID":"G1900.b2c4e8dc751d48f5bb9244de0855b888","bgt_status":"bestaand","class":"waterloop","objecttype":"Waterdeel"},"geometry":{"type":"Polygon","coordinates":[[[170965.125,559964.621],[170965.424,559964.537],[170966.511,559964.231],[170967.977,559964.292],[170969.419,559964.776],[170971.125,559965.771],[170972.394,559966.82],[170978.668,559971.957],[170978.937,559972.177],[170982.065,559974.638],[170983.061,559975.181],[170983.426,559975.274],[170983.889,559975.393],[170984.019,559975.426],[170984.081,559975.426],[170985.037,559975.426],[170986.031,559975.239],[170986.914,559974.79],[170988.087,559973.841],[170992.753,559969.26],[171001.71,559960.563],[171010.785,559951.94],[171032.982,559930.811],[171044.144,559920.151],[171050.259,559914.509],[171056.033,559909.009],[171063.997,559901.285],[171070.001,559895.286],[171070.91,559894.377],[171072.564,559892.537],[171075.073,559889.592],[171077.611,559886.452],[171079.958,559882.955],[171085.864,559873.758],[171086.202,559873.981],[171086.974,559874.524],[171079.7,559886.098],[171071.584,559896.477],[170999.313,559964.805],[170988.27,559975.248],[170987.544,559975.762],[170986.406,559976.34],[170985.145,559976.577],[170983.874,559976.577],[170982.636,559976.261],[170981.429,559975.603],[170980.076,559974.538],[170978.216,559973.075],[170971.663,559967.709],[170970.464,559966.718],[170968.941,559965.83],[170967.789,559965.443],[170966.663,559965.443],[170965.549,559965.717],[170964.297,559966.441],[170964.019,559966.625],[170964.002,559966.636],[170959.843,559969.368],[170959.152,559968.547],[170963.91,559965.13],[170964.36,559964.901],[170964.857,559964.701],[170965.125,559964.621]]]}},{"type":"Feature","properties":{"relatieveHoogteligging":0,"lokaalID":"G1900.b9bbe1a182564ba89168d0dd3aea3ca8","bgt_status":"bestaand","class":"waterloop","objecttype":"Waterdeel"},"geometry":{"type":"Polygon","coordinates":[[[171455.441,559971.155],[171458.431,559968.801],[171463.998,559959.105],[171476.755,559943.487],[171479.725,559946.719],[171477.982,559947.3],[171472.38,559955.62],[171460.298,559973.564],[171459.312,559976.829],[171457.444,559978.063],[171454.872,559978.909],[171446.979,559978.134],[171434.4,559975.877],[171428.022,559973.903],[171426.93,559971.893],[171427.106,559970.342],[171429.261,559969.35],[171433.527,559968.789],[171437.274,559968.665],[171448.847,559971.48],[171454.625,559971.798],[171455.441,559971.155]]]}},{"type":"Feature","properties":{"relatieveHoogteligging":0,"lokaalID":"W0653.873de372084e44418d9e6a9ffaab969c","bgt_status":"bestaand","class":"waterloop","objecttype":"Waterdeel"},"geometry":{"type":"Polygon","coordinates":[[[171332.902,559937.647],[171333.055,559934.758],[171336.629,559932.758],[171338.988,559931.304],[171343.228,559928.104],[171345.956,559925.986],[171347.222,559925.172],[171349.315,559924.456],[171351.246,559924.061],[171357.166,559924.632],[171363.714,559926.392],[171372.48,559928.66],[171384.752,559931.562],[171394.162,559933.344],[171398.766,559933.735],[171400.968,559933.731],[171402.068,559933.328],[171402.866,559932.426],[171403.563,559930.624],[171407.654,559924.811],[171409.551,559922.206],[171413.447,559918.896],[171418.442,559914.983],[171421.94,559912.574],[171424.74,559911.668],[171425.541,559911.767],[171426.043,559912.466],[171425.945,559913.667],[171424.847,559915.07],[171422.149,559916.877],[171417.253,559920.789],[171412.058,559924.903],[171407.965,559930.114],[171406.272,559934.121],[171405.375,559935.724],[171404.175,559936.426],[171402.675,559936.63],[171396.369,559936.242],[171388.461,559934.657],[171384.156,559933.765],[171380.953,559933.471],[171379.052,559933.575],[171377.965,559934.247],[171377.7,559934.561],[171376.911,559935.697],[171376.086,559937.776],[171375.378,559939.908],[171374.28,559944.06],[171371.532,559951.817],[171368.925,559957.14],[171368.084,559962.817],[171368.748,559968.634],[171368.572,559971.631],[171367.409,559976.461],[171366.211,559979.352],[171365.581,559985.021],[171364.878,559989.022],[171364.511,559989.913],[171361.696,559999.808],[171360.454,560006.162],[171358.383,560016.322],[171358.363,560016.523],[171358.383,560016.723],[171358.444,560016.916],[171358.541,560017.092],[171358.672,560017.245],[171358.831,560017.369],[171359.012,560017.458],[171359.207,560017.51],[171359.408,560017.521],[171359.608,560017.492],[171361.178,560017.153],[171361.524,560020.335],[171353.063,560022.682],[171352.54,560019.589],[171354.128,560019.077],[171354.314,560018.999],[171354.481,560018.886],[171354.622,560018.742],[171354.731,560018.573],[171354.804,560018.385],[171358.647,560004.43],[171359.948,560000.3],[171363.701,559983.285],[171364.473,559975.482],[171365.084,559972.23],[171365.507,559969.268],[171364.802,559962.217],[171365.789,559957.775],[171368.467,559952.31],[171370.757,559946.246],[171372.147,559941.176],[171373.086,559937.001],[171373.549,559934.944],[171373.74,559933.77],[171373.74,559933.076],[171373.648,559932.511],[171373.271,559931.829],[171372.832,559931.401],[171372.157,559931.137],[171367.405,559929.908],[171365.584,559929.471],[171362.441,559928.471],[171358.417,559927.47],[171356.073,559926.969],[171353.396,559926.701],[171351.213,559926.701],[171349.28,559927.071],[171347.734,559927.834],[171346.48,559928.71],[171342.019,559932.106],[171337.023,559935.911],[171334.694,559937.261],[171332.902,559937.647]]]}},{"type":"Feature","properties":{"relatieveHoogteligging":0,"lokaalID":"W0653.d2068c6c79324288a9ae3d0e1e70c4f5","bgt_status":"bestaand","class":"waterloop","objecttype":"Waterdeel"},"geometry":{"type":"Polygon","coordinates":[[[171431.9,559896.644],[171432.172,559898.965],[171428.851,559898.965],[171425.611,559899.173],[171422.049,559899.786],[171417.972,559900.84],[171415.234,559901.98],[171407.247,559907.107],[171400.468,559911.185],[171397.272,559912.932],[171394.779,559914.036],[171390.554,559915.62],[171388.002,559916.137],[171385.909,559916.279],[171382.958,559916.072],[171379.889,559915.709],[171377.989,559915.327],[171367.66,559911.748],[171363.229,559910.28],[171360.721,559909.663],[171357.616,559909.148],[171354.55,559908.882],[171351.155,559908.882],[171349.489,559909.083],[171347.434,559909.78],[171344.092,559911.114],[171338.064,559913.743],[171334.18,559915.32],[171331.826,559915.817],[171329.511,559915.967],[171327.625,559915.967],[171325.832,559915.764],[171323.62,559915.103],[171321.53,559914.12],[171319.763,559913.103],[171315.937,559910.482],[171313.177,559908.448],[171312.174,559907.547],[171310.959,559906.256],[171308.501,559903.654],[171306.591,559901.523],[171304.618,559899.157],[171300.352,559894.042],[171297.42,559891.543],[171295.545,559890.084],[171293.842,559889.086],[171291.854,559888.168],[171289.388,559887.363],[171286.944,559886.853],[171282.193,559885.989],[171279.121,559885.728],[171276.671,559885.728],[171271.257,559886.09],[171269.69,559886.311],[171261.324,559887.521],[171252.718,559888.219],[171245.241,559888.98],[171239.224,559889.961],[171229.681,559891.456],[171224.724,559892.154],[171213.482,559893.098],[171209.371,559893.201],[171203.766,559893.201],[171195.912,559892.764],[171188.012,559892.193],[171182.563,559891.564],[171179.874,559891.108],[171176.254,559890.439],[171172.707,559889.475],[171167.336,559887.503],[171162.072,559885.721],[171155.017,559883.55],[171151.511,559882.603],[171147.185,559881.926],[171144.747,559881.673],[171140.005,559881.538],[171139.922,559881.023],[171140.267,559879.765],[171141.314,559879.423],[171145.542,559879.544],[171150.334,559880.208],[171153.07,559880.416],[171156.242,559881.474],[171165.586,559884.59],[171172.563,559886.917],[171176.791,559888.327],[171181.865,559888.992],[171187.011,559890.013],[171192.241,559890.314],[171197.268,559890.604],[171203.208,559890.946],[171208.492,559891.021],[171213.288,559890.742],[171220.846,559890.302],[171226.287,559889.985],[171233.853,559888.569],[171239.435,559887.525],[171245.383,559886.859],[171251.677,559886.155],[171255.959,559885.676],[171260.666,559885.149],[171265.865,559884.567],[171268.988,559884.218],[171275.109,559883.533],[171279.075,559883.492],[171285.921,559884.52],[171290.773,559885.487],[171293.934,559886.776],[171297.136,559888.73],[171300.015,559890.886],[171302.833,559893.627],[171304.868,559896.04],[171310.002,559902.128],[171312.176,559904.706],[171314.432,559906.902],[171317.714,559908.856],[171322.506,559912.16],[171326.009,559913.631],[171328.204,559913.913],[171331.043,559913.833],[171337.204,559911.516],[171344.875,559908.172],[171349.063,559907.104],[171352.929,559906.781],[171357.157,559906.822],[171361.154,559907.413],[171365.127,559908.707],[171372.543,559911.123],[171378.077,559912.926],[171380.675,559913.772],[171382.93,559914.276],[171385.809,559914.356],[171389.675,559913.651],[171394.99,559911.758],[171400.812,559908.718],[171409.789,559902.551],[171415.185,559898.844],[171417.832,559898.122],[171420.058,559897.917],[171421.427,559898.098],[171429.803,559896.89],[171431.9,559896.644]]]}},{"type":"Feature","properties":{"relatieveHoogteligging":0,"lokaalID":"W0653.5a940073979f466a97c0e146fe9a3465","bgt_status":"bestaand","class":"waterloop","objecttype":"Waterdeel"},"geometry":{"type":"Polygon","coordinates":[[[171281.159,559763.228],[171281.068,559763.543],[171279.731,559768.173],[171277.413,559767.119],[171273.396,559767.225],[171272.686,559767.225],[171269.772,559764.78],[171272.701,559760.566],[171281.159,559763.228]]]}},{"type":"Feature","properties":{"relatieveHoogteligging":0,"lokaalID":"W0653.cbbe51ffd09d432fa76305741ff0ef49","bgt_status":"bestaand","class":"waterloop","objecttype":"Waterdeel"},"geometry":{"type":"Polygon","coordinates":[[[171279.731,559768.173],[171281.068,559763.543],[171281.159,559763.228],[171283.011,559763.811],[171290.422,559766.433],[171295.576,559767.929],[171307.093,559771.434],[171316.464,559774.141],[171324.913,559776.647],[171333.1,559779.404],[171340.013,559781.505],[171346.804,559783.329],[171353.304,559785.074],[171359.883,559786.567],[171369.875,559789.161],[171378.892,559791.501],[171381.159,559792.125],[171382.244,559792.346],[171385.101,559792.928],[171388.998,559794.074],[171399.217,559796.984],[171402.618,559797.751],[171415.389,559800.878],[171418.772,559801.623],[171422.367,559802.131],[171424.759,559802.469],[171437.871,559804.372],[171452.522,559806.218],[171454.268,559806.439],[171456.041,559806.956],[171460.295,559808.694],[171462.868,559809.388],[171466.429,559810.207],[171468.389,559810.921],[171468.534,559812.922],[171467.485,559815.812],[171466.789,559815.812],[171464.836,559815.51],[171458.619,559813.425],[171449.141,559810.851],[171436.601,559808.356],[171428.501,559807.216],[171425.646,559806.766],[171422.824,559806.517],[171421.084,559806.626],[171420.207,559806.937],[171419.464,559807.045],[171415.474,559806.687],[171414.211,559805.99],[171412.913,559805.587],[171410.821,559805.27],[171409.44,559805.182],[171408.737,559804.805],[171407.304,559804.295],[171398.589,559801.947],[171376.763,559796.064],[171364.884,559793.022],[171349.884,559788.872],[171338.024,559785.951],[171327.819,559782.518],[171315.977,559778.92],[171296.052,559772.866],[171282.064,559769.234],[171279.731,559768.173]]]}},{"type":"Feature","properties":{"relatieveHoogteligging":0,"lokaalID":"W0653.809d5fdb9a0844b1b00b87d1611b6ccb","bgt_status":"bestaand","class":"waterloop","objecttype":"Waterdeel"},"geometry":{"type":"Polygon","coordinates":[[[171390.317,559468.161],[171391.082,559468.826],[171394.638,559471.916],[171397.667,559474.598],[171408.035,559483.305],[171415.608,559489.329],[171426.745,559498.711],[171436.667,559507.281],[171445.66,559514.948],[171450.705,559519.157],[171454.862,559522.424],[171457.003,559524.338],[171458.642,559526.181],[171458.642,559526.456],[171458.264,559526.822],[171457.565,559527.497],[171457.111,559527.198],[171455.84,559525.993],[171452.019,559522.752],[171444.949,559516.265],[171436.45,559509.449],[171424.91,559499.628],[171411.978,559489.073],[171399.852,559479.288],[171388.788,559470.273],[171378.934,559462.064],[171368.749,559453.599],[171360.543,559446.709],[171345.688,559434.221],[171332.206,559422.787],[171325.209,559417.254],[171319.189,559412.424],[171320.294,559411.228],[171321.13,559410.324],[171325.782,559414.119],[171329.628,559417.417],[171332.412,559419.433],[171342.084,559427.275],[171355.169,559438.51],[171368.446,559449.863],[171382.815,559462.159],[171389.001,559467.018],[171390.317,559468.161]]]}},{"type":"Feature","properties":{"relatieveHoogteligging":0,"lokaalID":"G1900.4c40229dcba8451a81dcd30d95feb1b0","bgt_status":"bestaand","class":"waterloop","objecttype":"Waterdeel"},"geometry":{"type":"Polygon","coordinates":[[[171409.019,559575.828],[171412.398,559578.564],[171415.006,559581.375],[171415.006,559582.11],[171414.85,559582.44],[171414.561,559582.821],[171413.842,559583.181],[171412.777,559582.881],[171411.414,559582.237],[171410.331,559581.564],[171408.44,559579.791],[171404.05,559576.08],[171393.544,559566.994],[171376.384,559552.219],[171354.574,559534.786],[171342.376,559524.557],[171341.149,559523.507],[171340.408,559522.804],[171339.833,559522.347],[171339.432,559521.928],[171339.335,559521.839],[171339.035,559521.599],[171338.593,559521.272],[171338.258,559520.954],[171338.125,559520.848],[171337.713,559520.574],[171337.493,559520.42],[171334.917,559517.466],[171332.664,559514.882],[171332.29,559514.466],[171331.77,559513.926],[171331.358,559513.534],[171314.187,559499.229],[171313.207,559498.419],[171294.989,559483.381],[171288.61,559478.04],[171287.257,559476.858],[171278.552,559469.17],[171262.536,559455.03],[171231.453,559429.626],[171231.338,559429.545],[171230.48,559429.025],[171231.499,559427.005],[171232.117,559427.482],[171242.488,559434.928],[171256.19,559447.283],[171262.437,559452.051],[171269.733,559457.937],[171279.136,559465.525],[171282.799,559468.48],[171285.505,559470.663],[171298.498,559481.66],[171321.261,559500.766],[171323.373,559502.538],[171339.806,559517.901],[171351.263,559526.956],[171351.876,559527.416],[171363.69,559537.611],[171375.271,559546.634],[171380.661,559550.999],[171386.284,559555.625],[171391.948,559560.577],[171396.558,559564.452],[171401.719,559568.652],[171406.657,559573.148],[171409.019,559575.828]]]}},{"type":"Feature","properties":{"relatieveHoogteligging":0,"lokaalID":"G1900.08ae765602aa40a1b562efead8aa856a","bgt_status":"bestaand","class":"waterloop","objecttype":"Waterdeel"},"geometry":{"type":"Polygon","coordinates":[[[171241.55,559270.944],[171247.098,559267.843],[171263.608,559256.773],[171277.584,559246.455],[171277.763,559246.284],[171279.347,559244.354],[171282.322,559241.079],[171283.439,559239.805],[171284.713,559238.54],[171286.159,559237.588],[171287.436,559237.063],[171288.94,559236.607],[171289.046,559236.568],[171290.873,559235.78],[171292.241,559235.2],[171293.748,559234.559],[171296.128,559233.399],[171296.236,559233.338],[171298.376,559231.937],[171300.095,559230.592],[171311.177,559223.244],[171335.981,559206.169],[171345.081,559201.02],[171345.496,559201.073],[171345.94,559201.438],[171346.062,559201.828],[171346.061,559201.933],[171337.433,559208.246],[171301.773,559231.28],[171298.142,559233.912],[171296.136,559235.091],[171293.246,559236.264],[171290.708,559237.153],[171288.171,559237.99],[171286.431,559238.68],[171286.288,559238.751],[171286.157,559238.844],[171284.977,559239.834],[171284.815,559240.007],[171283.648,559241.593],[171282.456,559243.175],[171281.199,559244.584],[171279.234,559246.263],[171277.588,559247.772],[171265.993,559256.592],[171261.468,559259.546],[171246.121,559269.74],[171202.432,559301.393],[171201.27,559300.335],[171241.55,559270.944]]]}},{"type":"Feature","properties":{"relatieveHoogteligging":0,"lokaalID":"W0653.e8a2a68c3e1d403aa55abf8a74bc7034","bgt_status":"bestaand","class":"waterloop","objecttype":"Waterdeel"},"geometry":{"type":"Polygon","coordinates":[[[171337.627,559294.423],[171337.701,559294.098],[171337.804,559293.782],[171337.935,559293.476],[171338.092,559293.183],[171338.275,559292.905],[171338.481,559292.644],[171338.71,559292.403],[171338.959,559292.183],[171339.257,559291.964],[171387.667,559257.431],[171395.35,559251.111],[171397.352,559253.713],[171383.245,559262.904],[171342.07,559292.75],[171341.897,559292.831],[171341.639,559292.977],[171341.396,559293.146],[171341.168,559293.335],[171340.957,559293.543],[171340.765,559293.769],[171340.593,559294.01],[171340.443,559294.266],[171340.316,559294.533],[171340.212,559294.811],[171340.133,559295.096],[171340.079,559295.388],[171340.051,559295.683],[171340.048,559295.979],[171340.071,559296.274],[171340.12,559296.567],[171340.194,559296.853],[171340.293,559297.133],[171340.415,559297.403],[171340.561,559297.661],[171340.728,559297.905],[171340.841,559298.045],[171349.157,559309.811],[171349.203,559309.932],[171349.261,559310.135],[171349.3,559310.343],[171349.321,559310.553],[171349.323,559310.764],[171349.306,559310.974],[171349.27,559311.183],[171349.216,559311.387],[171349.145,559311.585],[171349.055,559311.777],[171348.949,559311.959],[171348.828,559312.132],[171348.691,559312.293],[171348.541,559312.441],[171348.378,559312.575],[171348.144,559312.736],[171277.367,559364.073],[171275.559,559362.096],[171346.482,559311.4],[171346.626,559311.274],[171346.744,559311.123],[171346.831,559310.952],[171346.883,559310.768],[171346.9,559310.577],[171346.88,559310.387],[171346.824,559310.204],[171346.734,559310.035],[171338.49,559297.566],[171338.259,559297.269],[171338.078,559296.989],[171337.923,559296.695],[171337.795,559296.388],[171337.694,559296.071],[171337.622,559295.746],[171337.579,559295.417],[171337.566,559295.084],[171337.582,559294.752],[171337.627,559294.423]]]}},{"type":"Feature","properties":{"relatieveHoogteligging":0,"lokaalID":"P0021.eb9911785e3a4c75a3be98435ff30660","bgt_status":"bestaand","class":"waterloop","objecttype":"Waterdeel"},"geometry":{"type":"Polygon","coordinates":[[[171585.492,559147.632],[171455.762,559290.081],[171454.812,559288.888],[171453.209,559286.707],[171448.144,559280.872],[171444.939,559277.024],[171441.221,559274.587],[171432.63,559266.25],[171423.847,559256.309],[171416.475,559250.345],[171407.691,559243.422],[171405.897,559242.008],[171394.999,559230.401],[171385.19,559219.691],[171376.151,559209.045],[171368.458,559200.195],[171362.624,559192.307],[171360.188,559191.281],[171356.918,559187.305],[171354.803,559179.353],[171352.816,559173.389],[171349.546,559167.296],[171344.994,559160.755],[171339.225,559156.715],[171336.532,559153.829],[171334.994,559150.109],[171331.211,559144.979],[171326.403,559141.195],[171320.12,559135.552],[171313.004,559127.343],[171306.53,559119.84],[171302.619,559116.569],[171300.568,559115.479],[171295.375,559110.99],[171290.567,559108.488],[171286.464,559106.116],[171283.899,559103.999],[171278.653,559100.132],[171396.347,558999.939],[171398.807,559001.813],[171402.69,559003.646],[171405.602,559005.139],[171407.946,559006.935],[171409.998,559008.914],[171412.819,559011.845],[171415.493,559014.007],[171418.973,559015.986],[171422.966,559017.819],[171426.849,559019.211],[171430.219,559020.933],[171435.751,559024.415],[171438.608,559025.844],[171441.393,559026.797],[171444.47,559027.566],[171447.657,559027.896],[171451.284,559027.933],[171454.544,559027.566],[171457.987,559027.969],[171460.772,559028.739],[171462.164,559030.425],[171464.765,559032.147],[171469.344,559035.189],[171477.806,559040.686],[171479.125,559041.602],[171480.444,559042.335],[171482.129,559042.701],[171484.107,559042.738],[171486.561,559042.408],[171489.089,559042.005],[171491.287,559041.529],[171493.883,559040.546],[171495.976,559039.122],[171503.406,559038.994],[171504.885,559040.535],[171506.685,559041.75],[171508.988,559043.111],[171512.275,559044.618],[171515.142,559045.226],[171518.848,559045.875],[171521.067,559045.728],[171522.385,559045.205],[171524.123,559044.702],[171527.472,559043.048],[171529.211,559042.392],[171533.956,559050.145],[171534.883,559052.582],[171535.588,559055.083],[171535.14,559059.572],[171534.883,559063.612],[171534.178,559068.294],[171533.106,559071.94],[171531.375,559075.323],[171532.721,559078.465],[171534.58,559082.826],[171536.888,559083.916],[171539.581,559084.365],[171541.247,559086.033],[171541.376,559088.726],[171540.35,559091.42],[171540.158,559093.536],[171538.747,559094.754],[171538.427,559097.127],[171539.452,559099.244],[171542.786,559103.091],[171544.32,559105.437],[171544.467,559108.185],[171546.628,559111.227],[171551.06,559116.174],[171554.76,559120.205],[171558.094,559124.419],[171560.915,559127.388],[171564.322,559129.623],[171566.776,559130.649],[171569.194,559131.016],[171571.722,559132.262],[171573.883,559136.036],[171574.506,559138.198],[171575.605,559141.35],[171577.473,559143.072],[171581.136,559145.601],[171583.591,559146.224],[171585.093,559147.25],[171585.492,559147.632]]]}},{"type":"Feature","properties":{"relatieveHoogteligging":0,"lokaalID":"W0653.81daad4038ee4c989c131c3bbb95cc8f","bgt_status":"bestaand","class":"waterloop","objecttype":"Waterdeel"},"geometry":{"type":"Polygon","coordinates":[[[171445.634,559570.965],[171443.721,559572.745],[171439.863,559577.435],[171436.774,559574.806],[171440.672,559570.224],[171442.094,559567.961],[171441.608,559567.549],[171444.45,559563.23],[171449.47,559559.1],[171452.12,559556.93],[171452.606,559556.568],[171454.12,559555.44],[171454.931,559555.042],[171460.801,559559.909],[171458.845,559561.866],[171455.99,559564.72],[171452.02,559568.41],[171448.676,559570.387],[171446.035,559571.305],[171445.634,559570.965]]]}},{"type":"Feature","properties":{"relatieveHoogteligging":0,"lokaalID":"G1900.020e6d42020041cf9cd93d1515f4495d","bgt_status":"bestaand","class":"waterloop","objecttype":"Waterdeel"},"geometry":{"type":"Polygon","coordinates":[[[171390.842,559468.139],[171392.035,559467.996],[171393.118,559467.55],[171394.349,559466.594],[171395.626,559465.782],[171401.989,559460.244],[171419.71,559444.074],[171421.633,559442.319],[171437.102,559429.715],[171458.005,559411.994],[171480.804,559392.805],[171501.137,559375.532],[171513.541,559364.695],[171517.36,559361.965],[171517.898,559362.003],[171518.434,559362.498],[171519.026,559363.493],[171519.118,559364.009],[171519.086,559364.131],[171508.857,559372.612],[171488.117,559390.474],[171463.419,559410.701],[171442.441,559428.669],[171423.531,559444.725],[171421.847,559446.281],[171414.481,559452.693],[171410.547,559456.117],[171404.884,559461.046],[171397.199,559467.367],[171395.835,559468.463],[171394.625,559469.674],[171394.349,559470.333],[171394.64,559471.347],[171394.638,559471.916],[171391.082,559468.826],[171390.317,559468.161],[171390.842,559468.139]]]}},{"type":"Feature","properties":{"relatieveHoogteligging":0,"lokaalID":"G1900.f75422f10286469483f3d633d104bdce","bgt_status":"bestaand","class":"watervlakte","plus_type":"meer, plas, ven, vijver","objecttype":"Waterdeel"},"geometry":{"type":"Polygon","coordinates":[[[171633.766,559516.044],[171634.193,559518.586],[171634.35,559519.526],[171634.908,559524.099],[171628.777,559533.244],[171638.475,559542.725],[171645.832,559556.109],[171644.494,559560.459],[171649.176,559570.05],[171657.313,559578.862],[171662.886,559582.542],[171667.791,559581.092],[171675.259,559580.981],[171682.172,559588.765],[171685.18,559597.376],[171687.552,559604.166],[171689.527,559607.191],[171686.502,559609.167],[171687.075,559617.675],[171687.648,559626.184],[171683.051,559623.22],[171677.33,559622.997],[171677.138,559627.905],[171679.559,559634.469],[171675.228,559638.676],[171664.017,559647.152],[171652.87,559651.486],[171648.918,559654.615],[171641.086,559650.466],[171627.009,559643.01],[171623.236,559635.879],[171625.838,559633.111],[171626.993,559630.39],[171632.344,559617.787],[171630.682,559606.668],[171634.127,559603.957],[171630.003,559598.715],[171615.846,559591.688],[171610.607,559585.442],[171609.604,559576.743],[171605.145,559569.381],[171593.887,559561.909],[171584.412,559560.459],[171580.734,559553.655],[171593.664,559539.936],[171625.544,559512.722],[171633.766,559516.044]],[[171597.007,559556.758],[171597.252,559559.641],[171599.904,559561.965],[171601.441,559562.563],[171603.866,559563.514],[171612.127,559567.334],[171619.919,559573.414],[171629.154,559582.594],[171636.268,559594.771],[171640.571,559603.387],[171645.415,559605.939],[171648.86,559604.328],[171650.722,559599.957],[171649.169,559594.043],[171641.361,559579.356],[171630.754,559566.733],[171622.411,559560.853],[171611.233,559553.917],[171603.666,559552.744],[171598.99,559553.931],[171597.007,559556.758]]]}},{"type":"Feature","properties":{"relatieveHoogteligging":0,"lokaalID":"P0021.a7c25f754c7141f291c0b6e034b69c55","bgt_status":"bestaand","class":"waterloop","objecttype":"Waterdeel"},"geometry":{"type":"Polygon","coordinates":[[[171614.638,559455.335],[171612.149,559450.561],[171606.764,559442.705],[171601.491,559433.951],[171595.32,559430.135],[171589.823,559426.769],[171586.233,559421.494],[171583.316,559411.393],[171580.624,559406.455],[171576.809,559399.834],[171572.995,559394.222],[171566.937,559386.142],[171561.327,559381.428],[171555.718,559378.174],[171552.24,559375.705],[171547.496,559370.847],[171538.649,559362.382],[171531.276,559355.199],[171524.737,559346.221],[171520.442,559340.256],[171516.916,559338.653],[171504.591,559328.328],[171493.485,559316.769],[171481.032,559307.005],[171477.057,559304.407],[171473.467,559304.215],[171470.262,559303.574],[171466.928,559301.265],[171463.146,559298.251],[171458.594,559293.634],[171455.762,559290.081],[171585.492,559147.632],[171588.39,559150.401],[171590.148,559152.674],[171591.504,559155.825],[171592.648,559158.509],[171593.857,559161.698],[171595.909,559164.959],[171598.803,559169.393],[171600.946,559173.498],[171604.92,559179.718],[171607.549,559183.566],[171610.241,559186.58],[171613.254,559188.761],[171615.755,559189.594],[171618.255,559189.979],[171620.947,559192.096],[171623.576,559196.392],[171625.884,559201.459],[171627.294,559204.152],[171629.73,559205.435],[171634.538,559207.23],[171637.808,559209.154],[171640.372,559210.822],[171642.552,559214.028],[171643.385,559217.299],[171644.283,559221.339],[171645.309,559224.161],[171647.424,559226.021],[171649.732,559228.201],[171653.771,559232.818],[171659.669,559237.5],[171671.657,559248.979],[171680.376,559256.611],[171686.466,559261.228],[171691.21,559264.307],[171704.205,559287.415],[171704.236,559287.909],[171704.388,559290.31],[171705.524,559295.66],[171706.843,559300.094],[171708.276,559304.916],[171711.661,559314.138],[171711.719,559314.297],[171716.115,559325.071],[171720.621,559332.254],[171740.435,559365.686],[171744.827,559371.907],[171614.638,559455.335]]]}},{"type":"Feature","properties":{"relatieveHoogteligging":0,"lokaalID":"G1900.47dd091e5f1744abb02f9388b6a73f7b","bgt_status":"bestaand","class":"waterloop","objecttype":"Waterdeel"},"geometry":{"type":"Polygon","coordinates":[[[171690.056,559152.273],[171686.997,559157.415],[171647.946,559201.023],[171646.579,559199.591],[171647.28,559198.919],[171665.801,559176.662],[171670.699,559171.111],[171683.435,559154.539],[171683.436,559154.537],[171683.681,559153.639],[171683.681,559153.149],[171680.243,559151.292],[171672.418,559146.676],[171654.823,559137.405],[171642.674,559130.115],[171638.508,559127.917],[171635.153,559125.371],[171632.253,559124.045],[171628.789,559121.9],[171628.326,559120.396],[171628.673,559119.47],[171629.599,559118.776],[171639.482,559124.821],[171648.806,559130.809],[171678.659,559147.008],[171685.633,559151.624],[171688.743,559144.821],[171697.058,559130.517],[171702.097,559120.967],[171704.961,559122.594],[171692.595,559144.918],[171690.056,559152.273]]]}},{"type":"Feature","properties":{"relatieveHoogteligging":0,"lokaalID":"G1900.0a19ba050a34474b85580e8528b8a6aa","bgt_status":"bestaand","class":"waterloop","objecttype":"Waterdeel"},"geometry":{"type":"Polygon","coordinates":[[[171799.051,559162.004],[171798.45,559162.586],[171797.868,559163.132],[171796.957,559163.772],[171796.119,559164.405],[171795.664,559164.649],[171795.178,559164.86],[171794.916,559164.925],[171794.398,559164.99],[171793.916,559164.99],[171793.47,559164.904],[171793.05,559164.748],[171792.567,559164.52],[171792.035,559164.31],[171791.655,559164.021],[171791.09,559163.57],[171790.37,559162.913],[171789.328,559162.068],[171788.227,559161.091],[171782.34,559156.353],[171772.548,559148.364],[171762.596,559140.54],[171753.162,559132.819],[171746.115,559127.369],[171737.033,559119.848],[171726.241,559111.256],[171712.729,559100.565],[171704.305,559093.922],[171690.382,559082.662],[171674.01,559069.831],[171658.258,559058.288],[171646.446,559050.291],[171646.346,559050.232],[171643.565,559048.789],[171640.824,559047.669],[171637.725,559046.565],[171637.56,559046.522],[171637.39,559046.507],[171634.689,559046.503],[171634.434,559046.536],[171632.534,559047.034],[171632.315,559047.12],[171629.712,559048.516],[171629.517,559048.653],[171626.494,559051.366],[171622.689,559054.962],[171622.518,559055.175],[171618.533,559061.829],[171617.732,559062.88],[171616.196,559061.619],[171617.019,559060.307],[171620.883,559054.082],[171625.012,559049.041],[171628.425,559046.104],[171631.362,559044.477],[171633.624,559043.604],[171636.045,559043.167],[171638.664,559043.286],[171641.8,559044.159],[171647.713,559047.017],[171650.531,559048.723],[171676.685,559067.694],[171695.14,559082.22],[171712.126,559095.991],[171712.88,559096.745],[171713.912,559097.142],[171714.825,559096.745],[171715.658,559096.15],[171718.968,559090.339],[171720.176,559087.718],[171721.252,559086.75],[171721.651,559086.714],[171722.18,559087.734],[171722.18,559088.059],[171722.1,559088.616],[171721.866,559089.41],[171721.701,559089.906],[171721.346,559090.544],[171721.265,559090.734],[171721.028,559091.498],[171720.125,559093.325],[171718.29,559096.995],[171718.139,559097.229],[171718.039,559097.431],[171717.869,559097.903],[171717.701,559098.296],[171717.633,559098.532],[171717.553,559099.032],[171717.542,559099.132],[171717.482,559100.172],[171717.484,559100.319],[171717.524,559100.769],[171717.567,559100.983],[171717.767,559101.613],[171717.846,559101.796],[171717.961,559101.961],[171718.261,559102.311],[171718.445,559102.478],[171721.661,559104.741],[171734.143,559114.649],[171743.699,559122.436],[171752.765,559129.811],[171763.579,559138.466],[171773.26,559146.447],[171778.239,559150.486],[171785.01,559155.995],[171790.796,559160.568],[171791.275,559161.018],[171791.513,559161.184],[171791.817,559161.337],[171792.005,559161.462],[171792.159,559161.546],[171792.479,559161.686],[171792.701,559161.754],[171793.225,559161.845],[171793.703,559161.889],[171794.322,559161.909],[171794.87,559161.884],[171795.41,559161.824],[171795.642,559161.77],[171796.082,559161.61],[171796.254,559161.527],[171796.654,559161.287],[171796.83,559161.153],[171797.273,559160.731],[171797.805,559160.218],[171798.566,559159.416],[171800.384,559160.593],[171799.943,559161.054],[171799.511,559161.526],[171799.051,559162.004]]]}},{"type":"Feature","properties":{"relatieveHoogteligging":0,"lokaalID":"G1900.00841d27dc534ced8333f6991c67587b","bgt_status":"bestaand","class":"waterloop","objecttype":"Waterdeel"},"geometry":{"type":"Polygon","coordinates":[[[171906.706,559058.817],[171907.973,559059.918],[171908.371,559061.133],[171907.903,559062.336],[171903.374,559066.956],[171896.286,559073.895],[171891.798,559077.796],[171886.988,559081.978],[171883.994,559084.901],[171883.109,559086.007],[171880.76,559088.942],[171876.85,559092.851],[171875.957,559093.755],[171872.624,559099.472],[171871.122,559102.001],[171870.096,559103.796],[171869.592,559104.823],[171867.576,559108.744],[171865.502,559112.776],[171864.544,559113.985],[171861.102,559118.323],[171859.478,559120.371],[171855.715,559125.738],[171852.093,559130.903],[171849.083,559135.196],[171849.627,559136.18],[171849.524,559136.306],[171845.969,559140.637],[171843.363,559143.813],[171841.376,559145.677],[171839.178,559147.312],[171838.518,559147.802],[171836.503,559148.682],[171834.818,559150.368],[171832.923,559153.125],[171830.285,559155.581],[171823.984,559161.81],[171808.811,559178.008],[171796.118,559191.988],[171785.989,559202.506],[171768.599,559220.11],[171747.844,559241.433],[171731.465,559255.125],[171726.528,559260.4],[171718.451,559270.837],[171709.077,559280.122],[171705.597,559283.75],[171704.498,559285.546],[171704.205,559287.415],[171691.21,559264.307],[171692.684,559265.094],[171694.369,559265.424],[171696.238,559265.498],[171698.619,559265.388],[171700.744,559265.168],[171703.235,559264.618],[171706.239,559263.702],[171708.4,559262.749],[171710.818,559261.613],[171713.016,559260.294],[171715.617,559258.168],[171738.817,559236.437],[171744.906,559231.683],[171747.946,559228.641],[171753.808,559223.108],[171761.519,559215.825],[171768.113,559209.008],[171774.487,559202.962],[171782.238,559195.109],[171787.496,559189.92],[171789.024,559188.349],[171790.322,559186.423],[171790.824,559185.501],[171790.552,559184.329],[171788.841,559182.14],[171785.654,559178.219],[171775.47,559169.571],[171758.472,559156.012],[171744.735,559144.651],[171736.053,559137.719],[171729.093,559131.929],[171719.605,559123.867],[171712.013,559117.243],[171707.287,559112.846],[171700.107,559107.569],[171693.586,559102.805],[171687.725,559097.931],[171681.204,559092.91],[171674.903,559087.78],[171669.555,559083.675],[171665.415,559080.45],[171660.726,559077.592],[171652.191,559070.886],[171647.444,559066.864],[171641.253,559062.54],[171637.773,559061.074],[171636.454,559061.184],[171634.952,559063.089],[171631.069,559068.733],[171622.524,559081.378],[171615.82,559090.21],[171608.823,559098.418],[171602.559,559106.81],[171599.885,559109.485],[171597.65,559111.318],[171595.379,559112.087],[171593.694,559111.941],[171591.203,559111.208],[171589.371,559109.779],[171586.147,559106.407],[171581.239,559101.35],[171577.612,559096.953],[171574.059,559092.885],[171571.091,559089.22],[171568.087,559085.299],[171565.56,559080.315],[171563.325,559076.394],[171561.09,559073.682],[171559.881,559072.18],[171556.987,559069.065],[171553.69,559066.573],[171550.906,559062.029],[171548.525,559060.453],[171544.862,559056.898],[171542.057,559053.81],[171539.461,559050.229],[171537.577,559048.595],[171535.986,559048.093],[171534.458,559048.742],[171533.956,559050.145],[171529.211,559042.392],[171532.58,559041.121],[171534.255,559040.609],[171535.475,559040.824],[171536.671,559041.542],[171539,559043.818],[171542.444,559047.739],[171545.191,559051.184],[171548.232,559054.665],[171552.481,559058.843],[171557.72,559064.34],[171564.204,559071.046],[171566.512,559073.648],[171567.83,559076.14],[171569.296,559079.328],[171570.468,559081.6],[171572.666,559084.605],[171575.157,559087.72],[171577.721,559090.285],[171581.714,559094.573],[171589.741,559104.114],[171591.876,559105.894],[171593.216,559107.003],[171594.43,559107.443],[171595.414,559107.318],[171597.12,559106.49],[171598.732,559104.951],[171600.93,559102.166],[171605.198,559096.898],[171609.997,559091.658],[171614.942,559085.355],[171619.814,559078.868],[171623.16,559073.892],[171629.942,559063.04],[171632.496,559059.501],[171633.899,559057.909],[171634.987,559057.03],[171636.201,559056.716],[171637.599,559056.679],[171638.954,559056.936],[171641.152,559058.182],[171644.669,559060.344],[171650.53,559064.412],[171656.282,559068.846],[171661.52,559072.62],[171667.418,559076.835],[171675.184,559082.735],[171681.119,559087.645],[171690.795,559095.416],[171703.935,559105.826],[171712.433,559112.496],[171717.306,559116.527],[171727.087,559124.772],[171745.538,559139.49],[171770.611,559159.648],[171783.917,559170.21],[171790.909,559176.157],[171792.437,559177.329],[171794.192,559177.884],[171795.448,559178.183],[171796.633,559177.943],[171797.855,559177.283],[171801.335,559173.976],[171810.695,559163.587],[171822.298,559150.504],[171832.418,559141.095],[171840.184,559133.693],[171843.905,559129.194],[171850.426,559120.179],[171855.408,559113.217],[171858.705,559108.343],[171861.489,559103.652],[171865.592,559096.873],[171869.035,559091.596],[171872.524,559086.633],[171881.115,559077.615],[171888.191,559071.034],[171897.318,559062.868],[171899.641,559060.774],[171901.591,559059.331],[171903.304,559058.617],[171904.812,559058.365],[171906.403,559058.554],[171906.706,559058.817]]]}},{"type":"Feature","properties":{"relatieveHoogteligging":0,"lokaalID":"P0021.2c727bcacba840e6b398db714dfc1295","bgt_status":"bestaand","class":"waterloop","objecttype":"Waterdeel"},"geometry":{"type":"Polygon","coordinates":[[[171838.149,559548.526],[171841.329,559557.242],[171747.895,559625.525],[171745.209,559621.345],[171732.98,559610.234],[171723.22,559599.236],[171719.181,559591.38],[171713.179,559582.682],[171691.19,559557.739],[171669.536,559533.782],[171653.157,559512.57],[171644.069,559502.919],[171625.611,559476.486],[171624.938,559473.456],[171622.807,559470.201],[171619.665,559466.946],[171617.646,559463.131],[171614.841,559455.724],[171614.638,559455.335],[171744.827,559371.907],[171747.953,559376.333],[171754.739,559385.943],[171768.202,559404.012],[171772.557,559410.207],[171784.089,559426.611],[171795.33,559443.82],[171797.995,559448.307],[171799.293,559450.495],[171801.805,559454.892],[171804.506,559460.567],[171806.704,559465.907],[171806.986,559466.675],[171808.529,559470.881],[171809.9,559474.54],[171810.63,559476.13],[171812.62,559481.51],[171814.33,559486.25],[171816.603,559492.976],[171818.039,559496.528],[171819.3,559500],[171828.938,559526.549],[171835.95,559544.809],[171838.149,559548.526]]]}},{"type":"Feature","properties":{"relatieveHoogteligging":0,"lokaalID":"W0653.24617a318a1c4422b13e14c495acbeaa","bgt_status":"bestaand","class":"waterloop","objecttype":"Waterdeel"},"geometry":{"type":"Polygon","coordinates":[[[171648.646,559683.007],[171656.913,559690.372],[171662.453,559695.308],[171667.359,559699.679],[171675.878,559704.756],[171680.846,559707.718],[171685.978,559711.547],[171690.43,559715.545],[171695.927,559720.48],[171698.16,559724.85],[171701.277,559727.496],[171710.374,559735.217],[171718.971,559742.515],[171726.76,559748.558],[171734.545,559755.419],[171739.866,559760.108],[171744.869,559763.316],[171748.957,559765.326],[171752.656,559771.073],[171756.92,559775.691],[171763.051,559780.874],[171770.486,559786.515],[171772.424,559788.242],[171771.825,559789.935],[171770.626,559790.816],[171761.078,559783.271],[171746.666,559771.073],[171736.941,559763.528],[171727.912,559755.246],[171707.699,559738.428],[171692.34,559725.648],[171682.284,559717.281],[171667.075,559704.627],[171660.138,559698.855],[171652.809,559692.757],[171649.043,559689.11],[171646.829,559686.33],[171646.683,559685.211],[171648.646,559683.007]]]}},{"type":"Feature","properties":{"relatieveHoogteligging":0,"lokaalID":"G1900.abbac2b45f8049e7a49d6fe5a16b1347","bgt_status":"bestaand","class":"waterloop","plus_type":"sloot","objecttype":"Waterdeel"},"geometry":{"type":"Polygon","coordinates":[[[171739.383,559810.329],[171738.546,559810.515],[171737.935,559810.329],[171737.511,559809.417],[171740.525,559804.947],[171742.743,559802.488],[171744.457,559801.598],[171745.546,559802.196],[171745.599,559803.02],[171745.015,559803.764],[171743.937,559804.663],[171740.844,559808.827],[171739.383,559810.329]]]}},{"type":"Feature","properties":{"relatieveHoogteligging":0,"lokaalID":"L0002.75d90d8b7b30490ea5be8c3de6c6b476","bgt_status":"bestaand","class":"waterloop","objecttype":"Waterdeel"},"geometry":{"type":"Polygon","coordinates":[[[171589.763,560004.246],[171589.532,560004.217],[171589.311,560004.141],[171589.111,560004.023],[171588.938,560003.866],[171588.8,560003.678],[171588.703,560003.466],[171588.651,560003.239],[171588.646,560003.006],[171588.672,560002.838],[171588.722,560002.676],[171588.796,560002.523],[171588.891,560002.383],[171589.006,560002.258],[171589.138,560002.151],[171589.285,560002.065],[171589.442,560002.002],[171648.049,559997.656],[171682.43,559993.183],[171696.857,559991.306],[171736.546,559984.891],[171767.741,559979.833],[171767.98,559979.782],[171768.225,559979.783],[171768.464,559979.834],[171768.687,559979.935],[171768.884,559980.081],[171769.046,559980.264],[171769.166,559980.477],[171769.239,559980.711],[171769.261,559980.94],[171769.237,559981.17],[171769.169,559981.389],[171769.058,559981.592],[171768.91,559981.768],[171768.73,559981.911],[171768.525,559982.016],[171768.303,559982.079],[171737.115,559987.196],[171697.437,559993.517],[171682.762,559995.39],[171648.694,559999.737],[171589.763,560004.246]]]}},{"type":"Feature","properties":{"relatieveHoogteligging":0,"lokaalID":"G1900.c4f5cce1a644465691d6b5e5f0979103","bgt_status":"bestaand","class":"waterloop","objecttype":"Waterdeel"},"geometry":{"type":"Polygon","coordinates":[[[171631.755,559984.813],[171652.953,559982.471],[171674.975,559980.038],[171703.058,559976.16],[171709.768,559974.621],[171710.598,559975.349],[171709.33,559976.795],[171681.282,559980.92],[171643.726,559985.415],[171632.205,559986.572],[171631.755,559984.813]]]}},{"type":"Feature","properties":{"relatieveHoogteligging":0,"lokaalID":"W0653.36b6162cb02347c48cfbcb078e6989f1","bgt_status":"bestaand","class":"waterloop","objecttype":"Waterdeel"},"geometry":{"type":"Polygon","coordinates":[[[171568.574,559989.627],[171568.574,559985.798],[171570.008,559985.856],[171596.505,559986.913],[171604.538,559986.949],[171605.561,559987.689],[171604.821,559988.711],[171596.259,559988.993],[171576.879,559987.901],[171570.396,559988.147],[171568.574,559989.627]]]}},{"type":"Feature","properties":{"relatieveHoogteligging":0,"lokaalID":"G1900.07ad18bd0b734c9ba67b3079c0b4ed9c","bgt_status":"bestaand","class":"waterloop","objecttype":"Waterdeel"},"geometry":{"type":"Polygon","coordinates":[[[171569.507,559843.374],[171571.721,559840.156],[171580.296,559844.528],[171587.639,559848.5],[171598.914,559854.599],[171601.878,559855.597],[171602.584,559856.258],[171604.658,559858.195],[171608.393,559861.686],[171639.991,559887.102],[171659.062,559903.041],[171679.815,559920.387],[171702.415,559938.696],[171711.499,559946.271],[171720.583,559953.845],[171723.754,559956.489],[171723.12,559957.617],[171721.935,559957.859],[171715.158,559952.344],[171711.428,559948.979],[171705.137,559943.825],[171697.24,559937.317],[171691.249,559932.609],[171687.98,559930.037],[171682.703,559925.672],[171678.684,559922.498],[171676.211,559920.5],[171674.667,559919.107],[171672.429,559917.401],[171667.329,559913.039],[171655.276,559903.261],[171650.072,559898.802],[171647.59,559896.676],[171644.089,559893.837],[171637.591,559888.899],[171632.328,559884.265],[171631.252,559883.589],[171627.216,559880.363],[171621.481,559875.582],[171615.975,559870.985],[171611.236,559867.2],[171607.722,559864.395],[171602.954,559860.215],[171601.745,559859.466],[171599.749,559858.836],[171598.753,559858.53],[171596.551,559857.577],[171593.076,559855.944],[171591.44,559855.19],[171586.426,559852.497],[171583.279,559851.033],[171580.174,559849.216],[171576.073,559846.96],[171573.187,559845.585],[171570.817,559844.247],[171569.507,559843.374]]]}},{"type":"Feature","properties":{"relatieveHoogteligging":0,"lokaalID":"G1900.485445a482314ca1869610d3c4ff8ecc","bgt_status":"bestaand","class":"waterloop","objecttype":"Waterdeel"},"geometry":{"type":"Polygon","coordinates":[[[171829.131,559931.91],[171829.352,559931.076],[171829.352,559930.629],[171829.217,559929.968],[171828.813,559929.336],[171827.805,559928.308],[171823.536,559924.727],[171819.374,559921.236],[171813.866,559916.392],[171806.897,559910.216],[171800.372,559905.067],[171792.748,559899.05],[171787.819,559895.217],[171781.591,559889.848],[171769.445,559879.346],[171762.878,559873.804],[171759.114,559870.533],[171754.06,559866.314],[171747.387,559860.539],[171741.905,559855.819],[171735.57,559850.31],[171731.873,559847.346],[171724.843,559842.43],[171723.022,559840.858],[171719.806,559838.084],[171716.987,559835.102],[171712.599,559831.503],[171709.535,559829.372],[171708.918,559828.943],[171705.132,559826.309],[171702.718,559824.856],[171701.472,559823.831],[171698.493,559820.688],[171693.404,559815.699],[171690.85,559813.493],[171681.516,559805.433],[171678.42,559802.76],[171674.107,559799.194],[171665.285,559791.899],[171663.46,559790.39],[171654.514,559782.817],[171651.08,559779.91],[171649.019,559778.268],[171646.256,559776.067],[171639.586,559770.753],[171639.03,559770.31],[171630.363,559763.384],[171627.31,559760.905],[171621.647,559756.015],[171617.97,559752.84],[171614.191,559749.601],[171606.755,559743.699],[171595.507,559733.636],[171593.727,559730.881],[171592.022,559729.144],[171586.328,559724.52],[171582.073,559721.611],[171576.711,559717.803],[171574.15,559715.983],[171565.887,559709.504],[171555.725,559701.225],[171548.901,559695.682],[171544.045,559691.686],[171538.892,559686.983],[171529.592,559679.216],[171519.759,559671.084],[171513.437,559666.192],[171510.973,559664.23],[171506.374,559660.221],[171503.064,559657.335],[171492.733,559649.031],[171487.66,559644.632],[171481.809,559639.374],[171478.445,559636.754],[171474.586,559634.127],[171473.56,559633.527],[171472.709,559632.794],[171470.338,559630.176],[171458.476,559619.146],[171445.465,559607.806],[171433.349,559597.578],[171433.236,559597.267],[171433.334,559597.091],[171434.505,559596.028],[171435.83,559596.329],[171442.413,559601.53],[171471.934,559626.383],[171493.842,559644.544],[171524.527,559670.202],[171551.583,559692.779],[171576.277,559712.844],[171577.134,559713.539],[171579.432,559715.263],[171593.916,559726.132],[171594.226,559726.415],[171596.323,559728.328],[171599.647,559731.357],[171616.225,559745.601],[171642.523,559767.338],[171675.655,559795.042],[171706.227,559820.727],[171716.725,559829.984],[171716.877,559830.095],[171717.047,559830.175],[171717.23,559830.222],[171717.418,559830.233],[171717.605,559830.21],[171719.805,559829.717],[171719.969,559829.665],[171720.123,559829.585],[171720.26,559829.48],[171720.377,559829.353],[171723.469,559825.356],[171724.562,559825.586],[171724.68,559825.61],[171725.553,559826.925],[171724.666,559830.106],[171722.448,559832.728],[171722.338,559832.886],[171722.261,559833.062],[171722.219,559833.249],[171722.213,559833.441],[171722.244,559833.63],[171722.673,559835.247],[171722.751,559835.449],[171722.87,559835.629],[171723.025,559835.779],[171737.749,559847.271],[171767.224,559872.148],[171796.795,559897.431],[171822.064,559918.085],[171830.649,559925.61],[171832.676,559928.229],[171832.94,559928.862],[171833.274,559929.661],[171833.333,559929.903],[171833.377,559930.182],[171833.397,559930.464],[171833.392,559930.747],[171833.364,559931.028],[171833.311,559931.306],[171833.234,559931.578],[171833.135,559931.843],[171833.013,559932.098],[171832.869,559932.341],[171832.705,559932.572],[171832.522,559932.787],[171832.321,559932.986],[171832.091,559933.178],[171810.704,559949.147],[171800.141,559957.339],[171796.735,559959.637],[171793.145,559961.613],[171789.392,559963.257],[171785.507,559964.556],[171781.507,559965.502],[171745.142,559971.638],[171720.168,559975.378],[171720.027,559975.389],[171719.91,559975.376],[171719.798,559975.344],[171719.692,559975.293],[171719.597,559975.224],[171719.515,559975.14],[171719.18,559973.552],[171719.199,559973.348],[171719.242,559973.218],[171719.306,559973.097],[171719.39,559972.99],[171719.492,559972.899],[171719.608,559972.827],[171719.736,559972.776],[171719.869,559972.749],[171720.006,559972.745],[171720.118,559972.757],[171720.366,559972.753],[171727.231,559971.77],[171744.754,559969.146],[171781.184,559962.997],[171784.932,559962.106],[171788.585,559960.88],[171792.112,559959.33],[171795.485,559957.47],[171798.659,559955.327],[171809.198,559947.152],[171828.312,559932.879],[171828.508,559932.715],[171828.689,559932.534],[171828.854,559932.339],[171829.002,559932.131],[171829.131,559931.91]]]}},{"type":"Feature","properties":{"relatieveHoogteligging":0,"lokaalID":"W0653.a16ab121ae99445bbf360b32c2190d09","bgt_status":"bestaand","class":"waterloop","objecttype":"Waterdeel"},"geometry":{"type":"Polygon","coordinates":[[[171553.429,559607.685],[171561.251,559598.765],[171564.458,559600.281],[171569.743,559604.829],[171580.243,559612.233],[171586.744,559618.094],[171590.233,559621.796],[171592.629,559625.322],[171596.188,559628.706],[171600.592,559634.136],[171603.869,559639.494],[171606.124,559641.68],[171609.436,559648.696],[171612.748,559652.68],[171619.443,559659.062],[171636.232,559673.025],[171639.353,559675.725],[171639.735,559676.954],[171638.97,559678.223],[171637.842,559678.969],[171636.574,559678.707],[171634.029,559676.888],[171613.159,559659.264],[171602.932,559650.627],[171594.714,559643.687],[171579.809,559631.101],[171570.005,559623.151],[171553.233,559608.528],[171553.429,559607.685]]]}},{"type":"Feature","properties":{"relatieveHoogteligging":0,"lokaalID":"G1900.0c0a2cb760fa4cec98b414bb93603426","bgt_status":"bestaand","class":"waterloop","objecttype":"Waterdeel"},"geometry":{"type":"Polygon","coordinates":[[[171581.916,559729.925],[171576.507,559735.755],[171570.094,559743.158],[171564.492,559748.129],[171552.652,559760.328],[171544.161,559768.507],[171529.943,559782.202],[171527.494,559783.844],[171525.098,559786.523],[171524.472,559787.223],[171520.205,559791.995],[171513.541,559798.722],[171508.044,559805.808],[171503.146,559811.132],[171500.116,559810.039],[171504.168,559805.209],[171512.484,559797.135],[171519.46,559789.696],[171523.794,559785.818],[171525.098,559785.219],[171526.261,559783.632],[171527.799,559781.534],[171538.488,559771.257],[171550.221,559759.306],[171560.298,559749.716],[171576.507,559732.934],[171579.784,559728.985],[171581.114,559728.58],[171581.82,559729.362],[171581.916,559729.925]]]}},{"type":"Feature","properties":{"relatieveHoogteligging":0,"lokaalID":"W0653.e1ea6a5964344ef39f67fc9da6ddc633","bgt_status":"bestaand","class":"waterloop","objecttype":"Waterdeel"},"geometry":{"type":"Polygon","coordinates":[[[171571.721,559840.156],[171569.507,559843.374],[171566.429,559842.367],[171565.1,559842.447],[171563.006,559843.737],[171559.042,559841.725],[171558.881,559841.643],[171559.215,559840.265],[171558.888,559839.114],[171558.345,559838.445],[171555.308,559836.842],[171552.136,559835.744],[171523.085,559828.456],[171513.34,559826.248],[171508.379,559825.08],[171503.688,559824.285],[171497.924,559822.863],[171489.916,559821.143],[171486.693,559820.457],[171483.834,559820.117],[171478.159,559819.516],[171472.895,559817.978],[171473.355,559814.824],[171474.772,559813.138],[171489.119,559816.56],[171491.429,559817.01],[171492.717,559816.753],[171494.037,559816.266],[171494.997,559815.505],[171496.295,559813.756],[171499.761,559815.218],[171499.884,559816.689],[171500.192,559817.521],[171500.812,559818.538],[171501.755,559818.952],[171503.472,559819.417],[171511.151,559820.968],[171522.371,559823.438],[171524.74,559823.871],[171527.785,559824.34],[171534.447,559825.368],[171543.307,559828.089],[171551.033,559830.764],[171559.423,559833.886],[171571.721,559840.156]]]}},{"type":"Feature","properties":{"relatieveHoogteligging":0,"lokaalID":"W0653.6af30ca52f184498a80711c36287b5d3","bgt_status":"bestaand","class":"waterloop","objecttype":"Waterdeel"},"geometry":{"type":"Polygon","coordinates":[[[171519.226,559959.13],[171520.38,559958.154],[171521.101,559957.545],[171527.479,559965.09],[171534.068,559971.648],[171539.423,559975.455],[171543.072,559977.204],[171543.809,559976.458],[171546.717,559977.994],[171546.118,559979.686],[171548.373,559982.436],[171552.531,559985.503],[171556.865,559985.961],[171567.72,559985.764],[171568.574,559985.798],[171568.574,559989.627],[171557.112,559988.465],[171549.688,559987.712],[171547.28,559985.651],[171542.107,559981.225],[171536.147,559976.125],[171531.037,559971.753],[171525.4,559965.301],[171519.226,559959.13]]]}},{"type":"Feature","properties":{"relatieveHoogteligging":0,"lokaalID":"G1900.f1fadb4b76d14c3990c47d7ab1b7c450","bgt_status":"bestaand","class":"waterloop","objecttype":"Waterdeel"},"geometry":{"type":"Polygon","coordinates":[[[171557.205,559967.913],[171551.157,559973.516],[171546.717,559977.994],[171543.809,559976.458],[171554.476,559965.655],[171557.205,559967.913]]]}},{"type":"Feature","properties":{"relatieveHoogteligging":0,"lokaalID":"W0653.9cd706a65a93448a83a3a27f22a31009","bgt_status":"bestaand","class":"waterloop","objecttype":"Waterdeel"},"geometry":{"type":"Polygon","coordinates":[[[171580.5,559932.06],[171583.972,559935.293],[171586.13,559936.897],[171588.999,559938.683],[171590.934,559940.09],[171595.715,559944.476],[171599.064,559947.98],[171601.507,559950.946],[171606.062,559956.067],[171610.292,559960.88],[171612.605,559964.143],[171615.397,559968.257],[171617.976,559971.212],[171623.456,559977.983],[171628.111,559984.119],[171628.79,559984.662],[171629.503,559984.837],[171631.755,559984.813],[171632.205,559986.572],[171624.588,559987.336],[171614.405,559988.359],[171613.55,559987.214],[171613.489,559985.961],[171624.306,559985.433],[171612.044,559969.215],[171604.68,559960.894],[171604.177,559960.28],[171602.915,559958.832],[171597.862,559953.034],[171592.865,559947.642],[171590.365,559945.378],[171587.087,559942.808],[171584.993,559941.495],[171583.348,559940.971],[171582.322,559941.057],[171582.065,559941.315],[171580.26,559939.547],[171581.46,559938.331],[171574.59,559929.62],[171571.03,559922.888],[171569.739,559920.447],[171565.921,559913.228],[171561.551,559908.645],[171558.31,559907.94],[171556.618,559906.53],[171554.117,559902.193],[171552.531,559898.668],[171550.241,559898.491],[171541.22,559907.094],[171529.24,559920.033],[171526.747,559922.564],[171521.736,559927.653],[171514.817,559934.678],[171507.112,559942.501],[171517.683,559954.327],[171516.938,559954.569],[171516.113,559954.226],[171508.179,559946.45],[171505.904,559943.327],[171498.354,559936.457],[171490.36,559929.93],[171477.514,559919.997],[171466.946,559913],[171458.064,559907.466],[171452.729,559904.142],[171444.453,559900.415],[171444.285,559899.74],[171444.728,559898.854],[171446.339,559898.914],[171452.138,559902.017],[171461.38,559907.899],[171470.601,559913.419],[171477.95,559918.738],[171485.553,559923.767],[171494.416,559931.34],[171502.15,559937.948],[171504.204,559939.962],[171505.573,559940.607],[171507.828,559940.466],[171510.002,559938.738],[171514.774,559933.415],[171528.574,559918.019],[171536.072,559910.392],[171542.926,559903.42],[171550.342,559895.127],[171551.54,559893.787],[171550.349,559887.682],[171549.355,559879.614],[171548.439,559872.175],[171548.228,559867.133],[171548.756,559862.056],[171549.966,559857.892],[171553.361,559851.59],[171556.403,559845.944],[171560.525,559848.166],[171555.663,559855.428],[171552.789,559863.395],[171552.773,559867.556],[171552.738,559877.04],[171554.099,559886.168],[171555.894,559895.457],[171556.916,559900.745],[171558.36,559904.412],[171561.003,559906.21],[171565.231,559908.079],[171567.911,559910.054],[171569.174,559912.485],[171573.899,559921.582],[171577.141,559927.822],[171580.5,559932.06]]]}},{"type":"Feature","properties":{"relatieveHoogteligging":0,"lokaalID":"G1900.db69d09bef9442daaa7a65fa776f233c","bgt_status":"bestaand","class":"waterloop","objecttype":"Waterdeel"},"geometry":{"type":"Polygon","coordinates":[[[171582.065,559941.315],[171581.178,559942.209],[171564.265,559959.237],[171559.719,559965.584],[171557.205,559967.913],[171554.476,559965.655],[171563.947,559956.064],[171580.26,559939.547],[171582.065,559941.315]]]}},{"type":"Feature","properties":{"relatieveHoogteligging":0,"lokaalID":"P0021.ce2ce67c812f4e52b51a9963ed723a14","bgt_status":"bestaand","class":"waterloop","objecttype":"Waterdeel"},"geometry":{"type":"Polygon","coordinates":[[[172102.365,559972.325],[172080.4,560011.227],[172062.381,559995.106],[172050.21,559988.93],[172016.501,559973.129],[172003.456,559965.787],[171986.563,559950.414],[171982.396,559946.468],[171980.398,559944.349],[171975.206,559940.124],[171972.89,559937.874],[171964.579,559929.277],[171959.831,559925.694],[171942.268,559908.686],[171936.87,559903.486],[171931.851,559898.575],[171928.408,559895.094],[171924.305,559891.283],[171920.202,559886.775],[171916.135,559881.938],[171912.436,559876.148],[171907.783,559868.965],[171902.691,559861.196],[171899.339,559856.011],[171896.042,559849.708],[171892.599,559842.049],[171890.254,559835.777],[171888.412,559829.286],[171887.303,559826.249],[171885.733,559825.035],[171884.058,559824.323],[171882.743,559823.997],[171928.41,559795.947],[171952.929,559863.159],[171953.792,559866.577],[171955.111,559869.467],[171957.657,559872.635],[171962.584,559877.583],[171973.185,559887.854],[171990.979,559904.611],[171998.918,559912.588],[172004.492,559918.703],[172004.985,559919.093],[172005.573,559919.633],[172006.17,559920.846],[172010.639,559925.92],[172032.785,559939.437],[172037.91,559941.934],[172043.29,559944.106],[172046.623,559945.241],[172048.658,559946.135],[172073.877,559958.757],[172080.875,559960.773],[172083.21,559961.87],[172084.35,559962.2],[172085.75,559962.92],[172092.888,559964.708],[172097.39,559969.16],[172102.365,559972.325]]]}},{"type":"Feature","properties":{"relatieveHoogteligging":0,"lokaalID":"G1900.afe7cc2dfd694015bcd891a23ee8c120","bgt_status":"bestaand","class":"waterloop","objecttype":"Waterdeel"},"geometry":{"type":"Polygon","coordinates":[[[171985.334,559695.515],[171984.042,559696.899],[171983.798,559696.681],[171984.655,559694.914],[171985.334,559695.515]]]}},{"type":"Feature","properties":{"relatieveHoogteligging":0,"lokaalID":"G1900.d1745fde6f2f409e8569200e9a8ecfd4","bgt_status":"bestaand","class":"waterloop","objecttype":"Waterdeel"},"geometry":{"type":"Polygon","coordinates":[[[171983.21,559693.634],[171981.58,559694.701],[171981.371,559694.515],[171982.615,559693.106],[171983.21,559693.634]]]}},{"type":"Feature","properties":{"relatieveHoogteligging":0,"lokaalID":"G1900.8f3d50a816334495b8ce0d5882087a4b","bgt_status":"bestaand","class":"waterloop","objecttype":"Waterdeel"},"geometry":{"type":"Polygon","coordinates":[[[171979.792,559693.724],[171984.963,559698.638],[171984.649,559698.961],[171979.457,559694.075],[171979.792,559693.724]]]}},{"type":"Feature","properties":{"relatieveHoogteligging":0,"lokaalID":"P0021.a1e6efe22aed4d90be0e06bfe37e3a95","bgt_status":"bestaand","class":"waterloop","objecttype":"Waterdeel"},"geometry":{"type":"Polygon","coordinates":[[[171952.929,559863.159],[171928.41,559795.947],[171841.329,559557.242],[171838.149,559548.526],[171848.693,559565.285],[171849.974,559567.064],[171851.337,559568.78],[171852.78,559570.43],[171853.959,559571.666],[171855.182,559572.859],[171856.449,559574.005],[171865.4,559582.464],[171871.206,559587.95],[171911.778,559626.291],[171981.521,559692.08],[171982.615,559693.106],[171981.371,559694.515],[171981.58,559694.701],[171983.21,559693.634],[171984.655,559694.914],[171983.798,559696.681],[171984.042,559696.899],[171985.334,559695.515],[171996.643,559706.018],[172000,559709.187],[172008.35,559717.069],[172009.37,559721.274],[172009.956,559724.373],[172009.417,559732.415],[172006.45,559756.015],[172004.105,559775.254],[172002.677,559788.08],[172001.907,559798.268],[172000.589,559803.032],[171999.49,559806.916],[171997.548,559809.848],[171995.423,559812.633],[171993.482,559814.511],[171982.071,559824.708],[171963.149,559841.024],[171960.146,559843.699],[171957.471,559846.998],[171956.299,559849.086],[171955.273,559851.322],[171953.881,559855.096],[171953.259,559857.882],[171952.856,559860.52],[171952.929,559863.159]],[[171979.792,559693.724],[171979.457,559694.075],[171984.649,559698.961],[171984.963,559698.638],[171979.792,559693.724]]]}},{"type":"Feature","properties":{"relatieveHoogteligging":0,"lokaalID":"G1900.882967157ca6497b87190c8b14a19ee4","bgt_status":"bestaand","class":"waterloop","objecttype":"Waterdeel"},"geometry":{"type":"Polygon","coordinates":[[[171922.364,559958.213],[171926.497,559962.601],[171936.231,559971.196],[171940.328,559973.901],[171941.389,559974.879],[171940.308,559976.898],[171938.706,559977.793],[171936.751,559978.271],[171935.732,559977.356],[171935.212,559976.482],[171935.919,559975.171],[171936.189,559974.213],[171936.127,559972.866],[171931.829,559968.988],[171922.285,559960.12],[171921.64,559958.871],[171922.364,559958.213]]]}},{"type":"Feature","properties":{"relatieveHoogteligging":0,"lokaalID":"G1900.0d6190b3f2974968a4af3d47e0238b36","bgt_status":"bestaand","class":"waterloop","objecttype":"Waterdeel"},"geometry":{"type":"Polygon","coordinates":[[[171848.446,559895.794],[171848.487,559895.69],[171848.563,559895.608],[171848.662,559895.556],[171848.773,559895.542],[171848.881,559895.567],[171848.975,559895.628],[171849.04,559895.705],[171849.177,559895.844],[171890.967,559930.594],[171891.064,559930.706],[171891.127,559930.834],[171891.154,559930.974],[171891.134,559931.163],[171891.077,559931.294],[171890.988,559931.406],[171890.874,559931.491],[171890.741,559931.544],[171890.599,559931.562],[171890.458,559931.542],[171890.326,559931.487],[171890.222,559931.412],[171883.418,559925.94],[171852.388,559899.676],[171848.663,559896.194],[171848.547,559896.099],[171848.477,559896.011],[171848.442,559895.906],[171848.446,559895.794]]]}},{"type":"Feature","properties":{"relatieveHoogteligging":0,"lokaalID":"W0653.a189549634dd49c1ab945a8611e8af36","bgt_status":"bestaand","class":"waterloop","objecttype":"Waterdeel"},"geometry":{"type":"Polygon","coordinates":[[[171786.342,559804.541],[171786.432,559803.181],[171787.348,559801.983],[171789.956,559803.111],[171824.482,559832.509],[171829.495,559837.183],[171829.072,559838.331],[171827.582,559838.896],[171826.013,559838.684],[171813.054,559827.689],[171786.292,559804.984],[171786.342,559804.541]]]}},{"type":"Feature","properties":{"relatieveHoogteligging":0,"lokaalID":"P0021.ce849a4d31d143548f2004850489e7bd","bgt_status":"bestaand","class":"waterloop","objecttype":"Waterdeel"},"geometry":{"type":"Polygon","coordinates":[[[171928.41,559795.947],[171882.743,559823.997],[171882.318,559823.892],[171880.392,559823.547],[171874.824,559814.165],[171874.86,559810.024],[171873.205,559806.025],[171871.263,559800.895],[171867.967,559794.885],[171865.915,559788.838],[171863.204,559781.876],[171861.079,559776.122],[171859.028,559773.007],[171856.5,559766.594],[171854.357,559760.584],[171851.939,559757.616],[171848.02,559753.988],[171845.236,559750.397],[171842.046,559745.776],[171839.328,559742.002],[171838.317,559740.599],[171836.001,559737.384],[171834.389,559737.017],[171832.191,559735.808],[171829.847,559732.766],[171827.649,559728.515],[171826.505,559725.559],[171823.972,559722.481],[171821.46,559719.617],[171820.187,559716.291],[171817.815,559712.636],[171814.033,559710.199],[171811.148,559707.185],[171808.84,559703.85],[171806.917,559699.425],[171803.776,559692.755],[171800.378,559688.33],[171797.557,559684.547],[171793.518,559678.005],[171788.069,559673.324],[171781.787,559667.103],[171776.145,559661.973],[171771.798,559656.472],[171763.496,559646.372],[171751.267,559630.772],[171747.895,559625.525],[171841.329,559557.242],[171928.41,559795.947]]]}},{"type":"Feature","properties":{"relatieveHoogteligging":0,"lokaalID":"W0653.0eb7c76468604e12881a62a437912aca","bgt_status":"bestaand","class":"waterloop","objecttype":"Waterdeel"},"geometry":{"type":"Polygon","coordinates":[[[171853.378,559857.972],[171851.676,559859.988],[171850.034,559858.551],[171841.866,559851.833],[171838.72,559849.21],[171838.631,559849.125],[171838.555,559849.039],[171838.487,559848.947],[171838.428,559848.849],[171838.377,559848.747],[171838.335,559848.64],[171838.303,559848.531],[171838.28,559848.419],[171838.267,559848.305],[171838.264,559848.191],[171838.27,559848.077],[171838.287,559847.963],[171838.313,559847.852],[171838.349,559847.744],[171838.394,559847.639],[171838.448,559847.538],[171838.511,559847.442],[171838.582,559847.352],[171838.66,559847.269],[171838.745,559847.192],[171838.836,559847.124],[171838.933,559847.063],[171839.035,559847.011],[171839.141,559846.968],[171839.25,559846.935],[171839.362,559846.911],[171839.476,559846.896],[171839.59,559846.892],[171839.704,559846.898],[171839.818,559846.913],[171839.929,559846.938],[171840.038,559846.973],[171840.144,559847.017],[171840.302,559847.106],[171841.958,559848.646],[171842.041,559848.715],[171847.01,559852.422],[171851.245,559856.113],[171853.378,559857.972]]]}},{"type":"Feature","properties":{"relatieveHoogteligging":0,"lokaalID":"G1900.11a4afe1719148b9838856769f980302","bgt_status":"bestaand","class":"waterloop","objecttype":"Waterdeel"},"geometry":{"type":"Polygon","coordinates":[[[171788.591,559404.041],[171787.808,559401.156],[171791.096,559396.769],[171803.153,559384.09],[171809.943,559377.43],[171819.086,559367.827],[171826.812,559360.258],[171838.104,559349.193],[171849.397,559338.129],[171861.485,559326.715],[171868.5,559320.092],[171879.354,559309.843],[171886.042,559303.093],[171896.28,559293.169],[171902.349,559286.482],[171906.6,559282.497],[171919.645,559270.674],[171927.906,559262.328],[171936.885,559253.257],[171943.416,559246.66],[171949.132,559241.278],[171952.234,559236.623],[171952.875,559232.986],[171953.65,559226.459],[171956.538,559222.5],[171959.425,559218.542],[171963.809,559213.566],[171968.568,559208.779],[171973.699,559203.616],[171976.106,559200.674],[171978.753,559200.059],[171981.827,559202.546],[171984.768,559205.542],[171986.452,559208.912],[171985.784,559211.48],[171983.458,559214.422],[171981.827,559218.328],[171981.507,559223.704],[171981.881,559227.449],[171982.95,559242.187],[171982.175,559243.685],[171980.918,559245.103],[171973.353,559252.191],[171967.756,559257.434],[171963.996,559260.376],[171961.858,559261.178],[171957.5,559261.473],[171948.143,559261.74],[171943.01,559262.382],[171939.963,559263.211],[171938.252,559264.415],[171925.286,559276.157],[171911.732,559289.612],[171901.305,559299.962],[171889.383,559311.304],[171879.407,559320.795],[171866.687,559332.489],[171859.87,559337.999],[171855.512,559342.038],[171849.714,559347.412],[171843.429,559354.663],[171837.841,559360.307],[171831.82,559366.01],[171826.74,559371.37],[171821.82,559376.47],[171815.15,559383.31],[171809.22,559389.13],[171803.98,559394.43],[171796.32,559402.23],[171795.62,559402.77],[171795.115,559403.126],[171794.693,559403.424],[171794.572,559403.509],[171794.06,559403.87],[171793.62,559404.08],[171793.22,559404.32],[171792.693,559404.541],[171792.24,559404.73],[171791.8,559404.73],[171791.324,559404.735],[171790.76,559404.74],[171790.14,559404.74],[171789.46,559404.58],[171789.06,559404.35],[171788.76,559404.16],[171788.591,559404.041]]]}},{"type":"Feature","properties":{"relatieveHoogteligging":0,"lokaalID":"G1900.dda5fa3eea044092be2cacddc8f3a82b","bgt_status":"bestaand","class":"waterloop","objecttype":"Waterdeel"},"geometry":{"type":"Polygon","coordinates":[[[171902.143,559120.078],[171898,559125.858],[171894.818,559128.034],[171890.61,559130.912],[171885.095,559134.684],[171882.778,559138.147],[171876.919,559144.836],[171871.965,559151.927],[171868.837,559154.711],[171865.555,559158.076],[171862.857,559158.982],[171858.649,559157.975],[171848.557,559155.559],[171845.682,559153.825],[171845.481,559152.777],[171846.163,559152.646],[171848.884,559153.905],[171852.367,559154.711],[171858.224,559156.066],[171860.22,559155.94],[171862.475,559155.477],[171864.267,559154.49],[171868.918,559150.279],[171879.851,559138.151],[171890.22,559128.561],[171896.301,559124.814],[171900.147,559120.402],[171900.868,559119.228],[171902.143,559120.078]]]}},{"type":"Feature","properties":{"relatieveHoogteligging":0,"lokaalID":"G1900.12967d71d1c54b298f9c9d1e475f43c1","bgt_status":"bestaand","class":"waterloop","objecttype":"Waterdeel"},"geometry":{"type":"Polygon","coordinates":[[[171882.43,559098.34],[171883.217,559097.109],[171883.606,559097.199],[171890.774,559103.343],[171901.617,559112.955],[171900.807,559114.131],[171900.67,559113.855],[171892.878,559107.106],[171891.809,559106.296],[171886.903,559102.104],[171882.43,559098.34]]]}},{"type":"Feature","properties":{"relatieveHoogteligging":0,"lokaalID":"W0653.4e3b8448f8034a27a2d4f31c91927468","bgt_status":"bestaand","class":"waterloop","objecttype":"Waterdeel"},"geometry":{"type":"Polygon","coordinates":[[[171924.515,559130.804],[171924.469,559132.666],[171922.04,559131.197],[171906.778,559120.298],[171905.422,559119.329],[171903.235,559119.411],[171902.143,559120.078],[171900.868,559119.228],[171901.496,559118.206],[171901.355,559115.245],[171900.807,559114.131],[171901.617,559112.955],[171907.113,559117.828],[171916.944,559125.408],[171924.515,559130.804]]]}},{"type":"Feature","properties":{"relatieveHoogteligging":0,"lokaalID":"W0653.bb0372d5f2984217a33669deed53eb5d","bgt_status":"bestaand","class":"waterloop","objecttype":"Waterdeel"},"geometry":{"type":"Polygon","coordinates":[[[171925.558,559131.547],[171929.879,559133.773],[171930.684,559134.962],[171929.899,559135.788],[171925.653,559133.437],[171924.469,559132.666],[171924.515,559130.804],[171925.558,559131.547]]]}},{"type":"Feature","properties":{"relatieveHoogteligging":0,"lokaalID":"W0653.fb01c6a14db447ebbb0382c50fa2d924","bgt_status":"bestaand","class":"waterloop","objecttype":"Waterdeel"},"geometry":{"type":"Polygon","coordinates":[[[171970.665,559164.474],[171961.036,559158.404],[171950.465,559150.507],[171938.908,559142.821],[171934.468,559139.225],[171934.75,559137.85],[171935.877,559137.78],[171940.949,559142.399],[171952.938,559149.969],[171963.115,559156.395],[171970.373,559160.978],[171973.157,559164.081],[171973.263,559165.491],[171972.585,559166.294],[171970.782,559168.097],[171968.351,559166.334],[171970.665,559164.474]]]}},{"type":"Feature","properties":{"relatieveHoogteligging":0,"lokaalID":"W0653.5597b81dd5fd4710ac732928ff11639b","bgt_status":"bestaand","class":"waterloop","objecttype":"Waterdeel"},"geometry":{"type":"Polygon","coordinates":[[[171963.308,559178.854],[171960.719,559183.048],[171955.997,559188.231],[171954.552,559192.215],[171953.812,559197.75],[171954.94,559201.487],[171958.957,559209.138],[171958.786,559210.105],[171958,559210.75],[171956.994,559211.253],[171955.967,559211.173],[171955.383,559210.729],[171954.094,559208.795],[171951.839,559204.585],[171951.135,559201.261],[171950.108,559199.528],[171949.624,559196.768],[171949.951,559194.685],[171950.671,559193.242],[171951.92,559190.744],[171953.692,559187.944],[171954.094,559186.433],[171955.161,559183.915],[171959.976,559176.501],[171963.308,559178.854]]]}},{"type":"Feature","properties":{"relatieveHoogteligging":0,"lokaalID":"G1900.54bd3c542e4c4b7b90838bb2bfbd39db","bgt_status":"bestaand","class":"waterloop","objecttype":"Waterdeel"},"geometry":{"type":"Polygon","coordinates":[[[172017.076,559463.624],[172016.182,559465.329],[172013.911,559465.577],[172011.324,559464.546],[172004.653,559461.888],[172002.114,559461.445],[172000.419,559462.729],[171996.122,559472.462],[171993.997,559477.276],[171992.462,559477.542],[171991.358,559476.098],[171995.089,559468.002],[171997.716,559462.302],[171997.451,559459.703],[171978.319,559453.429],[171942.798,559439.546],[171929.574,559434.377],[171925.736,559431.825],[171922.239,559428.64],[171903.798,559411.843],[171885.356,559395.045],[171869.837,559379.844],[171866.118,559377.334],[171856.217,559368.153],[171855.239,559367.123],[171853.889,559367.022],[171852.708,559367.461],[171850.975,559368.688],[171844.895,559374.92],[171840.319,559379.114],[171836.128,559384.105],[171832.94,559386.882],[171827.509,559392.59],[171826.918,559393.586],[171827.154,559394.328],[171832.194,559399.235],[171836.967,559403.387],[171840.155,559405.716],[171839.936,559406.56],[171839.48,559406.931],[171838.856,559406.745],[171833.876,559402.362],[171826.542,559395.402],[171825.742,559394.823],[171825.221,559394.911],[171816.523,559403.502],[171804.436,559415.441],[171802.214,559418.335],[171805.52,559425.881],[171814.922,559444.023],[171822.102,559462.759],[171837.366,559494.274],[171838.429,559498.615],[171854.645,559533.763],[171859.634,559545.252],[171861.287,559548.825],[171862.556,559550.007],[171865.095,559549.475],[171870.231,559547.555],[171884.121,559541.074],[171890.834,559539.463],[171903.262,559536.48],[171909.6,559535.26],[171912.442,559535.564],[171921.04,559536.29],[171924.114,559537.675],[171929.73,559539.65],[171930.45,559539.91],[171931.07,559539.98],[171931.59,559539.7],[171943.044,559527.642],[171955.907,559514.255],[171966.662,559504.194],[171977.327,559491.75],[171982.303,559485.945],[171983.315,559485.523],[171984.513,559485.472],[171985.373,559486.029],[171985.373,559487.497],[171984.652,559488.594],[171978.719,559494.531],[171973.288,559501.471],[171959.266,559515.411],[171945.659,559530.149],[171937.039,559538.95],[171934.235,559542.051],[171931.068,559544.182],[171926.407,559545.852],[171920.775,559547.87],[171916.406,559549.435],[171913.071,559550.026],[171907.64,559550.026],[171903.714,559550.026],[171900.142,559549.583],[171897.464,559548.93],[171894.466,559546.849],[171891.987,559545.127],[171889.339,559544.3],[171885.358,559545.009],[171880.705,559546.442],[171873.365,559549.363],[171865.606,559552.452],[171863.548,559553.059],[171861.676,559553.397],[171860.428,559552.857],[171859.062,559551.945],[171858.134,559550.663],[171851.442,559535.56],[171835.855,559502.83],[171825.212,559480.48],[171817.982,559462.05],[171811.473,559445.459],[171800.463,559426.897],[171797.393,559423.028],[171796.774,559420.222],[171796.976,559416.94],[171806.615,559407.24],[171821.037,559392.726],[171836.328,559377.339],[171844.652,559369.571],[171846.334,559366.825],[171849.345,559363.576],[171851.647,559362.276],[171854.658,559361.833],[171856.752,559362.159],[171859.588,559364.846],[171871.254,559375.901],[171884.483,559387.877],[171909.698,559410.703],[171924.575,559424.171],[171931.512,559429.664],[171958.491,559440.208],[171973.87,559445.436],[171986.74,559450.663],[171997.691,559454.237],[172012.91,559459.979],[172016.519,559461.515],[172017.076,559463.624]]]}},{"type":"Feature","properties":{"relatieveHoogteligging":0,"lokaalID":"G1900.81e04e170bee434784252e9fdb4a8f87","bgt_status":"bestaand","class":"waterloop","objecttype":"Waterdeel"},"geometry":{"type":"Polygon","coordinates":[[[172099.815,559537.105],[172101.768,559534.959],[172108.413,559527.656],[172111.563,559524.572],[172111.701,559524.516],[172112.229,559524.212],[172112.537,559524.192],[172112.807,559524.26],[172113.193,559524.221],[172113.588,559524.414],[172114.06,559524.877],[172114.465,559525.515],[172114.44,559526.29],[172111.45,559529.72],[172109.33,559531.94],[172107.09,559534.16],[172104.363,559536.893],[172104.279,559537.518],[172108.244,559541.876],[172110.75,559544.81],[172110.49,559545.43],[172110.137,559545.77],[172109.94,559545.96],[172109.48,559546.3],[172108.94,559546.11],[172102.75,559540.26],[172102.38,559539.89],[172102,559539.87],[172101.63,559540.27],[172092.06,559550.26],[172091.049,559551.334],[172073.3,559570.19],[172072.96,559570.591],[172088.47,559584.91],[172089.534,559585.9],[172117.14,559611.59],[172117.6,559612.23],[172117.65,559612.75],[172117.35,559613.33],[172116.76,559613.86],[172116.12,559614.4],[172115.72,559614.59],[172115.2,559614.37],[172084.88,559586.05],[172065.33,559567.5],[172064.31,559566.57],[172063.66,559566.08],[172058.23,559564.1],[172054.8,559561.12],[172050.3,559557.3],[172044.39,559551.94],[172039.48,559547.07],[172034.04,559541.63],[172026.75,559535.14],[172017.53,559526.7],[172008.58,559518.23],[172007.81,559517.43],[172007.04,559516.46],[172000,559509.284],[171998.65,559507.89],[171998.29,559507.71],[171997.74,559507.24],[171997.14,559506.86],[171996.5,559506.57],[171996.02,559506.48],[171995.7,559506.48],[171995.16,559506.7],[171992.47,559509.63],[171985.5,559516.78],[171975.7,559526.66],[171966.55,559536.92],[171956.32,559548.07],[171947.82,559557.47],[171936.44,559569.75],[171927.56,559579.06],[171916.54,559589.8],[171911.36,559595.39],[171910.87,559595.98],[171910.53,559596.36],[171910.52,559596.98],[171910.88,559597.5],[171915.93,559602.46],[171926.14,559612.5],[171936.33,559621.78],[171946.44,559631.74],[171956.85,559640.91],[171968.1,559651.67],[171971.66,559655.08],[171972.19,559655.73],[171974.026,559657.545],[171976.59,559662.01],[171977.54,559663.28],[171981.26,559666.58],[171985.52,559670.44],[171990.6,559675.15],[171995.234,559679.475],[171993.092,559681.75],[171992.35,559681.13],[171987.24,559676.04],[171976.897,559666.735],[171968.604,559658.64],[171967.205,559657.219],[171959.72,559649.62],[171943.4,559634.03],[171925.93,559617.82],[171912.59,559604.5],[171904.92,559597.44],[171904.65,559596.72],[171904.91,559596.14],[171905.58,559595.31],[171907.28,559593.53],[171910.09,559590.5],[171914.53,559586.06],[171923.13,559576.67],[171933.14,559565.76],[171944.26,559554.29],[171957.62,559540.09],[171974.31,559521.48],[171984.82,559510.67],[171990.81,559504.27],[171993.39,559501.84],[171994.08,559501.21],[171994.56,559500.95],[171995.59,559500.54],[171996.48,559500.97],[172000,559503.78],[172000.17,559503.91],[172000.9,559504.48],[172009.59,559512.1],[172010.42,559512.83],[172013.31,559515.22],[172017.51,559518.94],[172023.23,559524.64],[172026.07,559527.55],[172031.42,559532.43],[172038.17,559538.65],[172042.21,559542.58],[172045.14,559545.39],[172048.85,559548.78],[172050.4,559550.3],[172053.57,559553.49],[172057.12,559557.26],[172060.1,559559.93],[172063.06,559561.97],[172069.4,559567.65],[172069.86,559568.04],[172070.3,559568.24],[172070.92,559568.09],[172099.815,559537.105]]]}},{"type":"Feature","properties":{"relatieveHoogteligging":0,"lokaalID":"W0653.51f2f5ec458e4b4c97c29d48cf72fcd7","bgt_status":"bestaand","class":"waterloop","objecttype":"Waterdeel"},"geometry":{"type":"Polygon","coordinates":[[[172066.575,559070.478],[172064.193,559073.176],[172061.336,559077.304],[172058.399,559081.987],[172056.801,559083.642],[172055.804,559084.603],[172051.383,559088.735],[172047.775,559092.054],[172046.1,559093.521],[172043.997,559095.31],[172042.297,559096.96],[172040.951,559098.286],[172040.868,559098.379],[172039.748,559099.799],[172039.158,559100.688],[172039.068,559100.858],[172039.012,559101.042],[172038.862,559101.794],[172038.724,559102.251],[172038.482,559102.589],[172038.191,559102.852],[172037.665,559103.215],[172036.961,559103.732],[172036.872,559103.806],[172036.365,559104.278],[172034.59,559105.365],[172034.445,559105.474],[172028.705,559110.634],[172025.055,559114.022],[172021.836,559117.161],[172018.529,559120.369],[172015.253,559123.345],[172013.035,559125.405],[172010.818,559127.225],[172009.22,559128.797],[172007.649,559130.268],[172006.075,559131.954],[172004.495,559133.684],[172003.173,559135.448],[172001.735,559137.356],[171999.896,559139.961],[171999.128,559141.048],[171998.817,559141.481],[171997.843,559142.685],[171996.852,559143.715],[171995.794,559144.969],[171994.547,559146.082],[171993.446,559147.201],[171991.854,559148.596],[171980.799,559159.369],[171980.059,559160],[171979.5,559160.352],[171979.15,559160.49],[171977.117,559158.351],[171980.513,559154.487],[171982.472,559152.857],[171984.901,559150.789],[171990.574,559145.521],[171992.677,559143.318],[171993.647,559142.205],[171994.486,559141.118],[171995.101,559140.238],[171999.188,559134.885],[171999.298,559134.703],[171999.367,559134.503],[171999.487,559133.983],[171999.568,559133.512],[171999.683,559133.148],[171999.911,559132.812],[172000.171,559132.611],[172000.435,559132.458],[172000.699,559132.312],[172000.785,559132.259],[172001.345,559131.869],[172001.93,559131.389],[172002.021,559131.303],[172002.641,559130.645],[172009.574,559124.109],[172012.374,559121.808],[172015.394,559119.148],[172017.832,559116.673],[172020.76,559113.645],[172028.028,559106.617],[172032.694,559101.891],[172036.204,559098.541],[172039.54,559095.245],[172046.063,559088.723],[172053.384,559082.089],[172053.618,559081.871],[172054.748,559080.261],[172055.872,559078.276],[172056.467,559076.226],[172056.335,559074.903],[172054.919,559072.707],[172058.248,559069.472],[172059.431,559069.525],[172061.574,559069.605],[172063.479,559068.97],[172066.019,559067.223],[172069.035,559065.001],[172070.305,559064.128],[172071.178,559064.525],[172071.337,559065.239],[172070.623,559066.271],[172069.512,559067.858],[172066.575,559070.478]]]}},{"type":"Feature","properties":{"relatieveHoogteligging":0,"lokaalID":"G1900.a33c5dff625a4316afb19280653b766d","bgt_status":"bestaand","class":"waterloop","objecttype":"Waterdeel"},"geometry":{"type":"Polygon","coordinates":[[[171972.515,559013.01],[171974.579,559013.486],[171976.563,559013.804],[171977.595,559014.439],[171978.151,559015.312],[171978.389,559016.106],[171980.294,559017.773],[171998.074,559032.457],[172004.143,559038.323],[172006.276,559040.384],[172006.091,559041.109],[172005.694,559042.061],[172005.376,559042.3],[172004.797,559042.3],[172004.741,559042.3],[172004.021,559042.059],[172002.836,559041.03],[171999.423,559038.49],[171986.168,559028.885],[171974.103,559020.233],[171972.515,559019.439],[171969.044,559016.983],[171962.196,559012.137],[171959.815,559010.867],[171957.989,559010.232],[171956.561,559010.153],[171955.211,559010.629],[171951.761,559014.08],[171946.98,559020.613],[171945.339,559022.729],[171943.876,559024.488],[171942.192,559026.429],[171940.669,559028.091],[171939.217,559029.602],[171939.134,559029.701],[171938.517,559030.541],[171937.806,559030.74],[171936.483,559030.528],[171935.266,559029.734],[171934.737,559028.835],[171934.724,559028.677],[171934.853,559028.257],[171935.121,559027.689],[171935.434,559027.172],[171935.971,559026.283],[171936.503,559025.333],[171938.399,559022.703],[171940.12,559020.779],[171944.847,559014.855],[171950.206,559008.69],[171954.965,559002.598],[171956.555,559000.832],[171965.599,558991.195],[171980.211,558974.571],[171982.923,558971.368],[171989.48,558962.474],[171995.468,558956.03],[171998.613,558953.064],[172000.64,558950.87],[172000.806,558950.731],[172001.309,558950.807],[172001.941,558951.577],[172001.7,558953.948],[172001.527,558954.677],[172001.289,558955.373],[172000.994,558955.845],[171999.34,558957.722],[171999.116,558957.824],[171998.956,558957.915],[171998.815,558958.034],[171994.727,558962.194],[171993.777,558963.244],[171993.7,558963.341],[171992.452,558965.121],[171988.644,558969.147],[171987.004,558970.977],[171982.913,558975.704],[171980.056,558979.117],[171978.469,558981.574],[171976.008,558985.388],[171970.928,558990.944],[171961.879,559001.342],[171961.164,559003.009],[171961.244,559004.12],[171961.517,559005.058],[171961.641,559005.231],[171965.689,559008.168],[171972.515,559013.01]]]}},{"type":"Feature","properties":{"relatieveHoogteligging":0,"lokaalID":"G1900.71049c44f4394006b23e20b1f9886a68","bgt_status":"bestaand","class":"waterloop","objecttype":"Waterdeel"},"geometry":{"type":"Polygon","coordinates":[[[171927.467,558955.838],[171928.727,558955.484],[171931.575,558958.16],[171956.177,558981.276],[171959.125,558984.419],[171958.69,558986.015],[171956.467,558986.354],[171934.62,558967.155],[171926.935,558957.773],[171927.467,558955.838]]]}},{"type":"Feature","properties":{"relatieveHoogteligging":0,"lokaalID":"G1900.6ae5b985a3c5463dbdb905d6e0a4d9d1","bgt_status":"bestaand","class":"waterloop","objecttype":"Waterdeel"},"geometry":{"type":"Polygon","coordinates":[[[172142.953,558726.881],[172141.964,558730.834],[172120.78,558724.294],[172109.559,558721.696],[172098.704,558718.681],[172084.94,558714.857],[172072.913,558711.516],[172056.088,558706.842],[172043.015,558703.211],[172030.366,558700.214],[172023.988,558699.051],[172021.416,558698.875],[172015.954,558703.246],[172010.07,558710.333],[171999.474,558720.575],[171989.034,558731.557],[171982.163,558738.784],[171979.38,558742.028],[171977.125,558740.653],[171983.226,558733.614],[171992.804,558723.624],[172003.622,558712.342],[172012.078,558702.964],[172013.699,558701.025],[172014.122,558698.275],[172013.271,558696.775],[172009.259,558695.455],[171998.865,558692.035],[171980.559,558688.118],[171966.589,558684.208],[171944.672,558678.074],[171931.565,558674.83],[171910.165,558668.744],[171899.911,558666.17],[171880.755,558661.362],[171870.501,558658.789],[171849.395,558652.619],[171837.274,558649.375],[171836.041,558648.212],[171836.605,558645.991],[171838.085,558645.673],[171844.674,558647.953],[171862.123,558652.634],[171887.55,558659.455],[171906.89,558664.643],[171935.793,558672.397],[171955.243,558677.615],[171974.059,558682.304],[171992.276,558687.698],[172006.863,558692.388],[172014.439,558694.573],[172017.892,558694.362],[172020.57,558693.234],[172023.248,558691.259],[172028.392,558684.596],[172032.365,558680.485],[172037.413,558674.09],[172042.461,558667.694],[172048.878,558660.951],[172052.096,558657.57],[172061.343,558647.854],[172069.759,558639.01],[172080.295,558627.94],[172084.593,558622.898],[172089.209,558616.129],[172092.275,558608.999],[172095.335,558599.193],[172098.614,558588.685],[172100.499,558582.646],[172103.13,558583.467],[172097.877,558600.299],[172095.27,558608.655],[172090.865,558618.174],[172086.003,558625.366],[172077.934,558634.744],[172067.645,558645.709],[172058.907,558654.276],[172053.832,558658.565],[172048.265,558665.24],[172043.297,558671.199],[172040.549,558673.385],[172032.938,558683.433],[172027.476,558690.131],[172025.679,558693.41],[172025.785,558695.032],[172027.335,558696.583],[172031.493,558696.9],[172036.602,558697.958],[172040.795,558700.003],[172072.684,558708.288],[172098.934,558715.708],[172114.776,558719.906],[172123.469,558722.21],[172132.796,558724.682],[172139.314,558726.41],[172142.953,558726.881]]]}},{"type":"Feature","properties":{"relatieveHoogteligging":0,"lokaalID":"W0653.e52c96a7d5e14c57985095715bcd693e","bgt_status":"bestaand","class":"waterloop","objecttype":"Waterdeel"},"geometry":{"type":"Polygon","coordinates":[[[172110.427,558571.282],[172110.207,558572.143],[172109.703,558574.122],[172108.765,558574.122],[172107.25,558574.649],[172106.213,558575.462],[172105.575,558577.057],[172104.967,558581.514],[172101.462,558580.434],[172101.923,558577.387],[172102.091,558576.273],[172102.269,558575.091],[172102.269,558574.223],[172101.889,558573.358],[172100.707,558572.499],[172099.446,558571.864],[172096.395,558570.933],[172090.818,558569.568],[172083.296,558567.727],[172075.513,558565.778],[172067.815,558564.364],[172061.478,558563.516],[172056.987,558562.388],[172051.233,558561.278],[172045.332,558560.573],[172038.593,558559.395],[172035.221,558559.086],[172027.885,558557.911],[172019.216,558556.523],[172014.313,558555.79],[172006.39,558554.262],[171999.531,558553.2],[171996.243,558552.843],[171988.676,558551.2],[171986.518,558550.786],[171983.607,558550.594],[171981.893,558550.402],[171978.013,558549.589],[171973.526,558548.892],[171971.571,558548.752],[171970.525,558548.752],[171969.595,558548.622],[171967.845,558548.122],[171965.705,558547.937],[171957.463,558547.157],[171954.503,558546.877],[171949.794,558545.777],[171944.585,558544.99],[171937.964,558543.743],[171930.647,558542.402],[171924.725,558541.68],[171923.231,558541.47],[171919.783,558540.97],[171915.122,558540.349],[171907.685,558539.862],[171904.97,558539.78],[171901.479,558539.69],[171897.744,558539.571],[171894.142,558539.294],[171890.589,558538.908],[171886.204,558538.242],[171882.648,558537.673],[171877.784,558537.053],[171873.652,558536.201],[171871.48,558535.922],[171871.922,558532.82],[171874.219,558533.242],[171877.408,558533.899],[171880.884,558534.486],[171884.265,558534.998],[171888.21,558535.637],[171890.86,558536.067],[171894.063,558536.578],[171896.722,558536.893],[171899.517,558537.019],[171903.739,558537.278],[171908.019,558537.498],[171912.467,558537.817],[171918.238,558538.254],[171923.052,558539.076],[171930.388,558539.703],[171936.411,558540.672],[171941.232,558541.752],[171943.664,558542.397],[171946.947,558543.115],[171950.718,558544.013],[171954.526,558544.847],[171954.658,558544.867],[171958.798,558545.207],[171958.922,558545.209],[171959.642,558545.179],[171960.123,558545.136],[171960.311,558545.1],[171960.489,558545.028],[171960.651,558544.924],[171960.891,558544.734],[171961.011,558544.622],[171961.111,558544.491],[171961.768,558543.469],[171963.836,558543.701],[171963.986,558544.017],[171964.08,558544.176],[171964.42,558544.646],[171964.568,558544.81],[171965.078,558545.26],[171965.229,558545.369],[171965.396,558545.449],[171966.216,558545.749],[171966.45,558545.804],[171967.807,558545.954],[171969.739,558546.178],[171972.035,558546.659],[171999.829,558551.495],[172013.091,558553.776],[172027.663,558556.199],[172046.893,558559.084],[172072.29,558563.543],[172090.831,558567.12],[172100.108,558568.373],[172101.873,558568.565],[172104.22,558568.82],[172105.21,558569.181],[172107.546,558570.031],[172109.483,558570.872],[172110.427,558571.282]]]}},{"type":"Feature","properties":{"relatieveHoogteligging":0,"lokaalID":"G1900.e34768af37704dbcbfd85ef700118ffc","bgt_status":"bestaand","class":"waterloop","objecttype":"Waterdeel"},"geometry":{"type":"Polygon","coordinates":[[[172003.701,558935.553],[172001.622,558937.959],[172000.232,558937.103],[171978.21,558923.529],[171961.156,558913.94],[171956.576,558910.872],[171955.624,558909.251],[171952.418,558907.417],[171950.057,558906.748],[171945.089,558903.716],[171940.508,558899.837],[171937.09,558897.793],[171933.003,558894.655],[171929.394,558891.038],[171918.521,558884.219],[171904.965,558875.717],[171897.027,558870.469],[171889.089,558865.221],[171884.257,558863.227],[171882.163,558862.985],[171880.069,558863.569],[171875.8,558866.833],[171871.33,558871.769],[171868.33,558875.375],[171866.921,558876.543],[171866.035,558878.86],[171857.659,558888.47],[171854.498,558892.479],[171854.115,558893.95],[171854.135,558896.005],[171855.565,558898.563],[171888.991,558925.145],[171904.623,558937.41],[171917.519,558947.529],[171921.043,558949.961],[171921.009,558951.208],[171920.315,558952.188],[171918.365,558950.807],[171912.586,558946.718],[171894.264,558931.699],[171873.679,558915.36],[171859.557,558904.728],[171852.157,558899.157],[171850.078,558898.382],[171848.669,558898.805],[171841.904,558907.09],[171834.199,558915.505],[171830.381,558918.16],[171826.856,558920.612],[171813.222,558936.423],[171802.581,558948.763],[171800.924,558951.442],[171800.941,558953.889],[171812.751,558964.625],[171822.657,558973.631],[171824.691,558975.242],[171827.372,558978.465],[171831.689,558982.221],[171839.437,558988.962],[171844.624,558993.475],[171849.248,558997.497],[171851.49,558999.619],[171857.352,559005.167],[171865.696,559012.551],[171876.124,559021.78],[171882.135,559027.099],[171886.665,559031.108],[171889.363,559033.848],[171890.753,559036.306],[171892.19,559037.41],[171893.471,559037.837],[171895.283,559038.441],[171899.068,559040.859],[171901.464,559042.894],[171902.169,559043.961],[171901.927,559045.956],[171898.766,559048.756],[171892.464,559055.002],[171888.104,559059.572],[171875.632,559071.189],[171869.007,559077.359],[171858.401,559091.503],[171853.69,559099.702],[171851.043,559104.073],[171844.859,559112.703],[171839.696,559119.909],[171836.535,559124.321],[171831.159,559130.023],[171821.998,559138.867],[171813.38,559147.711],[171807.662,559154.017],[171804.34,559156.152],[171803.091,559155.246],[171802.306,559153.775],[171803.756,559151.801],[171809.481,559146.583],[171812.917,559142.755],[171819.423,559135.506],[171825.28,559130.043],[171829.146,559126.437],[171834.483,559120.303],[171839.656,559113.765],[171841.951,559110.863],[171844.327,559106.29],[171847.186,559102.664],[171851.817,559095.472],[171854.737,559089.609],[171856.307,559086.708],[171861.563,559080.443],[171864.824,559075.466],[171869.375,559070.571],[171879.845,559060.739],[171888.885,559052.6],[171894.322,559047.503],[171896.013,559044.763],[171896.255,559043.253],[171894.724,559041.318],[171886.256,559034.24],[171854.975,559006.132],[171844.043,558996.308],[171819.517,558974.269],[171815.916,558971.506],[171813.431,558970.528],[171811.717,558970.942],[171810.501,558971.519],[171799.498,558985.751],[171790.9,558996.872],[171787.316,559000.921],[171782.281,559007.235],[171780.692,559009.463],[171773.093,559020.118],[171764.222,559030.698],[171754.585,559042.189],[171748.497,559049.232],[171745.013,559053.261],[171741.654,559058.724],[171739.705,559061.296],[171736.436,559065.611],[171734.543,559068.109],[171732.026,559070.789],[171728.946,559076.127],[171727.073,559079.653],[171726.308,559081.426],[171724.375,559082.01],[171723.429,559081.345],[171723.268,559079.593],[171715.355,559071.972],[171700.194,559058.112],[171688.779,559047.978],[171679.415,559039.134],[171669.367,559029.645],[171660.85,559021.909],[171652.756,559015.321],[171648.739,559011.887],[171642.755,559006.03],[171639.588,559002.931],[171634.197,558997.655],[171629.984,558993.905],[171625.252,558989.695],[171620.261,558985.761],[171619.333,558984.598],[171621.125,558983.167],[171631.273,558991.468],[171638.501,558998.056],[171645.323,559005.354],[171653.078,559011.755],[171662.319,559019.382],[171666.569,559023.299],[171676.294,559032.264],[171686.824,559041.652],[171696.449,559051.081],[171707.603,559061.496],[171715.798,559068.769],[171722.785,559075.296],[171723.832,559075.901],[171725.161,559075.921],[171726.244,559075.191],[171729.63,559070.502],[171737.966,559058.958],[171749.167,559044.172],[171755.594,559036.351],[171761.121,559029.625],[171768.588,559020.538],[171774.47,559012.38],[171779.423,559005.51],[171787.8,558994.711],[171792.149,558989.534],[171797.198,558983.062],[171801.323,558978.043],[171805.176,558973.356],[171807.974,558969.951],[171808.981,558967.856],[171809.102,558965.479],[171807.35,558963.464],[171799.941,558956.171],[171797.827,558954.278],[171796.941,558952.606],[171797.947,558949.765],[171803.777,558944.011],[171812.131,558934.176],[171819.169,558925.892],[171823.277,558921.056],[171824.122,558918.8],[171823.941,558916.866],[171822.733,558915.013],[171820.031,558913.382],[171816.83,558910.645],[171809.305,558904.209],[171802.292,558898.21],[171796.357,558893.134],[171787.759,558885.78],[171778.155,558878.024],[171774.136,558875.109],[171767.222,558868.938],[171758.463,558861.121],[171749.463,558853.498],[171746.685,558850.504],[171744.329,558847.966],[171739.93,558841.982],[171736.194,558836.341],[171732.912,558831.385],[171730.698,558828.504],[171728.302,558825.805],[171726.228,558824.012],[171720.731,558821.171],[171717.026,558819.519],[171714.59,558819.036],[171712.778,558819.277],[171711.227,558820.063],[171708.758,558822.172],[171707.039,558820.506],[171708.328,558819.177],[171709.254,558816.799],[171709.476,558815.006],[171711.429,558813.596],[171712.456,558814.765],[171714.248,558816.135],[171718.697,558817.827],[171725.172,558820.682],[171727.979,558822.581],[171730.154,558824.052],[171732.268,558826.147],[171734.675,558829.053],[171736.859,558832.634],[171740.905,558839.268],[171744.45,558843.795],[171747.994,558848.323],[171752.725,558852.277],[171759.499,558857.939],[171766.135,558864.083],[171773.634,558871.026],[171777.007,558873.612],[171783.878,558878.878],[171786.61,558881.216],[171794.524,558887.986],[171808.407,558899.863],[171818.238,558908.853],[171823.242,558912.907],[171826.342,558914.494],[171828.633,558914.6],[171830.571,558914.035],[171833.359,558911.905],[171847.272,558895.385],[171860.486,558879.696],[171868.238,558870.882],[171879.196,558857.379],[171883.072,558851.527],[171896.406,558834.844],[171911.014,558817.575],[171922.078,558804.495],[171930.428,558794.095],[171942.241,558781.114],[171952.909,558767.829],[171959.706,558759.364],[171963.832,558754.925],[171969.928,558748.367],[171971.83,558744.948],[171973.698,558743.784],[171977.221,558746.041],[171968.976,558755.066],[171962.487,558761.131],[171946.637,558779.886],[171931.204,558798.149],[171917.145,558815.777],[171898.161,558837.854],[171887.802,558850.37],[171885.441,558854.53],[171884.948,558856.963],[171884.917,558858.788],[171887.415,558860.03],[171893.228,558862.921],[171904.046,558871.206],[171920.853,558881.324],[171933.749,558889.821],[171945.941,558899.799],[171954.75,558905.334],[171962.589,558910.736],[171966.738,558913.112],[171970.888,558915.488],[171977.23,558919.119],[171980.754,558921.798],[172002.424,558934.667],[172003.701,558935.553]]]}},{"type":"Feature","properties":{"relatieveHoogteligging":0,"lokaalID":"G1900.6528e307f1014de2a518b09dd39ca81f","bgt_status":"bestaand","class":"waterloop","objecttype":"Waterdeel"},"geometry":{"type":"Polygon","coordinates":[[[171716.954,558647.797],[171712.973,558646.655],[171698.009,558642.363],[171693.117,558641.042],[171689.891,558639.963],[171686.028,558638.923],[171678.43,558637.025],[171676.674,558636.402],[171669.389,558633.946],[171663.452,558632.192],[171650.106,558629.132],[171635.544,558625.4],[171608.061,558617.022],[171602.247,558615.398],[171597.12,558613.613],[171597.772,558610.617],[171597.949,558610.535],[171598.447,558610.593],[171626.988,558619.122],[171666.579,558630.293],[171695.773,558638.501],[171717.752,558644.988],[171730.062,558648.621],[171767.986,558659.589],[171779.053,558662.935],[171786.308,558664.487],[171789.959,558665.584],[171798.135,558668.226],[171800.488,558669.096],[171803.018,558670.031],[171804.39,558670.435],[171805.439,558670.435],[171806.595,558670.049],[171808.008,558669.34],[171808.841,558668.754],[171809.607,558668.107],[171813.543,558663.558],[171817.647,558658.903],[171821.042,558654.417],[171825.577,558648.321],[171825.666,558648.178],[171825.729,558648.021],[171826.512,558645.496],[171827.334,558642.12],[171828.271,558639.166],[171828.896,558636.987],[171829.36,558635.239],[171829.696,558633.585],[171829.862,558633.409],[171832.75,558634.284],[171832.437,558635.743],[171831.722,558637.223],[171830.956,558639.001],[171830.236,558641.071],[171830.181,558641.357],[171830.161,558641.817],[171830.166,558641.966],[171830.216,558642.436],[171830.257,558642.632],[171830.447,558643.232],[171830.51,558643.386],[171830.598,558643.527],[171831.191,558644.323],[171830.964,558646.717],[171830.752,558646.76],[171830.634,558646.791],[171829.614,558647.131],[171829.388,558647.24],[171828.288,558647.95],[171828.136,558648.07],[171828.01,558648.217],[171827.915,558648.385],[171827.46,558649.416],[171827.244,558649.876],[171827.188,558650.027],[171826.771,558651.496],[171825.81,558653.519],[171822.88,558657.062],[171819.367,558661.289],[171815.997,558664.73],[171813.427,558667.5],[171813.347,558667.597],[171811.376,558670.347],[171809.429,558672.556],[171807.956,558674.04],[171806.574,558675.492],[171805.491,558676.517],[171805.359,558676.623],[171802.879,558676.306],[171802.879,558675.333],[171802.762,558674.529],[171802.43,558673.727],[171801.726,558672.976],[171800.427,558672.1],[171799.144,558671.522],[171790.116,558668.921],[171766.59,558662.118],[171760.725,558660.343],[171748.669,558656.858],[171734.095,558652.828],[171719.962,558648.66],[171716.954,558647.797]]]}},{"type":"Feature","properties":{"relatieveHoogteligging":0,"lokaalID":"G1900.0ad20b992d18457ca52314ed07e3fdb7","bgt_status":"bestaand","class":"waterloop","objecttype":"Waterdeel"},"geometry":{"type":"Polygon","coordinates":[[[171698.104,558801.579],[171696.543,558799.894],[171689.717,558792.274],[171686.33,558788.464],[171682.595,558785.198],[171678.447,558782.043],[171674.433,558778.51],[171671.709,558776.112],[171669.812,558774.035],[171655.533,558761.582],[171649.183,558756.872],[171645.055,558754.226],[171632.567,558744.49],[171624.1,558737.24],[171620.396,558733.906],[171618.015,558732.16],[171613.358,558729.938],[171610.236,558728.615],[171589.81,558721.894],[171574.623,558716.655],[171552.609,558708.771],[171535.464,558702.315],[171521.812,558697.764],[171515.938,558695.648],[171515.707,558695.054],[171515.936,558694.058],[171524.565,558696.946],[171545.758,558704.335],[171569.187,558712.503],[171600.283,558723.691],[171612.791,558727.755],[171617.982,558729.913],[171620.911,558731.878],[171628.521,558738.414],[171633.954,558743.08],[171641.991,558748.963],[171651.947,558756.252],[171660.624,558763.442],[171668.655,558770.547],[171675.595,558776.685],[171683.02,558782.643],[171690.151,558789.15],[171694.253,558793.548],[171694.703,558794.107],[171696.441,558795.895],[171697.902,558797.416],[171699.07,558798.554],[171700.033,558799.617],[171700.071,558799.655],[171701.017,558800.601],[171701.605,558801.322],[171701.673,558801.397],[171702.043,558801.767],[171702.196,558801.892],[171702.37,558801.985],[171702.559,558802.042],[171703.639,558802.252],[171703.818,558802.27],[171703.998,558802.256],[171704.172,558802.21],[171704.335,558802.133],[171705.035,558801.723],[171705.255,558801.549],[171706.124,558800.63],[171706.45,558800.285],[171749.848,558746.123],[171790.907,558691.794],[171798.08,558682.353],[171799.373,558680.723],[171800.873,558681.755],[171708.092,558801.908],[171706.609,558803.829],[171706.472,558804.069],[171706.292,558804.519],[171706.23,558804.747],[171706.224,558804.983],[171706.257,558805.329],[171706.287,558805.579],[171706.355,558805.841],[171708.035,558809.917],[171706.431,558811.164],[171705.804,558810.742],[171704.745,558809.524],[171703.687,558807.884],[171701.2,558804.921],[171698.104,558801.579]]]}},{"type":"Feature","properties":{"relatieveHoogteligging":0,"lokaalID":"W0653.cc9c676e19e444aaa963d4bae34a00b8","bgt_status":"bestaand","class":"waterloop","objecttype":"Waterdeel"},"geometry":{"type":"Polygon","coordinates":[[[171832.047,558625.553],[171859.964,558536.971],[171860.003,558536.787],[171860.007,558536.599],[171859.958,558535.913],[171859.93,558535.249],[171859.93,558534.71],[171859.907,558534.498],[171859.84,558534.296],[171859.59,558533.746],[171859.516,558533.612],[171859.422,558533.49],[171859.052,558533.08],[171858.837,558532.9],[171858.257,558532.54],[171858.003,558532.428],[171857.165,558532.19],[171856.084,558531.919],[171854.346,558531.576],[171852.231,558531.197],[171849.998,558530.774],[171833.12,558527.896],[171811.891,558523.763],[171799.582,558521.756],[171791.993,558520.191],[171768.933,558515.382],[171726.231,558508.776],[171720.993,558508.189],[171716.558,558507.494],[171711.271,558506.525],[171706.61,558505.714],[171701.174,558504.779],[171694.84,558503.368],[171689.488,558502.332],[171675.748,558499.146],[171675.08,558499.018],[171657.113,558495.473],[171632.125,558491.343],[171624.771,558490.581],[171618.97,558490.009],[171618.67,558489.976],[171615.175,558489.588],[171613.915,558489.327],[171611.795,558488.887],[171603.658,558487.367],[171597.289,558486.61],[171591.889,558486.452],[171574.446,558483.854],[171555.746,558480.357],[171522.666,558474.019],[171513.707,558472.148],[171497.88,558469.143],[171483.295,558466.774],[171477.028,558465.693],[171477.451,558463.454],[171494.244,558466.394],[171508.973,558469.074],[171525.675,558472.075],[171544.132,558475.347],[171548.126,558475.988],[171561.787,558478.12],[171576.335,558480.227],[171588.214,558482.473],[171588.338,558482.488],[171591.216,558482.667],[171596.683,558483.246],[171609.317,558484.35],[171621.668,558487.093],[171634.865,558489.536],[171641.234,558490.604],[171646.659,558491.633],[171652.439,558492.338],[171657.414,558493.353],[171663.513,558494.067],[171669.513,558495.396],[171694.614,558500.986],[171711.715,558503.865],[171727.677,558506.848],[171750.381,558510.357],[171777.932,558514.954],[171780.691,558515.494],[171782.97,558515.909],[171786.967,558516.517],[171789.074,558516.891],[171793.038,558517.775],[171796.91,558518.676],[171799.656,558519.293],[171802.981,558519.916],[171805.817,558520.658],[171805.92,558520.679],[171809.001,558521.144],[171812.745,558521.553],[171815.918,558521.941],[171819.28,558522.426],[171822.644,558523.101],[171826.006,558523.563],[171829.338,558524.423],[171833.314,558525.372],[171836.508,558526.157],[171840.512,558526.816],[171843.663,558527.371],[171847.022,558527.836],[171850.59,558528.558],[171853.415,558529.201],[171857.091,558529.932],[171859.502,558530.639],[171862.441,558531.387],[171865.762,558531.921],[171865.162,558535.143],[171864.472,558535.093],[171864.228,558535.105],[171863.828,558535.175],[171863.629,558535.231],[171863.446,558535.328],[171863.286,558535.46],[171863.158,558535.621],[171863.065,558535.806],[171862.925,558536.176],[171862.888,558536.297],[171862.693,558537.119],[171862.616,558537.588],[171862.498,558538.161],[171856.842,558557.942],[171840.133,558610.939],[171839.398,558614.333],[171838.872,558616.265],[171838.169,558617.954],[171837.507,558619.641],[171836.872,558621.29],[171836.337,558622.877],[171835.652,558624.428],[171835.089,558625.831],[171834.269,558627.244],[171834.095,558627.508],[171831.593,558626.884],[171832.047,558625.553]]]}},{"type":"Feature","properties":{"relatieveHoogteligging":0,"lokaalID":"G1900.e29e61b8909049438a4fe4f9fa305a34","bgt_status":"bestaand","class":"waterloop","objecttype":"Waterdeel"},"geometry":{"type":"Polygon","coordinates":[[[171170.721,558464.541],[171178.99,558466.27],[171178.87,558466.66],[171178.72,558467.36],[171178.5,558468.4],[171171.001,558498.514],[171169.892,558501.342],[171168.607,558503.829],[171167.313,558504.278],[171166.044,558504.278],[171164.879,558503.8],[171164.23,558503.16],[171164.134,558502.067],[171164.241,558500.76],[171166.673,558488.018],[171168.509,558479.065],[171170.181,558472.212],[171171.536,558466.787],[171171.644,558465.926],[171171.507,558465.303],[171171.263,558464.969],[171170.739,558464.556],[171170.721,558464.541]]]}},{"type":"Feature","properties":{"relatieveHoogteligging":0,"lokaalID":"G1900.6308811c4b0441d580afb16e0fa9b236","bgt_status":"bestaand","class":"waterloop","objecttype":"Waterdeel"},"geometry":{"type":"Polygon","coordinates":[[[171047.182,558440.417],[171042.207,558434.657],[171051.14,558426.941],[171045.146,558419.765],[171057.986,558408.392],[171058.344,558408.072],[171060.385,558406.522],[171062.218,558405.612],[171062.694,558405.537],[171086.022,558427.428],[171085.977,558428.586],[171085.795,558428.78],[171078.842,558436.224],[171074.24,558435.097],[171067.608,558441.28],[171068.549,558442.145],[171068.036,558442.704],[171056.97,558432.534],[171056.279,558432.5],[171053.051,558435.239],[171051.027,558437.141],[171048.2,558439.39],[171047.182,558440.417]]]}},{"type":"Feature","properties":{"relatieveHoogteligging":0,"lokaalID":"G1900.7aa848fc27d5404da89b7870b914996d","bgt_status":"bestaand","class":"waterloop","objecttype":"Waterdeel"},"geometry":{"type":"Polygon","coordinates":[[[171962.005,558538.024],[171963.223,558530.644],[171964.889,558524.238],[171966.123,558519.209],[171968.788,558512.221],[171970.547,558506.527],[171971.002,558502.601],[171971.383,558493.655],[171972.838,558477.347],[171973.926,558467.673],[171976.511,558451.444],[171976.785,558447.29],[171977.626,558441.61],[171978.757,558441.842],[171979.271,558442.073],[171979.765,558442.876],[171978.47,558448.696],[171977.258,558456.675],[171976.977,558457.92],[171976.393,558460.507],[171975.455,558469.285],[171974.554,558479.97],[171973.893,558484.443],[171973.131,558495.528],[171973.187,558500.775],[171973.209,558502.913],[171972.735,558505.592],[171972.374,558507.629],[171967.759,558519.841],[171966.969,558523.019],[171964.288,558536.447],[171963.719,558538.36],[171962.809,558538.32],[171962.005,558538.024]]]}},{"type":"Feature","properties":{"relatieveHoogteligging":0,"lokaalID":"G1900.d536bf0706244b5f8f79deab24d5f2d9","bgt_status":"bestaand","class":"waterloop","objecttype":"Waterdeel"},"geometry":{"type":"Polygon","coordinates":[[[171201.426,558640.86],[171197.921,558637.669],[171196.33,558636.957],[171195.032,558636.769],[171191.473,558637.669],[171188.689,558638.632],[171186.931,558638.905],[171186.428,558638.297],[171186.093,558637.355],[171186.344,558637.062],[171187.328,558636.015],[171189.212,558634.549],[171190.634,558633.886],[171191.055,558633.69],[171192.708,558633.083],[171194.425,558632.769],[171195.807,558632.748],[171196.958,558632.915],[171198.214,558633.23],[171199.658,558634.046],[171201.705,558635.475],[171214.673,558647.496],[171215.479,558648.449],[171215.479,558649.438],[171215.076,558650.134],[171214.16,558650.538],[171213.025,558650.538],[171211.779,558650.208],[171210.35,558649.182],[171207.127,558646.176],[171205.961,558645.081],[171202.798,558642.109],[171201.426,558640.86]]]}},{"type":"Feature","properties":{"relatieveHoogteligging":0,"lokaalID":"W0653.d44e613f1e254453ae92bfb206c8894e","bgt_status":"bestaand","class":"waterloop","objecttype":"Waterdeel"},"geometry":{"type":"Polygon","coordinates":[[[171616.745,559489.601],[171619.553,559486.25],[171623.704,559479.741],[171625.611,559476.486],[171644.069,559502.919],[171638.607,559499.273],[171634.696,559498.567],[171629.183,559498.888],[171626.036,559500.033],[171620.721,559501.966],[171618.508,559503.472],[171615.912,559505.237],[171607.874,559512.823],[171602.976,559517.89],[171600.568,559519.147],[171598.046,559521.784],[171594.492,559526.365],[171589.877,559530.689],[171581.011,559538.494],[171575.15,559544.248],[171570.498,559548.352],[171567.604,559550.588],[171564.563,559553.996],[171562.548,559556.341],[171560.497,559557.55],[171558.299,559560.042],[171555.199,559563.845],[171555.194,559565.687],[171553.862,559567.067],[171552.119,559566.953],[171552.117,559567.339],[171551.433,559567.477],[171549.151,559568.985],[171547.414,559570.765],[171544.211,559574.743],[171540.841,559578.618],[171538.873,559580.083],[171536.005,559582.408],[171533.912,559583.518],[171531.881,559584.271],[171530.144,559584.753],[171528.72,559584.795],[171527.004,559584.523],[171525.371,559584.062],[171523.466,559583.245],[171521.561,559581.465],[171518.337,559578.073],[171514.307,559573.408],[171513.774,559572.791],[171505.605,559564.435],[171505.516,559564.335],[171497.765,559555.677],[171493.149,559550.29],[171490.402,559547.542],[171485.679,559543.399],[171483.753,559542.101],[171481.618,559542.059],[171479.671,559542.31],[171478.268,559542.981],[171477.18,559544.069],[171475.271,559546.243],[171474.108,559545.284],[171472.622,559544.035],[171472.539,559543.965],[171471.075,559542.734],[171470.95,559542.845],[171469.872,559541.921],[171469.963,559541.798],[171474.431,559535.784],[171475.948,559533.742],[171477.959,559531.727],[171479.801,559530.553],[171481.573,559530.208],[171483.577,559530.208],[171485.465,559530.899],[171489.459,559532.878],[171493.129,559535.758],[171496.409,559539.687],[171501.412,559545.758],[171512.637,559557.971],[171527.056,559572.97],[171528.362,559573.497],[171530.524,559573.57],[171532.319,559573.203],[171534.114,559571.811],[171550.855,559554.541],[171568.357,559536.906],[171584.384,559522.091],[171596.179,559511.446],[171604.642,559503.429],[171617.426,559490.526],[171616.745,559489.601]]]}},{"type":"Feature","properties":{"relatieveHoogteligging":0,"lokaalID":"G1900.6795d8f9aab2416da851c89309f645ff","bgt_status":"bestaand","class":"waterloop","objecttype":"Waterdeel"},"geometry":{"type":"Polygon","coordinates":[[[171187.168,558536.886],[171187.815,558536.552],[171188.155,558536.793],[171188.517,558537.156],[171188.735,558537.772],[171189.228,558539.277],[171189.544,558540.24],[171192.359,558548.826],[171193.011,558549.805],[171193.773,558550.276],[171204.211,558554.19],[171217.113,558559.518],[171222.803,558561.511],[171224.761,558561.946],[171225.701,558561.946],[171226.21,558561.946],[171226.928,558562.036],[171229.69,558562.381],[171230.125,558562.626],[171234.539,558565.104],[171240.219,558568.725],[171245.547,558571.44],[171248.999,558573.199],[171253.248,558574.921],[171254.335,558575.356],[171254.588,558576.046],[171254.213,558577.008],[171253.32,558579.303],[171253.318,558579.309],[171245.492,558575.827],[171239.729,558572.529],[171234.438,558569.231],[171230.668,558567.238],[171230.022,558566.915],[171227.479,558565.643],[171221.897,558563.758],[171213.67,558560.714],[171192.613,558553.357],[171185.194,558542.461],[171185.11,558542.339],[171184.223,558541.834],[171183.675,558542.114],[171183.238,558542.337],[171182.105,558540.691],[171182.105,558539.786],[171185.632,558537.681],[171187.168,558536.886]]]}},{"type":"Feature","properties":{"relatieveHoogteligging":0,"lokaalID":"G1900.93f70cd3de0a4f96ada9f10c4ddb6ea0","bgt_status":"bestaand","class":"waterloop","objecttype":"Waterdeel"},"geometry":{"type":"Polygon","coordinates":[[[171353.063,560022.682],[171342.84,560025.519],[171307.309,560037.702],[171266.373,560053.479],[171233.913,560068.169],[171211.993,560078.887],[171206.612,560081.38],[171204.063,560079.822],[171187.369,560070.559],[171171.578,560061.456],[171159.835,560054.446],[171142.303,560044.016],[171139.033,560042.052],[171134.671,560039.431],[171110.267,560025.179],[171105.152,560022.333],[171065.643,559999.456],[171061.066,559996.787],[171060.899,559996.36],[171060.802,559995.913],[171060.777,559995.456],[171060.825,559995],[171060.945,559994.558],[171061.132,559994.141],[171061.384,559993.758],[171061.977,559993.021],[171064.248,559990.195],[171075.73,559979.653],[171076.1,559979.414],[171076.534,559979.333],[171076.966,559979.422],[171077.332,559979.667],[171077.577,559980.033],[171077.667,559980.465],[171077.586,559980.898],[171077.347,559981.269],[171063.886,559993.717],[171063.825,559993.786],[171063.77,559993.86],[171063.72,559993.937],[171063.676,559994.018],[171063.584,559994.263],[171063.544,559994.522],[171063.557,559994.784],[171063.624,559995.037],[171064.469,559995.52],[171064.632,559995.613],[171072.111,559999.884],[171090.501,560010.336],[171121.662,560027.783],[171131.17,560033.382],[171154.14,560046.452],[171167.238,560053.95],[171179.436,560061.516],[171191.481,560068.186],[171204.027,560075.58],[171207.195,560077.349],[171207.761,560077.322],[171208.589,560076.934],[171229.65,560066.599],[171263.399,560051.558],[171299.822,560037.069],[171326.452,560028.001],[171352.54,560019.589],[171353.063,560022.682]]]}},{"type":"Feature","properties":{"relatieveHoogteligging":0,"lokaalID":"G1900.eca1c6904f3a423e9489879d5fa5b73a","bgt_status":"bestaand","class":"waterloop","objecttype":"Waterdeel"},"geometry":{"type":"Polygon","coordinates":[[[171063.886,559963.338],[171094.49,559934.86],[171097.295,559932.028],[171099.996,559929.106],[171102.595,559926.092],[171126.004,559896.527],[171126.115,559896.352],[171128.154,559894.848],[171128.904,559894.732],[171129.768,559897.367],[171128.608,559898.006],[171117.332,559911.604],[171107.374,559924.922],[171102.871,559930.323],[171098.174,559935.569],[171093.306,559940.636],[171066.963,559964.786],[171065.901,559965.777],[171064.954,559965.556],[171064.16,559964.524],[171063.886,559963.338]]]}},{"type":"Feature","properties":{"relatieveHoogteligging":0,"lokaalID":"L0001.fcaa9d2436b74f798315f33406c1361b","bgt_status":"bestaand","class":"waterloop","objecttype":"Waterdeel"},"geometry":{"type":"Polygon","coordinates":[[[171058.404,559972.771],[171047.772,559982.691],[171045.912,559984.179],[171042.142,559987.193],[171041.798,559987.384],[171035.511,559993.375],[171029.147,559999.266],[171016.053,560011.391],[171001.32,560027.248],[170999.855,560028.856],[170997.414,560026.516],[170998.581,560025.331],[171000.719,560023.116],[171011.19,560012.272],[171023.618,560000.733],[171043.597,559982.181],[171056.284,559970.402],[171057.135,559970.556],[171058.286,559971.707],[171058.404,559972.771]]]}},{"type":"Feature","properties":{"relatieveHoogteligging":0,"lokaalID":"W0653.3bf434a9d8634698a928a76bb3c8fef6","bgt_status":"bestaand","class":"waterloop","objecttype":"Waterdeel"},"geometry":{"type":"Polygon","coordinates":[[[171153.965,559897.958],[171153.406,559897.788],[171152.775,559897.527],[171152.541,559897.366],[171152.342,559897.236],[171152.161,559896.895],[171152.146,559896.505],[171152.353,559896.064],[171152.551,559895.931],[171153.096,559895.644],[171153.488,559895.518],[171153.942,559895.506],[171155.772,559896.004],[171165.943,559899.516],[171172.967,559901.756],[171176.378,559902.673],[171179.912,559903.567],[171183.502,559904.184],[171186.177,559904.575],[171197.656,559905.311],[171205.886,559905.753],[171213.744,559905.865],[171216.942,559905.671],[171220.18,559905.466],[171224.225,559905.145],[171243.051,559902.376],[171248.324,559901.618],[171257.739,559900.58],[171265.101,559899.834],[171269.08,559899.444],[171273.472,559899.278],[171275.846,559899.427],[171278.998,559899.946],[171280.618,559900.539],[171281.541,559901.069],[171283.818,559902.677],[171288.812,559907.237],[171290.109,559908.924],[171292.544,559912.247],[171297.321,559917.819],[171298.253,559918.383],[171303.851,559922.996],[171304.628,559923.812],[171315.456,559928.24],[171324.817,559933.035],[171327.771,559934.489],[171327.686,559936.196],[171327.628,559937.363],[171327.229,559937.359],[171326.657,559937.291],[171326.207,559937.141],[171325.422,559936.656],[171323.234,559935.369],[171320.326,559933.621],[171316.453,559931.406],[171313.853,559929.97],[171311.438,559928.959],[171308.499,559927.855],[171306.66,559927.247],[171304.399,559926.256],[171302.021,559924.799],[171298.085,559921.805],[171296.295,559920.301],[171294.584,559918.745],[171292.492,559916.569],[171290.683,559914.442],[171287.777,559910.295],[171286.27,559908.588],[171283.97,559905.979],[171282.166,559904.711],[171280.937,559903.904],[171279.692,559903.059],[171278.272,559902.49],[171276.557,559901.847],[171273.664,559901.34],[171270.713,559901.23],[171267.622,559901.37],[171263.002,559901.96],[171254.558,559902.781],[171243.853,559904.093],[171237.682,559904.989],[171228.86,559906.434],[171225.548,559906.864],[171221.02,559907.192],[171215.559,559907.656],[171209.252,559907.867],[171204.283,559907.641],[171198.948,559907.459],[171194.176,559906.956],[171188.458,559906.875],[171183.666,559906.15],[171178.652,559905.505],[171174.887,559904.478],[171170.9,559903.37],[171166.632,559902.1],[171165.632,559901.741],[171165.147,559901.823],[171164.568,559901.975],[171161.684,559901.081],[171161.783,559900.819],[171161.791,559900.595],[171161.691,559900.355],[171158.696,559899.399],[171153.965,559897.958]]]}},{"type":"Feature","properties":{"relatieveHoogteligging":0,"lokaalID":"G1900.46a6bf992f374241827441206efa192b","bgt_status":"bestaand","class":"waterloop","objecttype":"Waterdeel"},"geometry":{"type":"Polygon","coordinates":[[[171103.965,558537.447],[171102.096,558536.971],[171101.217,558537.851],[171100.338,558539.023],[171100.191,558540.049],[171100.155,558541.955],[171101.071,558544.41],[171102.646,558546.975],[171105.21,558550.164],[171107.718,558553.979],[171115.197,558566.788],[171122.423,558576.982],[171129.154,558592.985],[171129.932,558594.248],[171135.317,558602.553],[171143.294,558613.684],[171145.969,558617.202],[171151.024,558620.94],[171153.561,558623.084],[171156.125,558628.69],[171158.689,558632.612],[171163.415,558637.376],[171166.382,558641.81],[171170.265,558645.071],[171172.354,558646.244],[171174.405,558647.123],[171176.31,558647.417],[171179.021,558647.6],[171182.647,558648.553],[171184.736,558650.238],[171185.798,558652.364],[171186.091,558654.269],[171187.043,558656.651],[171189.022,558659.766],[171190.036,558660.738],[171192.802,558663.392],[171195.732,558665.737],[171198.223,558665.778],[171200.488,558667.668],[171204.718,558671.066],[171215.152,558679.449],[171218.47,558682.257],[171214.934,558684.688],[171213.532,558685.505],[171212.653,558687.285],[171213.071,558689.379],[171214.892,558692.353],[171217.97,558695.954],[171220.147,558697.232],[171222.303,558697.546],[171223.559,558699.033],[171225.97,558700.108],[171228.876,558702.213],[171231.498,558710.178],[171234.795,558716.188],[171236.689,558722.74],[171242.037,558730.189],[171246.387,558737.092],[171249.1,558742.643],[171250.606,558746.074],[171250.763,558746.432],[171255.345,558757.111],[171256.215,558759.138],[171258.33,558767.603],[171262.788,558773.32],[171263.461,558774.416],[171263.66,558777.204],[171266.646,558781.867],[171269.467,558789.05],[171271.005,558795.271],[171271.729,558795.93],[171273.592,558795.176],[171274.22,558795.407],[171276.25,558799.846],[171277.275,558800.491],[171276.258,558801.834],[171272.839,558806.749],[171271.898,558806.194],[171269.993,558805.388],[171267.466,558805.352],[171264.938,558807.037],[171262.96,558810.665],[171262.062,558813.45],[171261.549,558815.695],[171260.716,558819.863],[171259.37,558825.571],[171259.37,558830.509],[171259.113,558837.307],[171258.472,558841.652],[171256.368,558847.103],[171255.149,558849.604],[171253.931,558853.324],[171253.483,558856.145],[171247.564,558826.429],[171243.169,558804.364],[171227.456,558751.988],[171184.058,558685.022],[171124.2,558613.94],[171112.753,558598.901],[171066.96,558538.742],[170997.749,558472.898],[170938.505,558416.08],[170933.775,558411.543],[170912.27,558384.61],[170913.417,558384.093],[170914.548,558383.579],[170920.899,558388.237],[170922.641,558390.285],[170924.425,558393.01],[170927.901,558398.316],[170930.685,558402.31],[170933.469,558405.792],[170936.065,558407.927],[170939.257,558409.493],[170945.26,558411.45],[170946.64,558411.8],[170948.32,558412.1],[170948.73,558412.25],[170950.13,558412.13],[170952.25,558411.71],[170953.98,558411.6],[170955.78,558411.24],[170957.23,558410.65],[170958.42,558409.9],[170959.17,558409.22],[170959.71,558408.71],[170960.12,558408.52],[170960.55,558408.83],[170962.35,558409.92],[170962.867,558410.53],[170963.535,558411.51],[170963.74,558412.11],[170963.99,558413.19],[170964.33,558414.24],[170965.5,558415.19],[170966.53,558415.76],[170967.98,558416.48],[170969.02,558416.88],[170970.41,558417.26],[170971.34,558417.39],[170972.22,558417.59],[170973.18,558417.85],[170974.2,558417.7],[170975.31,558417.34],[170976.37,558416.86],[170977.32,558416.2],[170978.66,558415.6],[170979.46,558415.04],[170980.65,558414.61],[170981.63,558414.05],[170982.34,558413.5],[170984.41,558412.54],[170985.985,558411.752],[170987.752,558412.024],[170990.207,558411.841],[170992.075,558410.925],[170993.797,558408.946],[170996.617,558407.627],[170999.255,558405.831],[171001.196,558405.318],[171003.372,558405.389],[171004.52,558406.7],[171005.49,558407.73],[171009.401,558412.293],[171011.794,558415.085],[171012.87,558416.34],[171013.18,558416.68],[171017.98,558422.21],[171018.35,558422.57],[171023.03,558428],[171023.12,558428.1],[171023.4,558428.41],[171024.809,558430.074],[171028.27,558434.16],[171028.586,558434.52],[171029.398,558435.446],[171033.43,558440.04],[171034.543,558441.275],[171042.207,558434.657],[171047.182,558440.417],[171046.869,558442.734],[171046.943,558444.237],[171046.1,558446.802],[171045.184,558450.064],[171045.807,558452.336],[171045.88,558455.488],[171045.184,558457.943],[171045.367,558460.179],[171046.466,558461.131],[171049.141,558462.194],[171051.156,558462.78],[171055.002,558462.377],[171059.252,558461.388],[171061.194,558462.121],[171062.622,558462.927],[171063.355,558463.917],[171064.637,558464.026],[171067.055,558463.99],[171067.934,558465.236],[171068.301,558466.555],[171069.766,558467.032],[171070.865,558466.922],[171070.618,558468.012],[171070.435,558468.781],[171071.277,558469.991],[171074.391,558472.923],[171077.249,558477.577],[171078.86,558480.105],[171078.965,558481.702],[171078.599,558484.011],[171080.101,558484.854],[171082.848,558483.901],[171087.647,558487.273],[171088.966,558488.629],[171091.86,558486.87],[171096.69,558484.56],[171103.484,558491.191],[171106.31,558493.65],[171106.83,558494.05],[171107.904,558495.194],[171112.264,558499.837],[171111.299,558501.511],[171109.84,558503.392],[171108.484,558503.758],[171106.946,558503.612],[171105.956,558503.099],[171104.894,558502.732],[171103.319,558503.465],[171102.037,558505.187],[171101.597,558506.617],[171100.901,558507.313],[171099.179,558507.826],[171098.19,558507.826],[171097.018,558508.339],[171096.505,558509.732],[171096.652,558510.941],[171097.274,558511.778],[171097.022,558518.209],[171102.635,558518.429],[171102.583,558519.759],[171096.97,558519.54],[171096.662,558527.398],[171098.021,558529.669],[171099.559,558531.208],[171101.547,558532.94],[171104.175,558534.736],[171105.173,558535.982],[171104.551,558536.971],[171103.965,558537.447]]]}},{"type":"Feature","properties":{"relatieveHoogteligging":0,"lokaalID":"G1900.25b9a55207d340868f7c55d66da73f28","bgt_status":"bestaand","class":"waterloop","objecttype":"Waterdeel"},"geometry":{"type":"Polygon","coordinates":[[[170630.156,559392.672],[170626.695,559394.992],[170625.287,559396.621],[170624.198,559394.611],[170623.71,559393.71],[170623.601,559393.549],[170623.839,559393.597],[170625.304,559392.318],[170625.97,559391.784],[170627.879,559390.253],[170628.294,559389.973],[170628.445,559390.182],[170628.701,559390.554],[170629.011,559391.006],[170629.803,559392.158],[170630.156,559392.672]]]}},{"type":"Feature","properties":{"relatieveHoogteligging":0,"lokaalID":"G1900.92bf3c344c07471c80315e52e6153420","bgt_status":"bestaand","class":"waterloop","objecttype":"Waterdeel"},"geometry":{"type":"Polygon","coordinates":[[[169902.842,559417.435],[169901.804,559415.447],[169912.404,559410.089],[169913.879,559409.269],[169916.134,559406.603],[169918.265,559405.208],[169921.298,559403.937],[169929.373,559400.41],[169935.686,559397.497],[169942.449,559393.888],[169947.655,559390.115],[169952.246,559386.834],[169955.197,559385.275],[169958.107,559384.865],[169960.977,559384.947],[169963.231,559384.25],[169963.723,559382.978],[169965.69,559379.697],[169967.453,559377.687],[169970.076,559375.883],[169982.701,559369.854],[170001.884,559359.846],[170028.159,559347.378],[170056.652,559333.185],[170065.178,559328.618],[170066.449,559328.685],[170067.373,559329.341],[170067.507,559330.292],[170067.011,559330.747],[170065.154,559331.564],[170053.015,559337.5],[170042.112,559343.16],[170031.66,559348.205],[170016.248,559355.587],[170008.787,559359.073],[169999.155,559363.544],[169990.875,559368.22],[169981.406,559372.895],[169973.536,559376.218],[169970.462,559378.063],[169968.29,559379.827],[169966.732,559382.37],[169965.584,559385.118],[169965.297,559387.415],[169965.748,559390.368],[169967.88,559396.561],[169970.052,559401.278],[169973.454,559407.102],[169978.301,559415.551],[169991.715,559441.175],[170005.694,559467.945],[170012.037,559479.258],[170020.574,559494.546],[170031.09,559513.8],[170036.87,559525.161],[170038.837,559529.468],[170038.96,559532.421],[170037.115,559537.63],[170035.312,559543.249],[170034.328,559548.868],[170032.894,559554.774],[170030.762,559558.342],[170029.327,559560.516],[170024.573,559565.602],[170018.178,559572.41],[170008.382,559583.197],[170003.381,559589.718],[169997.232,559597.839],[169992.027,559605.181],[169990.141,559609.077],[169989.567,559611.825],[169989.345,559615.188],[169989.298,559620.087],[169989.229,559625.731],[169989.276,559629.598],[169989.473,559632.182],[169989.393,559633.682],[169989.072,559634.874],[169988.282,559635.825],[169987.262,559636.344],[169985.903,559636.719],[169981.523,559638.196],[169975.761,559640.094],[169969.554,559642.555],[169964.682,559644.922],[169961.895,559646.117],[169960.607,559646.609],[169960.138,559646.375],[169959.927,559645.836],[169961.122,559644.758],[169967.75,559641.571],[169972.458,559639.602],[169981.734,559636.625],[169985.505,559635.008],[169986.981,559633.789],[169987.449,559632.571],[169987.689,559629.36],[169987.648,559621.649],[169987.197,559614.308],[169987.894,559610.575],[169989.247,559606.761],[169991.009,559603.234],[169997.732,559594.005],[170003.798,559584.9],[170008.758,559579.732],[170015.808,559572.432],[170021.096,559565.746],[170026.219,559560.865],[170029.253,559557.092],[170030.851,559553.606],[170031.917,559547.002],[170032.573,559542.368],[170035.155,559535.108],[170036.344,559531.253],[170036.221,559529.202],[170034.499,559525.839],[170030.195,559518.087],[170026.056,559509.515],[170022.161,559502.215],[170016.034,559491.171],[170011.718,559483.989],[170010.54,559482.114],[170009.67,559481.685],[170008.265,559481.35],[170006.953,559481.069],[170006.618,559480.721],[170006.739,559479.007],[170006.589,559475.911],[170004.581,559471.03],[169994.488,559453.021],[169984.517,559433.211],[169973.327,559411.535],[169968.101,559401.684],[169964.74,559393.85],[169962.983,559389.491],[169961.835,559387.358],[169959.985,559386.467],[169958.088,559386.491],[169956.331,559386.608],[169953.848,559387.334],[169951.904,559388.506],[169948.508,559391.272],[169944.661,559393.867],[169942.242,559395.303],[169938.84,559397.149],[169933.225,559399.897],[169928.429,559402.193],[169923.633,559404.449],[169919.247,559406.336],[169917.689,559407.771],[169915.107,559410.232],[169912.361,559412.365],[169908.467,559414.621],[169902.842,559417.435]]]}},{"type":"Feature","properties":{"relatieveHoogteligging":0,"lokaalID":"G1900.30a55782f91a4c1481813f5755a2c7cd","bgt_status":"bestaand","class":"waterloop","objecttype":"Waterdeel"},"geometry":{"type":"Polygon","coordinates":[[[172828.744,558227.499],[172827.771,558228.511],[172822.45,558234.178],[172816.998,558240.039],[172812.675,558244.791],[172808.44,558248.801],[172802.44,558255.611],[172798.334,558261.278],[172794.237,558267.354],[172794.178,558267.454],[172791.189,558273.239],[172787.876,558278.684],[172785.852,558281.684],[172781.213,558280.642],[172782.205,558279.782],[172783.462,558278.063],[172796.361,558257.822],[172799.932,558253.126],[172826.325,558224.418],[172827.29,558223.884],[172834.121,558216.282],[172840.028,558210.148],[172840.986,558208.171],[172841.366,558207.622],[172841.805,558214.298],[172839.879,558215.687],[172828.744,558227.499]]]}},{"type":"Feature","properties":{"relatieveHoogteligging":0,"lokaalID":"G1900.49cd15805eab4f098fb08e6fc57dd794","bgt_status":"bestaand","class":"waterloop","plus_type":"sloot","objecttype":"Waterdeel"},"geometry":{"type":"Polygon","coordinates":[[[172839.712,558153.585],[172840.223,558162.837],[172840.733,558171.579],[172842.073,558179.747],[172842.584,558188.807],[172843.413,558197.103],[172843.86,558203.611],[172844.37,558209.163],[172845.072,558215.544],[172845.71,558223.52],[172845.902,558227.859],[172845.647,558232.389],[172845.328,558238.77],[172844.179,558246.619],[172843.222,558250.894],[172841.563,558259.189],[172840.669,558261.741],[172840.159,558262.635],[172839.329,558263.081],[172839.074,558262.826],[172839.074,558261.678],[172839.202,558260.465],[172839.457,558257.913],[172840.988,558252.298],[172841.754,558247.959],[172842.807,558242.006],[172843.732,558237.175],[172843.924,558233.155],[172844.051,558229.901],[172843.946,558223.2],[172843.686,558219.48],[172843.222,558215.48],[172842.839,558213.948],[172841.805,558214.298],[172841.366,558207.622],[172841.755,558207.249],[172842.311,558206.388],[172842.055,558200.453],[172841.354,558192.349],[172840.843,558184.565],[172840.141,558178.439],[172839.503,558171.484],[172838.865,558166.315],[172838.099,558154.83],[172836.632,558140.792],[172835.994,558133.007],[172835.611,558127.966],[172835.164,558124.201],[172834.59,558120.883],[172834.207,558118.458],[172834.207,558116.289],[172833.637,558112.79],[172832.893,558109.135],[172832.126,558106.744],[172831.833,558105.864],[172831.991,558105.436],[172832.126,558105.007],[172832.509,558104.984],[172832.916,558105.368],[172833.931,558108.368],[172834.735,558110.896],[172835.501,558114.406],[172835.692,558117.915],[172836.522,558121.17],[172837.479,558129.465],[172838.436,558140.121],[172839.712,558153.585]]]}},{"type":"Feature","properties":{"relatieveHoogteligging":0,"lokaalID":"G1900.4483fc1be37c47b69b003a550ca17f27","bgt_status":"bestaand","class":"waterloop","objecttype":"Waterdeel"},"geometry":{"type":"Polygon","coordinates":[[[172871.607,558099.597],[172871.778,558104.398],[172874.315,558111.044],[172878.323,558113.944],[172892.197,558125.42],[172904.039,558135.789],[172903.737,558137.199],[172903.173,558137.441],[172902.513,558137.381],[172873.082,558113.512],[172869.258,558108.329],[172868.95,558099.691],[172871.607,558099.597]]]}},{"type":"Feature","properties":{"relatieveHoogteligging":0,"lokaalID":"G1900.5c75f31fe5ef4b078b184ba0c5dbcf25","bgt_status":"bestaand","class":"waterloop","objecttype":"Waterdeel"},"geometry":{"type":"Polygon","coordinates":[[[172963.949,558359.748],[172950.599,558375.029],[172945.283,558381.113],[172945.104,558381.246],[172944.153,558381.95],[172942.532,558380.717],[172943.464,558379.826],[172943.695,558379.606],[172960.473,558359.326],[172983.734,558332.455],[173007.457,558305.05],[173023.521,558286.492],[173031.273,558277.536],[173032.401,558276.444],[173033.423,558276.867],[173034.163,558278.312],[173033.564,558279.793],[173028.102,558285.469],[172989.897,558330.049],[172963.949,558359.748]]]}},{"type":"Feature","properties":{"relatieveHoogteligging":0,"lokaalID":"G1900.dd6c8b2d5bb04128b094b6591ad7a01e","bgt_status":"bestaand","class":"waterloop","objecttype":"Waterdeel"},"geometry":{"type":"Polygon","coordinates":[[[172942.36,558359.659],[172941.744,558360.047],[172941.215,558359.571],[172940.792,558358.337],[172946.361,558351.798],[172959.343,558336.494],[172973.79,558319.124],[172994.685,558295.668],[173006.242,558282.693],[173016.707,558269.895],[173019.491,558266.899],[173022.066,558268.287],[173014.17,558277.44],[172954.1,558347.073],[172942.36,558359.659]]]}},{"type":"Feature","properties":{"relatieveHoogteligging":0,"lokaalID":"W0653.bc59e219fd274bb38077cd35774ccaaf","bgt_status":"bestaand","class":"waterloop","objecttype":"Waterdeel"},"geometry":{"type":"Polygon","coordinates":[[[172908.927,558137.755],[172915.688,558129.635],[172924.226,558119.965],[172933.147,558109.802],[172941.395,558100.607],[172952.994,558087.708],[172960.78,558079.198],[172967.71,558071.124],[172972.421,558066.055],[172980.362,558057.288],[172987.811,558049.861],[173000.382,558036.111],[173000.726,558035.748],[173033.523,558000.527],[173037.117,557996.466],[173039.22,557993.829],[173042.871,557989.251],[173047.522,557983.852],[173054.71,557975.617],[173062.46,557967.202],[173067.536,557962.093],[173068.765,557962.401],[173069.172,557962.974],[173069.212,557963.461],[173066.323,557966.481],[173061.015,557972.007],[173053.943,557979.368],[173045.482,557989.055],[173036.994,557999.323],[172999.271,558039.946],[172998.905,558040.332],[172980.577,558060.425],[172975.186,558065.754],[172961.529,558080.958],[172953.119,558089.983],[172945.836,558098.647],[172937.432,558107.588],[172932.494,558112.857],[172929.641,558116.206],[172925.482,558121.622],[172917.913,558130.445],[172913.932,558135.017],[172909.921,558138.46],[172902.611,558146.569],[172895.005,558154.175],[172894.909,558154.272],[172889.476,558159.751],[172887.61,558161.633],[172882.666,558166.725],[172882.628,558166.754],[172880.973,558168.016],[172881.19,558173.663],[172883.579,558202.116],[172885.001,558219.223],[172886.157,558234.327],[172886.524,558238.523],[172886.972,558239.201],[172887.845,558239.693],[172888.702,558239.82],[172889.591,558239.645],[172892.179,558236.756],[172893.354,558235.406],[172897.926,558230.469],[172904.323,558223.198],[172910.584,558216.427],[172914.443,558212.318],[172918.482,558208.547],[172920.378,558206.65],[172923.483,558203.098],[172927.801,558197.513],[172932.642,558191.83],[172936.935,558186.79],[172941.465,558181.724],[172942.982,558180.104],[172945.331,558178.499],[172946.527,558177.46],[172947.879,558177.177],[172948.479,558177.437],[172950.63,558178.948],[172952.91,558180.94],[172969.634,558197.695],[172975.89,558204.356],[172980.314,558209.11],[172981.336,558210.209],[172983.952,558212.922],[172985.327,558214.349],[172986.903,558215.194],[172988.732,558215.493],[172990.108,558215.079],[172991.802,558213.104],[172995.382,558208.291],[172998.061,558205.251],[173000.339,558202.678],[173005.096,558197.196],[173008.05,558192.577],[173009.859,558190.173],[173011.521,558188.426],[173036.057,558161.234],[173039.592,558157.038],[173046.653,558149.15],[173054.363,558140.534],[173061.456,558132.414],[173067.031,558126.647],[173073.857,558118.666],[173079.767,558111.755],[173092.387,558098.431],[173094.352,558096.216],[173100.946,558088.706],[173107.16,558081.858],[173113.797,558074.545],[173121.868,558065.652],[173126.684,558060.506],[173135.733,558050.589],[173138.196,558048.038],[173143.676,558042.363],[173154.281,558030.95],[173155.528,558031.5],[173155.817,558031.871],[173156.02,558032.132],[173139.698,558050.528],[173131.467,558059.389],[173120.952,558070.708],[173115.291,558076.854],[173107.524,558085.634],[173091.627,558103.669],[173080.547,558116.24],[173072.744,558125.093],[173063.068,558136.07],[173049.278,558151.271],[173030.577,558172.281],[173024.509,558178.299],[173017.543,558185.802],[173015.513,558188.35],[173010.508,558194.633],[173006.727,558200.341],[172998.383,558210.316],[172995.618,558214.08],[172993.168,558217.625],[172992.241,558219.559],[172992.183,558221.609],[172993.437,558223.661],[172996.663,558226.006],[172998.519,558227.063],[173004.386,558230.826],[173007.747,558234.08],[173010.083,558237.464],[173012.224,558240.308],[173014.009,558243.166],[173016.061,558245.409],[173017.297,558246.894],[173021.693,558251.411],[173024.96,558254.881],[173025.125,558254.996],[173025.309,558255.075],[173026.181,558255.351],[173024.02,558258.592],[173022.875,558257.546],[173020.765,558255.952],[173015.651,558250.45],[173009.561,558241.814],[173007.362,558238.398],[173001.559,558232.606],[172996.537,558229.628],[172993.979,558228.152],[172992.068,558226.999],[172989.655,558224.07],[172985.596,558218.785],[172981.864,558214.535],[172976.365,558208.43],[172973.965,558205.765],[172971.211,558202.707],[172967.724,558199.025],[172964.221,558195.903],[172959.938,558191.915],[172955.979,558187.825],[172949.682,558181.422],[172948.591,558180.733],[172947.545,558180.636],[172946.452,558180.76],[172945.566,558181.285],[172945.424,558181.413],[172929.626,558198.571],[172916.512,558212.696],[172910.551,558218.996],[172910.409,558219.166],[172907.625,558222.514],[172902.858,558228.247],[172895.647,558236.762],[172895.359,558237.102],[172892.57,558240.913],[172892.743,558242.47],[172893.756,558244.351],[172902.148,558255.347],[172907.068,558263.016],[172911.843,558277.196],[172914.303,558297.164],[172916.473,558321.183],[172918.919,558346.227],[172920.635,558371.176],[172920.734,558372.616],[172921.175,558374.235],[172922.696,558375.608],[172925.344,558376.148],[172937.66,558362.512],[172938.636,558363.108],[172925.219,558379.581],[172922.24,558378.987],[172921.556,558378.764],[172919.02,558377.569],[172917.19,558375.675],[172916.991,558375.469],[172916.295,558373.587],[172913.249,558340.284],[172912.558,558332.539],[172910.701,558311.726],[172908.45,558286.653],[172907.64,558281.334],[172907.564,558280.831],[172906.519,558276.047],[172904.682,558270.396],[172902.2,558264.959],[172899.839,558260.601],[172898.588,558258.715],[172889.036,558247.343],[172887.919,558245.729],[172887.124,558244.582],[172885.849,558242.776],[172885.212,558241.289],[172882.132,558206.452],[172880.751,558188.714],[172879.052,558168.853],[172881.697,558165.745],[172881.766,558165.664],[172888.986,558158.245],[172894.504,558152.575],[172908.927,558137.755]]]}},{"type":"Feature","properties":{"relatieveHoogteligging":0,"lokaalID":"W0653.5186843064924e44ae3ae23608f1d821","bgt_status":"bestaand","class":"waterloop","objecttype":"Waterdeel"},"geometry":{"type":"Polygon","coordinates":[[[172866.836,558031.495],[172867.378,558031.433],[172868.1,558031.487],[172868.575,558031.547],[172868.7,558031.598],[172868.866,558031.838],[172869.611,558043.591],[172871.708,558081.246],[172871.241,558091.11],[172871.203,558091.616],[172871.026,558092.096],[172870.748,558092.496],[172870.478,558092.717],[172869.721,558092.944],[172868.919,558092.796],[172868.558,558092.4],[172868.249,558090.584],[172866.836,558031.495]]]}},{"type":"Feature","properties":{"relatieveHoogteligging":0,"lokaalID":"G1900.ef5a33ac3746406bb4e825c7e0b620b3","bgt_status":"bestaand","class":"waterloop","objecttype":"Waterdeel"},"geometry":{"type":"Polygon","coordinates":[[[172819.306,558060.542],[172822.334,558059.691],[172825.421,558072.352],[172826.914,558078.782],[172828.373,558087.4],[172829.832,558094.05],[172827.847,558094.363],[172826.388,558089.114],[172823.809,558078.358],[172821.468,558068.314],[172819.466,558061.07],[172819.306,558060.542]]]}},{"type":"Feature","properties":{"relatieveHoogteligging":0,"lokaalID":"G1900.faed9104a52144daa373db7ac3061f65","bgt_status":"bestaand","class":"waterloop","objecttype":"Waterdeel"},"geometry":{"type":"Polygon","coordinates":[[[172812.863,558035.783],[172811.184,558029.089],[172810.467,558025.602],[172813.89,558025.201],[172814.375,558025.153],[172814.327,558026.138],[172814.207,558028.489],[172814.998,558032.951],[172816.51,558039.381],[172818.045,558045.212],[172818.741,558050.034],[172818.261,558052.385],[172817.949,558053.249],[172817.23,558053.777],[172816.366,558054.113],[172815.742,558053.537],[172815.286,558050.898],[172814.639,558046.123],[172813.871,558041.013],[172812.863,558035.783]]]}},{"type":"Feature","properties":{"relatieveHoogteligging":0,"lokaalID":"G1900.2686b176cf57437c855a553310a6b817","bgt_status":"bestaand","class":"waterloop","objecttype":"Waterdeel"},"geometry":{"type":"Polygon","coordinates":[[[172815.001,558025.091],[172814.375,558025.153],[172813.89,558025.201],[172810.467,558025.602],[172809.561,558025.708],[172808.227,558025.202],[172805.696,558025.036],[172802.443,558025.389],[172797.209,558027.512],[172789.5,558031.156],[172786.975,558032.471],[172780.586,558035.8],[172778.72,558036.58],[172747.77,558049.1],[172722.984,558059.993],[172710.774,558065.16],[172706.601,558066.752],[172701.721,558068.875],[172697.69,558071.528],[172695.037,558072.271],[172690.369,558074.146],[172687.222,558075.808],[172686.161,558077.577],[172685.157,558080.282],[172685.137,558082.02],[172685.561,558083.84],[172686.087,558087.317],[172686.107,558089.177],[172686.895,558093.24],[172687.724,558097.384],[172688.37,558101.164],[172688.956,558104.116],[172689.825,558106.582],[172690.532,558108.3],[172691.361,558109.816],[172692.25,558110.888],[172693.503,558111.979],[172694.655,558112.525],[172696.403,558113.152],[172699.762,558113.718],[172705.456,558115.062],[172712.953,558116.76],[172719.745,558117.902],[172726.515,558119.297],[172733.315,558120.925],[172738.549,558121.713],[172741.661,558122.016],[172744.955,558121.592],[172749.178,558120.743],[172750.148,558120.945],[172750.35,558121.673],[172749.3,558122.562],[172746.875,558123.391],[172743.116,558124.098],[172741.176,558124.462],[172739.681,558124.24],[172737.801,558123.795],[172732.663,558122.694],[172726.985,558121.622],[172720.579,558120.268],[172713.85,558118.913],[172708.798,558117.983],[172704.029,558117.033],[172700.23,558116.447],[172697.259,558116.124],[172694.531,558115.214],[172692.672,558114.244],[172690.873,558112.687],[172689.479,558110.969],[172687.923,558108.3],[172687.226,558106.456],[172686.059,558102.14],[172685.175,558096.586],[172684.008,558093.26],[172683.194,558088.98],[172681.638,558083.496],[172681.167,558083.086],[172680.138,558082.372],[172678.46,558081.846],[172676.278,558082.311],[172674.065,558083.302],[172668.973,558085.849],[172663.421,558088.679],[172657.055,558092.924],[172651.389,558096.214],[172647.247,558098.175],[172643.488,558100.096],[172641.26,558100.328],[172638.254,558100.717],[172635.398,558102.044],[172629.457,558103.344],[172623.083,558103.777],[172614.976,558104.335],[172607.302,558104.954],[172598.205,558104.644],[172589.107,558104.644],[172581.805,558104.335],[172574.935,558103.654],[172569.056,558103.901],[172564.043,558103.716],[172557.731,558102.849],[172549.995,558101.363],[172541.454,558100.249],[172533.904,558098.701],[172526.911,558096.658],[172519.732,558095.358],[172504.941,558092.262],[172497.02,558090.777],[172490.769,558089.786],[172483.095,558089.105],[172469.913,558087.433],[172455.556,558085.205],[172443.797,558084.528],[172439.766,558084.422],[172431.314,558083.042],[172424.064,558081.946],[172416.814,558080.92],[172408.15,558080.035],[172401.176,558079.619],[172391.318,558077.755],[172382.806,558075.573],[172373.177,558074.018],[172359.032,558070.942],[172350.606,558069.487],[172345.372,558068.84],[172338.501,558067.526],[172334.621,558066.556],[172330.58,558066.192],[172324.416,558065.201],[172319.229,558063.869],[172315.695,558063.546],[172313.201,558063.014],[172312.6,558062.009],[172312.716,558061.178],[172313.305,558060.508],[172314.78,558060.398],[172323.207,558061.449],[172327.087,558062.015],[172328.905,558061.813],[172330.413,558059.794],[172331.949,558057.671],[172333.636,558056.858],[172337.739,558056.539],[172342.831,558057.353],[172350.929,558057.494],[172357.967,558058.45],[172363.519,558059.051],[172373.385,558059.935],[172382.191,558061.315],[172393.578,558063.084],[172402.313,558063.685],[172409.598,558064.57],[172418.085,558066.268],[172427.333,558068.647],[172439.949,558070.267],[172444.738,558071.015],[172447.244,558071.298],[172449.346,558071.156],[172451.003,558070.691],[172452.074,558069.357],[172452.902,558066.102],[172454.042,558056.547],[172457.55,558057.41],[172457.53,558058.36],[172457.207,558062.484],[172456.863,558067.153],[172457.045,558068.569],[172457.328,558070.368],[172457.995,558071.459],[172458.763,558072.389],[172460.521,558073.137],[172461.968,558073.414],[172468.219,558074.095],[172473.046,558074.962],[172479.235,558075.024],[172486.104,558075.024],[172492.726,558075.147],[172502.133,558076.262],[172507.517,558077.686],[172514.015,558079.667],[172525.588,558082.143],[172535.861,558084.062],[172546.32,558085.796],[172559.502,558087.715],[172565.628,558088.767],[172577.139,558089.758],[172586.148,558090.368],[172590.215,558090.899],[172592.302,558090.262],[172598.172,558090.545],[172602.062,558091.146],[172606.518,558091.712],[172614.51,558092.137],[172617.622,558091.076],[172621.512,558089.342],[172627.489,558088.529],[172635.799,558087.22],[172643.898,558084.779],[172651.996,558081.736],[172661.049,558077.031],[172669.289,558072.751],[172678.554,558067.762],[172687.183,558063.482],[172690.755,558061.607],[172695.246,558060.263],[172700.303,558058.388],[172704.723,558056.548],[172710.771,558053.187],[172721.769,558047.386],[172731.282,558042.999],[172743.942,558037.374],[172761.376,558030.228],[172778.351,558023.011],[172793.956,558016.868],[172804.453,558012.394],[172805.429,558011.628],[172806.37,558010.47],[172807.23,558009.89],[172808.32,558009.18],[172808.72,558008.993],[172809.447,558008.746],[172810.265,558008.562],[172811.604,558008.355],[172813.78,558008.01],[172814.597,558008.426],[172815.41,558008.84],[172818.111,558010.604],[172819.796,558011.371],[172820.511,558012.17],[172820.655,558013.669],[172820.914,558016.368],[172818.991,558018.434],[172817.392,558020.204],[172816.034,558022.094],[172815.299,558023.716],[172815.136,558024.466],[172815.001,558025.091]]]}},{"type":"Feature","properties":{"relatieveHoogteligging":0,"lokaalID":"G1900.37cd098272e7484f8bb73027af8cd582","bgt_status":"bestaand","class":"waterloop","objecttype":"Waterdeel"},"geometry":{"type":"Polygon","coordinates":[[[172645.894,558230.542],[172645.687,558230.891],[172643.797,558232.613],[172642.209,558233.837],[172641.072,558234.398],[172639.636,558234.444],[172637.788,558233.791],[172636.251,558232.87],[172634.684,558231.683],[172634.459,558231.555],[172631.511,558230.345],[172626.692,558228.356],[172626.568,558228.314],[172620.159,558226.604],[172615.201,558225.273],[172610.77,558224.315],[172605.894,558223.167],[172601.298,558222.308],[172597.074,558221.764],[172592.425,558220.717],[172587.352,558219.765],[172582.383,558219.255],[172577.041,558218.697],[172572.534,558218.07],[172567.205,558217.264],[172562.989,558216.49],[172558.218,558215.43],[172553.813,558214.542],[172548.939,558213.787],[172545.03,558213.318],[172541.137,558212.762],[172536.21,558211.9],[172531.384,558210.775],[172527.535,558209.892],[172523.788,558209.304],[172519.944,558208.597],[172516.928,558208.024],[172513.31,558207.408],[172509.544,558206.595],[172506.012,558205.739],[172502.238,558205.003],[172498.957,558204.478],[172494.903,558203.959],[172491.995,558203.551],[172488.688,558203.043],[172485.592,558202.527],[172482.183,558202.109],[172479.644,558201.74],[172476.429,558201.273],[172473.451,558200.745],[172470.852,558200.295],[172468.54,558199.89],[172467.987,558199.811],[172467.717,558199.127],[172467.797,558198.544],[172467.931,558198.158],[172468.081,558198.063],[172469.309,558198.031],[172472.601,558198.322],[172476.34,558198.969],[172481.438,558200.277],[172488.257,558201.397],[172494.787,558202.478],[172500.599,558203.379],[172506.617,558204.298],[172512.308,558205.195],[172517.792,558206.248],[172523.125,558207.491],[172528.947,558208.651],[172534.386,558209.723],[172539.008,558210.59],[172543.697,558211.642],[172548.225,558212.2],[172552.116,558212.298],[172555.8,558212.902],[172559.753,558213.788],[172563.014,558214.478],[172567.799,558215.488],[172571.75,558216.36],[172575.406,558217.102],[172579.308,558217.59],[172582.982,558218.184],[172586.64,558218.583],[172590.22,558219.06],[172593.147,558219.495],[172599.308,558220.133],[172603.901,558220.783],[172607.291,558221.611],[172610.728,558222.461],[172614.693,558223.236],[172622.322,558225.141],[172623.517,558225.766],[172623.659,558225.827],[172623.808,558225.865],[172626.934,558226.41],[172627.783,558226.834],[172629.528,558227.707],[172631.259,558228.642],[172633.393,558229.604],[172635.796,558230.791],[172637.666,558231.691],[172637.824,558231.751],[172637.99,558231.784],[172639.44,558231.944],[172639.629,558231.947],[172639.815,558231.914],[172640.725,558231.664],[172640.877,558231.609],[172641.019,558231.529],[172642.37,558230.618],[172643.762,558229.678],[172644.288,558229.372],[172645.894,558230.542]]]}},{"type":"Feature","properties":{"relatieveHoogteligging":0,"lokaalID":"W0653.cf6907b3e33340bc9c00719c5a9b6ab3","bgt_status":"bestaand","class":"waterloop","objecttype":"Waterdeel"},"geometry":{"type":"Polygon","coordinates":[[[172718.833,558247.271],[172719.652,558248.423],[172720.308,558250.317],[172721.104,558252.973],[172722.273,558265.164],[172722.963,558274.712],[172722.979,558274.832],[172723.702,558278.539],[172723.988,558280.777],[172724.015,558280.911],[172724.424,558282.423],[172724.734,558283.433],[172724.818,558283.63],[172725.898,558285.55],[172725.983,558285.677],[172726.086,558285.79],[172726.246,558285.94],[172726.418,558286.069],[172726.614,558286.159],[172727.154,558286.339],[172727.375,558286.385],[172728.143,558286.458],[172729.883,558286.558],[172730.045,558286.554],[172775.346,558281.776],[172781.213,558280.642],[172785.852,558281.684],[172785.614,558281.914],[172784.286,558283.196],[172781.053,558283.998],[172774.731,558284.463],[172768.888,558284.92],[172749.179,558286.691],[172689.779,558292.17],[172630.509,558297.974],[172618.888,558299.019],[172595.23,558301.169],[172571.694,558303.07],[172548.423,558304.395],[172524.885,558304.914],[172504.749,558305.096],[172489.854,558304.938],[172469.946,558304.245],[172460.42,558303.822],[172460.31,558303.807],[172460.142,558303.735],[172460.04,558303.644],[172459.965,558303.528],[172459.928,558303.422],[172459.691,558302.514],[172459.839,558301.622],[172460.243,558301.172],[172461.502,558300.878],[172463.287,558300.997],[172466.46,558301.315],[172471.177,558301.519],[172476.181,558301.59],[172481.02,558301.8],[172487.125,558301.92],[172493.85,558301.75],[172500.341,558301.65],[172507.307,558301.6],[172514.297,558301.969],[172522.1,558302.2],[172530.413,558302.09],[172538.676,558301.691],[172544.606,558301.909],[172550.939,558301.679],[172557.83,558301.338],[172568.365,558300.599],[172576.16,558300.289],[172586.083,558299.668],[172597.663,558298.506],[172608.997,558297.527],[172628.958,558296.158],[172645.923,558294.125],[172670.539,558291.977],[172701.69,558289.788],[172722.068,558287.373],[172722.26,558287.331],[172722.44,558287.252],[172722.601,558287.139],[172722.737,558286.997],[172723.247,558286.347],[172723.339,558286.207],[172723.406,558286.053],[172723.447,558285.89],[172723.577,558285.091],[172721.364,558271.862],[172720.729,558264.983],[172719.777,558256.94],[172718.718,558252.336],[172716.571,558247.807],[172712.684,558244.09],[172708.423,558240.099],[172703.192,558234.947],[172699.016,558231.374],[172695.033,558227.659],[172691.9,558224.725],[172689.023,558221.779],[172687.042,558219.536],[172685.97,558217.956],[172685.051,558215.339],[172684.486,558213.473],[172684.217,558211.852],[172684.17,558210.373],[172684.15,558209.497],[172684.127,558209.306],[172684.068,558209.123],[172683.748,558208.383],[172683.634,558208.185],[172683.477,558208.018],[172682.947,558207.568],[172682.796,558207.462],[172682.628,558207.385],[172682.449,558207.341],[172681.919,558207.261],[172681.747,558207.25],[172681.576,558207.269],[172681.411,558207.317],[172675.311,558209.667],[172671.031,558211.642],[172667.38,558213.432],[172663.742,558215.013],[172663.649,558215.059],[172660.755,558216.691],[172658.287,558218.101],[172656.033,558219.681],[172653.833,558221.451],[172653.692,558221.589],[172652.307,558223.25],[172651.309,558224.274],[172651.029,558224.417],[172650.38,558224.028],[172649.809,558223.403],[172649.86,558223.243],[172651.422,558221.991],[172653.336,558220.206],[172655.43,558218.514],[172657.879,558216.618],[172660.729,558214.663],[172663.999,558212.722],[172667.495,558211.363],[172670.46,558210.403],[172673.143,558209.365],[172676.022,558208.097],[172677.912,558207.113],[172679.961,558206.216],[172680.194,558206.073],[172681.254,558205.203],[172681.391,558205.067],[172681.498,558204.908],[172682.123,558203.76],[172683.878,558200.279],[172686.72,558194.117],[172689.022,558188.278],[172691.402,558182.955],[172693.982,558178.472],[172697.186,558173.996],[172700.286,558171.28],[172704.108,558168.63],[172707.136,558166.658],[172707.286,558166.538],[172710.027,558163.873],[172735.027,558134.901],[172736.795,558136.554],[172733.593,558140.373],[172728.525,558145.411],[172728.456,558145.487],[172724.186,558150.707],[172720.397,558155.891],[172716.153,558161.153],[172711.531,558165.835],[172707.911,558169.444],[172700.611,558174.371],[172700.517,558174.443],[172697.467,558177.073],[172697.344,558177.2],[172695.014,558180.07],[172694.873,558180.302],[172693.633,558183.162],[172692.226,558186.717],[172690.443,558190.83],[172688.75,558194.684],[172687.183,558197.985],[172686.073,558200.725],[172686.007,558200.983],[172685.742,558203.254],[172685.622,558205.394],[172685.621,558205.504],[172685.741,558207.704],[172685.755,558207.821],[172686.113,558209.891],[172686.432,558211.962],[172686.473,558212.13],[172687.243,558214.41],[172687.283,558214.511],[172688.203,558216.491],[172689.3,558218.525],[172689.355,558218.615],[172690.765,558220.675],[172690.837,558220.769],[172692.167,558222.289],[172692.244,558222.367],[172694.78,558224.693],[172718.833,558247.271]]]}},{"type":"Feature","properties":{"relatieveHoogteligging":0,"lokaalID":"W0653.8701d041c8c5450485ca7dcd2709de26","bgt_status":"bestaand","class":"waterloop","objecttype":"Waterdeel"},"geometry":{"type":"Polygon","coordinates":[[[172361.777,558322.517],[172358.573,558321.866],[172358.751,558320.91],[172358.011,558319.253],[172356.914,558317.94],[172331.478,558313.753],[172320.555,558311.955],[172311.325,558309.704],[172302.127,558308.324],[172290.147,558306.526],[172278.766,558303.635],[172265.165,558301.202],[172251.564,558298.769],[172244.059,558298.417],[172232.466,558298.593],[172223.164,558297.958],[172218.837,558296.904],[172218.865,558296.055],[172226.265,558296.301],[172234.18,558295.97],[172251.423,558294.292],[172259.662,558293.49],[172268.794,558294.821],[172272.423,558295.349],[172276.934,558297.465],[172286.268,558299.876],[172294.151,558301.443],[172303.219,558303.247],[172313.956,558305.382],[172333.474,558308.608],[172345.813,558310.648],[172368.302,558314.365],[172383.506,558316.119],[172407.898,558318.933],[172423.789,558320.766],[172439.258,558321.436],[172453,558322.67],[172452.894,558326.654],[172452.259,558328.079],[172445.259,558327.587],[172430.837,558326.572],[172418.469,558325.702],[172404.938,558324.75],[172387.602,558322.423],[172376.679,558320.66],[172365.263,558319.638],[172363.184,558319.92],[172361.986,558321.506],[172361.777,558322.517]]]}},{"type":"Feature","properties":{"relatieveHoogteligging":0,"lokaalID":"G1900.841bb590021a4834accc40202ee4b964","bgt_status":"bestaand","class":"waterloop","objecttype":"Waterdeel"},"geometry":{"type":"Polygon","coordinates":[[[172323.617,558128.892],[172328.03,558129.95],[172332.168,558130.795],[172336.055,558131.475],[172341.055,558132.379],[172345.621,558133.047],[172350.021,558133.822],[172355.596,558134.987],[172361.045,558136.233],[172366.603,558137.278],[172373.193,558138.326],[172379.297,558139.42],[172385.481,558140.878],[172392.94,558142.47],[172401.136,558143.63],[172410.526,558145.028],[172420.476,558146.648],[172429.867,558148.111],[172434.684,558148.759],[172436.403,558149.034],[172438.323,558149.418],[172440.088,558150.007],[172441.496,558150.598],[172442.872,558151.152],[172445.348,558153.232],[172445.877,558155.944],[172444.951,558162.558],[172441.247,558185.577],[172440.982,558189.215],[172440.984,558189.237],[172441.445,558190.737],[172442.57,558192.06],[172444.091,558192.853],[172447.531,558193.647],[172461.885,558196.227],[172462.08,558196.652],[172462.059,558196.801],[172461.869,558197.456],[172461.513,558197.914],[172460.922,558197.793],[172440.657,558194.459],[172439.958,558194.363],[172438.69,558193.466],[172438.548,558193.187],[172438.49,558192.07],[172438.499,558191.246],[172441.909,558165.337],[172443.033,558157.597],[172442.372,558155.084],[172441.049,558153.232],[172438.601,558152.24],[172430.84,558150.676],[172429.155,558150.524],[172422.623,558149.868],[172390.843,558144.545],[172386.33,558143.714],[172382.386,558142.656],[172378.612,558141.588],[172378.503,558141.563],[172373.362,558140.713],[172369.111,558140.016],[172364.761,558139.125],[172361.333,558138.529],[172355.603,558137.762],[172350.423,558136.847],[172345.394,558135.859],[172339.821,558134.75],[172333.88,558133.492],[172328.56,558132.339],[172318.245,558130.218],[172312.821,558129.292],[172304.883,558128.168],[172304.023,558128.035],[172303.428,558127.572],[172303.428,558126.779],[172303.626,558126.117],[172304.156,558125.654],[172305.148,558125.522],[172323.617,558128.892]]]}},{"type":"Feature","properties":{"relatieveHoogteligging":0,"lokaalID":"W0653.5c0ecdc83db3490e938a44c6f08536dd","bgt_status":"bestaand","class":"waterloop","objecttype":"Waterdeel"},"geometry":{"type":"Polygon","coordinates":[[[172286.421,558278.566],[172286.639,558278.295],[172287.228,558278.129],[172288.229,558278.191],[172289.296,558278.497],[172290.519,558278.986],[172292.199,558279.616],[172292.333,558279.656],[172294.859,558280.217],[172297.512,558280.649],[172301.375,558281.228],[172306.179,558282.014],[172310.949,558282.993],[172316.215,558283.965],[172321.542,558284.909],[172327.025,558285.728],[172332.693,558286.654],[172338.989,558287.893],[172345.178,558289.031],[172351.905,558289.929],[172358.823,558291.036],[172365.539,558292.24],[172372.544,558293.235],[172380.194,558293.974],[172389.168,558295.023],[172395.006,558295.78],[172402.034,558296.917],[172408.063,558297.377],[172415.097,558297.926],[172423.142,558298.796],[172430.726,558299.464],[172438.971,558300.637],[172447.462,558301.309],[172452.866,558301.57],[172454.033,558301.586],[172454.167,558301.681],[172454.283,558301.976],[172454.289,558302.419],[172454.224,558302.973],[172454.144,558303.096],[172453.936,558303.244],[172453.37,558303.342],[172452.674,558303.28],[172444.935,558303.17],[172443.343,558303.112],[172440.537,558302.862],[172437.426,558302.653],[172434.178,558302.374],[172430.46,558302.035],[172426.446,558301.601],[172422.29,558301.451],[172417.484,558301.241],[172412.654,558300.934],[172406.18,558300.128],[172396.387,558298.779],[172391.621,558298.12],[172386.438,558297.36],[172381.036,558296.606],[172374.925,558295.957],[172368.797,558295.188],[172362.33,558294.341],[172355.886,558293.226],[172348.717,558291.906],[172341.2,558290.553],[172333.054,558289.229],[172324.942,558288.133],[172316.589,558286.516],[172306.488,558284.678],[172297.695,558282.914],[172288.806,558281.422],[172287.566,558280.914],[172286.64,558279.862],[172286.468,558279.482],[172286.357,558278.928],[172286.421,558278.566]]]}},{"type":"Feature","properties":{"relatieveHoogteligging":0,"lokaalID":"G1900.3e75f0fa397442679fd62562b4a58dc6","bgt_status":"bestaand","class":"waterloop","objecttype":"Waterdeel"},"geometry":{"type":"Polygon","coordinates":[[[172457.768,558044.812],[172458.282,558042.82],[172458.889,558039.685],[172459.565,558036.694],[172460.461,558032.844],[172462.312,558027.707],[172464.623,558021.242],[172466.755,558014.519],[172468.577,558010.509],[172469.568,558009.671],[172477.076,558008.641],[172478.937,558007.654],[172479.247,558006.578],[172479.3,557999.931],[172479.435,557995.944],[172480.025,557992.926],[172483.012,557984.81],[172486.014,557974.586],[172488.509,557964.469],[172489.379,557959.216],[172490.592,557955.521],[172493.38,557956.498],[172491.752,557960.779],[172489.66,557968.093],[172488.189,557973.812],[172486.748,557978.963],[172484.692,557984.742],[172482.455,557990.909],[172481.135,557996.882],[172480.64,558001.1],[172480.976,558006.385],[172480.475,558008.761],[172479.764,558010.704],[172473.263,558010.648],[172470.838,558011.135],[172469.582,558011.963],[172468.64,558014.708],[172464.711,558025.197],[172461.895,558034.488],[172459.725,558044.469],[172459.103,558047.549],[172458.375,558047.554],[172458.055,558047.494],[172457.842,558047.285],[172457.63,558046.326],[172457.768,558044.812]]]}},{"type":"Feature","properties":{"relatieveHoogteligging":0,"lokaalID":"W0653.68f7c9c341db48ce823fe27cffdf1573","bgt_status":"bestaand","class":"waterloop","objecttype":"Waterdeel"},"geometry":{"type":"Polygon","coordinates":[[[172276.729,558265.416],[172276.569,558266.965],[172271.709,558266.336],[172272.476,558261.462],[172271.305,558260.595],[172271.413,558258.47],[172272.479,558253.836],[172274.538,558241.203],[172277.91,558209.837],[172280.923,558189.884],[172282.931,558172.729],[172285.513,558151.556],[172287.737,558131.458],[172290.391,558114.304],[172292.318,558098.021],[172293.711,558086.783],[172295.925,558070.172],[172297.114,558061.6],[172298.261,558055.899],[172298.876,558051.593],[172299.081,558044.497],[172299.614,558039.411],[172302.739,558028.05],[172303.6,558021.519],[172307.402,557991.086],[172310.917,557959.361],[172311.582,557954.533],[172310.643,557954.021],[172308.395,557953.134],[172308.626,557950.687],[172311.035,557951.17],[172312.177,557950.214],[172313.141,557943.211],[172317.086,557914.573],[172320.888,557885.145],[172324.905,557852.2],[172327.2,557834.687],[172329.873,557814.563],[172330.037,557811.915],[172328.96,557810.86],[172327.133,557810.368],[172323.385,557809.805],[172323.596,557806.829],[172327.367,557806.712],[172330.131,557806.571],[172331.138,557805.962],[172332.09,557804.789],[172337.863,557805.346],[172335.547,557822.186],[172333.252,557840.919],[172330.526,557859.007],[172329.307,557871.424],[172326.796,557889.655],[172325.074,557900.048],[172324.91,557903.212],[172325.285,557904.548],[172326.972,557905.04],[172329.501,557905.72],[172330.157,557907.056],[172329.595,557907.993],[172327.809,557908.737],[172325.678,557909.516],[172324.612,557911.362],[172324.653,557914.151],[172324.12,557919.196],[172323.259,557923.83],[172321.907,557928.865],[172320.185,557936.258],[172319.468,557941.21],[172318.45,557950.613],[172315.796,557971.428],[172313.931,557985.927],[172311.922,558001.861],[172310.272,558015.283],[172307.762,558029.782],[172306.686,558039.041],[172306.255,558046.649],[172304.247,558062.081],[172301.521,558083.254],[172299.8,558096.03],[172298.071,558107.668],[172297.977,558110.739],[172297.157,558116.856],[172296.642,558121.402],[172296.782,558123.465],[172297.181,558124.918],[172297.345,558125.902],[172297.063,558126.465],[172296.173,558127.73],[172295.506,558129.904],[172294.03,558139.85],[172292.237,558151.263],[172288.722,558180.691],[172285.422,558204.377],[172283.342,558223.11],[172280.839,558243.338],[172279.773,558253.058],[172278.8,558260.829],[172278.168,558262.024],[172277.184,558262.024],[172276.729,558265.416]]]}},{"type":"Feature","properties":{"relatieveHoogteligging":0,"lokaalID":"G1900.f1551c20242c4ea3900f97739e44249e","bgt_status":"bestaand","class":"waterloop","objecttype":"Waterdeel"},"geometry":{"type":"Polygon","coordinates":[[[172053.482,558341.226],[172051.981,558347.684],[172050.903,558352.204],[172051.931,558353.866],[172053.085,558354.879],[172053.216,558355.571],[172052.935,558356.521],[172052.638,558356.939],[172050.134,558357.024],[172049.072,558357.331],[172047.984,558359.846],[172046.655,558363.43],[172045.311,558363.066],[172045.132,558361.752],[172046.941,558356.046],[172048.843,558351.584],[172050.498,558345.887],[172051.577,558341.492],[172051.616,558340.287],[172051.307,558338.749],[172050.29,558337.433],[172048.395,558336.175],[172048.531,558335.12],[172049.058,558334.096],[172050.705,558333.831],[172052.35,558333.27],[172053.085,558332.849],[172054.036,558331.269],[172055.098,558328.164],[172057.436,558323.341],[172058.526,558321.683],[172059.912,558320.332],[172063.418,558317.881],[172067.306,558316.529],[172070.744,558314.716],[172072.208,558313.346],[172073.448,558311.607],[172074.385,558308.809],[172076.264,558301.223],[172077.589,558294.888],[172079.754,558289.11],[172081.254,558285.848],[172085.302,558278.889],[172085.745,558278.685],[172086.668,558278.941],[172087.067,558279.582],[172085.452,558282.124],[172081.659,558288.741],[172080.612,558291.203],[172078.543,558299.734],[172076.923,558307.335],[172075.989,558311.374],[172074.922,558313.933],[172073.67,558315.4],[172072.38,558316.64],[172069.709,558317.49],[172064.115,558319.507],[172062.566,558320.593],[172060.75,558322.07],[172059.57,558323.54],[172058.51,558325.67],[172057.296,558327.993],[172056.196,558332.124],[172053.482,558341.226]]]}},{"type":"Feature","properties":{"relatieveHoogteligging":0,"lokaalID":"G1900.4b953957923b4666bd59f3426d73fa83","bgt_status":"bestaand","class":"waterloop","objecttype":"Waterdeel"},"geometry":{"type":"Polygon","coordinates":[[[172209.808,558294.704],[172209.228,558294.959],[172203.297,558293.892],[172191.528,558291.644],[172162.828,558286.246],[172138.107,558281.726],[172118.507,558278.225],[172096.358,558273.867],[172082.966,558271.41],[172081.09,558271.029],[172081.125,558270.779],[172081.495,558270.269],[172095.605,558273.005],[172108.417,558275.532],[172125.006,558278.661],[172143.262,558281.953],[172162.446,558285.639],[172176.045,558288.05],[172193.63,558291.435],[172201.676,558292.895],[172209.02,558294.17],[172209.808,558294.704]]]}},{"type":"Feature","properties":{"relatieveHoogteligging":0,"lokaalID":"W0653.c3ccde99076e40d9af735b0a920660a0","bgt_status":"bestaand","class":"waterloop","objecttype":"Waterdeel"},"geometry":{"type":"Polygon","coordinates":[[[172212.503,558284.083],[172212.335,558285.13],[172211.749,558286.847],[172210.765,558287.056],[172209.765,558287.009],[172205.772,558286.129],[172196.614,558284.444],[172183.39,558282.135],[172169.066,558279.313],[172158.259,558277.334],[172141.591,558274],[172125.766,558271.141],[172110.38,558268.429],[172088.033,558264.508],[172085.134,558263.835],[172084.192,558263.249],[172083.753,558262.558],[172083.878,558261.217],[172084.485,558259.584],[172084.82,558259.04],[172085.705,558258.998],[172087.719,558259.327],[172112.346,558264.266],[172143.585,558270.115],[172154.428,558272.314],[172170.547,558275.246],[172189.01,558278.91],[172201.91,558281.276],[172211.875,558283.015],[172212.503,558284.083]]]}},{"type":"Feature","properties":{"relatieveHoogteligging":0,"lokaalID":"G1900.9c73ef78e4ca4ad89bd9ade12c41022e","bgt_status":"bestaand","class":"waterloop","objecttype":"Waterdeel"},"geometry":{"type":"Polygon","coordinates":[[[172272.965,558266.878],[172275.497,558267.205],[172275.307,558268.259],[172272.803,558267.934],[172272.965,558266.878]]]}},{"type":"Feature","properties":{"relatieveHoogteligging":0,"lokaalID":"W0653.26203b030d3a41ba895b68920cc153de","bgt_status":"bestaand","class":"waterloop","objecttype":"Waterdeel"},"geometry":{"type":"Polygon","coordinates":[[[172272.345,558268.254],[172276.273,558268.763],[172277.084,558268.868],[172278.057,558268.994],[172277.404,558272.403],[172277.457,558273.673],[172277.88,558275.102],[172278.621,558275.949],[172280.103,558276.531],[172280.064,558277.25],[172279.492,558279.482],[172274.066,558278.513],[172272.47,558278.228],[172271.881,558278.146],[172265.65,558277.292],[172263.967,558276.84],[172264.393,558274.666],[172265.972,558273.881],[172268.388,558272.816],[172268.562,558272.717],[172268.713,558272.586],[172268.835,558272.427],[172269.959,558270.611],[172270.035,558270.463],[172270.085,558270.305],[172270.291,558269.389],[172270.64,558268.033],[172272.345,558268.254]]]}},{"type":"Feature","properties":{"relatieveHoogteligging":0,"lokaalID":"G1900.9e52965efb6b4ddd9eb798f43e9fd26b","bgt_status":"bestaand","class":"waterloop","objecttype":"Waterdeel"},"geometry":{"type":"Polygon","coordinates":[[[173802.475,559527.857],[173812.25,559510.877],[173820.771,559515.557],[173824.621,559517.672],[173825.006,559517.883],[173827.66,559519.341],[173829.248,559519.452],[173842.236,559516.802],[173851.863,559515.621],[173857.371,559515.949],[173866.368,559515.651],[173897.033,559514.887],[173950.961,559513.542],[173980.347,559513.087],[173982.869,559513.608],[173988.83,559516.382],[173996.292,559521.887],[174003.472,559525.765],[174006.481,559527.39],[174007.831,559527.71],[173975.758,559561.231],[173977.469,559555.672],[173978.86,559550.949],[173974.83,559539.488],[173965.507,559532.69],[173946.43,559533.142],[173916.753,559533.872],[173889.285,559534.598],[173865.811,559535.139],[173843.711,559535.547],[173832.716,559535.604],[173826.762,559535.739],[173817.957,559531.075],[173817.65,559530.891],[173817.633,559530.882],[173817.392,559530.753],[173817.218,559530.659],[173814.555,559529.231],[173813.793,559528.841],[173813.729,559528.808],[173811.936,559527.885],[173811.921,559527.877],[173809.382,559528.859],[173807.035,559529.766],[173806.65,559529.024],[173806.194,559528.919],[173805.603,559528.783],[173802.475,559527.857]]]}},{"type":"Feature","properties":{"relatieveHoogteligging":0,"lokaalID":"W0653.d917cf06ad58436b9453230a27ec3167","bgt_status":"bestaand","class":"waterloop","objecttype":"Waterdeel"},"geometry":{"type":"Polygon","coordinates":[[[174193.217,559967.064],[174192.073,559966.419],[174190.182,559965.351],[174189.909,559962.131],[174188.475,559959.552],[174186.632,559957.096],[174183.393,559955.582],[174115.51,559940.42],[174099.536,559937.004],[174096.825,559938.333],[174084.485,559953.853],[174082.748,559955.889],[174080.127,559957.894],[174066.41,559966.504],[174063.901,559967.165],[174060.247,559966.777],[174038.397,559960.689],[174011.673,559953.235],[174000,559950.21],[173996.5,559949.32],[173984.62,559946.45],[173973.812,559943.984],[173944.47,559935.04],[173927.17,559930.22],[173925.62,559929.84],[173923.8,559929.43],[173922.37,559928.94],[173920.62,559928.44],[173919.39,559927.94],[173917.92,559927.19],[173916.59,559926.5],[173915.22,559925.82],[173913.84,559925.07],[173912.45,559924.3],[173911.44,559923.7],[173910.832,559923.263],[173906.967,559920.486],[173903.111,559917.716],[173904.06,559915.474],[173904.407,559912.555],[173902.921,559909.746],[173885.388,559897.362],[173883.256,559893.918],[173884.91,559891.533],[173886.24,559889.8],[173927.23,559828],[173927.74,559827.39],[173928.3,559826.76],[173929,559826.44],[173929.77,559826.37],[173930.96,559826.54],[173931.94,559826.86],[173936.35,559828.71],[173936.98,559829.06],[173937.45,559829.53],[173937.58,559829.99],[173937.59,559830.51],[173937.58,559830.97],[173937.56,559831.31],[173937.43,559831.93],[173925.054,559877.754],[173916.08,559910.98],[173915.83,559912.31],[173915.66,559913.65],[173915.58,559915.01],[173915.48,559915.97],[173915.44,559916.77],[173915.54,559917.89],[173915.8,559918.9],[173916.08,559919.9],[173916.66,559921.02],[173917.38,559921.87],[173918.25,559922.79],[173919.15,559923.53],[173920.32,559924.17],[173921.59,559924.72],[173922.98,559925.45],[173924.27,559925.91],[173925.61,559926.2],[173927.06,559926.55],[173928.63,559927.22],[173970.3,559938.08],[174000,559945.47],[174006.809,559947.217],[174012.772,559950.446],[174061.798,559963.79],[174063.575,559963.884],[174065.422,559963.159],[174078.449,559954.723],[174081.841,559951.711],[174094.303,559935.885],[174094.14,559935.85],[174082.179,559933.083],[174081.488,559931.93],[174081.937,559930.166],[174082.634,559929.674],[174084.056,559929.613],[174169.59,559948.48],[174194.259,559953.377],[174194.519,559953.416],[174194.781,559953.433],[174195.044,559953.427],[174195.305,559953.397],[174195.563,559953.346],[174195.815,559953.271],[174196.059,559953.175],[174196.295,559953.058],[174196.519,559952.921],[174196.73,559952.765],[174196.927,559952.591],[174197.108,559952.401],[174197.272,559952.195],[174201.484,559946.17],[174211.873,559931.068],[174226.621,559909.628],[174226.765,559909.465],[174226.895,559909.291],[174227.01,559909.106],[174227.109,559908.912],[174227.191,559908.71],[174227.256,559908.503],[174227.302,559908.29],[174227.331,559908.074],[174227.341,559907.857],[174227.333,559907.64],[174227.307,559907.424],[174227.262,559907.211],[174227.2,559907.002],[174227.12,559906.8],[174227.023,559906.605],[174217.828,559900.17],[174217.176,559899.187],[174216.62,559898.148],[174216.164,559897.061],[174215.812,559895.936],[174215.568,559894.782],[174215.433,559893.611],[174233.14,559824.946],[174231.792,559822.596],[174192.512,559812.019],[174179.78,559808.92],[174176.6,559808.04],[174165.03,559804.84],[174146.59,559799.93],[174142.93,559798.85],[174139.93,559798],[174136.46,559796.85],[174132.507,559795.86],[174085.088,559782.15],[174084.732,559782.05],[174082.519,559781.427],[174027.666,559766.554],[174000.57,559759.208],[174001.709,559755.01],[174028.053,559762.153],[174067.485,559772.844],[174083.982,559776.984],[174086.64,559777.651],[174111.759,559785.309],[174116.459,559783.141],[174117.33,559783.237],[174118.976,559783.625],[174119.126,559784.542],[174120.745,559787.359],[174133.979,559790.718],[174146.674,559794.331],[174155.927,559796.964],[174161.091,559798.433],[174172.63,559802.073],[174173.573,559802.578],[174174.659,559802.521],[174181.507,559804.208],[174194.481,559807.74],[174195.257,559807.951],[174225.669,559816.231],[174231.319,559817.848],[174235.141,559820.729],[174236.024,559821.246],[174237.052,559823.818],[174237.019,559826.586],[174232.844,559844.159],[174226.029,559869.894],[174222.354,559882.734],[174220.427,559892.828],[174220.162,559893.812],[174220.161,559894.276],[174220.199,559894.738],[174220.276,559895.196],[174220.391,559895.646],[174220.544,559896.084],[174220.733,559896.508],[174220.956,559896.914],[174221.213,559897.301],[174221.502,559897.664],[174234.844,559907.98],[174225.767,559921.011],[174198.73,559955.8],[174198.56,559955.98],[174198.44,559956.15],[174198.19,559956.4],[174197.94,559956.68],[174197.65,559957.03],[174197.38,559957.28],[174197.05,559957.47],[174197.103,559960.35],[174197.099,559962.201],[174195.524,559965.911],[174194.372,559967.716],[174193.217,559967.064]]]}},{"type":"Feature","properties":{"relatieveHoogteligging":0,"lokaalID":"G1900.63718b49fc374e21921a394e2f71d1d8","bgt_status":"bestaand","class":"waterloop","objecttype":"Waterdeel"},"geometry":{"type":"Polygon","coordinates":[[[174083.667,558697.103],[174084.716,558696.208],[174091.245,558695.496],[174091.127,558694.961],[174084.716,558695.733],[174083.428,558695.197],[174082.912,558691.097],[174090.537,558690.139],[174090.503,558689.717],[174088.938,558687.333],[174088.741,558686.168],[174087.628,558679.576],[174087.415,558679.279],[174085.59,558676.725],[174085.515,558676.278],[174085.378,558675.47],[174084.874,558672.135],[174079.809,558673.924],[174079.666,558673.41],[174078.062,558673.976],[174076.276,558669.285],[174083.055,558667.02],[174082.822,558666.102],[174082.652,558666.161],[174081.849,558664.782],[174081.499,558664.301],[174079.292,558660.839],[174076.865,558657.528],[174074.229,558654.38],[174072.96,558653.127],[174134.363,558632.91],[174133.4,558634.451],[174135.705,558634.843],[174132.449,558643.046],[174130.804,558647.557],[174127.916,558646.441],[174127.7,558646.938],[174128.095,558647.109],[174130.61,558648.09],[174135.2,558649.88],[174133.42,558654.79],[174131.65,558659.7],[174126.92,558657.95],[174124.388,558657.013],[174121.665,558666.66],[174124.299,558667.387],[174124.07,558668.21],[174122.99,558672.381],[174122.718,558673.504],[174122.641,558673.901],[174127.8,558674.609],[174126.86,558679.756],[174118.667,558678.446],[174118.045,558687.44],[174120.74,558687.6],[174125.8,558687.9],[174125.641,558691.751],[174125.558,558693.846],[174125.4,558698.09],[174120.52,558697.92],[174118.404,558697.846],[174118.404,558698.089],[174118.66,558708.808],[174117.759,558708.829],[174117.772,558709.359],[174118.144,558709.303],[174120.821,558708.951],[174125.899,558708.283],[174126.877,558718.678],[174121.843,558719.305],[174119.164,558719.639],[174120.605,558724.562],[174120.993,558729.781],[174123.64,558729.25],[174128.63,558728.25],[174130.78,558738.31],[174125.81,558739.33],[174123.165,558739.873],[174125.35,558747.33],[174128.854,558749.984],[174129.25,558751.37],[174129.903,558753.366],[174135.49,558766.102],[174139.81,558764.44],[174141.64,558769.2],[174143.5,558773.97],[174138.88,558775.75],[174136.361,558776.721],[174135.821,558776.914],[174136.187,558777.965],[174139.259,558776.754],[174144.22,558789.91],[174145.471,558793.328],[174144.624,558793.652],[174148.131,558802.798],[174145.975,558803.462],[174146.158,558804.405],[174146.606,558804.267],[174149.2,558803.52],[174155.83,558801.61],[174157.26,558806.43],[174155.305,558806.983],[174155.399,558807.416],[174156.69,558812.05],[174151.97,558813.35],[174151.12,558813.584],[174151.827,558817.252],[174152.889,558822.471],[174150.72,558828.141],[174154.574,558827.268],[174155.72,558833.39],[174160.71,558832.49],[174161.53,558837.58],[174162.35,558842.66],[174157.55,558843.48],[174154.889,558843.935],[174153.639,558844.053],[174153.665,558844.385],[174156.706,558845.315],[174158.556,558863.974],[174156.831,558865.324],[174156.861,558865.624],[174157.161,558865.594],[174159.84,558865.26],[174164.81,558864.64],[174165.43,558869.7],[174166.06,558874.78],[174161.48,558875.29],[174158.797,558875.589],[174157.465,558875.697],[174157.48,558876.044],[174159.955,558876.93],[174160.36,558888.672],[174159.933,558888.696],[174160.209,558893.665],[174160.49,558893.912],[174159.03,558895.569],[174160.972,558897.032],[174162.366,558895.405],[174162.524,558899.116],[174159.702,558901.683],[174159.702,558902.065],[174159.95,558902.065],[174162.65,558902.07],[174167.75,558902.08],[174167.61,558907.32],[174167.5,558912.53],[174162.12,558912.45],[174161.872,558912.446],[174161.872,558916.517],[174161.4,558924.24],[174161.421,558924.842],[174161.612,558925.934],[174161.937,558926.954],[174162.252,558927.684],[174162.542,558928.228],[174163.262,558929.085],[174164.273,558930.064],[174165.343,558930.928],[174166.774,558931.778],[174168.222,558932.396],[174170.316,558933.042],[174168.09,558941.16],[174163.65,558951.06],[174160.04,558957.83],[174155.916,558963.858],[174151.221,558969.453],[174146,558974.56],[174141.78,558978.11],[174138.558,558980.487],[174135.12,558982.54],[174131.5,558984.25],[174126.69,558985.91],[174120.11,558987.78],[174114.96,558969.47],[174114.749,558968.877],[174114.487,558968.304],[174114.176,558967.756],[174113.819,558967.237],[174113.418,558966.751],[174112.976,558966.302],[174112.497,558965.894],[174111.984,558965.528],[174111.441,558965.209],[174110.872,558964.938],[174110.282,558964.718],[174109.675,558964.55],[174109.056,558964.435],[174108.429,558964.375],[174107.799,558964.369],[174107.171,558964.419],[174106.55,558964.522],[174105.94,558964.68],[174104.819,558964.971],[174099.457,558966.364],[174094.16,558967.74],[174093.687,558967.893],[174093.23,558968.089],[174092.792,558968.325],[174092.378,558968.6],[174091.99,558968.912],[174091.633,558969.258],[174091.309,558969.635],[174091.02,558970.04],[174090.799,558970.327],[174090.604,558970.633],[174090.437,558970.955],[174090.3,558971.29],[174090.194,558971.637],[174090.119,558971.991],[174090.075,558972.351],[174090.065,558972.713],[174090.086,558973.075],[174090.14,558973.434],[174090.226,558973.786],[174090.343,558974.129],[174090.49,558974.46],[174091.77,558978.98],[174084.349,558980.802],[174083.88,558980.957],[174085.08,558985.3],[174081.67,558986.16],[174078.19,558987.09],[174077.201,558982.84],[174075.17,558982.104],[174062.91,558979.14],[174061.51,558983.69],[174057.53,558982.47],[174054.08,558981.36],[174055.53,558976.91],[174054.812,558976.694],[174055.68,558973.984],[174051.019,558972.523],[174050.1,558975.281],[174049.43,558975.08],[174043.912,558973.339],[174043.408,558973.188],[174041.91,558977.75],[174035.16,558975.694],[174036.558,558971.102],[174036.181,558970.97],[174029.399,558968.904],[174030.314,558966.111],[174025.37,558964.854],[174024.583,558967.437],[174023.054,558972.457],[174015.358,558970.113],[174016.93,558964.95],[174017.716,558962.367],[174005.713,558958.736],[174004.93,558961.32],[174003.53,558965.94],[174000.21,558964.92],[174000,558964.857],[173996.75,558963.89],[173998.219,558959.302],[173992.04,558957.43],[173986.293,558955.552],[173985.857,558955.419],[173984.54,558960.1],[173981.09,558959.08],[173977.77,558958.02],[173979.16,558953.43],[173972.94,558951.54],[173966.07,558949.43],[173964.74,558953.84],[173961.348,558952.892],[173962.497,558948.283],[173960.803,558947.922],[173960.056,558947.821],[173959.269,558947.714],[173958.698,558947.596],[173959.428,558941.932],[173961.222,558927.531],[173962.741,558909.342],[173967.808,558905.47],[173979.959,558900.969],[173983.866,558906.867],[173984.608,558907.919],[173986.309,558910.461],[173987.046,558911.616],[173987.882,558912.703],[173988.809,558913.712],[173989.82,558914.636],[173990.909,558915.469],[173992.066,558916.203],[173993.283,558916.833],[173994.55,558917.355],[173995.858,558917.764],[173997.197,558918.058],[173998.556,558918.233],[173999.925,558918.289],[174002.346,558917.558],[174004.625,558916.652],[174006.819,558915.559],[174009.141,558913.908],[174012.716,558911.121],[174008.943,558907.782],[174015.642,558900.263],[174019.521,558903.863],[174023.322,558897.787],[174026.472,558892.928],[174027.742,558890.602],[174028.928,558888.232],[174030.03,558885.821],[174033.337,558887.088],[174034.626,558883.921],[174034.894,558880.685],[174035.829,558877.648],[174035.967,558877.265],[174028.664,558875.065],[174030.6,558868.103],[174037.858,558870.289],[174037.968,558870.006],[174038.717,558870.182],[174039.119,558866.481],[174036.602,558862.919],[174036.84,558860.799],[174036.89,558860.068],[174036.919,558859.649],[174037.07,558857.453],[174037.441,558853.402],[174032.389,558852.652],[174033.578,558845.668],[174041.116,558847.217],[174041.138,558846.797],[174041.593,558846.861],[174044.74,558831.382],[174044.279,558831.276],[174044.352,558830.861],[174036.854,558829.257],[174039.338,558819.198],[174044.276,558820.606],[174044.396,558820.172],[174047.144,558811.019],[174047.347,558810.223],[174042.54,558808.852],[174044.191,558803.764],[174051.45,558806.26],[174051.594,558805.824],[174054.447,558797.535],[174052.078,558796.72],[174052.317,558796.023],[174054.883,558796.892],[174056.586,558791.807],[174056.716,558791.421],[174049.587,558788.519],[174052.518,558781.879],[174059.59,558785.118],[174059.744,558784.717],[174065.45,558778.078],[174065.735,558777.747],[174060.024,558772.533],[174065.003,558767.247],[174068.574,558770.826],[174068.813,558770.538],[174068.959,558770.3],[174072.445,558766.199],[174076.001,558761.69],[174079.15,558756.887],[174081.867,558751.828],[174084.132,558746.551],[174084.282,558746.142],[174079.491,558744.734],[174082.812,558735.123],[174087.567,558736.762],[174087.679,558736.356],[174089.093,558728.328],[174089.913,558722.576],[174090.323,558716.78],[174090.321,558710.969],[174089.925,558706.887],[174089.434,558700.883],[174089.398,558700.438],[174084.182,558701.195],[174083.667,558697.103]],[[174095.54,558960.05],[174097.69,558959.459],[174102.845,558958.042],[174105.18,558957.4],[174118.74,558953.39],[174120.024,558952.98],[174121.274,558952.476],[174122.482,558951.879],[174127.613,558950.573],[174129.501,558949.127],[174130.6,558948.56],[174137.15,558938.707],[174134.73,558937.51],[174129.41,558934.88],[174131.86,558930.57],[174134.3,558926.21],[174138.87,558928.65],[174139.779,558920.253],[174139.98,558918.4],[174140.22,558915.88],[174140.761,558907.987],[174143.147,558905.659],[174140.94,558905.37],[174135.38,558904.64],[174136.007,558900],[174136.07,558899.54],[174136.65,558894.76],[174141.65,558895.34],[174142.368,558885.525],[174141.529,558885.525],[174141.52,558885.35],[174141.36,558883.07],[174140.653,558876.563],[174135.58,558873.423],[174135.1,558871.76],[174134.86,558866.88],[174134.71,558861.88],[174139.46,558861.72],[174138.168,558852.06],[174137.138,558845.475],[174137.338,558844.13],[174136.918,558844.068],[174136.503,558841.411],[174135.19,558833.5],[174133.992,558828.259],[174133.794,558827.565],[174133.588,558826.874],[174133.373,558826.185],[174136.546,558823.703],[174131.6,558814.074],[174130.636,558815.02],[174128.67,558816.87],[174125.29,558820.05],[174121.87,558816.5],[174118.3,558812.81],[174122.16,558809.11],[174122.425,558808.856],[174113.85,558800.462],[174110.728,558799.585],[174107.544,558798.967],[174104.32,558798.611],[174101.078,558798.521],[174098.664,558798.691],[174096.276,558799.08],[174093.933,558799.684],[174091.654,558800.498],[174089.459,558801.516],[174087.365,558802.728],[174085.39,558804.126],[174085.902,558805.119],[174083.812,558806.596],[174081.867,558808.259],[174080.083,558810.095],[174078.477,558812.086],[174077.06,558814.218],[174075.846,558816.471],[174074.845,558818.826],[174074.065,558821.264],[174075.249,558821.638],[174073.303,558828.619],[174078.05,558830.03],[174076.51,558834.65],[174074.93,558839.59],[174070.274,558837.909],[174067.298,558846.405],[174066.55,558848.68],[174066.293,558849.459],[174062.829,558859.86],[174067.57,558861.39],[174066,558866.12],[174064.4,558870.89],[174059.7,558869.27],[174057.333,558868.454],[174056.792,558868.335],[174056.432,558869.372],[174058.983,558870.258],[174055.622,558873.865],[174054.782,558874.92],[174054.156,558876.204],[174053.988,558878.053],[174054.712,558880.484],[174054.562,558880.888],[174051.07,558879.587],[174049.541,558883.693],[174051.635,558884.473],[174048.595,558892.635],[174048.764,558893.431],[174051.34,558894.24],[174056.31,558895.8],[174054.7,558900.47],[174053.05,558905.36],[174048.546,558903.75],[174043.231,558919.333],[174043.1,558919.85],[174042.97,558920.97],[174042.77,558924.01],[174042.85,558928.15],[174043.34,558932.28],[174044.6,558936.91],[174049.24,558934.44],[174051.6,558938.79],[174053.99,558943.1],[174049.655,558945.414],[174051.456,558948.393],[174053.843,558951.65],[174058.282,558955.153],[174061.59,558957.28],[174065.44,558958.85],[174069.38,558960.1],[174073.44,558961.08],[174077.55,558961.69],[174081.7,558961.94],[174085.85,558961.85],[174089.99,558961.42],[174095.54,558960.05]]]}},{"type":"Feature","properties":{"relatieveHoogteligging":0,"lokaalID":"P0021.b2d50766a2a84d1d9ea455fbff9f487d","bgt_status":"bestaand","class":"waterloop","objecttype":"Waterdeel"},"geometry":{"type":"Polygon","coordinates":[[[174050.927,559502.41],[174050.623,559502.793],[174047.18,559510.197],[174039.489,559526.737],[174035.594,559536.281],[174029.423,559545.739],[174028.49,559547.056],[174023.951,559553.468],[174012.282,559569.952],[174011.52,559570.5],[174002.9,559576.7],[174002.62,559576.83],[174001.945,559577.514],[174000.678,559578.244],[174000.018,559578.624],[173998.769,559579.459],[173998.224,559579.94],[173988.258,559588.745],[173980.384,559596.522],[173979.201,559597.925],[173978.478,559598.61],[173977.9,559599.179],[173977.271,559599.842],[173977.12,559600.215],[173975.76,559601.329],[173973.799,559603.086],[173972.678,559604.183],[173969.821,559607.299],[173961.144,559616.639],[173947.483,559631.964],[173936.533,559644.293],[173928.577,559653.758],[173924.267,559659.252],[173924.088,559659.443],[173916.397,559671.121],[173914.33,559673.989],[173907.926,559682.731],[173905.04,559686.862],[173902.46,559690.463],[173902.375,559690.405],[173901.447,559691.766],[173877.932,559676.436],[173879.101,559675.164],[173879.735,559674.475],[173894.335,559658.589],[173899.893,559653.437],[173909.796,559641.779],[173912.12,559635.887],[173914.548,559632.165],[173925.138,559620.795],[173937.277,559605.961],[173952.102,559589.525],[173960.531,559579.293],[173962.83,559577.43],[173962.34,559573.6],[173962.46,559572.86],[173962.77,559572.15],[173963.43,559571.4],[173965.946,559569.568],[173975.349,559562.558],[173975.758,559561.231],[174007.831,559527.71],[174008.475,559527.412],[174009.023,559526.84],[174009.106,559526.149],[174008.915,559525.363],[174008.606,559525.148],[174013.227,559513.46],[174013.31,559513.4],[174013.337,559513.188],[174016.336,559510.899],[174019.98,559507.75],[174023.7,559503.443],[174026.236,559500],[174026.327,559499.876],[174029.05,559495.192],[174029.372,559494.434],[174050.927,559502.41]]]}},{"type":"Feature","properties":{"relatieveHoogteligging":0,"lokaalID":"G1900.13d463eca82042518e29471df1aa5a2f","bgt_status":"bestaand","class":"waterloop","objecttype":"Waterdeel"},"geometry":{"type":"Polygon","coordinates":[[[172679.542,559055.903],[172669.839,559058.212],[172662.732,559060.653],[172661.7,559061.45],[172659.34,559062.58],[172657.77,559063.33],[172656.45,559063.99],[172655.02,559064.73],[172653.58,559065.43],[172652.18,559066.17],[172651.09,559066.76],[172650.35,559067.21],[172649.68,559067.65],[172649.27,559067.96],[172648.5,559068.71],[172647.86,559069.29],[172647.21,559069.95],[172646.51,559070.82],[172645.88,559071.71],[172645.4,559072.62],[172644.92,559073.6],[172644.69,559074.05],[172644.34,559074.89],[172644.12,559075.43],[172644,559075.93],[172643.84,559076.45],[172643.67,559076.94],[172643.53,559077.39],[172643.42,559077.79],[172643.38,559078.36],[172643.37,559078.76],[172643.31,559079.14],[172643.29,559079.66],[172643.28,559080.14],[172643.26,559080.68],[172643.3,559081.06],[172643.49,559083.77],[172645.49,559105.42],[172647.5,559128.24],[172649.44,559151.12],[172649.45,559151.62],[172649.46,559152.07],[172649.42,559152.44],[172649.37,559152.77],[172649.31,559152.99],[172649.2,559153.21],[172648.96,559153.68],[172648.8,559154],[172648.64,559154.3],[172648.46,559154.57],[172648.31,559154.74],[172648.13,559154.86],[172647.59,559155.14],[172647.24,559155.25],[172646.81,559155.34],[172646.43,559155.43],[172646.11,559155.44],[172645.91,559155.46],[172645.68,559155.46],[172645.36,559155.45],[172645.13,559155.41],[172644.81,559155.38],[172644.56,559155.32],[172644.31,559155.22],[172644.07,559155.03],[172643.82,559154.9],[172643.63,559154.8],[172643.31,559154.54],[172643.16,559154.38],[172642.95,559154],[172642.76,559153.74],[172642.64,559153.51],[172642.57,559153.19],[172642.49,559152.78],[172640.72,559134.04],[172638.48,559108.96],[172636.18,559079.07],[172636.15,559078.44],[172636.14,559077.87],[172636.08,559077.39],[172636.09,559076.91],[172636.08,559076.44],[172636.1,559075.94],[172636.19,559075.34],[172636.23,559074.97],[172636.29,559074.47],[172636.36,559074],[172636.45,559073.5],[172636.54,559072.92],[172636.68,559072.28],[172636.93,559071.54],[172637.1,559070.99],[172637.24,559070.55],[172637.49,559069.75],[172637.7,559069.31],[172638.05,559068.59],[172638.687,559066.477],[172639.262,559065.782],[172641.397,559063.197],[172645.44,559059.797],[172668.176,559054.699],[172684.686,559051.117],[172701.17,559047.421],[172723.332,559041.667],[172745.454,559035.735],[172767.577,559029.803],[172788.349,559025.611],[172804.066,559020.727],[172815.233,559018.493],[172824.873,559018.212],[172828.264,559018.401],[172834.014,559018.984],[172835.144,559022.695],[172834.01,559026.128],[172828.203,559027.965],[172815.724,559030.343],[172803.488,559033.478],[172796.356,559035.306],[172787.179,559038.131],[172782.499,559039.2],[172778.732,559040.064],[172775.689,559040.756],[172758.605,559043.054],[172731.11,559045.348],[172720.88,559046.392],[172712.633,559047.781],[172681.15,559055.52],[172679.542,559055.903]]]}},{"type":"Feature","properties":{"relatieveHoogteligging":0,"lokaalID":"G1900.3f376a95ae2a4e37add387f77c91e4d4","bgt_status":"bestaand","class":"waterloop","objecttype":"Waterdeel"},"geometry":{"type":"Polygon","coordinates":[[[173649.109,558654.414],[173652.461,558698.753],[173651.624,558699.233],[173651.06,558698.367],[173648.094,558695.308],[173647.428,558694.82],[173644.768,558692.872],[173644.422,558692.618],[173640.54,558690.699],[173639.645,558690.445],[173637.398,558689.806],[173636.329,558689.502],[173632.12,558688.941],[173631.569,558688.974],[173628.464,558689.163],[173627.753,558689.206],[173623.456,558690.324],[173622.614,558690.688],[173620.446,558691.625],[173619.44,558692.059],[173616.899,558693.795],[173613.899,558696.432],[173612.727,558697.553],[173610.175,558701.038],[173609.745,558701.902],[173608.708,558703.982],[173608.245,558704.911],[173607.072,558708.83],[173602.161,558707.926],[173597.813,558707.098],[173597.748,558706.155],[173597.516,558706.117],[173594.166,558705.566],[173587.509,558707.305],[173581.2,558709.445],[173574.169,558711.237],[173568.93,558712.895],[173564.598,558716.709],[173558.718,558717.924],[173555.387,558718.612],[173554.578,558718.779],[173552.114,558719.288],[173547.891,558720.465],[173543.667,558720.947],[173540.94,558719.155],[173537.705,558716.613],[173530.193,558718.86],[173523.911,558721.428],[173520.943,558723.541],[173515.837,558728.597],[173513.191,558731.994],[173510.33,558737.076],[173509.849,558740.553],[173510.544,558742.987],[173510.971,558743.584],[173510.846,558744.17],[173510.73,558744.758],[173510.622,558745.347],[173510.676,558751.494],[173510.69,558751.702],[173510.706,558751.909],[173510.724,558752.116],[173504.439,558753.318],[173498.098,558754.169],[173491.718,558754.667],[173491.292,558752.914],[173490.713,558751.206],[173489.986,558749.554],[173489.118,558747.973],[173488.487,558743.597],[173485.68,558740.975],[173480.868,558738.648],[173473.249,558735.759],[173467.474,558734.154],[173459.641,558732.282],[173456.754,558734.957],[173455.017,558739.023],[173452.049,558739.691],[173445.981,558738.3],[173442.434,558737.225],[173441.597,558736.971],[173440.687,558736.696],[173432.603,558734.244],[173427.722,558730.543],[173424.594,558729.447],[173422.053,558730.126],[173420.653,558733.112],[173417.874,558734.016],[173412.469,558735.94],[173409.426,558737.023],[173406.565,558738.21],[173402.555,558739.669],[173400.417,558740.586],[173398.186,558741.352],[173397.577,558741.561],[173395.662,558742.365],[173395.352,558742.505],[173394.516,558740.51],[173392.256,558736.936],[173391.415,558735.948],[173390.002,558734.214],[173389.132,558733.254],[173385.779,558730.626],[173381.651,558728.356],[173377.7,558726.949],[173376.388,558726.746],[173374.204,558726.352],[173372.984,558726.129],[173368.668,558726.309],[173364.139,558727.239],[173360.095,558728.76],[173359.017,558729.432],[173357.087,558730.533],[173356.472,558730.896],[173355.869,558731.231],[173352.633,558734.029],[173349.807,558737.706],[173347.403,558742.62],[173346.598,558744.691],[173346.221,558745.934],[173345.398,558750.052],[173345.528,558751.367],[173331.319,558751.641],[173331.304,558751.641],[173320.372,558751.864],[173312.119,558756.069],[173309.38,558757.465],[173309.11,558756.931],[173308.236,558755.19],[173307.835,558754.386],[173307.601,558753.88],[173305.219,558750.678],[173303.411,558749.057],[173302.722,558748.443],[173302.27,558748.029],[173298.821,558745.987],[173296.257,558744.976],[173295.461,558744.63],[173295.091,558744.455],[173291.16,558743.646],[173288.15,558743.564],[173287.26,558743.496],[173287.123,558743.551],[173283.649,558744.02],[173280.072,558745.137],[173279.326,558745.577],[173276.572,558746.959],[173273.466,558749.508],[173273.228,558749.788],[173272.636,558750.436],[173270.825,558752.487],[173268.67,558755.875],[173268.412,558756.445],[173268.069,558757.272],[173267.119,558759.575],[173266.383,558763.491],[173266.335,558764.068],[173266.296,558764.936],[173266.23,558766.909],[173258.238,558766.397],[173257.107,558767.901],[173256.446,558768.711],[173255.879,558769.198],[173257.629,558775.65],[173246.308,558778.371],[173244.762,558771.816],[173244.031,558772.204],[173243.969,558772.088],[173240.061,558774.07],[173239.882,558773.82],[173239.875,558773.823],[173239.025,558774.155],[173232.367,558767.432],[173233.541,558766.253],[173224.831,558762.089],[173225.532,558760.591],[173215.942,558759.645],[173216.089,558758.003],[173206.773,558760.393],[173206.324,558758.809],[173198.362,558764.214],[173197.415,558762.875],[173191.893,558770.672],[173190.526,558769.719],[173187.952,558778.983],[173186.323,558778.548],[173187.082,558788.369],[173187.189,558788.359],[173187.237,558788.906],[173182.667,558789.4],[173181.822,558789.478],[173170.587,558791.36],[173169.768,558791.771],[173162.016,558795.887],[173159.261,558797.317],[173159.35,558797.556],[173159.261,558797.606],[173158.042,558795.377],[173157.542,558794.723],[173156.503,558793.308],[173155.332,558791.998],[173154.042,558790.807],[173152.643,558789.745],[173151.836,558789.187],[173149.75,558787.955],[173147.557,558786.924],[173145.278,558786.103],[173144.382,558785.81],[173141.987,558785.426],[173139.567,558785.256],[173137.142,558785.304],[173136.165,558785.398],[173134.377,558785.693],[173132.621,558786.145],[173130.912,558786.749],[173129.263,558787.502],[173128.34,558787.961],[173126.295,558789.244],[173124.386,558790.722],[173122.633,558792.382],[173121.99,558793.108],[173120.869,558794.535],[173119.873,558796.052],[173119.01,558797.648],[173118.285,558799.312],[173117.959,558800.266],[173117.308,558802.478],[173116.819,558804.731],[173116.494,558807.014],[173116.617,558807.891],[173116.94,558811.506],[173116.758,558811.537],[173107.448,558815.653],[173098.204,558818.225],[173097.466,558818.58],[173087.594,558821.365],[173079.971,558819.112],[173080.244,558818.946],[173078.523,558816.166],[173080.602,558814.948],[173077.194,558809.017],[173075.059,558811.526],[173074.593,558811.171],[173074.132,558810.82],[173073.041,558809.988],[173074.403,558808.078],[173068.72,558803.68],[173067.857,558806.624],[173065.208,558805.853],[173065.791,558803.269],[173063.91,558802.667],[173059.234,558801.414],[173059.234,558804.617],[173056.393,558804.813],[173056.219,558802.616],[173054.17,558802.746],[173049.491,558802.983],[173050.695,558805.871],[173047.726,558807.241],[173047.516,558806.739],[173042.075,558809.254],[173042.778,558809.988],[173040.533,558812.365],[173040.129,558811.957],[173035.988,558816.262],[173037.004,558816.745],[173035.755,558819.767],[173033.608,558818.756],[173031.153,558824.963],[173034.049,558825.123],[173033.971,558828.393],[173031.884,558828.164],[173031.828,558829.875],[173031.759,558833.588],[173033.906,558839.261],[173035.724,558844.182],[173037.971,558842.481],[173039.421,558844.197],[173037.833,558845.521],[173039.327,558847.208],[173042.702,558851.563],[173040.219,558856.131],[173037.597,558860.917],[173038.86,558865.032],[173040.712,558871.062],[173039.217,558872.126],[173036.386,558868.146],[173035.839,558868.582],[173042.58,558877.146],[173044.47,558883.303],[173042.975,558884.445],[173040.025,558880.582],[173039.741,558880.777],[173046.264,558889.147],[173048.262,558895.654],[173046.185,558896.986],[173050.069,558901.537],[173051.975,558907.746],[173049.912,558909.275],[173053.506,558913.634],[173053.746,558913.515],[173055.768,558920.098],[173053.939,558921.415],[173057.548,558925.896],[173059.482,558932.197],[173057.726,558933.613],[173061.313,558938.159],[173063.287,558944.588],[173061.379,558945.882],[173065.052,558950.338],[173066.965,558956.567],[173065.185,558958.009],[173068.72,558962.283],[173066.447,558963.896],[173063.01,558959.055],[173062.535,558959.396],[173066.156,558964.187],[173064.889,558965.15],[173072.657,558974.984],[173074.436,558980.779],[173092.035,558985.567],[173093.785,558986.053],[173097.759,558998.028],[173098.216,558999.482],[173102.325,559011.962],[173103.988,559015.379],[173104.83,559020.435],[173102.491,559027.644],[173098.935,559030.733],[173094.21,559031.435],[173089.158,559028.627],[173083.263,559022.354],[173071.338,559009.665],[173064.643,559001.29],[173058.281,558991.834],[173054.164,558984.813],[173044.901,558978.775],[173034.842,558974.983],[173024.55,558969.272],[173017.568,558962.205],[173017.501,558961.809],[173017.246,558961.606],[173016.851,558961.479],[173012.199,558953.451],[173011.31,558948.021],[173011.404,558937.348],[173012.246,558922.603],[173011.871,558913.569],[173010.842,558906.22],[173011.263,558899.854],[173010.608,558893.722],[173008.784,558881.083],[173005.442,558857.939],[173001.86,558821.355],[172999.622,558798.505],[173001.152,558797.229],[173001.066,558790.897],[172999.737,558789.751],[173001.112,558777.512],[173002.044,558770.406],[173003.542,558768.099],[173004.592,558767.536],[173010.39,558764.683],[173017.474,558762.998],[173023.676,558762.918],[173031.509,558763.266],[173038.62,558764.202],[173048.725,558765.138],[173060.568,558765.646],[173069.156,558766.015],[173079.308,558767.011],[173091.124,558766.877],[173095.135,558766.831],[173100.134,558765.432],[173104.785,558764.951],[173106.015,558763.4],[173110.292,558762.463],[173120.531,558758.023],[173122.804,558758.157],[173124.514,558757.087],[173131.278,558755.215],[173137.596,558753.466],[173146.169,558751.577],[173148.655,558751.47],[173149.323,558750.213],[173162.365,558744.824],[173166.673,558743.044],[173179.087,558736.855],[173188.503,558736.364],[173198.655,558734.725],[173215.308,558732.038],[173238.198,558727.435],[173257.274,558721.537],[173276.923,558717.032],[173284.947,558717.195],[173303.45,558715.147],[173308.135,558714.629],[173313.286,558715.978],[173318.9,558715.37],[173336.818,558709.94],[173348.701,558706.85],[173360.174,558704.719],[173360.55,558704.82],[173360.842,558704.676],[173360.934,558704.578],[173361.783,558704.42],[173370.876,558702.731],[173384.163,558701.28],[173425.051,558694.259],[173459.531,558690.795],[173473.718,558688.751],[173473.841,558688.808],[173474.169,558688.829],[173474.439,558688.647],[173474.678,558688.308],[173474.907,558687.97],[173475.178,558687.783],[173475.514,558687.806],[173475.846,558687.962],[173488.396,558681.854],[173504.162,558677.173],[173513.472,558676.003],[173526.993,558679.046],[173545.098,558684.99],[173556.419,558686.816],[173567.554,558685.271],[173578.876,558681.433],[173598.899,558673.709],[173611.25,558666.501],[173621.448,558661.211],[173638.984,558656.346],[173649.109,558654.414]],[[173479.556,558713.03],[173479.837,558713.679],[173480.111,558714.193],[173481.785,558716.356],[173483.73,558716.707],[173485.972,558718.599],[173488.198,558719.966],[173489.429,558721.22],[173492.427,558724.274],[173494.939,558726.274],[173497.289,558726.517],[173499.018,558726.409],[173501.233,558724.842],[173507.742,558717.68],[173508.715,558716.518],[173510.173,558716.031],[173511.145,558713.275],[173511.226,558710.977],[173510.416,558708.302],[173508.931,558706.464],[173506.068,558705.734],[173504.339,558704.897],[173500.638,558704.113],[173497.333,558703.988],[173492.37,558704.402],[173487.159,558706.14],[173483.354,558708.209],[173479.052,558711.851],[173479.556,558713.03]]]}},{"type":"Feature","properties":{"relatieveHoogteligging":0,"lokaalID":"W0653.2df4c17943e447af9b405733403f1d9b","bgt_status":"bestaand","class":"waterloop","objecttype":"Waterdeel"},"geometry":{"type":"Polygon","coordinates":[[[173689.36,559031.845],[173691.375,559032.662],[173692.552,559035.871],[173693.728,559039.081],[173694.95,559041.217],[173692.914,559044.645],[173691.326,559046.617],[173689.773,559047.236],[173688.912,559046.922],[173687.232,559046.311],[173684.833,559046.861],[173679.731,559048.863],[173671.375,559051.492],[173668.023,559052.408],[173665.517,559053.092],[173664.74,559053.213],[173663.431,559053.418],[173661.186,559053.77],[173659.398,559054.61],[173656.786,559055.237],[173656.19,559056.261],[173654.021,559057.958],[173651.287,559061.091],[173648.949,559063.262],[173646.521,559064.53],[173644.412,559065.845],[173641.266,559069.107],[173637.538,559072.325],[173635.644,559073.961],[173633.291,559074.404],[173630.221,559074.282],[173628.739,559073.563],[173627.395,559072.585],[173624.986,559073.018],[173620.78,559076.232],[173615.981,559079.898],[173611.938,559084.049],[173608.336,559087.747],[173607.452,559087.804],[173606.308,559087.577],[173604.291,559086.675],[173603.512,559085.88],[173604.173,559083.328],[173609.212,559077.51],[173610.559,559075.955],[173617.19,559070.057],[173623.822,559064.159],[173634.219,559057.852],[173646.263,559052.207],[173654.51,559049.192],[173657.29,559048.176],[173658.902,559046.489],[173659.322,559045.421],[173656.194,559044.19],[173652.051,559044.458],[173646.784,559045.501],[173642.962,559045.852],[173637.347,559045.18],[173634.219,559044.805],[173631.279,559045.902],[173628.365,559045.554],[173625.905,559044.458],[173625.023,559042.639],[173624.381,559040.499],[173624.47,559040.124],[173624.889,559038.359],[173626.761,559037.744],[173631.813,559038.707],[173637.294,559041.328],[173642.061,559041.985],[173646.704,559041.649],[173652.439,559041.234],[173657.932,559040.419],[173665.497,559039.295],[173669.213,559037.396],[173672.341,559036.727],[173673.836,559036.727],[173677.176,559036.727],[173677.608,559036.727],[173678.471,559036.327],[173681.992,559034.694],[173686.082,559031.806],[173689.13,559031.752],[173689.36,559031.845]],[[173664.166,559043.07],[173663.338,559044.434],[173664.808,559045.584],[173668.283,559045.557],[173673.167,559044.968],[173676.651,559043.872],[173679.458,559042.99],[173680.768,559041.625],[173680.607,559040.448],[173678.308,559039.913],[173675.394,559040.769],[173670.363,559041.576],[173666.385,559042.535],[173664.166,559043.07]]]}},{"type":"Feature","properties":{"relatieveHoogteligging":0,"lokaalID":"W0653.f51f5d98ad764b46b249f1a111e83cab","bgt_status":"bestaand","class":"waterloop","objecttype":"Waterdeel"},"geometry":{"type":"Polygon","coordinates":[[[173694.576,559666.007],[173695.142,559665.072],[173700.108,559656.874],[173715.642,559632.42],[173726.542,559613.745],[173729.367,559609.094],[173731.593,559610.446],[173724.325,559622.408],[173676.726,559700.748],[173653.023,559738.134],[173642.734,559755.413],[173638.674,559759.639],[173630.961,559772.434],[173626.637,559779.608],[173624.036,559779.029],[173623.7,559778.56],[173623.506,559778.287],[173623.198,559777.489],[173622.728,559776.273],[173622.728,559774.577],[173625.166,559770.302],[173628.17,559766.627],[173633.894,559756.84],[173639.618,559748.713],[173642.798,559743.024],[173647.497,559735.145],[173653.221,559725.994],[173658.804,559717.832],[173662.973,559710.977],[173666.648,559705.5],[173671.029,559698.61],[173678.59,559686.314],[173691.628,559666.74],[173693.199,559666.349],[173694.576,559666.007]]]}},{"type":"Feature","properties":{"relatieveHoogteligging":0,"lokaalID":"G1900.1b1a7a62977c492fb4e68b2a31649fbc","bgt_status":"bestaand","class":"watervlakte","plus_type":"meer, plas, ven, vijver","objecttype":"Waterdeel"},"geometry":{"type":"Polygon","coordinates":[[[172930.107,559869.807],[172931.15,559870.252],[172932.276,559870.732],[172938.572,559871.026],[172946.463,559870.732],[172951.71,559869.641],[172955.506,559868.839],[172964.826,559868.75],[172971.385,559867.86],[172977.593,559867.436],[172978.556,559866.97],[172977.486,559854.597],[172977.09,559840.878],[172976.8,559830.801],[172976.291,559825.563],[172977.89,559824.981],[172979.054,559825.309],[172979.635,559837.131],[172981.199,559849.099],[172981.889,559857.72],[172983.053,559867.033],[172985.743,559882.711],[172986.286,559889.511],[172985.037,559891.172],[172983.463,559892.943],[172981.43,559894.321],[172979.988,559894.916],[172979.987,559894.916],[172977.297,559896.026],[172974.149,559896.813],[172969.098,559897.732],[172953.028,559900.29],[172943.058,559904.291],[172934.728,559907.308],[172932.891,559907.111],[172926.004,559903.635],[172923.703,559900.571],[172919.095,559849.908],[172867.656,559854.587],[172866.024,559854.064],[172864.752,559852.155],[172864.752,559849.99],[172867.869,559846.171],[172871.311,559844.704],[172880.149,559843.624],[172915.586,559839.295],[172924.875,559839.805],[172927.038,559841.714],[172929.03,559857.304],[172930.107,559869.807]]]}},{"type":"Feature","properties":{"relatieveHoogteligging":0,"lokaalID":"G1900.4d446a4ed267459ea69283e02f9ccb98","bgt_status":"bestaand","class":"waterloop","objecttype":"Waterdeel"},"geometry":{"type":"Polygon","coordinates":[[[172671.228,558474.281],[172672.394,558473.007],[172672.806,558472.558],[172672.846,558472.592],[172675.242,558474.531],[172676.055,558474.733],[172700.022,558448.448],[172710.83,558436.596],[172724.962,558421.097],[172726.521,558422.579],[172723.079,558426.402],[172708.171,558442.101],[172693.34,558458.908],[172680.585,558473.363],[172676.321,558477.418],[172674.473,558477.013],[172671.228,558474.281]]]}},{"type":"Feature","properties":{"relatieveHoogteligging":0,"lokaalID":"P0021.cda5008c2622499183ddb1a38d4d31a7","bgt_status":"bestaand","class":"waterloop","objecttype":"Waterdeel"},"geometry":{"type":"Polygon","coordinates":[[[172234.197,560092.377],[172233.496,560092.18],[172175.622,560075.936],[172114.481,560040.417],[172103.435,560031.043],[172098.914,560027.791],[172080.4,560011.227],[172102.365,559972.325],[172102.97,559972.71],[172106.593,559975.041],[172107.12,559975.38],[172107.88,559975.92],[172108.6,559976.35],[172109.32,559976.69],[172109.69,559976.9],[172110.22,559977.18],[172110.91,559977.77],[172111.45,559978.3],[172112.16,559979.13],[172112.95,559979.8],[172113.52,559980.25],[172113.89,559980.61],[172114.48,559981.19],[172115.23,559981.78],[172116.14,559982.42],[172116.88,559982.93],[172117.63,559983.41],[172118.1,559983.82],[172118.69,559984.13],[172119.46,559984.59],[172120.2,559985.08],[172121.14,559985.69],[172121.79,559986.13],[172122.16,559986.33],[172122.68,559986.72],[172123.35,559987.2],[172123.94,559987.66],[172124.31,559987.89],[172124.76,559988.17],[172125.43,559988.66],[172126.12,559989.22],[172126.91,559989.83],[172127.4,559990.24],[172127.87,559990.55],[172128.37,559990.98],[172128.69,559991.46],[172129.18,559992.16],[172129.84,559992.67],[172130.54,559993.18],[172131.08,559993.49],[172131.8,559993.73],[172132.38,559993.86],[172133.05,559994.07],[172133.7,559994.31],[172134.54,559994.7],[172135.26,559995],[172136.13,559995.52],[172136.92,559995.83],[172137.57,559996.02],[172138.29,559996.25],[172139.11,559996.57],[172139.94,559996.8],[172140.71,559997.06],[172142.28,559997.49],[172142.47,559997.61],[172143.09,559998],[172144.06,559998.44],[172145.08,559999],[172146.25,559999.52],[172147.09,559999.78],[172147.37,559999.94],[172147.49,560000],[172148.06,560000.3],[172149.23,560000.91],[172150.37,560001.36],[172150.69,560001.54],[172151.31,560001.95],[172152.21,560002.46],[172153.22,560003.15],[172154.11,560003.64],[172154.83,560004.07],[172155.63,560004.44],[172156.65,560004.98],[172157.51,560005.36],[172158.78,560006.03],[172159.72,560006.45],[172160.97,560006.96],[172162.18,560007.46],[172163.55,560008.1],[172164.54,560008.65],[172165.24,560008.95],[172166.08,560009.42],[172167.3,560010.11],[172168.32,560010.57],[172168.91,560010.93],[172169.68,560011.3],[172170.57,560011.68],[172171.52,560012.1],[172172.29,560012.43],[172173.39,560012.75],[172174.08,560012.89],[172174.88,560013.2],[172175.77,560013.51],[172176.49,560013.8],[172177.64,560014.22],[172178.56,560014.5],[172178.86,560014.53],[172179.657,560014.739],[172180.58,560015.03],[172181.65,560015.27],[172182.45,560015.51],[172183.092,560015.685],[172183.44,560015.78],[172183.84,560015.91],[172184.61,560016.17],[172185.38,560016.48],[172186.63,560016.85],[172187.8,560017.24],[172188.42,560017.53],[172189.22,560017.71],[172189.79,560017.87],[172190.76,560018.16],[172191.73,560018.52],[172192.92,560019.04],[172193.89,560019.46],[172194.56,560019.77],[172195.75,560020.39],[172196.57,560021.05],[172197.71,560021.86],[172198.88,560022.43],[172199.4,560022.64],[172199.89,560022.87],[172200.62,560023.16],[172201.34,560023.42],[172202.13,560023.63],[172203.06,560023.87],[172204.15,560024.19],[172204.95,560024.5],[172205.64,560024.73],[172206.26,560025.04],[172207.26,560025.51],[172208.03,560025.97],[172209.04,560026.56],[172210.11,560027.1],[172210.93,560027.51],[172211.48,560027.72],[172212.15,560028.03],[172212.84,560028.29],[172213.76,560028.58],[172214.56,560028.82],[172215.43,560029.08],[172215.61,560029.18],[172216.57,560029.67],[172217.27,560030.16],[172217.96,560030.69],[172218.53,560031.1],[172219.02,560031.56],[172219.71,560032.17],[172220.93,560032.86],[172222.49,560033.61],[172224.06,560034.43],[172225.57,560035.21],[172226.91,560035.9],[172228.15,560036.44],[172229.19,560036.96],[172229.42,560037.14],[172229.74,560037.52],[172229.99,560037.7],[172230.18,560038],[172230.35,560038.35],[172230.62,560038.61],[172230.9,560038.66],[172231.3,560038.59],[172231.73,560038.4],[172232.15,560038.21],[172232.45,560038.08],[172232.96,560037.99],[172233.33,560037.82],[172233.68,560037.68],[172234.16,560037.61],[172234.59,560037.64],[172235.08,560037.75],[172235.76,560037.91],[172235.96,560037.93],[172236.91,560038.05],[172237.93,560038.09],[172238.66,560038.08],[172239.38,560038.06],[172240.08,560037.95],[172240.71,560037.88],[172241.54,560037.74],[172241.76,560037.8],[172242.03,560037.98],[172242.36,560037.98],[172242.66,560037.99],[172243.26,560037.99],[172243.73,560037.98],[172244.36,560037.91],[172244.89,560037.92],[172245.49,560037.95],[172246.08,560038.04],[172246.43,560038.17],[172246.75,560038.24],[172247,560038.25],[172324.809,560076.548],[172308.199,560113.549],[172306.843,560112.946],[172296.248,560109.926],[172266.261,560101.377],[172265.278,560101.101],[172250.7,560097.009],[172238.881,560093.692],[172234.197,560092.377]]]}},{"type":"Feature","properties":{"relatieveHoogteligging":0,"lokaalID":"G1900.b2768b18510c460c879914f8b8a9f5ce","bgt_status":"bestaand","class":"waterloop","objecttype":"Waterdeel"},"geometry":{"type":"Polygon","coordinates":[[[173621.793,559588.126],[173618.386,559588.28],[173612.161,559588.562],[173605.28,559591.081],[173600.191,559594.837],[173595.236,559601.706],[173594.91,559602.157],[173593.764,559603.885],[173593.983,559605.363],[173591.952,559609.862],[173588.159,559614.144],[173586.476,559616.045],[173582.448,559622.229],[173579.491,559627.215],[173575.911,559633.253],[173569.699,559643.218],[173567.077,559647.119],[173561.46,559655.477],[173556.195,559661.201],[173551.778,559664.699],[173544.394,559668.445],[173538.21,559669.257],[173529.554,559670.423],[173527.151,559671.589],[173526.02,559673.003],[173525.384,559675.264],[173524.218,559677.066],[173522.24,559681.235],[173520.438,559684.804],[173517.858,559688.973],[173514.128,559694.693],[173510.968,559700.527],[173510.716,559700.957],[173509.52,559703.001],[173508,559705.333],[173505.209,559709.325],[173504.255,559709.82],[173503.16,559709.431],[173502.806,559708.053],[173503.796,559706.181],[173505.244,559703.955],[173506.516,559702.011],[173506.641,559701.43],[173506.728,559701.022],[173506.407,559699.682],[173504.803,559697.911],[173494.685,559693.421],[173482.366,559688.266],[173480.517,559686.665],[173467.429,559680.928],[173464.458,559680.055],[173460.387,559679.951],[173457.333,559679.078],[173457.154,559678.796],[173457.247,559678.453],[173457.466,559678.141],[173458.038,559677.965],[173462.909,559678.983],[173468.363,559679.565],[173472.762,559681.53],[173478.469,559683.203],[173481.087,559685.822],[173484.832,559687.859],[173504.973,559696.88],[173506.607,559697.612],[173507.59,559696.771],[173509.299,559691.315],[173512.171,559684.767],[173518.097,559673.527],[173518.424,559670.253],[173517.686,559670.179],[173504.536,559672.181],[173493.484,559673.308],[173480.796,559673.054],[173471.416,559671.017],[173459.746,559664.469],[173459.237,559662.941],[173460.088,559662.658],[173462.582,559663.341],[173467.308,559666.47],[173470.504,559668.585],[173476.942,559669.962],[173484.904,559670.362],[173491.124,559670.674],[173499.083,559670.398],[173507.917,559669.198],[173533.225,559665.759],[173541.446,559664.642],[173548.09,559662.068],[173554.38,559657.739],[173559.36,559651.81],[173563.323,559645.48],[173574.775,559628.674],[173593.009,559600.42],[173597.247,559595.099],[173600.384,559591.752],[173603.126,559589.86],[173606.159,559588.364],[173611.269,559586.285],[173615.881,559585.724],[173622.363,559585.599],[173634.973,559584.892],[173635.246,559587.516],[173621.793,559588.126]]]}},{"type":"Feature","properties":{"relatieveHoogteligging":0,"lokaalID":"G1900.868f7b329a6c4913b28fc5bdf833f094","bgt_status":"bestaand","class":"waterloop","objecttype":"Waterdeel"},"geometry":{"type":"Polygon","coordinates":[[[173887.153,558691.728],[173835.39,558705.19],[173833.014,558701.881],[173828.382,558698.792],[173823.236,558696.872],[173818.652,558696.404],[173814.956,558699.307],[173813.376,558701.486],[173813.225,558701.694],[173810.511,558702.864],[173804.149,558702.209],[173801.884,558701.756],[173800.968,558701.572],[173798.301,558701.038],[173792.546,558699.4],[173790.201,558697.187],[173788.429,558695.515],[173785.669,558692.051],[173780.57,558689.945],[173773.85,558689.245],[173761.996,558691.408],[173752.123,558693.21],[173744.117,558694.67],[173742.159,558695.936],[173742.252,558696.108],[173740.136,558697.241],[173739.762,558696.571],[173739.365,558695.914],[173738.945,558695.272],[173738.504,558694.645],[173738.04,558694.034],[173737.556,558693.439],[173737.05,558692.861],[173736.525,558692.302],[173735.981,558691.761],[173735.419,558691.239],[173734.838,558690.737],[173734.24,558690.256],[173733.626,558689.797],[173732.996,558689.359],[173732.351,558688.943],[173731.692,558688.55],[173731.02,558688.18],[173730.335,558687.834],[173729.639,558687.512],[173728.932,558687.214],[173728.215,558686.942],[173727.488,558686.694],[173726.754,558686.472],[173726.012,558686.276],[173725.264,558686.106],[173724.51,558685.962],[173723.752,558685.845],[173722.99,558685.754],[173722.225,558685.69],[173721.459,558685.653],[173720.692,558685.642],[173719.925,558685.658],[173719.159,558685.701],[173718.395,558685.771],[173717.634,558685.867],[173716.876,558685.99],[173716.124,558686.139],[173715.377,558686.315],[173714.636,558686.516],[173713.903,558686.743],[173713.179,558686.996],[173712.464,558687.273],[173711.759,558687.576],[173711.065,558687.903],[173710.382,558688.254],[173709.713,558688.629],[173709.057,558689.027],[173708.415,558689.447],[173707.788,558689.89],[173707.177,558690.354],[173706.583,558690.839],[173706.006,558691.345],[173705.447,558691.87],[173704.907,558692.415],[173704.386,558692.979],[173703.885,558693.56],[173703.405,558694.158],[173702.946,558694.773],[173702.508,558695.403],[173702.093,558696.049],[173701.701,558696.708],[173701.077,558697.801],[173700.688,558697.535],[173696.872,558697.783],[173693.997,558697.634],[173688.148,558696.99],[173683.972,558696.766],[173678.055,558697.69],[173675.931,558698.289],[173670.951,558699.692],[173664.228,558702.844],[173664.124,558703.091],[173658.317,558704.911],[173655.074,558705.928],[173652.718,558701.211],[173651.624,558699.233],[173652.461,558698.753],[173649.109,558654.414],[173652.115,558654.012],[173654.965,558654.096],[173659.883,558654.511],[173664.402,558654.03],[173665.35,558654.136],[173668.828,558654.773],[173671.889,558654.969],[173678.016,558654.969],[173680.651,558654.819],[173684.598,558654.315],[173688.25,558653.559],[173691.805,558652.649],[173695.388,558651.613],[173698.845,558650.717],[173702.4,558649.862],[173708.634,558648.679],[173713.606,558648.287],[173718.676,558648.115],[173724.653,558648.385],[173728.816,558648.409],[173734.548,558647.919],[173738.662,558647.38],[173744.222,558646.351],[173750.051,558644.881],[173752.746,558644.146],[173755.013,558643.99],[173759.108,558644.084],[173777.591,558645.648],[173785.294,558646.783],[173792.874,558648.561],[173800.277,558650.969],[173807.453,558653.991],[173814.349,558657.605],[173817.446,558659.18],[173820.668,558660.483],[173823.989,558661.504],[173827.386,558662.236],[173830.833,558662.673],[173834.305,558662.811],[173837.776,558662.651],[173841.221,558662.192],[173844.613,558661.439],[173847.928,558660.397],[173851.141,558659.074],[173854.228,558657.479],[173857.166,558655.624],[173859.935,558653.524],[173862.512,558651.193],[173864.879,558648.65],[173867.019,558645.912],[173873.092,558639.697],[173879.72,558634.079],[173886.847,558629.107],[173893.409,558625.317],[173900.265,558622.091],[173907.367,558619.45],[173914.666,558617.414],[173922.11,558615.996],[173929.646,558615.207],[173937.222,558615.052],[173944.784,558615.532],[173952.279,558616.645],[173959.655,558618.381],[173971.141,558622.46],[173978.671,558624.291],[173980.697,558624.915],[173982.768,558625.366],[173984.87,558625.642],[173986.988,558625.74],[173989.106,558625.659],[173991.21,558625.401],[173993.285,558624.966],[173995.316,558624.359],[174000,558622.622],[174014.91,558617.093],[174017.568,558616.107],[174018.279,558615.785],[174018.994,558615.473],[174019.713,558615.17],[174024.673,558613.365],[174029.771,558611.997],[174034.968,558611.077],[174040.226,558610.613],[174045.505,558610.607],[174050.763,558611.06],[174055.963,558611.968],[174076.744,558617.113],[174076.877,558617.141],[174077.011,558617.169],[174077.144,558617.196],[174081.433,558617.832],[174085.586,558618.449],[174097.89,558618.044],[174101.269,558617.215],[174104.582,558616.401],[174109.318,558615.252],[174113.654,558613.003],[174117.76,558609.217],[174126.024,558602.557],[174140.284,558592.392],[174144.71,558589.808],[174149.342,558587.613],[174154.145,558585.825],[174159.084,558584.456],[174164.122,558583.516],[174189.048,558579.353],[174213.158,558576.02],[174223.081,558575.372],[174233.024,558575.29],[174242.956,558575.772],[174264.114,558577.696],[174288.427,558580.366],[174294.123,558580.589],[174299.815,558580.287],[174305.456,558579.464],[174310.997,558578.126],[174316.391,558576.284],[174321.594,558573.955],[174342.429,558563.509],[174356.684,558558.933],[174371.324,558555.798],[174386.203,558554.134],[174410.206,558553.274],[174414.741,558551.549],[174418.702,558550.042],[174426.087,558545.308],[174430.9,558537.226],[174434.329,558527.919],[174429.518,558625.944],[174428.851,558622.82],[174427.291,558617.854],[174425.022,558613.408],[174423.006,558610.347],[174422.098,558609.111],[174420.624,558607.373],[174418.679,558604.732],[174416.102,558602.168],[174414.741,558601.049],[174413.458,558599.994],[174411.209,558598.57],[174407.891,558596.47],[174406.17,558595.484],[174404.855,558595.122],[174400.383,558593.565],[174393.519,558590.75],[174386.25,558589.713],[174379.355,558588.893],[174375.413,558589.032],[174371.962,558589.261],[174365.623,558589.891],[174358.69,558591.375],[174358.294,558589.641],[174351.709,558592.488],[174345.681,558596.418],[174346.75,558597.673],[174341.402,558602.414],[174337.057,558607.534],[174333.959,558609.576],[174333.315,558611.275],[174282.709,558618.977],[174281.627,558617.916],[174281.397,558617.686],[174281.285,558617.574],[174281.101,558617.412],[174280.511,558616.893],[174279.374,558615.891],[174276.607,558613.795],[174273.671,558611.943],[174270.588,558610.348],[174267.001,558608.885],[174263.291,558607.77],[174259.492,558607.014],[174258.91,558606.924],[174258.565,558609.518],[174254.622,558609.012],[174251.996,558609.144],[174249.767,558609.415],[174249.214,558606.127],[174247.953,558606.127],[174238.274,558608.848],[174238.127,558608.592],[174236.385,558609.475],[174237.47,558612.776],[174236.734,558612.801],[174232.158,558615.641],[174231.284,558616.732],[174230.718,558616.053],[174228.914,558613.965],[174225.528,558618.401],[174223.292,558621.426],[174195.224,558621.444],[174193.191,558617.948],[174190.351,558615.713],[174190.191,558615.515],[174190.028,558615.319],[174189.861,558615.163],[174189.661,558614.978],[174189.459,558614.795],[174189.256,558614.614],[174189.051,558614.435],[174188.844,558614.258],[174188.636,558614.082],[174188.427,558613.908],[174188.215,558613.736],[174188.003,558613.566],[174187.789,558613.398],[174187.573,558613.232],[174187.356,558613.068],[174187.137,558612.905],[174186.918,558612.745],[174186.696,558612.587],[174186.473,558612.43],[174186.249,558612.275],[174186.024,558612.123],[174185.797,558611.972],[174185.569,558611.824],[174185.339,558611.677],[174185.109,558611.532],[174184.877,558611.39],[174184.644,558611.249],[174184.409,558611.111],[174184.174,558610.975],[174183.937,558610.84],[174183.699,558610.708],[174183.46,558610.578],[174183.219,558610.45],[174182.978,558610.324],[174182.735,558610.201],[174182.492,558610.079],[174182.247,558609.96],[174182.001,558609.843],[174181.755,558609.727],[174181.507,558609.615],[174181.258,558609.504],[174181.008,558609.395],[174180.758,558609.289],[174180.506,558609.185],[174180.254,558609.083],[174180,558608.984],[174179.746,558608.886],[174179.491,558608.791],[174179.235,558608.698],[174178.979,558608.608],[174178.721,558608.519],[174178.463,558608.433],[174178.204,558608.349],[174177.944,558608.268],[174177.683,558608.188],[174177.422,558608.112],[174177.161,558608.037],[174176.898,558607.965],[174176.635,558607.895],[174176.371,558607.827],[174176.107,558607.762],[174175.842,558607.699],[174175.577,558607.638],[174175.311,558607.58],[174175.044,558607.524],[174174.778,558607.47],[174174.51,558607.419],[174174.242,558607.37],[174173.974,558607.323],[174173.705,558607.279],[174173.436,558607.237],[174173.167,558607.198],[174172.897,558607.161],[174172.627,558607.126],[174172.357,558607.094],[174172.086,558607.064],[174171.815,558607.036],[174171.545,558607.011],[174171.273,558606.988],[174171.002,558606.968],[174170.73,558606.95],[174170.458,558606.934],[174170.186,558606.921],[174169.914,558606.91],[174169.642,558606.902],[174169.37,558606.896],[174169.098,558606.892],[174168.826,558606.891],[174168.553,558606.892],[174168.281,558606.896],[174168.009,558606.902],[174167.737,558606.91],[174167.465,558606.921],[174167.193,558606.934],[174166.921,558606.95],[174166.649,558606.968],[174166.378,558606.988],[174166.107,558607.011],[174165.835,558607.036],[174165.565,558607.064],[174165.294,558607.094],[174165.024,558607.126],[174164.754,558607.161],[174164.484,558607.198],[174164.215,558607.237],[174163.946,558607.279],[174163.677,558607.324],[174163.409,558607.37],[174163.141,558607.419],[174162.874,558607.47],[174162.607,558607.524],[174162.34,558607.58],[174162.074,558607.638],[174161.809,558607.699],[174161.544,558607.762],[174161.28,558607.827],[174161.016,558607.895],[174160.753,558607.965],[174160.491,558608.037],[174160.229,558608.112],[174159.968,558608.189],[174159.707,558608.268],[174159.448,558608.35],[174159.188,558608.434],[174158.93,558608.52],[174158.673,558608.608],[174158.416,558608.699],[174158.16,558608.792],[174157.905,558608.887],[174157.651,558608.984],[174157.397,558609.084],[174157.145,558609.186],[174156.893,558609.29],[174156.643,558609.396],[174156.393,558609.505],[174156.144,558609.615],[174155.897,558609.728],[174155.65,558609.843],[174155.404,558609.96],[174155.159,558610.08],[174154.916,558610.201],[174154.673,558610.325],[174154.432,558610.451],[174154.235,558610.531],[174154.086,558610.594],[174153.938,558610.659],[174153.79,558610.727],[174153.644,558610.797],[174153.499,558610.869],[174153.355,558610.943],[174153.212,558611.019],[174153.07,558611.098],[174152.93,558611.178],[174152.79,558611.261],[174152.652,558611.345],[174152.515,558611.432],[174152.38,558611.521],[174152.245,558611.611],[174152.113,558611.704],[174151.981,558611.799],[174151.851,558611.895],[174151.722,558611.994],[174151.595,558612.094],[174151.469,558612.196],[174151.345,558612.3],[174151.223,558612.406],[174151.102,558612.514],[174150.982,558612.623],[174150.864,558612.734],[174150.748,558612.848],[174150.634,558612.962],[174150.521,558613.078],[174150.41,558613.197],[174150.301,558613.316],[174150.193,558613.438],[174150.088,558613.56],[174149.984,558613.685],[174149.882,558613.811],[174149.782,558613.938],[174148.25,558615.929],[174145.812,558618.474],[174137.66,558627.634],[174134.363,558632.91],[174072.96,558653.127],[174071.712,558651.894],[174066.18,558648.169],[174061.584,558646.132],[174057.826,558644.466],[174058.307,558641.265],[174051.306,558639.193],[174050.587,558642.438],[174045.51,558641.826],[174035.04,558642.112],[174030.019,558642.921],[174030.112,558643.497],[174028.05,558644.275],[174026.023,558645.039],[174023.523,558646.073],[174021.942,558646.728],[174017.903,558648.554],[174015.656,558649.724],[174013.513,558651.074],[174011.487,558652.596],[174009.594,558654.279],[174007.845,558656.113],[174006.254,558658.083],[174003.196,558663.032],[174002.72,558664.12],[174000.209,558668.648],[173998.973,558671.276],[173998.01,558675.258],[173997.59,558677.39],[173976.179,558677.871],[173973.99,558678.638],[173972.39,558673.961],[173969.215,558669.285],[173967.106,558666.501],[173965.469,558666.723],[173965.957,558666.293],[173967.773,558664.692],[173956.876,558658.711],[173956.51,558659.79],[173953.796,558658.869],[173949.911,558658.263],[173942.024,558656.425],[173941.133,558656.448],[173934.919,558652.846],[173934.417,558652.74],[173927.461,558653.002],[173921.987,558654.208],[173918.917,558654.805],[173911.33,558657.825],[173904.605,558661.919],[173904.059,558662.265],[173903.701,558662.604],[173893.171,558672.552],[173892.796,558672.906],[173895.397,558674.76],[173891.995,558680.937],[173891.613,558681.685],[173890.138,558684.575],[173887.877,558689.098],[173887.153,558691.728]]]}},{"type":"Feature","properties":{"relatieveHoogteligging":0,"lokaalID":"G1900.4c886c6ccdc5498bb7bb96f14fee5377","bgt_status":"bestaand","class":"waterloop","objecttype":"Waterdeel"},"geometry":{"type":"Polygon","coordinates":[[[173973.99,558678.638],[173976.179,558677.871],[173997.59,558677.39],[173996.972,558680.531],[173997.13,558684.35],[173996.171,558684.404],[173996.367,558688.544],[173996.799,558692.667],[173997.465,558696.758],[173997.902,558699.167],[173997.958,558699.633],[174000,558699.577],[174007.927,558699.36],[174008.052,558709.507],[174002.722,558709.523],[174002.722,558709.928],[174003.488,558711.318],[174004.138,558712.765],[174004.667,558714.261],[174005.071,558715.796],[174005.349,558717.358],[174003.831,558717.358],[174003.831,558720.986],[174004.12,558720.986],[174003.916,558721.364],[174010.259,558725.661],[174007.242,558729.997],[174003.154,558727.173],[174003.021,558727.364],[174000.007,558731.293],[173996.093,558732.237],[173995.879,558732.587],[174000,558735.178],[174002.199,558736.561],[174000,558740],[173998.31,558742.643],[173993.991,558739.87],[173993.795,558740.205],[173989.463,558747.321],[173988.645,558748.894],[173985.086,558755.757],[173989.786,558757.654],[173986.921,558764.345],[173982.508,558762.381],[173979.822,558769.06],[173976.774,558777.293],[173975.743,558776.883],[173975.26,558776.723],[173974.678,558776.516],[173974.191,558776.328],[173973.48,558778.354],[173973.352,558778.732],[173982.738,558781.718],[173981.198,558786.359],[173979.165,558785.695],[173977.621,558790.815],[173972.753,558789.092],[173971.033,558796.033],[173968.912,558803.899],[173966.583,558803.266],[173966.213,558803.182],[173963.886,558811.739],[173963.755,558812.159],[173971.4,558813.772],[173969.802,558822.309],[173962.221,558820.88],[173962.085,558821.298],[173959.542,558834.444],[173959.489,558834.833],[173967.249,558835.751],[173966.128,558842.848],[173958.672,558841.59],[173958.572,558841.986],[173957.601,558850.628],[173959.427,558851.202],[173959.24,558851.604],[173966.391,558854.27],[173963.141,558862.308],[173956.018,558859.284],[173955.81,558859.663],[173954.558,558862.662],[173955.727,558863.932],[173955.042,558864.402],[173954.382,558864.769],[173953.691,558865.076],[173952.977,558865.321],[173952.243,558865.501],[173951.497,558865.615],[173950.743,558865.663],[173949.988,558865.643],[173949.237,558865.556],[173948.498,558865.403],[173947.775,558865.185],[173947.074,558864.903],[173946.401,558864.561],[173945.761,558864.16],[173945.159,558863.703],[173944.593,558863.188],[173944.787,558862.965],[173943.125,558861.054],[173942.431,558859.538],[173942.396,558859.417],[173942.364,558859.295],[173942.333,558859.172],[173942.202,558858.708],[173937.48,558860.359],[173935.168,558852.117],[173939.776,558850.706],[173939.162,558843.348],[173933.93,558843.722],[173933.552,558836.417],[173941.302,558836.129],[173941.283,558835.686],[173941.868,558825.897],[173942.066,558825.933],[173942.145,558825.516],[173934.503,558824.073],[173936.036,558815.461],[173943.686,558817.056],[173943.745,558816.614],[173944.316,558813.673],[173942.289,558810.778],[173944.745,558800.454],[173946.06,558794.795],[173941.29,558793.456],[173944.013,558783.745],[173948.856,558785.168],[173950.858,558778.958],[173952.517,558774.006],[173955.26,558774.735],[173957.018,558769.403],[173957.14,558769.004],[173949.784,558766.385],[173952.101,558759.441],[173959.311,558762.386],[173959.473,558762.008],[173964.999,558752.991],[173965.187,558752.635],[173958.582,558748.775],[173962.408,558742.654],[173968.754,558746.945],[173968.925,558746.569],[173972.85,558739.347],[173972.904,558739.192],[173965.69,558736.115],[173967.502,558731.28],[173972.228,558733.266],[173974.158,558727.158],[173975.19,558722.223],[173975.97,558717.242],[173976.497,558712.228],[173976.685,558709.475],[173977.202,558709.405],[173977.73,558698.955],[173977.464,558695.818],[173976.53,558687.456],[173973.99,558678.638]]]}},{"type":"Feature","properties":{"relatieveHoogteligging":0,"lokaalID":"W0653.ad01498b77084a46b0a696b41a053a65","bgt_status":"bestaand","class":"waterloop","objecttype":"Waterdeel"},"geometry":{"type":"Polygon","coordinates":[[[173840.35,559001.09],[173848.352,559000],[173851.64,558999.57],[173852.541,559000],[173855.12,559001.23],[173864.246,559000],[173903.2,558994.75],[173927.63,558994.5],[173957.33,558999.8],[173958.07,559000],[173977.21,559005.17],[174000,559013.162],[174064.13,559035.65],[174080.22,559041.09],[174081.57,559042.69],[174081.583,559042.878],[174081.586,559042.985],[174081.585,559043.16],[174081.579,559043.277],[174081.565,559043.441],[174081.548,559043.574],[174081.524,559043.72],[174081.493,559043.865],[174081.461,559043.996],[174081.415,559044.153],[174081.378,559044.265],[174081.312,559044.439],[174081.235,559044.613],[174081.188,559044.709],[174081.105,559044.864],[174081.047,559044.963],[174080.957,559045.104],[174080.882,559045.21],[174080.79,559045.331],[174080.698,559045.443],[174080.607,559045.546],[174080.487,559045.669],[174080.407,559045.745],[174080.266,559045.87],[174080.119,559045.987],[174080.037,559046.047],[174077.117,559045.133],[174073.99,559044.07],[174073.683,559044.716],[174062.41,559040.69],[174025.39,559029.4],[174017.63,559026.42],[174000,559020.427],[173965.77,559008.79],[173935.2,559001.23],[173904.99,559001.03],[173842.28,559009.95],[173842.174,559009.909],[173842.069,559009.866],[173841.951,559009.815],[173841.758,559009.724],[173841.631,559009.659],[173841.458,559009.563],[173841.32,559009.48],[173841.168,559009.383],[173841.023,559009.282],[173840.891,559009.185],[173840.736,559009.062],[173840.626,559008.97],[173840.541,559008.895],[173840.461,559008.821],[173840.376,559008.738],[173840.296,559008.658],[173840.209,559008.567],[173840.141,559008.492],[173840.066,559008.406],[173839.975,559008.297],[173839.852,559008.14],[173839.759,559008.012],[173839.656,559007.861],[173839.562,559007.714],[173839.477,559007.571],[173839.378,559007.388],[173839.318,559007.269],[173839.269,559007.167],[173839.224,559007.068],[173839.177,559006.959],[173839.135,559006.853],[173839.092,559006.739],[173839.057,559006.639],[173839.022,559006.532],[173838.982,559006.399],[173838.929,559006.203],[173838.894,559006.054],[173838.857,559005.87],[173838.829,559005.7],[173838.806,559005.533],[173838.794,559005.42],[173838.784,559005.306],[173838.777,559005.193],[173838.772,559005.079],[173838.769,559004.966],[173838.769,559004.852],[173838.771,559004.738],[173838.777,559004.617],[173838.783,559004.511],[173838.793,559004.398],[173838.807,559004.263],[173838.835,559004.06],[173838.861,559003.911],[173838.899,559003.725],[173838.939,559003.559],[173838.984,559003.394],[173839.041,559003.213],[173839.09,559003.07],[173839.13,559002.964],[173839.172,559002.858],[173839.216,559002.753],[173839.262,559002.65],[173839.314,559002.541],[173839.362,559002.445],[173839.415,559002.345],[173839.479,559002.228],[173839.586,559002.05],[173839.667,559001.923],[173839.775,559001.766],[173839.874,559001.633],[173839.983,559001.495],[173840.103,559001.353],[173840.207,559001.238],[173840.35,559001.09]]]}},{"type":"Feature","properties":{"relatieveHoogteligging":0,"lokaalID":"G1900.f50c2bd7d22c45d1b7fa7799f89b535f","bgt_status":"bestaand","class":"waterloop","objecttype":"Waterdeel"},"geometry":{"type":"Polygon","coordinates":[[[173835.39,558705.19],[173887.153,558691.728],[173887.047,558692.13],[173886.945,558692.534],[173886.848,558692.938],[173886.803,558693.148],[173886.773,558693.287],[173886.716,558693.553],[173886.599,558694.1],[173886.51,558694.597],[173886.463,558694.86],[173886.434,558695.021],[173886.389,558695.27],[173886.22,558696.446],[173886.16,558696.842],[173891.08,558697.387],[173890.299,558704.244],[173885.35,558703.643],[173885.329,558704.043],[173885.32,558705.406],[173885.325,558705.842],[173885.328,558706.064],[173885.331,558706.316],[173885.337,558706.768],[173885.373,558707.957],[173885.378,558708.13],[173885.406,558708.788],[173885.441,558709.445],[173885.481,558710.103],[173885.564,558712.33],[173885.89,558714.408],[173886.007,558715.308],[173886.135,558716.206],[173886.274,558717.102],[173886.292,558717.263],[173886.31,558717.426],[173886.335,558717.586],[173886.535,558719.479],[173886.65,558720.522],[173886.66,558720.656],[173886.674,558720.846],[173886.837,558723.054],[173886.906,558724.029],[173887.032,558727.393],[173886.089,558732.199],[173892.69,558733.542],[173891.677,558738.524],[173885.755,558737.414],[173885.679,558737.76],[173885.438,558738.56],[173884.203,558742.665],[173882.194,558749.345],[173880.169,558756.209],[173884.994,558757.663],[173883.553,558762.66],[173878.746,558761.189],[173878.631,558761.526],[173877.966,558763.895],[173877.075,558763.639],[173874.407,558772.923],[173872.11,558782],[173877.602,558783.28],[173876.465,558788.305],[173871.627,558787.097],[173871.496,558787.528],[173869.814,558795.315],[173867.876,558803.793],[173872.906,558804.82],[173871.969,558809.48],[173871.861,558810.018],[173870.892,558814.834],[173865.827,558813.752],[173864.74,558820.627],[173863.782,558827.575],[173863.011,558834.546],[173862.426,558841.534],[173862.426,558847.97],[173867.133,558847.589],[173867.824,558857.712],[173862.663,558857.953],[173862.68,558858.367],[173863.757,558864.944],[173865.364,558871.413],[173867.49,558877.73],[173870.122,558883.853],[173873.242,558889.743],[173877.661,558897.147],[173881.488,558893.559],[173884.589,558897.417],[173884.924,558897.779],[173887.317,558895.736],[173891.068,558899.838],[173882.775,558907.124],[173883.058,558907.414],[173890.271,558914.506],[173903.585,558913.383],[173914.813,558900.704],[173913.945,558900.03],[173915.95,558897.624],[173916.858,558898.196],[173917.775,558898.754],[173918.701,558899.298],[173920.517,558900.311],[173922.354,558901.265],[173924.218,558902.163],[173926.124,558903.013],[173928.037,558903.798],[173929.973,558904.526],[173931.946,558905.201],[173933.925,558905.813],[173935.921,558906.366],[173941.212,558907.57],[173942.576,558907.986],[173943.757,558909.92],[173943.149,558935.093],[173942.259,558945.124],[173938.495,558944.868],[173932.995,558944.645],[173927.726,558944.47],[173923.837,558944.47],[173924.07,558948.79],[173920.67,558949.01],[173917.13,558949.26],[173916.898,558944.717],[173896.13,558945.37],[173896.65,558950.1],[173893.02,558950.49],[173889.66,558950.92],[173889.18,558946.09],[173888.913,558943.403],[173888.889,558943.2],[173884.37,558943.642],[173876.215,558944.44],[173875.68,558944.499],[173875.714,558944.805],[173876,558947.49],[173876.51,558952.27],[173873.14,558952.61],[173869.5,558953.06],[173868.94,558948.2],[173865.602,558948.617],[173862.69,558948.98],[173849.74,558950.42],[173850.24,558955.12],[173843.27,558955.74],[173842.882,558951.035],[173836.492,558951.712],[173829.5,558952.48],[173828.64,558944.83],[173823.702,558945.327],[173819.615,558945.739],[173816.175,558946.085],[173815.83,558946.12],[173816.36,558950.99],[173812.62,558951.41],[173811.92,558944.74],[173808.12,558945.24],[173807.528,558940.457],[173799.851,558941.141],[173794.659,558941.649],[173794.553,558941.659],[173795.856,558929.986],[173797.77,558919.626],[173802.43,558919.403],[173810.746,558920.154],[173811.492,558917.331],[173821.405,558919.858],[173821.345,558920.219],[173822.951,558920.576],[173823.993,558917.056],[173825.777,558909.957],[173825.867,558909.576],[173823.151,558908.995],[173817.697,558908.082],[173818.942,558900.97],[173824.004,558902.166],[173824.079,558901.865],[173825.505,558891.278],[173820.032,558890.486],[173821.101,558883.467],[173826.265,558884.56],[173826.324,558884.256],[173828.599,558873.765],[173830.086,558867.143],[173825.763,558866.417],[173825.922,558865.659],[173805.661,558862.827],[173805.904,558860.949],[173807.193,558850.971],[173820.01,558851.145],[173828.377,558851.266],[173828.671,558849.04],[173829.644,558846.25],[173832.131,558846.68],[173832.189,558846.37],[173833.995,558835.841],[173834.836,558830.74],[173829.474,558829.99],[173830.016,558827.121],[173835.079,558827.869],[173835.12,558827.559],[173836.822,558817.013],[173833.654,558816.47],[173834.829,558808.487],[173837.746,558808.914],[173837.794,558808.603],[173839.891,558808.853],[173841.473,558798.23],[173839.157,558798.008],[173833.679,558797.249],[173834.839,558789.31],[173839.855,558789.89],[173839.887,558789.579],[173841.042,558778.959],[173841.827,558779.035],[173842.16,558776.389],[173835.87,558775.767],[173836.557,558770.319],[173841.709,558770.536],[173841.718,558770.224],[173842.18,558759.551],[173836.658,558759.258],[173836.846,558756.152],[173836.958,558754.294],[173837.154,558751.046],[173842.127,558751.073],[173842.127,558750.761],[173842.236,558740.079],[173836.707,558739.968],[173836.79,558736.949],[173836.852,558734.675],[173836.931,558731.806],[173842.014,558731.483],[173841.989,558731.17],[173842.098,558720.488],[173841.351,558720.473],[173840.798,558711.89],[173839.096,558712.132],[173838.628,558709.698],[173835.39,558705.19]]]}},{"type":"Feature","properties":{"relatieveHoogteligging":0,"lokaalID":"G1900.1620b241342d417aa722074e4e243e62","bgt_status":"bestaand","class":"watervlakte","plus_type":"haven","objecttype":"Waterdeel"},"geometry":{"type":"Polygon","coordinates":[[[173904.605,558661.919],[173911.33,558657.825],[173915.422,558664.456],[173912.656,558666.163],[173911.9,558665.626],[173911.448,558665.938],[173911.353,558666.615],[173908.955,558668.064],[173908.386,558667.945],[173904.605,558661.919]]]}},{"type":"Feature","properties":{"relatieveHoogteligging":0,"lokaalID":"G1900.16aa85fa0365419aa90143e996f85b83","bgt_status":"bestaand","class":"waterloop","objecttype":"Waterdeel"},"geometry":{"type":"Polygon","coordinates":[[[173895.789,558674.297],[173893.171,558672.552],[173903.701,558662.604],[173905.53,558665.155],[173895.789,558674.297]]]}},{"type":"Feature","properties":{"relatieveHoogteligging":0,"lokaalID":"G1900.0f1039d99c68451e858a2ef6f003a00a","bgt_status":"bestaand","class":"watervlakte","plus_type":"haven","objecttype":"Waterdeel"},"geometry":{"type":"Polygon","coordinates":[[[173891.995,558680.937],[173895.397,558674.76],[173899.135,558677.425],[173899.442,558678.696],[173896.16,558683.818],[173891.995,558680.937]]]}},{"type":"Feature","properties":{"relatieveHoogteligging":0,"lokaalID":"G1900.d302e04aef914e8b97179e69e6da59be","bgt_status":"bestaand","class":"watervlakte","plus_type":"haven","objecttype":"Waterdeel"},"geometry":{"type":"Polygon","coordinates":[[[173951.856,558664.583],[173947.872,558662.963],[173949.911,558658.263],[173953.796,558658.869],[173951.856,558664.583]]]}},{"type":"Feature","properties":{"relatieveHoogteligging":0,"lokaalID":"G1900.2b2ab6d27e6b4480aff43d2aa185ed15","bgt_status":"bestaand","class":"watervlakte","plus_type":"haven","objecttype":"Waterdeel"},"geometry":{"type":"Polygon","coordinates":[[[173927.461,558653.002],[173934.417,558652.74],[173934.417,558658.328],[173931.222,558658.311],[173930.794,558658.306],[173930.813,558660.099],[173927.461,558660.099],[173927.461,558653.002]]]}},{"type":"Feature","properties":{"relatieveHoogteligging":0,"lokaalID":"G1900.23c591ab92764e7bb914a7340627f724","bgt_status":"bestaand","class":"waterloop","objecttype":"Waterdeel"},"geometry":{"type":"Polygon","coordinates":[[[173876.597,558518.89],[173871.572,558527.268],[173865.163,558537.952],[173859.274,558549.691],[173854.764,558558.681],[173846.861,558572.535],[173845.603,558574.969],[173843.453,558579.13],[173839.613,558584.277],[173838.641,558588.008],[173829.394,558605.933],[173824.884,558614.677],[173820.231,558624.916],[173817.389,558630.185],[173814.913,558628.849],[173820.352,558618.765],[173822.242,558614.641],[173825.092,558608.422],[173830.945,558597.331],[173835.596,558588.517],[173838.186,558582.931],[173841.163,558578.826],[173842.975,558576.328],[173843.969,558572.991],[173848.862,558564.284],[173863.691,558537.899],[173871.122,558523.758],[173874.716,558516.918],[173876.69,558515.261],[173879.332,558515.261],[173884.3,558516.883],[173889.903,558520.761],[173893.955,558524.709],[173898.148,558527.53],[173901.953,558529.681],[173911.326,558531.831],[173913.017,558531.972],[173913.546,558531.161],[173912.646,558528.704],[173909.917,558526.12],[173904.667,558521.149],[173902.905,558518.328],[173901.883,558515.472],[173901.777,558512.335],[173903.738,558507.815],[173908.472,558499.255],[173911.397,558493.966],[173911.95,558491.466],[173911.845,558482.73],[173911.724,558472.697],[173911.825,558467.821],[173911.643,558464.135],[173909.576,558457.384],[173908.885,558453.215],[173908.305,558449.715],[173905.784,558447.591],[173893.758,558441.384],[173891.309,558443.056],[173886.497,558445.494],[173884.08,558447.347],[173880.777,558451.79],[173876.419,558461.082],[173871.502,558471.565],[173868.491,558476.136],[173863.311,558483.998],[173858.872,558487.171],[173855.17,558488.643],[173847.949,558490.168],[173843.098,558491.192],[173834.172,558496.232],[173829.239,558499.017],[173826.737,558499.511],[173823.777,558499.48],[173820.682,558497.984],[173813.629,558494.575],[173809.471,558492.565],[173806.441,558492.424],[173804.08,558493.165],[173801.508,558495.809],[173796.328,558505.786],[173785.546,558521.898],[173776.676,558534.591],[173773.593,558542.241],[173767.241,558550.694],[173763.182,558557.165],[173761.118,558556.481],[173760.906,558555.071],[173759.603,558553.273],[173751.463,558547.808],[173746.847,558544.177],[173744.627,558541.78],[173745.05,558540.898],[173746.213,558540.828],[173758.158,558549.994],[173762.421,558552.568],[173763.443,558552.568],[173765.205,558551.052],[173769.081,558545.341],[173773.485,558536.703],[173778.806,558527.889],[173786.487,558517.841],[173791.879,558510.261],[173799.877,558495.524],[173802.625,558491.505],[173805.409,558490.094],[173807.554,558489.877],[173810.518,558491.223],[173820.384,558495.7],[173825,558497.428],[173828.77,558497.322],[173836.98,558492.315],[173842.336,558489.777],[173854.704,558486.78],[173859.883,558484.489],[173864.394,558478.953],[173868.164,558473.524],[173874.887,558457.987],[173879.439,558450.361],[173881.638,558446.678],[173884.02,558445.284],[173892.664,558440.224],[173900.263,558433.791],[173908.967,558426.422],[173912.936,558422.711],[173917.212,558417.009],[173920.506,558412.615],[173923.272,558405.903],[173924.685,558402.475],[173925.316,558397.089],[173926.178,558389.733],[173925.95,558386.089],[173925.774,558383.269],[173927.606,558378.403],[173928.452,558375.512],[173930.01,558372.333],[173932.927,558367.897],[173941.197,558355.321],[173948.395,558345.086],[173952.341,558339.477],[173956.883,558335.236],[173964.005,558328.587],[173975.069,558318.257],[173977.193,558316.421],[173977.916,558317.238],[173978.342,558317.929],[173969.839,558326.255],[173963.657,558331.452],[173956.349,558338.544],[173950.167,558345.535],[173938.343,558363.997],[173932.461,558371.292],[173930.591,558376.69],[173928.125,558383.811],[173927.667,558396.609],[173925.13,558408.032],[173922.593,558413.215],[173916.849,558421.571],[173913.079,558426.224],[173911.74,558428.622],[173910.084,558442.054],[173910.542,558450.163],[173911.811,558452.948],[173913.22,558461.304],[173914.665,558467.65],[173914.242,558476.217],[173914.348,558484.749],[173914.911,558491.554],[173913.432,558496.736],[173907.9,558505.797],[173905.151,558511.015],[173904.341,558513.236],[173904.353,558516.482],[173906.346,558518.708],[173911.106,558524.024],[173914.136,558527.409],[173915.722,558530.124],[173918.329,558532.909],[173930.697,558540.701],[173941.056,558548.809],[173942.008,558551.101],[173941.092,558551.912],[173939.33,558551.383],[173934.855,558547.011],[173924.636,558539.854],[173919.739,558536.963],[173915.616,558534.954],[173904.482,558532.838],[173898.28,558531.04],[173894.898,558528.784],[173891.339,558525.012],[173885.49,558520.076],[173881.684,558518.066],[173878.689,558517.714],[173876.597,558518.89]]]}},{"type":"Feature","properties":{"relatieveHoogteligging":0,"lokaalID":"G1900.59cb60d179d340a1b1dbd59429f484a7","bgt_status":"bestaand","class":"waterloop","objecttype":"Waterdeel"},"geometry":{"type":"Polygon","coordinates":[[[173853.8,558133.797],[173854.479,558133.702],[173855.584,558134.097],[173866.072,558140.194],[173871.32,558143.151],[173872.176,558143.483],[173873.778,558142.599],[173915.013,558072.941],[173916.974,558070.73],[173917.83,558070.592],[173918.714,558071.476],[173894.103,558112.012],[173875.406,558143.493],[173874.648,558144.788],[173874.633,558146.051],[173875.216,558147.093],[173920.168,558170.676],[173923.751,558172.477],[173924.24,558173.629],[173923.877,558174.387],[173922.993,558174.94],[173880.162,558152.172],[173875.798,558149.629],[173873.202,558149.215],[173870.77,558150.79],[173835.524,558208.64],[173817.506,558238.212],[173780.865,558302.739],[173770.522,558320.68],[173768.874,558321.254],[173767.687,558320.618],[173767.328,558319.319],[173777.478,558301.391],[173796.901,558268.911],[173811.111,558243.093],[173842.437,558191.886],[173856.817,558168.38],[173868.527,558149.237],[173869.395,558147.61],[173869.663,558146.458],[173868.795,558145.321],[173855.584,558137.176],[173853.753,558135.834],[173853.532,558134.476],[173853.8,558133.797]]]}},{"type":"Feature","properties":{"relatieveHoogteligging":0,"lokaalID":"W0653.71c3b7e1a42e454183de332984a84041","bgt_status":"bestaand","class":"waterloop","objecttype":"Waterdeel"},"geometry":{"type":"Polygon","coordinates":[[[174023.935,558304.425],[174026.545,558324.489],[174026.915,558331.029],[174031.17,558336.643],[174037.582,558339.42],[174048.117,558341.555],[174074.025,558350.772],[174118.422,558366.567],[174140.435,558373.785],[174161.216,558378.166],[174170.65,558379.708],[174170,558382.385],[174169.602,558384.027],[174166.21,558385.138],[174130.384,558377.302],[174089.476,558364.46],[174052.998,558353.795],[174038.014,558349.415],[174031.355,558346.7],[174024.88,558342.813],[174021.735,558338.988],[174018.327,558332.733],[174017.85,558325.538],[174017.111,558314.37],[174012.486,558304.128],[174005.641,558298.205],[174001.51,558298.761],[173993.891,558303.314],[173992.569,558301.475],[174002.507,558294.473],[174002.254,558291.692],[173998.128,558286.191],[173994.037,558280.864],[173991.428,558276.699],[173985.147,558271.577],[173979.499,558269.975],[173967.747,558269.898],[173957.515,558270.046],[173936.382,558275.01],[173907.052,558283.589],[173854.807,558299.497],[173814.792,558316.675],[173774.375,558335.313],[173739.718,558349.283],[173739.355,558349.333],[173737.996,558346.337],[173737.848,558346.011],[173738.736,558345.607],[173807.782,558315.604],[173862.276,558292.498],[173918.204,558275.315],[173956.347,558266.391],[173975.955,558266.866],[173982.098,558265.834],[173986.295,558259.925],[173987.891,558254.726],[173989.426,558245.712],[173991.795,558239.448],[173989.637,558237.001],[173986.726,558226.935],[173985.213,558219.953],[173985.329,558215.532],[173986.843,558212.739],[173990.975,558209.772],[173998.7,558207.07],[174014.53,558221.83],[174014.212,558225.155],[174010.328,558232.065],[174005.812,558235.283],[173995.44,558238.799],[173992.019,558246.456],[173991.348,558252.256],[173989.883,558260.543],[173989.313,558266.189],[173991.24,558271.892],[173997.59,558277.539],[174005.252,558282.752],[174023.935,558304.425]]]}},{"type":"Feature","properties":{"relatieveHoogteligging":0,"lokaalID":"G1900.021348487c9440fc972fe8eab7dabfb2","bgt_status":"bestaand","class":"waterloop","objecttype":"Waterdeel"},"geometry":{"type":"Polygon","coordinates":[[[174036.699,558579.122],[173987.13,558580.581],[173981.177,558580.648],[173976.686,558578.447],[173976.563,558578.295],[173976.412,558578.17],[173969.977,558573.817],[173952.285,558562.021],[173946.086,558557.775],[173945.56,558556.539],[173945.932,558555.034],[173946.505,558554.557],[173948.873,558555.821],[173962.359,558565.543],[173973.126,558573.223],[173978.534,558576.573],[173978.714,558576.661],[173978.908,558576.711],[173979.108,558576.722],[173980.656,558576.648],[173980.837,558576.623],[173981.011,558576.565],[173981.171,558576.476],[173981.312,558576.36],[173982.818,558574.869],[173982.925,558574.744],[173983.01,558574.603],[173989.08,558562.388],[173996.079,558548.593],[174000.864,558538.618],[174018.68,558500.517],[174036.693,558464.03],[174047.231,558441.655],[174057.688,558418.52],[174067.227,558398.84],[174072.505,558388.122],[174072.653,558388.113],[174073.804,558388.748],[174074.36,558389.303],[174072.326,558393.323],[174060.261,558417.162],[174047.955,558442.155],[174037.967,558463.152],[174030.287,558479.082],[174025.648,558488.769],[174020.326,558499.653],[174014.738,558511.359],[174007.445,558527.457],[174000.188,558543.727],[173999.059,558546.044],[173992.298,558559.928],[173985.009,558576.276],[173984.18,558577.945],[174037.44,558577.428],[174036.699,558579.122]]]}},{"type":"Feature","properties":{"relatieveHoogteligging":0,"lokaalID":"W0653.7f28a597c2b24177bc1019c3a495b9f4","bgt_status":"bestaand","class":"watervlakte","plus_type":"meer, plas, ven, vijver","objecttype":"Waterdeel"},"geometry":{"type":"Polygon","coordinates":[[[173358.529,557351.169],[173365.758,557316.51],[173372.521,557284.087],[173392.273,557284.199],[173406.374,557279.832],[173423.944,557276.92],[173434.911,557277.48],[173461.21,557268.858],[173477.325,557256.541],[173488.516,557245.119],[173498.766,557236.758],[173500.41,557237.599],[173502.055,557238.44],[173504.393,557237.526],[173504.649,557234.747],[173513.529,557226.337],[173518.791,557223.193],[173523.698,557220.26],[173527.488,557216.173],[173533.371,557211.09],[173552.958,557195.039],[173556.112,557192.454],[173558.731,557191.639],[173573.494,557181.693],[173576.679,557179.548],[173578.939,557180.487],[173583.141,557178.988],[173584.53,557177.745],[173584.676,557175.953],[173587.417,557172.662],[173592.752,557171.09],[173596.077,557168.092],[173598.964,557167.69],[173601.376,557167.354],[173602.07,557165.459],[173603.203,557164.472],[173607.551,557163.741],[173591.361,557176.686],[173560.117,557200.45],[173558.856,557201.483],[173552.64,557206.57],[173543.468,557215.285],[173512.9,557247.342],[173504.538,557255.748],[173495.271,557264.229],[173485.671,557272.332],[173477.372,557278.798],[173470.372,557283.583],[173463.075,557287.9],[173459.88,557289.56],[173456.62,557291.088],[173453.3,557292.481],[173449.926,557293.737],[173446.503,557294.853],[173442.148,557296.049],[173437.755,557297.1],[173433.33,557298.005],[173428.877,557298.762],[173423.098,557299.536],[173426.749,557329.111],[173432.617,557328.335],[173437.147,557327.599],[173446.139,557325.753],[173455.014,557323.413],[173458.869,557322.175],[173466.439,557319.305],[173473.793,557315.922],[173481.155,557311.905],[173488.526,557307.327],[173495.637,557302.356],[173504.531,557295.404],[173509.883,557290.973],[173515.146,557286.434],[173520.315,557281.79],[173525.389,557277.042],[173534.25,557268.134],[173564.528,557236.382],[173572.367,557228.933],[173578.706,557223.757],[173601.954,557206.13],[173617.488,557194.149],[173636.269,557179.107],[173648.663,557168.924],[173675.061,557145.265],[173668.056,557156.338],[173658.259,557171.827],[173644.763,557184.828],[173629.354,557199.672],[173621.997,557207.351],[173613.108,557216.629],[173608.888,557222.899],[173606.778,557226.739],[173601.534,557229.746],[173594.116,557232.369],[173585.866,557233.137],[173574.915,557236.992],[173561.822,557258.276],[173554.934,557264.156],[173556.77,557267.617],[173560.095,557273.888],[173563.804,557277.919],[173568.28,557278.303],[173570.838,557284.766],[173579.727,557290.268],[173584.587,557296.091],[173584.779,557303.194],[173581.961,557309.902],[173574.867,557316.695],[173568.92,557322.389],[173567.833,557326.42],[173564.916,557330.996],[173562.589,557332.755],[173549.146,557342.917],[173546.922,557343.569],[173541.755,557345.081],[173541.934,557347.536],[173542.381,557353.678],[173538.097,557360.589],[173521.854,557379.209],[173509.704,557390.982],[173510.745,557398.852],[173513.449,557401.558],[173515.057,557406.75],[173518.163,557410.004],[173524.01,557409.127],[173537.494,557410.991],[173543.852,557414.867],[173544.571,557418.804],[173548.92,557425.394],[173557.169,557430.449],[173564.331,557431.153],[173570.498,557429.592],[173571.407,557429.362],[173575.203,557428.402],[173581.342,557425.394],[173588.184,557424.754],[173595.027,557424.115],[173600.654,557419.955],[173604.747,557414.453],[173612.195,557417.613],[173604.18,557430.077],[173603.608,557432.238],[173607.335,557433.225],[173611.464,557432.457],[173616.58,557430.41],[173621.075,557430.483],[173623.552,557429.523],[173624.573,557429.128],[173625.526,557428.759],[173628.529,557428.691],[173633.389,557428.582],[173637.628,557425.145],[173640.077,557422.256],[173640.15,557417.174],[173641.173,557411.58],[173643.219,557406.168],[173647.86,557401.232],[173652.355,557399.441],[173655.863,557399.587],[173663.463,557400.757],[173667.684,557400.19],[173671.905,557395.967],[173676.399,557391.47],[173681.333,557388.216],[173686.814,557387.082],[173694.195,557386.497],[173696.979,557388.605],[173701.577,557389.276],[173705.085,557389.788],[173709.214,557393.444],[173713.38,557393.883],[173715.828,557392.603],[173718.934,557394.87],[173720.549,557393.889],[173722.844,557393.517],[173723.064,557394.87],[173725.621,557396.991],[173729.86,557397.868],[173730.344,557399.884],[173736.292,557408.216],[173738.85,557411.799],[173740.823,557416.552],[173744.843,557418.746],[173747.766,557422.11],[173748.022,557425.327],[173749.483,557430.373],[173751.932,557435.455],[173754.417,557436.187],[173758.802,557436.04],[173761.639,557434.752],[173771.129,557437.528],[173773.483,557441.407],[173774.544,557443.155],[173775.362,557445.536],[173775.358,557445.975],[173775.337,557447.96],[173776.778,557449.569],[173774.376,557451.199],[173773.647,557453.54],[173776.506,557455.356],[173780.453,557457.863],[173782.938,557456.923],[173785.464,557454.897],[173788.534,557451.324],[173793.295,557450.634],[173795.926,557451.491],[173800.603,557451.742],[173804.8,557450.509],[173809.166,557450.67],[173812.693,557452.389],[173816.765,557454.374],[173820.399,557455.565],[173823.552,557457.237],[173826.893,557458.469],[173829.461,557459.075],[173828.041,557460.287],[173828.354,557461.854],[173830.904,557462.493],[173832.008,557464.278],[173832.551,557465.155],[173834.452,557465.406],[173834.222,557466.033],[173832.28,557467.036],[173831.937,557469.418],[173832.092,557469.856],[173832.551,557471.152],[173833.011,557472.447],[173831.507,557473.596],[173831.215,557474.996],[173832.489,557475.581],[173832.384,557476.521],[173830.902,557477.482],[173829.753,557480.052],[173828.835,557484.523],[173824.93,557485.652],[173822.111,557488.995],[173821.129,557492.505],[173824.199,557496.474],[173828.062,557498.71],[173828.532,557501.233],[173825.718,557500.94],[173822.429,557502.403],[173821.443,557507.193],[173823.087,557514.615],[173825.608,557519.588],[173827.436,557522.513],[173830.944,557523.5],[173841.797,557521.525],[173844.15,557519.224],[173845.698,557514.379],[173847.643,557508.289],[173849.068,557503.829],[173853.051,557501.525],[173858.021,557489.642],[173862.114,557484.852],[173866.024,557482.22],[173866.828,557478.454],[173873.186,557467.229],[173878.521,557464.011],[173884.185,557456.187],[173891.274,557453.883],[173900.154,557448.618],[173907.974,557443.426],[173914.15,557440.94],[173916.854,557442.476],[173924.162,557443.572],[173931.398,557441.159],[173935.527,557438.929],[173937.815,557436.539],[173939.535,557435.778],[173940.46,557437.869],[173942.579,557442.658],[173950.454,557446.434],[173957.505,557443.522],[173964.005,557436.66],[173962.429,557424.934],[173960.47,557410.37],[173962.429,557404.219],[173966.457,557391.566],[173970.602,557385.519],[173977.089,557383.28],[174001.712,557374.779],[174005.528,557370.067],[174012.627,557361.301],[174023.324,557352.859],[174031.363,557351.319],[174050.74,557347.608],[174061.483,557348.696],[174066.088,557351.959],[174069.541,557349.591],[174072.418,557351.447],[174075.04,557351.447],[174079.773,557355.158],[174082.586,557359.957],[174087.051,557360.602],[174087.92,557361.079],[174088.789,557361.557],[174096.015,557365.524],[174098.126,557367.123],[174100.3,557367.827],[174100.3,557370.067],[174105.672,557376.913],[174107.751,557376.645],[174110.012,557378.363],[174108.294,557380.624],[174113.346,557384.464],[174115.84,557385.551],[174116.499,557387.997],[174117.886,557388.879],[174116.543,557390.99],[174117.502,557393.55],[174122.298,557398.221],[174127.542,557396.301],[174132.085,557395.504],[174134.96,557397.773],[174132.082,557401.42],[174132.146,557404.939],[174132.786,557407.946],[174130.356,557412.425],[174125.752,557415.177],[174118.525,557428.934],[174115.712,557429.702],[174112.578,557429.062],[174107.526,557426.758],[174104.521,557427.078],[174099.189,557429.028],[174096.486,557432.144],[174094.609,557434.309],[174093.777,557435.268],[174092.818,557434.436],[174087.766,557436.036],[174076.892,557444.642],[174073.314,557451.905],[174071.848,557454.88],[174071.779,557456.256],[174069.221,557456.128],[174062.698,557467.133],[174057.646,557470.716],[174051.763,557473.596],[174046.583,557474.684],[174045.368,557477.051],[174046.519,557480.122],[174044.793,557481.274],[174045.24,557486.201],[174047.67,557487.929],[174052.211,557489.528],[174055.6,557491.704],[174059.565,557489.272],[174062.187,557490.04],[174062.826,557492.408],[174060.524,557495.159],[174060.46,557500.086],[174064.429,557499.112],[174066.218,557501.704],[174062.442,557504.309],[174063.734,557506.181],[174065.832,557506.932],[174064.617,557510.324],[174065.704,557511.923],[174063.53,557516.338],[174064.233,557520.433],[174068.006,557522.929],[174069.861,557525.424],[174069.349,557529.583],[174074.635,557531.577],[174084.824,557530.991],[174089.96,557530.696],[174092.562,557532.015],[174090.324,557536.43],[174089.365,557545.9],[174093.069,557556.363],[174091.219,557561.128],[174088.864,557567.199],[174082.778,557574.885],[174078.877,557579.812],[174080.22,557586.723],[174084.632,557591.047],[174083.3,557594.3],[174082.394,557596.512],[174085.208,557597.664],[174093.521,557596.128],[174096.702,557594.499],[174099.831,557596.052],[174098.278,557599.182],[174095.824,557604.127],[174097.815,557605.115],[174102.578,557604.494],[174102.73,557605.662],[174103.114,557608.606],[174099.085,557611.037],[174095.056,557613.469],[174092.306,557618.587],[174087.191,557623.066],[174086.615,557628.121],[174088.278,557631.769],[174091.249,557634.181],[174090.772,557636.503],[174093.094,557636.981],[174092.416,557637.855],[174090.249,557640.649],[174093.649,557643.286],[174096.207,557645.27],[174099.085,557649.365],[174104.093,557651.347],[174107.91,557654.164],[174118.142,557661.714],[174121.531,557663.889],[174128.118,557660.114],[174132.338,557662.354],[174140.843,557669.392],[174153.569,557678.158],[174156.767,557686.156],[174156.767,557697.034],[174159.554,557700.285],[174161.819,557699.338],[174178.189,557692.491],[174182.026,557693.451],[174189.253,557691.787],[174191.107,557694.283],[174188.485,557699.913],[174181.387,557705.288],[174180.364,557708.615],[174183.945,557717.19],[174190.404,557720.133],[174193.537,557720.837],[174191.938,557724.228],[174195.026,557729.895],[174194.515,557733.99],[174195.285,557739.634],[174195.507,557740.788],[174202.773,557750.627],[174208.583,557761.157],[174216.476,557767.702],[174220.423,557772.053],[174217.353,557772.93],[174212.968,557772.199],[174208.474,557770.334],[174205.822,557775.103],[174206.151,557776.602],[174212.07,557779.162],[174210.791,557780.039],[174207.283,557779.856],[174204.872,557779.162],[174202.971,557780.697],[174198.733,557786.438],[174198.111,557793.897],[174199.536,557802.416],[174200.267,557805.341],[174204.799,557805.378],[174205.171,557805.71],[174206.1,557806.539],[174207.174,557807.498],[174214.354,557807.763],[174222.996,557810.826],[174226.505,557812.069],[174228.661,557810.46],[174230.816,557808.851],[174232.936,557809.729],[174232.644,557812.507],[174236.079,557812.105],[174238.015,557808.924],[174238.507,557807.353],[174238.864,557806.21],[174239.513,557804.134],[174242.875,557799.016],[174241.644,557795.739],[174244.264,557793.75],[174250.946,557788.679],[174255.51,557789.658],[174261.393,557787.227],[174262.48,557791.13],[174268.747,557790.618],[174272.712,557787.738],[174275.526,557779.612],[174279.235,557773.534],[174282.432,557772.062],[174288.315,557772.51],[174294.806,557766.015],[174303.983,557756.833],[174309.674,557751.139],[174311.976,557745.316],[174311.976,557740.773],[174313.708,557736.703],[174320.993,557735.206],[174326.798,557734.014],[174330.525,557735.766],[174339.538,557740.005],[174345.933,557743.012],[174351.241,557741.477],[174355.781,557738.533],[174359.49,557735.142],[174359.106,557725.544],[174359.362,557717.482],[174366.972,557705.837],[174374.518,557700.59],[174377.588,557698.926],[174377.524,557682.29],[174374.07,557678.899],[174371.832,557675.507],[174372.024,557671.796],[174374.006,557668.981],[174378.483,557667.637],[174378.483,557658.487],[174379.122,557650.937],[174376.053,557643.067],[174375.733,557634.876],[174376.756,557626.558],[174381.68,557622.847],[174385.645,557616.577],[174384.238,557612.929],[174380.721,557608.258],[174379.89,557602.756],[174374.441,557591.328],[174376.437,557584.84],[174377.715,557580.68],[174372.791,557576.649],[174366.248,557575.742],[174363.455,557567.819],[174356.868,557549.136],[174349.962,557543.633],[174338.707,557540.178],[174330.01,557540.305],[174327.068,557539.346],[174322.72,557534.547],[174316.325,557521.942],[174311.465,557520.854],[174300.657,557525.781],[174295.286,557526.485],[174286.347,557520.913],[174283.647,557516.503],[174275.462,557503.13],[174273.032,557486.749],[174273.415,557468.194],[174267.919,557460.79],[174261.393,557458.788],[174256.597,557457.316],[174252.924,557449.817],[174254.295,557446.822],[174258.132,557438.44],[174255.126,557433.449],[174248.603,557426.987],[174246.045,557419.884],[174250.01,557409.583],[174260.922,557399.209],[174261.619,557398.547],[174262.681,557397.537],[174268.427,557387.188],[174273.224,557378.549],[174272.153,557372.624],[174271.968,557371.596],[174268.555,557352.699],[174266.061,557348.732],[174266.573,557344.509],[174269.003,557343.165],[174273.799,557344.125],[174281.665,557329.152],[174287.804,557314.244],[174296.373,557307.333],[174300.082,557299.399],[174297.588,557289.929],[174289.147,557272.461],[174284.223,557263.567],[174271.605,557233.122],[174261.437,557205.096],[174254.595,557198.697],[174241.549,557188.14],[174232.724,557182.445],[174229.271,557181.421],[174227.033,557182.445],[174225.498,557182.189],[174222.237,557179.054],[174209.383,557174.703],[174204.139,557171.951],[174196.529,557171.951],[174189.047,557173.871],[174180.286,557170.8],[174169.479,557166.129],[174159.439,557161.074],[174148.44,557151.476],[174135.201,557142.834],[174123.244,557138.743],[174116.449,557136.418],[174111.35,557135.352],[174108.438,557134.743],[174106.745,557133.112],[174099.839,557126.458],[174088.328,557119.931],[174082.509,557114.492],[174072.021,557101.695],[174055.714,557084.675],[174045.419,557078.084],[174040.262,557075.191],[174031.158,557063.624],[174027.129,557058.505],[174024.827,557051.402],[174020.415,557044.684],[174013.253,557037.197],[174009.608,557035.15],[174000.718,557025.482],[173994.452,557020.945],[173981.726,557011.731],[173977,557009.125],[173976.482,557005.396],[173975.843,557000.79],[173965.931,556981.082],[173963.053,556979.563],[173960.239,556978.906],[173960.687,556976.987],[173943.421,556957.599],[173930.183,556948.129],[173914.388,556938.019],[173907.162,556933.988],[173904.092,556934.372],[173901.279,556937.316],[173902.046,556942.371],[173903.067,556945.618],[173896.93,556949.025],[173892.454,556940.963],[173887.53,556940.963],[173881.263,556944.354],[173885.326,556939.676],[173898.098,556922.459],[173910.527,556904.991],[173915.561,556897.288],[173920.199,556889.34],[173924.428,556881.167],[173928.289,556872.5],[173930.539,556866.808],[173935.211,556854.988],[173938.326,556845.879],[173939.109,556843.944],[173941.64,556837.627],[173941.384,556841.283],[173941.786,556845.707],[173943.138,556851.887],[173945.513,556855.104],[173944.929,556858.468],[173946.244,556860.808],[173944.673,556863.843],[173943.359,556866.38],[173944.381,556869.291],[173943.248,556872.179],[173944.782,556875.068],[173945.623,556880.004],[173949.094,556885.379],[173953.699,556887.865],[173955.745,556888.45],[173961.044,556894.593],[173963.766,556897.748],[173963.659,556899.008],[173963.32,556903],[173963.236,556903.989],[173966.854,556904.867],[173965.283,556906.476],[173964.284,556907.955],[173963.382,556909.291],[173967.475,556914.373],[173970.252,556916.494],[173978.255,556926.147],[173987.025,556934.117],[173992.214,556935.946],[173997.403,556937.774],[174002.994,556941.174],[174008.329,556942.381],[174012.422,556946.037],[174015.418,556951.193],[174022.032,556955.47],[174031.533,556962.747],[174037.066,556966.983],[174038.22,556968.853],[174040.048,556970.023],[174047.158,556974.576],[174050.024,556978.286],[174052.07,556979.748],[174054.555,556980.114],[174057.04,556980.48],[174060.814,556981.035],[174062.806,556982.658],[174066.936,556981.195],[174073.952,556977.721],[174075.998,556979.988],[174076.108,556982.511],[174074.208,556987.228],[174074.098,556992.018],[174075.998,556994.723],[174079.835,556999.184],[174084.047,557004.081],[174092.296,557009.312],[174096.937,557011.287],[174101.614,557013.7],[174103.66,557017.32],[174104.647,557020.72],[174104.537,557023.389],[174103.514,557025.363],[174102.491,557027.338],[174101.833,557029.751],[174102.016,557031.945],[174102.361,557036.084],[174102.654,557039.606],[174103.045,557044.3],[174104.647,557048.179],[174106.068,557051.62],[174108.009,557053.408],[174110.53,557056.296],[174115.135,557060.866],[174118.716,557062.914],[174126.053,557068.665],[174129.24,557070.862],[174134.111,557075.832],[174136.868,557078.645],[174147.86,557090.804],[174156.268,557100.106],[174167.221,557112.223],[174168.771,557115.695],[174168.515,557118.126],[174172.288,557120.942],[174175.805,557121.645],[174181.625,557117.038],[174183.608,557115.468],[174185.525,557116.335],[174185.078,557119.15],[174181.816,557127.148],[174183.799,557131.307],[174191.421,557141.557],[174206.752,557151.299],[174218.615,557160.817],[174242.564,557171.79],[174254.183,557177.115],[174272.555,557195.641],[174280.423,557206.589],[174284.882,557220.557],[174287.549,557232.22],[174286.051,557233.683],[174286.818,557236.681],[174287.841,557238.399],[174287.988,557241.69],[174288.718,557243.628],[174290.363,557244.103],[174291.24,557246.517],[174291.788,557249.734],[174294.09,557254.049],[174301.216,557263.226],[174308.861,557275.387],[174311.931,557276.787],[174313.449,557279.116],[174326.014,557300.879],[174327.804,557306.701],[174332.393,557312.636],[174338.771,557314.652],[174616.932,557545.154],[174631.762,557557.443],[174651.793,557574.042],[174678.003,557595.761],[174504.821,557970.5],[174504.697,557969.924],[174499.261,557963.526],[174490.948,557962.118],[174485.512,557958.535],[174480.716,557954.44],[174475.856,557948.681],[174472.985,557945.278],[174468.886,557946.249],[174466.967,557943.114],[174461.724,557944.714],[174457.695,557940.619],[174450.149,557934.796],[174445.353,557937.035],[174433.65,557941.514],[174427.959,557945.29],[174427.575,557947.593],[174424.058,557950.217],[174421.948,557954.376],[174420.732,557958.215],[174416.832,557960.582],[174414.146,557959.75],[174414.721,557963.462],[174412.163,557965.701],[174404.873,557964.613],[174403.275,557967.493],[174400.908,557969.86],[174399.949,557973.507],[174393.746,557975.235],[174390.932,557973.635],[174388.311,557976.835],[174384.216,557981.83],[174376.48,557987.84],[174372.878,557990.638],[174371.812,557995.966],[174374.881,558006.716],[174378.143,558011.131],[174376.288,558013.306],[174373.411,558015.162],[174361.964,558015.61],[174358.702,558019.513],[174356.336,558026.424],[174357.04,558030.071],[174358.766,558032.566],[174361.393,558036.363],[174359.086,558041.268],[174351.029,558045.619],[174343.866,558047.987],[174336.96,558047.795],[174325.193,558043.636],[174310.741,558033.078],[174304.09,558025.912],[174304.026,558023.352],[174301.213,558022.52],[174298.399,558021.689],[174295.074,558017.274],[174293.283,558016.634],[174292.643,558018.424],[174288.615,558020.857],[174286.39,558022.2],[174286.44,558024.76],[174289.062,558038.645],[174287.592,558044.532],[174285.308,558053.67],[174281.9,558059.12],[174275.313,558061.168],[174270.389,558063.535],[174270.07,558066.991],[174271.029,558069.614],[174266.801,558071.16],[174266.231,558069.602],[174262.652,558073.645],[174260.669,558082.027],[174264.186,558087.082],[174263.995,558090.857],[174259.415,558090.625],[174255.681,558093.225],[174258.303,558095.016],[174259.007,558097.576],[174253.571,558101.287],[174251.141,558100.263],[174249.82,558099.707],[174246.409,558100.775],[174243.723,558103.654],[174245.305,558105.13],[174243.829,558106.712],[174240.909,558108.517],[174240.461,558112.164],[174239.119,558114.276],[174233.363,558112.42],[174230.102,558114.276],[174228.055,558120.419],[174228.375,558128.033],[174225.881,558132.32],[174221.661,558134.24],[174219.678,558141.982],[174216.992,558146.845],[174210.47,558152.923],[174201.372,558161.402],[174193.843,558162.713],[174188.3,558163.679],[174186.745,558168.344],[174186.617,558172.759],[174183.739,558178.198],[174184.251,558185.3],[174186.425,558190.611],[174182.972,558193.938],[174178.751,558195.73],[174175.49,558193.17],[174169.67,558191.827],[174165.961,558192.019],[174162.764,558195.858],[174159.566,558199.697],[174157.328,558203.536],[174160.078,558209.551],[174162.005,558213.765],[174161.037,558216.781],[174158.735,558219.725],[174155.09,558221.068],[174149.591,558221.772],[174144.858,558219.917],[174135.778,558214.99],[174127.4,558212.494],[174123.291,558211.27],[174120.366,558212.238],[174118,558210.255],[174115.89,558210.191],[174114.93,558212.11],[174112.628,558212.302],[174110.006,558210.831],[174107.065,558206.543],[174103.484,558207.119],[174100.478,558206.352],[174098.623,558202.832],[174095.917,558204.258],[174092.996,558203.216],[174090.63,558201.681],[174086.09,558201.617],[174083.532,558203.152],[174081.66,558204.276],[174077.776,558202.704],[174072.085,558203.536],[174070.678,558205.456],[174060.063,558210.063],[174058.592,558213.198],[174056.427,558217.813],[174054.954,558220.952],[174054.188,558220.593],[174042.988,558224.268],[174028.536,558226.827],[174018.24,558225.227],[174014.53,558221.83],[173998.7,558207.07],[174000,558205.26],[174000.165,558204.334],[173999.482,558203.697],[173996.18,558198.208],[173997.062,558196.749],[173997.208,558194.775],[173995.819,558192.8],[173997.318,558190.168],[173998.377,558185.451],[174000.131,558182.897],[173998.586,558179.366],[173999.588,558177.172],[174002.716,558170.325],[174007.855,558159.078],[174011.767,558153.375],[174014.216,558146.866],[174014.983,558143.1],[174012.35,558142.564],[174013.485,558139.81],[174014.764,558132.826],[174013.156,558126.903],[174014.764,558122.975],[174014.618,558120.969],[174015.954,558119.59],[174017.812,558116.54],[174017.938,558114.785],[174019.713,558113.427],[174019.546,558111.63],[174020.569,558110.397],[174016.131,558106.009],[174010.906,558102.207],[174005.534,558101.073],[174001.332,558097.746],[173987.117,558091.713],[173983.646,558085.644],[173980.503,558086.265],[173975.899,558084.254],[173969.979,558085.534],[173966.727,558085.059],[173962.853,558083.231],[173957.108,558080.519],[173951.708,558075.552],[173947.652,558072.7],[173946.153,558065.059],[173942.755,558060.415],[173939.978,558059.099],[173938.224,558060.342],[173937.347,558063.048],[173934.423,558064.876],[173931.354,558065.351],[173923.57,558062.28],[173919.916,558059.318],[173914.471,558052.517],[173913.266,558046.923],[173908.223,558045.168],[173895.762,558038.696],[173894.154,558039.94],[173888.782,558040.451],[173886.056,558040.711],[173881.255,558035.04],[173877.272,558028.934],[173872.043,558020.918],[173868.83,558011.091],[173867.405,558005.095],[173864.994,558003.559],[173853.994,558000.049],[173848.586,557999.866],[173847.526,557994.638],[173847.965,557990.214],[173849.171,557989.665],[173848.257,557982.608],[173850.377,557980.378],[173851.769,557978.913],[173849.218,557976.489],[173847.417,557973.541],[173843.141,557968.495],[173836.089,557966.813],[173832.91,557963.595],[173824.943,557961.073],[173821.911,557958.623],[173820.595,557953.614],[173821.18,557948.275],[173821.542,557944.964],[173820.632,557937.087],[173823.116,557931.31],[173823.847,557928.019],[173821.399,557926.008],[173815.077,557925.57],[173810.546,557925.716],[173805.54,557927.288],[173798.122,557928.531],[173792.713,557930.433],[173789.169,557932.736],[173788.73,557935.661],[173786.245,557939.244],[173784.236,557940.963],[173780.581,557940.817],[173775.322,557940.606],[173774.15,557937.599],[173770.971,557935.332],[173767.426,557935.807],[173764.722,557933.614],[173762.859,557930.506],[173761.453,557928.161],[173757.706,557928.86],[173756.739,557929.041],[173753.285,557926.374],[173750.054,557922.172],[173719.315,557864.567],[173718.65,557863.32],[173717.56,557861.88],[173715.88,557860],[173709.946,557852.888],[173709.033,557851.321],[173710.035,557848.501],[173711.873,557845.325],[173710.996,557843.027],[173712.416,557841.919],[173713.397,557841.154],[173712.938,557838.555],[173710.808,557838.347],[173709.346,557836.236],[173705.671,557832.434],[173701.226,557827.834],[173696.149,557825.811],[173691.514,557824.306],[173690.157,557822.739],[173687.526,557818.644],[173685.396,557814.654],[173683.583,557811.934],[173680.803,557809.2],[173678.583,557806.717],[173678.798,557804.95],[173678.714,557803.852],[173677.736,557803.076],[173675.791,557802.335],[173673.942,557802.335],[173668.775,557802.216],[173665.878,557802.149],[173663.083,557801.165],[173661.396,557800.572],[173660.508,557800.259],[173656.296,557798.776],[173654.862,557799.052],[173654.519,557799.042],[173648.526,557782.447],[173649.475,557781.953],[173652.69,557778.954],[173654.7,557774.457],[173655.321,557769.631],[173656.673,557765.097],[173652.91,557756.98],[173648.488,557749.265],[173643.518,557739.393],[173643.701,557737.309],[173641.18,557728.57],[173642.312,557724.439],[173642.402,557723.01],[173643.501,557717.775],[173646.573,557713.895],[173648.491,557712.807],[173645.548,557707.616],[173644.782,557699.946],[173645.166,557693.675],[173643.311,557682.158],[173637.836,557672.385],[173622.687,557661.615],[173616.005,557658.867],[173611.17,557658.367],[173604.919,557658.798],[173601.794,557659.014],[173599.08,557662.253],[173591.284,557655.718],[173593.41,557644.593],[173593.554,557643.973],[173593.721,557643.255],[173594.272,557640.515],[173594.572,557639.019],[173592.562,557635.326],[173584.596,557629.769],[173584.121,557625.82],[173579.553,557620.262],[173573.707,557615.948],[173564.206,557611.56],[173555.655,557608.818],[173550.612,557610.792],[173546.702,557616.716],[173545.953,557616.751],[173544.981,557617.303],[173542.826,557616.719],[173538.362,557611.16],[173537.209,557609.726],[173535.582,557609.184],[173535.576,557608.657],[173535.572,557608.329],[173535.483,557600.73],[173533.839,557596.123],[173526.969,557580.657],[173517.545,557572.02],[173517.177,557571.656],[173516.809,557571.291],[173513.919,557568.571],[173511.549,557568.064],[173510.872,557567.881],[173506.559,557566.769],[173503.959,557569.135],[173500.561,557574.107],[173497.528,557577.106],[173495.956,557576.886],[173495.913,557576.709],[173495.555,557575.241],[173498.039,557571.256],[173501.794,557565.92],[173503.082,557564.089],[173505.634,557560.462],[173504.032,557553.12],[173503.667,557548.915],[173505.786,557543.943],[173506.225,557539.921],[173506.188,557536.045],[173505.64,557533.522],[173492.448,557526.1],[173484.254,557520.772],[173478.846,557520.814],[173475.108,557517.868],[173469.195,557513.208],[173466.066,557510.137],[173464.062,557506.669],[173458.779,557501.655],[173450.258,557493.027],[173450.989,557489.371],[173450.697,557486.665],[173449.016,557483.301],[173444.009,557478.987],[173436.774,557477.012],[173432.499,557477.561],[173428.662,557475.111],[173428.442,557471.336],[173421.573,557467.862],[173412.547,557461.025],[173404.654,557451.409],[173398.88,557446.985],[173393.793,557447.529],[173387.543,557452.385],[173387.137,557452.7],[173361.918,557472.294],[173297.748,557544.306],[173296.606,557545.587],[173292.952,557544.549],[173287.738,557541.015],[173284.604,557537.239],[173288.633,557530.649],[173317.729,557499.232],[173350.855,557460.648],[173358.209,557446.572],[173363.005,557431.535],[173362.493,557429.039],[173358.209,557427.184],[173356.418,557424.56],[173361.598,557418.994],[173365.129,557415.2],[173363.517,557404.213],[173360.063,557395.895],[173358.912,557383.546],[173363.517,557366.973],[173364.54,557358.975],[173363.133,557353.984],[173358.529,557351.169]]]}},{"type":"Feature","properties":{"relatieveHoogteligging":0,"lokaalID":"G1900.bf9ef8b7a6e14a78b382f4a1eef45a02","bgt_status":"bestaand","class":"waterloop","objecttype":"Waterdeel"},"geometry":{"type":"Polygon","coordinates":[[[173556.181,558228.947],[173555.174,558227.673],[173633.183,558132.299],[173636.91,558127.371],[173620.758,558115.159],[173608.463,558107.196],[173609.503,558105.725],[173626.13,558117.48],[173638.956,558126.914],[173637.823,558129.437],[173556.181,558228.947]]]}},{"type":"Feature","properties":{"relatieveHoogteligging":0,"lokaalID":"W0653.d085ff8738de4b01a4f57e52b20f69b8","bgt_status":"bestaand","class":"waterloop","objecttype":"Waterdeel"},"geometry":{"type":"Polygon","coordinates":[[[173652.739,557979.814],[173654.297,557978.313],[173655.798,557976.868],[173669.179,557968.878],[173679.948,557956.425],[173686.681,557947.614],[173687.22,557941.846],[173686.562,557932.598],[173687.511,557931.463],[173689.633,557928.923],[173690.553,557921.238],[173692.809,557918.702],[173696.865,557914.143],[173699.804,557903.997],[173700.205,557902.612],[173700.226,557902.541],[173702.527,557893.475],[173706.348,557887.37],[173710.616,557876.778],[173715.904,557872.459],[173718.062,557866.305],[173715.88,557860],[173717.56,557861.88],[173718.65,557863.32],[173719.315,557864.567],[173750.054,557922.172],[173745.009,557921.934],[173729.989,557930.477],[173723.061,557934.417],[173717.203,557937.749],[173713.627,557942.499],[173711.469,557947.127],[173709.311,557951.754],[173702.959,557958.109],[173696.608,557964.464],[173692.724,557969.523],[173684.831,557971.929],[173677.493,557977.112],[173667.319,557985.935],[173657.453,557991.858],[173650.855,557999.817],[173634.803,558025.645],[173622.69,558043.499],[173616.956,558051.952],[173609.803,558058.183],[173597.208,558073.577],[173569.106,558101.804],[173533.361,558141.533],[173499.121,558177.476],[173480.411,558197.572],[173476.817,558201.309],[173475.478,558205.293],[173476.535,558208.537],[173483.371,558212.344],[173486.824,558214.565],[173494.259,558216.681],[173497.113,558216.117],[173498.98,558218.62],[173504.129,558220.714],[173507.084,558220.418],[173511.313,558219.995],[173515.365,558222.569],[173529.494,558229.585],[173538.973,558236.001],[173543.377,558241.466],[173551.023,558253.982],[173559.127,558261.668],[173572.376,558272.139],[173586.611,558282.645],[173605.568,558292.27],[173612.298,558296.465],[173615.293,558296.783],[173623.151,558301.648],[173631.819,558306.125],[173635.906,558307.536],[173640.451,558310.286],[173643.799,558313.705],[173650.775,558316.949],[173661.699,558320.862],[173667.231,558320.968],[173675.581,558323.189],[173682.558,558327.632],[173693.234,558336.269],[173707.47,558350.759],[173711.98,558353.65],[173717.377,558354.746],[173719.696,558353.756],[173734.566,558347.41],[173735.095,558347.19],[173736.477,558350.212],[173736.081,558350.266],[173735.5,558352.89],[173728.611,558356.083],[173722.374,558358.974],[173715.75,558360.384],[173712.403,558360.138],[173707.752,558358.198],[173703.558,558355.449],[173698.132,558349.49],[173689.96,558341.679],[173681.184,558334.506],[173676.568,558330.734],[173671.741,558328.548],[173663.813,558327.279],[173654.334,558323.859],[173645.772,558321.285],[173635.459,558316.731],[173623.115,558309.298],[173611.523,558302.318],[173598.873,558296.077],[173583.81,558287.74],[173575.316,558281.124],[173558.528,558268.049],[173549.048,558260.665],[173545.35,558256.203],[173535.854,558244.745],[173531.52,558238.963],[173523.416,558233.216],[173515.876,558230.36],[173503.367,558226.729],[173495.016,558225.037],[173484.727,558223.697],[173476.976,558221.44],[173470.457,558217.315],[173465.841,558213.473],[173462.846,558208.219],[173462.67,558204.271],[173464.171,558201.502],[173477.187,558187.824],[173507.52,558155.949],[173528.382,558133.162],[173555.551,558102.762],[173584.686,558071.127],[173606.808,558049.101],[173612.419,558041.866],[173631.195,558008.503],[173647.166,557985.181],[173652.739,557979.814]]]}},{"type":"Feature","properties":{"relatieveHoogteligging":0,"lokaalID":"G1900.4335a02f09d748f08ddab1a87ddd5e48","bgt_status":"bestaand","class":"waterloop","objecttype":"Waterdeel"},"geometry":{"type":"Polygon","coordinates":[[[173502.87,558556.157],[173504.198,558554.282],[173504.393,558554.359],[173504.5,558554.395],[173506.279,558554.875],[173507.967,558555.334],[173508.146,558555.366],[173510.036,558555.526],[173510.214,558555.525],[173519.253,558555.013],[173523.506,558554.286],[173527.905,558552.397],[173530.68,558549.554],[173535.85,558542.967],[173540.146,558536.561],[173544.733,558529.955],[173555.435,558513.811],[173564.741,558500.391],[173567.889,558495.893],[173568.004,558495.677],[173568.284,558494.947],[173568.329,558494.793],[173568.349,558494.633],[173568.389,558493.723],[173568.372,558493.489],[173568.3,558493.265],[173567.84,558492.255],[173567.761,558492.112],[173567.659,558491.985],[173567.039,558491.325],[173566.899,558491.201],[173557.724,558484.521],[173558.08,558484.084],[173558.753,558483.425],[173559.107,558483.394],[173559.745,558483.786],[173563.273,558486.456],[173567.169,558489.625],[173567.274,558489.7],[173568.664,558490.56],[173568.811,558490.635],[173568.968,558490.684],[173569.131,558490.708],[173569.811,558490.748],[173570.03,558490.736],[173570.241,558490.678],[173570.435,558490.575],[173572.115,558489.425],[173572.282,558489.281],[173573.236,558488.258],[173574.683,558486.754],[173576.693,558484.304],[173576.771,558484.194],[173579.251,558480.174],[173579.326,558480.028],[173580.969,558476.007],[173584.485,558470.635],[173585.702,558468.943],[173585.79,558468.796],[173585.851,558468.636],[173586.321,558467.006],[173586.35,558466.873],[173586.558,558465.404],[173586.707,558462.711],[173586.731,558462.489],[173587.223,558462.191],[173588.154,558462.263],[173589.331,558462.473],[173590.255,558462.763],[173591.687,558463.553],[173606.039,558473.302],[173611.678,558477.483],[173615.559,558480.132],[173621.198,558483.874],[173628.219,558488.05],[173641.634,558495.276],[173640.237,558498.334],[173634.837,558495.042],[173628.858,558492.079],[173619.71,558486.686],[173611.087,558480.456],[173603.37,558474.722],[173592.864,558467.791],[173592.659,558467.68],[173592.435,558467.62],[173591.489,558467.483],[173590.709,558467.413],[173590.447,558467.424],[173588.875,558469.081],[173584.492,558476.415],[173580.849,558482.042],[173566.964,558501.409],[173552.239,558522.442],[173546.548,558531.187],[173531.993,558551.873],[173531.075,558552.665],[173529.989,558553.562],[173529.056,558554.129],[173526.678,558555.053],[173523.225,558556.309],[173520.818,558556.87],[173518.474,558557.291],[173516.486,558557.563],[173513.85,558557.701],[173511.631,558557.808],[173509.353,558557.692],[173507.041,558557.472],[173505.795,558557.383],[173502.87,558556.157]]]}},{"type":"Feature","properties":{"relatieveHoogteligging":0,"lokaalID":"W0653.7965308a250a40a78f40377f86a7268b","bgt_status":"bestaand","class":"waterloop","objecttype":"Waterdeel"},"geometry":{"type":"Polygon","coordinates":[[[173661.129,558488.342],[173656.461,558495.603],[173654.771,558494.93],[173654.481,558493.816],[173662.75,558479.845],[173669.762,558467.999],[173676.774,558456.153],[173684.425,558444.461],[173688.578,558437.15],[173695.114,558425.643],[173701.861,558415.644],[173708.38,558405.984],[173715.85,558395.689],[173721.241,558387.792],[173725.927,558382.644],[173727.971,558379.013],[173728.313,558378.181],[173728.992,558378.087],[173730.281,558378.153],[173731.103,558378.342],[173729.909,558380.811],[173718.634,558394.843],[173704.115,558415.509],[173693.309,558433.482],[173682.2,558451.958],[173671.664,558469.48],[173665.639,558480.409],[173663.948,558483.794],[173664.547,558485.874],[173669.864,558489.831],[173668.789,558491.177],[173664.688,558488.307],[173662.961,558487.743],[173661.129,558488.342]]]}},{"type":"Feature","properties":{"relatieveHoogteligging":0,"lokaalID":"G1900.3684aedd40dc447692f6e169105c7280","bgt_status":"bestaand","class":"waterloop","objecttype":"Waterdeel"},"geometry":{"type":"Polygon","coordinates":[[[173727.351,558148.166],[173741.163,558158.993],[173749.835,558165.791],[173754.31,558170.599],[173758.259,558175.38],[173764.885,558182.023],[173765.658,558182.655],[173764.831,558186.786],[173762.797,558193.806],[173759.86,558199.194],[173756.546,558205.274],[173750.276,558214.448],[173744.09,558222.38],[173735.693,558232.3],[173727.049,558241.917],[173720.613,558249.71],[173712.361,558261.744],[173698.279,558284.741],[173692.894,558293.694],[173687.398,558300.548],[173680.659,558308.368],[173679.805,558308.546],[173678.385,558307.243],[173682.426,558302.841],[173688.324,558296.418],[173693.473,558288.056],[173701.097,558275.677],[173707.836,558264.733],[173714.078,558255.531],[173717.917,558249.424],[173726.323,558238.938],[173738.355,558225.437],[173743.354,558219.827],[173748.187,558213.223],[173752.192,558208.442],[173758.737,558196.752],[173763.046,558185.201],[173763.074,558184.289],[173761.941,558182.88],[173758.268,558180.034],[173750.341,558169.671],[173725.988,558149.774],[173702.909,558130.32],[173698.774,558127.178],[173698.016,558127.13],[173696.894,558127.778],[173668.702,558162.678],[173621.847,558220.681],[173595.156,558253.988],[173587.834,558263.305],[173586.86,558262.869],[173585.848,558261.832],[173590.268,558255.946],[173626.831,558211.073],[173644.931,558189.075],[173655.537,558175.745],[173666.846,558161.529],[173669.371,558158.355],[173669.498,558157.503],[173669.166,558156.618],[173651.635,558141.162],[173646.525,558136.243],[173646.194,558135.303],[173647.023,558134.612],[173648.901,558135.165],[173666.517,558151.574],[173669.058,558153.879],[173670.557,558154.811],[173671.314,558154.843],[173672.04,558154.685],[173674.869,558151.704],[173686.079,558137.84],[173694.964,558126.202],[173697.458,558123.785],[173698.151,558123.582],[173699.762,558124.938],[173727.351,558148.166]]]}},{"type":"Feature","properties":{"relatieveHoogteligging":0,"lokaalID":"G1900.d7a9e9e203fb4523844b14cd4f0c515c","bgt_status":"bestaand","class":"waterloop","objecttype":"Waterdeel"},"geometry":{"type":"Polygon","coordinates":[[[173650.293,558042.859],[173651.066,558042.499],[173651.569,558042.738],[173667.118,558054.538],[173689.909,558071.832],[173719.663,558095.886],[173719.801,558097.129],[173719.415,558098.511],[173717.564,558101.136],[173708.201,558112.384],[173703.554,558119.078],[173702.698,558118.967],[173702.035,558118.277],[173702.781,558116.95],[173709.272,558108.439],[173716.95,558099.181],[173717.392,558097.799],[173716.563,558096.39],[173711.812,558092.88],[173689.213,558074.02],[173651.204,558044.765],[173649.99,558043.83],[173650.293,558042.859]]]}},{"type":"Feature","properties":{"relatieveHoogteligging":0,"lokaalID":"G1900.bbc4115a2ec54c00928560dd387dc76d","bgt_status":"bestaand","class":"waterloop","objecttype":"Waterdeel"},"geometry":{"type":"Polygon","coordinates":[[[173818.461,558111.363],[173816.99,558106.654],[173811.971,558096.551],[173809.623,558091.825],[173807.552,558082.678],[173806.916,558077.538],[173806.834,558073.089],[173807.828,558053.468],[173807.094,558039.185],[173806.51,558033.879],[173804.9,558028.953],[173800.003,558018.601],[173797.935,558013.8],[173798.101,558013.109],[173798.543,558012.529],[173799.675,558012.584],[173804.56,558023.823],[173806.375,558027.629],[173808.079,558033.156],[173809.45,558044.767],[173809.36,558060.016],[173808.949,558066.785],[173808.418,558075.538],[173809.421,558080.469],[173810.028,558086.383],[173812.265,558091.579],[173814.502,558096.774],[173816.74,558101.969],[173818.687,558104.598],[173819.999,558108.574],[173821.849,558114.184],[173823.092,558115.952],[173844.12,558128.33],[173847.878,558130.602],[173846.674,558132.592],[173841.7,558129.585],[173823.969,558118.862],[173821.511,558118.089],[173819.909,558119.028],[173806.433,558136.129],[173794.239,558148.47],[173782.666,558162.451],[173770.818,558176.765],[173769.495,558176.912],[173768.895,558176.122],[173769.124,558175.119],[173781.663,558159.091],[173790.694,558148.812],[173794.437,558144.869],[173798.51,558140.576],[173801.631,558137.288],[173804.954,558134.669],[173817.333,558118.579],[173819.021,558116.384],[173819.638,558115.129],[173818.461,558111.363]]]}},{"type":"Feature","properties":{"relatieveHoogteligging":0,"lokaalID":"G1900.29ea07723ca446718ad19a699e313cf6","bgt_status":"bestaand","class":"waterloop","objecttype":"Waterdeel"},"geometry":{"type":"Polygon","coordinates":[[[173668.789,558491.177],[173669.864,558489.831],[173680.359,558497.641],[173693.581,558505.97],[173710.987,558516.935],[173725.152,558526.983],[173739.951,558536.784],[173740.621,558538.123],[173739.599,558539.111],[173737.872,558538.441],[173725.645,558529.803],[173717.753,558523.809],[173705.138,558516.3],[173697.527,558511.082],[173686.745,558504.736],[173676.175,558496.345],[173668.789,558491.177]]]}},{"type":"Feature","properties":{"relatieveHoogteligging":0,"lokaalID":"W0653.55011909010a415e9cda5fa54c985014","bgt_status":"bestaand","class":"waterloop","objecttype":"Waterdeel"},"geometry":{"type":"Polygon","coordinates":[[[173745.248,559014.767],[173746.221,559011.497],[173747.305,559009.839],[173748.618,559009.426],[173750.542,559008.821],[173753.379,559007.929],[173755.269,559006.713],[173757.187,559005.848],[173759.105,559004.984],[173762.967,559004.384],[173765.885,559004.173],[173770.368,559003.849],[173773.204,559003.876],[173776.244,559004.322],[173779.147,559005.092],[173781.389,559005.686],[173782.469,559006.47],[173783.549,559007.254],[173784.09,559008.362],[173784.306,559009.362],[173784.009,559011.01],[173783.063,559013.47],[173781.974,559015.049],[173781.064,559015.956],[173778.958,559016.632],[173777.337,559016.794],[173776.527,559016.091],[173776.419,559015.308],[173775.365,559014.956],[173773.768,559015.199],[173773.459,559016.111],[173773.15,559017.022],[173772.332,559017.64],[173771.036,559017.933],[173770.049,559018.305],[173769.038,559018.204],[173768.026,559018.103],[173766.791,559017.979],[173765.546,559018.2],[173763.851,559018.899],[173762.562,559019.431],[173761.065,559020.049],[173759.244,559021.037],[173757.561,559021.778],[173756.479,559022.372],[173755.231,559022.69],[173753.317,559023.176],[173751.723,559023.392],[173748.988,559023.102],[173747.812,559022.649],[173746.948,559022.136],[173746.002,559020.774],[173745.557,559019.604],[173745.111,559018.433],[173744.666,559017.263],[173744.724,559016.531],[173745.248,559014.767]]]}},{"type":"Feature","properties":{"relatieveHoogteligging":0,"lokaalID":"G1900.5eca9b1b30014ded8dd3f9cef65ce17c","bgt_status":"bestaand","class":"waterloop","objecttype":"Waterdeel"},"geometry":{"type":"Polygon","coordinates":[[[173711.093,558856.883],[173711.024,558858.898],[173710.183,558883.325],[173703.679,558883.578],[173703.326,558874.51],[173704.094,558874.48],[173704.326,558859.048],[173704.356,558857.063],[173704.358,558846.089],[173703.509,558842.799],[173701.915,558841.447],[173701.456,558832.406],[173711.949,558832.548],[173711.093,558856.883]]]}},{"type":"Feature","properties":{"relatieveHoogteligging":0,"lokaalID":"G1900.e09c338a72e8493f9ff754e0170d69e0","bgt_status":"bestaand","class":"waterloop","objecttype":"Waterdeel"},"geometry":{"type":"Polygon","coordinates":[[[173647.291,558858.581],[173646.94,558852.77],[173645.665,558834.202],[173655.087,558833.888],[173655.395,558843.126],[173652.777,558843.3],[173653.781,558858.392],[173653.913,558860.371],[173654.952,558875.975],[173656.108,558875.943],[173656.331,558884.075],[173655.416,558884.896],[173649.827,558885.307],[173648.879,558884.896],[173647.41,558860.548],[173647.291,558858.581]]]}},{"type":"Feature","properties":{"relatieveHoogteligging":0,"lokaalID":"G1900.85c479e7fd314d2e91c7625211711ffd","bgt_status":"bestaand","class":"watervlakte","plus_type":"meer, plas, ven, vijver","objecttype":"Waterdeel"},"geometry":{"type":"Polygon","coordinates":[[[173510.724,558752.116],[173511.159,558755.179],[173511.43,558756.414],[173511.756,558757.636],[173512.135,558758.843],[173512.953,558760.982],[173513.05,558761.203],[173518.819,558775.06],[173524.806,558791.468],[173529.456,558805.704],[173533.936,558820.028],[173538.488,558836.879],[173543.231,558858.818],[173541.432,558859.265],[173539.676,558859.86],[173537.975,558860.599],[173536.342,558861.477],[173534.788,558862.487],[173533.323,558863.624],[173530.495,558866.439],[173527.91,558869.479],[173525.586,558872.723],[173523.539,558876.149],[173521.784,558879.732],[173520.332,558883.449],[173519.194,558887.274],[173518.906,558890.545],[173518.892,558893.829],[173519.153,558897.102],[173519.686,558900.343],[173520.488,558903.527],[173521.554,558906.633],[173522.875,558909.639],[173524.443,558912.525],[173526.246,558915.269],[173528.398,558917.912],[173530.777,558920.352],[173533.364,558922.57],[173536.139,558924.548],[173539.08,558926.27],[173542.163,558927.723],[173545.363,558928.894],[173548.655,558929.775],[173552.013,558930.359],[173552.589,558942.85],[173552.806,558955.304],[173552.67,558965.291],[173552.208,558977.579],[173549.636,558976.955],[173547.81,558976.513],[173547.09,558976.438],[173541,558975.808],[173537.823,558975.682],[173534.899,558975.858],[173534.396,558975.929],[173532.749,558976.099],[173531.111,558976.33],[173529.482,558976.621],[173526.703,558977.107],[173524.522,558977.662],[173519.051,558979.538],[173516.491,558980.708],[173512.66,558982.988],[173511.808,558980.845],[173501.005,558942.309],[173497.623,558927.721],[173494.741,558913.053],[173490.918,558890.757],[173497.427,558887.831],[173500.002,558886.571],[173502.46,558885.095],[173504.782,558883.414],[173506.952,558881.54],[173508.952,558879.486],[173510.77,558877.269],[173512.39,558874.904],[173514.402,558870.322],[173515.977,558865.573],[173517.103,558860.697],[173517.769,558855.738],[173517.97,558850.738],[173517.524,558847.959],[173516.841,558845.229],[173515.927,558842.568],[173514.787,558839.994],[173513.431,558837.528],[173511.868,558835.188],[173510.111,558832.99],[173508.171,558830.951],[173506.377,558828.822],[173504.41,558826.852],[173502.284,558825.054],[173500.015,558823.442],[173497.618,558822.027],[173495.11,558820.818],[173492.509,558819.825],[173489.834,558819.055],[173487.103,558818.512],[173487.543,558809.667],[173488.493,558793.948],[173489.886,558778.262],[173491.72,558762.622],[173491.973,558760.998],[173492.095,558759.359],[173492.087,558757.716],[173491.718,558754.667],[173498.098,558754.169],[173504.439,558753.318],[173510.724,558752.116]]]}},{"type":"Feature","properties":{"relatieveHoogteligging":0,"lokaalID":"G1900.c0ce5593de9e48a6849fdfa5e9f5cacf","bgt_status":"bestaand","class":"waterloop","objecttype":"Waterdeel"},"geometry":{"type":"Polygon","coordinates":[[[173255.639,558693.516],[173257.933,558689.339],[173265.871,558678.671],[173271.68,558672.928],[173275.882,558667.123],[173281.641,558660.68],[173286.894,558653.64],[173292.101,558645.877],[173305.221,558625.397],[173318.275,558609.557],[173323.775,558602.208],[173329.594,558592.603],[173329.965,558590.874],[173328.852,558588.404],[173325.82,558585.177],[173320.567,558581.534],[173318.899,558580.052],[173310.526,558574.115],[173304.609,558569.552],[173302.794,558566.85],[173302.64,558564.187],[173303.303,558562.393],[173306.666,558556.089],[173313.32,558548.428],[173322.485,558537.407],[173329.021,558528.855],[173338.214,558516.852],[173348.271,558504.398],[173352.611,558499.129],[173354.234,558496.314],[173358.069,558492.275],[173365.182,558483.183],[173375.924,558469.468],[173376.89,558468.117],[173377.077,558466.094],[173376.613,558464.782],[173374.412,558462.93],[173372.403,558462.197],[173368.541,558462.66],[173364.513,558462.111],[173360.225,558459.718],[173354.966,558454.342],[173350.905,558451.321],[173343.907,558444.175],[173341.165,558441.705],[173339.414,558441.082],[173336.401,558440.812],[173334.337,558441.047],[173324.502,558443.081],[173321.279,558442.966],[173317.28,558442.197],[173312.786,558439.664],[173309.827,558437.166],[173305.753,558432.042],[173300.565,558423.241],[173296.383,558416.915],[173291.167,558411.007],[173288.469,558406.519],[173286.959,558405.584],[173285.424,558405.392],[173284.057,558406.015],[173281.108,558409.73],[173279.141,558408.076],[173281.434,558405.387],[173283.95,558403.293],[173286.999,558402.721],[173289.705,558404.245],[173291.958,558407.53],[173297.45,558414.773],[173301.04,558419.318],[173305.083,558426.866],[173307.948,558431.716],[173311.574,558435.459],[173314.776,558438.087],[173318.52,558440.115],[173324.025,558440.692],[173328.98,558439.778],[173334.596,558438.438],[173340.236,558438.438],[173342.95,558439.738],[173351.004,558447.755],[173358.208,558455.03],[173361.118,558457.295],[173363.584,558458.976],[173367.267,558459.994],[173369.993,558459.578],[173372.189,558457.951],[173373.395,558455.408],[173383.051,558442.865],[173391.078,558433.218],[173399.509,558421.89],[173402.706,558418.282],[173404.408,558417.139],[173411.066,558413.719],[173416.301,558411.42],[173423.043,558409.121],[173429.701,558408.444],[173433.247,558409.199],[173437.46,558410.628],[173444.885,558414.924],[173451.368,558420.395],[173454.114,558423.852],[173455.093,558429.356],[173453.964,558431.911],[173451.884,558431.089],[173452.286,558430.392],[173452.558,558429.089],[173452.558,558427.232],[173451.712,558424.814],[173449.8,558422.057],[173448.229,558420.386],[173441.397,558415.615],[173436.554,558412.763],[173429.721,558410.992],[173425.942,558411.077],[173420.103,558412.37],[173416.09,558413.923],[173412.308,558415.881],[173405.547,558418.417],[173404.187,558419.831],[173403.316,558421.081],[173398.85,558426.416],[173393.483,558433.421],[173391.031,558436.313],[173385.041,558443.665],[173380.959,558449.625],[173376.683,558454.611],[173374.719,558457.231],[173374.556,558459.025],[173374.882,558460.205],[173379.616,558464.935],[173379.998,558467.011],[173379.454,558468.832],[173373.6,558475.942],[173363.878,558488.252],[173351.417,558504.027],[173332.625,558527.437],[173313.313,558551.974],[173309.877,558556.173],[173307.084,558558.937],[173304.724,558563.496],[173304.779,558565.412],[173305.682,558567.601],[173308.864,558570.675],[173317.856,558577.175],[173330.298,558585.833],[173333.296,558589.217],[173339.005,558592.79],[173345.387,558597.88],[173348.951,558599.443],[173356.261,558602.422],[173358.469,558602.589],[173360.868,558601.211],[173363.026,558598.538],[173372.129,558586.717],[173374.749,558582.635],[173381.814,558573.704],[173383.549,558570.899],[173391.591,558560.411],[173400.708,558547.914],[173408.929,558537.292],[173419.154,558524.352],[173425.616,558516.062],[173435.832,558502.296],[173445.672,558490.737],[173452.557,558482.272],[173458.726,558474.737],[173462.259,558471.478],[173463.709,558469.305],[173463.799,558467.676],[173462.344,558465.534],[173457.496,558461.392],[173448.943,558455.091],[173444.083,558449.716],[173443.303,558446.605],[173443.619,558444.397],[173445.025,558441.321],[173448.525,558436.275],[173450.304,558437.909],[173448.324,558440.26],[173446.832,558442.869],[173446.086,558444.933],[173446.056,558447.873],[173448.064,558450.94],[173453.553,558455.596],[173460.459,558460.557],[173465.934,558465.2],[173467.954,558467.998],[173467.357,558469.511],[173460.972,558476.181],[173453.431,558484.475],[173448.519,558491.127],[173435.149,558507.077],[173429.077,558514.992],[173425.909,558519.579],[173418.785,558528.225],[173414.006,558534.844],[173408.073,558542.297],[173406.096,558545.381],[173402.057,558550.335],[173397.365,558556.553],[173395.895,558559.121],[173387.816,558569.488],[173382.655,558576.538],[173372.362,558589.956],[173363.391,558601.921],[173361.306,558603.583],[173359.271,558604.673],[173353.876,558604.319],[173353.091,558603.592],[173348.112,558601.263],[173343.46,558598.968],[173339.345,558595.469],[173335.332,558592.679],[173334.256,558592.186],[173333.151,558592.186],[173332.134,558593.319],[173328.47,558599.827],[173324.857,558604.922],[173316.317,558616.433],[173313.898,558618.618],[173310.269,558622.848],[173307.324,558627.426],[173301.044,558636.723],[173297.363,558641.996],[173291.447,558651.64],[173286.19,558658.566],[173284.124,558661.806],[173277.704,558669.477],[173272.866,558674.869],[173268.011,558679.831],[173260.706,558690.291],[173259.357,558692.658],[173255.639,558693.516]]]}},{"type":"Feature","properties":{"relatieveHoogteligging":0,"lokaalID":"G1900.289b21a0d0a64e4380268436f5fab9db","bgt_status":"bestaand","class":"waterloop","objecttype":"Waterdeel"},"geometry":{"type":"Polygon","coordinates":[[[173385.78,558303.162],[173383.89,558304.58],[173381.58,558306.67],[173379.56,558308.74],[173377.47,558311.16],[173375.31,558313.78],[173373.82,558316.58],[173373.14,558318.55],[173371.93,558321.39],[173371.4,558323.26],[173370.92,558325.61],[173370.57,558327.23],[173369.8,558329.33],[173368.59,558331.42],[173367.38,558333.05],[173365.87,558334.98],[173363.92,558336.66],[173361.46,558338.5],[173358.91,558340.4],[173355.94,558342.67],[173353.01,558345.23],[173349.5,558348.37],[173340.67,558353.5],[173339.06,558351.27],[173343.54,558348.27],[173343.74,558348.12],[173347.32,558345.22],[173347.52,558345.07],[173351.34,558342.2],[173351.53,558342.03],[173355.27,558338.7],[173355.45,558338.53],[173359.28,558335.09],[173359.45,558334.9],[173362.85,558331.21],[173363,558331.01],[173366.26,558326.69],[173366.36,558326.47],[173369.29,558320.14],[173369.39,558319.91],[173372.5,558312.87],[173372.63,558312.66],[173377.16,558305.5],[173377.34,558305.33],[173382.251,558300.512],[173385.78,558303.162]]]}},{"type":"Feature","properties":{"relatieveHoogteligging":0,"lokaalID":"G1900.81876945c7d449f7bd66c85ad2a49d94","bgt_status":"bestaand","class":"waterloop","objecttype":"Waterdeel"},"geometry":{"type":"Polygon","coordinates":[[[173411.274,558253.734],[173411.183,558253.853],[173410.337,558255.146],[173409.359,558256.591],[173408.481,558256.543],[173407.708,558256.138],[173403.702,558252.957],[173403.52,558252.843],[173394.497,558246.113],[173390.887,558243.563],[173390.738,558243.476],[173386.632,558241.534],[173382.526,558239.734],[173369.208,558232.272],[173366.315,558229.881],[173363.244,558226.78],[173357.443,558220.79],[173351.121,558214.069],[173346.102,558207.965],[173346.003,558207.86],[173341.353,558203.63],[173341.214,558203.525],[173336.711,558200.679],[173332.459,558197.901],[173329.129,558195.584],[173325.598,558193.031],[173317.622,558187.214],[173310.125,558181.666],[173310.036,558181.608],[173306.952,558179.797],[173297.776,558173.954],[173297.354,558173.593],[173296.856,558173.159],[173296.682,558172.851],[173296.625,558172.552],[173296.634,558172.372],[173296.904,558171.961],[173297.169,558171.874],[173297.788,558171.888],[173298.691,558172.035],[173299.542,558172.436],[173306.642,558177.054],[173319.729,558186.594],[173328.672,558192.97],[173335.688,558197.689],[173341.213,558200.986],[173345.437,558204.303],[173348.261,558207.243],[173350.775,558210.913],[173353.25,558213.942],[173356.55,558217.682],[173356.625,558217.758],[173359.965,558220.811],[173362.718,558223.95],[173362.832,558224.06],[173366.233,558226.874],[173368.864,558229.287],[173368.952,558229.359],[173372.171,558231.698],[173374.571,558233.448],[173374.689,558233.522],[173377.868,558235.22],[173380.179,558236.745],[173380.276,558236.801],[173382.836,558238.106],[173385.396,558239.305],[173390.214,558241.43],[173394.143,558243.513],[173397.484,558245.891],[173400.115,558247.517],[173401.907,558248.865],[173404.839,558251.024],[173405.679,558251.624],[173405.807,558251.701],[173406.926,558252.271],[173407.577,558252.64],[173407.759,558252.72],[173407.953,558252.763],[173408.293,558252.803],[173408.533,558252.802],[173408.766,558252.744],[173409.186,558252.584],[173409.405,558252.468],[173409.875,558252.138],[173410.08,558251.946],[173424.425,558234.092],[173429.342,558228.137],[173432.416,558224.009],[173435.961,558219.755],[173438.488,558216.598],[173440.322,558214.341],[173442.038,558213.023],[173443.275,558212.306],[173444.739,558211.616],[173445.214,558211.789],[173445.479,558212.649],[173445.72,558213.776],[173444.762,558214.193],[173444.526,558214.337],[173442.476,558216.017],[173442.385,558216.101],[173440.572,558218.012],[173432.333,558228.208],[173424.626,558237.119],[173414.049,558250.465],[173412.668,558252.172],[173411.274,558253.734]]]}},{"type":"Feature","properties":{"relatieveHoogteligging":0,"lokaalID":"W0653.b3cfd5a961444798a5a5d3d9f33a32c7","bgt_status":"bestaand","class":"waterloop","objecttype":"Waterdeel"},"geometry":{"type":"Polygon","coordinates":[[[173382.994,558285.566],[173385.909,558287.756],[173375.2,558301.64],[173375.05,558301.84],[173355.55,558327.11],[173355.38,558327.3],[173331.289,558354.317],[173330.58,558354.6],[173330.04,558354.52],[173329.6,558354.03],[173329.31,558353.4],[173328.98,558352.4],[173328.92,558351.51],[173329.48,558350.73],[173330.35,558349.86],[173336.25,558343.62],[173352.85,558323.15],[173378.27,558291.35],[173382.994,558285.566]]]}},{"type":"Feature","properties":{"relatieveHoogteligging":0,"lokaalID":"G1900.4ff49f014dfc458383548c51eb8fc57f","bgt_status":"bestaand","class":"waterloop","objecttype":"Waterdeel"},"geometry":{"type":"Polygon","coordinates":[[[173316.989,558081.917],[173336.238,558058.03],[173337.165,558057.389],[173337.941,558056.917],[173338.282,558056.902],[173338.42,558056.978],[173338.47,558057.123],[173338.273,558057.67],[173337.335,558059.036],[173335.898,558061.311],[173334.642,558063.55],[173325.762,558075.242],[173296.997,558108.778],[173296.444,558109.155],[173295.826,558109.167],[173295.231,558108.925],[173294.965,558108.448],[173294.973,558108.014],[173316.989,558081.917]]]}},{"type":"Feature","properties":{"relatieveHoogteligging":0,"lokaalID":"G1900.e10fc4fc76b544fabc883ce2060e961f","bgt_status":"bestaand","class":"waterloop","objecttype":"Waterdeel"},"geometry":{"type":"Polygon","coordinates":[[[173382.994,558285.566],[173401.94,558262.37],[173402.36,558261.91],[173404.41,558260.24],[173405.13,558260.12],[173411.78,558263.33],[173412.74,558264.55],[173413.19,558265.27],[173413.27,558265.79],[173413.11,558266.46],[173412.81,558267.46],[173412.09,558269.06],[173411.4,558270.27],[173393.85,558292.62],[173393.587,558293.521],[173390.774,558291.409],[173410.28,558267.29],[173410.09,558267.13],[173405.03,558262.96],[173404.88,558263.16],[173385.909,558287.756],[173382.994,558285.566]]]}},{"type":"Feature","properties":{"relatieveHoogteligging":0,"lokaalID":"W0653.720c511d0de44d45a9f694ad6a026044","bgt_status":"bestaand","class":"waterloop","objecttype":"Waterdeel"},"geometry":{"type":"Polygon","coordinates":[[[173390.774,558291.409],[173393.587,558293.521],[173393.52,558293.75],[173393.41,558294.91],[173393.37,558296.18],[173393.46,558297.32],[173393.89,558298.13],[173399.14,558302.43],[173405.297,558307.259],[173412.082,558311.603],[173429.595,558323.634],[173456.586,558342.058],[173467.213,558348.641],[173471.599,558351.786],[173470.154,558353.508],[173466.068,558350.541],[173454.479,558343.343],[173446.186,558337.446],[173433.323,558328.478],[173421.995,558321.01],[173408.092,558311.263],[173405.835,558310.01],[173401.444,558307.049],[173396.45,558303.308],[173392.634,558300.988],[173390.005,558300.085],[173387.858,558300.899],[173385.78,558303.162],[173382.251,558300.512],[173387.88,558294.99],[173388.04,558294.79],[173390.774,558291.409]]]}},{"type":"Feature","properties":{"relatieveHoogteligging":0,"lokaalID":"G1900.557de88f9c714a3ba662f6b85b42f8f5","bgt_status":"bestaand","class":"waterloop","objecttype":"Waterdeel"},"geometry":{"type":"Polygon","coordinates":[[[173450.959,558106.72],[173454.633,558122.162],[173456.103,558129.012],[173456.807,558137.594],[173456.807,558142.873],[173456.082,558148.896],[173454.175,558154.109],[173450.309,558161.845],[173449.161,558169.118],[173449.607,558172.515],[173453.364,558183.689],[173455.539,558190.156],[173455.297,558191.606],[173454.411,558191.647],[173454.069,558191.163],[173453.685,558190.675],[173451.901,558186.41],[173448.553,558178.407],[173446.474,558170.65],[173447.119,558163.85],[173449.223,558157.853],[173453.416,558145.901],[173454.015,558136.241],[173453.195,558127.675],[173451.478,558120.693],[173449.389,558112.2],[173448.765,558108.009],[173449.181,558103.117],[173449.032,558101.397],[173449.661,558101.342],[173451.08,558101.22],[173451.282,558103.557],[173450.959,558106.72]]]}},{"type":"Feature","properties":{"relatieveHoogteligging":0,"lokaalID":"G1900.a9de864e04414f538c1b855820dcb195","bgt_status":"bestaand","class":"waterloop","objecttype":"Waterdeel"},"geometry":{"type":"Polygon","coordinates":[[[173478.814,558488.452],[173480.678,558489.924],[173470.709,558502.456],[173459.365,558518.292],[173459.312,558519.299],[173469.38,558527.386],[173490.937,558543.853],[173497.205,558549.244],[173494.624,558550.546],[173494.125,558549.613],[173492.094,558547.683],[173469.414,558529.84],[173467.894,558529.069],[173458.641,558521.653],[173457.547,558519.716],[173457.547,558517.331],[173478.814,558488.452]]]}},{"type":"Feature","properties":{"relatieveHoogteligging":0,"lokaalID":"G1900.d629f48edaec4e4bba5d9b6bb2e64090","bgt_status":"bestaand","class":"waterloop","objecttype":"Waterdeel"},"geometry":{"type":"Polygon","coordinates":[[[173498.246,558554.297],[173499.965,558551.618],[173500.103,558551.736],[173500.587,558552.152],[173498.981,558554.495],[173498.246,558554.297]]]}},{"type":"Feature","properties":{"relatieveHoogteligging":0,"lokaalID":"G1900.3ce5807508ba4232a23941c88f905796","bgt_status":"bestaand","class":"waterloop","objecttype":"Waterdeel"},"geometry":{"type":"Polygon","coordinates":[[[173480.747,558473.561],[173479.498,558475.391],[173480.71,558477.813],[173485.213,558480.828],[173489.207,558484.026],[173493.129,558485.588],[173497.196,558486.642],[173503.188,558486.678],[173508.308,558487.368],[173512.012,558489.439],[173515.571,558493.291],[173523.289,558499.505],[173522.326,558500.771],[173512.775,558493.4],[173510.015,558490.566],[173506.856,558489.112],[173504.132,558488.64],[173500.973,558488.567],[173496.66,558488.468],[173492.984,558487.913],[173488.263,558485.988],[173482.707,558482.463],[173474.21,558475.451],[173472.611,558474.131],[173473.702,558472.181],[173474.217,558471.946],[173475.343,558472.539],[173476.197,558472.658],[173477.561,558472.02],[173484.569,558463.3],[173495.826,558447.458],[173510.168,558427.275],[173514.382,558419.99],[173514.963,558415.412],[173519.03,558407.382],[173522.536,558403.255],[173525.513,558400.361],[173526.219,558400.207],[173526.939,558400.207],[173527.553,558400.736],[173527.68,558401.329],[173527.362,558402.006],[173525.838,558403.53],[173524.361,558405.122],[173523.207,558406.261],[173520.841,558410.351],[173517.666,558416.289],[173517.542,558418.282],[173513.864,558425.746],[173504.386,558440.025],[173493.492,558454.886],[173480.747,558473.561]]]}},{"type":"Feature","properties":{"relatieveHoogteligging":0,"lokaalID":"G1900.a06b85890c954348a0acb14257c1b9e0","bgt_status":"bestaand","class":"waterloop","objecttype":"Waterdeel"},"geometry":{"type":"Polygon","coordinates":[[[173478.342,558363.278],[173478.369,558363.24],[173478.641,558363.401],[173480.962,558364.774],[173481.037,558364.819],[173481.028,558364.83],[173477.679,558368.826],[173474.728,558371.292],[173470.229,558376.27],[173468.778,558377.624],[173467.375,558378.349],[173466.36,558377.769],[173466.746,558376.609],[173469.359,558373.177],[173474.877,558367.318],[173476.86,558365.337],[173478.342,558363.278]]]}},{"type":"Feature","properties":{"relatieveHoogteligging":0,"lokaalID":"W0653.21239c8cad6c498e86fc8fb801a91e1d","bgt_status":"bestaand","class":"waterloop","objecttype":"Waterdeel"},"geometry":{"type":"Polygon","coordinates":[[[173509.496,558371.926],[173509.44,558373.434],[173506.195,558375.073],[173504.707,558373.719],[173497.92,558370.366],[173490.664,558365.677],[173487.168,558363.737],[173484.75,558362.673],[173482.96,558362.77],[173481.944,558363.737],[173481.037,558364.819],[173480.962,558364.774],[173478.641,558363.401],[173478.369,558363.24],[173478.843,558362.581],[173479.327,558361.131],[173478.65,558359.778],[173476.086,558357.844],[173476.039,558356.619],[173477.2,558355.507],[173478.215,558355.217],[173484.325,558359.575],[173486.647,558359.913],[173498.546,558367.744],[173501.65,558369.353],[173504.262,558369.595],[173506.004,558369.353],[173509.937,558364.937],[173514.735,558358.35],[173517.25,558355.353],[173521.805,558349.974],[173526.691,558343.449],[173536.186,558330.654],[173546.499,558316.901],[173553.671,558307.541],[173557.202,558303.529],[173558.557,558301.596],[173560.395,558298.454],[173562.127,558296.928],[173564.104,558299.263],[173560.619,558303.11],[173551.829,558314.597],[173542.672,558326.656],[173540.273,558329.506],[173528.446,558346],[173527.299,558347.021],[173524.357,558351.182],[173515.063,558363.062],[173512.936,558365.685],[173510.31,558369.71],[173509.496,558371.926]]]}},{"type":"Feature","properties":{"relatieveHoogteligging":0,"lokaalID":"G1900.ec9b319553a3443d84dc8804dc11c810","bgt_status":"bestaand","class":"waterloop","objecttype":"Waterdeel"},"geometry":{"type":"Polygon","coordinates":[[[173553.009,558482.354],[173552.392,558482.972],[173550.068,558482.173],[173547.671,558482.173],[173546.074,558483.59],[173541.534,558491.329],[173535.652,558499.177],[173533.001,558501.793],[173531.099,558503.67],[173529.479,558504.046],[173527.191,558504.191],[173525.956,558503.573],[173524.704,558502.607],[173525.91,558501.032],[173526.428,558501.321],[173528.316,558501.902],[173530.241,558501.466],[173532.238,558499.795],[173540.009,558489.548],[173543.895,558482.718],[173545.783,558480.61],[173547.599,558479.811],[173550.395,558479.738],[173553.046,558481.192],[173553.009,558482.354]]]}},{"type":"Feature","properties":{"relatieveHoogteligging":0,"lokaalID":"W0653.20ce83c3324d4cf68660cf035b9177fd","bgt_status":"bestaand","class":"waterloop","objecttype":"Waterdeel"},"geometry":{"type":"Polygon","coordinates":[[[173618.782,558576.254],[173616.757,558572.163],[173615.872,558569.649],[173614.624,558567.126],[173613.764,558563.44],[173613.709,558559.6],[173614.717,558556.904],[173635.781,558524.249],[173645.753,558507.321],[173646.492,558505.705],[173646.876,558504.607],[173646.902,558503.641],[173646.545,558502.596],[173645.487,558501.286],[173643.37,558500.082],[173640.237,558498.334],[173641.634,558495.276],[173648.115,558499.006],[173648.262,558499.063],[173648.417,558499.097],[173649.447,558499.237],[173649.559,558499.246],[173650.419,558499.266],[173650.595,558499.254],[173651.388,558499.119],[173653.822,558500.693],[173647.689,558510.338],[173633.407,558534.61],[173618.674,558559.796],[173617.665,558561.603],[173617.458,558563.73],[173617.62,558564.923],[173618.168,558566.724],[173619.09,558568.724],[173620.814,558571.456],[173622.656,558574.935],[173623.487,558577.6],[173623.941,558579.455],[173624.12,558581.391],[173623.269,558585.438],[173622.489,558587.38],[173620.861,558591.134],[173618.518,558595.01],[173612.277,558603.902],[173605.326,558614.094],[173601.068,558620.6],[173596.486,558628.165],[173592.229,558637.13],[173588.237,558644.571],[173585.299,558648.607],[173583.671,558650.668],[173578.247,558655.463],[173572.612,558658.805],[173568.89,558660.145],[173565.591,558660.963],[173559.667,558661.703],[173551.04,558662.369],[173543.359,558662.887],[173540.212,558662.702],[173534.023,558660.331],[173530.863,558659.514],[173520.811,558658.087],[173513.666,558657.67],[173506.513,558657.894],[173499.408,558658.756],[173492.408,558660.249],[173485.57,558662.363],[173478.977,558665.066],[173471.706,558668.55],[173467.827,558670.123],[173466.52,558670.515],[173466.028,558666.849],[173467.74,558666.418],[173467.941,558666.344],[173476.59,558662.047],[173483.044,558659.273],[173489.7,558657.078],[173496.523,558655.473],[173503.459,558654.471],[173510.457,558654.079],[173517.462,558654.301],[173524.421,558655.133],[173531.25,558656.565],[173538.838,558659.399],[173539.005,558659.446],[173539.178,558659.462],[173552.415,558659.591],[173552.548,558659.584],[173568.141,558657.656],[173568.305,558657.621],[173568.462,558657.559],[173575.427,558654.108],[173575.624,558653.98],[173580.108,558650.231],[173580.24,558650.098],[173582.624,558647.195],[173583.568,558645.948],[173585.975,558642.112],[173594.732,558624.585],[173597.892,558618.298],[173601.93,558612.259],[173615.167,558594.264],[173616.873,558591.724],[173618.064,558589.144],[173619.071,558586.387],[173619.446,558584.977],[173619.773,558583.243],[173619.935,558581.712],[173619.937,558581.533],[173619.777,558579.443],[173619.732,558579.214],[173618.782,558576.254]]]}},{"type":"Feature","properties":{"relatieveHoogteligging":0,"lokaalID":"G1900.dfd7fefebc6647078831658cce5fbfeb","bgt_status":"bestaand","class":"waterloop","objecttype":"Waterdeel"},"geometry":{"type":"Polygon","coordinates":[[[173506.195,558375.073],[173509.44,558373.434],[173509.682,558373.854],[173511.891,558377.691],[173514.831,558381.005],[173524.028,558389.754],[173525.913,558392.164],[173543.567,558408.608],[173546.99,558411.206],[173549.733,558415.68],[173550.64,558420.259],[173551.74,558430.201],[173555.129,558433.683],[173559.913,558437.463],[173564.305,558440.468],[173571.232,558445.652],[173583.866,558456.944],[173581.847,558459.104],[173568.815,558447.717],[173559.573,558440.355],[173553.929,558436.781],[173549.171,558431.163],[173547.538,558425.962],[173545.472,558416.492],[173542.584,558412.056],[173539.989,558409.127],[173533.25,558402.486],[173529.06,558399.251],[173524.944,558394.965],[173524.461,558393.321],[173522.816,558391.243],[173518.172,558386.457],[173515.947,558384.766],[173511.739,558381.382],[173508.48,558377.151],[173506.541,558375.387],[173506.195,558375.073]]]}},{"type":"Feature","properties":{"relatieveHoogteligging":0,"lokaalID":"G1900.846bd94e2f3f4569a5381b1870aefe42","bgt_status":"bestaand","class":"waterloop","objecttype":"Waterdeel"},"geometry":{"type":"Polygon","coordinates":[[[173540.131,557915.663],[173547.812,557906.133],[173556.128,557896.871],[173563.915,557888.198],[173570.834,557879.857],[173580.863,557870.077],[173593.337,557857.913],[173595.457,557856.105],[173597.238,557854.865],[173598.759,557856.863],[173590.507,557864.434],[173586.403,557867.819],[173575.291,557878.366],[173565.828,557889.704],[173551.769,557905.71],[173545.074,557913.608],[173543.123,557916.212],[173541.766,557920.157],[173541.717,557924.554],[173542.604,557926.651],[173548.824,557933.901],[173551.381,557935.678],[173556.772,557939.627],[173564.277,557943.328],[173569.492,557944.915],[173572.417,557944.703],[173580.539,557939.007],[173584.256,557935.713],[173589.124,557929.779],[173590.825,557931.355],[173590.493,557931.694],[173582.494,557940.014],[173574.989,557945.973],[173571.712,557948.123],[173569.704,557951.437],[173567.167,557956.832],[173558.164,557969.951],[173550.045,557980.466],[173544.315,557987.159],[173528.36,558009.067],[173524.574,558014.265],[173507.051,558034.694],[173494.392,558050.462],[173488.306,558057.047],[173480.941,558065.015],[173470.582,558072.947],[173459.516,558080.465],[173457.596,558082.137],[173455.089,558087.444],[173453.704,558093.184],[173452.749,558094.529],[173450.568,558093.854],[173452.109,558087.798],[173452.288,558085.831],[173452.18,558084.364],[173451.104,558082.78],[173449.135,558080.74],[173445.615,558077.254],[173437.053,558070.845],[173434.181,558066.927],[173429.376,558060.479],[173426.942,558058.476],[173424.006,558056.687],[173420.704,558055.61],[173418.119,558054.891],[173401.885,558052.205],[173389.231,558050.449],[173385.221,558050.162],[173367.665,558049.02],[173359.273,558048.515],[173354.269,558047.704],[173352.983,558047.16],[173353.142,558045.13],[173369.808,558046.435],[173378.758,558046.435],[173388.906,558047.316],[173396.305,558048.832],[173413.712,558051.194],[173419.173,558052.076],[173424.635,558053.733],[173428.546,558055.989],[173431.688,558058.455],[173435.382,558063.675],[173438.799,558068.505],[173440.858,558069.646],[173447.89,558075.556],[173451.414,558078.518],[173453.14,558079.752],[173455.078,558080.351],[173457.674,558080.011],[173463.262,558076.087],[173471.851,558070.056],[173478.623,558065.301],[173482.915,558060.678],[173488.447,558054.72],[173497.819,558042.839],[173521.13,558016.085],[173526.713,558008.017],[173533.478,557998.24],[173538.552,557990.906],[173544.013,557983.855],[173551.086,557975.901],[173555.253,557970],[173561.701,557960.868],[173567.374,557950.891],[173568.044,557948.776],[173567.093,557947.224],[173564.943,557946.061],[173560.75,557944.615],[173555.665,557941.465],[173551.765,557938.481],[173548.77,557936.189],[173543.731,557931.43],[173541.335,557928.891],[173538.939,557927.41],[173534.253,557926.247],[173527.523,557923.744],[173523.541,557921.135],[173519.56,557918.526],[173516.001,557915.776],[173513.57,557912.92],[173511.138,557910.064],[173507.791,557908.76],[173504.479,557908.936],[173501.061,557909.959],[173498.348,557909.148],[173495.177,557907.244],[173491.406,557904.353],[173485.592,557897.584],[173481.787,557892.436],[173477.065,557887.712],[173474.74,557886.02],[173471.78,557885.667],[173469.102,557886.478],[173465.104,557888.658],[173462.266,557892.154],[173446.587,557911.475],[173438.034,557919.928],[173436.568,557919.732],[173435.179,557917.778],[173445.664,557907.589],[173459.248,557891.373],[173465.326,557885.977],[173467.827,557883.756],[173471.562,557882.945],[173475.544,557883.544],[173478.856,557885.624],[173482.309,557888.339],[173484.494,557891.724],[173491.048,557900.15],[173494.994,557904.416],[173499.328,557906.99],[173502.64,557907.095],[173508.172,557906.108],[173510.744,557907.06],[173515.572,557910.903],[173519.73,557915.31],[173523.5,557918.272],[173533.049,557922.89],[173536.607,557924.054],[173538.616,557922.502],[173540.131,557915.663]]]}},{"type":"Feature","properties":{"relatieveHoogteligging":0,"lokaalID":"G1900.90abca461f1c4f7b9003e7d5e9b3471e","bgt_status":"bestaand","class":"waterloop","objecttype":"Waterdeel"},"geometry":{"type":"Polygon","coordinates":[[[173344.082,558045.226],[173343.53,558046.95],[173341.749,558048.05],[173331.38,558047.61],[173325.745,558047.61],[173318.965,558047.541],[173299.867,558045.235],[173297.183,558044.533],[173297.077,558044.511],[173293.567,558043.991],[173293.458,558043.981],[173281.266,558043.52],[173275.987,558043.383],[173269.367,558041.575],[173269.109,558041.277],[173268.925,558040.764],[173268.9,558039.783],[173268.89,558039.44],[173271.619,558038.816],[173274.937,558038.701],[173280.436,558039.036],[173283.355,558039.468],[173287.018,558040.075],[173291.139,558040.833],[173294.953,558041.538],[173299.171,558042.209],[173303.121,558042.806],[173307.101,558043.572],[173307.269,558043.59],[173337.269,558044.22],[173337.465,558044.204],[173337.655,558044.151],[173338.675,558043.751],[173338.843,558043.666],[173340.223,558042.796],[173340.386,558042.668],[173340.519,558042.509],[173341.079,558041.679],[173341.152,558041.551],[173341.206,558041.413],[173341.823,558039.39],[173342.438,558036.792],[173343.267,558033.882],[173344.567,558029.901],[173346.014,558025.771],[173346.047,558025.652],[173347.033,558021.118],[173348.569,558016.883],[173350.283,558012.995],[173352.361,558009.769],[173354.954,558007.021],[173357,558005.123],[173357.17,558004.917],[173359.835,558000.615],[173364.816,557995.388],[173369.458,557990.986],[173369.561,557990.871],[173372.341,557987.271],[173372.415,557987.163],[173373.978,557984.472],[173375.623,557982.558],[173378.35,557979.483],[173380.956,557976.127],[173383.15,557973.867],[173386.266,557971.708],[173389.182,557969.921],[173391.68,557968.628],[173391.898,557968.475],[173394.058,557966.485],[173394.177,557966.354],[173396.277,557963.584],[173396.353,557963.467],[173398.151,557960.243],[173400.006,557956.792],[173401.573,557954.002],[173408.93,557946.724],[173412.767,557942.857],[173416.208,557939.313],[173419.656,557935.424],[173423.232,557931.293],[173425.155,557929.379],[173425.253,557929.266],[173425.333,557929.139],[173426.523,557926.899],[173426.597,557926.72],[173426.635,557926.529],[173426.635,557926.335],[173426.598,557926.144],[173425.948,557923.964],[173425.873,557923.78],[173425.762,557923.614],[173425.62,557923.473],[173423.34,557921.623],[173423.129,557921.492],[173417.811,557919.035],[173413.594,557915.935],[173408.851,557911.628],[173404.709,557907.676],[173400.83,557904.19],[173395.957,557900.022],[173392.137,557896.055],[173390.216,557893.273],[173389.233,557890.235],[173390.87,557888.495],[173393.958,557892.647],[173394.064,557892.768],[173399.535,557898.077],[173405.824,557903.671],[173413.721,557910.182],[173421.206,557915.362],[173427.666,557919.332],[173427.89,557919.434],[173432.294,557920.819],[173434.558,557922.611],[173429.218,557929.776],[173421.327,557939.01],[173415.12,557945.534],[173410.949,557948.924],[173410.869,557948.997],[173407.389,557952.517],[173407.244,557952.704],[173404.142,557957.85],[173402.002,557961.984],[173400.838,557964.68],[173399.422,557967.712],[173397.363,557969.9],[173394.251,557972.343],[173390.099,557974.996],[173385.436,557977.716],[173385.288,557977.822],[173380.718,557981.752],[173380.616,557981.853],[173377.219,557985.748],[173372.829,557990.408],[173364.481,557999.361],[173357.361,558007.921],[173357.298,558008.006],[173352.118,558015.786],[173351.995,558016.042],[173351.467,558017.737],[173350.09,558021.996],[173344.151,558040.328],[173344.177,558043.557],[173344.082,558045.226]]]}},{"type":"Feature","properties":{"relatieveHoogteligging":0,"lokaalID":"W0653.5fa40c7283f043a1a0bf0d0866151f5a","bgt_status":"bestaand","class":"waterloop","objecttype":"Waterdeel"},"geometry":{"type":"Polygon","coordinates":[[[173212.909,558026.604],[173213.509,558024.558],[173219.469,558014.323],[173232.724,557989.848],[173240.436,557975.608],[173249.999,557962.549],[173260.211,557949.989],[173269.11,557940.862],[173288.012,557920.58],[173305.433,557901.886],[173322.89,557882.743],[173338.971,557865.715],[173339.797,557865.715],[173340.582,557866.4],[173340.24,557867.468],[173336.112,557871.215],[173322.793,557885.121],[173314.054,557894.933],[173306.987,557902.467],[173285.916,557925.872],[173271.559,557941.82],[173263.586,557949.673],[173257.138,557957.57],[173245.585,557971.718],[173238.885,557982.848],[173232.185,557993.979],[173222.924,558012.604],[173216.088,558025.543],[173215.942,558026.475],[173212.909,558026.604]]]}},{"type":"Feature","properties":{"relatieveHoogteligging":0,"lokaalID":"G1900.c9775769b11b4649b10fbbdbba7ddef9","bgt_status":"bestaand","class":"waterloop","objecttype":"Waterdeel"},"geometry":{"type":"Polygon","coordinates":[[[173212.909,558026.604],[173215.942,558026.475],[173215.736,558027.8],[173216.299,558030.021],[173218.061,558031.22],[173233.036,558038.165],[173233.135,558039.403],[173232.824,558039.76],[173232.229,558039.919],[173223.073,558036.625],[173215.06,558031.891],[173213.812,558029.715],[173212.865,558026.753],[173212.909,558026.604]]]}},{"type":"Feature","properties":{"relatieveHoogteligging":0,"lokaalID":"W0653.7a94081026564765b3cee3bdc0d43e7e","bgt_status":"bestaand","class":"waterloop","objecttype":"Waterdeel"},"geometry":{"type":"Polygon","coordinates":[[[173171.913,558020.226],[173167.209,558017.731],[173161.455,558012.832],[173152.129,558005.612],[173123.881,557982.949],[173112.227,557974.022],[173101.041,557966.024],[173091.252,557958.627],[173088.744,557956.398],[173088.594,557955.824],[173088.815,557954.906],[173089.767,557954.159],[173090.541,557954.454],[173095.05,557957.692],[173096.736,557959.495],[173097.918,557961.137],[173102.011,557964.411],[173111.602,557970.876],[173113.999,557972.299],[173116.715,557974.012],[173121.364,557977.38],[173130.957,557985.517],[173152.372,558003.79],[173160.942,558009.808],[173168.377,558015.913],[173175.403,558019.577],[173179.755,558021.592],[173184.371,558022.891],[173189.252,558023.608],[173197.559,558025.874],[173199.361,558025.115],[173200.125,558024.269],[173220.244,557985.849],[173229.242,557969.767],[173235.371,557960.065],[173241.743,557951.525],[173246.768,557946.08],[173258.594,557933.268],[173274.086,557916.484],[173284.919,557905.022],[173296.806,557892.445],[173303.765,557884.551],[173314.491,557873.248],[173324.43,557862.48],[173327.746,557858.824],[173328.808,557858.937],[173329.352,557859.775],[173328.976,557860.84],[173328.222,557861.972],[173318.238,557872.692],[173305.829,557885.96],[173294.794,557897.756],[173276.847,557916.941],[173269.47,557925.08],[173264.88,557929.868],[173257.96,557937.44],[173251.826,557944.099],[173243.33,557953.338],[173238.715,557959.092],[173233.877,557966.051],[173223.998,557984.219],[173218.612,557994.44],[173204.106,558020.708],[173194.273,558038.515],[173193.255,558039.17],[173192.832,558039.091],[173192.114,558038.075],[173193.48,558034.381],[173195.751,558029.864],[173195.792,558028.155],[173195.495,558027.665],[173194.411,558027.099],[173189.227,558025.975],[173183.595,558024.854],[173176.73,558022.342],[173171.913,558020.226]]]}},{"type":"Feature","properties":{"relatieveHoogteligging":0,"lokaalID":"W0653.1efaa3a07f3f48038aa073b56fec4f74","bgt_status":"bestaand","class":"waterloop","objecttype":"Waterdeel"},"geometry":{"type":"Polygon","coordinates":[[[172908.332,558004.098],[172898.783,558008.611],[172883.279,558015.027],[172878.197,558016.401],[172874.153,558017.495],[172870.524,558019.505],[172869.678,558020.739],[172867.67,558021.585],[172867.051,558020.406],[172866.746,558018.986],[172866.713,558017.093],[172866.297,558014.016],[172866.244,558013.622],[172865.192,558012.26],[172864.414,558011.448],[172865.023,558009.014],[172865.14,558008.724],[172865.908,558006.83],[172866.507,558003.657],[172866.542,558000.942],[172867.321,557996.947],[172870.364,557997.67],[172876.264,557998.617],[172876.531,557998.66],[172883.869,557998.228],[172898.545,557992.243],[172910.322,557985.148],[172927.033,557972.129],[172939.304,557957.384],[172950.526,557942.206],[172956.446,557932.643],[172960.146,557924.128],[172961.379,557919.316],[172979.384,557911.11],[172983.207,557909.321],[172998.746,557888.652],[173003.803,557878.595],[173007.317,557871.562],[173014.481,557857.938],[173032.086,557830.153],[173037.678,557821.822],[173052.393,557804.126],[173058.806,557796.413],[173062.567,557792.527],[173063.492,557789.133],[173062.32,557785.863],[173059.079,557784.035],[173056.399,557781.851],[173059.114,557778.521],[173062.444,557781.236],[173066.945,557783.272],[173071.138,557783.025],[173074.899,557780.249],[173082.484,557770.994],[173097.406,557754.767],[173106.682,557743.258],[173115.288,557734.284],[173121.146,557728.175],[173131.248,557720.138],[173143.677,557707.339],[173153.581,557697.141],[173159.932,557690.601],[173161.782,557688.38],[173162.645,557685.604],[173161.979,557683.256],[173157.219,557679.496],[173154.876,557677.645],[173154.475,557674.675],[173155.666,557672.506],[173157.835,557673.696],[173165.482,557677.892],[173171.586,557679.187],[173175.964,557676.596],[173190.086,557663.703],[173200.013,557653.274],[173207.412,557645.5],[173214.195,557635.135],[173222.396,557621.006],[173228.994,557605.458],[173237.369,557594.238],[173246.629,557583.926],[173261.367,557567.514],[173268.828,557556.593],[173269.444,557552.891],[173267.348,557548.634],[173261.428,557545.488],[173259.023,557543.081],[173259.578,557541.354],[173260.133,557539.626],[173262.6,557539.194],[173267.78,557540.86],[173276.104,557546.475],[173282.394,557553.817],[173284.367,557557.951],[173265.066,557580.594],[173244.964,557605.89],[173241.573,557610.456],[173237.257,557618.23],[173233.853,557630.667],[173230.967,557635.752],[173225.294,557645.747],[173212.345,557661.974],[173206.795,557667.094],[173194.613,557681.273],[173185.953,557686.097],[173175.574,557691.879],[173158.39,557709.481],[173124.599,557744.094],[173095.371,557775.683],[173042.086,557841.356],[173026.97,557863.744],[173022.707,557874.638],[173021.262,557877.493],[173014.743,557886.766],[173012.81,557887.888],[173009.512,557892.288],[173004.243,557899.317],[172994.835,557911.868],[172975.415,557933.946],[172958.754,557954.281],[172944.166,557972.085],[172935.815,557980.335],[172924.681,557990.454],[172908.332,558004.098]]]}},{"type":"Feature","properties":{"relatieveHoogteligging":0,"lokaalID":"W0653.6bcedd17b1654880aadfe0de6d21ff89","bgt_status":"bestaand","class":"waterloop","objecttype":"Waterdeel"},"geometry":{"type":"Polygon","coordinates":[[[173188.608,558044.291],[173188.899,558043.912],[173189.133,558043.749],[173190.012,558043.745],[173190.455,558044.069],[173190.554,558044.278],[173190.595,558044.65],[173190.563,558044.994],[173168.57,558085.291],[173168.328,558085.498],[173167.215,558085.777],[173166.991,558085.75],[173166.602,558085.462],[173166.392,558085.096],[173166.27,558084.642],[173188.608,558044.291]]]}},{"type":"Feature","properties":{"relatieveHoogteligging":0,"lokaalID":"W0653.5c2d316d1acf4ef9a72ff5a2bf6d90f8","bgt_status":"bestaand","class":"waterloop","objecttype":"Waterdeel"},"geometry":{"type":"Polygon","coordinates":[[[173048.69,558268.944],[173046.129,558272.132],[173043.133,558270.807],[173041.221,558269.96],[173040.174,558268.288],[173040.456,558266.797],[173057.64,558247.18],[173071.562,558230.622],[173089.161,558210.413],[173105.873,558191.224],[173109.054,558187.174],[173117.301,558178.078],[173124.941,558169.103],[173134.309,558158.098],[173143.022,558148.191],[173150.464,558139.729],[173154.136,558134.834],[173157.269,558130.658],[173161.626,558123.774],[173166.602,558115.912],[173171.17,558107.375],[173176.042,558098.269],[173177.693,558095.65],[173178.761,558095.871],[173178.881,558097.181],[173176.189,558100.937],[173170.666,558111.142],[173167.908,558116.239],[173162.753,558124.962],[173156.794,558134.29],[173150.129,558142.812],[173120.707,558176.604],[173103.638,558196.538],[173084.796,558218.155],[173081.212,558221.721],[173078.856,558225.549],[173072.967,558231.712],[173065.613,558240.729],[173060.424,558247.092],[173056.597,558251.245],[173049.283,558260.448],[173046.881,558263.47],[173046.075,558265.505],[173046.156,558266.653],[173047.25,558268.265],[173048.69,558268.944]]]}},{"type":"Feature","properties":{"relatieveHoogteligging":0,"lokaalID":"W0653.afea62abb19341f3bbf2fb36e2377da9","bgt_status":"bestaand","class":"waterloop","objecttype":"Waterdeel"},"geometry":{"type":"Polygon","coordinates":[[[173026.181,558255.351],[173026.897,558255.578],[173027.106,558255.621],[173027.319,558255.618],[173027.526,558255.57],[173029.478,558254.894],[173029.644,558254.819],[173029.793,558254.716],[173032.315,558252.606],[173032.426,558252.497],[173038.848,558245.141],[173055.642,558226.321],[173066.266,558213.352],[173136.607,558132.098],[173147.174,558119.417],[173147.248,558119.307],[173156.35,558103.396],[173162.265,558091.864],[173162.887,558092.6],[173162.998,558093.674],[173154.62,558111.064],[173144.532,558126.507],[173133.186,558139.975],[173117.928,558157.372],[173066.097,558217.399],[173035.628,558252.992],[173033.937,558255.2],[173032.628,558256.659],[173029.709,558259.842],[173028.279,558260.809],[173027.228,558260.51],[173026.648,558260.345],[173025.373,558259.268],[173024.02,558258.592],[173026.181,558255.351]]]}},{"type":"Feature","properties":{"relatieveHoogteligging":0,"lokaalID":"G1900.b6eb2d61eeda40bb91fbe29a945b609c","bgt_status":"bestaand","class":"waterloop","objecttype":"Waterdeel"},"geometry":{"type":"Polygon","coordinates":[[[173048.69,558268.944],[173056.611,558272.675],[173070.383,558279.164],[173083.169,558285.188],[173088.424,558287.968],[173090.135,558288.049],[173092.323,558287.42],[173093.766,558286.017],[173110.793,558269.474],[173119.834,558260.69],[173125.99,558255.13],[173138.594,558242.437],[173145.903,558234.782],[173150.897,558230.672],[173153.393,558229.302],[173155.548,558228.839],[173156.897,558228.839],[173159.011,558229.866],[173160.722,558231.176],[173166.159,558237.159],[173168.957,558239.295],[173171.549,558241.78],[173174.112,558242.921],[173178.139,558244.714],[173181.703,558246.809],[173182.77,558247.917],[173184.24,558251.947],[173185.75,558259.622],[173185.367,558259.763],[173184.662,558259.582],[173183.776,558258.293],[173182.629,558253.296],[173181.884,558251.463],[173179.911,558248.502],[173177.132,558246.809],[173171.897,558244.251],[173167.769,558241.088],[173161.95,558235.749],[173157.843,558231.357],[173156.353,558230.712],[173154.118,558231.115],[173151.158,558232.707],[173143.984,558239.288],[173126.907,558256.376],[173100.006,558283.292],[173094.771,558288.53],[173091.187,558291.189],[173089.214,558293.244],[173085.992,558297.313],[173080.355,558303.095],[173072.885,558311.779],[173067.618,558318.174],[173066.161,558320.645],[173066.096,558321.402],[173066.273,558322.997],[173067.033,558324.563],[173071.17,558328.83],[173073.069,558330.925],[173073.667,558332.952],[173073.978,558335.208],[173072.781,558337.798],[173070.238,558341.321],[173060.447,558352.379],[173049.729,558363.931],[173045.541,558368.785],[173042.015,558372.873],[173031.807,558384.707],[173006.228,558412.354],[173004.476,558414.409],[173002.725,558416.464],[172997.973,558420.997],[172994.731,558425.227],[172985.822,558434.737],[172982.882,558437.617],[172981.412,558437.779],[172980.117,558437.663],[172978.835,558436.61],[172973.117,558431.916],[172969.674,558428.814],[172967.781,558428.249],[172966.593,558428.29],[172964.752,558429.622],[172964.013,558429.123],[172963.064,558427.977],[172964.816,558426.526],[172967.192,558425.418],[172969.008,558425.339],[172970.172,558426.345],[172978.427,558433.476],[172979.816,558434.403],[172981.085,558434.887],[172982.172,558435.008],[172983.461,558434.081],[172995.906,558420.566],[173015.344,558398.939],[173047.866,558362.754],[173066.344,558342.196],[173068.76,558339.436],[173070.149,558337.482],[173070.753,558336.132],[173071.095,558333.835],[173069.746,558331.821],[173067.109,558329.182],[173064.471,558326.542],[173063.042,558324.044],[173062.619,558321.929],[173062.78,558320.297],[173064.305,558317.835],[173079.386,558300.26],[173083.768,558295.153],[173085.479,558293.159],[173085.68,558292.152],[173084.936,558290.641],[173080.244,558287.82],[173049.831,558273.769],[173046.129,558272.132],[173048.69,558268.944]]]}},{"type":"Feature","properties":{"relatieveHoogteligging":0,"lokaalID":"G1900.1038aa5da5c34f89baa67ecfdb9be743","bgt_status":"bestaand","class":"waterloop","objecttype":"Waterdeel"},"geometry":{"type":"Polygon","coordinates":[[[173104.087,558483.388],[173101.946,558485.823],[173101.597,558486.22],[173101.573,558486.2],[173100.205,558485.083],[173090.958,558477.389],[173085.521,558471.329],[173080.671,558465.751],[173073.508,558457.946],[173059.047,558443.899],[173055.12,558440.59],[173051.677,558437.689],[173048.576,558434.304],[173044.771,558431.041],[173036.546,558422.176],[173028.038,558413.862],[173021.874,558407.364],[173021,558406.248],[173021.92,558405.292],[173023.243,558406.064],[173035.94,558418.002],[173044.153,558426.714],[173061.808,558443.159],[173071.47,558452.712],[173079.277,558460.065],[173085.257,558466.935],[173092.304,558474.369],[173097.982,558479.224],[173103.559,558483.072],[173104.087,558483.388]]]}},{"type":"Feature","properties":{"relatieveHoogteligging":0,"lokaalID":"G1900.6dcfbdda022f4e93903d1cf6b3de383b","bgt_status":"bestaand","class":"waterloop","objecttype":"Waterdeel"},"geometry":{"type":"Polygon","coordinates":[[[173048.844,558740.184],[173048.956,558740.004],[173049.115,558739.701],[173054.107,558733.458],[173064.242,558723.197],[173066.726,558720.504],[173069.396,558717.715],[173071.843,558715.348],[173073.828,558713.313],[173075.952,558711.318],[173076.038,558711.226],[173077.017,558710.04],[173079.155,558707.193],[173081.109,558704.628],[173083.199,558701.828],[173083.919,558700.789],[173083.998,558700.654],[173084.987,558698.605],[173086.027,558696.455],[173086.645,558695.171],[173087.242,558694.3],[173088.72,558692.305],[173090.12,558690.306],[173091.642,558688.379],[173093.583,558685.818],[173095.572,558683.382],[173097.076,558681.355],[173098.906,558679.129],[173100.837,558676.83],[173102.531,558674.887],[173105.153,558671.788],[173107.021,558669.416],[173108.597,558667.682],[173110.516,558665.349],[173113.038,558662.36],[173115.315,558659.875],[173117.181,558657.646],[173118.708,558655.961],[173119.755,558654.716],[173120.074,558654.396],[173120.202,558654.24],[173120.296,558654.061],[173120.496,558653.561],[173120.547,558653.387],[173120.567,558653.206],[173120.554,558653.025],[173120.504,558652.725],[173120.462,558652.563],[173120.395,558652.411],[173120.095,558651.861],[173119.998,558651.715],[173119.638,558651.265],[173119.564,558651.182],[173118.764,558650.382],[173118.649,558650.283],[173117.899,558649.733],[173117.808,558649.674],[173116.858,558649.124],[173116.678,558649.042],[173115.382,558648.604],[173113.111,558647.814],[173110.835,558646.884],[173109.351,558646.374],[173108.081,558645.846],[173107.977,558645.809],[173106.856,558645.482],[173105.683,558644.919],[173104.79,558644.483],[173104.058,558644.117],[173103.54,558643.759],[173103.398,558643.616],[173103.086,558643.215],[173102.486,558642.477],[173102.012,558641.796],[173101.452,558640.535],[173100.592,558638.586],[173099.638,558636.477],[173098.635,558634.547],[173098.008,558632.811],[173097.509,558631.413],[173097.469,558631.317],[173097.111,558630.571],[173096.944,558630.214],[173096.049,558628.047],[173095.914,558627.2],[173096.037,558625.985],[173096.686,558624.706],[173201.81,558500.646],[173275.198,558414.037],[173276.593,558414.883],[173263.221,558431.549],[173207.42,558499.358],[173100.295,558625.312],[173099.465,558626.499],[173099.383,558626.642],[173099.325,558626.795],[173098.875,558628.375],[173098.84,558628.577],[173098.846,558628.781],[173099.026,558630.141],[173099.046,558630.248],[173099.485,558632.026],[173100.235,558634.355],[173101.015,558636.785],[173101.085,558636.951],[173102.155,558638.951],[173102.299,558639.154],[173103.659,558640.644],[173103.73,558640.715],[173105.44,558642.245],[173106.902,558643.388],[173107.039,558643.477],[173107.188,558643.544],[173109.335,558644.292],[173118.076,558648.047],[173118.686,558648.352],[173119.273,558648.758],[173120.002,558649.276],[173120.737,558649.873],[173122.327,558651.463],[173122.918,558652.01],[173123.058,558652.429],[173122.997,558653.218],[173122.695,558654.016],[173121.189,558655.482],[173119.935,558656.704],[173117.483,558659.582],[173114.401,558663.033],[173111.335,558666.714],[173108.45,558670.218],[173105.555,558673.622],[173102.707,558677.132],[173099.931,558680.425],[173098.199,558682.375],[173096.269,558684.873],[173093.373,558688.528],[173092.023,558690.292],[173090.533,558692.242],[173089.325,558693.862],[173089.239,558693.999],[173088.099,558696.199],[173087.299,558697.749],[173086.657,558698.984],[173085.826,558700.469],[173085.227,558701.527],[173084.699,558702.487],[173083.007,558704.868],[173080.434,558708.107],[173078.293,558710.909],[173077.385,558712.017],[173076.67,558712.732],[173074.061,558715.552],[173070.583,558719.149],[173067.048,558722.704],[173064.146,558725.926],[173054.987,558734.842],[173052.158,558738.149],[173052.037,558738.327],[173051.883,558738.616],[173051.716,558738.997],[173051.584,558739.391],[173051.471,558739.882],[173051.426,558740.206],[173051.402,558740.621],[173051.414,558741.036],[173051.443,558741.291],[173048.844,558740.184]]]}},{"type":"Feature","properties":{"relatieveHoogteligging":0,"lokaalID":"G1900.77bcea4211a94d6f8cd79c2a52e1d7f6","bgt_status":"bestaand","class":"waterloop","objecttype":"Waterdeel"},"geometry":{"type":"Polygon","coordinates":[[[173183.882,558087.812],[173184.128,558087.644],[173186.132,558086.627],[173187.286,558086.571],[173188.383,558086.915],[173188.993,558087.447],[173189.386,558088.478],[173188.189,558089.881],[173187.069,558089.13],[173186.893,558089.035],[173186.702,558088.978],[173185.444,558088.735],[173185.239,558088.717],[173185.036,558088.741],[173184.841,558088.806],[173183.185,558089.556],[173182.466,558089.846],[173182.011,558089.724],[173181.843,558089.588],[173182.259,558088.924],[173183.882,558087.812]]]}},{"type":"Feature","properties":{"relatieveHoogteligging":0,"lokaalID":"G1900.e4cb49f1b1a9498681834d8b6be78ab4","bgt_status":"bestaand","class":"waterloop","objecttype":"Waterdeel"},"geometry":{"type":"Polygon","coordinates":[[[173194.123,558094.066],[173194.177,558093.952],[173194.439,558093.712],[173194.789,558093.503],[173195.102,558093.429],[173196.445,558093.466],[173225.175,558119.148],[173224.644,558119.521],[173224.154,558119.61],[173223.796,558119.504],[173205.602,558104.588],[173196.383,558096.237],[173195.335,558095.42],[173194.509,558094.791],[173194.084,558094.399],[173194.123,558094.066]]]}},{"type":"Feature","properties":{"relatieveHoogteligging":0,"lokaalID":"G1900.0ade8983524844478313cfbcda36229c","bgt_status":"bestaand","class":"waterloop","objecttype":"Waterdeel"},"geometry":{"type":"Polygon","coordinates":[[[173263.08,558309.653],[173260.273,558309.312],[173260.753,558308.565],[173262.324,558303.952],[173261.458,558301.897],[173258.417,558299.157],[173253.945,558296.932],[173245.798,558293.42],[173241.197,558291.798],[173236.441,558290.122],[173230.853,558287.642],[173226.884,558285.881],[173218.084,558280.591],[173202.082,558269.969],[173193.928,558265.315],[173190.147,558263.007],[173191.431,558261.386],[173192.881,558262.535],[173195.86,558262.756],[173196.926,558262.352],[173197.91,558261.246],[173217.371,558239.391],[173233.241,558221.569],[173264.161,558186.847],[173278.084,558170.878],[173281.483,558167.308],[173281.869,558166.002],[173282.191,558164.914],[173281.708,558163.424],[173269.356,558154.212],[173262.221,558148.82],[173258.255,558146.042],[173254.993,558142.894],[173252.111,558140.69],[173252.853,558139.301],[173255.146,558139.996],[173258.901,558143.382],[173262.529,558145.198],[173264.141,558143.454],[173278.97,558126.206],[173286.23,558117.422],[173289.118,558114.579],[173290.314,558115.615],[173289.9,558116.697],[173285.914,558122.224],[173274.472,558134.808],[173267.407,558144.023],[173265.911,558146.607],[173266.202,558148.168],[173268.821,558151.124],[173272.274,558153.738],[173275.566,558156.182],[173287.808,558164.603],[173290.104,558166.033],[173290.216,558166.79],[173290.043,558167.344],[173288.875,558166.98],[173286.419,558166.215],[173285.372,558166.356],[173283.862,558167.625],[173268.349,558185.056],[173253.173,558202.449],[173235.613,558222.319],[173229.086,558229.704],[173224.862,558234.942],[173207.846,558254.009],[173199.913,558262.49],[173199.209,558263.921],[173199.772,558265.331],[173205.516,558269.677],[173224.649,558281.841],[173234.021,558286.424],[173244.698,558289.773],[173259.99,558297.248],[173263.267,558299.574],[173264.359,558302.042],[173264.289,558306.026],[173263.091,558308.247],[173263.08,558309.653]]]}},{"type":"Feature","properties":{"relatieveHoogteligging":0,"lokaalID":"G1900.4ba65374132c49a4b6104c8219437c2f","bgt_status":"bestaand","class":"waterloop","objecttype":"Waterdeel"},"geometry":{"type":"Polygon","coordinates":[[[173248.264,558136.841],[173247.48,558138.004],[173230.754,558125.804],[173230.529,558125.464],[173230.145,558124.853],[173229.951,558124.356],[173229.935,558123.999],[173229.972,558123.882],[173230.107,558123.785],[173230.569,558123.811],[173230.937,558123.871],[173231.444,558124.101],[173248.264,558136.841]]]}},{"type":"Feature","properties":{"relatieveHoogteligging":0,"lokaalID":"W0653.7e25f1182d1a4a25acfb2dfa351ad769","bgt_status":"bestaand","class":"waterloop","objecttype":"Waterdeel"},"geometry":{"type":"Polygon","coordinates":[[[173294.475,558341.304],[173301.715,558347.505],[173306.334,558351.857],[173313.137,558355.314],[173318.343,558357.43],[173320.707,558358.71],[173323.061,558358.998],[173325.272,558358.374],[173326.209,558357.462],[173326.477,558357.664],[173328.059,558358.854],[173325.386,558362.814],[173321.486,558363.174],[173321.486,558362.155],[173320.525,558360.965],[173313.518,558358.269],[173309.597,558356.541],[173305.171,558353.959],[173296.397,558346.643],[173292.861,558343.109],[173294.475,558341.304]]]}},{"type":"Feature","properties":{"relatieveHoogteligging":0,"lokaalID":"G1900.eaef0596a224447181d43327c8322d6f","bgt_status":"bestaand","class":"waterloop","objecttype":"Waterdeel"},"geometry":{"type":"Polygon","coordinates":[[[173295.98,558393.993],[173301.06,558388.486],[173303.596,558385.106],[173310.601,558377.559],[173315.03,558372.816],[173319.796,558366.901],[173320.873,558365.049],[173321.486,558363.5],[173321.486,558363.293],[173321.486,558363.174],[173325.386,558362.814],[173324.342,558364.362],[173320.176,558370.362],[173315.169,558376.327],[173307.341,558384.645],[173302.676,558389.77],[173299.275,558393.973],[173293.95,558398.988],[173292.79,558398.103],[173295.98,558393.993]]]}},{"type":"Feature","properties":{"relatieveHoogteligging":0,"lokaalID":"W0653.95dbd6c93f424011ac72998e47ad023d","bgt_status":"bestaand","class":"waterloop","objecttype":"Waterdeel"},"geometry":{"type":"Polygon","coordinates":[[[173102.729,558490.212],[173103.456,558488.726],[173102.768,558487.177],[173101.597,558486.22],[173101.946,558485.823],[173104.087,558483.388],[173105.814,558484.422],[173107.657,558484.148],[173109.376,558482.742],[173114.27,558477.738],[173123.155,558467.172],[173132.493,558456.575],[173146.891,558440.235],[173157.444,558427.813],[173170.074,558412.948],[173189.114,558390.538],[173209.807,558367.346],[173210.508,558366.287],[173212.349,558364.451],[173220.262,558354.942],[173223.343,558350.752],[173230.991,558342.634],[173237.276,558334.876],[173243.425,558327.288],[173247.887,558322.768],[173251.189,558319.424],[173253.102,558316.725],[173255.055,558314.549],[173259.082,558311.164],[173260.273,558309.312],[173263.08,558309.653],[173263.056,558312.69],[173265.178,558315.9],[173279.207,558327.347],[173288.756,558335.139],[173289.672,558337.078],[173289.425,558338.841],[173287.781,558339.836],[173286.782,558338.947],[173264.207,558318.857],[173261.459,558316.566],[173259.521,558316.495],[173258.041,558316.918],[173253.848,558320.479],[173214.847,558367.517],[173196.142,558388.667],[173193.766,558391.588],[173191.904,558394.876],[173189.123,558397.97],[173171.517,558417.554],[173158.294,558433.707],[173124.427,558473.24],[173114.863,558484.804],[173111.727,558488.264],[173110.317,558489.468],[173107.216,558493.267],[173098.351,558503.917],[173094.701,558508.524],[173092.674,558510.394],[173092.235,558510.631],[173090.57,558509.364],[173089.938,558507.841],[173089.996,558505.815],[173101.037,558492.408],[173102.729,558490.212]]]}},{"type":"Feature","properties":{"relatieveHoogteligging":0,"lokaalID":"W0653.8baf4e389409465aae89ea468ab29ac6","bgt_status":"bestaand","class":"waterloop","objecttype":"Waterdeel"},"geometry":{"type":"Polygon","coordinates":[[[173122.825,558732.682],[173145.007,558724.143],[173161.336,558718.292],[173173.354,558714.327],[173188.889,558713.521],[173202.052,558712.719],[173216.174,558709.619],[173223.343,558706.964],[173236.629,558703.506],[173252.866,558699.59],[173255.153,558694.403],[173255.639,558693.516],[173259.357,558692.658],[173256.69,558697.337],[173257.1,558698.654],[173258.627,558698.623],[173268.35,558696.79],[173284.647,558694.497],[173312.534,558690.037],[173344.029,558685.835],[173366.548,558682.542],[173389.799,558678.489],[173409.391,558676.084],[173416.509,558674.586],[173442.836,558671.06],[173444.769,558669.905],[173457.045,558652.026],[173463.017,558643.93],[173463.43,558641.109],[173461.877,558638.508],[173458.326,558635.528],[173450.778,558630.182],[173444.658,558624.917],[173445.427,558621.217],[173453.993,558608.791],[173483.72,558566.574],[173493.91,558552.651],[173494.803,558550.881],[173494.624,558550.546],[173497.205,558549.244],[173499.965,558551.618],[173498.246,558554.297],[173497.792,558554.174],[173496.411,558554.239],[173494.805,558555.362],[173486.994,558566.786],[173473.825,558585.097],[173465.229,558598.238],[173448.03,558622.259],[173447.973,558623.884],[173449.112,558625.998],[173460.232,558634.213],[173465.811,558640.525],[173465.343,558642.919],[173463.465,558646.733],[173457.31,558655.986],[173454.967,558659.057],[173454.759,558660.722],[173455.592,558663.897],[173458.3,558667.54],[173460.341,558668.717],[173461.589,558668.604],[173462.083,558671.672],[173462.134,558671.99],[173453.274,558673.334],[173451.492,558673.176],[173439.301,558675.088],[173415.974,558678.538],[173386.057,558682.986],[173349.688,558688.752],[173320.288,558693.138],[173307.889,558694.64],[173293.648,558696.957],[173275.22,558699.713],[173254.088,558703.413],[173249.556,558704.549],[173230.368,558709.336],[173219.526,558712.348],[173211.159,558714.055],[173201.694,558715.739],[173192.956,558716.423],[173175.9,558717.854],[173170.177,558718.849],[173166.919,558719.602],[173161.257,558721.716],[173148.796,558726.014],[173132.343,558732.308],[173123.945,558735.292],[173122.825,558732.682]]]}},{"type":"Feature","properties":{"relatieveHoogteligging":0,"lokaalID":"G1900.7026d0b0509b4a529e595682798c8f59","bgt_status":"bestaand","class":"waterloop","objecttype":"Waterdeel"},"geometry":{"type":"Polygon","coordinates":[[[173195.731,558939.439],[173196.744,558938.488],[173198.074,558937.512],[173199.942,558936.359],[173201.916,558935.249],[173206.267,558933.238],[173209.293,558931.926],[173215.024,558929.802],[173218.655,558928.389],[173223.871,558926.559],[173228.539,558925.031],[173238.848,558922.119],[173244.868,558920.371],[173249.578,558919.126],[173255.397,558917.587],[173261.951,558915.896],[173269.82,558914.153],[173277.979,558912.456],[173282.438,558911.721],[173288.115,558910.921],[173292.315,558910.395],[173295.478,558910.063],[173298.525,558909.869],[173300.693,558909.84],[173302.458,558909.941],[173304.022,558910.193],[173305.304,558910.589],[173305.829,558910.973],[173305.974,558911.332],[173305.981,558911.815],[173305.21,558912.615],[173303.206,558914.279],[173301.088,558915.49],[173300.471,558915.806],[173295.63,558918.039],[173293.311,558918.997],[173289.201,558920.694],[173282.551,558923.21],[173276.992,558925.215],[173266.313,558928.469],[173254.576,558931.811],[173247.202,558933.794],[173242.04,558935.055],[173235.549,558936.641],[173230.742,558937.757],[173228.237,558938.248],[173222.201,558939.431],[173218.6,558940.076],[173215.085,558940.644],[173211.72,558941.085],[173208.345,558941.447],[173204.258,558941.776],[173202.273,558941.826],[173200.058,558941.811],[173198.707,558941.733],[173197.584,558941.548],[173196.534,558941.243],[173195.662,558940.927],[173195.348,558940.613],[173195.222,558940.188],[173195.332,558939.88],[173195.731,558939.439]]]}},{"type":"Feature","properties":{"relatieveHoogteligging":0,"lokaalID":"G1900.7fca1baab429430389ed5e9ac831df37","bgt_status":"bestaand","class":"waterloop","objecttype":"Waterdeel"},"geometry":{"type":"Polygon","coordinates":[[[173170.587,558791.36],[173181.822,558789.478],[173183.537,558796.105],[173172.378,558798.993],[173170.587,558791.36]]]}},{"type":"Feature","properties":{"relatieveHoogteligging":0,"lokaalID":"G1900.5f1eee2474a341ec86ebb04b06896af0","bgt_status":"bestaand","class":"waterloop","objecttype":"Waterdeel"},"geometry":{"type":"Polygon","coordinates":[[[173451.421,559674.836],[173451.57,559674.995],[173451.57,559675.339],[173451.18,559676.338],[173450.967,559676.837],[173443.871,559674.339],[173442.624,559674.692],[173441.876,559676.023],[173438.802,559686.432],[173434.003,559698.399],[173430.113,559706.948],[173421.097,559724.009],[173412.008,559738.377],[173403.518,559751.798],[173399.283,559760.458],[173395.284,559766.86],[173393.794,559773.299],[173392.812,559774.499],[173391.682,559774.586],[173390.922,559773.945],[173390.78,559773.398],[173392.752,559763.726],[173395.515,559758.467],[173401.498,559746.39],[173410.036,559733.3],[173413.107,559729.02],[173413.855,559726.989],[173414.212,559725.364],[173423.091,559710.449],[173429.811,559697.714],[173432.698,559692.242],[173436.113,559682.647],[173436.951,559680.293],[173438.842,559671.817],[173441.75,559665.669],[173443.714,559663.632],[173445.677,559661.595],[173447.167,559657.084],[173447.882,559654.922],[173448.912,559654.32],[173449.967,559654.975],[173450.258,559656.066],[173450.476,559659.049],[173449.749,559660.795],[173447.276,559664.396],[173444.804,559667.997],[173443.023,559671.962],[173443.568,559672.763],[173451.421,559674.836]]]}},{"type":"Feature","properties":{"relatieveHoogteligging":0,"lokaalID":"G1900.f03a56cda33a4859ae8f8d240c616e8b","bgt_status":"bestaand","class":"waterloop","objecttype":"Waterdeel"},"geometry":{"type":"Polygon","coordinates":[[[173802.475,559527.857],[173798.002,559526.533],[173790.594,559523.537],[173789.872,559523.245],[173785.434,559522.741],[173785.106,559522.739],[173785.028,559521.285],[173769.924,559522.093],[173769.963,559522.823],[173767.33,559522.876],[173753.382,559523.23],[173745.766,559523.472],[173737.114,559523.746],[173723.472,559524.042],[173720.917,559524.139],[173701.388,559524.882],[173693.941,559525.165],[173684.716,559525.516],[173673.38,559525.805],[173671.281,559525.986],[173644.721,559528.274],[173629.158,559529.912],[173612.789,559532.085],[173589.729,559536.103],[173580.897,559537.724],[173577.178,559539.237],[173574.098,559540.688],[173571.531,559542.704],[173568.206,559545.301],[173563.526,559551.212],[173560.54,559555.277],[173560.395,559555.459],[173553.821,559563.71],[173548.16,559558.774],[173543.934,559555.092],[173531.178,559543.473],[173526.354,559539.115],[173525.397,559538.25],[173524.452,559537.699],[173517.508,559533.299],[173517.406,559533.241],[173517.103,559533.08],[173516.116,559532.652],[173510.713,559530.309],[173503.192,559523.285],[173494.646,559515.631],[173485.542,559507.429],[173484.9,559507.464],[173484.868,559507.466],[173484.865,559507.406],[173470.665,559508.222],[173470.65,559508.223],[173470.081,559508.267],[173461.832,559517.659],[173462.555,559527.424],[173462.555,559527.425],[173460.197,559527.411],[173455.898,559527.107],[173450.114,559527.676],[173446.949,559527.987],[173443.486,559528.378],[173433.547,559529.501],[173420.72,559530.049],[173418.984,559530.123],[173405.392,559531.124],[173402.822,559531.314],[173381.761,559533.145],[173365.217,559534.527],[173358.958,559535.05],[173357.918,559535.136],[173341.715,559536.627],[173314.717,559538.943],[173293.693,559541.301],[173270.603,559543.695],[173265.703,559544.588],[173261.342,559546.321],[173257.173,559548.816],[173254.424,559550.588],[173252.479,559551.842],[173249.445,559554.303],[173247.815,559555.57],[173247.62,559555.731],[173247.502,559555.562],[173246.817,559554.647],[173246.1,559553.756],[173245.457,559553.008],[173244.684,559552.166],[173244.32,559551.796],[173243.882,559551.351],[173243.052,559550.565],[173242.195,559549.808],[173241.312,559549.082],[173240.404,559548.387],[173239.472,559547.724],[173238.518,559547.095],[173237.542,559546.499],[173236.546,559545.937],[173236.529,559545.928],[173235.614,559545.456],[173234.681,559545.021],[173233.732,559544.622],[173232.768,559544.26],[173232.485,559544.161],[173231.504,559543.848],[173230.512,559543.573],[173229.51,559543.337],[173228.499,559543.14],[173228.203,559543.09],[173227.048,559542.922],[173225.888,559542.793],[173224.734,559542.706],[173224.724,559542.705],[173224.454,559542.69],[173223.287,559542.65],[173222.12,559542.651],[173220.953,559542.691],[173220.683,559542.706],[173196.776,559544.822],[173176.917,559546.57],[173176.727,559546.587],[173152.857,559548.696],[173132.973,559550.446],[173109.043,559552.541],[173089.129,559554.303],[173077.17,559555.386],[173075.587,559555.533],[173074.008,559555.72],[173072.434,559555.946],[173070.867,559556.212],[173069.341,559556.51],[173067.789,559556.854],[173066.246,559557.237],[173064.713,559557.658],[173064.279,559557.789],[173063.191,559558.118],[173061.681,559558.615],[173060.185,559559.151],[173058.702,559559.724],[173057.922,559560.043],[173056.657,559560.592],[173055.407,559561.177],[173054.176,559561.799],[173052.962,559562.456],[173052.524,559562.704],[173051.338,559563.409],[173050.172,559564.147],[173049.029,559564.919],[173047.908,559565.724],[173047.505,559566.026],[173046.284,559566.975],[173045.088,559567.955],[173043.918,559568.966],[173042.916,559569.875],[173041.796,559570.942],[173040.704,559572.037],[173039.641,559573.16],[173038.735,559574.165],[173037.81,559575.244],[173036.916,559576.349],[173036.054,559577.478],[173035.224,559578.631],[173035.027,559578.916],[173034.237,559580.097],[173033.482,559581.301],[173032.76,559582.525],[173032.073,559583.769],[173031.911,559584.074],[173031.18,559585.51],[173030.485,559586.963],[173029.826,559588.433],[173029.369,559589.512],[173028.774,559591.009],[173028.215,559592.52],[173027.695,559594.045],[173027.34,559595.162],[173026.961,559596.463],[173026.62,559597.774],[173026.324,559599.068],[173026.061,559600.397],[173025.836,559601.733],[173025.655,559603.047],[173025.459,559604.803],[173025.303,559606.562],[173025.271,559606.993],[173025.164,559608.756],[173025.097,559610.52],[173025.087,559610.952],[173025.471,559618.817],[173025.776,559623.125],[173025.798,559623.542],[173025.78,559623.96],[173025.722,559624.374],[173025.625,559624.781],[173025.489,559625.176],[173025.357,559625.466],[173025.316,559625.557],[173025.108,559625.919],[173024.908,559626.206],[173024.639,559626.526],[173024.341,559626.82],[173024.017,559627.083],[173023.576,559627.364],[173023.3,559627.512],[173022.914,559627.673],[173022.633,559627.759],[173022.514,559627.796],[173022.105,559627.881],[173021.467,559628.001],[173021.436,559628.005],[173020.065,559628.215],[173017.665,559628.313],[173015.537,559628.44],[173015.329,559628.454],[173014.913,559628.453],[173014.499,559628.411],[173014.09,559628.33],[173013.825,559628.255],[173013.435,559628.11],[173013.061,559627.928],[173012.746,559627.761],[173012.003,559627.359],[173011.24,559626.99],[173010.466,559626.66],[173009.671,559626.365],[173009.477,559626.32],[173008.862,559626.193],[173007.963,559626.041],[173007.058,559625.929],[173006.626,559625.889],[173005.716,559625.835],[173004.804,559625.822],[173003.893,559625.848],[173002.984,559625.915],[172977.101,559628.224],[172971.185,559629.046],[172970.703,559629.003],[172964.666,559628.493],[172965.817,559617.918],[172972.085,559618.449],[172973.961,559618.639],[172985.866,559617.663],[172995.822,559616.644],[173006.004,559615.523],[173006.862,559615.429],[173007.445,559606.562],[173008.297,559599.733],[173009.373,559589.911],[173010.461,559576.488],[173010.683,559574.423],[173011.068,559572.321],[173011.463,559570.425],[173011.997,559568.259],[173012.878,559565.457],[173013.768,559563.066],[173015.182,559559.892],[173016.542,559557.271],[173017.878,559554.99],[173019.14,559553.135],[173020.393,559551.401],[173022.14,559549.25],[173022.388,559548.99],[173024.709,559550.46],[173025.627,559550.69],[173027.005,559550.575],[173028.956,559549.427],[173031.73,559547.169],[173034.504,559544.911],[173036.78,559543.457],[173039.057,559542.003],[173042.386,559540.395],[173046.25,559539.094],[173049.655,559538.367],[173053.06,559537.64],[173055.905,559537.385],[173058.749,559537.13],[173061.593,559536.875],[173064.947,559536.69],[173068.301,559536.505],[173071.656,559536.32],[173075.01,559536.135],[173078.364,559535.95],[173081.718,559535.765],[173085.511,559535.596],[173089.305,559535.427],[173103.21,559534.204],[173120.907,559532.822],[173140.381,559530.979],[173173.181,559528.901],[173191.377,559527.209],[173218.444,559523.937],[173241.656,559520.867],[173243.916,559520.624],[173268.995,559517.925],[173280.768,559516.827],[173318.484,559514.808],[173351.529,559513.078],[173370.138,559511.686],[173388.897,559509.749],[173408.568,559507.314],[173418.436,559506.327],[173432.829,559505.663],[173435.157,559505.555],[173435.906,559505.521],[173435.924,559505.89],[173436.215,559512.12],[173447.831,559511.518],[173449.094,559510.191],[173455.989,559502.943],[173461.033,559503.033],[173461.984,559502.681],[173464.638,559502.054],[173465.034,559502.032],[173492.196,559500.55],[173503.528,559506.823],[173514.292,559512.831],[173519.792,559515.866],[173524.256,559519.812],[173525.428,559520.736],[173525.433,559520.74],[173532.42,559525.172],[173532.448,559525.175],[173541.136,559526.014],[173543.36,559526.243],[173543.439,559526.251],[173548.059,559526.725],[173555.192,559527.458],[173555.303,559526.501],[173554.8,559526.218],[173554.272,559526.181],[173553.891,559526.009],[173553.793,559525.371],[173556.673,559522.977],[173562.688,559518.84],[173567.199,559516.47],[173574.23,559513.086],[173580.884,559510.491],[173587.314,559508.569],[173589.192,559508.008],[173592.951,559507.219],[173602.989,559505.94],[173622.07,559503.914],[173640.206,559502.469],[173670.8,559500.472],[173702.149,559499.041],[173721.335,559498.166],[173722.707,559498.103],[173782.811,559496.767],[173786.12,559496.553],[173788.16,559497.025],[173802.604,559505.407],[173805.071,559506.784],[173812.25,559510.877],[173802.475,559527.857]]]}},{"type":"Feature","properties":{"relatieveHoogteligging":0,"lokaalID":"P0021.fad1a52d0b9d4b2782b6bdbd7d7a8d0c","bgt_status":"bestaand","class":"waterloop","objecttype":"Waterdeel"},"geometry":{"type":"Polygon","coordinates":[[[173800.332,559978.554],[173794.719,559986.914],[173765.689,559967.122],[173769.981,559958.515],[173800.012,559978.343],[173800.332,559978.554]]]}},{"type":"Feature","properties":{"relatieveHoogteligging":0,"lokaalID":"P0021.b5bd1a1807654742932b1703a207ee52","bgt_status":"bestaand","class":"waterloop","objecttype":"Waterdeel"},"geometry":{"type":"Polygon","coordinates":[[[173802.78,559835.59],[173798.85,559826.09],[173796.95,559825.36],[173796.613,559825.21],[173796.674,559825.074],[173803.91,559808.846],[173809.264,559811.233],[173812.018,559809.906],[173813.284,559809.319],[173802.78,559835.59]]]}},{"type":"Feature","properties":{"relatieveHoogteligging":0,"lokaalID":"G1900.356892edd0634131b66fa0f7058f852b","bgt_status":"bestaand","class":"watervlakte","plus_type":"haven","objecttype":"Waterdeel"},"geometry":{"type":"Polygon","coordinates":[[[173787.512,559870.206],[173778.37,559890.361],[173769.211,559886.291],[173703.342,559857.02],[173703.271,559856.579],[173691.812,559850.017],[173671.522,559842.888],[173656.162,559837.942],[173638.673,559832.739],[173637.093,559832.103],[173629.799,559829.576],[173628.278,559828.938],[173620.013,559826.32],[173622.241,559823.012],[173626.07,559816.703],[173631.778,559807.33],[173635.02,559801.992],[173640.072,559793.794],[173645.877,559795.71],[173647.431,559796.248],[173654.012,559798.459],[173655.554,559798.989],[173662.114,559801.169],[173663.659,559801.693],[173670.982,559804.117],[173672.525,559804.663],[173679.888,559807.072],[173681.412,559807.631],[173689.963,559810.49],[173691.497,559811.009],[173699.977,559813.785],[173700.593,559813.99],[173694.099,559828.553],[173771.914,559863.251],[173771.975,559863.115],[173778.429,559865.993],[173787.512,559870.206]]]}},{"type":"Feature","properties":{"relatieveHoogteligging":0,"lokaalID":"P0021.f5b4b73230b946bc89c37fde3827c62b","bgt_status":"bestaand","class":"waterloop","objecttype":"Waterdeel"},"geometry":{"type":"Polygon","coordinates":[[[173695.232,560048.171],[173695.118,560048.247],[173694.484,560048.649],[173692.681,560049.766],[173690.465,560051.05],[173687.454,560052.608],[173684.844,560054.089],[173682.446,560055.335],[173680.39,560056.441],[173677.73,560057.723],[173674.942,560059.125],[173674.015,560059.946],[173670.97,560061.38],[173666.8,560063.37],[173662.99,560065.16],[173661.45,560065.91],[173659.66,560066.82],[173657.65,560067.84],[173656.85,560068.292],[173652.557,560070.718],[173648.27,560073.14],[173636.56,560079.95],[173635.623,560080.505],[173626.759,560065.918],[173628.722,560065.034],[173628.839,560065.298],[173633.521,560063.226],[173640.277,560059.318],[173644.964,560056.607],[173645.569,560056.257],[173646.774,560055.525],[173647.064,560055.345],[173662.754,560045.626],[173669.063,560041.561],[173676.707,560036.642],[173681.191,560033.318],[173685.377,560029.616],[173695.614,560020.589],[173717.032,560003.793],[173721.076,559995.314],[173723.315,559990.851],[173723.088,559990.687],[173727.66,559981.659],[173740.503,559970.58],[173748.168,559957.918],[173748.389,559957.388],[173755.634,559940.487],[173757.306,559936.8],[173770.332,559908.081],[173789.885,559917.339],[173780.59,559937.22],[173774.73,559948.983],[173769.981,559958.515],[173765.689,559967.122],[173761.42,559975],[173759.7,559978.44],[173757.91,559982.18],[173757.35,559983.37],[173756.82,559984.49],[173756.51,559985.1],[173756.1,559985.72],[173755.28,559986.7],[173754.1,559988],[173753.02,559989.33],[173752.15,559990.49],[173751.15,559991.57],[173750.05,559992.97],[173748.612,559994.73],[173747.05,559996.93],[173744.782,559999.495],[173742.772,560002.001],[173737.45,560008.033],[173735.7,560010.55],[173730.31,560016.04],[173727.426,560020.278],[173725.638,560022.185],[173724.457,560023.518],[173723.765,560024.362],[173721.809,560026.522],[173719.397,560029.189],[173715.964,560032.902],[173711.553,560036.513],[173708.517,560038.808],[173706.786,560040.188],[173705.059,560041.458],[173702.934,560042.994],[173701.111,560044.139],[173698.245,560046.167],[173695.232,560048.171]]]}},{"type":"Feature","properties":{"relatieveHoogteligging":0,"lokaalID":"G1900.aefc8f49de0c472c9cc36d5f0016af82","bgt_status":"bestaand","class":"watervlakte","plus_type":"haven","objecttype":"Waterdeel"},"geometry":{"type":"Polygon","coordinates":[[[173740.503,559970.58],[173727.66,559981.659],[173669.31,559955.7],[173669.29,559955.47],[173669.52,559954.97],[173673.38,559940.77],[173673.542,559940.309],[173673.767,559940.321],[173734.247,559967.531],[173734.13,559967.96],[173740.503,559970.58]]]}},{"type":"Feature","properties":{"relatieveHoogteligging":0,"lokaalID":"G1900.c3604bd849654ab29cc1c6e203e88346","bgt_status":"bestaand","class":"watervlakte","plus_type":"haven","objecttype":"Waterdeel"},"geometry":{"type":"Polygon","coordinates":[[[173755.634,559940.487],[173748.389,559957.388],[173675.556,559924.259],[173682.856,559907.937],[173746.756,559936.516],[173755.634,559940.487]]]}},{"type":"Feature","properties":{"relatieveHoogteligging":0,"lokaalID":"G1900.ec77677ca0fa4ddab2ef0e2c5ea5f580","bgt_status":"bestaand","class":"watervlakte","plus_type":"haven","objecttype":"Waterdeel"},"geometry":{"type":"Polygon","coordinates":[[[173723.088,559990.687],[173723.315,559990.851],[173721.076,559995.314],[173717.032,560003.793],[173695.614,560020.589],[173694.372,560019.346],[173688.179,560024.795],[173688.053,560024.759],[173686.41,560023.99],[173683.87,560023.24],[173682.85,560022.99],[173682.48,560022.93],[173682.15,560022.83],[173681.34,560022.51],[173681.06,560022.38],[173680.59,560022.15],[173680.03,560021.76],[173679.56,560021.3],[173679.36,560021.25],[173679.07,560021.16],[173678.59,560021],[173678.3,560020.9],[173677.98,560020.52],[173677.57,560019.81],[173677.33,560019.2],[173676.85,560018.37],[173676.43,560017.81],[173676.07,560017.48],[173675.57,560017.26],[173675.07,560017.18],[173674.17,560017.21],[173673.77,560017.3],[173673.37,560017.49],[173673.16,560017.51],[173672.77,560017.36],[173672.6,560017.18],[173672.5,560017],[173672.51,560016.4],[173672.62,560016.2],[173672.88,560015.83],[173672.9,560015.61],[173672.99,560015.19],[173672.92,560014.78],[173672.75,560014.43],[173672.54,560014.13],[173671.6,560013.31],[173670.77,560012.66],[173670.4,560012.48],[173669.87,560012.42],[173669.59,560012.46],[173669.32,560012.53],[173669.09,560012.63],[173668.51,560012.89],[173668.29,560012.94],[173668.03,560012.98],[173667.83,560012.98],[173667.46,560012.89],[173667.29,560012.66],[173667.3,560012.29],[173667.33,560012.04],[173667.36,560011.57],[173667.32,560011.24],[173667.23,560011.06],[173666.98,560010.78],[173666.61,560010.5],[173665.52,560009.85],[173665.03,560009.74],[173664.75,560009.79],[173664.55,560009.88],[173664.34,560010.03],[173664.12,560010.07],[173663.87,560010.12],[173663.62,560010.09],[173663.22,560009.95],[173663.02,560009.83],[173662.83,560009.57],[173662.83,560009.37],[173662.84,560009.15],[173662.87,560008.92],[173662.92,560008.67],[173662.78,560008.12],[173662.66,560007.94],[173662.34,560007.71],[173662.07,560007.53],[173661.8,560007.4],[173661.42,560007.34],[173661.1,560007.26],[173660.6,560007.22],[173660.23,560007.22],[173659.88,560007.24],[173659.65,560007.23],[173659.45,560007.23],[173659.2,560007.12],[173658.99,560006.84],[173658.86,560006.64],[173658.8,560006.31],[173658.78,560005.93],[173658.52,560004.98],[173658.07,560003.02],[173657.86,560001.92],[173657.81,560000.86],[173657.8,560000],[173657.79,559999.24],[173657.97,559998.19],[173658.009,559997.998],[173665.162,559983.264],[173670.097,559973.001],[173675.653,559975.441],[173676.395,559975.766],[173677.907,559976.507],[173682.12,559978.354],[173683.396,559978.914],[173683.647,559979.037],[173685.131,559979.766],[173688.532,559981.276],[173689.343,559981.636],[173689.829,559981.852],[173690.765,559982.268],[173692.316,559982.978],[173695.423,559984.348],[173695.957,559984.584],[173696.593,559984.864],[173697.895,559985.438],[173699.571,559986.233],[173702.035,559987.323],[173702.48,559987.52],[173703.298,559987.882],[173705.136,559988.695],[173706.803,559989.5],[173707.977,559990.023],[173708.631,559990.314],[173709.206,559990.571],[173712.351,559991.971],[173713.841,559992.545],[173714.864,559993.004],[173715.322,559993.209],[173715.956,559993.493],[173720.301,559995.441],[173720.953,559994.102],[173720.219,559993.743],[173721.883,559990.15],[173723.088,559990.687]]]}},{"type":"Feature","properties":{"relatieveHoogteligging":0,"lokaalID":"G1900.594bcd41446c446cb6515f4fafc52515","bgt_status":"bestaand","class":"watervlakte","plus_type":"haven","objecttype":"Waterdeel"},"geometry":{"type":"Polygon","coordinates":[[[173553.61,559956.8],[173560.827,559959.436],[173562.457,559960.026],[173568.993,559962.24],[173570.944,559962.758],[173576.551,559964.298],[173578.563,559964.992],[173584.666,559967.397],[173586.316,559967.917],[173603.827,559973.3],[173604.93,559973.55],[173606.423,559968.084],[173616.03,559971.08],[173611.293,559985.909],[173615.102,559987.126],[173610.651,560000.449],[173610.445,560001.018],[173605.135,560015.694],[173605.776,560015.926],[173604.407,560019.711],[173604.677,560019.692],[173606.337,560019.579],[173606.551,560022.712],[173606.781,560025.864],[173607.384,560038.312],[173607.571,560041.531],[173607.985,560046.999],[173609.001,560051.011],[173605.03,560056.3],[173612.5,560066.66],[173620.377,560067.653],[173621.83,560067.93],[173622.11,560067.93],[173596.74,560083.23],[173597.44,560077.62],[173585.86,560062.6],[173571.461,560073.702],[173561.316,560070.304],[173559.467,560069.702],[173552.801,560067.343],[173551.171,560066.835],[173543.9,560064.514],[173542.411,560063.965],[173535.071,560061.6],[173532.776,560060.897],[173526.309,560058.75],[173524.709,560058.173],[173521.227,560056.996],[173532.743,560021.763],[173533.227,560020.412],[173543.257,559989.613],[173543.661,559988.436],[173553.61,559956.8]]]}},{"type":"Feature","properties":{"relatieveHoogteligging":0,"lokaalID":"G1900.a1d8c56a6e2b4eceb77c0b6add182cfa","bgt_status":"bestaand","class":"waterloop","objecttype":"Waterdeel"},"geometry":{"type":"Polygon","coordinates":[[[173665.197,559585.305],[173664.47,559586.074],[173655.932,559586.448],[173655.371,559585.326],[173655.724,559583.974],[173660.897,559583.746],[173664.906,559583.808],[173665.197,559585.305]]]}},{"type":"Feature","properties":{"relatieveHoogteligging":0,"lokaalID":"W0653.3980582c3ded4fadab24a0e54c35bca5","bgt_status":"bestaand","class":"waterloop","objecttype":"Waterdeel"},"geometry":{"type":"Polygon","coordinates":[[[173742.558,559281.147],[173740.31,559277.584],[173737.222,559272.429],[173735.781,559270.334],[173732.769,559267.683],[173730.689,559266.6],[173727.599,559265.453],[173723.734,559264.797],[173720.499,559264.699],[173638.595,559268.643],[173604.75,559270.302],[173603.618,559270.073],[173603.486,559270.067],[173603.356,559270.052],[173603.226,559270.028],[173603.099,559269.994],[173602.975,559269.951],[173602.854,559269.899],[173602.737,559269.838],[173602.625,559269.769],[173602.518,559269.692],[173602.337,559269.529],[173602.238,559269.419],[173602.148,559269.302],[173602.068,559269.177],[173601.999,559269.046],[173601.94,559268.91],[173601.893,559268.77],[173601.858,559268.626],[173601.666,559268.371],[173601.497,559268.099],[173601.353,559267.814],[173601.234,559267.518],[173601.141,559267.212],[173601.076,559266.899],[173601.038,559266.582],[173601.028,559266.262],[173601.047,559265.943],[173601.092,559265.627],[173601.166,559265.316],[173601.266,559265.013],[173601.393,559264.719],[173601.545,559264.438],[173601.72,559264.171],[173601.919,559263.921],[173602.139,559263.689],[173602.378,559263.477],[173602.634,559263.287],[173602.907,559263.12],[173603.193,559262.977],[173603.49,559262.86],[173605.352,559262.593],[173607.23,559262.488],[173609.11,559262.547],[173610.978,559262.768],[173612.82,559263.15],[173618.43,559263.51],[173717.776,559258.677],[173721.853,559258.655],[173724.532,559258.801],[173727.085,559259.15],[173729.404,559259.864],[173731.661,559260.756],[173733.841,559261.822],[173735.932,559263.054],[173737.532,559264.26],[173741.062,559267.757],[173748.551,559278.513],[173749.1,559280.328],[173749.129,559280.683],[173749.127,559281.04],[173749.095,559281.395],[173749.033,559281.746],[173748.942,559282.091],[173748.821,559282.426],[173748.673,559282.751],[173748.497,559283.061],[173748.296,559283.356],[173748.071,559283.632],[173747.823,559283.888],[173747.267,559284.122],[173746.95,559284.182],[173746.629,559284.214],[173746.306,559284.217],[173745.984,559284.193],[173745.666,559284.141],[173745.353,559284.061],[173745.049,559283.954],[173744.755,559283.821],[173743.701,559282.957],[173742.558,559281.147]]]}},{"type":"Feature","properties":{"relatieveHoogteligging":0,"lokaalID":"W0653.025f8acf17c841dc8a3cd579617a89bf","bgt_status":"bestaand","class":"waterloop","objecttype":"Waterdeel"},"geometry":{"type":"Polygon","coordinates":[[[173759.22,559350.479],[173760.119,559351.358],[173760.473,559352.794],[173760.161,559354.334],[173759.194,559355.28],[173757.702,559355.28],[173754.966,559354.045],[173751.545,559349.383],[173750.053,559346.907],[173748.852,559331.629],[173747.323,559302.02],[173748.306,559300.672],[173749.871,559299.762],[173751.94,559300.148],[173752.018,559300.163],[173753.037,559302.02],[173753.838,559317.571],[173755.44,559329.699],[173756.422,559341.462],[173757.374,559348.673],[173759.22,559350.479]]]}},{"type":"Feature","properties":{"relatieveHoogteligging":0,"lokaalID":"G1900.e745372400d248c6b4f377b99476f99f","bgt_status":"bestaand","class":"waterloop","objecttype":"Waterdeel"},"geometry":{"type":"Polygon","coordinates":[[[173780.214,559389.831],[173780.964,559387.459],[173784.267,559380.259],[173786.874,559374.579],[173790.51,559369.145],[173791.835,559367.166],[173792.402,559367.171],[173792.393,559368.294],[173791.375,559370.199],[173788.689,559375.23],[173786.078,559381.043],[173783.321,559387.181],[173780.889,559390.588],[173780.006,559390.487],[173780.214,559389.831]]]}},{"type":"Feature","properties":{"relatieveHoogteligging":0,"lokaalID":"G1900.1866e9391de04afeb69475a43a76be5c","bgt_status":"bestaand","class":"waterloop","objecttype":"Waterdeel"},"geometry":{"type":"Polygon","coordinates":[[[173788.838,559427.673],[173789.729,559425.644],[173790.594,559424.211],[173791.513,559423.4],[173793.081,559424.401],[173793.513,559425.455],[173792.432,559427.591],[173791.351,559429.728],[173790.027,559430.404],[173789.081,559430.269],[173787.865,559429.268],[173788.838,559427.673]]]}},{"type":"Feature","properties":{"relatieveHoogteligging":0,"lokaalID":"W0653.97b639f0819f46da994d9c0a6310b185","bgt_status":"bestaand","class":"waterloop","objecttype":"Waterdeel"},"geometry":{"type":"Polygon","coordinates":[[[173778.58,559445.856],[173766.585,559447.048],[173756.095,559448.09],[173740.288,559449.346],[173723.721,559450.374],[173710.533,559451.78],[173693.993,559452.753],[173673.093,559453.983],[173649.048,559455.106],[173628.739,559456.054],[173608.86,559456.982],[173589.618,559458.189],[173572.808,559458.648],[173553.546,559459.581],[173549.675,559459.769],[173548.501,559459.615],[173548.13,559458.441],[173549.134,559457.776],[173558.4,559457.421],[173580.901,559456.324],[173607.945,559455.005],[173632.33,559453.816],[173651.602,559452.876],[173677.863,559451.596],[173711.675,559449.535],[173739.241,559447.507],[173761.078,559445.533],[173778.267,559444.317],[173790.969,559443.1],[173799.675,559442.266],[173810.185,559441.694],[173826.887,559440.287],[173846.407,559438.644],[173857.642,559437.394],[173871.777,559436.096],[173879.025,559435.43],[173882.966,559435.366],[173888.722,559434.879],[173897.911,559434.447],[173904.776,559433.852],[173910.938,559433.662],[173925.126,559432.445],[173933.46,559431.731],[173944.288,559431.175],[173956.433,559430.551],[173965.125,559429.823],[173984.611,559428.47],[173996.6,559427.639],[174010.824,559426.652],[174022.717,559425.469],[174029.663,559425.09],[174030.987,559425.361],[174031.447,559426.064],[174030.375,559426.764],[174027.258,559427.443],[174006.231,559428.822],[174002.611,559429.059],[173993.367,559430.093],[173987.017,559430.803],[173975.152,559431.148],[173970.719,559431.986],[173958.125,559432.364],[173952.206,559432.986],[173942.774,559433.662],[173936.883,559433.716],[173929.099,559434.365],[173915.916,559435.465],[173888.297,559436.948],[173855,559440.26],[173852.176,559440.855],[173844.582,559441.315],[173830.474,559442.532],[173816.747,559443.716],[173812.178,559443.722],[173800.529,559444.641],[173790.681,559445.418],[173781.04,559445.767],[173780.773,559445.777],[173779.847,559445.81],[173779.618,559445.818],[173779.388,559445.827],[173779.174,559445.835],[173778.936,559445.843],[173778.58,559445.856]]]}},{"type":"Feature","properties":{"relatieveHoogteligging":0,"lokaalID":"G1900.4e33dff4bf8a4b529953fc8a47288134","bgt_status":"bestaand","class":"waterloop","objecttype":"Waterdeel"},"geometry":{"type":"Polygon","coordinates":[[[173805.107,559405.201],[173804.675,559407.879],[173802.051,559415.213],[173800.912,559417.518],[173800.065,559418.028],[173797.363,559417],[173800.702,559407.392],[173800.945,559405.445],[173799.567,559404.066],[173791.675,559401.091],[173787.324,559399.036],[173786.567,559398.144],[173786.892,559397.251],[173787.756,559396.927],[173790.405,559396.9],[173799.729,559400.226],[173802.513,559401.659],[173804.486,559404.201],[173805.107,559405.201]]]}},{"type":"Feature","properties":{"relatieveHoogteligging":0,"lokaalID":"G1900.fd03d8e9b8434d41ad07be2cdf81e264","bgt_status":"bestaand","class":"waterloop","objecttype":"Waterdeel"},"geometry":{"type":"Polygon","coordinates":[[[173784.557,559359.582],[173785.719,559360.664],[173787.719,559361.745],[173788.016,559362.8],[173787.286,559363.503],[173784.854,559362.908],[173781.962,559361.718],[173778.638,559360.853],[173777.65,559360.498],[173774.854,559359.474],[173771.152,559357.858],[173769.909,559356.824],[173769.719,559356.337],[173769.963,559355.499],[173771.348,559355.36],[173773.853,559356.106],[173779.8,559357.878],[173781.033,559358.246],[173782.827,559357.96],[173786.636,559357.352],[173797.529,559356.797],[173813.448,559355.986],[173824.231,559355.661],[173835.095,559355.012],[173841.933,559354.877],[173848.419,559354.174],[173851.459,559354.344],[173851.473,559354.769],[173845.176,559354.985],[173843.544,559355.537],[173832.835,559355.93],[173822.126,559356.322],[173809.177,559356.797],[173801.799,559357.067],[173790.989,559357.987],[173785.367,559358.712],[173784.557,559359.582]]]}},{"type":"Feature","properties":{"relatieveHoogteligging":0,"lokaalID":"G1900.49df33cc4d1c4541b0a6f9410ee28718","bgt_status":"bestaand","class":"waterloop","objecttype":"Waterdeel"},"geometry":{"type":"Polygon","coordinates":[[[173893.848,559397.341],[173893.767,559399.477],[173891.632,559407.373],[173889.362,559412.7],[173886.594,559419.194],[173885.411,559421.97],[173884.505,559424.096],[173883.227,559424.598],[173881.336,559424.348],[173881.624,559420.878],[173883.631,559415.964],[173888.578,559402.506],[173890.486,559397.314],[173891.389,559396.476],[173892.767,559396.665],[173893.848,559397.341]]]}},{"type":"Feature","properties":{"relatieveHoogteligging":0,"lokaalID":"G1900.3204cf5ad6814aed8ee9b56060a615ba","bgt_status":"bestaand","class":"watervlakte","plus_type":"haven","objecttype":"Waterdeel"},"geometry":{"type":"Polygon","coordinates":[[[173874.124,559679.55],[173854.52,559714.36],[173856.87,559707.68],[173856.22,559703.52],[173852.82,559701.39],[173848.64,559702.81],[173846.76,559704.9],[173833.74,559719.24],[173823.64,559740.82],[173805.45,559780.06],[173804.15,559782.84],[173802.51,559785.79],[173781.99,559775.31],[173766.75,559766.58],[173765.25,559765.73],[173763.31,559764.61],[173761.66,559763.56],[173760.07,559762.45],[173758.11,559761.26],[173755.89,559759.94],[173751.19,559756.8],[173747.75,559754.25],[173745.22,559752.64],[173747.57,559745.24],[173760.467,559708.584],[173760.933,559708.739],[173762.404,559703.941],[173763.861,559699.185],[173763.87,559698.91],[173775.092,559660.755],[173775.282,559660.107],[173776.239,559656.852],[173797.132,559663.506],[173797.042,559663.79],[173802.984,559665.676],[173803.072,559665.398],[173803.33,559665.48],[173799.37,559689.74],[173776.14,559734.41],[173797.57,559745.91],[173814.68,559709.21],[173815.54,559707.36],[173816.77,559704.78],[173818.07,559701.99],[173819.59,559698.95],[173824.82,559688.6],[173827.06,559684.54],[173828.47,559681.91],[173829.47,559680.09],[173846.12,559653.35],[173887.2,559592.85],[173866.33,559585.23],[173861.85,559593.75],[173861.31,559594.94],[173860.15,559597.1],[173858.88,559599.44],[173857.84,559601.52],[173856.72,559603.4],[173855.42,559605.32],[173855.152,559605.752],[173854.894,559605.567],[173851.854,559610.046],[173851.66,559610.15],[173850.23,559611.64],[173848.47,559613.45],[173845.8,559616.04],[173842.77,559619.28],[173841.01,559620.95],[173810.46,559647.24],[173784.15,559633.3],[173792.67,559606.38],[173820.3,559606.37],[173837.82,559588.33],[173834.554,559572.38],[173833.738,559568.226],[173832.806,559563.477],[173832.73,559562.96],[173854.03,559561.2],[173855.43,559561.07],[173857,559560.98],[173858.86,559560.86],[173860.1,559560.86],[173861.66,559560.89],[173864.09,559560.88],[173877.35,559560.68],[173900.02,559561.37],[173901.86,559561.55],[173903.38,559561.7],[173904.99,559561.77],[173906.6,559561.66],[173908.24,559561.49],[173909.99,559561.27],[173928.01,559559.14],[173930.34,559558.63],[173931.748,559558.215],[173932.05,559558.191],[173932.444,559558.16],[173933.28,559557.99],[173935.19,559557.5],[173937.81,559556.98],[173941.47,559555.85],[173946.08,559554.54],[173951.09,559553.29],[173951.64,559563.2],[173930.03,559579.63],[173929.05,559580.39],[173928.22,559581.05],[173927.17,559582.23],[173926.34,559583.14],[173925.68,559584.11],[173925.03,559585.17],[173913.568,559600.885],[173913.181,559600.606],[173909.899,559605.156],[173910.262,559605.418],[173885.11,559639.9],[173884.04,559641.42],[173883.05,559642.69],[173882.1,559644.03],[173881.14,559645.39],[173880.26,559647.1],[173866.95,559674.2],[173867.1,559677.89],[173870.62,559679.98],[173874.4,559679.06],[173874.124,559679.55]]]}},{"type":"Feature","properties":{"relatieveHoogteligging":0,"lokaalID":"W0653.c64388d7287b4712a2b974a2b0209308","bgt_status":"bestaand","class":"waterloop","objecttype":"Waterdeel"},"geometry":{"type":"Polygon","coordinates":[[[173865.394,559792.739],[173867.876,559790.77],[173869.359,559790.513],[173874.722,559792.169],[173886.189,559799.304],[173911.876,559815.287],[173914.764,559817.085],[173914.763,559818.704],[173912.667,559820.652],[173910.207,559820.859],[173886.995,559808.023],[173864.995,559794.623],[173865.394,559792.739]]]}},{"type":"Feature","properties":{"relatieveHoogteligging":0,"lokaalID":"W0653.edbca1063c3c4778a96bb3d2b35b7099","bgt_status":"bestaand","class":"waterloop","objecttype":"Waterdeel"},"geometry":{"type":"Polygon","coordinates":[[[173991.733,559725.415],[174003.514,559706.906],[174009.657,559696.662],[174015.393,559685.898],[174022.499,559674.533],[174031.226,559660.577],[174038.596,559648.789],[174047.499,559633.501],[174049.921,559629.341],[174054.072,559622.212],[174062.428,559608.847],[174068.454,559598.409],[174073.706,559589.31],[174078.135,559581.638],[174079.094,559578.809],[174082.323,559569.99],[174083.889,559563.614],[174084.317,559555.448],[174083.289,559545.597],[174081.377,559536.488],[174078.723,559526.494],[174076.641,559518.651],[174075.442,559514.539],[174076.384,559513.625],[174077.954,559513.226],[174079.866,559515.624],[174082.805,559527.331],[174084.878,559535.586],[174086.23,559545.748],[174086.544,559553.629],[174086.971,559564.347],[174085.973,559569.819],[174083.462,559577.586],[174079.295,559587.494],[174075.585,559593.433],[174071.409,559600.119],[174066.139,559609.481],[174059.518,559619.988],[174060.374,559621.759],[174061.316,559622.444],[174070.305,559624.557],[174070.305,559625.842],[174069.763,559627.041],[174068.194,559626.984],[174058.976,559624.271],[174057.463,559624.386],[174056.379,559625.042],[174053.839,559629.811],[174049.33,559637.092],[174045.963,559644.516],[174045.677,559647.714],[174041.425,559658.193],[174030.716,559680.951],[174021.477,559695.991],[174009.647,559715.249],[174002.447,559728.319],[174000.278,559730.995],[173996.642,559731.599],[173994.359,559731.061],[173992.076,559730.522],[173990.967,559729.054],[173990.739,559726.9],[173991.733,559725.415]]]}},{"type":"Feature","properties":{"relatieveHoogteligging":0,"lokaalID":"G1900.b8652145523246d7bdea6ea9337333c7","bgt_status":"bestaand","class":"watervlakte","plus_type":"meer, plas, ven, vijver","objecttype":"Waterdeel"},"geometry":{"type":"Polygon","coordinates":[[[174061.424,559368.251],[174061.492,559365.02],[174061.405,559364.078],[174061.239,559363.147],[174061.187,559362.955],[174060.994,559362.235],[174060.674,559361.346],[174060.279,559360.487],[174059.813,559359.665],[174059.279,559358.885],[174058.682,559358.153],[174058.024,559357.474],[174057.312,559356.853],[174056.549,559356.295],[174055.547,559355.527],[174054.483,559354.848],[174053.365,559354.261],[174052.201,559353.772],[174051,559353.383],[174049.77,559353.098],[174048.52,559352.919],[174047.26,559352.846],[174045.998,559352.881],[174045.01,559353.101],[174044.046,559353.405],[174043.111,559353.792],[174042.213,559354.259],[174041.359,559354.802],[174040.556,559355.417],[174039.809,559356.099],[174039.124,559356.844],[174038.506,559357.645],[174037.96,559358.497],[174037.49,559359.393],[174037.099,559360.326],[174036.985,559360.637],[174034.649,559360.045],[174033.139,559364.851],[174031.275,559369.286],[174028.974,559373.497],[174026.29,559377.486],[174023.22,559381.183],[174019.811,559384.561],[174016.071,559387.58],[174012.025,559390.262],[174007.736,559392.508],[174003.287,559394.323],[173998.676,559395.686],[173993.958,559396.584],[173989.18,559397.035],[173984.374,559397.018],[173979.59,559396.503],[173974.855,559395.535],[173970.217,559394.099],[173965.782,559392.23],[173961.553,559389.947],[173957.577,559387.245],[173953.882,559384.178],[173950.503,559380.772],[173947.481,559377.021],[173944.829,559372.983],[173942.564,559368.683],[173940.745,559364.238],[173939.375,559359.63],[173938.474,559354.909],[173938.026,559350.133],[173938.052,559345.324],[173938.348,559342.546],[173942.046,559341.844],[173942.162,559341.135],[173951.57,559342.289],[173962.484,559343.627],[173962.643,559343.489],[173966.02,559335.873],[173966.736,559334.257],[173966.806,559334.099],[173979.857,559304.664],[173983.29,559306.238],[173984.608,559307.514],[173987.084,559308.557],[173990.183,559310.121],[173996.868,559313.108],[174003.473,559315.956],[174006.613,559317.45],[174011.959,559319.891],[174014.01,559319.988],[174017.609,559321.605],[174018.302,559321.916],[174019.945,559322.654],[174019.836,559323.42],[174022.964,559324.736],[174024.976,559325.646],[174026.77,559326.458],[174029.567,559327.724],[174029.884,559327.091],[174036.504,559330.033],[174039.996,559331.643],[174041.095,559332.124],[174041.095,559333.145],[174046.42,559335.347],[174046.757,559334.601],[174048.007,559331.867],[174062.981,559329.566],[174063.127,559329.905],[174063.302,559330.23],[174063.506,559330.537],[174063.736,559330.826],[174063.992,559331.092],[174064.27,559331.335],[174064.569,559331.552],[174064.885,559331.741],[174065.218,559331.901],[174065.563,559332.031],[174065.919,559332.13],[174066.282,559332.196],[174069.236,559331.27],[174071.628,559328.701],[174072.545,559327.614],[174073.364,559326.452],[174074.08,559325.224],[174074.686,559323.938],[174061.424,559368.251]]]}},{"type":"Feature","properties":{"relatieveHoogteligging":0,"lokaalID":"G1900.02dbc6b75d5b4846ae976edb607a8fc1","bgt_status":"bestaand","class":"watervlakte","plus_type":"meer, plas, ven, vijver","objecttype":"Waterdeel"},"geometry":{"type":"Polygon","coordinates":[[[173346.045,559080.202],[173345.736,559079.429],[173346.493,559077.676],[173347.169,559077.06],[173348.009,559077.421],[173348.849,559077.781],[173349.525,559077.811],[173350.723,559077.862],[173351.92,559077.914],[173352.714,559078.211],[173353.531,559077.983],[173354.3,559078.342],[173355.069,559078.701],[173355.339,559079.505],[173355.091,559079.893],[173355.671,559080.264],[173356.036,559081.239],[173357.076,559081.239],[173357.959,559081.791],[173358.841,559082.343],[173359.204,559082.911],[173361.563,559084.664],[173363.43,559086.051],[173364.887,559087.133],[173366.894,559088.015],[173368.354,559088.196],[173370.27,559087.905],[173372.09,559087.24],[173373.233,559086.496],[173374.572,559086.757],[173375.628,559086.963],[173377.55,559086.073],[173379.029,559085.389],[173379.735,559085.521],[173381.191,559086.691],[173382.118,559086.582],[173383.154,559085.941],[173383.971,559085.036],[173386.158,559083.459],[173388.408,559082.664],[173392.048,559081.848],[173393.879,559082.025],[173396.676,559081.607],[173399.505,559081.605],[173402.334,559081.603],[173404.646,559082.267],[173407.051,559082.311],[173409.522,559083.768],[173411.728,559084.54],[173413.934,559085.313],[173414.937,559086.025],[173417.751,559087.057],[173419.979,559087.873],[173421.59,559088.182],[173424.46,559088.26],[173426.86,559087.987],[173429.598,559087.675],[173431.341,559087.476],[173433.424,559087.6],[173435.93,559087.322],[173438.445,559087.498],[173440.563,559088.138],[173442.105,559087.33],[173444.226,559086.637],[173446.454,559086.527],[173448.061,559086.965],[173449.013,559087.895],[173450.345,559087.88],[173451.837,559089.131],[173453.636,559089.879],[173455.045,559089.532],[173455.963,559090.654],[173457.265,559091.294],[173460.199,559092.155],[173462.273,559092.001],[173464.898,559091.515],[173467.458,559089.86],[173470.017,559088.204],[173471.296,559087.52],[173473.525,559087.52],[173475.026,559088.552],[173476.432,559088.956],[173477.31,559090.127],[173478.443,559091.051],[173478.158,559092.486],[173477.825,559094.161],[173476.922,559094.87],[173475.219,559096.21],[173474.297,559097.453],[173474.209,559098.998],[173473.578,559099.61],[173471.347,559099.694],[173469.156,559100.123],[173466.928,559099.991],[173464.501,559099.24],[173462.074,559098.49],[173460.971,559098.49],[173458.378,559099.129],[173457.466,559098.749],[173456.24,559098.238],[173455.257,559097.828],[173454.573,559097.011],[173452.913,559096.339],[173445.633,559095.193],[173442.042,559094.627],[173439.659,559094.252],[173436.769,559094.142],[173434.695,559094.627],[173432.587,559096.094],[173430.719,559096.66],[173428.884,559095.996],[173426.939,559095.827],[173424.061,559095.576],[173421.259,559096.283],[173419.274,559095.991],[173416.78,559095.047],[173415.341,559094.502],[173414.066,559094.627],[173413.118,559095.488],[173411.331,559096.172],[173408.794,559096.526],[173405.771,559096.415],[173402.748,559096.305],[173399.395,559095.51],[173397.287,559094.373],[173393.879,559093.568],[173391.222,559092.941],[173389.004,559093.281],[173385.407,559093.833],[173383.182,559093.927],[173381.811,559094.605],[173379.804,559095.599],[173377.114,559095.568],[173372.258,559094.473],[173367.757,559093.458],[173363.985,559091.935],[173357.167,559087.807],[173354.167,559085.666],[173352.507,559083.619],[173351.464,559082.615],[173348.8,559082.615],[173347.947,559082.55],[173346.805,559082.174],[173345.891,559081.394],[173346.045,559080.202]]]}},{"type":"Feature","properties":{"relatieveHoogteligging":0,"lokaalID":"W0653.a101969ba5174cd29fdfa8db159e28b2","bgt_status":"bestaand","class":"waterloop","objecttype":"Waterdeel"},"geometry":{"type":"Polygon","coordinates":[[[173231.165,559602.312],[173231.318,559602.392],[173231.631,559603.206],[173245.708,559689.519],[173245.649,559689.528],[173238.328,559690.585],[173228.305,559628.358],[173225.405,559603.89],[173226.336,559602.559],[173227.462,559601.892],[173229.004,559601.683],[173230.276,559601.85],[173231.165,559602.312]]]}},{"type":"Feature","properties":{"relatieveHoogteligging":0,"lokaalID":"W0653.ba69daee482d4144b1ff1a1bac0f1145","bgt_status":"bestaand","class":"waterloop","objecttype":"Waterdeel"},"geometry":{"type":"Polygon","coordinates":[[[173268.637,559889.106],[173267.692,559895.769],[173267.634,559901.424],[173268.398,559907.514],[173269.641,559912.64],[173271.418,559917.172],[173271.096,559917.396],[173271.149,559918.002],[173277.935,559996.07],[173276.84,559996.18],[173275.42,559996.26],[173274.372,559996.322],[173273.39,559996.38],[173271.85,559996.48],[173271.01,559996.47],[173270.547,559996.442],[173253.855,559797.827],[173253.938,559797.655],[173254.029,559797.487],[173254.128,559797.324],[173254.236,559797.166],[173254.351,559797.014],[173254.474,559796.868],[173254.604,559796.729],[173254.741,559796.595],[173254.884,559796.469],[173255.034,559796.351],[173255.189,559796.24],[173255.35,559796.137],[173255.516,559796.042],[173255.686,559795.956],[173255.86,559795.878],[173256.038,559795.809],[173256.22,559795.749],[173256.383,559795.704],[173256.569,559795.662],[173256.757,559795.629],[173256.883,559795.612],[173257.073,559795.595],[173257.218,559795.589],[173257.409,559795.589],[173257.599,559795.598],[173257.774,559795.616],[173257.963,559795.644],[173258.15,559795.681],[173258.335,559795.728],[173258.518,559795.784],[173258.697,559795.85],[173258.873,559795.924],[173259.045,559796.006],[173259.213,559796.098],[173259.375,559796.198],[173259.533,559796.305],[173259.569,559796.332],[173259.685,559796.421],[173259.831,559796.544],[173259.97,559796.674],[173260.103,559796.811],[173260.196,559796.916],[173260.317,559797.064],[173260.429,559797.218],[173260.534,559797.378],[173260.631,559797.542],[173260.69,559797.654],[173262.929,559823.421],[173263.013,559824.39],[173263.266,559824.386],[173263.057,559825.93],[173262.326,559829.78],[173262.096,559833.314],[173262.167,559837.501],[173262.999,559843.291],[173264.411,559848.377],[173264.585,559848.894],[173264.969,559849.963],[173265.087,559850.74],[173265.437,559852.282],[173265.514,559853.163],[173268.556,559888.173],[173268.637,559889.106]]]}},{"type":"Feature","properties":{"relatieveHoogteligging":0,"lokaalID":"W0653.bad9f06a330f413ab1fa4d68923a060b","bgt_status":"bestaand","class":"waterloop","objecttype":"Waterdeel"},"geometry":{"type":"Polygon","coordinates":[[[173250.452,559721.404],[173250.177,559724.232],[173250.188,559729.202],[173250.67,559733.892],[173251.642,559738.648],[173252.99,559743.018],[173254.152,559745.823],[173253.612,559746.163],[173256.22,559766.685],[173256.196,559768.404],[173256.193,559768.604],[173255.377,559769.401],[173253.249,559769.496],[173252.033,559769.55],[173251.35,559768.936],[173250.706,559767.256],[173250.062,559765.577],[173249.093,559763.053],[173248.118,559755.748],[173246.213,559741.47],[173244.93,559731.858],[173244.39,559723.372],[173242.877,559719.291],[173242.736,559716.499],[173241.409,559710.198],[173240.081,559703.898],[173240.838,559702.631],[173241.718,559702.153],[173242.921,559701.998],[173244.588,559702.4],[173245.561,559702.925],[173246.484,559704.4],[173250.452,559721.404]]]}},{"type":"Feature","properties":{"relatieveHoogteligging":0,"lokaalID":"G1900.c14d2bdedcd84fb686cd5e68b65e49da","bgt_status":"bestaand","class":"waterloop","objecttype":"Waterdeel"},"geometry":{"type":"Polygon","coordinates":[[[173388.159,559467.508],[173383.311,559468.096],[173380.268,559468.299],[173375.664,559468.339],[173371.708,559468.664],[173368.473,559468.979],[173365.237,559469.293],[173362.55,559469.303],[173359.862,559469.313],[173356.13,559469.212],[173351.992,559468.887],[173348.908,559469.07],[173345.115,559469.333],[173341.687,559469.826],[173337.945,559470.099],[173334.202,559470.373],[173331.159,559470.434],[173328.117,559470.495],[173325.074,559470.556],[173321.545,559470.769],[173318.015,559470.982],[173314.797,559471.109],[173311.578,559471.237],[173308.36,559471.364],[173305.142,559471.491],[173301.923,559471.619],[173298.911,559471.75],[173295.899,559471.882],[173292.606,559472.038],[173289.313,559472.193],[173286.02,559472.349],[173282.87,559472.538],[173279.719,559472.727],[173276.719,559472.908],[173276.568,559472.917],[173273.768,559473.089],[173270.969,559473.262],[173268.055,559473.39],[173265.141,559473.519],[173262.227,559473.647],[173258.748,559473.779],[173255.269,559473.911],[173251.669,559474.144],[173248.068,559474.378],[173244.65,559474.621],[173241.232,559474.865],[173237.317,559475.149],[173233.403,559475.433],[173228.981,559475.696],[173224.274,559475.676],[173219.609,559475.555],[173214.741,559475.25],[173210.076,559474.925],[173207.256,559474.702],[173204.436,559474.479],[173199.365,559473.992],[173194.335,559473.83],[173189.487,559473.769],[173186.606,559473.749],[173183.726,559473.729],[173180.531,559473.586],[173177.336,559473.445],[173173.259,559473.181],[173169.772,559472.729],[173167.211,559472.196],[173165.588,559471.79],[173165.217,559471.593],[173165.067,559471.268],[173165.24,559470.99],[173165.623,559470.909],[173169.593,559471.547],[173173.021,559471.81],[173178.153,559471.795],[173180.981,559471.57],[173183.809,559471.346],[173186.637,559471.121],[173190.453,559470.89],[173194.269,559470.659],[173198.067,559470.251],[173201.865,559469.843],[173205.486,559469.763],[173209.107,559469.683],[173212.727,559469.603],[173216.348,559469.523],[173220.271,559469.487],[173224.193,559469.452],[173227.033,559469.612],[173229.873,559469.771],[173233.174,559470.339],[173235.908,559470.57],[173238.641,559470.801],[173242.475,559470.695],[173245.368,559470.624],[173248.261,559470.553],[173252.006,559470.233],[173255.751,559469.914],[173258.875,559469.701],[173261.998,559469.487],[173264.732,559469.476],[173267.465,559469.464],[173270.198,559469.452],[173273.784,559469.328],[173276.583,559469.231],[173277.369,559469.203],[173280.102,559468.99],[173282.871,559468.493],[173286.315,559468.174],[173290.929,559468.209],[173294.976,559468.564],[173296.928,559468.635],[173300.3,559467.89],[173303.211,559467.783],[173306.122,559467.677],[173310.985,559467.073],[173313.707,559467.014],[173316.428,559466.955],[173319.15,559466.896],[173321.99,559466.647],[173324.83,559466.399],[173329.764,559465.972],[173335.053,559465.866],[173338.496,559465.671],[173341.94,559465.476],[173345.406,559465.014],[173348.873,559464.552],[173352.34,559464.091],[173356.849,559463.558],[173361.392,559463.629],[173364.942,559463.842],[173367.924,559463.682],[173370.906,559463.523],[173374.254,559463.369],[173377.603,559463.215],[173380.951,559463.061],[173384.466,559462.86],[173387.98,559462.659],[173391.494,559462.458],[173394.654,559462.28],[173397.813,559462.102],[173400.972,559461.925],[173403.847,559461.925],[173406.723,559461.925],[173409.598,559461.925],[173412.899,559461.99],[173416.199,559462.056],[173419.5,559462.122],[173422.8,559462.187],[173426.756,559462.167],[173427.729,559462.268],[173428.277,559462.43],[173428.946,559463.1],[173429.555,559464.013],[173429.596,559464.5],[173429.575,559464.926],[173429.048,559465.433],[173428.48,559465.596],[173425.579,559465.839],[173422.273,559465.819],[173418.966,559465.799],[173416.025,559465.947],[173413.084,559466.096],[173410.143,559466.245],[173405.802,559466.651],[173402.841,559466.933],[173399.88,559467.215],[173396.241,559467.199],[173392.601,559467.183],[173388.159,559467.508]]]}},{"type":"Feature","properties":{"relatieveHoogteligging":0,"lokaalID":"W0653.c51dcd470cc442f49c6607fc90551305","bgt_status":"bestaand","class":"watervlakte","plus_type":"meer, plas, ven, vijver","objecttype":"Waterdeel"},"geometry":{"type":"Polygon","coordinates":[[[173531.579,559235.979],[173529.848,559234.749],[173528.396,559233.269],[173527.698,559230.95],[173528.985,559224.121],[173529.753,559216.133],[173532.445,559211.309],[173534.511,559206.336],[173537.052,559201.81],[173542.47,559194.091],[173544.898,559190.131],[173551.429,559181.737],[173558.012,559168.154],[173559.81,559163.17],[173562.49,559149.089],[173565.256,559140.615],[173566.092,559136.992],[173567.433,559133.667],[173567.433,559130.398],[173567.879,559128.275],[173568.913,559125.229],[173569.862,559123.581],[173572.347,559122.687],[173573.995,559123.022],[173574.776,559124.196],[173576.619,559126.012],[173577.513,559128.805],[173578.071,559134.198],[173577.429,559138.193],[173575.301,559146.768],[173573.269,559150.737],[173569.264,559161.225],[173567.516,559164.372],[173562.652,559177.5],[173559.921,559181.833],[173557.743,559187.393],[173555.705,559191.109],[173553.974,559192.953],[173552.326,559197.088],[173548.512,559204.721],[173545.96,559207.006],[173537.778,559217.343],[173537.093,559223.41],[173537.331,559228.128],[173537.024,559232.458],[173536.522,559234.358],[173535.377,559235.28],[173533.338,559236.062],[173531.579,559235.979]]]}},{"type":"Feature","properties":{"relatieveHoogteligging":0,"lokaalID":"W0653.63615e993dc54860897a7a99b8c17960","bgt_status":"bestaand","class":"waterloop","objecttype":"Waterdeel"},"geometry":{"type":"Polygon","coordinates":[[[173521.14,559944.26],[173529.694,559931.267],[173530.725,559929.517],[173531.585,559928.194],[173532.453,559927.235],[173533.819,559928.195],[173534.804,559929.287],[173534.843,559931.192],[173534.657,559933.716],[173530.666,559946.868],[173526.992,559958.457],[173525.464,559964.843],[173524.543,559966.59],[173523.018,559966.957],[173521.717,559966.391],[173519.747,559965.023],[173516.953,559961.061],[173514.731,559957.91],[173514.574,559956.714],[173521.14,559944.26]]]}},{"type":"Feature","properties":{"relatieveHoogteligging":0,"lokaalID":"G1900.a56b6363f8074a61b8abbbe4387b1a76","bgt_status":"bestaand","class":"waterloop","objecttype":"Waterdeel"},"geometry":{"type":"Polygon","coordinates":[[[173362.939,559886.62],[173362.129,559886.52],[173362.002,559886.386],[173361.225,559885.561],[173361.862,559884.269],[173370.889,559864.562],[173381.494,559842.324],[173385.961,559833.843],[173386.584,559832.596],[173387.186,559830.476],[173387.539,559828.023],[173386.429,559814.779],[173386.309,559814.069],[173386.209,559812.959],[173386.179,559811.889],[173386.159,559810.809],[173388.045,559795.599],[173390.106,559779.614],[173390.979,559776.777],[173393.155,559776.891],[173393.015,559777.577],[173391.851,559786.962],[173390.808,559799.715],[173389.478,559806.2],[173389.082,559811.073],[173388.579,559812.41],[173389.851,559825.316],[173390.074,559827.23],[173389.87,559829.658],[173389.184,559833.189],[173388.332,559834.979],[173384.904,559841.818],[173375.138,559861.611],[173368.977,559873.662],[173364.718,559882.601],[173362.939,559886.62]]]}},{"type":"Feature","properties":{"relatieveHoogteligging":0,"lokaalID":"G1900.c6e37233d54046f896e8f4baad021a1f","bgt_status":"bestaand","class":"waterloop","objecttype":"Waterdeel"},"geometry":{"type":"Polygon","coordinates":[[[173352.72,559903.088],[173354.882,559904.087],[173347.856,559919.279],[173337.895,559938.704],[173321.187,559973.231],[173296.617,560021.944],[173294.799,560020.853],[173312.891,559982.697],[173333.141,559941.301],[173352.72,559903.088]]]}},{"type":"Feature","properties":{"relatieveHoogteligging":0,"lokaalID":"G1900.52f00a6232c8475cb9ea2eff93f6bc05","bgt_status":"bestaand","class":"watervlakte","plus_type":"haven","objecttype":"Waterdeel"},"geometry":{"type":"Polygon","coordinates":[[[173800.332,559978.554],[173800.578,559978.716],[173803.544,559980.675],[173808.259,559983.788],[173829.354,559952.472],[173847.114,559925.884],[173857,559932.542],[173863.084,559936.64],[173864.209,559937.398],[173860.865,559942.376],[173857.51,559947.37],[173854.16,559952.357],[173850.811,559957.342],[173847.456,559962.336],[173844.102,559967.33],[173840.752,559972.315],[173837.291,559977.468],[173837.018,559977.877],[173836.309,559978.938],[173831.102,559986.732],[173839.64,559992.464],[173840.624,559993.124],[173837.255,559998.143],[173833.907,560003.13],[173830.56,560008.117],[173827.212,560013.105],[173823.865,560018.091],[173820.517,560023.078],[173817.056,560028.235],[173814.762,560026.696],[173813.97,560027.876],[173811.154,560032.07],[173812.468,560032.915],[173813.462,560033.555],[173810.007,560038.708],[173806.662,560043.697],[173803.312,560048.693],[173799.968,560053.68],[173796.629,560058.66],[173793.278,560063.657],[173789.816,560068.82],[173787.866,560067.535],[173787.586,560067.346],[173784.739,560065.426],[173781.333,560063.13],[173763.091,560050.834],[173783.372,560021.046],[173797.467,560000],[173802.622,559992.302],[173797.921,559989.097],[173794.719,559986.914],[173800.332,559978.554]]]}},{"type":"Feature","properties":{"relatieveHoogteligging":0,"lokaalID":"G1900.6d09f39c694f45c2896d7c68b0590406","bgt_status":"bestaand","class":"watervlakte","plus_type":"haven","objecttype":"Waterdeel"},"geometry":{"type":"Polygon","coordinates":[[[174027.373,559586.366],[174027.218,559588.135],[174026.246,559589.299],[174016.635,559600.813],[174012.943,559605.237],[174008.565,559610.383],[174001.46,559618.734],[173999.446,559620.819],[173986.386,559636.559],[173954.606,559674.036],[173951.928,559673.633],[173951.15,559673.174],[173947.582,559670.524],[173943.907,559667.061],[173942.246,559665.365],[173941.434,559663.245],[173941.54,559661.726],[173942.988,559659.217],[173946.027,559655.825],[173948.571,559653.599],[173951.488,559649.094],[173960.057,559639.366],[173970.3,559627.74],[173971.317,559626.596],[173974.23,559623.32],[173982.547,559613.681],[173983.48,559612.6],[173990.8,559604.34],[173991.275,559603.791],[173997.702,559596.368],[173997.9,559596.14],[173999.604,559594.169],[174000,559593.71],[174008.13,559584.275],[174009.03,559583.23],[174009.11,559583.02],[174009.11,559582.67],[174008.93,559582.41],[174008.24,559581.65],[174007.872,559581.279],[174005.978,559579.373],[174003.52,559576.9],[174003.28,559576.77],[174002.9,559576.7],[174011.52,559570.5],[174012.282,559569.952],[174012.053,559570.308],[174011.733,559570.948],[174011.764,559571.387],[174011.784,559571.661],[174011.971,559572.137],[174013.494,559573.668],[174014.416,559574.488],[174021.246,559580.561],[174021.832,559581.082],[174027.29,559585.936],[174027.373,559586.366]]]}},{"type":"Feature","properties":{"relatieveHoogteligging":0,"lokaalID":"G1900.93f99a7674dc4c05bffc470885a0c885","bgt_status":"bestaand","class":"watervlakte","plus_type":"meer, plas, ven, vijver","objecttype":"Waterdeel"},"geometry":{"type":"Polygon","coordinates":[[[173218.765,559147.306],[173234.513,559146.495],[173242.268,559144.652],[173244.783,559144.586],[173250.431,559144.784],[173255.748,559144.409],[173256.491,559144.326],[173257.472,559144.165],[173258.052,559145.94],[173259.407,559145.525],[173260.863,559145.083],[173261.216,559144.046],[173265.673,559143.737],[173267.703,559143.339],[173268.762,559142.633],[173269.82,559141.403],[173270.35,559140.183],[173271.012,559138.66],[173272.799,559136.652],[173274.057,559134.798],[173275.711,559132.855],[173277.519,559129.107],[173279.612,559125.802],[173281.704,559122.498],[173282.786,559120.264],[173283.57,559119.925],[173284.68,559119.446],[173286.482,559118.247],[173289.126,559116.94],[173291.087,559115.258],[173294.33,559112.477],[173299.118,559107.202],[173302.626,559103.847],[173305.136,559102.368],[173306.31,559101.066],[173308.141,559099.035],[173312.157,559096.762],[173316.277,559094.041],[173325.747,559086.366],[173327.49,559084.953],[173330.077,559084.488],[173331.814,559084.468],[173333.235,559085.468],[173334.306,559087.455],[173334.325,559089.712],[173332.52,559091.067],[173329.454,559092.303],[173325.982,559093.16],[173323.361,559094.418],[173321.07,559096.21],[173319.504,559098.66],[173318.467,559101.11],[173317.43,559102.523],[173315.179,559104.09],[173312.355,559106.451],[173309.614,559107.747],[173306.161,559108.693],[173303.266,559110.8],[173300.839,559112.565],[173297.883,559116.852],[173296.194,559118.719],[173293.206,559120.636],[173291.807,559122.2],[173290.344,559122.717],[173287.293,559124.231],[173285.163,559126.627],[173283.877,559128.557],[173282.15,559132],[173281.494,559134.068],[173281.343,559135.721],[173280.662,559137.751],[173279.641,559139.782],[173277.929,559142.014],[173275.506,559144.777],[173273.982,559146.513],[173273.022,559148.283],[173271.736,559150.654],[173270.554,559152.426],[173268.496,559153.479],[173266.265,559154.085],[173264.323,559153.807],[173262.785,559153.101],[173260.932,559152.607],[173257.628,559152.607],[173256.567,559152.753],[173256.011,559152.708],[173255.405,559151.983],[173254.472,559151.403],[173253.123,559150.961],[173252.303,559151.088],[173251.106,559151.869],[173250.236,559152.752],[173249.664,559154.028],[173247.115,559155.071],[173245.215,559155.849],[173243.403,559156.372],[173241.222,559156.688],[173239.026,559156.494],[173235.082,559156.574],[173217.366,559157.898],[173213.461,559159.488],[173209.732,559159.468],[173206.379,559159.973],[173202.938,559160.411],[173198.482,559158.977],[173195.039,559158.49],[173189.407,559158.571],[173183,559158.963],[173178.619,559159.268],[173176.815,559159.841],[173175.16,559160.083],[173173.278,559160.36],[173157.444,559159.907],[173153.495,559161.849],[173148.696,559164.209],[173145.619,559166.109],[173141.14,559169.972],[173137.232,559173.342],[173134.389,559176.88],[173131.08,559181.427],[173125.741,559189.439],[173123.843,559190.94],[173121.416,559194.295],[173116.276,559200.829],[173113.364,559204.89],[173111.731,559209.001],[173110.54,559210.871],[173110.222,559212.603],[173109.304,559213.785],[173107.429,559214.98],[173104.892,559217.316],[173103.678,559219.237],[173102.946,559221.387],[173101.637,559223.244],[173099.972,559224.137],[173098.361,559224.291],[173096.778,559223.955],[173095.162,559222.879],[173094.044,559221.29],[173094.283,559219.363],[173095.008,559217.14],[173094.379,559216.079],[173092.938,559213.72],[173091.059,559211.643],[173088.559,559209.266],[173082.467,559204.699],[173079.418,559203.457],[173077.457,559203.501],[173074.865,559205.285],[173073.339,559204.616],[173071.146,559203.04],[173070.815,559201.466],[173076.277,559192.117],[173077.626,559190.616],[173081.042,559193.214],[173082.215,559194.551],[173084.547,559198.449],[173086.791,559200.58],[173090.22,559202.371],[173094.696,559203.115],[173098.2,559204.285],[173100.914,559205.521],[173102.591,559205.256],[173104.028,559204.353],[173106.099,559201.217],[173108.511,559195.087],[173115.803,559186.523],[173117.75,559183.575],[173119.491,559181.904],[173121.483,559180.544],[173123.706,559179.605],[173126.462,559178.086],[173128.582,559175.759],[173130.702,559173.433],[173132.371,559171.603],[173133.655,559168.727],[173134.978,559166.741],[173137.063,559164.594],[173138.453,559162.608],[173139.998,559159.893],[173140.439,559157.862],[173140.439,559152.874],[173140.306,559150.117],[173138.957,559149.209],[173138.2,559147.859],[173138.163,559146.333],[173138.415,559145.374],[173138.433,559145.16],[173138.748,559143.678],[173139.158,559142.553],[173140.086,559141.087],[173143.329,559138.659],[173144.653,559138.218],[173145.253,559139.212],[173145.773,559140.074],[173146.131,559140.668],[173147.851,559142.955],[173150.635,559143.617],[173153.146,559144.988],[173153.61,559147.047],[173155.618,559148.481],[173158.265,559149.144],[173161.906,559149.673],[173166.517,559149.497],[173170.554,559148.901],[173178.805,559148.901],[173182.865,559148.901],[173187.057,559147.223],[173190.807,559146.694],[173194.493,559147.411],[173197.051,559147.908],[173203.008,559148.415],[173208.956,559147.811],[173218.765,559147.306]]]}},{"type":"Feature","properties":{"relatieveHoogteligging":0,"lokaalID":"W0653.67135f61efea44e182fa3c4da931d42f","bgt_status":"bestaand","class":"waterloop","objecttype":"Waterdeel"},"geometry":{"type":"Polygon","coordinates":[[[173579.123,559275.744],[173579.4,559275.959],[173579.521,559276.061],[173579.611,559276.14],[173579.699,559276.221],[173579.791,559276.309],[173579.879,559276.397],[173579.963,559276.484],[173580.045,559276.572],[173580.126,559276.662],[173580.205,559276.754],[173580.282,559276.847],[173580.355,559276.939],[173580.468,559277.088],[173580.536,559277.184],[173580.604,559277.282],[173580.674,559277.387],[173580.736,559277.487],[173580.838,559277.657],[173580.919,559277.802],[173581.01,559277.977],[173581.063,559278.086],[173581.111,559278.19],[173581.165,559278.313],[173581.228,559278.466],[173581.276,559278.589],[173581.317,559278.704],[173581.356,559278.82],[173581.392,559278.932],[173581.426,559279.049],[173581.458,559279.167],[173581.489,559279.289],[173581.516,559279.406],[173581.541,559279.521],[173581.56,559279.62],[173582.15,559282.69],[173582.48,559286.84],[173582.51,559287.45],[173584.87,559335.01],[173585.977,559359.245],[173589.43,559434.8],[173585.59,559437.27],[173557.754,559441.254],[173525.559,559440.742],[173520.544,559438.743],[173518.468,559435.638],[173516.283,559430.089],[173516.715,559425.174],[173521.063,559425.795],[173529.38,559429.943],[173540.427,559430.926],[173577.241,559428.989],[173580.41,559426.23],[173582,559424.84],[173583.55,559422.21],[173580.58,559414.427],[173579.696,559399.975],[173580.56,559389.98],[173579.51,559378.87],[173579.18,559372.13],[173578.74,559357.83],[173579.12,559351.9],[173576.347,559293.266],[173576.09,559287.82],[173550.52,559288.49],[173544.187,559287.61],[173544.04,559287.542],[173543.878,559287.472],[173543.751,559287.419],[173543.565,559287.348],[173543.37,559287.279],[173543.265,559287.244],[173543.159,559287.211],[173543.052,559287.179],[173542.793,559287.108],[173542.658,559287.075],[173542.529,559287.047],[173542.307,559287.002],[173542.086,559286.965],[173541.863,559286.934],[173541.732,559286.919],[173541.596,559286.906],[173541.394,559286.891],[173541.196,559286.881],[173541.055,559286.877],[173540.849,559286.877],[173540.654,559286.881],[173540.448,559286.892],[173540.175,559286.914],[173540.042,559286.928],[173539.908,559286.945],[173539.71,559286.975],[173539.512,559287.01],[173539.376,559287.037],[173539.245,559287.066],[173539.134,559287.092],[173539.027,559287.118],[173538.922,559287.147],[173538.662,559287.223],[173538.532,559287.265],[173538.4,559287.31],[173538.21,559287.38],[173532.73,559291.72],[173525.698,559299.456],[173518.65,559307.21],[173515.96,559308.591],[173514.503,559309.434],[173512.258,559310.557],[173510.995,559310.557],[173509.977,559310.608],[173509.284,559310.507],[173508.42,559310.315],[173507.693,559309.665],[173507.131,559309.227],[173506.337,559308.1],[173506.326,559307.539],[173506.326,559307.277],[173506.597,559305.92],[173507.907,559304.659],[173513.614,559298.527],[173523.173,559287.404],[173525.853,559283.058],[173526.103,559282.826],[173526.16,559282.717],[173526.225,559282.535],[173526.314,559282.305],[173526.401,559282.074],[173526.485,559281.841],[173526.503,559281.717],[173526.519,559281.592],[173526.535,559281.467],[173526.599,559281.326],[173526.686,559281.144],[173526.774,559281.02],[173526.812,559280.899],[173526.848,559280.777],[173526.884,559280.655],[173526.959,559280.559],[173527.125,559280.338],[173527.241,559280.181],[173527.354,559280.022],[173527.421,559279.926],[173527.514,559279.791],[173527.601,559279.662],[173527.687,559279.532],[173527.751,559279.432],[173527.851,559279.275],[173527.905,559279.187],[173527.959,559279.099],[173528.04,559278.965],[173528.119,559278.831],[173528.196,559278.697],[173528.294,559278.522],[173528.347,559278.426],[173528.396,559278.334],[173528.445,559278.242],[173528.507,559278.125],[173528.566,559278.009],[173528.624,559277.893],[173528.744,559277.645],[173528.793,559277.543],[173528.876,559277.362],[173528.963,559277.165],[173529.014,559277.046],[173529.064,559276.927],[173529.115,559276.804],[173529.164,559276.682],[173529.212,559276.56],[173529.255,559276.449],[173529.69,559275.41],[173529.98,559274.85],[173530.51,559274.19],[173531.3,559273.52],[173532.284,559272.735],[173533.03,559272.39],[173535.51,559271.44],[173536.6,559271.12],[173537.75,559270.95],[173538.5,559270.83],[173539.25,559270.567],[173542.214,559270.728],[173553.64,559273.39],[173558.58,559274.06],[173574.69,559274.6],[173574.836,559274.583],[173574.955,559274.572],[173575.074,559274.564],[173575.201,559274.557],[173575.323,559274.553],[173575.442,559274.551],[173575.562,559274.552],[173575.69,559274.555],[173575.81,559274.561],[173575.93,559274.568],[173576.051,559274.579],[173576.177,559274.592],[173576.297,559274.607],[173576.416,559274.624],[173576.536,559274.644],[173576.655,559274.666],[173576.774,559274.69],[173576.892,559274.717],[173577.01,559274.746],[173577.129,559274.778],[173577.248,559274.812],[173577.366,559274.849],[173577.48,559274.887],[173577.592,559274.926],[173577.708,559274.97],[173577.817,559275.014],[173577.933,559275.063],[173578.043,559275.112],[173578.152,559275.163],[173578.262,559275.217],[173578.371,559275.273],[173578.48,559275.333],[173578.583,559275.391],[173578.687,559275.453],[173578.794,559275.52],[173578.92,559275.602],[173579.123,559275.744]]]}},{"type":"Feature","properties":{"relatieveHoogteligging":0,"lokaalID":"W0653.561e7bbff2614cc0b0a0902a3036d35f","bgt_status":"bestaand","class":"waterloop","objecttype":"Waterdeel"},"geometry":{"type":"Polygon","coordinates":[[[173614.998,559792.829],[173616.189,559790.832],[173617.529,559790.533],[173618.519,559791.381],[173618.43,559793.222],[173616.735,559796.034],[173561.091,559888.34],[173548.294,559908.783],[173546.876,559909.22],[173544.913,559907.983],[173571.264,559864.145],[173585.179,559841.524],[173596.176,559823.648],[173610.609,559800.185],[173614.998,559792.829]]]}},{"type":"Feature","properties":{"relatieveHoogteligging":0,"lokaalID":"P0021.0515bf1d348543b8842db1c79572b14c","bgt_status":"bestaand","class":"waterloop","objecttype":"Waterdeel"},"geometry":{"type":"Polygon","coordinates":[[[173900.241,559693.535],[173899.885,559694.038],[173895.553,559700.601],[173889.991,559709.495],[173890.699,559709.972],[173887.794,559715.107],[173884.954,559719.486],[173883.351,559721.957],[173875.986,559733.31],[173875.213,559734.504],[173872.99,559737.93],[173865.145,559752.372],[173861.818,559759.76],[173859.197,559767.734],[173858.852,559769.221],[173857.915,559773.259],[173856.87,559777.76],[173854.001,559783.527],[173852.753,559786.037],[173851.188,559786.713],[173848.688,559788.946],[173847.242,559791.788],[173838.51,559807.01],[173830.2,559824.38],[173819.412,559850.877],[173818.017,559854.133],[173806,559881.28],[173800.587,559893.69],[173800.432,559894.045],[173795.64,559905.03],[173789.885,559917.339],[173770.332,559908.081],[173778.37,559890.361],[173787.512,559870.206],[173795.47,559852.66],[173802.78,559835.59],[173813.284,559809.319],[173819.361,559795.191],[173821.102,559794.516],[173822.707,559790.407],[173822.676,559789.883],[173822.494,559786.729],[173826.383,559778.077],[173831.394,559767.814],[173837.918,559754.192],[173841.368,559746.766],[173847.655,559733.428],[173848.648,559731.394],[173850.435,559726.361],[173851.985,559721.809],[173854.52,559714.36],[173874.124,559679.55],[173875.687,559678.879],[173877.932,559676.436],[173901.447,559691.766],[173900.241,559693.535]]]}},{"type":"Feature","properties":{"relatieveHoogteligging":0,"lokaalID":"G1900.6a2fa18041e14baeade8e34dff5c0634","bgt_status":"bestaand","class":"waterloop","objecttype":"Waterdeel"},"geometry":{"type":"Polygon","coordinates":[[[173737.156,559597.422],[173737.936,559595.512],[173739.436,559593.061],[173739.951,559591.853],[173740.08,559591.113],[173740.076,559589.953],[173739.829,559588.561],[173739.415,559587.149],[173738.913,559586.152],[173738.622,559585.649],[173737.847,559584.806],[173737.002,559584.115],[173736.043,559583.581],[173735.554,559583.352],[173734.723,559583.084],[173733.342,559582.825],[173732.595,559582.807],[173714.501,559583.839],[173685.705,559585.481],[173685.831,559582.687],[173732.108,559580.352],[173733.072,559580.375],[173734.027,559580.483],[173734.969,559580.675],[173735.89,559580.95],[173736.783,559581.304],[173737.642,559581.736],[173738.459,559582.242],[173739.229,559582.818],[173739.944,559583.46],[173740.195,559584.047],[173740.598,559584.919],[173741.453,559586.601],[173741.738,559588.24],[173741.916,559589.772],[173741.987,559590.521],[173741.999,559591.542],[173741.691,559592.861],[173740.741,559595.201],[173738.901,559597.374],[173737.156,559597.422]]]}},{"type":"Feature","properties":{"relatieveHoogteligging":0,"lokaalID":"G1900.e32c68f3c6f449638d902559a928a923","bgt_status":"bestaand","class":"waterloop","objecttype":"Waterdeel"},"geometry":{"type":"Polygon","coordinates":[[[172841.2,559854.36],[172841.193,559855.197],[172840.89,559856.07],[172840.1,559856.8],[172838.99,559857.35],[172836.806,559857.624],[172833.72,559858.01],[172815.84,559859.71],[172801.2,559860.91],[172786.89,559862.14],[172770.47,559863.38],[172754.61,559864.78],[172736.61,559866.32],[172716.93,559867.88],[172703.8,559868.87],[172680.95,559870.55],[172680.11,559870.56],[172679.718,559870.462],[172679.23,559870.34],[172678.59,559870.04],[172678.29,559869.38],[172678.154,559868.72],[172678.1,559868.46],[172678.1,559867.48],[172678.14,559866.52],[172678.72,559865.96],[172679.3,559865.722],[172680.36,559865.48],[172681.72,559865.35],[172704.72,559863.05],[172786.91,559856.16],[172817.57,559853.46],[172836.446,559852.3],[172837.43,559852.24],[172838.57,559852.18],[172839.57,559852.27],[172840.26,559852.6],[172840.81,559852.95],[172841.05,559853.54],[172841.2,559854.36]]]}},{"type":"Feature","properties":{"relatieveHoogteligging":0,"lokaalID":"G1900.1f0c06f409cd4ed8b90cfdfda243030a","bgt_status":"bestaand","class":"waterloop","objecttype":"Waterdeel"},"geometry":{"type":"Polygon","coordinates":[[[172590.34,559878.62],[172547.991,559882.008],[172547.21,559882.07],[172546.25,559882.08],[172545.71,559881.9],[172545.23,559881.72],[172545.03,559881.36],[172544.87,559880.8],[172544.75,559880.18],[172544.64,559879.62],[172544.626,559879.178],[172544.59,559878.08],[172544.74,559877.3],[172545.22,559876.68],[172545.86,559876.46],[172546.56,559876.4],[172547.491,559876.35],[172549.858,559876.406],[172554.396,559875.108],[172557.589,559874.965],[172586.781,559872.568],[172615.846,559870.181],[172651.956,559867.379],[172654.94,559867.277],[172655.8,559867.51],[172656.18,559867.69],[172656.46,559867.99],[172656.56,559868.37],[172656.69,559869.58],[172656.667,559870.265],[172656.65,559870.78],[172656.47,559871.63],[172656.15,559872.29],[172655.75,559872.69],[172655.05,559872.89],[172653.77,559873.07],[172652.471,559873.186],[172621.86,559875.92],[172590.34,559878.62]]]}},{"type":"Feature","properties":{"relatieveHoogteligging":0,"lokaalID":"G1900.bc6f4a47b14441309617e938c477d131","bgt_status":"bestaand","class":"watervlakte","plus_type":"meer, plas, ven, vijver","objecttype":"Waterdeel"},"geometry":{"type":"Polygon","coordinates":[[[172537.3,559815.86],[172537.52,559807.01],[172537.48,559800.17],[172537.6,559797.67],[172537.39,559795.17],[172537.12,559792.42],[172536.86,559790.32],[172536.68,559787.94],[172536.17,559785.18],[172535.02,559779.84],[172533.5,559773.44],[172532.44,559768.61],[172532.17,559767.17],[172532.17,559766.21],[172532.33,559764.73],[172532.94,559763.36],[172533.76,559762.02],[172534.76,559760.7],[172536.4,559759.92],[172538.44,559759.11],[172539.91,559758.93],[172541.36,559759.13],[172542.65,559759.74],[172544.18,559760.34],[172545.54,559760.6],[172546.52,559760.7],[172548.04,559760.51],[172551.88,559760.16],[172557.98,559759.87],[172561.12,559760.39],[172563.08,559761.54],[172564.24,559762.8],[172564.71,559764.06],[172565.17,559765.6],[172565.13,559766.98],[172564.8,559768.24],[172564.4,559769.26],[172564.2,559770.16],[172563.62,559771.4],[172563,559772.58],[172562,559773.56],[172561.05,559774.23],[172559.57,559774.77],[172557.93,559775.53],[172556.27,559776.46],[172555.09,559777.16],[172553.59,559778.32],[172552.66,559779.62],[172551.78,559781.27],[172550.78,559782.93],[172549.93,559784.81],[172549.23,559786.55],[172548.56,559788.87],[172547.94,559791.77],[172547.57,559794.35],[172547.37,559796.32],[172547.38,559798.17],[172547.82,559800.49],[172548.71,559803.09],[172549.45,559806.19],[172550.5,559810.23],[172551.83,559814.16],[172553.46,559819.48],[172554.53,559825.54],[172555.49,559831.32],[172556,559835.36],[172555.82,559838.44],[172555.43,559841.06],[172554.91,559843.98],[172554.14,559847.24],[172553.49,559849.58],[172552.47,559851.34],[172551.59,559852.6],[172550.41,559853.31],[172549.43,559853.67],[172548.61,559853.83],[172548.04,559853.89],[172547.44,559853.96],[172546.04,559853.9],[172544.53,559853.54],[172543.09,559853.02],[172541.59,559851.99],[172540.53,559850.93],[172539.5,559849.53],[172538.8,559848.01],[172538.06,559846.61],[172537.82,559845.55],[172537.53,559844.13],[172537.3,559839],[172537.13,559832.88],[172537.36,559829.8],[172537.48,559826.05],[172537.57,559822.77],[172537.52,559819.93],[172537.3,559815.86]]]}},{"type":"Feature","properties":{"relatieveHoogteligging":0,"lokaalID":"G1900.a61c9952971443d68b0c33df66961870","bgt_status":"bestaand","class":"waterloop","objecttype":"Waterdeel"},"geometry":{"type":"Polygon","coordinates":[[[172383.013,559668.992],[172378.491,559671.676],[172375.076,559673.766],[172373.173,559675.023],[172370.913,559675.989],[172369.895,559676.356],[172362.984,559680.28],[172358.181,559683.72],[172352.103,559687.544],[172348.945,559690.174],[172345.718,559692.76],[172345.27,559693.288],[172344.954,559693.285],[172344.416,559692.867],[172341.854,559694.746],[172335.214,559698.895],[172332.691,559700.748],[172332.673,559701.365],[172332.599,559702.037],[172331.723,559702.488],[172331.229,559701.946],[172322.853,559707.708],[172313.027,559714.237],[172304.132,559720.132],[172294.363,559727.124],[172281.267,559736.85],[172268.911,559745.919],[172261.265,559751.642],[172251.414,559760.944],[172246.224,559765.335],[172242.205,559769.121],[172241.075,559770.865],[172239.858,559772.344],[172239.742,559772.888],[172239.888,559773.263],[172240.327,559773.449],[172240.693,559773.976],[172240.782,559774.917],[172226.08,559789.46],[172224.222,559791.299],[172202.302,559778.541],[172205.505,559775.375],[172219.229,559763.385],[172233.619,559751.343],[172240.221,559746.271],[172255.212,559735.726],[172269.876,559724.924],[172287.129,559712.408],[172300.442,559702.811],[172319.702,559688.799],[172328.529,559682.669],[172341.697,559673.327],[172352.785,559666.029],[172361.357,559660.811],[172377.662,559650.375],[172395.625,559640.15],[172397.504,559639.081],[172398.562,559638.479],[172398.66,559638.483],[172407.244,559638.807],[172409.213,559637.494],[172409.186,559634.634],[172409.177,559633.699],[172410.107,559633.469],[172412.423,559632.896],[172412.567,559632.888],[172415.815,559632.713],[172416.25,559632.473],[172416.37,559632.514],[172418.28,559632.615],[172419.811,559632.321],[172421.236,559631.726],[172432.962,559626.064],[172443.658,559621.367],[172453.681,559617.069],[172464.549,559612.879],[172469.908,559610.676],[172470.982,559610.497],[172472.018,559610.558],[172472.72,559610.932],[172474.375,559611.617],[172477.75,559606.618],[172490.662,559599.931],[172504.611,559595.696],[172513.823,559592.913],[172515.247,559592.531],[172516.537,559591.935],[172517.47,559591.345],[172518.487,559590.452],[172519.247,559589.567],[172519.876,559588.593],[172520.302,559587.755],[172523.633,559586.546],[172534.029,559581.73],[172544.534,559576.876],[172564.871,559569.159],[172594.171,559561.496],[172628.257,559554.599],[172654.556,559550.831],[172686.473,559546.681],[172720.623,559544.446],[172757.263,559543.488],[172767.281,559543.399],[172770.06,559543.374],[172770.831,559544.189],[172771.731,559545.141],[172772.109,559545.54],[172782.942,559545.641],[172789.626,559545.641],[172811.539,559545.641],[172843.711,559545.23],[172878.873,559543.843],[172923.953,559541.695],[172926.38,559541.579],[172930.368,559541.389],[172939.257,559541.153],[172942.553,559541.051],[172944.149,559541.06],[172945.273,559541.253],[172946.627,559541.611],[172947.86,559542.101],[172949.104,559542.767],[172950.234,559543.626],[172953.43,559546.73],[172954.034,559546.696],[172954.072,559547.331],[172954.536,559547.242],[172954.575,559547.363],[172954.635,559547.553],[172955.037,559548.81],[172955.746,559550.885],[172956.292,559552.432],[172957.495,559555.519],[172958.699,559558.611],[172959.593,559561.157],[172960.487,559563.702],[172961.373,559566.247],[172962.259,559568.792],[172963.27,559571.872],[172964.197,559575.108],[172965.379,559579.918],[172966.172,559585.072],[172966.699,559589.311],[172967.087,559594.321],[172967.121,559596.864],[172967.064,559600.632],[172966.883,559603.145],[172966.456,559608.038],[172966.073,559612.456],[172965.867,559615.021],[172965.77,559616.245],[172965.283,559616.214],[172965.135,559617.857],[172965.588,559617.899],[172965.817,559617.918],[172964.666,559628.493],[172964.165,559628.444],[172962.186,559627.999],[172959.697,559627],[172957.626,559625.285],[172956.006,559622.921],[172955.178,559620.489],[172949.845,559559.091],[172949.108,559557.723],[172947.26,559556.04],[172947.117,559555.909],[172944.585,559555.775],[172938.922,559555.792],[172933.475,559556.009],[172920.954,559556.597],[172903.09,559557.464],[172883.437,559558.37],[172844.347,559560.098],[172825.28,559558.681],[172804.586,559557.298],[172784.731,559558.055],[172748.257,559559.475],[172723.961,559560.407],[172717.672,559560.685],[172711.101,559561.121],[172705.49,559561.493],[172679.43,559563.775],[172666.636,559565.256],[172653.207,559567.067],[172642.943,559568.576],[172641.197,559568.862],[172635.74,559569.754],[172631.156,559570.533],[172626.884,559571.259],[172619.663,559572.741],[172602.875,559576.735],[172592.233,559579.504],[172573.721,559584.622],[172547.541,559591.907],[172514.282,559601.221],[172511.823,559601.878],[172509.401,559600.069],[172509.077,559600.16],[172506.441,559600.898],[172497.955,559603.274],[172497.887,559603.293],[172492.115,559614.173],[172491.251,559614.523],[172489.532,559615.218],[172484.92,559617.085],[172483.583,559617.626],[172481.75,559621.311],[172478.646,559627.552],[172478.078,559628.565],[172469.828,559631.582],[172468.684,559631.768],[172467.584,559631.853],[172466.871,559632.02],[172465.848,559632.345],[172464.315,559632.255],[172462.603,559632.583],[172461.025,559632.971],[172460.663,559633.295],[172460.113,559633.673],[172459.138,559633.628],[172458.403,559633.7],[172457.862,559634.087],[172456.729,559634.377],[172455.467,559634.861],[172454.753,559634.934],[172454.453,559634.527],[172453.337,559634.712],[172452.791,559635.195],[172452.03,559635.529],[172451.376,559635.541],[172450.631,559635.646],[172449.7,559635.81],[172447.153,559636.633],[172444.552,559637.542],[172442.278,559638.497],[172440.51,559639.538],[172437.62,559640.816],[172434.936,559642.08],[172431.57,559643.697],[172426.475,559646.547],[172423.576,559647.958],[172421.561,559648.715],[172414.807,559652.257],[172409.695,559655.107],[172409.24,559655.766],[172408.735,559656.561],[172407.985,559657.347],[172407.329,559657.182],[172406.891,559656.658],[172403.957,559658.07],[172397.294,559661.463],[172390.743,559664.958],[172383.013,559668.992]]]}},{"type":"Feature","properties":{"relatieveHoogteligging":0,"lokaalID":"W0653.727ffa69a2d645649efdf2d6a7279360","bgt_status":"bestaand","class":"waterloop","objecttype":"Waterdeel"},"geometry":{"type":"Polygon","coordinates":[[[172775.865,559493.789],[172776.213,559496.53],[172769.841,559496.799],[172765.271,559497.635],[172764.684,559497.742],[172764.584,559497.761],[172764.356,559497.817],[172764.019,559498.048],[172763.685,559498.28],[172763.355,559498.358],[172763.059,559498.219],[172762.913,559498.066],[172760.679,559498.475],[172752.197,559499.581],[172747.625,559500.503],[172744.409,559501.152],[172739.815,559501.678],[172735.321,559501.832],[172730.876,559501.79],[172723.074,559501.384],[172714.857,559500.957],[172710.225,559501.013],[172702.581,559501.106],[172693.253,559502.079],[172687.04,559502.234],[172684.064,559502.404],[172680.002,559502.636],[172672.205,559503.624],[172662.412,559504.521],[172655.833,559505.124],[172647.185,559506.561],[172639.818,559507.565],[172633.795,559508.708],[172629.842,559509.914],[172628.174,559509.852],[172618.198,559510.903],[172604.515,559512.927],[172592.453,559515.646],[172584.994,559517.516],[172579.095,559518.289],[172572.917,559520.066],[172564.115,559522.183],[172558.771,559523.264],[172550.555,559525.381],[172543.899,559527.328],[172537.14,559529.05],[172534.744,559529.508],[172531.838,559530.063],[172529.089,559530.588],[172527.884,559530.959],[172527.205,559530.805],[172526.951,559530.418],[172526.951,559530.006],[172527.385,559529.544],[172532.295,559527.924],[172538.207,559526.22],[172541.045,559524.091],[172543.882,559521.962],[172551.024,559519.312],[172564.078,559516.898],[172580.111,559512.97],[172595.654,559509.163],[172611.704,559506.251],[172616.695,559505.345],[172622.63,559506.156],[172629.582,559505.352],[172633.433,559504.906],[172636.866,559505.304],[172642.777,559505.02],[172656.493,559502.749],[172669.689,559501.424],[172680.796,559500.309],[172701.329,559498.727],[172747.443,559498.727],[172755.767,559497.212],[172766.58,559495.245],[172774.208,559493.857],[172775.865,559493.789]]]}},{"type":"Feature","properties":{"relatieveHoogteligging":0,"lokaalID":"G1900.578b914942944715b9addc5f3389b999","bgt_status":"bestaand","class":"watervlakte","plus_type":"meer, plas, ven, vijver","objecttype":"Waterdeel"},"geometry":{"type":"Polygon","coordinates":[[[172655.37,559379.08],[172655.39,559378.45],[172655.4,559378.03],[172655.41,559377.63],[172655.54,559376.68],[172655.66,559376.14],[172655.82,559375.79],[172656.06,559375.22],[172656.94,559373.37],[172657.94,559371.15],[172659.01,559368.78],[172659.88,559366.45],[172660.61,559364.65],[172661.32,559362.55],[172662.03,559360.67],[172662.39,559359.43],[172662.53,559358.93],[172663.19,559357.12],[172663.56,559355.68],[172663.95,559354.39],[172664.34,559352.83],[172664.52,559352.03],[172664.63,559351.51],[172664.87,559350.34],[172665.18,559348.93],[172665.31,559348.28],[172665.4,559347.51],[172665.59,559346.19],[172665.95,559344.35],[172666.29,559342.26],[172666.33,559341.76],[172666.42,559341.26],[172666.56,559339.84],[172666.599,559339.334],[172666.68,559338.27],[172666.83,559335.74],[172667.13,559332.77],[172667.24,559331.6],[172667.35,559331.08],[172667.43,559330.81],[172667.62,559330.59],[172667.8,559330.4],[172668.06,559330.13],[172668.44,559329.84],[172668.77,559329.65],[172669.23,559329.39],[172669.46,559329.32],[172669.68,559329.27],[172670.08,559329.21],[172670.29,559329.19],[172671.08,559329.32],[172671.48,559329.38],[172671.75,559329.44],[172672.19,559329.73],[172672.68,559330.22],[172672.85,559330.45],[172673.04,559330.8],[172673.17,559331.38],[172673.27,559332.33],[172675.31,559355.06],[172677.02,559374.63],[172679.07,559397.18],[172680.82,559416.95],[172682.28,559433.18],[172684.06,559453.12],[172685.5,559469.07],[172686.19,559475.97],[172686.4,559477.31],[172686.43,559478.06],[172686.29,559478.68],[172686.23,559479],[172686.04,559479.55],[172685.69,559480.24],[172685.4,559480.65],[172685.12,559481.02],[172684.49,559481.85],[172683.06,559482.91],[172682.73,559483.15],[172682.4,559483.26],[172681.47,559483.36],[172680.97,559483.34],[172680.37,559483.3],[172679.65,559483.21],[172678.9,559483.08],[172674.32,559480.67],[172668.07,559477.18],[172665.42,559475.32],[172664.86,559474.81],[172664.53,559474.42],[172663.91,559473.27],[172663.82,559472.9],[172663.69,559472.37],[172663.62,559471.96],[172663.61,559471.61],[172663.67,559471.14],[172664.25,559469.61],[172667.08,559464.29],[172670.29,559458.26],[172670.82,559457.25],[172671.47,559455.82],[172671.79,559455.1],[172672.03,559454.63],[172672.19,559454.24],[172672.4,559453.77],[172672.76,559452.93],[172672.94,559452.46],[172673.16,559451.96],[172673.37,559451.47],[172673.54,559451],[172673.76,559450.31],[172673.88,559449.78],[172674.04,559449.29],[172674.13,559448.87],[172674.3,559448.07],[172674.39,559447.57],[172674.46,559447],[172674.55,559446.4],[172674.59,559445.98],[172674.6,559445.5],[172674.61,559445.15],[172674.6,559444.03],[172674.48,559442.17],[172674.42,559440.04],[172674.22,559436.91],[172673.95,559432.775],[172673.53,559428.11],[172672.86,559421.108],[172671.03,559405.47],[172670.77,559402.71],[172670.57,559401.15],[172670.49,559400.5],[172670.31,559399.77],[172670.1,559399.08],[172669.75,559398.23],[172669.4,559397.36],[172669.26,559397.08],[172668.86,559396.22],[172668.55,559395.71],[172668.34,559395.38],[172667.9,559394.89],[172667.09,559394.27],[172666.82,559394.08],[172666.24,559393.64],[172665.23,559392.98],[172663.57,559391.76],[172662.52,559390.98],[172661.76,559390.38],[172660.25,559388.88],[172658.85,559387.39],[172657.95,559386.46],[172657.3,559385.57],[172656.99,559385],[172656.81,559384.6],[172656.38,559383.69],[172656.15,559383.05],[172655.97,559382.5],[172655.65,559381.51],[172655.51,559380.91],[172655.41,559380.35],[172655.36,559380.05],[172655.37,559379.08]]]}},{"type":"Feature","properties":{"relatieveHoogteligging":0,"lokaalID":"G1900.0e70f341ba494b6690a43146021b3fda","bgt_status":"bestaand","class":"waterloop","objecttype":"Waterdeel"},"geometry":{"type":"Polygon","coordinates":[[[172760.182,559207.885],[172760.62,559207.785],[172761.25,559207.631],[172761.884,559207.628],[172762.308,559207.638],[172763.136,559207.715],[172764.57,559208.192],[172766.069,559208.981],[172766.957,559209.46],[172767.75,559210.089],[172768.574,559210.679],[172768.853,559210.949],[172816.153,559247.202],[172817.06,559248.05],[172817.733,559248.661],[172819.25,559249.779],[172820.13,559250.522],[172820.841,559251.265],[172822.281,559253.3],[172822.7,559253.99],[172823.458,559255.399],[172823.903,559256.281],[172824.636,559257.399],[172825.221,559258.15],[172825.658,559258.674],[172826.19,559259.215],[172826.644,559259.722],[172829.586,559261.521],[172830.19,559261.821],[172844,559270.3],[172844.75,559270.71],[172845.43,559271.12],[172846.02,559271.47],[172848.209,559272.966],[172849.35,559273.914],[172851.305,559275.251],[172881.055,559294.611],[172881.864,559295.211],[172882.322,559295.746],[172882.857,559296.235],[172883.5,559296.969],[172883.614,559297.287],[172883.911,559297.611],[172883.939,559298.126],[172883.649,559299.01],[172883.358,559299.792],[172883.139,559300.465],[172881.374,559300.17],[172880.991,559299.477],[172880.861,559299.118],[172880.679,559298.85],[172879.814,559297.629],[172879.127,559297.087],[172877.995,559296.203],[172843.975,559274.083],[172823.78,559261.8],[172823.08,559261.32],[172822.57,559260.92],[172822.03,559260.32],[172821.57,559259.79],[172821.15,559259.35],[172820.84,559258.93],[172820.61,559258.47],[172819.28,559256.03],[172818.79,559255.21],[172818.28,559254.45],[172817.68,559253.75],[172817.19,559253.08],[172816.67,559252.43],[172816.15,559251.88],[172815.62,559251.35],[172810.9,559247.55],[172788.94,559230.36],[172764.82,559211.94],[172764.54,559211.7],[172764.22,559211.51],[172763.95,559211.4],[172763.63,559211.31],[172763.28,559211.17],[172763.04,559211.11],[172762.71,559211.07],[172762.16,559211.04],[172761.89,559211.07],[172761.61,559211.11],[172761.305,559211.108],[172760.408,559211.302],[172760.002,559211.503],[172759.35,559211.673],[172758.773,559211.886],[172754.645,559217.081],[172746.264,559228.406],[172742.709,559232.639],[172738.933,559237.962],[172727.851,559253.274],[172713.416,559272.266],[172710.544,559275.418],[172709.22,559277.191],[172707.947,559278.613],[172706.653,559280.189],[172705.293,559281.469],[172704.07,559282.846],[172702.753,559283.96],[172701.773,559285.06],[172701.001,559285.666],[172699.53,559287.13],[172698.64,559287.86],[172698.06,559288.49],[172697.69,559288.92],[172688.25,559301],[172687.41,559301.97],[172686.56,559302.88],[172685.85,559303.57],[172685.2,559304.14],[172684.79,559304.34],[172684.41,559304.52],[172684.05,559304.66],[172683.7,559304.77],[172683.44,559304.85],[172683.11,559304.99],[172682.61,559305.01],[172682.1,559305.04],[172681.65,559305.02],[172681.21,559305],[172680.81,559304.95],[172680.49,559304.86],[172680.26,559304.78],[172679.56,559304.42],[172679.14,559304.15],[172678.85,559303.99],[172678.57,559303.74],[172678.35,559303.56],[172678.01,559303.27],[172677.72,559302.98],[172677.39,559302.74],[172677.08,559302.3],[172676.74,559302.03],[172676.44,559301.59],[172675.9,559300.94],[172675.58,559300.62],[172675.21,559300.08],[172674.82,559299.24],[172674.53,559298.65],[172674.32,559298.19],[172674.17,559297.73],[172674.02,559297.2],[172673.9,559296.69],[172673.7,559295.63],[172673.64,559295.15],[172673.54,559294.65],[172669.829,559252.964],[172669.867,559252.74],[172670.047,559252.107],[172670.423,559251.626],[172670.877,559251.476],[172672.759,559251.324],[172673.084,559251.378],[172674.043,559251.538],[172675.41,559251.873],[172675.937,559251.955],[172676.337,559252.187],[172676.626,559252.811],[172676.892,559253.654],[172677.088,559254.033],[172677.188,559254.907],[172677.328,559255.763],[172680.05,559280.44],[172680.13,559280.85],[172680.22,559281.13],[172680.32,559281.58],[172680.45,559281.94],[172680.59,559282.3],[172680.77,559282.73],[172680.95,559283.16],[172681.39,559283.91],[172681.64,559284.3],[172681.95,559284.71],[172682.14,559284.9],[172682.37,559285.28],[172682.7,559285.75],[172683.18,559286.22],[172683.74,559286.6],[172684.27,559286.92],[172684.86,559287.18],[172685.33,559287.32],[172685.82,559287.48],[172686.23,559287.74],[172686.63,559287.79],[172687.13,559287.79],[172687.53,559287.81],[172688.21,559287.71],[172688.67,559287.64],[172689.04,559287.6],[172689.32,559287.52],[172689.84,559287.24],[172690.17,559287.03],[172690.71,559286.76],[172691.12,559286.48],[172691.46,559286.19],[172691.7,559285.95],[172694.1,559283.32],[172694.39,559282.98],[172694.71,559282.69],[172695.21,559282.19],[172695.6,559281.89],[172695.99,559281.63],[172696.4,559281.4],[172702.3,559278.33],[172702.92,559277.93],[172703.31,559277.65],[172703.807,559277.459],[172704.34,559277.127],[172705.064,559276.697],[172705.648,559276.173],[172706.163,559275.649],[172706.44,559275.304],[172706.96,559274.953],[172707.736,559274.444],[172730.211,559244.808],[172734.911,559238.497],[172740.15,559231.484],[172743.808,559225.812],[172754.32,559211.74],[172754.83,559211.14],[172755.22,559210.73],[172755.54,559210.4],[172755.992,559210.025],[172756.337,559209.675],[172756.75,559209.312],[172757.16,559209.013],[172757.656,559208.693],[172758.04,559208.513],[172758.38,559208.369],[172758.648,559208.319],[172759.299,559208.221],[172760.182,559207.885]]]}},{"type":"Feature","properties":{"relatieveHoogteligging":0,"lokaalID":"G1900.66b170fed8bc4ec199bda8e6c80f8dee","bgt_status":"bestaand","class":"waterloop","objecttype":"Waterdeel"},"geometry":{"type":"Polygon","coordinates":[[[172936.822,559470.773],[172937.02,559472.66],[172922.149,559474.41],[172912.95,559475.493],[172907.238,559476.165],[172901.944,559476.788],[172897.809,559477.275],[172893.863,559478.519],[172889.296,559481.142],[172883.756,559484.793],[172879.215,559487.253],[172873.215,559488.768],[172868.297,559489.362],[172862.162,559490.471],[172855.818,559491.324],[172845.919,559491.823],[172824.653,559492.896],[172808.181,559494.046],[172797.407,559494.798],[172786.948,559495.528],[172776.895,559496.501],[172776.213,559496.53],[172775.865,559493.789],[172785.799,559493.379],[172799.941,559492.291],[172816.762,559490.996],[172831.25,559490.398],[172848.71,559489.677],[172863.884,559487.795],[172876.985,559485.666],[172883.89,559482.732],[172889.14,559479.561],[172894.39,559476.391],[172900.586,559474.876],[172911.227,559473.883],[172936.822,559470.773]]]}},{"type":"Feature","properties":{"relatieveHoogteligging":0,"lokaalID":"G1900.27c3e7da2b6c4c04b8ee7e7e93b0efc6","bgt_status":"bestaand","class":"waterloop","objecttype":"Waterdeel"},"geometry":{"type":"Polygon","coordinates":[[[172851.882,559433.3],[172854.318,559434.697],[172870.252,559443.837],[172870.09,559444.445],[172859.934,559438.468],[172855.895,559436.091],[172851.778,559433.657],[172851.882,559433.3]]]}},{"type":"Feature","properties":{"relatieveHoogteligging":0,"lokaalID":"G1900.c9ef45be54604d199dbe8b349bac58a0","bgt_status":"bestaand","class":"waterloop","objecttype":"Waterdeel"},"geometry":{"type":"Polygon","coordinates":[[[172880.292,559712.319],[172880.803,559711.804],[172887.534,559710.494],[172910.64,559708.946],[172923.983,559707.454],[172947.978,559706.145],[172948.165,559710.016],[172884.033,559715.682],[172880.534,559717.464],[172879.644,559720.966],[172884.097,559748.084],[172885.242,559781.187],[172886.014,559784.81],[172886.28,559786.82],[172887.71,559794.24],[172892.03,559818.24],[172891.8,559819.1],[172891.11,559819.79],[172889.98,559820.28],[172888.84,559820.3],[172888.03,559819.89],[172887.52,559818.68],[172886.581,559814.206],[172886.526,559813.264],[172886.45,559811.963],[172885.879,559802.131],[172882.252,559785.707],[172880.916,559770.556],[172878.077,559738.361],[172876.181,559716.867],[172878.04,559714.589],[172880.292,559712.319]]]}},{"type":"Feature","properties":{"relatieveHoogteligging":0,"lokaalID":"W0653.3ea7175ae62d4e46828a5bb13488aff5","bgt_status":"bestaand","class":"waterloop","objecttype":"Waterdeel"},"geometry":{"type":"Polygon","coordinates":[[[172976.165,559815.254],[172974.86,559815.302],[172974.76,559814.15],[172973.07,559795.38],[172971.74,559780.83],[172970.53,559767.37],[172969.3,559754.51],[172967.89,559739.79],[172966.98,559727.74],[172966.17,559718.59],[172965.36,559711.06],[172965.2,559709.72],[172964.77,559708.77],[172964.33,559708.68],[172963.81,559708.68],[172957.06,559709.36],[172955.337,559709.526],[172955.265,559709.446],[172955.023,559707.06],[172954.843,559705.283],[172962.07,559704.67],[172966.35,559704.57],[172967.346,559704.553],[172968.198,559705.025],[172969.008,559705.981],[172969.1,559706.85],[172970.4,559722.19],[172972.47,559743.96],[172974.35,559764.96],[172976.79,559792.96],[172978.622,559815.164],[172976.165,559815.254]]]}},{"type":"Feature","properties":{"relatieveHoogteligging":0,"lokaalID":"W0653.f80dd9bb0811464a9b1d414e13b88d1c","bgt_status":"bestaand","class":"waterloop","objecttype":"Waterdeel"},"geometry":{"type":"Polygon","coordinates":[[[173049.61,559975],[173047.45,559967.36],[173044.82,559957.3],[173042.02,559947.22],[173039.16,559936.16],[173036.83,559927.13],[173034.47,559915.58],[173032.65,559905.63],[173031.18,559895.05],[173029.72,559884.39],[173028.04,559873.17],[173026.78,559861.57],[173025.27,559846.93],[173023.97,559831.49],[173022.28,559817.35],[173021.43,559802.4],[173019.88,559784.95],[173019.047,559776.507],[173016.573,559762.682],[173013.117,559711.572],[173015.006,559709.621],[173018.723,559710.17],[173020.733,559720.413],[173022.5,559743.641],[173023.676,559748.336],[173025.828,559776.044],[173025.852,559776.515],[173025.952,559777.633],[173026.67,559785.67],[173027.79,559799.79],[173028.86,559812.96],[173030.32,559827.96],[173031.36,559842.32],[173032.63,559854.01],[173033.98,559866.29],[173034.93,559876.15],[173036.28,559883.94],[173037.68,559895.64],[173039.56,559904.87],[173041.16,559913.47],[173043.1,559922.28],[173044.8,559930.64],[173046.03,559934.97],[173046.92,559936.11],[173047.8,559936.82],[173048.28,559936.99],[173049.52,559937.21],[173050.45,559937.55],[173051.17,559938.13],[173052.13,559939.2],[173052.76,559939.97],[173053.14,559940.73],[173053.33,559941.5],[173053.61,559944.36],[173053.74,559945.96],[173054.09,559950.45],[173054.22,559953.89],[173054.5,559956.73],[173054.88,559960.1],[173055.05,559963.44],[173055.24,559967.03],[173055.5,559969.49],[173056.16,559974.46],[173056.39,559975],[173056.56,559977.14],[173057.47,559984.52],[173057.635,559985.849],[173056.472,559988.059],[173053.93,559988.094],[173053.032,559986.542],[173049.61,559975]]]}},{"type":"Feature","properties":{"relatieveHoogteligging":0,"lokaalID":"G1900.31d9fd7cbf7b49adaa370679a78a422e","bgt_status":"bestaand","class":"waterloop","objecttype":"Waterdeel"},"geometry":{"type":"Polygon","coordinates":[[[173017.939,559649.843],[173017.939,559648.801],[173019.857,559648.809],[173019.901,559649.843],[173019.912,559650.1],[173025.304,559650.264],[173025.399,559656.344],[173024.837,559663.272],[173024.467,559667.841],[173022.732,559671.932],[173018.849,559674.928],[173016.152,559677.009],[173013.516,559676.332],[173012.673,559673.851],[173013.235,559672.587],[173013.328,559669.404],[173013.102,559664.544],[173013.981,559660.604],[173013.125,559657.044],[173012.159,559655.923],[173012.213,559650.205],[173018.626,559650.229],[173018.597,559649.909],[173017.939,559649.843]]]}},{"type":"Feature","properties":{"relatieveHoogteligging":0,"lokaalID":"W0653.1087c8bc6fdd4f4688c81fa71bcaaf36","bgt_status":"bestaand","class":"waterloop","objecttype":"Waterdeel"},"geometry":{"type":"Polygon","coordinates":[[[173016.523,559395.623],[173017.093,559384.739],[173018.732,559384.236],[173020.785,559382.561],[173022.541,559379.993],[173024.053,559375.21],[173025.968,559369.154],[173027.916,559364.913],[173030.833,559361.886],[173033.318,559358.238],[173034.425,559355.346],[173035.56,559353.238],[173037.261,559351.616],[173039.827,559350.616],[173042.339,559350.968],[173044.365,559352.562],[173044.148,559353.677],[173044.281,559360.604],[173044.365,559367.534],[173044.176,559373.994],[173044.23,559381.615],[173044.689,559387.777],[173044.581,559392.587],[173043.997,559394.182],[173043.489,559396.1],[173043.771,559397.992],[173045.067,559399.506],[173045.067,559408.667],[173044.021,559420.775],[173042.624,559426.033],[173043.589,559429.885],[173044.021,559431.367],[173044.53,559433.653],[173046.799,559437.792],[173048.945,559440.757],[173052.896,559444.803],[173056.353,559448.957],[173059.276,559449.652],[173060.676,559449.596],[173063.809,559450.596],[173066.105,559452.677],[173068.482,559456.19],[173068.941,559457.947],[173068.725,559459.92],[173067.509,559461.514],[173066.114,559463.345],[173064.565,559464.892],[173063.215,559465.838],[173062.271,559466.141],[173061.252,559465.816],[173060.265,559465.291],[173058.285,559463.527],[173056.85,559461.303],[173055.507,559459.573],[173054.457,559457.797],[173052.667,559456.469],[173050.784,559455.311],[173048.315,559452.917],[173044.518,559449.751],[173040.455,559445.756],[173035.89,559441.972],[173034.323,559439.918],[173031.838,559437.134],[173027.193,559432.783],[173026.751,559431.467],[173026.231,559428.639],[173026.002,559428.242],[173025.483,559426.071],[173024.978,559423.027],[173023.438,559419.46],[173022.493,559416.379],[173022.709,559413.676],[173022.281,559410.097],[173020.862,559406.642],[173020.622,559405.685],[173020.052,559400.689],[173019.441,559398.893],[173018.171,559397.164],[173016.523,559395.623]]]}},{"type":"Feature","properties":{"relatieveHoogteligging":0,"lokaalID":"G1900.5378cf540f6441508a89922ce9e53ffd","bgt_status":"bestaand","class":"waterloop","objecttype":"Waterdeel"},"geometry":{"type":"Polygon","coordinates":[[[172942.734,559340.588],[172942.866,559341.983],[172943.007,559343.469],[172915.585,559323.962],[172914.953,559323.042],[172915.562,559321.886],[172916.294,559321.744],[172919.945,559324.356],[172942.734,559340.588]]]}},{"type":"Feature","properties":{"relatieveHoogteligging":0,"lokaalID":"W0653.cada120ab86d423b997ab981229b1abd","bgt_status":"bestaand","class":"waterloop","objecttype":"Waterdeel"},"geometry":{"type":"Polygon","coordinates":[[[172942.734,559340.588],[172941.45,559327.08],[172938.38,559294.14],[172938.41,559288.75],[172941.61,559288.63],[172942.17,559293.61],[172945.16,559322.74],[172947.588,559348.637],[172943.341,559348.842],[172943.38,559347.39],[172943.007,559343.469],[172942.866,559341.983],[172942.734,559340.588]]]}},{"type":"Feature","properties":{"relatieveHoogteligging":0,"lokaalID":"W0653.540a2b96c5d6448b8ec8e0b3123d887c","bgt_status":"bestaand","class":"waterloop","objecttype":"Waterdeel"},"geometry":{"type":"Polygon","coordinates":[[[172965.007,559071.983],[172965.248,559075.059],[172967.413,559095.455],[172968.329,559111.905],[172969.612,559118.218],[172969.906,559125.627],[172971.39,559148.731],[172972.029,559150.882],[172973.053,559151.86],[172985.988,559162.832],[172992.077,559167.751],[172993.574,559169.585],[172995.33,559172.107],[172996.934,559173.543],[172999.852,559174.782],[173008.988,559180.078],[173012.116,559182.485],[173034.203,559195.886],[173045.647,559205.527],[173050.004,559209.967],[173054.505,559215.084],[173055.919,559216.691],[173058.783,559217.384],[173060.44,559218.668],[173062.098,559219.952],[173062.178,559221.825],[173060.574,559224.312],[173057.633,559227.067],[173053.51,559230.93],[173051.725,559233.834],[173050.014,559235.573],[173048.758,559237.338],[173048.303,559239.211],[173046.886,559240.575],[173044.988,559241.779],[173042.796,559241.672],[173040.417,559240.575],[173038.118,559238.355],[173037.637,559236.83],[173035.926,559236.215],[173031.26,559234.537],[173028.146,559234.343],[173026.302,559233.246],[173022.318,559230.143],[173021.169,559228.431],[173019.458,559226.8],[173017.426,559225.596],[173015.982,559223.938],[173014.833,559220.648],[173014.165,559216.983],[173013.877,559212.869],[173014.145,559209.579],[173015.909,559208.482],[173018.155,559208.027],[173021.47,559208.83],[173024.517,559208.696],[173028.18,559207.546],[173029.917,559205.888],[173030.719,559203.721],[173030.185,559201.474],[173029.008,559199.762],[173025.881,559197.97],[173020.438,559195.165],[173012.135,559190.386],[172999.393,559182.484],[172996.372,559181.333],[172994.773,559180.725],[172992.763,559178.418],[172985.928,559170.106],[172982.639,559167.886],[172976.09,559162.563],[172971.963,559159.209],[172970.315,559158.131],[172969.486,559158.009],[172968.761,559158.193],[172968.656,559158.638],[172968.77,559160.594],[172970.628,559177.831],[172971.216,559187.755],[172972.259,559198.294],[172973.863,559214.511],[172974.085,559216.757],[172974.004,559219.4],[172974.615,559223.099],[172976.166,559240.146],[172976.288,559243.631],[172976.308,559244.209],[172975.73,559244.229],[172975.152,559244.249],[172973.981,559244.068],[172973.467,559242.719],[172971.361,559214.727],[172963.864,559136.187],[172957.97,559064.689],[172958.718,559061.084],[172958.531,559054.484],[172957.829,559050.318],[172957.829,559045.029],[172958.484,559041.003],[172960.87,559037.492],[172965.221,559032.25],[172969.806,559025.416],[172973.923,559020.22],[172974.907,559018.346],[172975.365,559016.726],[172976.221,559015.427],[172977.504,559014.311],[172978.512,559014.434],[172979.032,559015.014],[172979.261,559016.696],[172978.894,559018.545],[172977.871,559020.654],[172977.03,559023.849],[172976.053,559028.816],[172974.006,559036.182],[172972.57,559040.416],[172971.235,559044.352],[172970.883,559046.532],[172971.204,559048.779],[172971.477,559058.128],[172969.579,559061.899],[172965.32,559070.361],[172965.007,559071.983]]]}},{"type":"Feature","properties":{"relatieveHoogteligging":0,"lokaalID":"G1900.e58eb5b837374e5186b94f8c05e05a78","bgt_status":"bestaand","class":"waterloop","objecttype":"Waterdeel"},"geometry":{"type":"Polygon","coordinates":[[[173016.523,559395.623],[173016.118,559395.245],[173013.688,559390.704],[173010.824,559383.975],[173008.556,559380.218],[173005.801,559374.84],[173001.46,559366.367],[172997.098,559356.274],[172992.986,559347.441],[172991.299,559340.459],[172990.278,559334.82],[172989.236,559330.628],[172988.521,559327.16],[172988.055,559324.546],[172987.569,559321.249],[172987.676,559319.301],[172988.224,559318.887],[172989.043,559318.981],[172989.26,559319.357],[172989.705,559322.375],[172991.234,559330.809],[172993.017,559338.106],[172994.399,559344.294],[172997.073,559352.077],[173001.473,559361.129],[173004.363,559367.291],[173007.788,559374.592],[173011.556,559382.627],[173012.979,559384.02],[173014.708,559384.75],[173016.707,559384.858],[173017.093,559384.739],[173016.523,559395.623]]]}},{"type":"Feature","properties":{"relatieveHoogteligging":0,"lokaalID":"W0653.7bda6f34d65f46d98694c69ac5c7b2cc","bgt_status":"bestaand","class":"waterloop","objecttype":"Waterdeel"},"geometry":{"type":"Polygon","coordinates":[[[173020.154,559291.045],[173022.306,559286.431],[173025.433,559281.348],[173029.016,559278.299],[173031.636,559277.176],[173034.015,559275.464],[173036.154,559271.612],[173036.902,559268.616],[173037.971,559265.594],[173038.533,559262.544],[173039.869,559262.116],[173042.356,559262.197],[173043.773,559262.732],[173044.521,559263.695],[173043.986,559266.503],[173041.667,559273.447],[173041.099,559276.213],[173039.468,559284.157],[173038.907,559289.346],[173038.88,559295.685],[173039.468,559303.442],[173040.992,559308.418],[173042.635,559311.746],[173042.887,559314.64],[173043.238,559318.662],[173043.692,559323.878],[173044.361,559327.65],[173044.147,559331.689],[173044.788,559336.102],[173044.227,559338.483],[173042.008,559339.125],[173036.501,559338.697],[173035.799,559337.981],[173034.316,559334.303],[173032.054,559327.677],[173030.446,559322.969],[173028.528,559317.351],[173026.298,559312.653],[173025.814,559307.522],[173025.58,559305.041],[173023.245,559302.154],[173021.23,559297.364],[173020.107,559294.696],[173020.154,559291.045]]]}},{"type":"Feature","properties":{"relatieveHoogteligging":0,"lokaalID":"W0653.f846efa2f6c94cbeab77b6a6027005ee","bgt_status":"bestaand","class":"waterloop","objecttype":"Waterdeel"},"geometry":{"type":"Polygon","coordinates":[[[173048.844,558740.184],[173051.443,558741.291],[173051.463,558741.449],[173051.548,558741.856],[173051.668,558742.254],[173051.823,558742.639],[173052.012,558743.01],[173052.232,558743.362],[173052.482,558743.694],[173052.761,558744.002],[173053.066,558744.284],[173053.394,558744.539],[173053.744,558744.764],[173054.112,558744.956],[173054.287,558745.026],[173054.472,558745.062],[173069.31,558746.492],[173069.471,558746.494],[173081.499,558745.709],[173081.632,558745.692],[173094.128,558743.169],[173094.247,558743.137],[173110.455,558737.718],[173114.906,558736.051],[173115.557,558737.702],[173114.632,558738.06],[173097.069,558744.348],[173089.509,558746.181],[173079.736,558747.857],[173057.343,558747.595],[173045.749,558745.138],[173045.612,558745.119],[173029.048,558743.956],[173028.932,558743.954],[173017.612,558744.481],[172999.864,558745.959],[172982.218,558747.428],[172982.033,558747.461],[172981.858,558747.528],[172981.698,558747.627],[172981.559,558747.754],[172981.447,558747.904],[172981.365,558748.073],[172981.299,558748.248],[172981.238,558748.376],[172981.165,558748.499],[172981.082,558748.615],[172980.989,558748.723],[172980.887,558748.822],[172980.777,558748.912],[172980.659,558748.993],[172980.535,558749.062],[172980.405,558749.12],[172980.27,558749.167],[172980.132,558749.202],[172979.991,558749.224],[172979.849,558749.234],[172979.707,558749.232],[172979.565,558749.217],[172979.425,558749.189],[172979.288,558749.15],[172979.155,558749.099],[172979.027,558749.036],[172978.905,558748.962],[172978.79,558748.878],[172978.683,558748.784],[172978.585,558748.681],[172978.496,558748.57],[172978.417,558748.451],[172978.348,558748.326],[172978.291,558748.196],[172978.29,558747.027],[172978.291,558746.827],[172978.534,558746.123],[173000.037,558744.179],[173026.617,558741.776],[173043.641,558743.019],[173043.75,558743.021],[173044.188,558743.005],[173044.709,558742.944],[173045.223,558742.837],[173045.726,558742.686],[173046.214,558742.492],[173046.683,558742.256],[173047.129,558741.979],[173047.55,558741.665],[173047.941,558741.315],[173048.3,558740.932],[173048.625,558740.519],[173048.844,558740.184]]]}},{"type":"Feature","properties":{"relatieveHoogteligging":0,"lokaalID":"W0653.e65c2f997d924427b6c12d0c907d0d81","bgt_status":"bestaand","class":"waterloop","objecttype":"Waterdeel"},"geometry":{"type":"Polygon","coordinates":[[[172927.291,558695.784],[172925.362,558695.431],[172925.153,558693.371],[172919.073,558633.522],[172915.373,558597.103],[172912.968,558564.65],[172910.664,558543.387],[172910.413,558541.224],[172910.786,558539.731],[172913.746,558540.471],[172914.909,558541.741],[172916.389,558555.385],[172916.706,558564.446],[172918.608,558578.936],[172918.186,558583.977],[172919.771,558593.285],[172923.737,558633.258],[172925.849,558660.377],[172927.752,558684.81],[172927.893,558687.066],[172928.88,558687.877],[172929.866,558688.688],[172930.781,558688.809],[172932.051,558686.749],[172936.42,558679.662],[172940.789,558672.576],[172945.309,558666.489],[172957.514,558652.457],[172966.511,558642.115],[172976.448,558630.692],[172979.838,558627.664],[172983.953,558625.086],[172987.723,558622.724],[172991.423,558618.846],[173004.037,558603.227],[173015.454,558587.785],[173029.578,558570.648],[173043.36,558556.019],[173054.953,558543.715],[173061.295,558535.818],[173074.015,558521.363],[173083.564,558512.408],[173087.44,558515.299],[173078.345,558523.636],[173063.403,558540.286],[173042.312,558563.784],[173024.624,558583.493],[173008.31,558603.835],[172998.776,558616.588],[172993.259,558622.733],[172987.762,558627.286],[172980.642,558632.626],[172967.816,558646.98],[172964.675,558649.861],[172962.199,558653.568],[172960.85,558656.308],[172960.628,558657.859],[172965.467,558677.643],[172965.138,558678.569],[172964.212,558678.24],[172962.803,558672.767],[172960.025,558661.984],[172959.341,558658.922],[172957.629,558658.554],[172949.208,558667.72],[172938.567,558684.996],[172929.828,558694.903],[172927.291,558695.784]]]}},{"type":"Feature","properties":{"relatieveHoogteligging":0,"lokaalID":"G1900.67ace72bd302479b821cd48fbf40feed","bgt_status":"bestaand","class":"waterloop","objecttype":"Waterdeel"},"geometry":{"type":"Polygon","coordinates":[[[172982.265,558789.66],[172980.285,558789.044],[172979.753,558787.741],[172978.246,558761.597],[172978.35,558761.436],[172978.468,558761.285],[172978.598,558761.145],[172978.74,558761.016],[172978.892,558760.9],[172979.054,558760.798],[172979.224,558760.71],[172979.401,558760.637],[172979.584,558760.579],[172979.771,558760.538],[172979.961,558760.513],[172980.152,558760.504],[172980.344,558760.512],[172980.534,558760.536],[172980.721,558760.576],[172980.904,558760.633],[172981.081,558760.705],[172981.252,558760.792],[172981.414,558760.893],[172981.567,558761.008],[172981.71,558761.136],[172981.841,558761.276],[172981.959,558761.426],[172982.065,558761.586],[172982.156,558761.755],[172982.232,558761.93],[172982.292,558762.112],[172982.337,558762.298],[172982.365,558762.488],[172982.378,558762.679],[172982.373,558762.87],[172982.352,558763.061],[172982.315,558763.248],[172982.262,558763.432],[172982.193,558763.611],[172983.477,558787.863],[172983.665,558789.302],[172982.386,558789.698],[172982.265,558789.66]]]}},{"type":"Feature","properties":{"relatieveHoogteligging":0,"lokaalID":"W0653.af41b3cc042b4836be2862d11881a28d","bgt_status":"bestaand","class":"waterloop","objecttype":"Waterdeel"},"geometry":{"type":"Polygon","coordinates":[[[172931.328,558769.376],[172931.169,558768.407],[172926.97,558710.1],[172926.86,558709.54],[172927.07,558708.743],[172927.543,558707.897],[172927.825,558707.77],[172928.793,558707.333],[172929.284,558707.235],[172930,558707.256],[172930.57,558707.634],[172931.08,558707.96],[172933.817,558739.442],[172934.189,558741.716],[172934.348,558745.192],[172935.124,558747.79],[172938.657,558749.364],[172965.327,558746.357],[172965.622,558749.23],[172935.946,558752.272],[172934.716,558753.939],[172934.997,558760.913],[172935.895,558763.354],[172936.682,558767.872],[172936.739,558768.783],[172931.328,558769.376]]]}},{"type":"Feature","properties":{"relatieveHoogteligging":0,"lokaalID":"G1900.2abce58c72b944b287a9fef02a11760d","bgt_status":"bestaand","class":"waterloop","objecttype":"Waterdeel"},"geometry":{"type":"Polygon","coordinates":[[[172942.946,558792.335],[172955.14,558791.34],[172955.38,558795.069],[172956.05,558795.064],[172957.131,558795.056],[172957.172,558796.955],[172956.133,558796.974],[172955.504,558796.985],[172955.677,558799.672],[172955.728,558800.471],[172955.527,558800.481],[172945.102,558801.031],[172942.946,558792.335]]]}},{"type":"Feature","properties":{"relatieveHoogteligging":0,"lokaalID":"W0653.d666d6a73e8a42938a4923ff91d1a16a","bgt_status":"bestaand","class":"waterloop","objecttype":"Waterdeel"},"geometry":{"type":"Polygon","coordinates":[[[172978.848,558951.086],[172978.453,558951.469],[172971.985,558957.724],[172973.722,558959.987],[172976.128,558962.871],[172975.915,558964.342],[172974.765,558965.305],[172973.307,558965.153],[172970.327,558962.737],[172966.291,558958.457],[172960.864,558953.521],[172957.978,558951.106],[172957.22,558950.471],[172950.852,558945.142],[172947.437,558942.286],[172945.846,558938.354],[172944.63,558927.354],[172942.228,558903.924],[172931.328,558769.376],[172936.739,558768.783],[172938.514,558791.85],[172939.301,558792.455],[172940.712,558792.517],[172942.946,558792.335],[172945.102,558801.031],[172944.169,558801.08],[172943.556,558801.781],[172943.953,558807.073],[172951.89,558889.359],[172954.404,558933.941],[172954.801,558935.396],[172955.727,558936.455],[172973.057,558950.213],[172974.644,558950.081],[172976.494,558949.182],[172978.848,558951.086]]]}},{"type":"Feature","properties":{"relatieveHoogteligging":0,"lokaalID":"G1900.3f8bf508bf2549e6b85179681f5b80fe","bgt_status":"bestaand","class":"waterloop","objecttype":"Waterdeel"},"geometry":{"type":"Polygon","coordinates":[[[172983.97,558799.874],[172984.279,558800.949],[172984.737,558808.084],[172987.043,558845.88],[172992.212,558936.607],[172992.223,558936.879],[172992.209,558937.151],[172992.171,558937.421],[172992.109,558937.687],[172992.024,558937.946],[172991.915,558938.196],[172991.785,558938.435],[172991.633,558938.662],[172991.462,558938.874],[172991.273,558939.07],[172979.094,558950.849],[172978.848,558951.086],[172976.494,558949.182],[172985.564,558939.844],[172986.551,558936.984],[172986.551,558934.206],[172982.45,558869.25],[172979.407,558814.481],[172979.275,558805.882],[172979.804,558803.104],[172980.443,558801.037],[172980.928,558800.25],[172982.153,558799.727],[172982.396,558799.623],[172983.97,558799.874]]]}},{"type":"Feature","properties":{"relatieveHoogteligging":0,"lokaalID":"W0653.a6573a641a9344e0b6ac13f86eb89a2b","bgt_status":"bestaand","class":"waterloop","objecttype":"Waterdeel"},"geometry":{"type":"Polygon","coordinates":[[[172929.497,559152.114],[172928.64,559156.293],[172926.958,559156.463],[172925.913,559146.119],[172924.346,559130.602],[172923.983,559119.6],[172922.045,559102.621],[172918.625,559072.659],[172916.489,559047.474],[172918.137,559047.474],[172918.137,559049.744],[172920.082,559050.393],[172923.109,559083.095],[172925.109,559104.703],[172926.697,559121.859],[172927.963,559135.541],[172929.497,559152.114]]]}},{"type":"Feature","properties":{"relatieveHoogteligging":0,"lokaalID":"G1900.30748fe5224e4c24a3c410f223cdfafa","bgt_status":"bestaand","class":"waterloop","objecttype":"Waterdeel"},"geometry":{"type":"Polygon","coordinates":[[[172882.97,558672.528],[172881.8,558673.17],[172880.693,558674.063],[172870.341,558688.878],[172842.311,558720.351],[172829.627,558734.595],[172822.932,558742.668],[172813.665,558752.469],[172802.953,558763.152],[172788.385,558779.394],[172788.14,558779.864],[172787.565,558780.037],[172786.38,558779.68],[172785.552,558778.943],[172785.74,558777.95],[172804.344,558757.14],[172819.52,558740.163],[172842.554,558714.397],[172856.811,558698.449],[172868.39,558684.536],[172879.391,558671.317],[172882.635,558667.712],[172883.215,558667.067],[172881.147,558641.421],[172880.292,558637.892],[172877.656,558615.457],[172882.435,558615.049],[172884.263,558644.041],[172886.759,558674.94],[172887.034,558677.657],[172887.338,558681.572],[172886.676,558682],[172885.862,558682.014],[172885.132,558681.959],[172884.167,558672.459],[172882.97,558672.528]]]}},{"type":"Feature","properties":{"relatieveHoogteligging":0,"lokaalID":"G1900.8b00da08c91e49b8bd7e9190fcf76321","bgt_status":"bestaand","class":"waterloop","objecttype":"Waterdeel"},"geometry":{"type":"Polygon","coordinates":[[[172888.123,558691.193],[172888.731,558694.165],[172888.926,558696.485],[172889.443,558700.083],[172889.823,558704.792],[172890.272,558711.344],[172892.339,558733.704],[172893.587,558748.256],[172894.092,558753.27],[172894.238,558757.901],[172893.585,558758.584],[172893.156,558758.632],[172892.532,558758.486],[172892.239,558758.35],[172891.966,558758.194],[172891.654,558757.891],[172891.391,558757.228],[172890.943,558753.25],[172890.047,558742.326],[172888.809,558725.812],[172887.601,558711.675],[172886.899,558702.949],[172886.44,558697.265],[172886.089,558692.176],[172886.251,558691.572],[172888.123,558691.193]]]}},{"type":"Feature","properties":{"relatieveHoogteligging":0,"lokaalID":"W0653.d1f2658a3b7540bfa4b04db4fe23fc82","bgt_status":"bestaand","class":"waterloop","objecttype":"Waterdeel"},"geometry":{"type":"Polygon","coordinates":[[[172913.395,558486.7],[172911.816,558488.805],[172910.772,558491.99],[172910.921,558496.518],[172911.966,558507.068],[172912.716,558529.036],[172912.889,558529.659],[172911.851,558530.039],[172910.71,558529.797],[172909.879,558528.69],[172908.426,558510.84],[172907.181,558490.05],[172906.212,558478.738],[172906.244,558478.001],[172906.075,558477.235],[172908.056,558477.014],[172908.408,558479.515],[172908.47,558481.697],[172909.05,558483.72],[172910.32,558484.37],[172911.308,558484.039],[172911.613,558483.716],[172913.395,558486.7]]]}},{"type":"Feature","properties":{"relatieveHoogteligging":0,"lokaalID":"W0653.d86ceab1f2b748158467ff978de6c743","bgt_status":"bestaand","class":"waterloop","objecttype":"Waterdeel"},"geometry":{"type":"Polygon","coordinates":[[[172933.493,558394.276],[172931.991,558396.106],[172918.56,558411.019],[172909.297,558418.8],[172905.499,558422.505],[172905.407,558430.1],[172906.518,558445.013],[172906.552,558445.89],[172906.478,558456.758],[172905.846,558457.108],[172904.176,558457.307],[172903.398,558447.809],[172903.293,558444.893],[172901.599,558420.382],[172904.841,558418.131],[172910.872,558414.632],[172917.078,558409.815],[172920.412,558406.017],[172923.006,558402.775],[172926.155,558398.607],[172931.646,558392.893],[172937.548,558386.751],[172937.876,558386.587],[172939.03,558386.01],[172940.049,558386.288],[172939.134,558387.403],[172933.493,558394.276]]]}},{"type":"Feature","properties":{"relatieveHoogteligging":0,"lokaalID":"G1900.438ebcedae574d5c846f915d16b0e5d5","bgt_status":"bestaand","class":"waterloop","objecttype":"Waterdeel"},"geometry":{"type":"Polygon","coordinates":[[[172900.362,558358.433],[172901.04,558367.311],[172901.898,558378.968],[172902.892,558387.778],[172903.864,558395.504],[172903.977,558397.899],[172903.999,558399.39],[172903.864,558400.248],[172903.498,558401.099],[172903.37,558401.442],[172903.299,558401.694],[172902.486,558403.14],[172902.124,558403.501],[172900.972,558403.637],[172900.136,558403.298],[172899.3,558402.778],[172898.713,558401.491],[172898.668,558400.361],[172898.577,558394.6],[172898.058,558388.704],[172897.245,558381.453],[172896.205,558371.468],[172895.437,558362.77],[172894.76,558352.74],[172893.788,558342.349],[172893.111,558333.358],[172892.388,558325.722],[172891.077,558315.082],[172891.077,558310.406],[172891.123,558308.237],[172891.461,558306.791],[172892.117,558305.978],[172892.93,558305.707],[172893.653,558305.82],[172894.353,558306.204],[172894.782,558307.333],[172895.46,558310.654],[172896.205,558315.376],[172896.702,558319.984],[172897.312,558325.79],[172898.126,558334.284],[172899.074,558346.234],[172900.362,558358.433]]]}},{"type":"Feature","properties":{"relatieveHoogteligging":0,"lokaalID":"G1900.eddaefe5d3254056b9e414291e39619b","bgt_status":"bestaand","class":"waterloop","objecttype":"Waterdeel"},"geometry":{"type":"Polygon","coordinates":[[[172863.257,558440.877],[172863.702,558443.756],[172862.453,558445.848],[172861.465,558447.503],[172859.307,558452.439],[172857.149,558457.375],[172844.693,558472.244],[172834.026,558483.905],[172820.213,558496.368],[172809.96,558507.587],[172807.06,558511.314],[172805.837,558512.439],[172803.948,558510.774],[172806.497,558507.899],[172812.029,558501.659],[172825.312,558488.438],[172833.099,558481.069],[172840.695,558472.673],[172843.287,558468.511],[172846.664,558465.236],[172852.707,558459.374],[172855.299,558455.34],[172856.468,558452.464],[172858.626,558447.158],[172860.363,558444.803],[172863.257,558440.877]]]}},{"type":"Feature","properties":{"relatieveHoogteligging":0,"lokaalID":"W0653.5f92b1300e62465ebe520c0df7dfd917","bgt_status":"bestaand","class":"waterloop","objecttype":"Waterdeel"},"geometry":{"type":"Polygon","coordinates":[[[172810.635,558310.491],[172819.593,558309.291],[172830.213,558308.737],[172834.091,558309.199],[172838.524,558315.386],[172849.421,558330.531],[172853.207,558336.902],[172857.547,558347.061],[172859.209,558355.556],[172861.61,558374.026],[172865.858,558421.769],[172866.505,558429.618],[172866.738,558436.961],[172865.565,558441.091],[172863.702,558443.756],[172863.257,558440.877],[172864.112,558438.363],[172863.423,558426.406],[172862.964,558420.084],[172861.001,558399.305],[172858.707,558377.43],[172855.793,558352.047],[172855.239,558347.338],[172847.758,558332.932],[172833.445,558313.539],[172830.305,558312.8],[172813.683,558313.724],[172803.617,558315.109],[172803.799,558317.738],[172801.92,558317.442],[172800.754,558306.243],[172799.461,558304.951],[172798.445,558304.951],[172798.168,558301.811],[172802.047,558301.349],[172803.894,558301.903],[172804.817,558303.935],[172806.48,558308.09],[172808.049,558309.476],[172810.635,558310.491]]]}},{"type":"Feature","properties":{"relatieveHoogteligging":0,"lokaalID":"G1900.ffa2a0980efa4456aad311079f1e6c9d","bgt_status":"bestaand","class":"waterloop","objecttype":"Waterdeel"},"geometry":{"type":"Polygon","coordinates":[[[172960.426,558433.708],[172948.975,558446.315],[172940.272,558456.539],[172935.776,558462.857],[172923.05,558476.414],[172913.395,558486.7],[172911.613,558483.716],[172918.602,558476.318],[172930.915,558465.176],[172933.33,558462.991],[172937.965,558455.495],[172944.29,558448.531],[172951.872,558440.184],[172958.127,558433.298],[172959.135,558432.188],[172960.426,558433.708]]]}},{"type":"Feature","properties":{"relatieveHoogteligging":0,"lokaalID":"W0653.15eaeac8f272451198daf7620905c1b1","bgt_status":"bestaand","class":"waterloop","objecttype":"Waterdeel"},"geometry":{"type":"Polygon","coordinates":[[[172568.445,558390.067],[172557.17,558391.9],[172547.621,558392.958],[172537.825,558394.861],[172527.515,558395.813],[172513.152,558398.819],[172503.717,558400.793],[172498.168,558404.31],[172492.195,558409.813],[172484.446,558419.776],[172483.719,558420.04],[172482.859,558419.709],[172481.933,558419.18],[172481.536,558418.254],[172481.536,558417.394],[172485.571,558412.037],[172491.987,558403.834],[172495.427,558400.726],[172497.742,558399.072],[172500.454,558397.683],[172502.835,558396.36],[172503.298,558396.294],[172510.64,558394.508],[172512.294,558394.309],[172518.512,558392.987],[172519.967,558392.523],[172522.546,558391.796],[172526.978,558391.134],[172532.204,558390.804],[172536.503,558390.407],[172542.523,558389.613],[172546.425,558388.819],[172554.561,558387.166],[172572.421,558383.461],[172575.529,558382.8],[172576.852,558382.602],[172578.771,558382.668],[172581.02,558383.329],[172583.864,558384.255],[172585.914,558384.983],[172587.7,558384.983],[172589.817,558384.718],[172590.941,558384.454],[172601.26,558378.699],[172613.166,558372.547],[172620.046,558368.976],[172621.699,558368.248],[172622.956,558367.785],[172625.536,558366.264],[172626.991,558365.205],[172627.785,558364.213],[172628.204,558363.135],[172628.194,558362.229],[172627.81,558327.031],[172627.226,558323.324],[172625.863,558322.771],[172590.161,558326.535],[172562.228,558328.386],[172532.313,558329.602],[172497.925,558329.233],[172486.369,558328.957],[172480.45,558328.816],[172471.989,558328.615],[172466.07,558328.474],[172460.15,558328.333],[172458.214,558327.347],[172458.353,558322.48],[172491.615,558323.432],[172529.177,558323.291],[172564.448,558322.339],[172601.722,558320.027],[172625.541,558317.912],[172642.073,558316.17],[172658.965,558314.689],[172669.13,558313.797],[172684.571,558311.987],[172685.021,558315.825],[172666.583,558317.986],[172658.965,558318.879],[172651.918,558319.705],[172645.857,558320.088],[172640.793,558321.242],[172636.132,558321.679],[172632.91,558321.982],[172631.529,558322.785],[172631.783,558333.626],[172632.181,558350.596],[172632.12,558356.196],[172632.603,558362.603],[172632.603,558365.383],[172632.603,558368.592],[172632.979,558369.601],[172631.202,558371.185],[172630.306,558369.856],[172629.326,558369.447],[172627.346,558370.481],[172619.051,558374.812],[172614.138,558377.048],[172611.319,558378.982],[172604.488,558382.793],[172598.533,558385.57],[172591.708,558388.753],[172586.938,558390.483],[172584.822,558391.453],[172585.569,558393.084],[172582.856,558394.144],[172582.081,558393.134],[172580.038,558389.679],[172577.219,558388.656],[172574.788,558388.48],[172568.445,558390.067]]]}},{"type":"Feature","properties":{"relatieveHoogteligging":0,"lokaalID":"W0653.9465ed92ad9647b486cfe46f694bc300","bgt_status":"bestaand","class":"waterloop","objecttype":"Waterdeel"},"geometry":{"type":"Polygon","coordinates":[[[172599.928,558588.455],[172604.267,558592.714],[172604.056,558593.772],[172603.579,558594.301],[172602.786,558594.778],[172601.804,558595.339],[172596.347,558589.221],[172593.599,558586.859],[172589.089,558586.436],[172586.627,558586.849],[172575.282,558586.126],[172561.788,558585.2],[172553.189,558583.546],[172542.738,558579.974],[172532.465,558577.375],[172527.743,558577.305],[172522.846,558578.973],[172518.195,558582.205],[172507.589,558589.574],[172502.233,558590.843],[172498.639,558592.253],[172496.283,558594.414],[172494.042,558593.341],[172495.576,558591.354],[172496.21,558589.203],[172495.931,558586.688],[172496.548,558585.807],[172497.09,558585.68],[172498.677,558586.077],[172501.323,558587.267],[172503.241,558587.664],[172504.895,558587.73],[172505.821,558587.664],[172507.715,558586.752],[172515.412,558580.851],[172518.521,558578.734],[172522.291,558576.684],[172526.855,558574.832],[172529.369,558573.773],[172533.073,558571.723],[172537.068,558568.25],[172537.521,558568.432],[172539.96,558569.413],[172538.016,558571.971],[172538.227,558574.246],[172539.391,558575.04],[172550.98,558579.061],[172557.648,558580.966],[172568.866,558582.448],[172577.809,558583.401],[172586.117,558583.665],[172591.514,558583.824],[172596.224,558584.618],[172597.996,558586.169],[172599.928,558588.455]]]}},{"type":"Feature","properties":{"relatieveHoogteligging":0,"lokaalID":"G1900.0a6c77f96ed84b899fc78f5c2a4e2d47","bgt_status":"bestaand","class":"waterloop","objecttype":"Waterdeel"},"geometry":{"type":"Polygon","coordinates":[[[172589.162,558513.086],[172591.135,558514.39],[172573.114,558533.015],[172550.146,558557.57],[172540.058,558569.293],[172539.96,558569.413],[172537.521,558568.432],[172537.068,558568.25],[172543.127,558561.801],[172551.197,558553.268],[172563.037,558540.502],[172581.756,558520.063],[172588.834,558512.919],[172589.162,558513.086]]]}},{"type":"Feature","properties":{"relatieveHoogteligging":0,"lokaalID":"G1900.8604a20b6d054edf9c2dc311d14fb208","bgt_status":"bestaand","class":"waterloop","objecttype":"Waterdeel"},"geometry":{"type":"Polygon","coordinates":[[[172615.701,558593.24],[172624.73,558583.783],[172632.164,558575.533],[172646.54,558561.148],[172651.227,558556.213],[172652.697,558555.585],[172653.799,558556.671],[172635.388,558575.365],[172624.36,558587.282],[172617.043,558594.707],[172615.701,558593.24]]]}},{"type":"Feature","properties":{"relatieveHoogteligging":0,"lokaalID":"G1900.36fc242085fa4a6bb22b8ad1a0cd50ab","bgt_status":"bestaand","class":"waterloop","objecttype":"Waterdeel"},"geometry":{"type":"Polygon","coordinates":[[[172632.979,558369.601],[172633.363,558370.63],[172635.077,558372.195],[172638.379,558374.221],[172640.542,558374.809],[172643.119,558376.259],[172644.926,558376.363],[172647.572,558376.167],[172649.254,558374.949],[172651.29,558381.545],[172651.967,558381.336],[172652.469,558382.961],[172652.883,558382.875],[172653.072,558383.788],[172653.601,558386.344],[172654.694,558386.988],[172659.978,558387.34],[172662.127,558386.882],[172662.545,558386.112],[172662.339,558381.206],[172662.198,558377.856],[172663.431,558375.6],[172664.758,558374.518],[172666.68,558374.284],[172694.685,558370.876],[172705.115,558369.607],[172713.853,558369.148],[172716.425,558369.324],[172716.038,558370.629],[172683.578,558373.721],[172668.477,558376.018],[172664.128,558377.348],[172663.564,558377.831],[172663.725,558386.011],[172663.645,558387.582],[172665.074,558390.262],[172667.793,558393.304],[172669.323,558394.553],[172670.148,558395.056],[172671.981,558395.036],[172674.638,558394.512],[172677.135,558394.351],[172679.35,558394.714],[172680.981,558396.023],[172682.733,558399.992],[172684.303,558404.908],[172685.451,558411.516],[172685.31,558414.477],[172683.335,558417.347],[172676.068,558425.195],[172672.766,558428.761],[172670.209,558430.977],[172668.92,558430.554],[172668.905,558429.186],[172674.357,558423.543],[172680.78,558416.895],[172682.491,558414.336],[172682.874,558411.959],[172680.88,558404.324],[172679.647,558397.766],[172679.052,558397.537],[172676.696,558396.631],[172674.763,558396.731],[172671.864,558397.215],[172669.669,558397.114],[172666.488,558395.744],[172663.528,558392.078],[172661.636,558389.197],[172658.474,558389.076],[172653.823,558389.418],[172651.025,558392.037],[172648.488,558393.024],[172643.313,558393.891],[172640.152,558394.153],[172637.756,558393.588],[172635.017,558391.252],[172633.387,558388.169],[172633.588,558384.241],[172633.89,558382.286],[172637.273,558378.459],[172638.639,558375.98],[172635.34,558374.49],[172632.596,558373.25],[172631.393,558371.468],[172631.202,558371.185],[172632.979,558369.601]]]}},{"type":"Feature","properties":{"relatieveHoogteligging":0,"lokaalID":"W0653.ad2222910ae8421e8609e3d34a9c1cbb","bgt_status":"bestaand","class":"waterloop","objecttype":"Waterdeel"},"geometry":{"type":"Polygon","coordinates":[[[172699.795,558770.734],[172708.467,558784.666],[172710.969,558788.685],[172710.863,558790.236],[172710.017,558791.682],[172708.537,558791.823],[172707.551,558790.624],[172706.881,558788.896],[172699.27,558777.438],[172696.827,558771.639],[172695.558,558769.273],[172694.549,558769.814],[172689.704,558772.413],[172688.278,558769.434],[172691.103,558767.486],[172695.684,558763.82],[172700.969,558756.945],[172705.303,558750.493],[172715.204,558737.73],[172720.455,558731.56],[172721.302,558729.998],[172721.347,558728.929],[172721.347,558727.143],[172720.355,558725.675],[172708.687,558715.832],[172693.605,558702.615],[172682.752,558693.625],[172673.354,558685.194],[172669.106,558681.87],[172667.498,558680.425],[172666.783,558679.684],[172662.996,558675.993],[172662.239,558675.407],[172664.291,558674.452],[172665.149,558673.191],[172665.588,558673.902],[172665.976,558674.306],[172668.501,558677.563],[172669.416,558678.142],[172670.871,558679.796],[172672.583,558681.454],[172701.241,558705.821],[172714.204,558716.842],[172721.004,558722.624],[172723.4,558724.246],[172725.55,558724.915],[172727.422,558724.757],[172730.443,558728.276],[172727.789,558730.232],[172717.254,558740.175],[172707.978,558752.276],[172700.896,558763.805],[172699.839,558766.308],[172699.31,558768.635],[172699.795,558770.734]]]}},{"type":"Feature","properties":{"relatieveHoogteligging":0,"lokaalID":"G1900.6bd65f448f794d2eb6cea35fa579a1db","bgt_status":"bestaand","class":"waterloop","objecttype":"Waterdeel"},"geometry":{"type":"Polygon","coordinates":[[[172758.812,558561.051],[172760.836,558561.421],[172757.982,558565.863],[172740.317,558583.991],[172724.403,558601.683],[172707.912,558620.017],[172699.456,558630.77],[172691.026,558640.109],[172687.692,558643.442],[172673.829,558659.092],[172671.458,558657.273],[172688.891,558639.017],[172697.788,558628.745],[172700.731,558624.86],[172704.851,558619.915],[172710.973,558612.97],[172715.794,558607.546],[172721.901,558601.19],[172735.521,558585.953],[172742.443,558578.732],[172751.676,558569.101],[172753.4,558566.848],[172755.337,558564.301],[172757.559,558561.02],[172758.812,558561.051]]]}},{"type":"Feature","properties":{"relatieveHoogteligging":0,"lokaalID":"G1900.e4861bdb9fd14a54a712111c0b8f4b6f","bgt_status":"bestaand","class":"waterloop","objecttype":"Waterdeel"},"geometry":{"type":"Polygon","coordinates":[[[172892.667,558765.403],[172892.781,558765.508],[172892.892,558765.614],[172893.003,558765.722],[172893.111,558765.831],[172893.218,558765.942],[172893.323,558766.055],[172893.426,558766.17],[172893.527,558766.286],[172893.627,558766.403],[172893.725,558766.522],[172893.821,558766.643],[172893.915,558766.765],[172894.007,558766.889],[172894.097,558767.014],[172894.185,558767.14],[172894.271,558767.268],[172894.356,558767.397],[172894.438,558767.527],[172894.518,558767.659],[172894.596,558767.792],[172894.672,558767.926],[172894.746,558768.061],[172894.818,558768.197],[172894.887,558768.335],[172894.955,558768.473],[172895.02,558768.613],[172895.084,558768.753],[172895.144,558768.895],[172895.24,558769.13],[172904.75,558881.73],[172904.68,558887.86],[172897.5,558945.8],[172897.456,558945.933],[172897.41,558946.065],[172897.362,558946.196],[172897.312,558946.327],[172897.259,558946.456],[172897.204,558946.585],[172897.147,558946.712],[172897.088,558946.839],[172897.027,558946.965],[172896.963,558947.089],[172896.897,558947.213],[172896.829,558947.335],[172896.76,558947.456],[172896.688,558947.576],[172896.613,558947.694],[172896.538,558947.812],[172896.459,558947.928],[172896.379,558948.043],[172896.297,558948.156],[172896.214,558948.268],[172896.128,558948.378],[172896.04,558948.487],[172895.95,558948.594],[172895.859,558948.7],[172895.766,558948.804],[172895.671,558948.907],[172895.492,558948.949],[172895.256,558948.984],[172894.809,558949.075],[172894.253,558949.552],[172893.688,558949.844],[172892.823,558950.188],[172892.197,558950.532],[172891.379,558950.758],[172890.396,558950.806],[172889.593,558950.868],[172888.826,558950.85],[172886.39,558950.338],[172885.64,558950.056],[172884.757,558949.588],[172884.025,558948.996],[172883.319,558948.29],[172882.463,558947.451],[172881.854,558946.806],[172881.291,558946.36],[172880.909,558945.045],[172880.643,558939.958],[172880.72,558933.877],[172885.36,558890.83],[172885.81,558888],[172886.34,558884.11],[172886.53,558880.49],[172886.77,558876.1],[172886.46,558872.18],[172881.17,558833.36],[172880.9,558831.57],[172880.5,558830.1],[172879.71,558828.37],[172878.94,558826.98],[172878.07,558825.4],[172876.8,558823.71],[172875.6,558822.11],[172874.04,558820.79],[172872.46,558819.51],[172870.71,558818.4],[172868.77,558817.57],[172866.73,558816.88],[172864.07,558816.35],[172861.25,558816.07],[172858.31,558815.69],[172855.36,558814.92],[172852.94,558814.28],[172850.81,558813.59],[172849.03,558812.82],[172847.1,558811.51],[172844.98,558810.11],[172841.98,558807.65],[172838.48,558804.05],[172835.09,558799.08],[172829.44,558792.31],[172828.26,558791.16],[172826.6,558789.67],[172824.54,558788.66],[172822.69,558787.97],[172820.81,558787.68],[172818.05,558787.74],[172814.12,558788.1],[172788.92,558794.39],[172694.48,558821.69],[172678.99,558826.04],[172675.62,558827],[172668.78,558830.46],[172665.77,558832.53],[172662.82,558834.54],[172659.41,558836.69],[172655.4,558838.88],[172651.99,558840.92],[172648.53,558843.23],[172641.79,558847.11],[172636.47,558850.06],[172630.87,558853.07],[172617.6,558859.69],[172612.85,558861.39],[172609.08,558862.19],[172604.05,558863.37],[172596.1,558865.04],[172587.99,558866.25],[172582.01,558866.6],[172576.47,558866.52],[172572.44,558866.61],[172568.42,558867.21],[172564.88,558867.87],[172562.43,558868.83],[172560.39,558869.99],[172559.26,558870.75],[172558.76,558871.82],[172558.37,558872.76],[172557.9,558874.69],[172557.64,558877.33],[172557.69,558879.9],[172558.25,558881.83],[172559.03,558884.2],[172559.38,558886.1],[172559.55,558888.26],[172559.73,558890.1],[172559.69,558891.88],[172557.81,558896.37],[172557.14,558897.29],[172555.73,558898.27],[172554.91,558898.88],[172553.33,558899.09],[172552.39,558899.29],[172551.3,558899.35],[172550.76,558899.35],[172515.87,558906.8],[172514.01,558906.92],[172511.62,558906.94],[172508.65,558906.4],[172505.41,558906.26],[172489.32,558906.22],[172486.018,558906.817],[172484.414,558894.946],[172496.869,558889.507],[172510.869,558884.16],[172520.848,558881.273],[172531.111,558877.582],[172541.564,558873.181],[172547.097,558870.105],[172550.692,558869.49],[172557.408,558866.13],[172566.441,558862.297],[172574.718,558859.836],[172579.824,558858.318],[172587.142,558856.143],[172592.469,558854.559],[172597.041,558852.36],[172600.919,558851.555],[172609.102,558848.337],[172618.819,558844.516],[172630.763,558839.109],[172639.804,558835.017],[172652.424,558830.118],[172658.822,558827.635],[172666.02,558824.841],[172674.424,558821.578],[172681.28,558818.917],[172689.362,558816.726],[172704.741,558812.558],[172717.26,558809.164],[172735.273,558803.605],[172743.783,558800.978],[172758.018,558796.584],[172772.839,558791.247],[172787.642,558787.177],[172794.689,558786.42],[172803.25,558784.574],[172838.832,558775.895],[172851.616,558772.777],[172869.247,558768.477],[172889.139,558764.068],[172892.667,558765.403]]]}},{"type":"Feature","properties":{"relatieveHoogteligging":0,"lokaalID":"G1900.69f74bc0e3604a8a8c8979cf59f766dc","bgt_status":"bestaand","class":"waterloop","objecttype":"Waterdeel"},"geometry":{"type":"Polygon","coordinates":[[[172688.278,558769.434],[172689.704,558772.413],[172688.568,558773.022],[172679.812,558779.315],[172654.51,558808.816],[172641.191,558823.236],[172634.355,558829.582],[172633.166,558829.789],[172632.582,558829.164],[172633.035,558827.523],[172638.602,558821.781],[172643.183,558817.056],[172648.327,558810.393],[172651.745,558807.396],[172665.91,558791.108],[172675.74,558780.249],[172680.568,558775.348],[172684.761,558771.858],[172688.278,558769.434]]]}},{"type":"Feature","properties":{"relatieveHoogteligging":0,"lokaalID":"W0653.2c1a201206394efeb04dd152fc9c591f","bgt_status":"bestaand","class":"waterloop","objecttype":"Waterdeel"},"geometry":{"type":"Polygon","coordinates":[[[172659.262,558675.208],[172656.628,558677.171],[172654.735,558675.966],[172654.214,558675.635],[172658.642,558671.026],[172661.013,558667.174],[172662.219,558664.782],[172662.388,558663.86],[172661.763,558663.054],[172663.557,558660.987],[172664.696,558659.675],[172665.682,558660.066],[172666.012,558660.193],[172667.93,558660.198],[172669.212,558659.625],[172670.809,558657.952],[172671.458,558657.273],[172673.829,558659.092],[172671.267,558662.042],[172666.722,558666.202],[172664.396,558670.397],[172665.149,558673.191],[172664.291,558674.452],[172662.239,558675.407],[172660.354,558674.977],[172659.262,558675.208]]]}},{"type":"Feature","properties":{"relatieveHoogteligging":0,"lokaalID":"G1900.746c557a90c34f8b9c9f622bec72ac20","bgt_status":"bestaand","class":"waterloop","objecttype":"Waterdeel"},"geometry":{"type":"Polygon","coordinates":[[[172654.735,558675.966],[172656.628,558677.171],[172646.529,558688.312],[172645.841,558688.603],[172644.148,558687.465],[172644.227,558686.671],[172654.214,558675.635],[172654.735,558675.966]]]}},{"type":"Feature","properties":{"relatieveHoogteligging":0,"lokaalID":"W0653.327f21352de649db8afd02653adfa9fe","bgt_status":"bestaand","class":"waterloop","objecttype":"Waterdeel"},"geometry":{"type":"Polygon","coordinates":[[[172629.504,558626.649],[172642.365,558642.02],[172647.686,558647.626],[172654.139,558652.658],[172659.993,558656.66],[172661.679,558657.85],[172662.432,558658.466],[172664.696,558659.675],[172663.557,558660.987],[172661.763,558663.054],[172660.096,558661.359],[172659.331,558660.794],[172647.987,558651.599],[172643.916,558647.732],[172639.124,558642.577],[172628.739,558629.771],[172622.786,558623.62],[172620.206,558622.594],[172618.114,558623.458],[172616.823,558624.831],[172615.491,558622.597],[172617.066,558620.902],[172617.888,558619.765],[172618.715,558617.549],[172618.506,558616.099],[172615.839,558612.369],[172614.553,558610.749],[172613.77,558610.241],[172613.241,558609.976],[172612.553,558609.368],[172611.362,558608.124],[172611.233,558607.748],[172611.399,558607.599],[172613.749,558605.569],[172614.053,558605.185],[172615.019,558606.204],[172615.695,558606.647],[172616.925,558608.221],[172617.284,558608.59],[172623.585,558618.364],[172629.504,558626.649]]]}},{"type":"Feature","properties":{"relatieveHoogteligging":0,"lokaalID":"L0001.097e457c1ebe400e902480cb4ec91e92","bgt_status":"bestaand","class":"waterloop","objecttype":"Waterdeel"},"geometry":{"type":"Polygon","coordinates":[[[172613.155,558600.221],[172612.697,558602.654],[172612.932,558604.366],[172613.556,558604.948],[172614.053,558605.185],[172613.749,558605.569],[172611.399,558607.599],[172611.233,558607.748],[172610.988,558607.16],[172609.083,558604.991],[172606.417,558600.511],[172607.072,558599.276],[172607.944,558598.721],[172609.129,558597.747],[172610.177,558598.414],[172612.714,558596.369],[172615.701,558593.24],[172617.043,558594.707],[172616.89,558594.862],[172613.155,558600.221]]]}},{"type":"Feature","properties":{"relatieveHoogteligging":0,"lokaalID":"G1900.34a45061a6994c34a726a892b3749579","bgt_status":"bestaand","class":"waterloop","objecttype":"Waterdeel"},"geometry":{"type":"Polygon","coordinates":[[[172641.526,558692.138],[172641.908,558692.843],[172641.803,558693.521],[172641.782,558693.658],[172634.111,558702.297],[172623.084,558714.716],[172610.142,558729.291],[172599.97,558740.747],[172579.32,558763.395],[172563.464,558779.648],[172551.026,558794.315],[172536.861,558811.767],[172535.495,558813.45],[172534.616,558814.532],[172532.104,558815.363],[172531.68,558815.503],[172531.47,558812.19],[172531.352,558810.342],[172533.654,558809.545],[172536.654,558807.815],[172540.557,558803.582],[172550.479,558791.014],[172568.735,558770.509],[172577.241,558762.584],[172588.763,558750.28],[172594.294,558743.746],[172604.401,558731.84],[172616.889,558717.605],[172633.759,558699.476],[172639.438,558692.944],[172640.761,558691.977],[172641.526,558692.138]]]}},{"type":"Feature","properties":{"relatieveHoogteligging":0,"lokaalID":"G1900.85b56c0055844660bcb5db58c90c4579","bgt_status":"bestaand","class":"waterloop","objecttype":"Waterdeel"},"geometry":{"type":"Polygon","coordinates":[[[172616.823,558624.831],[172606.275,558636.045],[172598.39,558645.47],[172596.7,558644.03],[172608.167,558629.837],[172615.491,558622.597],[172616.823,558624.831]]]}},{"type":"Feature","properties":{"relatieveHoogteligging":0,"lokaalID":"G1900.fdec8a91f8974c7da63cfd49403869f6","bgt_status":"bestaand","class":"waterloop","objecttype":"Waterdeel"},"geometry":{"type":"Polygon","coordinates":[[[172541.049,558817.469],[172541.794,558816.966],[172543.767,558818.275],[172574.405,558845.03],[172580.254,558850.988],[172578.492,558852.504],[172578.341,558852.608],[172576.515,558850.932],[172565.077,558840.436],[172545.519,558823.332],[172540.908,558820.229],[172539.861,558818.537],[172541.049,558817.469]]]}},{"type":"Feature","properties":{"relatieveHoogteligging":0,"lokaalID":"G1900.001c8c22061d4ebe88cb8437f57bc326","bgt_status":"bestaand","class":"waterloop","objecttype":"Waterdeel"},"geometry":{"type":"Polygon","coordinates":[[[172486.305,558772.674],[172484.05,558773.979],[172459.336,558800.923],[172436.935,558825.858],[172407.769,558859.607],[172384.954,558882.312],[172353.198,558917.85],[172332.233,558940.493],[172309.25,558967.385],[172293.691,558984.566],[172293.369,558984.683],[172292.874,558984.672],[172292.391,558984.453],[172292.293,558983.031],[172295.253,558979.999],[172301.869,558971.936],[172306.035,558967.448],[172314.875,558957.927],[172320.764,558950.631],[172327.423,558942.381],[172340.249,558929.196],[172354.522,558912.657],[172365.266,558900.991],[172380.171,558884.808],[172390.738,558873.957],[172405.091,558858.373],[172418.508,558843.805],[172424.917,558836.846],[172438.134,558821.277],[172447.445,558810.308],[172460.874,558795.549],[172466.816,558789.018],[172476.118,558778.793],[172482.954,558771.848],[172483.905,558770.543],[172483.2,558767.229],[172468.626,558754.894],[172454.72,558742.365],[172442.714,558731.55],[172432.813,558722.631],[172427.14,558717.095],[172416.781,558708.035],[172411.637,558702.852],[172408.747,558700.49],[172405.893,558700.243],[172399.022,558708.14],[172389.565,558716.584],[172386.725,558719.493],[172377.775,558728.659],[172373.124,558732.361],[172365.83,558740.364],[172362.307,558745.089],[172353.11,558755.278],[172346.451,558761.588],[172339.051,558769.239],[172324.922,558785.633],[172316.641,558795.963],[172311.32,558801.718],[172306.705,558807.421],[172300.856,558814.649],[172294.866,558820.924],[172293.015,558823.044],[172291.4,558821.459],[172291.116,558821.18],[172295.437,558817.019],[172304.856,558805.165],[172311.947,558796.963],[172320.414,558787.068],[172330.415,558775.161],[172335.23,558769.499],[172341.633,558762.779],[172346.237,558758.387],[172351.423,558752.989],[172362.006,558741.189],[172364.599,558737.696],[172368.674,558733.569],[172373.965,558728.33],[172380.474,558722.245],[172383.173,558719.175],[172389.893,558713.037],[172395.714,558707.163],[172401.853,558700.813],[172403.281,558699.279],[172405.557,558696.051],[172410.055,558689.965],[172414.764,558684.039],[172416.511,558681.552],[172421.538,558676.366],[172429.105,558667.423],[172431.751,558664.142],[172434.979,558659.591],[172438.471,558655.411],[172442.122,558651.389],[172446.144,558647.632],[172449.901,558643.504],[172458.315,558634.032],[172461.913,558629.799],[172465.512,558624.984],[172469.008,558620.652],[172476.201,558612.178],[172481.175,558606.304],[172483.715,558603.446],[172488.795,558597.679],[172491.494,558594.98],[172493.437,558593.051],[172494.042,558593.341],[172496.283,558594.414],[172487.273,558602.678],[172480.178,558611.246],[172464.812,558629.801],[172454.594,558642.14],[172449.119,558647.296],[172439.654,558657.759],[172435.954,558661.848],[172429.401,558670.874],[172414.418,558688.206],[172410.19,558694.089],[172409.042,558695.862],[172409.042,558697.675],[172410.633,558699.589],[172449.995,558735.382],[172472.334,558754.738],[172482.165,558763.869],[172484.807,558766.055],[172487.098,558766.654],[172489.529,558764.786],[172501.501,558750.404],[172511.939,558739.19],[172523.884,558726.357],[172534.631,558714.088],[172541.22,558707.213],[172549.571,558697.13],[172559.56,558686.382],[172566.871,558677.809],[172573.637,558669.877],[172586.744,558655.88],[172593.574,558648.139],[172595.379,558649.744],[172585.159,558659.97],[172573.214,558672.556],[172561.642,558686.281],[172549.535,558699.95],[172539.388,558711.408],[172529.801,558721.566],[172520.29,558732.809],[172513.117,558741.287],[172509.437,558745.043],[172498.831,558755.866],[172491.749,558764.116],[172489.952,558766.443],[172489.001,558768.84],[172489.212,558770.85],[172521.558,558799.76],[172526.28,558803.885],[172526.842,558805.556],[172526.597,558806.388],[172525.399,558806.035],[172491.238,558774.966],[172487.785,558772.604],[172486.305,558772.674]]]}},{"type":"Feature","properties":{"relatieveHoogteligging":0,"lokaalID":"G1900.bfb14c0fb22c4e2c9564945e908a8c2c","bgt_status":"bestaand","class":"waterloop","objecttype":"Waterdeel"},"geometry":{"type":"Polygon","coordinates":[[[172484.414,558894.946],[172486.018,558906.817],[172484.01,558907.18],[172478.52,558908.28],[172467.14,558911.14],[172463.11,558912.63],[172458.3,558914.39],[172454.58,558916.09],[172450.17,558917.92],[172445.96,558920.25],[172441.47,558922.84],[172437.7,558924.99],[172434.18,558927.16],[172429.98,558929.77],[172425.59,558932.95],[172422.34,558935.52],[172419.29,558938.2],[172415.73,558941.36],[172412.01,558945.01],[172408.72,558947.68],[172405.86,558950.97],[172403.66,558954.2],[172402.6,558956.26],[172400.14,558959.77],[172398.62,558962.39],[172396.58,558965.3],[172394.56,558967.91],[172393.71,558969.39],[172389.65,558975],[172389.18,558975.7],[172386.64,558979.5],[172386.01,558980.43],[172385.58,558981.27],[172385.18,558982.18],[172384.85,558983.07],[172384.72,558983.47],[172384.6,558984.04],[172384.45,558984.74],[172384.39,558985.26],[172384.34,558985.86],[172384.41,558986.84],[172384.47,558987.49],[172384.58,558988.07],[172384.566,558988.705],[172384.611,558989.53],[172367.176,558949.97],[172367.941,558949.369],[172375.414,558946.057],[172384.4,558941.514],[172400.636,558933.306],[172419.779,558923.628],[172429.993,558919.225],[172438.491,558915.562],[172448.131,558911.407],[172459.553,558905.549],[172472.323,558900.864],[172483.106,558895.517],[172484.414,558894.946]]]}},{"type":"Feature","properties":{"relatieveHoogteligging":0,"lokaalID":"G1900.578fe3d8c43042c58d735a7b3e3ae535","bgt_status":"bestaand","class":"waterloop","objecttype":"Waterdeel"},"geometry":{"type":"Polygon","coordinates":[[[172384.357,558991.188],[172384.28,558992.378],[172384.991,558993.529],[172386.14,558994.796],[172389.12,559000],[172390.34,559002.75],[172394.59,559012.79],[172400.42,559026.02],[172407.18,559040.71],[172407.3,559041.02],[172407.34,559041.24],[172407.35,559041.62],[172407.34,559041.99],[172407.31,559042.27],[172407.24,559042.72],[172407.11,559043.01],[172406.95,559043.38],[172406.74,559043.63],[172406.51,559043.82],[172406.15,559044.01],[172405.85,559044.2],[172405.29,559044.41],[172404.91,559044.6],[172404.51,559044.73],[172404.08,559044.8],[172403.85,559044.82],[172403.48,559044.8],[172403.05,559044.79],[172402.65,559044.75],[172402.36,559044.72],[172402.06,559044.66],[172401.71,559044.52],[172401.32,559044.26],[172401.08,559043.98],[172400.79,559043.62],[172387.4,559014.9],[172387.09,559014.21],[172386.73,559013.6],[172386.43,559013.04],[172386.02,559012.5],[172385.58,559011.94],[172385.05,559011.36],[172382,559007.95],[172381.82,559007.76],[172380.48,559006.24],[172379.11,559004.83],[172375.973,559001.158],[172375.335,558999.603],[172370.168,558993.861],[172367.877,558992.455],[172354.682,558989.751],[172350.714,558988.938],[172345.962,558962.135],[172349.312,558960.296],[172353.091,558959.591],[172358.719,558957.603],[172362.219,558953.865],[172367.176,558949.97],[172384.611,558989.53],[172384.357,558991.188]]]}},{"type":"Feature","properties":{"relatieveHoogteligging":0,"lokaalID":"W0653.a8503e0f562f453fbc8683a4bed16195","bgt_status":"bestaand","class":"waterloop","objecttype":"Waterdeel"},"geometry":{"type":"Polygon","coordinates":[[[172288.591,558602.489],[172289.885,558602.802],[172294.298,558603.87],[172293.606,558606.463],[172287.973,558605.195],[172288.591,558602.489]]]}},{"type":"Feature","properties":{"relatieveHoogteligging":0,"lokaalID":"G1900.48b249184b15469b919f42669e9aa8e7","bgt_status":"bestaand","class":"waterloop","objecttype":"Waterdeel"},"geometry":{"type":"Polygon","coordinates":[[[172343.066,558405.672],[172343.48,558403.63],[172343.922,558403.519],[172345.467,558402.951],[172346.348,558401.047],[172347.026,558391.337],[172348.485,558383.269],[172350.153,558374.041],[172352.69,558360.009],[172354.981,558344.426],[172357.271,558328.843],[172358.573,558321.866],[172361.777,558322.517],[172359.555,558333.282],[172357.194,558347.666],[172355.538,558359.811],[172352.86,558374.461],[172351.204,558383.522],[172349.109,558399.32],[172348.907,558402.604],[172349.491,558404.075],[172349.934,558404.76],[172351.605,558405.243],[172355.693,558405.404],[172365.478,558407.762],[172374.881,558409.575],[172384.782,558410.804],[172399.194,558413.589],[172416.036,558416.339],[172428.932,558418.842],[172433.971,558419.124],[172437.844,558420.472],[172437.671,558421.803],[172425.341,558420.204],[172403.95,558416.339],[172387.953,558413.448],[172371.404,558411.192],[172361.562,558408.935],[172354.797,558407.384],[172350.04,558407.419],[172348.243,558407.913],[172347.468,558409.957],[172343.134,558434.919],[172340.42,558453.005],[172337.672,558469.152],[172336.368,558479.271],[172336.756,558481.844],[172337.637,558483.149],[172339.892,558484.066],[172358.109,558488.402],[172370.97,558490.024],[172383.866,558490.271],[172399.828,558491.857],[172410.234,558492.246],[172407.481,558495.84],[172394.852,558495.377],[172383.26,558493.79],[172373.676,558493.262],[172361.858,558491.653],[172352.638,558489.913],[172334.141,558486.422],[172328.718,558485.398],[172329.429,558481.985],[172331.463,558482.015],[172332.837,558481.38],[172333.577,558479.476],[172335.653,558463.809],[172338.933,558444.926],[172341.737,558428.781],[172342.915,558420.458],[172344.007,558412.737],[172344.395,558408.682],[172343.901,558405.827],[172343.066,558405.672]]]}},{"type":"Feature","properties":{"relatieveHoogteligging":0,"lokaalID":"W0653.c591350ec2854824bedcfd7944cdcaa3","bgt_status":"bestaand","class":"waterloop","objecttype":"Waterdeel"},"geometry":{"type":"Polygon","coordinates":[[[172413.479,558506.977],[172413.484,558507.351],[172413.514,558509.762],[172414.783,558511.666],[172414.219,558513.323],[172412.598,558514.063],[172409.744,558513.64],[172408.047,558513.787],[172407.7,558513.817],[172396.954,558520.797],[172386.25,558528.593],[172380.358,558533.736],[172372.077,558540.964],[172368.131,558544.736],[172360.978,558553.057],[172356.89,558557.392],[172350.125,558563.351],[172342.902,558569.715],[172332.512,558580.179],[172316.658,558597.733],[172307.497,558606.934],[172303.149,558610.472],[172294.687,558620.639],[172271.812,558648.122],[172255.401,558667.839],[172246.24,558677.746],[172243.879,558679.297],[172241.32,558680.051],[172236.303,558679.685],[172232.921,558679.438],[172230.243,558679.791],[172227.107,558680.99],[172223.583,558683.458],[172220.306,558687.512],[172189.548,558720.139],[172187.786,558722.325],[172187.547,558723.361],[172183.384,558727.469],[172182.816,558727.531],[172174.043,558735.464],[172170.131,558738.531],[172168.522,558740.205],[172166.21,558739.401],[172162.501,558738.778],[172162.358,558737.233],[172158.941,558735.365],[172151.99,558733.929],[172143.049,558731.169],[172141.964,558730.834],[172142.953,558726.881],[172144.975,558727.143],[172151.224,558729.16],[172156.686,558730.922],[172165.248,558735.118],[172166.692,558735.435],[172168.701,558734.871],[172174.039,558731.108],[172181.527,558723.06],[172196.255,558707.23],[172205.91,558697.218],[172215.564,558687.205],[172219.194,558683.221],[172223.986,558678.743],[172227.509,558676.558],[172233.746,558675.641],[172239.595,558675.606],[172242.661,558675.112],[172245.409,558674.041],[172252.667,558665.064],[172264.612,558650.292],[172274.216,558638.937],[172285.584,558624.752],[172294.501,558613.626],[172297.496,558609.888],[172297.179,558608.231],[172295.981,558606.997],[172293.606,558606.463],[172294.298,558603.87],[172295.276,558604.106],[172300.562,558605.023],[172303.099,558604.389],[172306.516,558602.026],[172313.951,558595.151],[172325.801,558582.152],[172333.436,558574.562],[172344.324,558563.738],[172351.9,558556.828],[172357.784,558550.905],[172362.435,558545.088],[172366.981,558540.364],[172375.966,558532.889],[172388.052,558523.476],[172391.751,558520.232],[172402.005,558512.652],[172407.572,558507.364],[172410.99,558501.97],[172411.131,558498.268],[172410.468,558495.95],[172408.312,558495.871],[172407.481,558495.84],[172410.234,558492.246],[172413.041,558492.351],[172416.811,558491.681],[172419.102,558490.658],[172425.021,558483.678],[172431.61,558477.473],[172440.404,558468.367],[172447.995,558459.704],[172452.291,558453.873],[172457.207,558447.958],[172466.086,558437.276],[172469.469,558432.798],[172470.385,558430.33],[172469.257,558428.709],[172467.309,558427.037],[172464.85,558426.536],[172465.245,558424.6],[172468.623,558425.289],[172472.428,558426.064],[172473.979,558425.5],[172475.811,558424.231],[172477.361,558424.689],[172478.418,558425.994],[172477.596,558427.854],[172473.979,558432.693],[172467.39,558441.507],[172460.836,558449.087],[172455.797,558455.926],[172447.023,558465.939],[172442.513,558470.487],[172431.097,558483.461],[172422.676,558492.134],[172418.13,558497.317],[172414.994,558502.535],[172413.479,558506.977]]]}},{"type":"Feature","properties":{"relatieveHoogteligging":0,"lokaalID":"W0653.1bdb42b18fed421fbf85272babdca3f2","bgt_status":"bestaand","class":"waterloop","objecttype":"Waterdeel"},"geometry":{"type":"Polygon","coordinates":[[[172418.31,558519.049],[172421.901,558522.365],[172434.357,558531.236],[172440.019,558536.569],[172449.409,558543.671],[172462.915,558552.127],[172470.013,558557.129],[172473.714,558560.556],[172477.001,558565.033],[172482.442,558571.693],[172490.12,558578.85],[172492.661,558581.724],[172492.716,558582.553],[172492.219,558583.133],[172491.052,558583.23],[172489.181,558581.448],[172483.961,558576.473],[172476.186,558567.382],[172469.751,558559.174],[172467.597,558557.102],[172451.274,558547.733],[172440.751,558539.284],[172423.019,558526.158],[172416.695,558520.576],[172416.847,558519.878],[172417.206,558519.076],[172418.31,558519.049]]]}},{"type":"Feature","properties":{"relatieveHoogteligging":0,"lokaalID":"W0653.02f1e971b61c47adb83fcf312dd5ae44","bgt_status":"bestaand","class":"waterloop","objecttype":"Waterdeel"},"geometry":{"type":"Polygon","coordinates":[[[172283.641,558601.291],[172283.071,558604.092],[172277.658,558602.873],[172269.026,558600.204],[172251.443,558598.395],[172241.507,558597.373],[172225.732,558593.919],[172211.133,558591.802],[172189.005,558588.594],[172167.089,558583.905],[172158.808,558582.354],[172151.444,558581.578],[172136.363,558578.44],[172121.282,558575.302],[172117.021,558573.857],[172116.314,558572.623],[172117.548,558571.916],[172142.635,558577.453],[172149.823,558579.039],[172156.425,558579.541],[172170.975,558582.509],[172180.584,558584.469],[172195.174,558587.445],[172211.31,558589.581],[172222.761,558591.097],[172233.779,558593.691],[172240.555,558594.482],[172259.9,558596.738],[172282.025,558600.9],[172283.641,558601.291]]]}},{"type":"Feature","properties":{"relatieveHoogteligging":0,"lokaalID":"G1900.d465cb86106c4d1f928e29a0c9888a94","bgt_status":"bestaand","class":"waterloop","objecttype":"Waterdeel"},"geometry":{"type":"Polygon","coordinates":[[[172343.48,558403.63],[172343.066,558405.672],[172311.866,558399.884],[172273.149,558393.767],[172262.527,558392.089],[172253.522,558390.667],[172241.471,558388.763],[172232.417,558387.887],[172218.181,558384.814],[172200.861,558381.076],[172183.015,558378.398],[172168.921,558376.282],[172150.845,558373.003],[172136.504,558371.205],[172124.242,558369.055],[172109.267,558365.811],[172086.892,558362.109],[172079.317,558360.734],[172068.006,558359.359],[172062.511,558358.22],[172058.211,558357.667],[172058.528,558355.199],[172062.087,558356.221],[172078.562,558358.291],[172089.888,558360.205],[172108.06,558363.278],[172114.517,558364.683],[172126.991,558367.398],[172148.511,558370.191],[172167.512,558373.215],[172192.987,558377.269],[172210.675,558381.218],[172232.637,558385.544],[172247.24,558387.755],[172262.804,558390.113],[172277.501,558392.067],[172289.482,558393.94],[172302.011,558395.9],[172315.067,558398.268],[172326.752,558400.387],[172340.302,558402.845],[172343.48,558403.63]]]}},{"type":"Feature","properties":{"relatieveHoogteligging":0,"lokaalID":"G1900.ce7b7a7a53f04b4a83c97b96a0e79128","bgt_status":"bestaand","class":"waterloop","objecttype":"Waterdeel"},"geometry":{"type":"Polygon","coordinates":[[[172328.718,558485.398],[172303.134,558480.569],[172276.496,558476.092],[172251.549,558471.438],[172228.927,558466.573],[172221.916,558465.48],[172206.976,558461.99],[172197.955,558460.332],[172179.28,558458.852],[172170.612,558458.816],[172162.367,558457.441],[172156.025,558456.913],[172148.449,558455.573],[172136.927,558454.692],[172131.853,558454.515],[172125.335,558453.317],[172109.655,558451.73],[172095.772,558449.403],[172081.824,558447.854],[172069.345,558445.878],[172050.424,558442.881],[172039.641,558440.871],[172027.837,558439.602],[172020.086,558438.051],[172015.716,558437.381],[172016.773,558433.714],[172019.24,558432.163],[172022.658,558417.708],[172024.138,558409.493],[172025.829,558402.654],[172028.754,558394.756],[172032.277,558388.904],[172035.554,558386.436],[172037.461,558385.355],[172037.915,558384.038],[172041.368,558374.026],[172043.095,558367.926],[172046.002,558368.455],[172041.685,558378.997],[172038.725,558386.224],[172033.546,558390.067],[172030.445,558395.638],[172028.155,558401.772],[172025.864,558411.891],[172024.138,558422.82],[172022.482,558430.858],[172022.517,558434.772],[172024.702,558436.112],[172029.846,558437.24],[172053.454,558440.201],[172061.065,558441.823],[172070.649,558442.987],[172081.766,558444.906],[172089.707,558446.017],[172099.295,558447.358],[172107.611,558448.522],[172122.128,558449.438],[172130.479,558450.813],[172139.887,558451.236],[172150.599,558452.435],[172160.147,558454.233],[172166.736,558455.079],[172181.782,558455.502],[172186.116,558456.313],[172192.776,558456.666],[172200.881,558457.612],[172206.911,558458.921],[172216.175,558460.931],[172225.439,558462.941],[172245.911,558467.384],[172262.084,558470.486],[172284.741,558474.329],[172301.806,558476.706],[172314.867,558479.23],[172329.102,558481.98],[172329.429,558481.985],[172328.718,558485.398]]]}},{"type":"Feature","properties":{"relatieveHoogteligging":0,"lokaalID":"W0653.3b40f0ccdce644d59d03fbd6688b47db","bgt_status":"bestaand","class":"waterloop","objecttype":"Waterdeel"},"geometry":{"type":"Polygon","coordinates":[[[172205.191,558918.76],[172203.429,558919.853],[172201.984,558919.43],[172200.117,558918.055],[172198.484,558917.614],[172199.091,558914.98],[172200.258,558915.516],[172202.83,558916.01],[172204.627,558915.587],[172211.221,558907.904],[172219.064,558900.319],[172223.584,558895.949],[172228.834,558890.872],[172233.45,558884.985],[172240.467,558874.68],[172245.113,558869.26],[172252.97,558860.094],[172269.003,558844.088],[172281.229,558831.043],[172284.436,558827.306],[172284.718,558824.45],[172284.612,558822.405],[172277.952,558817.575],[172267.452,558807.774],[172256.588,558798.305],[172252.865,558794.694],[172244.866,558786.938],[172242.218,558783.979],[172238.242,558775.797],[172236.35,558771.902],[172229.577,558765.931],[172211.498,558749.989],[172191.026,558731.938],[172187.573,558729.066],[172185.388,558727.249],[172183.384,558727.469],[172187.547,558723.361],[172187.363,558724.158],[172187.816,558726.113],[172189.139,558727.297],[172195.07,558732.603],[172214.635,558750.107],[172229.611,558763.504],[172237.151,558769.639],[172239.159,558772.107],[172241.274,558777.606],[172243.562,558782.397],[172246.101,558785.081],[172251.703,558791.004],[172263.296,558801.686],[172279.998,558816.318],[172287.288,558821.675],[172288.399,558821.94],[172289.246,558821.94],[172290.251,558821.728],[172291.116,558821.18],[172291.4,558821.459],[172293.015,558823.044],[172292.434,558823.71],[172291.518,558825.296],[172289.021,558826.598],[172282.551,558833.535],[172278.143,558838.262],[172264.951,558852.408],[172254.133,558864.007],[172247.892,558870.193],[172236.938,558884.985],[172232.604,558890.837],[172224.852,558898.417],[172220.712,558904.194],[172210.864,558913.436],[172205.191,558918.76]]]}},{"type":"Feature","properties":{"relatieveHoogteligging":0,"lokaalID":"G1900.5ab54c0130994cc29eb6609f7e97bf59","bgt_status":"bestaand","class":"waterloop","objecttype":"Waterdeel"},"geometry":{"type":"Polygon","coordinates":[[[172345.962,558962.135],[172350.714,558988.938],[172345.71,558987.912],[172338.44,558986.669],[172334.007,558986.263],[172328.953,558986.479],[172325.116,558986.993],[172321.602,558987.858],[172317.602,558989.4],[172301.552,558997.59],[172284.387,559008.437],[172271.037,559016.873],[172268.145,559018.523],[172266.658,559020.226],[172265.902,559022.282],[172265.983,559024.878],[172267.01,559028.826],[172268.929,559033.72],[172270.145,559039.344],[172269.334,559041.075],[172267.145,559042.752],[172252.416,559051.594],[172248.767,559053.595],[172246.038,559054.65],[172243.634,559054.773],[172241.146,559054.271],[172237.524,559053.541],[172232.173,559051.973],[172226.795,559050.053],[172220.768,559048.484],[172217.012,559048.241],[172212.66,559048.701],[172209.174,559049.512],[172206.587,559050.658],[172195.823,559057.705],[172181.024,559067.395],[172178.735,559060.011],[172180.273,559059.014],[172197.062,559048.13],[172207.793,559041.173],[172211.781,559038.589],[172218.109,559036.063],[172227.568,559030.573],[172233.867,559026.918],[172242.514,559020.825],[172250.932,559015.572],[172258.019,559011.15],[172267.084,559005.494],[172271.648,559001.896],[172281.201,558997.353],[172289.26,558993.521],[172294.775,558990.161],[172299.836,558987.984],[172306.646,558983.961],[172312.494,558980.508],[172345.962,558962.135]]]}},{"type":"Feature","properties":{"relatieveHoogteligging":0,"lokaalID":"W0653.819139950c3f4a3995e7b1b48a7d2c9f","bgt_status":"bestaand","class":"waterloop","objecttype":"Waterdeel"},"geometry":{"type":"Polygon","coordinates":[[[172198.308,558927.993],[172195.857,558929.62],[172193.919,558933.216],[172179.056,558950.43],[172169.543,558960.302],[172156.505,558975.638],[172143.257,558990.269],[172133.673,559001.551],[172125.356,559009.717],[172124.882,559010.095],[172124.158,559010.034],[172123.614,559009.309],[172123.513,559008.08],[172136.837,558993.432],[172150.061,558978.295],[172157.596,558969.67],[172172.234,558952.914],[172178.901,558945.283],[172186.716,558935.604],[172193.235,558927.53],[172197.12,558923.674],[172197.769,558923.369],[172198.216,558923.43],[172203.101,558925.309],[172207.329,558928.024],[172213.775,558933.24],[172227.554,558945.898],[172233.579,558951.434],[172234.566,558953.196],[172240.098,558957.427],[172245.207,558960.706],[172256.624,558970.225],[172270.894,558983.094],[172277.906,558989.898],[172278.082,558991.202],[172277.624,558991.908],[172275.933,558992.542],[172265.01,558982.071],[172248.519,558967.334],[172237.786,558958.734],[172223.255,558946.392],[172213.46,558938.072],[172207.294,558933.136],[172204.188,558929.867],[172201.892,558928.215],[172199.658,558927.873],[172198.308,558927.993]]]}},{"type":"Feature","properties":{"relatieveHoogteligging":0,"lokaalID":"G1900.f7931a363fe9415b8908ba7230697207","bgt_status":"bestaand","class":"waterloop","objecttype":"Waterdeel"},"geometry":{"type":"Polygon","coordinates":[[[172199.091,558914.98],[172198.484,558917.614],[172196.593,558917.103],[172192.506,558914.811],[172186.164,558911.991],[172180.068,558908.077],[172170.131,558900.991],[172163.19,558895.42],[172158.398,558890.661],[172156.284,558887.875],[172156.579,558886.488],[172157.129,558885.584],[172158.953,558886.694],[172161.745,558889.638],[172165.022,558893.093],[172172.105,558898.452],[172175.241,558901.273],[172183.063,558905.539],[172185.706,558907.689],[172191.66,558911.391],[172194.162,558912.061],[172196.805,558913.93],[172199.091,558914.98]]]}},{"type":"Feature","properties":{"relatieveHoogteligging":0,"lokaalID":"G1900.86d05e106bff47c9a0b966a894adba76","bgt_status":"bestaand","class":"waterloop","objecttype":"Waterdeel"},"geometry":{"type":"Polygon","coordinates":[[[172157.29,559044.375],[172157.367,559044.182],[172157.56,559043.928],[172157.933,559043.564],[172158.303,559043.25],[172158.411,559043.185],[172161.828,559046.011],[172162.2,559046.416],[172162.437,559046.711],[172162.573,559046.996],[172162.626,559047.171],[172162.621,559047.388],[172161.241,559053.298],[172161.162,559053.909],[172161.132,559054.309],[172161.134,559054.486],[172161.167,559054.659],[172161.287,559055.079],[172161.348,559055.238],[172161.435,559055.385],[172161.735,559055.805],[172161.829,559055.918],[172162.952,559057.079],[172163.292,559057.384],[172163.584,559057.707],[172163.821,559058.048],[172163.943,559058.304],[172163.979,559058.447],[172163.979,559058.65],[172163.958,559058.792],[172163.9,559058.893],[172163.708,559059.039],[172163.564,559059.116],[172163.261,559059.194],[172162.962,559059.194],[172162.75,559059.154],[172162.415,559058.953],[172160.127,559056.612],[172159.657,559056.2],[172159.306,559055.877],[172158.987,559055.549],[172158.726,559055.187],[172158.561,559054.831],[172158.439,559054.291],[172158.411,559053.962],[172159.163,559051.322],[172159.31,559050.694],[172159.437,559050.206],[172159.459,559050.096],[172159.548,559049.438],[172159.567,559048.879],[172159.531,559048.27],[172159.471,559047.79],[172159.412,559047.555],[172159.042,559046.595],[172158.93,559046.383],[172158.61,559045.923],[172158.489,559045.78],[172157.989,559045.29],[172157.428,559044.741],[172157.335,559044.657],[172157.259,559044.522],[172157.29,559044.375]]]}},{"type":"Feature","properties":{"relatieveHoogteligging":0,"lokaalID":"G1900.70403bfc85df46a3a26b2dad6a320a6e","bgt_status":"bestaand","class":"waterloop","objecttype":"Waterdeel"},"geometry":{"type":"Polygon","coordinates":[[[172123.736,559018.274],[172124.795,559019.188],[172127.347,559021.279],[172129.309,559022.953],[172130.352,559023.769],[172130.454,559023.839],[172131.531,559024.485],[172132.679,559025.26],[172132.801,559025.331],[172133.362,559025.604],[172134.43,559026.707],[172134.518,559026.788],[172136.097,559028.069],[172137.535,559029.309],[172137.621,559029.375],[172138.896,559030.254],[172140.044,559031.248],[172141.307,559032.155],[172142.787,559033.159],[172144.447,559034.256],[172146.325,559035.471],[172148.978,559036.972],[172149.991,559037.855],[172150.22,559038.005],[172152.651,559039.156],[172152.984,559039.332],[172153.323,559039.519],[172153.685,559039.779],[172153.819,559039.929],[172154.02,559040.225],[172154.088,559040.438],[172153.368,559042.1],[172153.281,559042.172],[172153.046,559042.191],[172152.184,559041.939],[172150.911,559041.275],[172149.723,559040.656],[172148.389,559039.873],[172146.982,559038.939],[172145.516,559038.038],[172143.969,559037.017],[172142.211,559035.882],[172140.628,559034.893],[172138.932,559033.884],[172137.211,559032.551],[172135.602,559031.302],[172134.152,559030.239],[172132.613,559028.906],[172129.978,559026.956],[172124.772,559022.576],[172122.249,559020.561],[172123.736,559018.274]]]}},{"type":"Feature","properties":{"relatieveHoogteligging":0,"lokaalID":"W0653.e6f0669e117540a780c16a576c7457fa","bgt_status":"bestaand","class":"waterloop","objecttype":"Waterdeel"},"geometry":{"type":"Polygon","coordinates":[[[172118.989,559019.545],[172117.401,559019.863],[172115.972,559020.736],[172115.179,559021.53],[172108.246,559030.793],[172104.194,559035.749],[172101.45,559039.267],[172100.47,559040.595],[172099.767,559041.443],[172099.092,559042.213],[172091.049,559050.184],[172086.762,559053.439],[172083.587,559055.82],[172081.856,559057.042],[172079.416,559059.106],[172077.949,559060.259],[172077.158,559060.424],[172076.761,559060.344],[172076.285,559059.868],[172076.285,559059.312],[172077.317,559057.169],[172080.254,559054.391],[172085.889,559049.311],[172089.779,559045.739],[172093.033,559042.961],[172095.652,559040.024],[172100.256,559035.341],[172102.637,559032.325],[172112.637,559019.813],[172113.967,559018.05],[172114.496,559017.437],[172115.146,559016.768],[172115.729,559016.166],[172116.388,559015.618],[172117.099,559015.056],[172117.73,559014.507],[172118.243,559014.117],[172118.607,559013.953],[172118.881,559013.915],[172121.302,559015.578],[172121.377,559015.744],[172121.722,559016.351],[172121.84,559016.515],[172122.39,559017.135],[172122.504,559017.244],[172123.334,559017.926],[172123.736,559018.274],[172122.249,559020.561],[172122.037,559020.888],[172120.021,559019.466],[172118.989,559019.545]]]}},{"type":"Feature","properties":{"relatieveHoogteligging":0,"lokaalID":"G1900.9f4ed6d9fa574bca9d28f47581a9b61b","bgt_status":"bestaand","class":"waterloop","objecttype":"Waterdeel"},"geometry":{"type":"Polygon","coordinates":[[[172103.261,558823.791],[172113.331,558834.04],[172116.186,558836.79],[172124.501,558843.065],[172134.297,558851.174],[172143.458,558861.998],[172149.413,558870.389],[172152.161,558874.831],[172154.592,558879.872],[172154.442,558881.067],[172152.193,558881.839],[172151.421,558879.59],[172149.836,558874.972],[172140.005,558861.469],[172132.5,558852.937],[172122.07,558844.722],[172113.261,558837.213],[172106.355,558830.479],[172101.619,558826.278],[172103.261,558823.791]]]}},{"type":"Feature","properties":{"relatieveHoogteligging":0,"lokaalID":"W0653.13cf86e9f0314d8ba3785c8951e8ed5a","bgt_status":"bestaand","class":"waterloop","objecttype":"Waterdeel"},"geometry":{"type":"Polygon","coordinates":[[[172168.522,558740.205],[172165.706,558743.134],[172164.776,558744.101],[172150.611,558762.294],[172142.648,558771.46],[172139.089,558776.995],[172133.451,558784.434],[172129.646,558787.537],[172121.4,558793.213],[172117.601,558796.553],[172114.942,558799.862],[172108.046,558808.444],[172102.408,558815.46],[172100.506,558819.056],[172100.999,558821.488],[172103.261,558823.791],[172101.619,558826.278],[172099.836,558824.697],[172096.7,558824.274],[172094.98,558825.123],[172087.909,558833.431],[172083.204,558838.96],[172075.629,558847.86],[172071.789,558852.373],[172067.455,558856.568],[172064.53,558859.847],[172061.923,558864.007],[172052.578,558875.999],[172051.229,558878.457],[172050.242,558880.855],[172050.796,558883.69],[172055.376,558895.536],[172053.826,558901.283],[172051.254,558906.254],[172044.524,558910.767],[172040.225,558914.116],[172036.026,558917.962],[172028.738,558926.244],[172020.951,558935.093],[172012.706,558942.039],[172006.223,558946.199],[172005.236,558946.27],[172004.34,558945.236],[172005.591,558943.207],[172006.842,558941.177],[172001.622,558937.959],[172003.701,558935.553],[172008.061,558938.58],[172010.07,558939.039],[172011.688,558938.925],[172017.258,558933.75],[172021.698,558929.625],[172029.626,558920.882],[172034.277,558915.417],[172036.673,558912.879],[172043.015,558907.872],[172046.116,558906.215],[172047.878,558904.664],[172050.591,558901.033],[172052.011,558898.217],[172051.754,558896.344],[172051.225,558892.501],[172048.833,558887.721],[172047.878,558883.792],[172047.244,558881.183],[172047.913,558878.151],[172050.45,558873.427],[172056.821,558864.854],[172063.666,558856.642],[172075.452,558842.501],[172087.237,558828.359],[172099.722,558813.379],[172105.715,558806.189],[172114.262,558795.934],[172118.518,558790.828],[172123.599,558787.367],[172130.847,558782.431],[172133.12,558779.476],[172140.292,558770.15],[172144.811,558764.275],[172151.753,558755.249],[172159.927,558745.413],[172162.242,558741.777],[172162.711,558741.041],[172162.501,558738.778],[172166.21,558739.401],[172168.522,558740.205]]]}},{"type":"Feature","properties":{"relatieveHoogteligging":0,"lokaalID":"G1900.952897c0935c4543924cb29abdd03cf1","bgt_status":"bestaand","class":"waterloop","objecttype":"Waterdeel"},"geometry":{"type":"Polygon","coordinates":[[[172012.679,559043.887],[172021.728,559047.618],[172030.776,559050.793],[172035.698,559052.856],[172041.81,559056.508],[172046.096,559058.81],[172050.065,559061.905],[172053.795,559065.239],[172055.859,559067.303],[172058.248,559069.472],[172054.919,559072.707],[172054.368,559072.21],[172051.414,559068.97],[172046.89,559065.16],[172042.206,559061.667],[172037.285,559058.73],[172029.665,559054.761],[172016.727,559049.364],[172011.25,559046.824],[172010.377,559046.03],[172009.901,559045.236],[172009.901,559044.443],[172010.536,559043.728],[172011.568,559043.49],[172012.679,559043.887]]]}},{"type":"Feature","properties":{"relatieveHoogteligging":0,"lokaalID":"G1900.79d16275adec4c42875094cc56ea208b","bgt_status":"bestaand","class":"watervlakte","plus_type":"meer, plas, ven, vijver","objecttype":"Waterdeel"},"geometry":{"type":"Polygon","coordinates":[[[172177.63,559316.13],[172177.63,559316.63],[172177.51,559317.04],[172177.36,559317.58],[172177.28,559317.82],[172177.14,559318.1],[172176.74,559318.44],[172176.49,559318.64],[172176.21,559318.81],[172175.95,559318.97],[172175.63,559319.05],[172175.37,559319.13],[172175.01,559319.17],[172174.73,559319.2],[172174.39,559319.24],[172173.91,559319.26],[172173.57,559319.29],[172173.31,559319.31],[172158.71,559319.87],[172156.77,559320],[172155.16,559320.21],[172153.03,559320.84],[172151.28,559321.55],[172149.03,559322.78],[172147.61,559323.74],[172144.6,559326.14],[172141.98,559328.46],[172136.76,559333.52],[172133.96,559336.16],[172130.88,559339.2],[172127.67,559342.39],[172124.32,559345.89],[172121.12,559349.5],[172117.75,559353.3],[172114.22,559357.67],[172107.72,559365.94],[172106.79,559366.68],[172105.65,559367.15],[172104.53,559367.33],[172103.21,559367.32],[172101.82,559367.08],[172100.3,559366.34],[172099.21,559365.3],[172098.43,559364.3],[172097.81,559362.84],[172097.76,559361.29],[172098.29,559359.7],[172098.76,559359.04],[172136.59,559320.84],[172138.21,559319.32],[172140.32,559317.6],[172142.72,559315.94],[172145.3,559314.59],[172148.03,559313.6],[172150.94,559312.93],[172154.38,559312.39],[172157.75,559312.11],[172172.23,559311.62],[172172.75,559311.65],[172173.21,559311.65],[172173.87,559311.74],[172174.32,559311.88],[172174.81,559312],[172175.24,559312.16],[172175.64,559312.33],[172176.04,559312.51],[172176.44,559312.75],[172176.66,559312.98],[172176.91,559313.2],[172177.15,559313.5],[172177.27,559313.86],[172177.39,559314.12],[172177.51,559314.44],[172177.56,559314.84],[172177.62,559315.32],[172177.62,559315.734],[172177.63,559316.13]]]}},{"type":"Feature","properties":{"relatieveHoogteligging":0,"lokaalID":"G1900.a91f160223684aed94a0e8c2435fb34f","bgt_status":"bestaand","class":"waterloop","objecttype":"Waterdeel"},"geometry":{"type":"Polygon","coordinates":[[[172151.184,559540.993],[172158.859,559541.111],[172158.657,559543.069],[172153.546,559543.238],[172153.259,559547.609],[172153.765,559551.254],[172154.322,559553.364],[172155.486,559555.676],[172158.539,559558.376],[172159.534,559559.676],[172159.331,559560.148],[172158.64,559560.317],[172154.828,559557.313],[172152.331,559554.95],[172151.707,559554.157],[172151.454,559552.351],[172151.34,559545.347],[172151.02,559543.896],[172150.471,559543.38],[172149.16,559543.39],[172147.165,559543.641],[172145.931,559544.142],[172144.535,559545.384],[172141.111,559549.016],[172139.495,559547.609],[172143.78,559542.968],[172145.416,559541.82],[172147.423,559541.246],[172151.184,559540.993]]]}},{"type":"Feature","properties":{"relatieveHoogteligging":0,"lokaalID":"G1900.d61ef775419c4743857087771d9f25c9","bgt_status":"bestaand","class":"waterloop","objecttype":"Waterdeel"},"geometry":{"type":"Polygon","coordinates":[[[172137.977,559552.572],[172128.885,559562.643],[172127.299,559563.096],[172125.963,559561.875],[172112.296,559549.382],[172114.362,559547.433],[172126.494,559558.833],[172128.177,559559.246],[172129.125,559558.981],[172136.287,559551.047],[172137.977,559552.572]]]}},{"type":"Feature","properties":{"relatieveHoogteligging":0,"lokaalID":"G1900.0a52e4489769415e8744be4d892037a0","bgt_status":"bestaand","class":"watervlakte","plus_type":"meer, plas, ven, vijver","objecttype":"Waterdeel"},"geometry":{"type":"Polygon","coordinates":[[[172073.69,559464.36],[172073.89,559464.72],[172074.11,559465.15],[172074.34,559465.71],[172074.64,559466.11],[172074.9,559466.57],[172075.17,559467.01],[172075.53,559467.4],[172075.89,559467.74],[172076.15,559468.02],[172076.52,559468.36],[172076.86,559468.75],[172077.26,559469.07],[172077.59,559469.47],[172078.05,559469.9],[172078.35,559470.28],[172078.65,559470.54],[172078.89,559470.86],[172079.1,559471.14],[172079.24,559471.52],[172079.38,559471.89],[172079.51,559472.35],[172079.55,559472.77],[172079.55,559473.17],[172079.46,559473.63],[172079.42,559474.07],[172079.336,559474.351],[172077.382,559475.282],[172076.935,559475.975],[172075.109,559478.808],[172072.29,559483.18],[172069.75,559486.12],[172068.46,559487.39],[172067.35,559488.28],[172066.5,559488.89],[172065.52,559489.3],[172064.72,559489.57],[172063.86,559489.6],[172063.02,559489.54],[172061.94,559489.37],[172060.92,559489.1],[172059.53,559488.54],[172058.03,559487.91],[172056.64,559487.16],[172055.65,559486.43],[172054.89,559485.58],[172054.16,559484.62],[172053.45,559483.67],[172053.1,559482.53],[172052.73,559481.24],[172052.52,559479.96],[172052.49,559478.64],[172052.57,559477.54],[172052.71,559476.46],[172052.94,559475.77],[172053.15,559475],[172053.41,559474.49],[172053.56,559473.39],[172053.77,559472.95],[172075.91,559389.51],[172076.16,559388.71],[172076.34,559388.09],[172076.53,559387.43],[172076.71,559386.68],[172077.02,559386.12],[172077.3,559385.56],[172077.53,559385.02],[172077.85,559384.55],[172078.3,559384.05],[172078.78,559383.59],[172079.2,559383.15],[172079.54,559382.88],[172079.97,559382.56],[172080.37,559382.2],[172080.77,559381.83],[172081.19,559381.59],[172081.62,559381.43],[172082.07,559381.38],[172082.57,559381.3],[172083.24,559381.23],[172083.84,559381.17],[172084.38,559381.19],[172084.93,559381.42],[172085.39,559381.62],[172085.91,559381.82],[172086.35,559382.09],[172086.83,559382.37],[172087.29,559382.64],[172087.82,559382.9],[172088.3,559383.2],[172088.74,559383.57],[172089.15,559384.01],[172089.45,559384.45],[172089.75,559384.87],[172089.99,559385.48],[172090.2,559385.9],[172090.44,559386.28],[172090.51,559386.84],[172090.53,559387.26],[172090.53,559387.74],[172090.52,559388.16],[172090.52,559388.6],[172090.52,559389],[172090.48,559389.42],[172090.39,559389.8],[172090.31,559390.28],[172074.17,559451.4],[172074.07,559451.9],[172073.94,559452.34],[172073.84,559452.82],[172073.78,559453.28],[172073.57,559453.8],[172073.43,559454.3],[172073.35,559454.68],[172073.28,559455.18],[172073.2,559455.68],[172073.13,559456.12],[172072.99,559456.56],[172072.97,559457.01],[172072.88,559457.48],[172072.84,559458.01],[172072.84,559458.44],[172072.83,559458.9],[172072.83,559459.28],[172072.83,559459.74],[172072.82,559460.15],[172072.86,559460.96],[172072.9,559461.44],[172072.99,559461.82],[172073.13,559462.34],[172073.2,559462.84],[172073.28,559463.42],[172073.49,559463.92],[172073.69,559464.36]]]}},{"type":"Feature","properties":{"relatieveHoogteligging":0,"lokaalID":"W0653.2a2c2896a30b4fa199b794ea1ab7a2b2","bgt_status":"bestaand","class":"waterloop","objecttype":"Waterdeel"},"geometry":{"type":"Polygon","coordinates":[[[172220.384,559693.14],[172222.097,559692.03],[172228.295,559687.2],[172235.077,559682.485],[172242.34,559677.436],[172251.743,559671.569],[172256.032,559668.894],[172258.919,559666.789],[172261.903,559664.912],[172265.001,559662.204],[172267.969,559659.61],[172271.872,559657.25],[172275.797,559654.519],[172280.972,559650.918],[172281.945,559649.787],[172282.76,559650.489],[172283.196,559651.369],[172282.499,559651.892],[172280.477,559653.409],[172279.548,559654.143],[172277.225,559656.182],[172272.426,559659.648],[172269.519,559661.747],[172266.355,559664.031],[172264.529,559665.826],[172261.088,559668.747],[172258.266,559669.954],[172248.564,559674.833],[172240.491,559679.907],[172232.696,559685.112],[172226.261,559689.737],[172224.2,559691.459],[172221.722,559693.531],[172220.417,559694.054],[172220.172,559693.711],[172220.384,559693.14]]]}},{"type":"Feature","properties":{"relatieveHoogteligging":0,"lokaalID":"G1900.d5ed7bd76ed54d4886f6cf9219acec28","bgt_status":"bestaand","class":"watervlakte","plus_type":"meer, plas, ven, vijver","objecttype":"Waterdeel"},"geometry":{"type":"Polygon","coordinates":[[[172092.04,559500],[172091.74,559499.72],[172090.78,559498.39],[172090.03,559496.72],[172089.64,559495.06],[172089.66,559493.18],[172089.89,559491.94],[172090.24,559490.99],[172090.83,559490.01],[172091.7,559489.06],[172092.39,559488.36],[172093.23,559487.77],[172094.21,559487.41],[172095.16,559487.39],[172096.25,559487.62],[172097.71,559488.07],[172098.82,559488.56],[172099.84,559488.97],[172100.89,559489.7],[172102.11,559490.69],[172104.02,559491.51],[172105.39,559492.06],[172107.65,559492.86],[172109.4,559493.48],[172111.42,559493.74],[172113.47,559494.15],[172115.45,559494.67],[172117.82,559495.03],[172121.02,559495.8],[172124.37,559496.6],[172127.54,559497.33],[172130.65,559498.29],[172134.15,559499.5],[172135.62,559500],[172137.33,559500.59],[172140.19,559501.54],[172143.26,559502.63],[172146.41,559503.84],[172150.19,559505.67],[172152.26,559506.65],[172154.55,559507.93],[172156.5,559509.03],[172158.41,559510.32],[172160.51,559511.78],[172162.5,559513.16],[172164.94,559514.92],[172166.57,559516.14],[172168.76,559517.9],[172171.46,559520.08],[172174.28,559522.39],[172177.95,559525.56],[172181.26,559528.43],[172184.5,559531.2],[172188.01,559534.13],[172191.78,559537.55],[172195.19,559540.52],[172197.91,559543.2],[172202.21,559547.4],[172210.39,559555.4],[172216.22,559561.37],[172220.36,559565.35],[172222.58,559567.71],[172224.58,559569.97],[172226.5,559572.12],[172228.72,559574.82],[172230.86,559577.34],[172232.61,559579.5],[172234.55,559581.84],[172236.91,559585],[172239,559587.64],[172240.66,559590.13],[172242.18,559592.17],[172243.36,559593.88],[172244.53,559595.67],[172245.81,559597.74],[172246.87,559599.37],[172247.94,559601.12],[172248.88,559602.67],[172249.94,559604.8],[172250.48,559607],[172250.57,559608.6],[172250.32,559609.86],[172249.87,559610.96],[172249.38,559611.93],[172248.75,559612.73],[172247.96,559613.44],[172247.32,559613.71],[172245.88,559614.36],[172244.82,559614.55],[172243.89,559614.56],[172242.78,559614.43],[172241.96,559614.24],[172241.1,559613.96],[172240.08,559613.59],[172238.93,559612.82],[172238.06,559612.11],[172237.03,559610.86],[172236.12,559609.61],[172234.86,559607.82],[172233.67,559605.95],[172232.31,559604.08],[172230.57,559601.64],[172228.72,559599.12],[172227.02,559596.57],[172224.05,559592.76],[172221.41,559589.28],[172218.81,559586.21],[172215.77,559582.51],[172210.88,559576.92],[172207.71,559573.49],[172203.43,559568.87],[172199.91,559565.26],[172197.05,559562.5],[172194.43,559559.93],[172190.53,559555.98],[172183.75,559549.37],[172179.59,559545.58],[172176.21,559542.55],[172171.09,559538.02],[172164.03,559532.23],[172160.75,559529.51],[172158.72,559527.95],[172156.38,559526.13],[172154.49,559524.79],[172152.86,559523.59],[172151.08,559522.38],[172149.38,559521.32],[172146.78,559519.8],[172145.19,559518.83],[172143.44,559518.01],[172141.58,559517.23],[172139.85,559516.52],[172138.1,559515.8],[172136.36,559515.2],[172134.61,559514.43],[172132.58,559513.77],[172129.07,559512.62],[172126.17,559511.77],[172123.56,559510.99],[172121.17,559510.35],[172118.45,559509.68],[172115.86,559509.16],[172113.14,559508.63],[172109.95,559508.02],[172107.27,559507.62],[172104.87,559507.16],[172102.42,559506.31],[172099.97,559505.17],[172097.98,559504.29],[172096.55,559503.42],[172094.64,559502.18],[172093.19,559501.05],[172092.04,559500]]]}},{"type":"Feature","properties":{"relatieveHoogteligging":0,"lokaalID":"G1900.f4469e14261d466ea0b378e2fbbf9d6c","bgt_status":"bestaand","class":"watervlakte","plus_type":"meer, plas, ven, vijver","objecttype":"Waterdeel"},"geometry":{"type":"Polygon","coordinates":[[[172238.55,559307.315],[172242.469,559307.846],[172245.032,559308.985],[172246.455,559311.12],[172246.069,559313.192],[172244.753,559315.234],[172243.082,559317.265],[172239.749,559318.186],[172237.773,559317.042],[172233.075,559315.049],[172228.641,559314.877],[172224.968,559316.22],[172223.106,559319.094],[172222.405,559322.546],[172221.779,559325.675],[172220.889,559328.276],[172218.94,559330.865],[172216.699,559332.192],[172213.851,559332.477],[172211.288,559331.623],[172209.437,559329.914],[172208.298,559327.067],[172206.472,559316.431],[172207.159,559314.965],[172208.014,559313.398],[172209.58,559311.975],[172211.573,559310.836],[172214.563,559310.124],[172226.238,559308.7],[172238.55,559307.315]]]}},{"type":"Feature","properties":{"relatieveHoogteligging":0,"lokaalID":"G1900.5640050cf9794b4d8fec5cbb837d35b9","bgt_status":"bestaand","class":"waterloop","objecttype":"Waterdeel"},"geometry":{"type":"Polygon","coordinates":[[[172264.34,559629.97],[172264.14,559629.35],[172264.14,559628.87],[172264.23,559628.39],[172264.63,559627.87],[172265.44,559627.04],[172265.91,559626.66],[172266.57,559626.33],[172267.01,559626.35],[172267.72,559626.72],[172268.68,559627.55],[172270.05,559628.5],[172271.18,559629.29],[172272.67,559630.09],[172273.73,559630.43],[172274.91,559630.96],[172276.15,559631.02],[172277.57,559630.89],[172279.37,559630.74],[172280.97,559630.14],[172282.84,559628.94],[172284.45,559627.87],[172285.88,559626.78],[172287.21,559625.74],[172288.84,559624.57],[172290.98,559622.95],[172293.89,559621.02],[172296.83,559619.36],[172300.03,559617.31],[172302.4,559615.92],[172304.29,559614.69],[172306.34,559613.67],[172308.79,559612.43],[172312.23,559610.33],[172315.57,559608.38],[172318.67,559606.62],[172321.4,559604.77],[172323.96,559603.15],[172327.24,559601.1],[172330.05,559599.03],[172332.47,559597.55],[172335.41,559595.84],[172337.39,559594.67],[172339.22,559593.79],[172341.17,559592.75],[172343.57,559591.43],[172345.67,559590.45],[172347.87,559589.13],[172349.07,559588.3],[172351.02,559587.06],[172353.04,559585.48],[172355.37,559584],[172357.37,559582.5],[172359.48,559581.2],[172361.51,559579.69],[172363.32,559578.45],[172365.21,559577.21],[172366.52,559576.56],[172368.35,559575.66],[172371.42,559574.28],[172373.45,559573.6],[172376.16,559572.61],[172378.88,559571.61],[172380.5,559570.95],[172383.64,559569.76],[172386.52,559568.65],[172388.65,559567.59],[172391.11,559566.36],[172393.32,559565.24],[172395.27,559563.96],[172397.04,559562.67],[172399.6,559561.4],[172402.24,559559.96],[172405.41,559558.57],[172408.17,559557.13],[172409.87,559556.08],[172411.03,559554.66],[172411.56,559553.22],[172411.8,559551.58],[172411.731,559550.818],[172411.68,559550.26],[172411.72,559549.12],[172412.41,559548.34],[172413.23,559547.56],[172414.39,559547.56],[172415.71,559548.15],[172416.44,559549.57],[172416.84,559551.79],[172416.99,559553.73],[172416.07,559556.39],[172414.44,559558.67],[172411.88,559560.64],[172408.72,559562.41],[172405.01,559563.95],[172402.11,559565.08],[172399.71,559566.43],[172397.41,559568.05],[172395.6,559569.33],[172394.32,559570.16],[172392.4,559571.34],[172389.07,559572.77],[172384.27,559574.64],[172380.5,559575.98],[172379.62,559576.21],[172377.24,559576.93],[172374.99,559577.66],[172373.42,559578.32],[172371.88,559578.97],[172369.97,559580.17],[172367.33,559581.67],[172364.58,559583.48],[172361.62,559585.47],[172358.3,559587.48],[172356.37,559588.95],[172354.52,559590.09],[172353.09,559591.18],[172351.16,559592.44],[172348.72,559593.78],[172346.21,559594.93],[172343.82,559596.27],[172339.72,559598.6],[172335.7,559601.16],[172328.77,559605.66],[172324.17,559608.65],[172320.69,559610.66],[172317.87,559612.65],[172315.2,559614.17],[172312.36,559615.69],[172309.27,559617.4],[172306.78,559618.55],[172304.24,559619.91],[172301.77,559621.51],[172299.58,559622.93],[172296.7,559624.62],[172294.27,559626.38],[172291.91,559627.88],[172290.04,559629.48],[172287.98,559631.02],[172286.19,559632.49],[172284.42,559633.65],[172283.09,559634.44],[172281.37,559635.06],[172279.74,559635.39],[172277.84,559635.63],[172276.42,559635.7],[172274.92,559635.7],[172273.75,559635.49],[172272.35,559635.16],[172270.85,559634.65],[172269.42,559633.99],[172268.32,559633.38],[172267.09,559632.57],[172265.92,559631.5],[172264.83,559630.51],[172264.34,559629.97]]]}},{"type":"Feature","properties":{"relatieveHoogteligging":0,"lokaalID":"W0653.da4496a2469e4a678e05ac3cd004ef30","bgt_status":"bestaand","class":"waterloop","objecttype":"Waterdeel"},"geometry":{"type":"Polygon","coordinates":[[[172386.563,559588.851],[172380.498,559591.858],[172368.626,559598.153],[172363.624,559600.806],[172355.841,559605.109],[172349.041,559609.335],[172343.3,559612.704],[172340.715,559614.444],[172335.799,559617.754],[172333.206,559619.5],[172330.923,559620.74],[172328.64,559621.98],[172321.322,559626.742],[172312.203,559632.358],[172301.684,559638.835],[172293.204,559644.595],[172288.002,559647.907],[172287.784,559647.921],[172287.132,559647.546],[172287.002,559646.697],[172287.899,559645.702],[172290.203,559643.833],[172301.947,559636.042],[172314.818,559627.505],[172325.161,559620.348],[172342.492,559610.023],[172349.21,559606.02],[172357.071,559601.337],[172366.195,559596.373],[172376.812,559590.812],[172385.388,559586.534],[172396.217,559581.133],[172404.613,559577.245],[172412.752,559573.106],[172422.635,559568.08],[172432.973,559563.463],[172440.703,559559.808],[172446.786,559557.638],[172451.656,559555.638],[172452.175,559555.425],[172453.135,559556.664],[172452.734,559557.903],[172451.328,559558.623],[172448.873,559559.612],[172445.008,559560.966],[172431.958,559566.75],[172420.054,559572.592],[172408.08,559578.183],[172386.563,559588.851]]]}},{"type":"Feature","properties":{"relatieveHoogteligging":0,"lokaalID":"G1900.de8e82854bb247eebeb6848f04a64832","bgt_status":"bestaand","class":"watervlakte","plus_type":"meer, plas, ven, vijver","objecttype":"Waterdeel"},"geometry":{"type":"Polygon","coordinates":[[[172472.5,559236.19],[172463.719,559229.373],[172462.04,559228.07],[172455.591,559222.977],[172454.36,559221.882],[172448.47,559217.6],[172439.036,559210.439],[172438.18,559209.79],[172433.85,559206.61],[172433.01,559205.98],[172432.77,559205.9],[172432.37,559205.71],[172431.95,559205.6],[172431.48,559205.53],[172431.03,559205.44],[172430.68,559205.43],[172429.9,559205.41],[172429.03,559205.41],[172417.84,559206.52],[172408.05,559207.45],[172401.6,559208.08],[172400.46,559207.92],[172400.04,559207.81],[172399.62,559207.62],[172399.11,559207.06],[172398.87,559206.73],[172398.73,559206.49],[172398.58,559206.27],[172398.4,559205.79],[172398.35,559205.51],[172398.27,559205.16],[172398.23,559204.83],[172398.21,559204.43],[172398.27,559203.98],[172398.279,559203.332],[172398.45,559202.41],[172398.64,559201.99],[172398.82,559201.57],[172399.01,559201.2],[172399.43,559200.46],[172399.64,559200.17],[172399.92,559199.88],[172400.23,559199.64],[172400.81,559199.45],[172402.12,559199.27],[172423.96,559197.45],[172438.05,559196.48],[172438.15,559196.479],[172442.05,559196.438],[172443.81,559196.42],[172446.96,559196.47],[172448.15,559196.65],[172448.93,559196.75],[172449.67,559196.92],[172450.34,559197.2],[172450.93,559197.51],[172451.5,559197.83],[172452.21,559198.2],[172452.8,559198.59],[172453.39,559199.01],[172453.82,559199.43],[172454.24,559199.71],[172454.65,559200.15],[172455.04,559200.69],[172455.5,559201.03],[172455.86,559201.59],[172455.931,559201.683],[172456.25,559202.1],[172456.66,559202.62],[172456.97,559203.17],[172457.3,559203.68],[172457.53,559204.19],[172457.74,559204.8],[172457.92,559205.53],[172458.07,559206.18],[172458.18,559206.81],[172458.24,559207.44],[172458.32,559208.12],[172458.35,559208.67],[172458.33,559209.34],[172458.31,559210.09],[172458.25,559210.99],[172458.1,559212.01],[172460.475,559214.016],[172461.888,559215.265],[172466.84,559219.06],[172467.07,559219.01],[172469.64,559215.99],[172470.9,559214.347],[172470.99,559214.23],[172471.719,559213.567],[172472.931,559210.954],[172473.757,559209.688],[172475.9,559207.9],[172477.469,559207.633],[172480.042,559205.733],[172481.556,559205.482],[172483.859,559205.183],[172485.83,559204.807],[172487.84,559204.469],[172489.78,559204.537],[172491.599,559204.527],[172494.278,559204.72],[172496.784,559205.251],[172497.69,559205.569],[172498.567,559205.723],[172499.55,559206.24],[172500.35,559206.41],[172501.24,559206.71],[172502.044,559206.975],[172502.15,559207.01],[172503.2,559207.3],[172504.04,559207.62],[172505.05,559208],[172505.97,559208.36],[172506.847,559208.787],[172506.99,559208.857],[172507.67,559209.23],[172508.53,559209.66],[172509.34,559210.16],[172510.23,559210.64],[172510.99,559211.18],[172511.72,559211.78],[172512.62,559212.53],[172513.44,559213.48],[172514.15,559214.28],[172514.91,559215.43],[172515.29,559216.04],[172516.131,559215.97],[172517.318,559215.87],[172537.86,559214.15],[172545.643,559213.487],[172545.8,559213.474],[172547.033,559213.379],[172547.222,559213.362],[172547.961,559213.294],[172551.969,559212.923],[172553.957,559212.74],[172554.352,559212.703],[172554.707,559212.67],[172555.229,559212.633],[172555.394,559212.62],[172593.01,559209.76],[172602.255,559208.972],[172606.03,559208.65],[172606.576,559208.608],[172611.94,559208.2],[172612.083,559208.189],[172612.36,559208.36],[172618.87,559210.69],[172620.34,559211.13],[172622.771,559212.13],[172625.674,559212.756],[172628.527,559213.347],[172629.783,559213.578],[172631.386,559213.892],[172632.862,559214.168],[172634.547,559214.394],[172637.328,559214.912],[172637.956,559215.331],[172638.353,559215.926],[172638.733,559216.802],[172638.881,559217.597],[172638.999,559218.171],[172638.999,559219.605],[172638.864,559220.263],[172638.628,559220.888],[172637.889,559221.146],[172636.979,559221.343],[172632.796,559221.258],[172627.537,559220.632],[172623.569,559220.16],[172619.657,559219.843],[172618.05,559219.652],[172618.002,559219.632],[172613.151,559217.618],[172600.195,559218.721],[172576.929,559220.642],[172561.388,559221.944],[172556.114,559222.422],[172556.148,559222.805],[172546.755,559223.496],[172546.688,559223.501],[172546.613,559223.506],[172546.586,559223.107],[172506.648,559226.398],[172482.838,559243.431],[172480.123,559241.444],[172479.957,559241.32],[172479.742,559241.588],[172477.785,559240.021],[172476.142,559238.706],[172472.716,559236.123],[172472.5,559236.19]]]}},{"type":"Feature","properties":{"relatieveHoogteligging":0,"lokaalID":"G1900.64749e3cfc1248e4939da50b5e83de89","bgt_status":"bestaand","class":"waterloop","objecttype":"Waterdeel"},"geometry":{"type":"Polygon","coordinates":[[[172251.05,559946.48],[172271.15,559966.22],[172280.14,559975],[172285.53,559980.33],[172293.73,559988.42],[172297.14,559991.63],[172305.55,560000],[172313.63,560008],[172321.29,560015.52],[172322.631,560016.827],[172323.127,560017.31],[172332.26,560026.21],[172346.24,560039.9],[172356.99,560050.46],[172365.24,560058.73],[172366.13,560059.57],[172366.7,560060.13],[172367.24,560060.64],[172367.81,560061.05],[172368.274,560061.359],[172369.044,560062.112],[172371.204,560063.388],[172379.905,560068.523],[172380.942,560069.337],[172405.491,560090.821],[172408.84,560093.97],[172413.235,560097.849],[172418.584,560102.965],[172435.662,560120.28],[172440.68,560125.368],[172440.89,560125.59],[172441.587,560126.287],[172442.465,560127.177],[172456.495,560138.645],[172476.162,560151.044],[172324.809,560076.548],[172247,560038.25],[172247.28,560038.05],[172247.49,560037.78],[172247.67,560037.23],[172247.78,560036.96],[172249.31,560036.11],[172250.25,560035.42],[172250.58,560035.08],[172250.94,560034.68],[172251.42,560033.89],[172251.71,560033.42],[172251.87,560032.77],[172252.02,560032.12],[172252.06,560031.52],[172252.07,560031],[172252.05,560030.67],[172252.58,560029.85],[172253.2,560028.71],[172253.61,560027.92],[172253.98,560026.82],[172254.49,560025.61],[172254.94,560024.06],[172255.37,560024.04],[172255.7,560024],[172255.97,560023.83],[172256.33,560023.28],[172256.54,560022.81],[172256.72,560022.46],[172256.78,560021.99],[172256.73,560021.39],[172256.49,560020.78],[172256.08,560019.75],[172255.999,560019.52],[172255.84,560019.07],[172255.65,560018.6],[172255.46,560018.07],[172255.25,560017.19],[172255.01,560015.89],[172254.68,560014.73],[172254.3,560013.48],[172254.02,560012.07],[172253.59,560010.54],[172253.22,560009.13],[172252.66,560007.47],[172252.01,560005.91],[172251.36,560004.35],[172250.76,560002.94],[172250.2,560001.66],[172249.67,560000.5],[172249.4,560000],[172249.06,559999.37],[172248.25,559998.1],[172247.47,559996.94],[172246.53,559995.8],[172245.35,559994.56],[172243.31,559992.68],[172240.47,559989.71],[172238.28,559987.43],[172236.43,559985.6],[172234.66,559983.97],[172224.33,559975],[172218.621,559969.884],[172214.99,559966.63],[172203.4,559956.29],[172191.7,559945.34],[172174.14,559929.96],[172161.38,559919.15],[172150.44,559910.13],[172147.73,559907.66],[172147.311,559907.264],[172140.376,559872.142],[172138.078,559849.721],[172141.28,559852.944],[172144.346,559855.81],[172146.76,559853.226],[172144.133,559850.77],[172149.325,559845.603],[172141.25,559837.948],[172167.617,559812.825],[172202.302,559778.541],[172224.222,559791.299],[172169.513,559845.785],[172171.759,559860.966],[172171.902,559861.899],[172172.224,559863.998],[172173.444,559871.598],[172177.456,559875.51],[172182.92,559880.87],[172188.827,559886.375],[172190.807,559887.627],[172193.079,559889.772],[172212.24,559908.31],[172232.52,559927.73],[172251.05,559946.48]]]}},{"type":"Feature","properties":{"relatieveHoogteligging":0,"lokaalID":"W0653.e9f25203e70a4911a008d78bf66d5e80","bgt_status":"bestaand","class":"waterloop","objecttype":"Waterdeel"},"geometry":{"type":"Polygon","coordinates":[[[172760.521,558314.317],[172756.37,558314.804],[172756.492,558312.147],[172756.457,558310.631],[172755.541,558310.032],[172734.052,558312.046],[172725.516,558313.254],[172711.595,558314.148],[172694.427,558315.25],[172689.193,558315.585],[172688.786,558311.777],[172699.461,558310.636],[172713.978,558309.085],[172723.945,558308.279],[172743.721,558306.175],[172758.999,558304.854],[172771.583,558303.766],[172790.005,558301.676],[172790.741,558305.715],[172789.649,558306.35],[172776.613,558307.318],[172771.866,558307.971],[172768.014,558308.501],[172762.859,558309.21],[172760.521,558314.317]]]}},{"type":"Feature","properties":{"relatieveHoogteligging":0,"lokaalID":"G1900.5fdb86fcc5d140bcb228ce4333149d40","bgt_status":"bestaand","class":"watervlakte","plus_type":"meer, plas, ven, vijver","objecttype":"Waterdeel"},"geometry":{"type":"Polygon","coordinates":[[[172262.29,559246.403],[172262.37,559246.01],[172262.53,559245.33],[172262.78,559244.65],[172263,559244.16],[172263.29,559243.7],[172263.57,559243.28],[172263.93,559242.86],[172264.32,559242.35],[172264.78,559241.81],[172265.24,559241.41],[172265.75,559240.9],[172266.39,559240.44],[172293.717,559223.082],[172299.75,559219.25],[172301.18,559218.34],[172301.72,559218],[172302.23,559217.67],[172302.69,559217.41],[172303.11,559217.15],[172303.53,559216.88],[172303.97,559216.64],[172304.49,559216.44],[172305.02,559216.25],[172305.52,559216.09],[172305.96,559215.91],[172306.52,559215.78],[172307.12,559215.66],[172307.7,559215.57],[172308.5,559215.49],[172309.7,559215.44],[172333.99,559214.46],[172335.99,559214.36],[172336.91,559214.23],[172337.49,559214.17],[172338.06,559214.06],[172338.57,559213.94],[172339.14,559213.76],[172339.74,559213.49],[172340.28,559213.23],[172340.68,559212.99],[172341.13,559212.72],[172341.57,559212.38],[172342.05,559212.05],[172342.57,559211.67],[172347.68,559205.89],[172348.32,559205.27],[172348.67,559204.83],[172349.01,559204.54],[172349.47,559204.26],[172349.77,559204.02],[172350.15,559203.82],[172350.47,559203.63],[172350.94,559203.43],[172351.4,559203.27],[172351.92,559203.12],[172352.78,559202.96],[172354.06,559202.75],[172365.23,559202.06],[172377.33,559201.45],[172378.3,559201.4],[172378.99,559201.38],[172379.59,559201.39],[172380.17,559201.43],[172380.69,559201.57],[172381.27,559201.8],[172381.71,559202.06],[172382.17,559202.4],[172382.61,559202.75],[172383,559203.17],[172383.34,559203.71],[172383.53,559204.22],[172383.67,559204.78],[172383.717,559205.205],[172383.737,559205.829],[172383.74,559206.02],[172383.7,559206.5],[172383.61,559207],[172383.49,559207.41],[172383.25,559207.97],[172382.9,559208.49],[172382.56,559208.95],[172382.17,559209.42],[172381.67,559209.82],[172381.19,559210.14],[172380.67,559210.45],[172380.07,559210.65],[172379.44,559210.79],[172378.506,559210.948],[172377.5,559211.03],[172365.08,559211.38],[172364.38,559211.41],[172363.78,559211.47],[172363.16,559211.52],[172362.62,559211.64],[172362.05,559211.78],[172361.45,559211.89],[172360.87,559212.07],[172360.33,559212.28],[172359.85,559212.6],[172359.35,559212.99],[172358.9,559213.41],[172358.28,559214.21],[172356.62,559216.32],[172355.96,559217.17],[172355.41,559217.83],[172354.87,559218.4],[172354.22,559218.98],[172353.66,559219.47],[172352.89,559220.03],[172352.13,559220.54],[172351.58,559220.9],[172351,559221.23],[172350.4,559221.49],[172349.86,559221.78],[172349.26,559221.96],[172348.6,559222.12],[172347.96,559222.31],[172347.05,559222.5],[172346.09,559222.64],[172344.89,559222.81],[172319.682,559223.802],[172312.86,559224.07],[172311.62,559224.14],[172310.82,559224.21],[172309.96,559224.31],[172309.24,559224.34],[172308.49,559224.41],[172307.75,559224.59],[172307.07,559224.78],[172306.47,559224.98],[172305.83,559225.24],[172305.21,559225.55],[172304.48,559225.83],[172303.7,559226.16],[172303.08,559226.41],[172302.44,559226.71],[172301.85,559227.01],[172300.48,559227.88],[172281.35,559240.29],[172280.47,559240.95],[172279.86,559241.4],[172279.28,559242],[172278.7,559242.55],[172278.23,559243.03],[172277.85,559243.51],[172277.47,559243.9],[172277.22,559244.4],[172277,559244.86],[172276.75,559245.36],[172276.45,559246.04],[172276.26,559246.6],[172276.1,559247.41],[172275.99,559248.17],[172275.97,559249.01],[172275.94,559249.91],[172275.93,559250.99],[172276.61,559277.9],[172276.58,559278.68],[172276.56,559279.42],[172276.48,559279.9],[172276.35,559280.36],[172276.15,559280.84],[172275.9,559281.32],[172275.54,559281.71],[172275.22,559282.13],[172274.86,559282.53],[172274.41,559282.85],[172274.01,559283.2],[172273.51,559283.5],[172273.03,559283.68],[172272.55,559283.81],[172271.9,559283.97],[172267.34,559284.47],[172264.12,559284.69],[172263.62,559284.71],[172263.24,559284.7],[172262.76,559284.62],[172262.3,559284.52],[172261.84,559284.37],[172261.42,559284.19],[172261.02,559283.97],[172260.61,559283.56],[172260.29,559283.12],[172260.03,559282.66],[172259.82,559282.16],[172259.66,559281.56],[172259.65,559280.99],[172262.2,559247.39],[172262.26,559246.55],[172262.29,559246.403]]]}},{"type":"Feature","properties":{"relatieveHoogteligging":0,"lokaalID":"W0653.78f7b466c0dd4d3b838624b558c56a0e","bgt_status":"bestaand","class":"waterloop","objecttype":"Waterdeel"},"geometry":{"type":"Polygon","coordinates":[[[172936.822,559470.773],[172937.713,559470.665],[172939.932,559470.395],[172940.409,559466.784],[172940.271,559464.841],[172939.746,559457.462],[172938.997,559446.915],[172937.751,559429.364],[172936.657,559413.97],[172936.472,559411.945],[172936.577,559409.442],[172939.232,559397.792],[172940.594,559391.548],[172939.599,559387.732],[172940.458,559380.798],[172941.371,559373.428],[172943.737,559354.331],[172943.781,559353.973],[172946.705,559353.907],[172946.383,559361.451],[172944.048,559375.619],[172943.451,559379.244],[172943.64,559386.626],[172942.221,559400.018],[172940.329,559411.612],[172940.282,559420.508],[172944.207,559478.165],[172944.02,559479.079],[172943.139,559479.465],[172942.089,559479.435],[172941.066,559478.828],[172940.838,559476.962],[172940.313,559472.651],[172939.341,559472.386],[172937.02,559472.66],[172936.822,559470.773]]]}},{"type":"Feature","properties":{"relatieveHoogteligging":0,"lokaalID":"G1900.e43bd305dc2746cbabe79c04c0b240e1","bgt_status":"bestaand","class":"watervlakte","plus_type":"meer, plas, ven, vijver","objecttype":"Waterdeel"},"geometry":{"type":"Polygon","coordinates":[[[172424.471,559143.794],[172419.75,559135.48],[172418.42,559133.46],[172411.34,559121.587],[172406.41,559113.32],[172399.09,559100.83],[172396.68,559096.76],[172396.23,559095.945],[172395.4,559094.44],[172394.91,559093.43],[172394.73,559092.82],[172394.54,559092.14],[172394.48,559091.81],[172394.49,559091.44],[172394.53,559090.91],[172394.62,559090.57],[172394.68,559090.29],[172394.82,559089.8],[172394.93,559089.48],[172395.042,559089.195],[172395.25,559088.83],[172395.399,559088.61],[172395.48,559088.49],[172395.72,559088.17],[172396.05,559087.81],[172396.39,559087.57],[172396.79,559087.36],[172397.32,559087.17],[172397.8,559087.01],[172398.41,559086.85],[172398.99,559086.72],[172399.59,559086.66],[172400.12,559086.65],[172400.47,559086.66],[172400.82,559086.68],[172401.14,559086.71],[172401.84,559086.78],[172402.28,559086.87],[172405.17,559087.33],[172405.99,559087.56],[172406.78,559087.78],[172407.33,559088.02],[172407.82,559088.36],[172408.36,559088.68],[172408.85,559089.07],[172409.29,559089.41],[172409.63,559089.79],[172409.91,559090.15],[172410.13,559090.53],[172410.42,559090.84],[172410.59,559091.07],[172412.62,559095.89],[172417.944,559108.924],[172418.91,559111.29],[172419.2,559111.75],[172419.43,559112.13],[172419.65,559112.54],[172419.86,559112.82],[172420.08,559113.1],[172420.42,559113.44],[172420.78,559113.8],[172421.2,559114.08],[172433.04,559124.52],[172442.89,559133.93],[172443.48,559134.55],[172443.79,559134.98],[172444.17,559135.52],[172444.7,559136.23],[172445.03,559136.77],[172445.3,559137.25],[172445.55,559137.91],[172445.78,559138.47],[172446.02,559139.07],[172446.22,559139.63],[172446.43,559140.34],[172446.528,559140.721],[172446.61,559141.04],[172446.71,559141.7],[172446.84,559142.53],[172447.282,559145.468],[172447.8,559148.91],[172448.024,559150.723],[172450.286,559158.933],[172452.55,559173.128],[172452.714,559174.386],[172452.778,559175.317],[172452.205,559176.414],[172451.663,559177.162],[172450.653,559178.304],[172449.32,559179.148],[172447.416,559179.806],[172447.26,559179.89],[172446.98,559180.03],[172446.7,559180.1],[172446.43,559180.16],[172446.13,559180.21],[172445.82,559180.2],[172445.5,559180.16],[172445.25,559180.13],[172445.03,559180.05],[172444.64,559179.84],[172444.07,559179.59],[172443.65,559179.31],[172443.43,559179.13],[172443.06,559178.86],[172442.8,559178.58],[172442.48,559178.27],[172442.26,559177.99],[172442.05,559177.73],[172441.81,559177.42],[172441.62,559177.12],[172441.33,559176.56],[172441.19,559176.15],[172441.08,559175.73],[172440.97,559175.37],[172440.88,559174.99],[172440.79,559174.59],[172440.77,559174.29],[172440.46,559169.68],[172440.33,559166.75],[172440.16,559165.79],[172440,559165.01],[172439.9,559164.43],[172439.74,559163.63],[172439.64,559163.02],[172439.39,559162.16],[172439.26,559161.46],[172439.03,559160.73],[172438.85,559160.1],[172438.62,559159.54],[172438.33,559159.06],[172437.98,559158.47],[172437.61,559158.06],[172437.35,559157.63],[172437.11,559157.34],[172436.79,559157.06],[172436.48,559156.77],[172435.97,559156.26],[172435.55,559155.97],[172435.18,559155.66],[172434.55,559155.26],[172433.9,559154.95],[172433.14,559154.5],[172432.4,559154.1],[172431.79,559153.68],[172431.15,559153.21],[172430.59,559152.77],[172430.01,559152.23],[172429.57,559151.84],[172429.25,559151.45],[172428.8,559150.91],[172428.43,559150.53],[172427.95,559149.84],[172427.71,559149.5],[172424.471,559143.794]]]}},{"type":"Feature","properties":{"relatieveHoogteligging":0,"lokaalID":"G1900.f82db8c686a44804a841e616139ca5ee","bgt_status":"bestaand","class":"waterloop","objecttype":"Waterdeel"},"geometry":{"type":"Polygon","coordinates":[[[172906.161,559046.343],[172907.377,559061.821],[172908.348,559069.18],[172909.079,559076.143],[172909.15,559078.09],[172911.13,559100.58],[172913.78,559128.83],[172916.18,559156.2],[172918.055,559179.747],[172916.75,559181.95],[172912.45,559187.65],[172911.3,559189.9],[172910.7,559192.97],[172910.41,559199.99],[172910.746,559209.686],[172910.9,559211.78],[172911.061,559213.792],[172911.59,559220.42],[172912.78,559236.89],[172912.79,559237.32],[172912.77,559237.72],[172912.74,559238.22],[172912.67,559238.79],[172912.57,559239.21],[172912.45,559239.7],[172912.29,559240.35],[172912.08,559241.19],[172911.81,559242.15],[172911.51,559242.99],[172911.12,559243.92],[172910.73,559244.85],[172910.25,559245.86],[172909.73,559246.86],[172909.59,559247.05],[172909.09,559247.65],[172908.8,559247.99],[172908.51,559248.35],[172908.13,559248.83],[172907.77,559249.07],[172907.53,559249.33],[172907.27,559249.52],[172907.01,559249.71],[172906.7,559249.99],[172906.44,559250.2],[172906.21,559250.32],[172905.98,559250.51],[172905.64,559250.76],[172905.25,559250.97],[172904.64,559251.32],[172904.43,559251.41],[172904.1,559251.59],[172903.79,559251.75],[172903.46,559251.89],[172903.15,559252.05],[172902.72,559252.13],[172902.24,559252.23],[172901.61,559252.32],[172879.2,559254.16],[172855.99,559255.95],[172855.59,559255.94],[172855.29,559255.92],[172854.99,559255.91],[172854.77,559255.9],[172854.52,559255.86],[172854.22,559255.84],[172853.99,559255.83],[172853.65,559255.79],[172853.38,559255.7],[172853.18,559255.67],[172852.79,559255.45],[172852.52,559255.26],[172852.33,559255.1],[172852.16,559254.87],[172852.03,559254.64],[172851.89,559254.43],[172851.82,559254.23],[172851.68,559254],[172851.54,559253.76],[172851.49,559253.646],[172851.43,559253.51],[172851.34,559253.15],[172851.26,559252.86],[172851.16,559252.03],[172851.82,559250.69],[172853.35,559249.09],[172897.96,559245.53],[172900.05,559244.92],[172902.47,559243.53],[172904.08,559241.68],[172905.14,559239.41],[172905.23,559235.17],[172902.77,559197.59],[172903.12,559193],[172903.335,559191.87],[172903.612,559190.411],[172907.48,559177.53],[172908.85,559171.47],[172908.9,559166.76],[172903.22,559102.75],[172897.233,559039.223],[172897.266,559037.464],[172897.159,559036.038],[172896.273,559032.491],[172894.382,559029.653],[172891.688,559026.579],[172889.419,559024.924],[172886.489,559023.458],[172882.896,559022.654],[172878.719,559021.719],[172859.641,559024.214],[172857.537,559024.489],[172856.058,559023.735],[172855.51,559022.621],[172855.51,559021.318],[172856.187,559019.828],[172857.067,559017.695],[172858.387,559015.969],[172860.723,559014.919],[172864.056,559014.159],[172873.685,559012.961],[172882.301,559011.583],[172891.272,559011.88],[172892.284,559012.162],[172894.101,559014.033],[172896.182,559016.176],[172898.272,559017.898],[172899.745,559019.275],[172900.777,559020.563],[172901.804,559022.202],[172902.745,559024.225],[172903.671,559027.19],[172904.398,559029.517],[172904.721,559031.159],[172905.014,559033.537],[172905.367,559037.331],[172905.587,559039.042],[172906.161,559046.343]]]}},{"type":"Feature","properties":{"relatieveHoogteligging":0,"lokaalID":"G1900.a450aa6a7d1c4cf8b71a73794d16935f","bgt_status":"bestaand","class":"waterloop","objecttype":"Waterdeel"},"geometry":{"type":"Polygon","coordinates":[[[172727.422,558724.757],[172727.629,558724.739],[172729.954,558723.294],[172738.812,558713.876],[172749.017,558701.4],[172761.243,558686.451],[172765.408,558681.56],[172777.029,558669.352],[172787.183,558658.685],[172797.764,558646.973],[172809.939,558633.497],[172815.577,558627.256],[172824.914,558617.984],[172835.943,558605.75],[172839.114,558601.484],[172839.044,558598.699],[172827.561,558588.586],[172818.604,558580.271],[172813.678,558575.987],[172814.695,558574.891],[172816.622,558576.68],[172819.113,558578.917],[172824.844,558584.064],[172827.383,558586.723],[172828.997,558588.266],[172829.48,558588.186],[172829.839,558588.126],[172830.305,558587.582],[172831.944,558585.67],[172843.31,558572.62],[172849.625,558565.604],[172850.958,558564.201],[172852.431,558563.359],[172854.536,558563.078],[172863.096,558561.534],[172870.182,558560.131],[172873.936,558558.805],[172875.002,558557.625],[172875.655,558556.904],[172876.146,558552.133],[172875.234,558545.397],[172875.145,558544.966],[172874.603,558538.872],[172873.761,558531.154],[172873.831,558529.4],[172874.252,558528.418],[172875.094,558528.137],[172876.405,558528.367],[172876.904,558529.545],[172876.912,558529.806],[172877.039,558533.859],[172878.022,558543.12],[172878.302,558549.575],[172877.741,558553.083],[172877.671,558557.854],[172877.11,558559.679],[172876.197,558560.731],[172874.163,558561.433],[172872.941,558561.72],[172871.448,558562.071],[172870.584,558562.275],[172861.814,558564.169],[172855.429,558565.572],[172852.342,558566.274],[172850.097,558568.519],[172834.521,558586.2],[172831.955,558589.043],[172832.023,558590.439],[172833.559,558591.799],[172837.057,558594.897],[172839.713,558596.795],[172841.19,558598.196],[172841.225,558598.959],[172841.869,558599.999],[172841.939,558601.402],[172840.941,558603.25],[172840.522,558605.825],[172840.491,558606.333],[172840.389,558608.024],[172840.632,558608.952],[172840.923,558609.259],[172845.432,558614.014],[172846.516,558615.157],[172849.828,558619.705],[172850.004,558621.362],[172848.7,558621.856],[172848.123,558621.525],[172846.729,558620.726],[172842.569,558615.192],[172841.019,558613.13],[172839.469,558611.067],[172837.777,558610.045],[172835.875,558611.208],[172829.412,558618.058],[172814.821,558633.525],[172796.393,558653.938],[172780.678,558670.544],[172766.753,558686.346],[172757.335,558697.554],[172746.288,558710.701],[172736.986,558721.771],[172732.476,558726.777],[172730.443,558728.276],[172727.422,558724.757]]]}},{"type":"Feature","properties":{"relatieveHoogteligging":0,"lokaalID":"G1900.2f2b3128087b42259ff7e4c4b0a7c6c4","bgt_status":"bestaand","class":"waterloop","objecttype":"Waterdeel"},"geometry":{"type":"Polygon","coordinates":[[[172801.92,558317.442],[172803.799,558317.738],[172805.234,558330.168],[172805.752,558337.762],[172806.034,558341.892],[172804.987,558347.372],[172802.51,558352.006],[172800.376,558354.484],[172790.57,558363.132],[172787.329,558366.395],[172785.718,558367.221],[172784.893,558368.43],[172784.53,558369.317],[172785.062,558370.067],[172788.401,558372.671],[172795.906,558378.523],[172797.915,558382.331],[172794.622,558387.578],[172790.374,558392.344],[172784.278,558399.183],[172782.059,558402.286],[172780.438,558406.411],[172780.182,558410.991],[172780.508,558417.199],[172780.755,558421.888],[172778.641,558428.023],[172772.263,558438.036],[172768.176,558443.324],[172762.785,558451.539],[172761.234,558454.183],[172760.988,558456.898],[172769.021,558470.013],[172771.629,558477.452],[172772.965,558483.016],[172773.179,558490.955],[172773.355,558497.477],[172774.694,558502.413],[172777.443,558507.631],[172781.223,558511.821],[172783.7,558513.594],[172788.028,558514.526],[172792.035,558514.934],[172798.272,558515.569],[172800.739,558515.378],[172802.556,558516.696],[172802.556,558517.256],[172801.233,558518.909],[172799.976,558519.703],[172798.323,558519.901],[172796.669,558519.835],[172795.751,558519.376],[172795.66,558519.148],[172794.029,558518.06],[172791.634,558517.246],[172786.861,558516.469],[172783.398,558515.905],[172779.451,558512.238],[172776.091,558508.196],[172772.7,558502.705],[172771.343,558496.597],[172771.237,558488.127],[172770.251,558480.018],[172768.595,558473.425],[172763.908,558465.166],[172761.548,558461.605],[172758.271,558458.186],[172756.65,558457.939],[172753.973,558459.424],[172740.178,558469.576],[172726.382,558479.727],[172718.525,558485.509],[172702.915,558503.243],[172686.742,558520.483],[172675.426,558533.058],[172664.71,558544.306],[172658.341,558550.991],[172657.186,558549.89],[172656.357,558549.311],[172628.487,558529.849],[172621.102,558524.976],[172611.325,558518.377],[172597.031,558508.836],[172595.701,558507.949],[172594.985,558507.267],[172605.568,558496.139],[172617.84,558483.235],[172626.71,558473.187],[172638.291,558460.067],[172644.14,558453.721],[172644.457,558452.664],[172643.823,558450.478],[172635.966,558445.612],[172628.073,558439.513],[172623.412,558435.53],[172615.632,558427.706],[172591.806,558403.746],[172584.865,558396.765],[172582.856,558394.144],[172585.569,558393.084],[172586.808,558395.788],[172598.901,558408.195],[172608.445,558417.986],[172619.197,558428.341],[172624.855,558434.284],[172631.007,558439.533],[172636.452,558442.987],[172641.184,558445.989],[172645.774,558450.421],[172646.962,558451.066],[172648.291,558450.26],[172660.271,558436.923],[172663.634,558433.962],[172664.782,558434.707],[172664.868,558436.621],[172661.641,558440.187],[172653.595,558449.076],[172652.197,558450.179],[172650.385,558451.61],[172650.144,558452.275],[172650.989,558453.967],[172669.738,558469.944],[172669.322,558470.403],[172668.153,558471.693],[172657.153,558462.434],[172651.304,558457.075],[172648.485,558455.312],[172647.041,558455.171],[172637.547,558463.818],[172619.275,558483.799],[172602.961,558501.639],[172598.328,558506.382],[172598.905,558507.223],[172599.975,558508.782],[172620.012,558521.919],[172627.428,558526.731],[172640.776,558535.812],[172658.018,558547.567],[172658.855,558548.138],[172676.066,558530.073],[172688.997,558516.499],[172699.533,558504.865],[172710.526,558491.996],[172715.177,558486.919],[172721.59,558481.278],[172727.862,558477.012],[172734.698,558471.195],[172744.353,558464.003],[172752.14,558458.644],[172756.368,558454.836],[172758.87,558452.862],[172761.689,558449.336],[172765.705,558443.413],[172772.541,558435.234],[172775.43,558430.192],[172777.368,558424.974],[172778.757,558419.903],[172778.285,558411.401],[172778.038,558406.959],[172778.461,558405.125],[172780.61,558401.036],[172784.063,558396.452],[172789.912,558390.071],[172793.824,558384.536],[172794.74,558382.174],[172794.07,558380.023],[172786.494,558373.677],[172782.16,558370.363],[172780.223,558369.764],[172777.791,558369.728],[172775.994,558370.469],[172773.175,558373.924],[172761.371,558385.664],[172757.918,558388.414],[172753.408,558392.715],[172729.304,558419.488],[172727.735,558418.056],[172739.441,558405.218],[172747.439,558396.087],[172751.668,558391.962],[172752.69,558389.67],[172753.782,558388.189],[172757.728,558385.757],[172771.102,558373.008],[172772.678,558370.878],[172772.655,558369.83],[172772.203,558368.869],[172769.952,558367.428],[172763.399,558363.233],[172761.059,558360.771],[172760.756,558358.332],[172758.325,558338.765],[172757.127,558326.637],[172756.14,558319.798],[172756.37,558314.804],[172760.521,558314.317],[172759.13,558317.355],[172758.162,558319.468],[172758.365,558321.706],[172759.83,558337.884],[172761.989,558357.763],[172762.754,558360.342],[172769.842,558365.721],[172772.157,558366.99],[172779.446,558367.534],[172781.641,558367.937],[172783.524,558367.122],[172796.841,558354.167],[172801.281,558349.848],[172803.069,558345.961],[172804.249,558341.868],[172803.227,558331.154],[172801.92,558317.442]]]}}]}