{"type":"FeatureCollection","name":"bgt_wegdeel","crs":{"type":"name","properties":{"name":"urn:ogc:def:crs:EPSG::28992"}},"features":[{"type":"Feature","properties":{"relatieveHoogteligging":0,"lokaalID":"G1900.c64592ea90a141af849c97ea4438aa0b","bgt_status":"bestaand","function":"voetpad","surfaceMaterial":"open verharding","wegdeelOpTalud":"false","plus_fysiekVoorkomenWegdeel":"sierbestrating"},"geometry":{"type":"Polygon","coordinates":[[[171908.516,559383.941],[171910.365,559388.825],[171911.428,559391.633],[171912.392,559393.786],[171912.811,559394.694],[171909.563,559393.576],[171907.906,559395.301],[171907.709,559395.526],[171906.822,559394.682],[171910.038,559391.349],[171903.515,559374.118],[171904.637,559373.694],[171906.557,559378.766],[171908.516,559383.941]]]}},{"type":"Feature","properties":{"relatieveHoogteligging":0,"lokaalID":"G1900.25197b6fe1ef4586907fb3ca5802e70b","bgt_status":"bestaand","function":"fietspad","surfaceMaterial":"gesloten verharding","wegdeelOpTalud":"false","plus_fysiekVoorkomenWegdeel":"asfalt"},"geometry":{"type":"Polygon","coordinates":[[[172216.168,559749.992],[172209.006,559754.817],[172199.399,559761.344],[172194.449,559764.677],[172184.816,559771.17],[172178.348,559775.54],[172173.32,559778.962],[172167.549,559782.835],[172159.824,559788.067],[172154.61,559791.579],[172150.723,559794.197],[172146.281,559797.163],[172143.159,559799.117],[172134.004,559804.787],[172129.565,559807.659],[172128.242,559808.561],[172127.398,559809.318],[172126.974,559809.698],[172119.094,559814.683],[172116.127,559816.591],[172111.071,559820.006],[172106.315,559823.405],[172102.902,559825.697],[172099.236,559828.179],[172094.512,559831.546],[172089.725,559834.882],[172084.947,559838.395],[172080.004,559841.796],[172075.059,559845.194],[172071.172,559847.856],[172066.244,559851.277],[172062.95,559853.547],[172059.665,559855.83],[172056.368,559858.095],[172053.079,559860.371],[172049.795,559862.655],[172046.497,559864.918],[172041.559,559868.327],[172038.257,559870.585],[172034.975,559872.871],[172031.675,559875.133],[172028.382,559877.404],[172025.084,559879.666],[172021.787,559881.932],[172018.495,559884.204],[172015.201,559886.474],[172011.896,559888.727],[172008.599,559890.993],[172003.657,559894.396],[171998.716,559897.798],[171995.4,559900.113],[171994.399,559899.127],[171993.417,559898.16],[171993.199,559897.945],[171993.744,559897.572],[171994.181,559897.278],[171997.062,559895.337],[172000.244,559893.192],[172000.379,559893.101],[172001.23,559892.501],[172003.648,559890.795],[172006.924,559888.502],[172010.206,559886.215],[172011.24,559885.516],[172013.52,559883.974],[172018.438,559880.537],[172021.731,559878.266],[172024.982,559875.934],[172028.268,559873.653],[172031.538,559871.349],[172034.077,559869.677],[172036.55,559868.048],[172036.768,559867.898],[172049.983,559858.808],[172051.386,559857.854],[172054.683,559855.589],[172057.972,559853.313],[172061.251,559851.021],[172064.527,559848.726],[172068.659,559845.919],[172073.041,559842.891],[172076.106,559840.786],[172079.067,559838.752],[172086.524,559833.611],[172094.111,559828.421],[172099.425,559824.763],[172107.004,559819.538],[172114.199,559814.57],[172120.956,559809.881],[172127.945,559805.057],[172128.199,559805.306],[172130.01,559804.093],[172132.657,559802.265],[172144.312,559794.739],[172171.593,559777.184],[172189.452,559765.085],[172207.601,559752.795],[172213.986,559748.35],[172215.016,559749.125],[172216.168,559749.992]]]}},{"type":"Feature","properties":{"relatieveHoogteligging":0,"lokaalID":"L0002.857fbc32286b4ea4b7af548ce1ca2582","bgt_status":"bestaand","function":"rijbaan autoweg","surfaceMaterial":"gesloten verharding","wegdeelOpTalud":"false"},"geometry":{"type":"Polygon","coordinates":[[[172075.707,559840.19],[172071.587,559843.022],[172067.462,559845.849],[172063.349,559848.692],[172059.235,559851.534],[172055.122,559854.376],[172050.999,559857.206],[172046.887,559860.05],[172042.765,559862.879],[172038.657,559865.732],[172034.542,559868.571],[172030.426,559871.41],[172026.509,559874.104],[172026.307,559874.243],[172022.186,559877.076],[172018.069,559879.913],[172013.949,559882.745],[172009.826,559885.575],[172005.711,559888.415],[172001.587,559891.241],[171997.479,559894.092],[171993.715,559896.631],[171993.333,559896.888],[171992.627,559897.382],[171992.521,559897.277],[171991.959,559896.723],[171989.5,559894.3],[171987.027,559891.865],[171986.43,559891.277],[171987.395,559890.609],[171988.596,559889.778],[171992.696,559886.915],[171996.751,559883.988],[172000.818,559881.075],[172004.87,559878.144],[172007.162,559876.535],[172010.722,559874.016],[172014.83,559871.167],[172018.943,559868.324],[172023.055,559865.478],[172027.17,559862.639],[172031.291,559859.806],[172035.193,559857.106],[172039.309,559854.267],[172043.423,559851.426],[172047.53,559848.574],[172051.644,559845.733],[172055.762,559842.896],[172059.868,559840.044],[172063.988,559837.212],[172068.104,559834.373],[172072.214,559831.525],[172084.167,559823.414],[172090.633,559818.958],[172098.132,559813.792],[172106.002,559808.414],[172116.277,559801.323],[172126.011,559794.539],[172138.65,559786.018],[172153.572,559775.685],[172165.568,559767.489],[172176.637,559759.876],[172187.336,559752.512],[172194.901,559747.294],[172207.264,559738.678],[172208.661,559738.874],[172210.686,559741.629],[172212.703,559744.374],[172211.984,559746.844],[172206.198,559750.571],[172196.549,559757.276],[172192.57,559759.678],[172188.359,559762.379],[172184.214,559765.175],[172180.154,559768.095],[172176.054,559770.959],[172171.888,559773.724],[172167.835,559776.656],[172163.766,559779.564],[172159.647,559782.399],[172155.531,559785.237],[172151.407,559788.064],[172147.237,559790.825],[172143.125,559793.668],[172139.053,559796.571],[172134.939,559799.414],[172130.828,559802.261],[172126.711,559805.099],[172122.46,559807.983],[172118.33,559810.802],[172114.222,559813.653],[172110.133,559816.531],[172106.019,559819.371],[172101.908,559822.218],[172097.786,559825.049],[172093.656,559827.866],[172089.534,559830.696],[172085.419,559833.536],[172081.298,559836.368],[172077.171,559839.191],[172075.707,559840.19]]]}},{"type":"Feature","properties":{"relatieveHoogteligging":0,"lokaalID":"G1900.0df4ff0b56bf48bfab3fcb6ad3dda703","bgt_status":"bestaand","function":"voetpad","surfaceMaterial":"open verharding","plus_fysiekVoorkomenWegdeel":"tegels"},"geometry":{"type":"Polygon","coordinates":[[[172092.444,559790.328],[172094.315,559789.468],[172095.475,559789.178],[172099.055,559787.594],[172102.492,559785.768],[172107.664,559782.897],[172111.004,559780.846],[172115.766,559777.334],[172120.57,559773.746],[172125.341,559770.111],[172130.092,559766.436],[172136.382,559761.511],[172141.194,559757.913],[172145.976,559754.283],[172150.72,559750.618],[172155.303,559746.878],[172158.198,559744.295],[172161.036,559741.533],[172163.648,559738.582],[172167.864,559734.297],[172171.96,559729.915],[172176.1,559725.57],[172180.143,559721.144],[172184.208,559716.738],[172186.99,559713.855],[172189.009,559714.077],[172187.672,559715.548],[172184.961,559718.49],[172182.229,559721.411],[172179.511,559724.346],[172176.781,559727.269],[172174.049,559730.192],[172171.322,559733.117],[172168.592,559736.041],[172165.867,559738.969],[172164.509,559740.438],[172163.134,559741.891],[172161.727,559743.313],[172160.283,559744.702],[172159.003,559745.938],[172157.55,559747.321],[172154.492,559749.901],[172152.904,559751.118],[172149.726,559753.551],[172146.541,559755.974],[172143.372,559758.416],[172140.193,559760.846],[172137.024,559763.289],[172133.849,559765.725],[172130.664,559768.147],[172127.629,559770.507],[172124.451,559772.943],[172121.269,559775.374],[172118.093,559777.813],[172114.907,559780.237],[172111.614,559782.508],[172109.935,559783.597],[172108.236,559784.656],[172106.499,559785.662],[172104.749,559786.648],[172102.996,559787.63],[172101.639,559788.342],[172099.837,559789.217],[172096.159,559790.792],[172094.323,559791.586],[172092.474,559792.349],[172088.759,559793.834],[172085.059,559795.351],[172081.382,559796.929],[172077.706,559798.507],[172073.996,559800.004],[172070.322,559801.551],[172066.616,559803.057],[172062.92,559804.587],[172059.226,559806.124],[172055.532,559807.658],[172051.861,559809.252],[172048.153,559810.753],[172044.46,559812.291],[172036.573,559815.524],[172027.87,559819.123],[172019.217,559822.742],[172010.596,559826.831],[172002.864,559831.615],[172000,559833.406],[171995.006,559836.529],[171987.01,559841.556],[171979.058,559846.539],[171971.189,559851.487],[171966.952,559853.983],[171964.902,559855.404],[171963.069,559857.196],[171961.61,559859.497],[171960.886,559861.408],[171960.47,559863.371],[171960.317,559865.801],[171960.28,559867.078],[171960.312,559867.177],[171958.751,559867.283],[171958.783,559865.639],[171959.478,559860.812],[171960.219,559858.871],[171961.955,559856.147],[171964.088,559854.091],[171966.072,559852.731],[171970.398,559850.017],[171978.09,559845.198],[171986.325,559840.031],[171994.197,559835.091],[172000,559831.467],[172001.952,559830.248],[172009.546,559825.666],[172018.604,559821.205],[172027.459,559817.52],[172035.938,559813.989],[172043.798,559810.701],[172049.373,559808.438],[172056.727,559805.328],[172062.239,559802.951],[172067.786,559800.633],[172073.343,559798.361],[172076.98,559796.794],[172082.516,559794.48],[172088.358,559792.088],[172089.962,559791.431],[172092.444,559790.328]]]}},{"type":"Feature","properties":{"relatieveHoogteligging":0,"lokaalID":"G1900.50eca61954614142abe908f3a5d84e5e","bgt_status":"bestaand","function":"fietspad","surfaceMaterial":"gesloten verharding","plus_fysiekVoorkomenWegdeel":"asfalt"},"geometry":{"type":"Polygon","coordinates":[[[171970.645,559876.722],[171974.299,559880.418],[171977.356,559883.51],[171978.133,559884.296],[171978.225,559884.385],[171975.923,559885.969],[171968.892,559879.052],[171964.524,559874.717],[171963.39,559873.499],[171962.319,559871.991],[171961.373,559870.221],[171960.718,559868.446],[171960.312,559867.177],[171960.28,559867.078],[171960.317,559865.801],[171960.47,559863.371],[171960.886,559861.408],[171961.61,559859.497],[171963.069,559857.196],[171964.902,559855.404],[171966.952,559853.983],[171971.189,559851.487],[171979.058,559846.539],[171987.01,559841.556],[171995.006,559836.529],[172000,559833.406],[172002.864,559831.615],[172010.596,559826.831],[172019.217,559822.742],[172027.87,559819.123],[172036.573,559815.524],[172044.46,559812.291],[172048.153,559810.753],[172051.861,559809.252],[172055.532,559807.658],[172059.226,559806.124],[172062.92,559804.587],[172066.616,559803.057],[172070.322,559801.551],[172073.996,559800.004],[172077.706,559798.507],[172081.382,559796.929],[172085.059,559795.351],[172088.759,559793.834],[172092.474,559792.349],[172094.323,559791.586],[172096.159,559790.792],[172099.837,559789.217],[172101.639,559788.342],[172102.996,559787.63],[172104.749,559786.648],[172106.499,559785.662],[172108.236,559784.656],[172109.935,559783.597],[172111.614,559782.508],[172114.907,559780.237],[172118.093,559777.813],[172121.269,559775.374],[172124.451,559772.943],[172127.629,559770.507],[172130.664,559768.147],[172133.849,559765.725],[172137.024,559763.289],[172140.193,559760.846],[172143.372,559758.416],[172146.541,559755.974],[172149.726,559753.551],[172152.904,559751.118],[172154.492,559749.901],[172157.55,559747.321],[172159.003,559745.938],[172160.283,559744.702],[172161.727,559743.313],[172163.134,559741.891],[172164.509,559740.438],[172165.867,559738.969],[172168.592,559736.041],[172171.322,559733.117],[172174.049,559730.192],[172176.781,559727.269],[172179.511,559724.346],[172182.229,559721.411],[172184.961,559718.49],[172187.672,559715.548],[172189.009,559714.077],[172191.114,559716.057],[172188.314,559718.859],[172185.591,559721.789],[172182.859,559724.711],[172180.139,559727.643],[172177.419,559730.577],[172174.694,559733.504],[172171.95,559736.415],[172169.215,559739.334],[172166.492,559742.265],[172163.726,559745.155],[172162.311,559746.571],[172160.695,559748.025],[172157.738,559750.729],[172154.608,559753.22],[172151.439,559755.663],[172148.28,559758.119],[172145.103,559760.552],[172141.939,559762.999],[172138.767,559765.438],[172135.574,559767.852],[172132.396,559770.284],[172129.182,559772.747],[172127.599,559773.973],[172124.425,559776.416],[172121.258,559778.869],[172118.027,559781.228],[172113.144,559784.716],[172109.755,559786.848],[172106.302,559788.888],[172102.656,559790.839],[172099.026,559792.529],[172095.34,559794.083],[172091.649,559795.628],[172087.964,559797.182],[172084.279,559798.739],[172080.585,559800.275],[172076.888,559801.802],[172073.186,559803.34],[172069.482,559804.85],[172065.797,559806.407],[172062.11,559807.962],[172058.417,559809.499],[172054.709,559810.999],[172051.014,559812.532],[172045.451,559814.782],[172037.689,559818],[172028.988,559821.612],[172020.465,559825.168],[172012.086,559829.304],[172004.309,559833.972],[172000,559836.665],[171996.344,559838.95],[171988.405,559843.949],[171980.574,559848.881],[171972.734,559853.809],[171970.554,559855.156],[171968.846,559856.238],[171966.833,559857.606],[171965.341,559858.948],[171964.431,559860.382],[171963.632,559862.402],[171963.325,559864.222],[171963.303,559865.96],[171963.535,559867.544],[171963.99,559868.876],[171964.711,559870.342],[171965.619,559871.676],[171966.987,559873.131],[171970.149,559876.244],[171970.645,559876.722]]]}},{"type":"Feature","properties":{"relatieveHoogteligging":0,"lokaalID":"G1900.dad23deae4b04410a01280ab8b61eb40","bgt_status":"bestaand","function":"rijbaan lokale weg","surfaceMaterial":"open verharding","plus_fysiekVoorkomenWegdeel":"betonstraatstenen"},"geometry":{"type":"Polygon","coordinates":[[[171998.495,559300.356],[172003.195,559304.061],[172001.934,559305.743],[172001.59,559306.24],[172000.73,559307.4],[172000,559308.37],[171999.89,559308.52],[171999.05,559309.7],[171998.27,559310.82],[171997.37,559312.06],[171996.73,559312.98],[171995.85,559314.28],[171995.05,559315.52],[171994.23,559316.74],[171993.21,559318.28],[171992.39,559319.58],[171991.53,559320.92],[171990.75,559322.22],[171990.03,559323.42],[171989.13,559324.86],[171988.611,559325.733],[171981.597,559338.411],[171981.234,559339.17],[171980.748,559340.184],[171977.74,559346.47],[171976.81,559348.256],[171976.662,559348.451],[171975.99,559349.685],[171974.137,559353.878],[171973.089,559356.416],[171972.294,559358.583],[171972.037,559359.285],[171971.993,559359.404],[171970.664,559362.999],[171968.099,559369.776],[171966.047,559375.557],[171965.564,559377.127],[171965.553,559377.395],[171965.519,559378.229],[171965.715,559379.271],[171966.243,559380.372],[171967.254,559381.505],[171968.657,559382.38],[171971.536,559383.252],[171977.809,559384.953],[172016.18,559396.37],[172020.477,559397.565],[172022.137,559398.027],[172022.27,559398.01],[172030.49,559400.41],[172032.51,559400.986],[172034.396,559401.524],[172035.54,559401.85],[172038.553,559402.71],[172041.27,559403.75],[172041.75,559403.9],[172042.11,559404.01],[172042.59,559404.07],[172042.99,559404.11],[172043.39,559404.15],[172043.79,559404.14],[172044.19,559404.09],[172044.53,559404.01],[172044.89,559403.91],[172045.31,559403.75],[172045.67,559403.54],[172046.09,559403.2],[172046.47,559402.84],[172046.83,559402.49],[172047.11,559402.19],[172047.41,559401.8],[172047.61,559401.47],[172047.81,559401.12],[172045.962,559407.868],[172044.469,559413.32],[172043.624,559411.584],[172042.387,559410.452],[172038.67,559409.157],[172028.837,559406.138],[172013.787,559401.885],[171998.421,559397.395],[171977.721,559391.319],[171957.082,559385.318],[171956.413,559385.138],[171957.767,559381.073],[171957.936,559380.565],[171957.88,559380.43],[171959.415,559376.125],[171963.771,559363.046],[171972.198,559343.582],[171972.375,559343.173],[171972.493,559342.943],[171974.698,559338.624],[171975.362,559337.295],[171978.953,559330.442],[171983.75,559322.231],[171985.863,559318.578],[171986.828,559316.661],[171987.039,559315.076],[171986.843,559313.371],[171986.164,559312.057],[171985.545,559311.586],[171988.583,559306.111],[171989.121,559306.435],[171990.781,559306.798],[171992.606,559306.662],[171994.492,559305.59],[171996.137,559303.341],[171997.507,559301.606],[171997.713,559301.346],[171998.1,559300.855],[171998.18,559300.754],[171998.495,559300.356]]]}},{"type":"Feature","properties":{"relatieveHoogteligging":0,"lokaalID":"G1900.440696554eb14f3ca22d6a56b855e7c5","bgt_status":"bestaand","function":"parkeervlak","surfaceMaterial":"open verharding","plus_fysiekVoorkomenWegdeel":"betonstraatstenen"},"geometry":{"type":"Polygon","coordinates":[[[171967.711,559341.745],[171968.17,559341.93],[171971.83,559343.61],[171972.03,559343.63],[171972.198,559343.582],[171963.771,559363.046],[171959.415,559376.125],[171957.88,559380.43],[171957.68,559380.31],[171953.9,559379.07],[171953.501,559378.928],[171961.059,559357.734],[171965.728,559346.587],[171967.711,559341.745]]]}},{"type":"Feature","properties":{"relatieveHoogteligging":0,"lokaalID":"G1900.58e27a85290341d0a5e8ee3bd0716c3d","bgt_status":"bestaand","function":"parkeervlak","surfaceMaterial":"open verharding","plus_fysiekVoorkomenWegdeel":"betonstraatstenen"},"geometry":{"type":"Polygon","coordinates":[[[171977.809,559384.953],[171980.48,559383.87],[171980.78,559383.83],[171993.26,559387.51],[172000,559389.5],[172002.62,559390.27],[172014.38,559393.67],[172014.692,559393.787],[172014.99,559394.05],[172016.02,559396.17],[172016.18,559396.37],[171977.809,559384.953]]]}},{"type":"Feature","properties":{"relatieveHoogteligging":0,"lokaalID":"G1900.2fc927d32d8345e3b8581e783e083a22","bgt_status":"bestaand","function":"fietspad","surfaceMaterial":"gesloten verharding","plus_fysiekVoorkomenWegdeel":"asfalt"},"geometry":{"type":"Polygon","coordinates":[[[171472.434,559546.83],[171625.079,559675.016],[171630.134,559679.337],[171654.87,559700.48],[171678.96,559720.66],[171699.78,559738.22],[171714.949,559750.991],[171719.099,559754.055],[171769.288,559796.517],[171781.216,559806.592],[171824.297,559843.086],[171836.286,559853.323],[171839.559,559856.173],[171849.472,559864.315],[171856.385,559870.078],[171864.914,559875.566],[171873.865,559880.332],[171883.179,559884.346],[171930.798,559904.816],[171935.569,559907.076],[171935.953,559907.277],[171936.331,559907.491],[171936.701,559907.718],[171937.969,559908.33],[171939.388,559909.523],[171939.991,559910.157],[171937.252,559911.927],[171936.755,559911.948],[171936.65,559911.333],[171936.515,559911.116],[171935.038,559910.256],[171933.905,559909.683],[171929.494,559907.406],[171882.034,559887.01],[171871.881,559882.393],[171862.143,559876.956],[171852.885,559870.735],[171848.975,559867.833],[171844.679,559864.405],[171840.467,559860.876],[171836.339,559857.247],[171820.456,559843.731],[171781.516,559810.669],[171764.358,559796.154],[171712.948,559752.745],[171688.721,559732.433],[171655.94,559704.86],[171624.943,559678.752],[171622.963,559676.766],[171470.393,559548.86],[171472.434,559546.83]]]}},{"type":"Feature","properties":{"relatieveHoogteligging":0,"lokaalID":"G1900.17486cdec5cf45199b1496423f7f7942","bgt_status":"bestaand","function":"voetpad","surfaceMaterial":"open verharding","plus_fysiekVoorkomenWegdeel":"tegels"},"geometry":{"type":"Polygon","coordinates":[[[172043.98,559347.64],[172042.92,559349.1],[172015.52,559330.6],[172010.1,559338.7],[172000,559332.588],[171991.556,559327.505],[171988.611,559325.733],[171989.13,559324.86],[171990.03,559323.42],[171990.75,559322.22],[171991.53,559320.92],[171992.39,559319.58],[171993.21,559318.28],[171994.23,559316.74],[171995.05,559315.52],[171995.85,559314.28],[171996.73,559312.98],[171997.37,559312.06],[171998.27,559310.82],[171999.05,559309.7],[171999.89,559308.52],[172000,559308.37],[172000.73,559307.4],[172001.59,559306.24],[172001.934,559305.743],[172004.61,559307.753],[172021.87,559320.72],[172021.985,559320.806],[172016.44,559329.02],[172043.98,559347.64]],[[172002.69,559308.93],[172002.349,559308.675],[172001.17,559310.24],[172000.25,559311.56],[172000,559311.9],[171999.19,559313.04],[171998.21,559314.46],[171997.23,559315.96],[171996.15,559317.48],[171995.23,559318.94],[171994.37,559320.2],[171993.49,559321.62],[171992.55,559323.18],[171991.509,559325.022],[171991.762,559325.174],[171993.413,559326.167],[171994.081,559326.569],[171993.932,559326.832],[172000,559330.485],[172007.017,559334.709],[172007.18,559334.461],[172009.753,559336.01],[172019.371,559321.429],[172016.965,559319.628],[172017.131,559319.377],[172004.931,559310.233],[172004.751,559310.474],[172004.249,559310.098],[172002.69,559308.93]]]}},{"type":"Feature","properties":{"relatieveHoogteligging":0,"lokaalID":"G1900.35d8d014ab174a05af170dc7cefc6d1b","bgt_status":"bestaand","function":"voetpad","surfaceMaterial":"open verharding","plus_fysiekVoorkomenWegdeel":"tegels"},"geometry":{"type":"Polygon","coordinates":[[[171965.715,559379.271],[171965.519,559378.229],[171965.553,559377.395],[171969.118,559378.472],[171974.808,559380.191],[172021.824,559394.011],[172023.395,559394.441],[172022.46,559397.79],[172022.27,559398.01],[172022.137,559398.027],[172020.477,559397.565],[172021.07,559395.59],[172014.692,559393.787],[172014.38,559393.67],[172002.62,559390.27],[172000,559389.5],[171993.26,559387.51],[171980.78,559383.83],[171965.715,559379.271]]]}},{"type":"Feature","properties":{"relatieveHoogteligging":0,"lokaalID":"G1900.4e35b002516c429598cba7884b9431bb","bgt_status":"bestaand","function":"rijbaan lokale weg","surfaceMaterial":"open verharding","plus_fysiekVoorkomenWegdeel":"betonstraatstenen"},"geometry":{"type":"Polygon","coordinates":[[[172045.564,559253.012],[172047.883,559251.218],[172063.07,559240.839],[172077.939,559232.867],[172078.102,559232.824],[172081.706,559231.099],[172101.937,559222.093],[172104.155,559221.112],[172105.211,559220.539],[172106.117,559219.633],[172111.22,559222.53],[172111.032,559222.914],[172110.466,559223.741],[172109.835,559224.459],[172109.204,559225.069],[172108.399,559225.765],[172107.659,559226.288],[172106.98,559226.69],[172106.77,559226.8],[172106.635,559226.823],[172083.051,559237.079],[172079.656,559238.847],[172078.399,559239.501],[172074.934,559241.306],[172068.975,559244.46],[172061.024,559249.487],[172056.381,559252.832],[172053.4,559254.84],[172052.32,559255.54],[172045.13,559261.04],[172043.27,559262.51],[172038.99,559266.33],[172037.67,559267.43],[172037.146,559267.873],[172033.017,559271.528],[172027.314,559276.978],[172026.908,559277.37],[172019.997,559284.042],[172019.155,559284.995],[172017.978,559286.326],[172014.128,559290.683],[172012.133,559293.003],[172009.028,559296.616],[172004.843,559301.872],[172004.713,559302.035],[172003.195,559304.061],[171998.495,559300.356],[172006.78,559289.865],[172011.005,559284.952],[172013.539,559282.337],[172018.582,559277.106],[172026.899,559268.891],[172034.16,559262.366],[172035.389,559261.209],[172045.564,559253.012]]]}},{"type":"Feature","properties":{"relatieveHoogteligging":0,"lokaalID":"G1900.e9f83685437d4919bef0bcba2362da1b","bgt_status":"bestaand","function":"voetpad","surfaceMaterial":"open verharding","plus_fysiekVoorkomenWegdeel":"tegels"},"geometry":{"type":"Polygon","coordinates":[[[171981.234,559339.17],[171983.677,559340.553],[171983.115,559341.486],[171980.748,559340.184],[171981.234,559339.17]]]}},{"type":"Feature","properties":{"relatieveHoogteligging":0,"lokaalID":"G1900.f753a0c5e0a74f129e267557102f25f8","bgt_status":"bestaand","function":"voetpad","surfaceMaterial":"open verharding","plus_fysiekVoorkomenWegdeel":"tegels"},"geometry":{"type":"Polygon","coordinates":[[[171968.009,559341.018],[171972.493,559342.943],[171972.375,559343.173],[171972.198,559343.582],[171972.03,559343.63],[171971.83,559343.61],[171968.17,559341.93],[171967.711,559341.745],[171968.009,559341.018]]]}},{"type":"Feature","properties":{"relatieveHoogteligging":0,"lokaalID":"G1900.0484f0dced5e4b65bc5c2b144f35dc26","bgt_status":"bestaand","function":"voetpad","surfaceMaterial":"open verharding","plus_fysiekVoorkomenWegdeel":"tegels"},"geometry":{"type":"Polygon","coordinates":[[[171972.294,559358.583],[171975.346,559359.678],[171975.417,559359.704],[171975.178,559360.448],[171975.098,559360.426],[171971.993,559359.404],[171972.037,559359.285],[171972.294,559358.583]]]}},{"type":"Feature","properties":{"relatieveHoogteligging":0,"lokaalID":"G1900.3ccfda26073141eaa134ffce9bd9f35d","bgt_status":"bestaand","function":"voetpad","surfaceMaterial":"open verharding","plus_fysiekVoorkomenWegdeel":"tegels"},"geometry":{"type":"Polygon","coordinates":[[[171979.095,559349.523],[171996.211,559357.067],[172003.445,559360.263],[172002.865,559361.452],[171993.782,559357.384],[171978.476,559350.761],[171978.258,559350.666],[171975.99,559349.685],[171976.662,559348.451],[171979.095,559349.523]]]}},{"type":"Feature","properties":{"relatieveHoogteligging":0,"lokaalID":"G1900.3e0e0d3d4c1842179d5327b87c5ba59e","bgt_status":"bestaand","function":"voetpad","surfaceMaterial":"open verharding","plus_fysiekVoorkomenWegdeel":"tegels"},"geometry":{"type":"Polygon","coordinates":[[[171977.292,559393.265],[171970.383,559422.294],[171969.973,559422.185],[171969.289,559422.002],[171972.94,559406.572],[171976.187,559392.945],[171977.292,559393.265]]]}},{"type":"Feature","properties":{"relatieveHoogteligging":1,"lokaalID":"G1900.7256604dfbe148d9b5bac274087cdb7b","bgt_status":"bestaand","function":"voetpad","surfaceMaterial":"open verharding"},"geometry":{"type":"Polygon","coordinates":[[[171925.826,559130.182],[171925.826,559134.159],[171924.468,559134.159],[171924.468,559130.182],[171925.826,559130.182]]]}},{"type":"Feature","properties":{"relatieveHoogteligging":0,"lokaalID":"G1900.d4b29e01e20a4d1c8e04ebd7fa7c936b","bgt_status":"bestaand","function":"voetpad","surfaceMaterial":"open verharding","plus_fysiekVoorkomenWegdeel":"tegels"},"geometry":{"type":"Polygon","coordinates":[[[171953.501,559378.928],[171953.9,559379.07],[171957.68,559380.31],[171957.88,559380.43],[171957.936,559380.565],[171957.767,559381.073],[171953.245,559379.644],[171953.501,559378.928]]]}},{"type":"Feature","properties":{"relatieveHoogteligging":0,"lokaalID":"G1900.51a85f647c7f40938f6f6c005a50b301","bgt_status":"bestaand","function":"voetpad","surfaceMaterial":"half verhard"},"geometry":{"type":"Polygon","coordinates":[[[171917.05,559058.094],[171916.562,559058.565],[171880.072,559093.719],[171879.45,559095.126],[171878.626,559094.405],[171879.175,559093.315],[171886.577,559086.43],[171916.479,559058.074],[171916.537,559058.019],[171917.05,559058.094]]]}},{"type":"Feature","properties":{"relatieveHoogteligging":0,"lokaalID":"G1900.437e7082bc4e40808346cd8305bc4976","bgt_status":"bestaand","function":"voetpad","surfaceMaterial":"half verhard"},"geometry":{"type":"Polygon","coordinates":[[[171963.128,558988.506],[171962.216,558989.615],[171952.81,559001.042],[171944.352,559010.376],[171934.685,559021.885],[171932.704,559026.238],[171932.24,559027.864],[171931.254,559031.316],[171930.175,559049.805],[171929.272,559065.265],[171929.141,559091.517],[171929.365,559115.673],[171931.105,559124.019],[171932.023,559126.285],[171933.358,559128.592],[171935.118,559131.02],[171936.757,559132.72],[171939.732,559135.694],[171942.767,559138.183],[171950.537,559143.16],[171967.412,559153.297],[171973.355,559157.35],[171975.075,559158.756],[171977.284,559162.846],[171978.748,559168.372],[171978.417,559171.274],[171978.016,559175.35],[171978.06,559179.587],[171978.003,559179.288],[171977.76,559177.92],[171977.497,559177.003],[171977.196,559176.098],[171976.857,559175.207],[171976.482,559174.33],[171976.07,559173.47],[171976.063,559173.456],[171975.614,559172.614],[171975.548,559172.502],[171975.587,559169.087],[171975.288,559166.434],[171974.735,559164.16],[171974.205,559163.185],[171973.646,559162.155],[171971.247,559159.454],[171968.486,559157.307],[171943.573,559141.618],[171936.503,559136.218],[171933.687,559134.067],[171930.016,559129.38],[171928.722,559126.459],[171927.396,559121.69],[171926.686,559117.568],[171926.56,559110.178],[171926.294,559072.1],[171927.013,559053.328],[171927.726,559034.731],[171929.493,559025.501],[171933.194,559019.035],[171945.789,559004.637],[171960.495,558987.825],[171961.115,558987.116],[171963.128,558988.506]]]}},{"type":"Feature","properties":{"relatieveHoogteligging":1,"lokaalID":"G1900.a6e28afaf0334700b9dd33cd4bf34b78","bgt_status":"bestaand","function":"voetpad","surfaceMaterial":"open verharding"},"geometry":{"type":"Polygon","coordinates":[[[171969.426,559167.786],[171967.463,559166.304],[171968.162,559165.342],[171971.375,559167.738],[171972.129,559168.383],[171971.384,559169.265],[171969.426,559167.786]]]}},{"type":"Feature","properties":{"relatieveHoogteligging":0,"lokaalID":"G1900.7dd813dbeee54199a7fc762ecdc8195e","bgt_status":"bestaand","function":"rijbaan lokale weg","surfaceMaterial":"open verharding","wegdeelOpTalud":"false","plus_fysiekVoorkomenWegdeel":"gebakken klinkers"},"geometry":{"type":"Polygon","coordinates":[[[171978.821,559182.497],[171978.94,559182.861],[171979.275,559183.751],[171982.89,559191.743],[171983.283,559192.666],[171983.311,559192.735],[171983.595,559193.395],[171983.622,559193.457],[171983.97,559194.163],[171984.353,559194.85],[171984.771,559195.517],[171985.222,559196.161],[171985.308,559196.277],[171985.797,559196.894],[171986.03,559197.159],[171983.568,559199.65],[171981.105,559196.324],[171978.518,559192.52],[171975.477,559186.139],[171975.471,559186.126],[171973.652,559182.038],[171972.131,559178.158],[171971.976,559177.789],[171971.654,559177.099],[171971.295,559176.427],[171970.903,559175.775],[171970.476,559175.144],[171970.017,559174.537],[171969.928,559174.426],[171969.431,559173.848],[171968.906,559173.298],[171968.389,559172.811],[171965.835,559170.352],[171966.177,559170.079],[171969.426,559167.786],[171971.384,559169.265],[171971.674,559169.454],[171972.077,559169.861],[171972.603,559170.445],[171972.995,559170.923],[171973.466,559171.553],[171974.397,559173.074],[171975.149,559174.498],[171975.261,559174.712],[171975.593,559175.409],[171975.888,559176.122],[171976.146,559176.85],[171976.291,559177.32],[171976.486,559178.067],[171976.643,559178.822],[171976.882,559180.005],[171977.114,559181.223],[171977.576,559182.738],[171977.615,559182.864],[171978.138,559182.705],[171978.431,559182.616],[171978.821,559182.497]]]}},{"type":"Feature","properties":{"relatieveHoogteligging":0,"lokaalID":"G1900.3042d6aece6843ee83b77605ebb6c116","bgt_status":"bestaand","function":"voetpad","surfaceMaterial":"open verharding","wegdeelOpTalud":"false","plus_fysiekVoorkomenWegdeel":"betonstraatstenen"},"geometry":{"type":"Polygon","coordinates":[[[171987.177,559196.102],[171987.199,559196.123],[171987.717,559196.634],[171986.592,559197.767],[171986.317,559197.484],[171986.03,559197.159],[171986.142,559197.033],[171986.735,559196.499],[171987.177,559196.102]]]}},{"type":"Feature","properties":{"relatieveHoogteligging":0,"lokaalID":"G1900.2af29a83e49049ca900612e34c962bf3","bgt_status":"bestaand","function":"rijbaan lokale weg","surfaceMaterial":"gesloten verharding","plus_fysiekVoorkomenWegdeel":"asfalt"},"geometry":{"type":"Polygon","coordinates":[[[171913.152,559926.45],[171913.074,559926.495],[171912.979,559926.55],[171912.13,559927.038],[171911.258,559927.54],[171910.627,559927.903],[171909.591,559928.499],[171909.114,559928.773],[171908.627,559929.054],[171907.506,559929.698],[171906.677,559930.175],[171905.629,559930.778],[171903.809,559929.24],[171899.667,559925.646],[171877.759,559906.66],[171845.885,559879.082],[171843.451,559876.984],[171810.242,559848.359],[171803.517,559842.526],[171793.05,559833.45],[171754.88,559801.24],[171735.16,559784.57],[171730.5,559780.76],[171717.08,559769.47],[171693,559749.21],[171672.11,559731.73],[171648.57,559711.95],[171621.01,559688.82],[171616.52,559684.96],[171603.82,559674.27],[171579.5,559653.86],[171556.42,559634.43],[171532.96,559614.78],[171514.72,559599.51],[171496.31,559584.14],[171477.09,559567.81],[171462.898,559555.94],[171462.703,559555.777],[171461.195,559554.517],[171460.314,559553.78],[171459.871,559553.41],[171464.232,559549.19],[171467.181,559551.66],[171467.312,559551.771],[171560.584,559629.877],[171598.534,559661.657],[171620.335,559679.913],[171622.246,559681.841],[171623.761,559683.117],[171653.301,559707.997],[171686.087,559735.575],[171726.122,559769.139],[171732.439,559774.458],[171739.424,559780.219],[171750.424,559789.49],[171752.048,559790.859],[171759.799,559797.522],[171781.895,559815.985],[171815.085,559844.349],[171836.66,559862.685],[171840.593,559865.415],[171845.552,559869.671],[171851.062,559874.286],[171883.164,559901.309],[171892.503,559908.571],[171911.256,559924.858],[171911.269,559924.855],[171913.152,559926.45]]]}},{"type":"Feature","properties":{"relatieveHoogteligging":0,"lokaalID":"G1900.141b9e375a5e42a0a59880391811526d","bgt_status":"bestaand","function":"rijbaan lokale weg","surfaceMaterial":"open verharding","wegdeelOpTalud":"false","plus_fysiekVoorkomenWegdeel":"betonstraatstenen"},"geometry":{"type":"Polygon","coordinates":[[[172001.656,559210.817],[172002.753,559211.749],[172003.339,559212.247],[172010.465,559218.301],[172019.19,559225.544],[172019.775,559226.03],[172016,559229.503],[172015.459,559228.748],[172012.775,559225.004],[172008.571,559221.167],[171998.739,559212.928],[171998.165,559212.446],[171997.48,559211.873],[171997.113,559211.565],[171994.34,559209.241],[171985.571,559201.711],[171983.568,559199.65],[171986.03,559197.159],[171986.317,559197.484],[171986.592,559197.767],[171986.866,559198.048],[171987.442,559198.583],[171989.682,559200.55],[171997.297,559207.114],[172000.037,559209.442],[172000.804,559210.093],[172001.656,559210.817]]]}},{"type":"Feature","properties":{"relatieveHoogteligging":0,"lokaalID":"G1900.37294fef4112424890f8249691fae7e0","bgt_status":"bestaand","function":"parkeervlak","surfaceMaterial":"open verharding","wegdeelOpTalud":"false","plus_fysiekVoorkomenWegdeel":"betonstraatstenen"},"geometry":{"type":"Polygon","coordinates":[[[171965.889,559292.928],[171967.922,559289.097],[171968.235,559289.282],[171978.055,559295.066],[171980.453,559296.478],[171986.422,559299.994],[171989.493,559301.803],[171988.183,559303.987],[171987.354,559305.369],[171965.889,559292.928]]]}},{"type":"Feature","properties":{"relatieveHoogteligging":0,"lokaalID":"G1900.70233d23387b4d5496a61688d5f154a0","bgt_status":"bestaand","function":"rijbaan lokale weg","surfaceMaterial":"open verharding","wegdeelOpTalud":"false","plus_fysiekVoorkomenWegdeel":"betonstraatstenen"},"geometry":{"type":"Polygon","coordinates":[[[171984.683,559310.93],[171964.901,559300.064],[171964.722,559299.915],[171963.092,559299.08],[171962.702,559298.886],[171962.596,559298.494],[171964.166,559295.551],[171964.325,559295.243],[171964.688,559294.542],[171965.047,559294.059],[171965.889,559292.928],[171987.354,559305.369],[171987.934,559305.719],[171988.583,559306.111],[171985.545,559311.586],[171984.683,559310.93]]]}},{"type":"Feature","properties":{"relatieveHoogteligging":0,"lokaalID":"G1900.94237fd4acc4479088f2ac97007aeceb","bgt_status":"bestaand","function":"voetpad","surfaceMaterial":"open verharding","wegdeelOpTalud":"false","plus_fysiekVoorkomenWegdeel":"tegels"},"geometry":{"type":"Polygon","coordinates":[[[171981.936,559428.831],[171986.735,559429.936],[171992.209,559431.198],[171997.665,559432.455],[172004.061,559433.929],[172004.935,559430.223],[172005.416,559430.351],[172006.29,559430.582],[172005.483,559434.329],[172012.393,559436.004],[172012.996,559433.438],[172013.875,559433.645],[172014.279,559433.74],[172013.464,559437.438],[171988.664,559431.637],[171948.732,559422.369],[171948.361,559423.942],[171947.912,559426.061],[171946.554,559425.498],[171947.336,559422.097],[171945.588,559421.722],[171945.25,559421.649],[171945.543,559420.467],[171945.867,559420.541],[171951.076,559421.736],[171956.417,559422.96],[171961.568,559424.141],[171968.412,559425.71],[171969.284,559422.023],[171969.289,559422.002],[171969.973,559422.185],[171970.383,559422.294],[171969.509,559425.967],[171976.501,559427.578],[171981.936,559428.831]]]}},{"type":"Feature","properties":{"relatieveHoogteligging":0,"lokaalID":"G1900.c33b8ea1567448c8b6d31d9327bd92de","bgt_status":"bestaand","function":"voetpad","surfaceMaterial":"open verharding","wegdeelOpTalud":"false","plus_fysiekVoorkomenWegdeel":"tegels"},"geometry":{"type":"Polygon","coordinates":[[[171941.372,559389.981],[171938.187,559394.281],[171932.133,559402.565],[171929.072,559407.125],[171928.602,559413.651],[171928.569,559414.339],[171927.182,559413.206],[171927.367,559408.552],[171926.95,559408.117],[171922.861,559409.675],[171922.819,559409.641],[171921.315,559408.31],[171927.102,559406.381],[171931.729,559400.151],[171938.258,559391.083],[171939.479,559389.415],[171944.707,559382.273],[171946.048,559383.268],[171945.273,559384.511],[171944.281,559385.879],[171941.395,559389.858],[171941.372,559389.981]]]}},{"type":"Feature","properties":{"relatieveHoogteligging":0,"lokaalID":"G1900.dd18a4006ad54ffabb30420d49a0f1a2","bgt_status":"bestaand","function":"voetpad","surfaceMaterial":"open verharding","wegdeelOpTalud":"false","plus_fysiekVoorkomenWegdeel":"tegels"},"geometry":{"type":"Polygon","coordinates":[[[171927.826,559358.725],[171907.582,559356.751],[171906.717,559356.666],[171906.854,559355.233],[171925.003,559356.436],[171934.167,559357.221],[171934.186,559359.303],[171927.826,559358.725]]]}},{"type":"Feature","properties":{"relatieveHoogteligging":0,"lokaalID":"G1900.68921c8605374488a3028209608228bc","bgt_status":"bestaand","function":"voetpad","surfaceMaterial":"open verharding","plus_fysiekVoorkomenWegdeel":"tegels"},"geometry":{"type":"Polygon","coordinates":[[[171887.944,559350.07],[171886.743,559351.365],[171886.319,559351.855],[171885.838,559352.29],[171885.308,559352.662],[171884.735,559352.966],[171884.13,559353.198],[171884.037,559353.226],[171883.405,559353.369],[171882.76,559353.434],[171882.112,559353.418],[171870.304,559353.053],[171865.93,559353.08],[171868.421,559352.753],[171881.267,559352.966],[171884.342,559352.996],[171885.194,559352.448],[171887.944,559350.07]]]}},{"type":"Feature","properties":{"relatieveHoogteligging":0,"lokaalID":"G1900.e65b81ef5ee8452f8d64ac705da2c1b6","bgt_status":"bestaand","function":"voetpad","surfaceMaterial":"half verhard","wegdeelOpTalud":"false"},"geometry":{"type":"Polygon","coordinates":[[[171893.449,559344.136],[171896.486,559340.861],[171911.817,559325.043],[171924.186,559311.866],[171924.816,559311.186],[171925.808,559310.213],[171926.854,559309.299],[171927.951,559308.447],[171929.003,559307.719],[171930.187,559306.993],[171931.411,559306.336],[171932.671,559305.751],[171938.779,559302.617],[171939.367,559302.298],[171940.766,559301.473],[171942.123,559300.581],[171943.224,559299.783],[171944.494,559298.772],[171950.443,559293.933],[171961.622,559284.608],[171973.344,559274.28],[171982.185,559265.155],[171991.787,559254.894],[172004.362,559241.518],[172011.867,559233.35],[172014.271,559230.733],[172015.459,559228.748],[172016,559229.503],[172016.713,559230.774],[172016.723,559230.827],[172015.343,559231.704],[172012.364,559234.95],[172003.907,559244.163],[172004.1,559244.766],[172003.353,559245.551],[172002.72,559245.393],[171995.498,559252.918],[171995.471,559253.33],[171994.436,559254.324],[171994.155,559254.294],[171988.463,559260.48],[171986.185,559262.888],[171981.116,559268.244],[171973.05,559276.366],[171967.237,559281.49],[171958.877,559288.638],[171958.788,559288.69],[171958.661,559288.795],[171958.558,559288.923],[171958.481,559289.068],[171958.434,559289.226],[171958.419,559289.39],[171958.432,559289.538],[171958.478,559289.696],[171958.554,559289.842],[171958.656,559289.971],[171965.047,559294.059],[171964.688,559294.542],[171964.325,559295.243],[171961.138,559293.216],[171957.583,559290.718],[171957.552,559290.695],[171957.378,559290.592],[171957.187,559290.525],[171956.987,559290.497],[171956.874,559290.498],[171956.675,559290.531],[171956.485,559290.603],[171950.985,559295.211],[171943.995,559300.903],[171940.882,559302.989],[171937.48,559304.883],[171934.079,559306.596],[171933.903,559306.708],[171933.692,559306.899],[171933.523,559307.127],[171933.402,559307.384],[171933.347,559307.584],[171933.318,559307.867],[171933.345,559308.15],[171933.729,559309.537],[171934.593,559315.205],[171935.177,559316.439],[171933.809,559317.102],[171933.801,559317.07],[171933.436,559316.312],[171932.304,559309.385],[171932.303,559309.314],[171932.271,559309.095],[171932.197,559308.886],[171932.084,559308.695],[171931.935,559308.53],[171931.757,559308.398],[171931.558,559308.302],[171931.343,559308.248],[171931.121,559308.236],[171930.937,559308.263],[171930.902,559308.268],[171928.25,559309.825],[171926.335,559311.561],[171924.185,559313.974],[171917.846,559320.704],[171917.984,559321.339],[171917.239,559322.082],[171916.69,559321.862],[171914.432,559324.259],[171914.373,559324.937],[171913.75,559325.613],[171913.273,559325.506],[171909.496,559329.633],[171909.666,559330.001],[171908.768,559330.928],[171908.355,559330.742],[171906.804,559332.361],[171904.631,559334.628],[171904.318,559334.955],[171892.303,559347.269],[171887.398,559352.534],[171887.291,559352.618],[171887.209,559352.715],[171887.147,559352.827],[171887.108,559352.949],[171887.094,559353.075],[171887.105,559353.202],[171887.14,559353.325],[171887.176,559353.402],[171887.249,559353.506],[171887.341,559353.595],[171887.448,559353.664],[171887.567,559353.711],[171895.749,559354.264],[171901.116,559354.732],[171903.161,559354.911],[171906.854,559355.233],[171906.717,559356.666],[171902.337,559356.252],[171894.633,559355.523],[171886.246,559354.982],[171886.21,559354.989],[171885.776,559355.118],[171885.37,559355.321],[171885.015,559355.585],[171884.704,559355.914],[171881.725,559360.769],[171879.655,559365.152],[171879.668,559365.838],[171881.21,559368.385],[171883.031,559370.992],[171886.084,559374.432],[171894.356,559382.735],[171905.912,559393.814],[171906.822,559394.682],[171907.709,559395.526],[171918.604,559405.91],[171921.315,559408.31],[171922.819,559409.641],[171922.861,559409.675],[171927.182,559413.206],[171928.569,559414.339],[171928.93,559414.634],[171929.623,559415.631],[171931.718,559417.09],[171935.299,559419.584],[171939.464,559422.142],[171939.875,559422.35],[171944.065,559424.465],[171944.863,559424.796],[171946.554,559425.498],[171947.912,559426.061],[171948.1,559426.139],[171956.867,559429.544],[171967.231,559433.635],[171977.6,559438.243],[171998.88,559446.696],[172008.366,559449.944],[172008.748,559450.079],[172010.304,559450.682],[172011.83,559451.359],[172013.321,559452.108],[172013.702,559452.315],[172015.146,559453.152],[172016.547,559454.058],[172017.903,559455.031],[172021.796,559458.357],[172023.507,559459.82],[172027.276,559463.204],[172028.65,559464.39],[172028.822,559464.541],[172030.34,559465.855],[172030.635,559466.11],[172030.877,559466.319],[172032.751,559467.832],[172032.86,559467.92],[172033.138,559468.216],[172033.504,559468.094],[172032.703,559470.235],[172031.642,559468.934],[172017.038,559456.195],[172016.886,559456.079],[172015.571,559455.132],[172014.211,559454.251],[172012.809,559453.438],[172012.065,559453.043],[172010.606,559452.338],[172009.115,559451.705],[172007.593,559451.147],[172003.26,559449.634],[171989.208,559444.409],[171975.904,559439],[171963.589,559433.638],[171945.99,559426.835],[171938.289,559423.247],[171931.486,559418.783],[171930.657,559418.221],[171929.27,559417.205],[171928.246,559416.39],[171926.947,559415.264],[171922.019,559411.002],[171915.357,559404.725],[171909.147,559398.714],[171895.749,559386.128],[171887.253,559377.676],[171886.381,559376.825],[171884.902,559375.294],[171883.482,559373.709],[171882.123,559372.072],[171881.65,559371.472],[171880.376,559369.767],[171879.167,559368.016],[171878.024,559366.22],[171877.355,559365.27],[171872.974,559359.048],[171870.235,559355.957],[171869.904,559355.565],[171869.5,559355.207],[171869.048,559354.912],[171868.558,559354.688],[171868.306,559354.605],[171867.779,559354.493],[171867.24,559354.461],[171864.303,559354.503],[171863.17,559354.531],[171861.857,559354.639],[171860.553,559354.826],[171860.145,559354.901],[171859.47,559355.054],[171858.86,559355.192],[171857.595,559355.56],[171853.43,559356.88],[171852.052,559357.317],[171848.283,559358.813],[171848.188,559358.88],[171847.606,559357.947],[171847.624,559357.935],[171847.906,559357.772],[171849.214,559357.075],[171850.558,559356.448],[171851.933,559355.895],[171852.784,559355.605],[171853.337,559355.417],[171856.587,559354.376],[171857.788,559354.015],[171859.208,559353.666],[171860.645,559353.396],[171862.046,559353.209],[171863.504,559353.094],[171865.93,559353.08],[171870.304,559353.053],[171882.112,559353.418],[171882.76,559353.434],[171883.405,559353.369],[171884.037,559353.226],[171884.13,559353.198],[171884.735,559352.966],[171885.308,559352.662],[171885.838,559352.29],[171886.319,559351.855],[171886.743,559351.365],[171887.944,559350.07],[171893.449,559344.136]],[[171882.077,559357.5],[171883.039,559355.767],[171883.091,559355.652],[171883.12,559355.528],[171883.125,559355.402],[171883.104,559355.276],[171883.067,559355.174],[171883.003,559355.064],[171882.92,559354.969],[171882.819,559354.892],[171882.705,559354.837],[171882.582,559354.804],[171882.456,559354.796],[171871.666,559354.429],[171871.599,559354.685],[171871.583,559354.95],[171871.619,559355.212],[171871.635,559355.27],[171871.732,559355.517],[171871.876,559355.739],[171872.061,559355.929],[171872.217,559356.043],[171874.784,559358.977],[171877.825,559363.346],[171878.327,559363.768],[171878.547,559363.704],[171878.75,559363.598],[171878.792,559363.57],[171878.965,559363.419],[171879.105,559363.237],[171879.206,559363.032],[171879.266,559362.811],[171879.268,559362.797],[171882.077,559357.5]]]}},{"type":"Feature","properties":{"relatieveHoogteligging":0,"lokaalID":"G1900.711552b5642945bf82597784217c00ba","bgt_status":"bestaand","function":"voetpad","surfaceMaterial":"half verhard","wegdeelOpTalud":"false"},"geometry":{"type":"Polygon","coordinates":[[[171860.176,559563.192],[171858.704,559563.998],[171858.653,559564.048],[171858.458,559564.291],[171858.315,559564.568],[171858.228,559564.868],[171858.201,559565.179],[171858.22,559565.402],[171858.297,559565.704],[171858.432,559565.986],[171858.62,559566.235],[171858.852,559566.443],[171863.213,559570.801],[171877.465,559584.428],[171899.656,559606.229],[171920.16,559625.601],[171942.615,559646.734],[171966.625,559669.152],[171988.107,559688.996],[172019.162,559717.775],[172050.123,559746.897],[172048.961,559748.047],[172014.68,559715.874],[172006.687,559708.373],[171975.526,559679.588],[171950.462,559656.287],[171925.115,559632.495],[171900.354,559609.139],[171884.873,559594.047],[171866.043,559575.697],[171853.151,559562.967],[171848.455,559556.948],[171844.176,559550.795],[171841.304,559546.156],[171839.93,559543.622],[171838.464,559540.324],[171832.168,559524.388],[171824.161,559503.827],[171815.972,559482.065],[171807.828,559460.542],[171805.836,559456.115],[171802.387,559449.361],[171797.416,559441.108],[171787.027,559425.295],[171786.647,559424.505],[171786.336,559423.678],[171786.102,559422.825],[171785.945,559421.955],[171785.868,559421.074],[171785.871,559420.19],[171785.88,559420.025],[171785.978,559419.147],[171786.154,559418.28],[171786.408,559417.434],[171786.738,559416.613],[171787.14,559415.826],[171787.612,559415.078],[171791.569,559411.443],[171792.539,559412.69],[171789.538,559415.527],[171789.389,559415.711],[171788.92,559416.372],[171788.517,559417.077],[171788.186,559417.818],[171787.93,559418.588],[171787.75,559419.379],[171787.65,559420.184],[171787.633,559420.467],[171787.64,559421.278],[171787.727,559422.085],[171787.893,559422.879],[171788.136,559423.653],[171788.454,559424.4],[171788.844,559425.111],[171791.856,559429.885],[171799.995,559442.116],[171803.648,559448.341],[171806.247,559453.242],[171808.901,559458.799],[171810.272,559462.33],[171813.264,559470.083],[171822.738,559495.351],[171833.548,559523.292],[171841.121,559542.493],[171844.062,559547.531],[171848.067,559553.612],[171853.913,559561.246],[171854.113,559561.515],[171854.452,559561.855],[171854.843,559562.135],[171855.274,559562.346],[171855.734,559562.483],[171855.758,559562.488],[171856.236,559562.543],[171856.715,559562.517],[171857.184,559562.413],[171859.032,559561.513],[171860.176,559563.192]]]}},{"type":"Feature","properties":{"relatieveHoogteligging":0,"lokaalID":"G1900.b89db79e75414fb7856dc30fde6db461","bgt_status":"bestaand","function":"rijbaan lokale weg","surfaceMaterial":"gesloten verharding","wegdeelOpTalud":"false","plus_fysiekVoorkomenWegdeel":"asfalt"},"geometry":{"type":"Polygon","coordinates":[[[172002.899,559477.34],[172001.994,559479.365],[172002.252,559485.099],[171998.602,559484.194],[171994.263,559484.223],[171987.078,559483.008],[171985.571,559482.493],[171986.015,559481.944],[171986.48,559481.462],[171987.314,559480.598],[171987.505,559480.4],[171987.82,559480.075],[171988.128,559479.755],[171988.591,559479.276],[171990.067,559480.168],[171992.23,559480.59],[171993.99,559480.79],[171995.67,559480.77],[171997.31,559480.66],[171998.63,559480.35],[171999.8,559479.93],[172000.74,559479.28],[172001.91,559478.23],[172002.899,559477.34]]]}},{"type":"Feature","properties":{"relatieveHoogteligging":0,"lokaalID":"G1900.aa6e76922850412a8179a2f106e9db99","bgt_status":"bestaand","function":"voetpad","surfaceMaterial":"gesloten verharding","wegdeelOpTalud":"false","plus_fysiekVoorkomenWegdeel":"asfalt"},"geometry":{"type":"Polygon","coordinates":[[[171925.826,559134.159],[171925.753,559134.636],[171925.809,559135.114],[171926.348,559136.081],[171927.143,559136.998],[171928.672,559138.258],[171933.099,559141.379],[171938.236,559144.804],[171943.092,559148.389],[171949.648,559152.868],[171955.054,559156.648],[171961.084,559160.784],[171965.096,559163.305],[171967.762,559165.042],[171968.162,559165.342],[171967.463,559166.304],[171967.369,559166.244],[171964.068,559164.149],[171960.485,559161.861],[171954.357,559157.652],[171950.431,559154.96],[171945.049,559151.142],[171940.462,559147.973],[171936.084,559144.878],[171932.806,559142.529],[171929.332,559140.204],[171927.387,559138.76],[171926.507,559137.989],[171925.773,559137.206],[171925.222,559136.423],[171924.966,559135.848],[171924.745,559135.041],[171924.468,559134.159],[171925.826,559134.159]]]}},{"type":"Feature","properties":{"relatieveHoogteligging":0,"lokaalID":"G1900.96165c49aac14d89b2b6e9b34ea84f3b","bgt_status":"bestaand","function":"voetpad","surfaceMaterial":"gesloten verharding","wegdeelOpTalud":"false","plus_fysiekVoorkomenWegdeel":"asfalt"},"geometry":{"type":"Polygon","coordinates":[[[171972.129,559168.383],[171972.335,559168.56],[171972.758,559168.923],[171973.673,559169.7],[171974.063,559170.212],[171974.614,559170.991],[171975.131,559171.792],[171975.548,559172.502],[171975.614,559172.614],[171976.063,559173.456],[171976.07,559173.47],[171976.482,559174.33],[171976.857,559175.207],[171977.196,559176.098],[171977.497,559177.003],[171977.76,559177.92],[171978.003,559179.288],[171978.06,559179.587],[171978.06,559179.588],[171978.113,559179.868],[171978.322,559180.795],[171978.57,559181.712],[171978.644,559181.958],[171978.821,559182.497],[171978.431,559182.616],[171978.138,559182.705],[171977.615,559182.864],[171977.576,559182.738],[171977.114,559181.223],[171976.882,559180.005],[171976.643,559178.822],[171976.486,559178.067],[171976.291,559177.32],[171976.146,559176.85],[171975.888,559176.122],[171975.593,559175.409],[171975.261,559174.712],[171975.149,559174.498],[171974.397,559173.074],[171973.466,559171.553],[171972.995,559170.923],[171972.603,559170.445],[171972.077,559169.861],[171971.674,559169.454],[171971.384,559169.265],[171972.129,559168.383]]]}},{"type":"Feature","properties":{"relatieveHoogteligging":0,"lokaalID":"G1900.0d663c29cd7b41daa77e00c28869a287","bgt_status":"bestaand","function":"voetpad","surfaceMaterial":"gesloten verharding","wegdeelOpTalud":"false","plus_fysiekVoorkomenWegdeel":"asfalt"},"geometry":{"type":"Polygon","coordinates":[[[171794.071,559170.488],[171795.044,559170.484],[171796.157,559170.401],[171796.781,559170.242],[171797.287,559170.077],[171798.023,559169.765],[171798.706,559169.389],[171799.153,559169.076],[171799.736,559168.658],[171800.413,559168.117],[171802.145,559166.4],[171804.999,559163.35],[171808.882,559159.455],[171813.362,559154.947],[171820.625,559147.108],[171826.721,559141.193],[171832.925,559135.675],[171838.429,559130.171],[171843.419,559123.975],[171848.596,559116.975],[171852.886,559110.792],[171856.183,559105.512],[171857.988,559102.515],[171859.392,559100.118],[171861.097,559097.022],[171863.503,559093.327],[171865.308,559090.43],[171867.413,559087.634],[171870.119,559083.94],[171872.524,559081.245],[171874.829,559078.949],[171879.438,559074.058],[171887.436,559066.494],[171890.599,559063.465],[171892.999,559061.311],[171895.528,559059.405],[171897.356,559057.942],[171898.665,559057.138],[171900.035,559056.458],[171902.126,559055.788],[171904.428,559055.401],[171906.447,559055.401],[171909.175,559055.941],[171911.526,559056.232],[171915.366,559056.673],[171918.253,559057.126],[171920.014,559057.529],[171921.641,559058.288],[171923.109,559059.524],[171924.613,559061.518],[171924.992,559062.583],[171925.053,559065.556],[171925.127,559078.639],[171925.277,559088.852],[171925.234,559102.192],[171925.277,559115.104],[171925.448,559124.225],[171925.659,559127.595],[171925.826,559130.182],[171924.468,559130.182],[171924.47,559129.544],[171924.355,559127.502],[171924.119,559119.344],[171924.098,559108.381],[171923.948,559095.426],[171923.948,559081.872],[171923.895,559067.458],[171923.858,559063.42],[171923.552,559062.344],[171922.451,559060.557],[171921.399,559059.407],[171920.555,559058.808],[171918.819,559058.355],[171917.05,559058.094],[171916.537,559058.019],[171916.409,559058],[171912.754,559057.634],[171909.875,559057.312],[171908.062,559057.107],[171905.765,559056.937],[171904.302,559056.937],[171903.169,559057.071],[171901.964,559057.38],[171900.326,559058.039],[171899.193,559058.503],[171898.348,559059.039],[171895.968,559060.523],[171894.011,559062.141],[171889.86,559066.015],[171884.462,559071.116],[171878.534,559076.857],[171875.693,559079.788],[171873.692,559081.952],[171872.026,559083.984],[171869.842,559086.694],[171864.764,559093.99],[171862.477,559097.586],[171860.19,559101.389],[171857.851,559105.48],[171855.853,559108.389],[171852.772,559113.405],[171848.299,559119.971],[171845.075,559124.35],[171842.654,559127.544],[171840.233,559130.338],[171831.683,559138.9],[171826.602,559143.604],[171824.089,559146.077],[171821.977,559148.231],[171819.983,559150.322],[171814.98,559155.801],[171810.123,559160.69],[171806.258,559164.566],[171803.4,559167.62],[171801.579,559169.425],[171800.793,559170.054],[171800.164,559170.505],[171799.632,559170.876],[171798.789,559171.341],[171797.901,559171.718],[171797.268,559171.924],[171796.44,559172.135],[171795.113,559172.234],[171793.865,559172.239],[171792.008,559171.788],[171790.667,559171.293],[171788.819,559170.512],[171787.061,559169.604],[171785.162,559168.438],[171783.744,559167.505],[171782.09,559166.333],[171777.582,559162.897],[171770.825,559157.547],[171764.393,559152.411],[171756.162,559145.979],[171750.113,559141.247],[171746.562,559138.144],[171741.231,559133.744],[171736.25,559129.679],[171730.86,559125.401],[171725.962,559121.605],[171721.761,559118.153],[171715.587,559113.087],[171708.523,559107.308],[171709.738,559106.04],[171716.696,559111.734],[171722.872,559116.801],[171727.054,559120.237],[171731.94,559124.024],[171737.348,559128.316],[171742.341,559132.392],[171747.695,559136.81],[171751.229,559139.898],[171757.24,559144.6],[171765.478,559151.038],[171771.914,559156.177],[171778.656,559161.515],[171783.127,559164.923],[171784.731,559166.059],[171786.101,559166.961],[171787.922,559168.079],[171789.562,559168.926],[171791.311,559169.666],[171792.519,559170.111],[171794.071,559170.488]]]}},{"type":"Feature","properties":{"relatieveHoogteligging":0,"lokaalID":"L0002.008f36906d6c4389aa72c46efde33925","bgt_status":"bestaand","function":"rijbaan autoweg","surfaceMaterial":"gesloten verharding","wegdeelOpTalud":"false"},"geometry":{"type":"Polygon","coordinates":[[[172100.765,559811.273],[172096.653,559814.117],[172092.537,559816.957],[172088.421,559819.796],[172084.304,559822.634],[172080.182,559825.464],[172076.067,559828.303],[172071.926,559831.107],[172067.812,559833.948],[172063.696,559836.787],[172059.577,559839.621],[172055.46,559842.458],[172051.349,559845.304],[172047.237,559848.148],[172043.114,559850.978],[172039.009,559853.832],[172034.884,559856.658],[172030.987,559859.363],[172026.869,559862.2],[172022.748,559865.031],[172018.643,559867.886],[172014.521,559870.716],[172010.417,559873.572],[172006.865,559876.018],[172006.577,559876.217],[172002.394,559878.958],[171998.219,559881.711],[171994.038,559884.455],[171989.874,559887.223],[171986.568,559889.501],[171985.756,559890.06],[171985.426,559890.288],[171984.806,559889.677],[171982.348,559887.255],[171979.86,559884.805],[171979.181,559884.136],[171980.261,559883.394],[171984.377,559880.557],[171988.497,559877.724],[171992.613,559874.884],[171996.726,559872.042],[172000.841,559869.2],[172004.96,559866.367],[172009.08,559863.534],[172013.205,559860.708],[172017.317,559857.863],[172021.444,559855.039],[172025.556,559852.195],[172029.67,559849.354],[172029.935,559849.173],[172034.051,559846.334],[172038.163,559843.488],[172042.286,559840.659],[172046.408,559837.83],[172050.526,559834.994],[172053.754,559832.778],[172057.729,559830.055],[172060.31,559828.249],[172068.667,559822.509],[172070.871,559820.987],[172073.543,559819.159],[172076.216,559817.332],[172086.144,559810.524],[172093.732,559805.317],[172096.261,559803.581],[172106.636,559796.444],[172109.776,559794.273],[172120.194,559787.138],[172121.988,559785.898],[172121.888,559785.751],[172125.313,559783.505],[172130.608,559779.862],[172143.089,559771.253],[172150.357,559766.193],[172161.454,559758.53],[172163.865,559756.873],[172172.306,559751.058],[172179.371,559746.212],[172182.751,559743.893],[172193.384,559736.555],[172195.677,559734.976],[172201.976,559730.736],[172202.462,559730.398],[172203.353,559731.131],[172205.285,559733.909],[172207.219,559736.689],[172206.447,559738.206],[172199.64,559743.249],[172195.526,559746.089],[172191.411,559748.93],[172187.299,559751.774],[172183.186,559754.617],[172179.07,559757.456],[172174.942,559760.279],[172170.838,559763.132],[172166.722,559765.972],[172162.598,559768.8],[172158.481,559771.637],[172154.354,559774.46],[172150.23,559777.286],[172146.109,559780.118],[172141.991,559782.954],[172137.869,559785.785],[172133.737,559788.6],[172129.61,559791.424],[172125.493,559794.26],[172121.369,559797.087],[172117.239,559799.934],[172113.125,559802.776],[172109,559805.601],[172104.878,559808.431],[172100.765,559811.273]]]}},{"type":"Feature","properties":{"relatieveHoogteligging":0,"lokaalID":"G1900.10d959a11740482e8de52097d3668097","bgt_status":"bestaand","function":"voetpad","surfaceMaterial":"half verhard","wegdeelOpTalud":"false"},"geometry":{"type":"Polygon","coordinates":[[[171985.823,559501.078],[171984.051,559502.718],[171976.711,559510.457],[171967.206,559520.257],[171958.493,559529.846],[171952.183,559536.292],[171947.404,559542.579],[171942.033,559547.502],[171939.544,559548.861],[171935.651,559550.038],[171929.616,559551.578],[171920.374,559554.101],[171912.506,559556.584],[171908.677,559556.954],[171904.664,559556.637],[171899.753,559555.871],[171894.499,559554.946],[171887.608,559553.705],[171882.829,559553.81],[171877.628,559554.946],[171868.418,559559.172],[171860.176,559563.192],[171859.032,559561.513],[171863.621,559559.338],[171876.717,559553.602],[171878.89,559552.983],[171882.722,559552.365],[171886.403,559552.259],[171889.134,559552.304],[171894.656,559553.315],[171904.84,559555.112],[171907.661,559555.368],[171910.09,559555.489],[171912.127,559555.006],[171917.226,559553.466],[171923.97,559551.489],[171933.294,559549.104],[171936.643,559548.123],[171939.269,559546.991],[171940.702,559546.221],[171942.301,559545.164],[171946.435,559540.847],[171950.946,559535.036],[171955.125,559530.945],[171961.945,559523.594],[171969.926,559515.081],[171976.157,559508.575],[171980.366,559503.669],[171985.647,559498.658],[171988.227,559496.469],[171990.701,559494.884],[171992.119,559493.994],[171992.34,559493.901],[171995.65,559492.514],[171996.977,559492.333],[172000.572,559492.472],[172004.415,559492.5],[172008.321,559492.655],[172011.605,559492.733],[172013.856,559492.336],[172017.106,559491.896],[172019.297,559491.02],[172019.724,559490.642],[172021.036,559488.649],[172023.586,559484.166],[172024.989,559481.328],[172026.076,559481.298],[172027.147,559480.845],[172025.91,559482.581],[172023.103,559487.91],[172022.545,559489.102],[172022.53,559489.298],[172022.379,559489.751],[172022.651,559490.159],[172022.922,559490.114],[172023.42,559489.857],[172024.099,559489.948],[172025.351,559489.51],[172027.132,559488.755],[172029.38,559487.698],[172031.432,559486.853],[172034.208,559485.253],[172037.225,559482.823],[172039.313,559481.374],[172040.192,559482.622],[172037.157,559484.944],[172032.484,559488.008],[172026.924,559490.34],[172020.889,559492.091],[172015.971,559493.555],[172011.581,559494.219],[172006.203,559494.317],[172000.474,559493.921],[171996.276,559494.08],[171992.817,559495.4],[171990.044,559497.17],[171985.823,559501.078]]]}},{"type":"Feature","properties":{"relatieveHoogteligging":0,"lokaalID":"G1900.27fdbbc749d347ffb880fec4a81ba80a","bgt_status":"bestaand","function":"parkeervlak","surfaceMaterial":"open verharding","plus_fysiekVoorkomenWegdeel":"betonstraatstenen"},"geometry":{"type":"Polygon","coordinates":[[[171962.993,559303.375],[171964.951,559300.214],[171964.901,559300.064],[171984.683,559310.93],[171983.786,559312.294],[171982.344,559314.488],[171966.492,559305.384],[171966.431,559305.349],[171962.993,559303.375]]]}},{"type":"Feature","properties":{"relatieveHoogteligging":0,"lokaalID":"G1900.69a29cc4db784c3fa6fa41f6d3062ed2","bgt_status":"bestaand","function":"voetpad","surfaceMaterial":"open verharding","plus_fysiekVoorkomenWegdeel":"tegels"},"geometry":{"type":"Polygon","coordinates":[[[171985.545,559311.586],[171986.164,559312.057],[171986.843,559313.371],[171987.039,559315.076],[171986.828,559316.661],[171985.863,559318.578],[171983.75,559322.231],[171978.953,559330.442],[171975.362,559337.295],[171974.698,559338.624],[171968.905,559338.829],[171968.009,559341.018],[171967.711,559341.745],[171965.728,559346.587],[171961.059,559357.734],[171953.501,559378.928],[171953.245,559379.644],[171951.735,559383.877],[171956.413,559385.138],[171957.082,559385.318],[171977.721,559391.319],[171998.421,559397.395],[172013.787,559401.885],[172028.837,559406.138],[172038.67,559409.157],[172042.387,559410.452],[172043.624,559411.584],[172044.469,559413.32],[172044.559,559415.358],[172044.487,559415.683],[172043.363,559415.434],[172043.393,559414.332],[172043.136,559413.215],[172042.684,559412.249],[172041.96,559411.615],[172040.813,559411.101],[172039.998,559410.86],[172039.712,559410.981],[172039.591,559411.568],[172029.468,559408.489],[172014.26,559404.066],[172012.648,559403.6],[172011.354,559403.225],[172004.408,559401.213],[171994.435,559398.24],[171977.292,559393.265],[171976.187,559392.945],[171972.378,559391.84],[171964.035,559389.379],[171962.798,559388.64],[171959.056,559387.507],[171957.713,559387.402],[171950.019,559385.153],[171948.284,559384.323],[171947.303,559384.126],[171946.048,559383.268],[171944.707,559382.273],[171942.265,559380.356],[171938.912,559377.424],[171937.301,559375.337],[171936.166,559373.62],[171934.502,559367.835],[171934.133,559365.564],[171934.08,559362.526],[171934.186,559359.303],[171934.167,559357.221],[171934.854,559355.689],[171936.2,559351.621],[171936.702,559349.904],[171940.319,559344.991],[171942.563,559342.693],[171945.468,559340.685],[171946.581,559339.826],[171948.32,559338.695],[171949.354,559338.135],[171951.879,559337.499],[171957.265,559337.367],[171967.852,559337.077],[171973.37,559336.997],[171973.514,559336.744],[171977.223,559330.201],[171979.253,559326.62],[171979.786,559325.679],[171980.172,559324.998],[171980.259,559324.844],[171983.932,559318.367],[171984.425,559317.522],[171984.973,559316.586],[171985.214,559315.529],[171985.123,559314.533],[171984.626,559313.023],[171983.786,559312.294],[171984.683,559310.93],[171985.545,559311.586]],[[171935.942,559359.149],[171935.863,559364.062],[171936.232,559367.813],[171937.552,559372.119],[171939.189,559374.84],[171942.859,559378.511],[171946.186,559380.889],[171949.973,559383.11],[171961.632,559351.673],[171966.807,559338.888],[171953.605,559339.311],[171951.123,559339.628],[171947.559,559341.345],[171943.493,559344.382],[171940.694,559347.315],[171938.397,559350.828],[171936.866,559354.711],[171935.942,559359.149]]]}},{"type":"Feature","properties":{"relatieveHoogteligging":0,"lokaalID":"G1900.415f7501d3f849c4a76f8af6c082dbb4","bgt_status":"bestaand","function":"voetpad","surfaceMaterial":"open verharding","plus_fysiekVoorkomenWegdeel":"tegels"},"geometry":{"type":"Polygon","coordinates":[[[172035.389,559261.209],[172034.16,559262.366],[172026.899,559268.891],[172018.582,559277.106],[172013.539,559282.337],[172011.005,559284.952],[172006.78,559289.865],[171998.495,559300.356],[171998.18,559300.754],[171998.1,559300.855],[171997.713,559301.346],[171997.507,559301.606],[171996.137,559303.341],[171994.492,559305.59],[171992.606,559306.662],[171990.781,559306.798],[171989.121,559306.435],[171988.583,559306.111],[171987.934,559305.719],[171987.354,559305.369],[171988.183,559303.987],[171989.569,559304.816],[171990.565,559305.148],[171991.35,559305.057],[171992.149,559304.952],[171992.843,559304.74],[171993.432,559303.865],[171993.985,559303.047],[171994.639,559302.08],[172003.8,559290.669],[172010.322,559282.744],[172016.078,559276.695],[172030.285,559263.227],[172032.82,559261.08],[172033.966,559259.984],[172034.281,559259.221],[172034.305,559259.162],[172034.432,559258.854],[172034.251,559257.742],[172032.44,559255.171],[172034.354,559254.033],[172035.803,559256.154],[172036.527,559258.035],[172036.458,559259.001],[172035.932,559260.105],[172035.389,559261.209]]]}},{"type":"Feature","properties":{"relatieveHoogteligging":0,"lokaalID":"L0004.6a18992017a640198395458a6906b0ef","bgt_status":"bestaand","function":"spoorbaan","surfaceMaterial":"half verhard","wegdeelOpTalud":"false"},"geometry":{"type":"Polygon","coordinates":[[[171873.79,559939.879],[171872.164,559938.845],[171870.899,559937.64],[171866.072,559933.6],[171862.84,559930.857],[171858.015,559926.731],[171851.426,559921.002],[171847.312,559917.501],[171842.282,559913.493],[171834.981,559907.451],[171827.022,559900.577],[171821.301,559895.854],[171814.904,559890.538],[171807.899,559884.688],[171800.391,559878.39],[171793.251,559872.489],[171786.258,559866.549],[171779.696,559861.146],[171773.658,559855.997],[171768.4,559851.531],[171761.135,559845.642],[171756.054,559841.58],[171755.029,559841.238],[171753.262,559839.701],[171753.205,559839.695],[171753.286,559839.603],[171752.266,559838.698],[171751.997,559838.995],[171751.693,559838.738],[171751.145,559837.686],[171750.313,559836.818],[171745.082,559832.359],[171740.406,559828.29],[171736.152,559824.71],[171729.276,559818.986],[171724.664,559815.189],[171720.252,559811.33],[171715.888,559807.877],[171707.55,559800.852],[171698.663,559793.291],[171690.216,559786.311],[171683.937,559781.108],[171677.092,559775.362],[171671.048,559770.347],[171664.381,559764.674],[171657.296,559758.902],[171648.759,559751.755],[171640.516,559744.716],[171631.79,559737.501],[171621.106,559728.497],[171612.022,559720.838],[171602.672,559712.933],[171596.562,559707.981],[171590.191,559702.695],[171583.419,559696.97],[171576.123,559690.91],[171569.396,559685.219],[171562.577,559679.578],[171556.925,559674.865],[171552.79,559671.508],[171548.332,559667.765],[171542.591,559662.996],[171538.152,559659.243],[171534.263,559655.89],[171527.594,559650.326],[171520.687,559644.538],[171515.939,559640.703],[171510.391,559636.15],[171508.003,559634.108],[171501.794,559628.834],[171496.35,559624.336],[171490.29,559619.203],[171484.186,559614.214],[171477.455,559608.631],[171471.024,559603.298],[171464.984,559598.152],[171459.658,559593.665],[171453.785,559588.682],[171448.591,559584.366],[171440.988,559577.973],[171440.818,559577.832],[171440.649,559577.692],[171442.195,559575.812],[171443.719,559573.96],[171444.283,559573.274],[171447.101,559574.81],[171461.565,559586.684],[171468.495,559592.338],[171474.911,559597.59],[171481.676,559603.24],[171488.683,559608.989],[171506.08,559623.556],[171513.118,559629.289],[171527.463,559641.464],[171533.914,559646.815],[171582.42,559687.578],[171588.839,559692.903],[171596.001,559698.692],[171603.089,559704.604],[171610.175,559710.556],[171616.036,559715.42],[171626.435,559724.071],[171652.949,559746.268],[171666.793,559757.896],[171682.385,559771.457],[171688.896,559776.817],[171696.093,559782.826],[171703.431,559789.081],[171709.662,559794.194],[171715.836,559799.231],[171721.447,559803.861],[171727.49,559808.834],[171734.099,559814.185],[171740.505,559819.535],[171746.411,559824.447],[171755.713,559832.392],[171762.201,559837.76],[171769.078,559843.418],[171776.429,559849.57],[171783.434,559855.506],[171789.822,559860.887],[171798.532,559868.091],[171805.466,559873.799],[171811.591,559878.956],[171818.009,559884.396],[171825.394,559890.652],[171832.465,559896.499],[171839.852,559902.807],[171844.1,559906.453],[171850.722,559911.892],[171857.253,559917.261],[171863.42,559922.468],[171870.462,559927.944],[171876.586,559932.707],[171878.038,559934.361],[171880.186,559936.892],[171879.732,559937.437],[171877.171,559940.51],[171876.057,559939.582],[171875.897,559939.774],[171877.011,559940.702],[171876.988,559940.73],[171874.327,559939.036],[171873.79,559939.879]]]}},{"type":"Feature","properties":{"relatieveHoogteligging":0,"lokaalID":"G1900.b9f601828df548509a7347b716f4f21a","bgt_status":"bestaand","function":"voetpad","surfaceMaterial":"open verharding","wegdeelOpTalud":"false","plus_fysiekVoorkomenWegdeel":"tegels"},"geometry":{"type":"Polygon","coordinates":[[[171948.32,559338.695],[171946.581,559339.826],[171945.106,559337.146],[171943.919,559334.988],[171939.883,559329.287],[171940.34,559328.85],[171938.645,559325.891],[171933.809,559317.102],[171935.177,559316.439],[171935.456,559316.303],[171950.352,559309.079],[171950.125,559308.522],[171950.583,559308.302],[171960.577,559303.495],[171963.092,559299.08],[171964.722,559299.915],[171964.901,559300.064],[171964.951,559300.214],[171962.993,559303.375],[171962.936,559303.467],[171962.555,559304.082],[171961.595,559304.539],[171961.407,559304.628],[171961.233,559304.711],[171960.141,559305.231],[171957.229,559306.688],[171956.055,559307.276],[171955.935,559307.336],[171955.899,559307.354],[171955.515,559307.546],[171951.799,559309.405],[171951.729,559309.649],[171950.603,559310.194],[171950.513,559310.238],[171947.019,559311.929],[171945.137,559312.84],[171945.124,559312.846],[171944.563,559313.118],[171944.215,559313.286],[171935.57,559317.602],[171941.641,559328.775],[171942.197,559328.792],[171944.285,559332.447],[171945.737,559334.696],[171945.836,559334.849],[171948.32,559338.695]]]}},{"type":"Feature","properties":{"relatieveHoogteligging":0,"lokaalID":"G1900.41bb01123e934e458f472c6a2c52557c","bgt_status":"bestaand","function":"voetpad","surfaceMaterial":"open verharding","plus_fysiekVoorkomenWegdeel":"tegels"},"geometry":{"type":"Polygon","coordinates":[[[172451.234,559796.458],[172409.078,559837.938],[172402.765,559844.063],[172401.689,559845.107],[172401.669,559845.127],[172401.61,559844.912],[172401.03,559843.48],[172400.968,559843.274],[172405.693,559838.832],[172425.32,559819.27],[172426.32,559818.45],[172455.16,559790.11],[172456.21,559788.99],[172477.036,559768.674],[172478.063,559767.667],[172482.055,559764.039],[172483.682,559762.967],[172484.66,559762.45],[172485.98,559761.92],[172487.02,559761.42],[172489.18,559760.86],[172490.983,559760.384],[172503.387,559759.252],[172505.468,559759.062],[172510.12,559758.638],[172513.94,559754.28],[172515.95,559754.98],[172511.62,559760.41],[172491.88,559762.21],[172489.9,559762.53],[172488.18,559763.1],[172486.55,559763.76],[172484.99,559764.55],[172483.13,559765.63],[172481.63,559766.83],[172480.01,559768.34],[172478.28,559770.08],[172476,559772.42],[172472.87,559775.17],[172461.649,559786.211],[172451.522,559796.176],[172451.406,559796.289],[172451.234,559796.458]]]}},{"type":"Feature","properties":{"relatieveHoogteligging":0,"lokaalID":"G1900.99a0a75553014488b25700eef01a677d","bgt_status":"bestaand","function":"fietspad","surfaceMaterial":"gesloten verharding","wegdeelOpTalud":"false","plus_fysiekVoorkomenWegdeel":"asfalt"},"geometry":{"type":"Polygon","coordinates":[[[172216.168,559749.992],[172215.016,559749.125],[172213.986,559748.35],[172218.673,559745.086],[172234.061,559734.836],[172244.197,559727.821],[172255.044,559720.446],[172264.382,559714.018],[172275.277,559706.351],[172287.115,559698.309],[172297.086,559691.374],[172308.289,559683.792],[172323.576,559673.178],[172337.937,559663.572],[172352.64,559653.972],[172367.626,559645.031],[172377.865,559639.011],[172385.077,559635.282],[172404.522,559625.419],[172405.847,559624.764],[172405.762,559624.597],[172416.368,559619.463],[172423.716,559615.91],[172430.736,559612.634],[172439.305,559608.809],[172446.748,559605.575],[172454.511,559602.406],[172457.371,559601.3],[172468.171,559597.228],[172476.666,559594.258],[172484.527,559591.771],[172493.488,559589.738],[172499.597,559588.893],[172504.79,559588.438],[172505.863,559592.234],[172500.475,559592.587],[172495.138,559593.209],[172494.918,559593.249],[172494.605,559593.305],[172494.252,559593.369],[172485.517,559595.351],[172477.821,559597.809],[172469.602,559600.679],[172458.34,559604.931],[172448.235,559609.019],[172440.081,559612.454],[172432.316,559615.938],[172425.08,559619.34],[172417.998,559622.714],[172417.154,559623.163],[172415.227,559624.114],[172409.177,559626.731],[172407.254,559627.606],[172405.949,559628.307],[172399.878,559631.019],[172396.004,559632.996],[172392.906,559634.355],[172388.973,559636.243],[172384.534,559638.481],[172381.635,559639.75],[172377.348,559642.108],[172368.608,559647.22],[172362.448,559650.972],[172353.525,559656.407],[172344.51,559662.049],[172339.753,559665.136],[172335.127,559668.263],[172326.405,559674.13],[172320.401,559678.274],[172311.407,559684.549],[172305.173,559688.711],[172301.106,559691.494],[172295.001,559695.779],[172291.181,559698.434],[172286.678,559701.524],[172281.346,559705.234],[172276.008,559708.934],[172269.441,559713.415],[172264.714,559716.788],[172258.926,559720.796],[172253.205,559724.796],[172247.558,559728.615],[172241.705,559732.581],[172235.168,559737.159],[172229.777,559740.835],[172223.757,559744.925],[172222.301,559745.88],[172217.017,559749.419],[172216.51,559749.761],[172216.168,559749.992]]]}},{"type":"Feature","properties":{"relatieveHoogteligging":0,"lokaalID":"G1900.ad79f8646da84edbb96459aa4fe3ef69","bgt_status":"bestaand","function":"voetpad","surfaceMaterial":"open verharding","wegdeelOpTalud":"false","plus_fysiekVoorkomenWegdeel":"tegels"},"geometry":{"type":"Polygon","coordinates":[[[172128.984,559810.185],[172128.506,559809.691],[172128.399,559809.781],[172128.199,559809.548],[172127.883,559809.825],[172127.686,559809.613],[172127.398,559809.318],[172128.242,559808.561],[172129.565,559807.659],[172134.004,559804.787],[172143.159,559799.117],[172146.281,559797.163],[172150.723,559794.197],[172154.61,559791.579],[172159.824,559788.067],[172167.549,559782.835],[172173.32,559778.962],[172178.348,559775.54],[172184.816,559771.17],[172194.449,559764.677],[172199.399,559761.344],[172209.006,559754.817],[172216.168,559749.992],[172216.51,559749.761],[172217.176,559750.75],[172217.396,559751.077],[172215.778,559752.183],[172210.019,559756.04],[172200.025,559762.791],[172184.735,559773.12],[172175.518,559779.433],[172165.628,559785.988],[172156.303,559792.298],[172146.509,559798.838],[172141.825,559801.744],[172137.108,559804.659],[172132.178,559807.833],[172131.296,559808.478],[172130.153,559809.351],[172128.984,559810.185]]]}},{"type":"Feature","properties":{"relatieveHoogteligging":0,"lokaalID":"G1900.23873dc0e6bd43f08ac2a2a84f62fe83","bgt_status":"bestaand","function":"fietspad","surfaceMaterial":"open verharding","wegdeelOpTalud":"false","plus_fysiekVoorkomenWegdeel":"betonstraatstenen"},"geometry":{"type":"Polygon","coordinates":[[[172220.412,559295.984],[172221.871,559295.936],[172225.497,559295.816],[172229.928,559295.669],[172230.398,559295.654],[172230.849,559295.639],[172249.865,559295.013],[172250.993,559294.976],[172251.753,559294.951],[172254.251,559294.87],[172265.292,559294.511],[172266.063,559294.133],[172269.588,559292.406],[172278.521,559292.079],[172274.123,559296.396],[172273.625,559297.011],[172273.589,559296.463],[172265.135,559296.741],[172251.921,559297.176],[172250.367,559297.227],[172248.904,559297.276],[172225.794,559298.047],[172199.636,559298.899],[172199.602,559298.9],[172195.538,559299.033],[172195.494,559296.974],[172195.49,559296.809],[172197.918,559296.728],[172199.627,559296.672],[172199.649,559296.671],[172220.412,559295.984]]]}},{"type":"Feature","properties":{"relatieveHoogteligging":0,"lokaalID":"G1900.b56fa1fee38d4d16b9dfd93020b2f757","bgt_status":"bestaand","function":"parkeervlak","surfaceMaterial":"open verharding","plus_fysiekVoorkomenWegdeel":"betonstraatstenen"},"geometry":{"type":"Polygon","coordinates":[[[172349.244,559389.301],[172349.145,559389.211],[172317.45,559358.82],[172317.65,559358.84],[172318.148,559358.798],[172318.608,559358.759],[172319.75,559358.67],[172319.95,559358.72],[172327.152,559365.526],[172349.355,559386.626],[172349.292,559388.136],[172349.244,559389.301]]]}},{"type":"Feature","properties":{"relatieveHoogteligging":0,"lokaalID":"G1900.477526a2d4254a58846c47ff6105fcb2","bgt_status":"bestaand","function":"parkeervlak","surfaceMaterial":"open verharding"},"geometry":{"type":"Polygon","coordinates":[[[172314.261,559254.628],[172315.492,559269.442],[172315.26,559269.21],[172314.9,559269.15],[172314.66,559269.17],[172312.04,559269.41],[172311.6,559269.3],[172311.5,559269.1],[172311.48,559268.82],[172310.32,559255.49],[172310.5,559255.24],[172310.69,559255.15],[172310.95,559255.12],[172313.91,559254.92],[172314.09,559254.82],[172314.261,559254.628]]]}},{"type":"Feature","properties":{"relatieveHoogteligging":0,"lokaalID":"G1900.68dc5de207374a7986a31290e3ce99a9","bgt_status":"bestaand","function":"rijbaan lokale weg","surfaceMaterial":"open verharding","plus_fysiekVoorkomenWegdeel":"betonstraatstenen"},"geometry":{"type":"Polygon","coordinates":[[[172567.646,559057.445],[172565.788,559059.233],[172540.813,559059.746],[172539.038,559058.034],[172553.357,559057.739],[172567.646,559057.445]]]}},{"type":"Feature","properties":{"relatieveHoogteligging":0,"lokaalID":"G1900.7e577091910f4ef3bc4e74f7d576d941","bgt_status":"bestaand","function":"parkeervlak","surfaceMaterial":"open verharding"},"geometry":{"type":"Polygon","coordinates":[[[172305.476,559231.384],[172310.242,559231.032],[172311.012,559238.808],[172306.237,559239.228],[172305.476,559231.384]]]}},{"type":"Feature","properties":{"relatieveHoogteligging":0,"lokaalID":"G1900.90a97f1343d94bc7b508689750fa924c","bgt_status":"bestaand","function":"parkeervlak","surfaceMaterial":"open verharding","plus_fysiekVoorkomenWegdeel":"betonstraatstenen"},"geometry":{"type":"Polygon","coordinates":[[[172062.722,559358.191],[172047.173,559347.355],[172049.74,559343.61],[172065.28,559354.39],[172063.42,559356.99],[172062.85,559357.75],[172062.71,559357.97],[172062.722,559358.191]]]}},{"type":"Feature","properties":{"relatieveHoogteligging":0,"lokaalID":"G1900.9d8b645ad2bf404b821594dd3998410f","bgt_status":"bestaand","function":"voetpad","surfaceMaterial":"open verharding","plus_fysiekVoorkomenWegdeel":"tegels"},"geometry":{"type":"Polygon","coordinates":[[[172516.425,559529.009],[172516.71,559530.637],[172516.954,559532.533],[172517.403,559536.03],[172518.307,559544.338],[172518.334,559544.745],[172516.452,559544.919],[172516.414,559544.504],[172515.901,559539.192],[172514.87,559531.16],[172514.57,559529.509],[172512.895,559520.202],[172510.771,559510.986],[172508.203,559501.885],[172507.587,559500],[172506.014,559495.187],[172502.697,559486.114],[172502.467,559485.358],[172502.307,559484.584],[172502.217,559483.799],[172502.198,559483.009],[172501.778,559444.01],[172501.731,559443.008],[172501.492,559441.615],[172501.237,559440.582],[172503.026,559439.849],[172503.687,559442.563],[172503.782,559443.755],[172503.845,559449.376],[172504.217,559482.691],[172504.215,559482.833],[172504.216,559482.975],[172504.219,559483.117],[172504.224,559483.258],[172504.232,559483.4],[172504.242,559483.542],[172504.255,559483.683],[172504.27,559483.824],[172504.288,559483.965],[172504.308,559484.106],[172504.33,559484.246],[172504.354,559484.385],[172504.381,559484.525],[172504.411,559484.664],[172504.442,559484.802],[172504.476,559484.94],[172504.513,559485.077],[172504.551,559485.214],[172504.592,559485.349],[172504.635,559485.485],[172504.681,559485.619],[172507.33,559492.827],[172509.356,559498.858],[172511.846,559507.897],[172513.955,559515.555],[172515.37,559523.262],[172516.425,559529.009]]]}},{"type":"Feature","properties":{"relatieveHoogteligging":0,"lokaalID":"G1900.a1e4443c2e8544bb950af56212baade5","bgt_status":"bestaand","function":"parkeervlak","surfaceMaterial":"open verharding","plus_fysiekVoorkomenWegdeel":"betonstraatstenen"},"geometry":{"type":"Polygon","coordinates":[[[172581.773,559744.052],[172581.696,559743.2],[172580.74,559731.84],[172580.56,559730.08],[172579.75,559720.81],[172579.489,559717.458],[172579.715,559717.654],[172579.811,559717.685],[172583.346,559717.394],[172583.571,559717.443],[172583.787,559717.549],[172583.964,559717.761],[172586.076,559743.782],[172581.773,559744.052]]]}},{"type":"Feature","properties":{"relatieveHoogteligging":0,"lokaalID":"G1900.cc4df5062d0747dfb674ef24a67072a4","bgt_status":"bestaand","function":"parkeervlak","surfaceMaterial":"open verharding","plus_fysiekVoorkomenWegdeel":"betonstraatstenen"},"geometry":{"type":"Polygon","coordinates":[[[172399.255,559260.971],[172400.232,559268.581],[172395.355,559268.938],[172395.236,559267.343],[172392.831,559242.883],[172397.61,559242.539],[172399.255,559260.971]]]}},{"type":"Feature","properties":{"relatieveHoogteligging":0,"lokaalID":"G1900.de8dfe4d42764867ab1eb38ad0fcd8d2","bgt_status":"bestaand","function":"parkeervlak","surfaceMaterial":"open verharding","plus_fysiekVoorkomenWegdeel":"betonstraatstenen"},"geometry":{"type":"Polygon","coordinates":[[[172176.803,559392.506],[172147.196,559385.509],[172148.278,559380.49],[172177.912,559387.633],[172176.803,559392.506]]]}},{"type":"Feature","properties":{"relatieveHoogteligging":0,"lokaalID":"G1900.0144f7f11cc34885bda65e46bfdf11d8","bgt_status":"bestaand","function":"fietspad","surfaceMaterial":"open verharding","plus_fysiekVoorkomenWegdeel":"tegels"},"geometry":{"type":"Polygon","coordinates":[[[172255.44,559635.87],[172259.555,559625.674],[172262.222,559620.074],[172264.994,559615.979],[172267.424,559613.39],[172269.747,559611.013],[172272.783,559608.53],[172275.265,559606.786],[172278.264,559605.319],[172279.806,559608.024],[172275.602,559610.151],[172270.277,559615.042],[172266.263,559619.706],[172263.879,559623.51],[172261.329,559629.201],[172258.233,559636.984],[172255.581,559635.926],[172255.44,559635.87]]]}},{"type":"Feature","properties":{"relatieveHoogteligging":0,"lokaalID":"G1900.0b34b6b9875f4fe99ad9efb9f41cea8c","bgt_status":"bestaand","function":"fietspad","surfaceMaterial":"gesloten verharding","plus_fysiekVoorkomenWegdeel":"asfalt"},"geometry":{"type":"Polygon","coordinates":[[[172520.347,559583.845],[172520.343,559584.086],[172520.326,559585.305],[172520.28,559585.938],[172520.073,559586.732],[172519.613,559587.732],[172519.222,559588.515],[172518.441,559589.492],[172517.532,559590.32],[172516.555,559591.011],[172515.521,559591.586],[172514.21,559592.08],[172513.292,559592.18],[172512.473,559592.156],[172505.863,559592.234],[172504.79,559588.438],[172506.62,559588.274],[172512.886,559588.119],[172516.056,559585.177],[172515.946,559584.42],[172515.92,559584.205],[172520.347,559583.845]]]}},{"type":"Feature","properties":{"relatieveHoogteligging":0,"lokaalID":"G1900.10895813b51b4a21ab0f58f23e10a786","bgt_status":"bestaand","function":"parkeervlak","surfaceMaterial":"open verharding","plus_fysiekVoorkomenWegdeel":"betonstraatstenen"},"geometry":{"type":"Polygon","coordinates":[[[172136.521,559281.304],[172136.81,559281.32],[172138.398,559280.758],[172141.02,559279.83],[172141.32,559279.83],[172141.56,559280.01],[172145.72,559292.98],[172145.72,559293.34],[172145.5,559293.5],[172141.51,559294.75],[172141.31,559294.93],[172136.521,559281.304]]]}},{"type":"Feature","properties":{"relatieveHoogteligging":0,"lokaalID":"G1900.1331e730dc4b44b8ab82b9f74e816d16","bgt_status":"bestaand","function":"voetpad","surfaceMaterial":"open verharding","plus_fysiekVoorkomenWegdeel":"tegels"},"geometry":{"type":"Polygon","coordinates":[[[172567.12,559692.27],[172567.633,559692.211],[172568.604,559692.502],[172569.574,559692.793],[172570.359,559693.199],[172571.1,559693.79],[172571.858,559694.567],[172572.29,559695.202],[172572.74,559696.28],[172576.883,559745.218],[172577.01,559746.715],[172574.802,559746.918],[172574.743,559745.716],[172571.026,559700.222],[172570.857,559698.157],[172570.81,559697.58],[172567.26,559694.85],[172567.12,559692.27]]]}},{"type":"Feature","properties":{"relatieveHoogteligging":0,"lokaalID":"G1900.16349b91362a483798cd34692661889b","bgt_status":"bestaand","function":"parkeervlak","surfaceMaterial":"open verharding","plus_fysiekVoorkomenWegdeel":"betonstraatstenen"},"geometry":{"type":"Polygon","coordinates":[[[172187.522,559240.442],[172189.123,559282.405],[172187.113,559280.685],[172186.871,559280.157],[172186.506,559267.842],[172186.043,559252.215],[172185.757,559240.441],[172187.522,559240.442]]]}},{"type":"Feature","properties":{"relatieveHoogteligging":0,"lokaalID":"G1900.2450ad45cade41979399d5a54e481227","bgt_status":"bestaand","function":"voetpad","surfaceMaterial":"open verharding","plus_fysiekVoorkomenWegdeel":"tegels"},"geometry":{"type":"Polygon","coordinates":[[[172136.94,559303.096],[172136.93,559303.26],[172136.84,559303.64],[172136.68,559304.04],[172136.58,559304.26],[172136.5,559304.46],[172136.4,559304.69],[172136.17,559305.01],[172136.01,559305.19],[172135.87,559305.37],[172135.65,559305.61],[172135.44,559305.87],[172135.03,559306.18],[172134.714,559306.41],[172134.55,559306.53],[172134.1,559306.76],[172133.37,559307.12],[172132.67,559307.47],[172131.49,559308.06],[172130.24,559308.67],[172127.4,559310.01],[172126.35,559310.58],[172125.24,559311.15],[172123.9,559311.8],[172120.85,559313.348],[172117.079,559315.399],[172113.32,559317.648],[172109.312,559320.203],[172107.47,559321.52],[172106.02,559322.71],[172105.13,559323.44],[172104.789,559323.667],[172104.59,559323.8],[172104.17,559324.04],[172103.82,559324.21],[172103.48,559324.37],[172103.2,559324.45],[172102.76,559324.53],[172102.38,559324.64],[172101.98,559324.66],[172101.14,559324.65],[172100.9,559324.65],[172100.52,559324.59],[172100.247,559324.51],[172104.144,559321.633],[172104.92,559321.06],[172108.29,559318.6],[172112.34,559316.02],[172116.17,559313.73],[172119.94,559311.68],[172127.7,559307.65],[172132.356,559305.355],[172132.559,559305.255],[172136.94,559303.096]]]}},{"type":"Feature","properties":{"relatieveHoogteligging":0,"lokaalID":"G1900.2a8da78ba6e84f969efcee972eac050b","bgt_status":"bestaand","function":"voetpad","surfaceMaterial":"open verharding","plus_fysiekVoorkomenWegdeel":"tegels"},"geometry":{"type":"Polygon","coordinates":[[[172183.295,559300.546],[172185.252,559300.443],[172186.17,559314.376],[172186.756,559322.91],[172187.785,559329.408],[172189.502,559334.85],[172192.089,559341.374],[172194.782,559346.42],[172198.056,559351.756],[172199.323,559353.314],[172205.792,559360.737],[172204.471,559362.015],[172204.086,559361.597],[172203.946,559361.447],[172203.826,559361.316],[172201.853,559359.177],[172197.021,559353.497],[172194.328,559349.403],[172191.16,559343.829],[172188.282,559337.199],[172186.566,559331.784],[172185.325,559325.973],[172184.559,559318.92],[172184.308,559315.076],[172183.741,559306.399],[172183.295,559300.546]]]}},{"type":"Feature","properties":{"relatieveHoogteligging":0,"lokaalID":"G1900.2de8810aa7534840affde0c7b94c40c6","bgt_status":"bestaand","function":"voetpad","surfaceMaterial":"open verharding","plus_fysiekVoorkomenWegdeel":"tegels"},"geometry":{"type":"Polygon","coordinates":[[[172368.94,559557.701],[172369.079,559557.989],[172366.861,559559.362],[172345.287,559518.212],[172347.688,559516.371],[172348.113,559517.741],[172349.037,559519.488],[172365.91,559551.411],[172368.94,559557.701]]]}},{"type":"Feature","properties":{"relatieveHoogteligging":0,"lokaalID":"G1900.328fb27b87cc4468bca04f8be3ffd588","bgt_status":"bestaand","function":"rijbaan lokale weg","surfaceMaterial":"open verharding","plus_fysiekVoorkomenWegdeel":"betonstraatstenen"},"geometry":{"type":"Polygon","coordinates":[[[172601.692,559202.371],[172602.255,559208.972],[172593.01,559209.76],[172555.394,559212.62],[172555.229,559212.633],[172554.707,559212.67],[172554.352,559212.703],[172553.957,559212.74],[172554.133,559212.454],[172553.714,559206.737],[172557.199,559206.419],[172559.94,559206.17],[172563.21,559205.88],[172565.92,559205.64],[172569.18,559205.36],[172571.68,559205.14],[172574.3,559204.91],[172577.87,559204.595],[172592.826,559203.105],[172594.76,559203.03],[172600.41,559202.45],[172601.01,559202.44],[172601.692,559202.371]]]}},{"type":"Feature","properties":{"relatieveHoogteligging":0,"lokaalID":"G1900.3988158da98645158da623459fad7649","bgt_status":"bestaand","function":"rijbaan lokale weg","surfaceMaterial":"open verharding","plus_fysiekVoorkomenWegdeel":"betonstraatstenen"},"geometry":{"type":"Polygon","coordinates":[[[172236.88,559149.276],[172235.508,559149.612],[172203.42,559171.981],[172199.848,559167.59],[172224.208,559150.119],[172225.725,559149.101],[172226.078,559147.617],[172225.837,559145.651],[172236.88,559149.276]]]}},{"type":"Feature","properties":{"relatieveHoogteligging":0,"lokaalID":"G1900.430f14efadd74615a7304679f131a20e","bgt_status":"bestaand","function":"parkeervlak","surfaceMaterial":"open verharding","plus_fysiekVoorkomenWegdeel":"betonstraatstenen"},"geometry":{"type":"Polygon","coordinates":[[[172305.576,559531.802],[172330.315,559518.565],[172330.737,559519.832],[172332.243,559523.11],[172308.225,559535.95],[172305.919,559531.802],[172305.576,559531.802]]]}},{"type":"Feature","properties":{"relatieveHoogteligging":0,"lokaalID":"G1900.4961d87a83a04d049a5e6f424b921549","bgt_status":"bestaand","function":"parkeervlak","surfaceMaterial":"open verharding","plus_fysiekVoorkomenWegdeel":"betonstraatstenen"},"geometry":{"type":"Polygon","coordinates":[[[172280.468,559323.534],[172283.047,559323.32],[172283.839,559323.875],[172287.947,559327.812],[172288.981,559328.803],[172305.958,559345.072],[172310.019,559348.964],[172310.3,559349.234],[172315.9,559354.6],[172315.952,559354.699],[172316.038,559354.862],[172316.12,559355.01],[172316.15,559355.23],[172316.08,559357.51],[172316.16,559357.73],[172283.861,559326.789],[172280.468,559323.534]]]}},{"type":"Feature","properties":{"relatieveHoogteligging":0,"lokaalID":"G1900.4c360996e3d24e61ad6a82b0344bda41","bgt_status":"bestaand","function":"voetpad","surfaceMaterial":"open verharding","plus_fysiekVoorkomenWegdeel":"tegels"},"geometry":{"type":"Polygon","coordinates":[[[172518.155,559048.119],[172517.23,559040.78],[172517.167,559040.273],[172517.108,559039.799],[172517.546,559040.058],[172518.792,559039.875],[172520.786,559039.583],[172521.704,559039.604],[172521.979,559039.896],[172522,559040.07],[172522.1,559040.28],[172523.09,559047.14],[172523.17,559047.79],[172523.015,559048.074],[172518.155,559048.119]]]}},{"type":"Feature","properties":{"relatieveHoogteligging":0,"lokaalID":"G1900.57c4c458ccdb409d87431d0d3adeeade","bgt_status":"bestaand","function":"parkeervlak","surfaceMaterial":"open verharding","plus_fysiekVoorkomenWegdeel":"betonstraatstenen"},"geometry":{"type":"Polygon","coordinates":[[[172251.121,559529.969],[172238.774,559518.39],[172238.973,559518.104],[172242.151,559514.408],[172254.846,559526.43],[172252.298,559528.819],[172251.121,559529.969]]]}},{"type":"Feature","properties":{"relatieveHoogteligging":0,"lokaalID":"G1900.6747865df6094694a60c002d80db5687","bgt_status":"bestaand","function":"voetpad","surfaceMaterial":"open verharding","plus_fysiekVoorkomenWegdeel":"tegels"},"geometry":{"type":"Polygon","coordinates":[[[172112.988,559214.486],[172120.07,559212.34],[172117.095,559202.719],[172118.201,559201.914],[172118.715,559201.54],[172122.65,559214.36],[172122.9,559215.65],[172127,559229.08],[172131.45,559244.15],[172126.03,559245.77],[172136.966,559276.706],[172137.068,559276.995],[172137.467,559278.123],[172138.398,559280.758],[172136.81,559281.32],[172136.521,559281.304],[172136.37,559281.17],[172136.31,559280.97],[172129.71,559262.28],[172123.93,559245.84],[172123.56,559244.83],[172123.568,559244.608],[172123.76,559244.39],[172128.56,559242.91],[172128.82,559242.75],[172128.96,559242.51],[172125.02,559229.48],[172124.98,559229.1],[172120.53,559214.07],[172113.56,559216.11],[172112.988,559214.486]]]}},{"type":"Feature","properties":{"relatieveHoogteligging":0,"lokaalID":"G1900.691cf2b25e4b4394b9ab92e4ac43c6c3","bgt_status":"bestaand","function":"voetpad","surfaceMaterial":"open verharding","plus_fysiekVoorkomenWegdeel":"tegels"},"geometry":{"type":"Polygon","coordinates":[[[172359.151,559445.846],[172356.763,559446.106],[172356.578,559444.284],[172358.374,559443.993],[172359.139,559442.382],[172359.403,559440.903],[172359.182,559438.699],[172357.819,559425.106],[172356.426,559405.925],[172358.01,559405.899],[172359.124,559417],[172361.105,559437.445],[172361.237,559441.144],[172360.893,559443.019],[172360.101,559444.657],[172359.151,559445.846]]]}},{"type":"Feature","properties":{"relatieveHoogteligging":0,"lokaalID":"G1900.773699f1ac2e40cc80ef89266b7d26df","bgt_status":"bestaand","function":"parkeervlak","surfaceMaterial":"open verharding","plus_fysiekVoorkomenWegdeel":"betonstraatstenen"},"geometry":{"type":"Polygon","coordinates":[[[172199.848,559167.59],[172197.212,559164.201],[172197.453,559164.026],[172202.105,559160.65],[172208.099,559156.301],[172217.79,559149.268],[172221.227,559146.774],[172221.65,559146.879],[172224.208,559150.119],[172199.848,559167.59]]]}},{"type":"Feature","properties":{"relatieveHoogteligging":0,"lokaalID":"G1900.873ac19e32d0448abeb73a4ac43cf784","bgt_status":"bestaand","function":"voetpad","surfaceMaterial":"open verharding","plus_fysiekVoorkomenWegdeel":"tegels"},"geometry":{"type":"Polygon","coordinates":[[[172599.015,558960.652],[172574.844,558963.612],[172572.478,558963.888],[172572.004,558959.357],[172546.339,558962.475],[172525.301,559001.23],[172523.853,559000.925],[172528.71,558990.82],[172543.087,558964.181],[172544.539,558961.804],[172545.595,558961.117],[172546.678,558960.668],[172569.83,558957.445],[172573.408,558956.985],[172574.172,558961.936],[172593.592,558959.642],[172598.664,558958.904],[172599.015,558960.652]]]}},{"type":"Feature","properties":{"relatieveHoogteligging":0,"lokaalID":"G1900.87cee17eadc74f74817c58987cab9722","bgt_status":"bestaand","function":"voetpad","surfaceMaterial":"open verharding","plus_fysiekVoorkomenWegdeel":"tegels"},"geometry":{"type":"Polygon","coordinates":[[[172199.923,559306.321],[172200.053,559311.384],[172200.449,559321.105],[172201.321,559325.332],[172202.931,559330.139],[172205.043,559334.181],[172207.868,559337.985],[172210.826,559341.022],[172222.428,559351.913],[172222.345,559351.999],[172220.713,559353.788],[172219.868,559354.483],[172218.389,559355.086],[172217.182,559355.373],[172215.643,559355.237],[172214.693,559355.011],[172214.089,559354.747],[172217.995,559350.254],[172209.414,559342.144],[172205.823,559338.182],[172203.526,559334.985],[172200.86,559329.544],[172199.17,559323.864],[172198.563,559318.793],[172198.116,559306.359],[172199.923,559306.321]]]}},{"type":"Feature","properties":{"relatieveHoogteligging":0,"lokaalID":"G1900.8a5f02db4dfe4cc7be2f5a370ea4e68e","bgt_status":"bestaand","function":"voetpad","surfaceMaterial":"open verharding","plus_fysiekVoorkomenWegdeel":"tegels"},"geometry":{"type":"Polygon","coordinates":[[[172410.015,559455.111],[172409.214,559455.188],[172408.822,559451.597],[172409.805,559451.511],[172410.015,559455.111]]]}},{"type":"Feature","properties":{"relatieveHoogteligging":0,"lokaalID":"G1900.8bd16916c740408893518917a9a71e53","bgt_status":"bestaand","function":"rijbaan lokale weg","surfaceMaterial":"open verharding","plus_fysiekVoorkomenWegdeel":"betonstraatstenen"},"geometry":{"type":"Polygon","coordinates":[[[172094.22,559332.32],[172094.42,559332.06],[172094.57,559331.79],[172094.79,559331.4],[172094.93,559331.09],[172095.04,559330.69],[172095.08,559330.37],[172095.12,559330.17],[172095.18,559329.95],[172095.18,559329.73],[172095.19,559329.39],[172095.19,559328.919],[172095.17,559328.55],[172095.15,559328.27],[172095.06,559327.87],[172094.9,559327.55],[172094.74,559327.16],[172094.53,559326.8],[172093.6,559325.24],[172093.375,559325.099],[172081.532,559309.8],[172082.331,559309.191],[172082.8,559308.834],[172084.604,559307.461],[172085.53,559306.756],[172097.18,559321.58],[172097.089,559321.743],[172097.38,559322.18],[172097.72,559322.53],[172098.09,559322.93],[172098.39,559323.25],[172098.83,559323.74],[172099.37,559324.04],[172099.64,559324.26],[172099.9,559324.4],[172100.247,559324.51],[172100.52,559324.59],[172100.9,559324.65],[172101.14,559324.65],[172101.98,559324.66],[172102.38,559324.64],[172102.76,559324.53],[172103.2,559324.45],[172103.48,559324.37],[172103.82,559324.21],[172104.17,559324.04],[172094.22,559332.32]]]}},{"type":"Feature","properties":{"relatieveHoogteligging":0,"lokaalID":"G1900.9b344cb512c64fbeb61a85ff05bb66f3","bgt_status":"bestaand","function":"parkeervlak","surfaceMaterial":"open verharding","plus_fysiekVoorkomenWegdeel":"betonstraatstenen"},"geometry":{"type":"Polygon","coordinates":[[[172228.668,559368.058],[172231.591,559368.035],[172243.706,559379.245],[172244.526,559380.003],[172250.479,559385.512],[172255.627,559390.319],[172255.662,559393.35],[172228.668,559368.058]]]}},{"type":"Feature","properties":{"relatieveHoogteligging":0,"lokaalID":"G1900.a044564cab374a9ba94cd286322c75ac","bgt_status":"bestaand","function":"rijbaan lokale weg","surfaceMaterial":"open verharding","plus_fysiekVoorkomenWegdeel":"betonstraatstenen"},"geometry":{"type":"Polygon","coordinates":[[[172416.446,559284.209],[172421.532,559283.758],[172423.774,559307.29],[172418.642,559307.675],[172416.446,559284.209]]]}},{"type":"Feature","properties":{"relatieveHoogteligging":0,"lokaalID":"G1900.a2bc05edf53048bba845a95cc36f0e1e","bgt_status":"bestaand","function":"voetpad","surfaceMaterial":"open verharding","plus_fysiekVoorkomenWegdeel":"tegels"},"geometry":{"type":"Polygon","coordinates":[[[172206.288,559365.78],[172206.342,559365.596],[172206.183,559364.328],[172205.629,559363.271],[172204.471,559362.015],[172205.792,559360.737],[172208.343,559358.174],[172209.172,559359.002],[172209.897,559360.285],[172210.259,559361.568],[172210.334,559362.987],[172210.108,559364.134],[172209.715,559365.04],[172209.067,559366.006],[172208.995,559366.103],[172207.879,559367.437],[172205.587,559369.974],[172199.356,559376.661],[172193.065,559383.363],[172191.78,559382.26],[172191.599,559382.023],[172202.196,559370.879],[172205.956,559366.926],[172206.288,559365.78]]]}},{"type":"Feature","properties":{"relatieveHoogteligging":0,"lokaalID":"G1900.a81686729a5f4ca39de88566fa7254bd","bgt_status":"bestaand","function":"rijbaan lokale weg","surfaceMaterial":"open verharding","plus_fysiekVoorkomenWegdeel":"betonstraatstenen"},"geometry":{"type":"Polygon","coordinates":[[[172669.526,558937.951],[172672.061,558943.788],[172665.618,558945.4],[172663.876,558945.426],[172661.156,558945.69],[172641.72,558948.286],[172639.004,558948.649],[172638.874,558948.665],[172619.225,558951.12],[172612.364,558951.977],[172611.844,558952.044],[172610.154,558952.261],[172599.826,558953.589],[172597.918,558953.834],[172592.887,558954.481],[172573.408,558956.985],[172569.83,558957.445],[172546.678,558960.668],[172545.595,558961.117],[172544.539,558961.804],[172543.087,558964.181],[172528.71,558990.82],[172523.853,559000.925],[172517.535,559000.111],[172517.79,558997.32],[172517.722,558997.113],[172518.624,558996.279],[172519.323,558995.024],[172519.521,558994.667],[172532.967,558969.425],[172536.076,558963.589],[172538.241,558959.158],[172539.667,558957.626],[172541.937,558955.83],[172544.736,558954.509],[172548.776,558954.034],[172612.31,558945.74],[172664.042,558939.08],[172668.108,558938.499],[172669.526,558937.951]]]}},{"type":"Feature","properties":{"relatieveHoogteligging":0,"lokaalID":"G1900.ba0ce0a642dd408bac0a559a797e4aaf","bgt_status":"bestaand","function":"parkeervlak","surfaceMaterial":"open verharding","plus_fysiekVoorkomenWegdeel":"betonstraatstenen"},"geometry":{"type":"Polygon","coordinates":[[[172614.177,559404.917],[172599.391,559410.97],[172597.66,559406.283],[172612.302,559400.264],[172614.177,559404.917]]]}},{"type":"Feature","properties":{"relatieveHoogteligging":0,"lokaalID":"G1900.bc39c3c266c34c6c9d99f899eb618928","bgt_status":"bestaand","function":"parkeervlak","surfaceMaterial":"open verharding","plus_fysiekVoorkomenWegdeel":"betonstraatstenen"},"geometry":{"type":"Polygon","coordinates":[[[172203.384,559198.737],[172203.494,559201.687],[172203.425,559201.801],[172201.11,559205.657],[172198.606,559211.363],[172197.119,559215.62],[172195.247,559216.841],[172196.243,559211.852],[172198.091,559207.46],[172200.678,559201.867],[172203.384,559198.737]]]}},{"type":"Feature","properties":{"relatieveHoogteligging":0,"lokaalID":"G1900.bcc251fef39146b4823614278338b015","bgt_status":"bestaand","function":"parkeervlak","surfaceMaterial":"open verharding","plus_fysiekVoorkomenWegdeel":"betonstraatstenen"},"geometry":{"type":"Polygon","coordinates":[[[172304.51,559439.1],[172265.966,559403.047],[172268.927,559402.992],[172274.712,559408.407],[172275.293,559408.951],[172275.536,559409.178],[172277.521,559411.036],[172279.252,559412.657],[172288.886,559421.674],[172289.666,559422.404],[172301.905,559433.86],[172302.362,559434.287],[172302.709,559434.612],[172303.916,559435.742],[172304.51,559439.1]]]}},{"type":"Feature","properties":{"relatieveHoogteligging":0,"lokaalID":"G1900.be4b62c4ddc640faae6a0d255dbae9e8","bgt_status":"bestaand","function":"voetpad","surfaceMaterial":"open verharding","plus_fysiekVoorkomenWegdeel":"tegels"},"geometry":{"type":"Polygon","coordinates":[[[172352.528,559568.005],[172334.634,559528.247],[172333.055,559524.736],[172335.65,559523.257],[172354.586,559566.466],[172354.82,559567.002],[172352.528,559568.005]]]}},{"type":"Feature","properties":{"relatieveHoogteligging":0,"lokaalID":"G1900.c82bc52a570b462f9e4558440fa78a6d","bgt_status":"bestaand","function":"voetpad","surfaceMaterial":"open verharding","plus_fysiekVoorkomenWegdeel":"tegels"},"geometry":{"type":"Polygon","coordinates":[[[172476.386,559428.437],[172476.997,559435.434],[172476.954,559435.688],[172476.846,559435.922],[172476.681,559436.119],[172476.47,559436.267],[172476.311,559436.332],[172476.143,559436.369],[172468.145,559437.659],[172465.897,559437.909],[172453.055,559439.054],[172452.808,559439.032],[172452.574,559438.948],[172452.37,559438.807],[172451.677,559438.248],[172451.504,559438.044],[172451.392,559437.802],[172451.354,559437.628],[172450.888,559432.92],[172450.888,559432.808],[172450.828,559431.729],[172450.7,559431.736],[172450.667,559431.437],[172450.66,559431.304],[172450.665,559431.171],[172450.681,559431.039],[172450.709,559430.909],[172450.747,559430.781],[172450.796,559430.658],[172450.856,559430.539],[172450.926,559430.426],[172451.005,559430.319],[172451.093,559430.219],[172451.19,559430.127],[172451.294,559430.044],[172451.404,559429.97],[172451.521,559429.906],[172451.643,559429.852],[172451.768,559429.809],[172451.898,559429.777],[172452.029,559429.756],[172453.027,559429.675],[172453.153,559429.668],[172453.279,559429.671],[172453.405,559429.686],[172453.529,559429.71],[172453.65,559429.746],[172453.768,559429.791],[172453.881,559429.847],[172453.99,559429.912],[172454.092,559429.986],[172454.188,559430.068],[172454.276,559430.158],[172454.357,559430.256],[172454.428,559430.36],[172454.491,559430.47],[172454.544,559430.584],[172454.587,559430.703],[172454.62,559430.825],[172454.642,559430.949],[172454.654,559431.075],[172454.732,559432.026],[172454.903,559434.118],[172475.363,559432.168],[172475.157,559429.888],[172474.964,559427.756],[172474.967,559427.644],[172474.998,559427.537],[172475.055,559427.44],[172475.135,559427.362],[172475.233,559427.307],[172475.341,559427.278],[172475.497,559427.285],[172475.634,559427.312],[172475.764,559427.358],[172475.877,559427.415],[172475.986,559427.49],[172476.139,559427.639],[172476.228,559427.765],[172476.282,559427.868],[172476.323,559427.976],[172476.359,559428.131],[172476.386,559428.437]]]}},{"type":"Feature","properties":{"relatieveHoogteligging":0,"lokaalID":"G1900.ea8d104cfdbe4941be0c8303f0ca8ded","bgt_status":"bestaand","function":"rijbaan lokale weg","surfaceMaterial":"open verharding","plus_fysiekVoorkomenWegdeel":"betonstraatstenen"},"geometry":{"type":"Polygon","coordinates":[[[172128.58,559194.52],[172136.942,559188.471],[172136.72,559188.84],[172136.56,559189.23],[172136.44,559189.58],[172136.38,559189.88],[172136.37,559190.26],[172136.41,559190.58],[172136.45,559190.8],[172136.49,559191.1],[172136.58,559191.4],[172137.37,559193.85],[172137.554,559194.042],[172141.763,559207.574],[172140.696,559207.886],[172140.094,559208.062],[172139.709,559208.174],[172139.6,559208.206],[172136.122,559209.222],[172132.547,559197.618],[172132.56,559197.37],[172132.511,559197.078],[172132.33,559196.41],[172132.15,559195.97],[172131.93,559195.65],[172131.67,559195.35],[172131.36,559195.11],[172131.08,559194.86],[172130.7,559194.68],[172130.3,559194.5],[172129.94,559194.39],[172129.56,559194.37],[172129.24,559194.37],[172128.94,559194.43],[172128.58,559194.52]]]}},{"type":"Feature","properties":{"relatieveHoogteligging":0,"lokaalID":"G1900.eeb9000623754d9987db12d08c3b12b2","bgt_status":"bestaand","function":"fietspad","surfaceMaterial":"gesloten verharding","plus_fysiekVoorkomenWegdeel":"asfalt"},"geometry":{"type":"Polygon","coordinates":[[[172189.009,559714.077],[172195.14,559707.521],[172203.654,559698.369],[172209.185,559692.436],[172245.081,559653.925],[172245.263,559653.532],[172247.649,559650.951],[172249.345,559648.866],[172250.84,559646.633],[172252.123,559644.272],[172253.183,559641.802],[172253.264,559641.514],[172253.32,559641.22],[172253.35,559640.923],[172253.354,559640.624],[172253.333,559640.325],[172253.285,559640.03],[172253.212,559639.74],[172253.114,559639.457],[172252.992,559639.184],[172252.847,559638.923],[172252.679,559638.675],[172257.71,559640.576],[172257.449,559640.688],[172257.198,559640.822],[172256.959,559640.976],[172256.734,559641.15],[172256.524,559641.342],[172256.332,559641.551],[172256.157,559641.776],[172256.002,559642.014],[172255.867,559642.265],[172255.754,559642.525],[172255.663,559642.795],[172255.595,559643.071],[172254.424,559646.025],[172253.449,559647.89],[172252.333,559649.675],[172251.082,559651.367],[172249.704,559652.958],[172247.376,559655.468],[172212.2,559693.037],[172205.671,559700.141],[172198.9,559707.5],[172192.197,559714.924],[172191.114,559716.057],[172189.009,559714.077]]]}},{"type":"Feature","properties":{"relatieveHoogteligging":0,"lokaalID":"G1900.eedf825d888d432b82ab0464095d0b11","bgt_status":"bestaand","function":"voetpad","surfaceMaterial":"open verharding","plus_fysiekVoorkomenWegdeel":"tegels"},"geometry":{"type":"Polygon","coordinates":[[[172496.14,559433.832],[172492.824,559434.87],[172492.423,559434.915],[172492.03,559434.826],[172489.313,559433.601],[172488.993,559433.494],[172488.656,559433.508],[172482.254,559435.078],[172482.092,559435.107],[172481.928,559435.109],[172481.766,559435.083],[172481.61,559435.03],[172481.465,559434.953],[172480.782,559434.489],[172480.649,559434.367],[172480.539,559434.224],[172480.455,559434.064],[172480.399,559433.892],[172479.881,559428.167],[172479.801,559427.272],[172479.801,559427.164],[172479.838,559427.031],[172479.968,559426.86],[172480.137,559426.773],[172480.524,559426.734],[172480.64,559426.737],[172480.786,559426.787],[172480.931,559426.914],[172481.01,559427.089],[172481.136,559428.434],[172481.166,559428.754],[172481.212,559429.255],[172481.325,559430.492],[172488.405,559429.843],[172488.23,559427.683],[172488.032,559425.232],[172488.039,559425.06],[172488.105,559424.811],[172488.233,559424.587],[172488.414,559424.404],[172488.637,559424.274],[172488.885,559424.206],[172489.775,559424.11],[172489.74,559423.761],[172493.83,559423.292],[172494.33,559428.411],[172496.026,559433.43],[172496.14,559433.832]]]}},{"type":"Feature","properties":{"relatieveHoogteligging":0,"lokaalID":"G1900.f80f48c74772479e98ce75c8e8ee19e3","bgt_status":"bestaand","function":"rijbaan lokale weg","surfaceMaterial":"open verharding","plus_fysiekVoorkomenWegdeel":"gebakken klinkers"},"geometry":{"type":"Polygon","coordinates":[[[172567.633,559692.211],[172581.731,559691.253],[172580.866,559691.694],[172580.117,559692.268],[172579.553,559692.699],[172579.106,559693.269],[172578.742,559693.663],[172578.426,559694.005],[172578.053,559694.62],[172577.776,559695.236],[172577.4,559695.93],[172577.546,559697.139],[172577.68,559697.418],[172578.01,559700.99],[172578.727,559708.24],[172578.93,559710.29],[172579.36,559715.813],[172579.489,559717.458],[172579.75,559720.81],[172580.56,559730.08],[172580.74,559731.84],[172581.696,559743.2],[172581.773,559744.052],[172581.848,559744.884],[172580.364,559744.984],[172580.456,559746.412],[172577.01,559746.715],[172576.883,559745.218],[172572.74,559696.28],[172572.29,559695.202],[172571.858,559694.567],[172571.1,559693.79],[172570.359,559693.199],[172569.574,559692.793],[172568.604,559692.502],[172567.633,559692.211]]]}},{"type":"Feature","properties":{"relatieveHoogteligging":0,"lokaalID":"G1900.f80fc4da15eb496e86f366c98eb280ad","bgt_status":"bestaand","function":"parkeervlak","surfaceMaterial":"open verharding","plus_fysiekVoorkomenWegdeel":"betonstraatstenen"},"geometry":{"type":"Polygon","coordinates":[[[172532.967,558969.425],[172519.521,558994.667],[172517.505,558988.07],[172519.907,558987.251],[172519.089,558984.874],[172522.312,558978.933],[172524.771,558978.193],[172524.137,558975.854],[172527.245,558970.072],[172529.795,558969.076],[172529.207,558966.872],[172531.787,558966.118],[172532.451,558968.563],[172532.967,558969.425]]]}},{"type":"Feature","properties":{"relatieveHoogteligging":0,"lokaalID":"G1900.0511a7bfc44d4465be20a1daeafd4864","bgt_status":"bestaand","function":"voetpad","surfaceMaterial":"open verharding","plus_fysiekVoorkomenWegdeel":"tegels"},"geometry":{"type":"Polygon","coordinates":[[[172519.071,559709.13],[172520.849,559709.043],[172524.27,559746.04],[172524.825,559752.277],[172524.868,559752.735],[172525.12,559755.405],[172525.264,559756.934],[172525.66,559761.14],[172531.984,559828.307],[172534.63,559860.14],[172532.71,559861.23],[172528.592,559814.27],[172527.199,559798.38],[172526.778,559793.573],[172522.913,559751.201],[172519.071,559709.13]]]}},{"type":"Feature","properties":{"relatieveHoogteligging":0,"lokaalID":"G1900.0818ec626bf3406eb69e761b8807d404","bgt_status":"bestaand","function":"parkeervlak","surfaceMaterial":"open verharding","plus_fysiekVoorkomenWegdeel":"betonstraatstenen"},"geometry":{"type":"Polygon","coordinates":[[[172300.868,559443.903],[172297.502,559443.677],[172281.338,559428.397],[172280.539,559427.642],[172271.921,559419.496],[172271.23,559418.843],[172261.592,559409.733],[172261.234,559406.892],[172300.868,559443.903]]]}},{"type":"Feature","properties":{"relatieveHoogteligging":0,"lokaalID":"G1900.09ac1f9ccc1f441ca3f445697e3e65b5","bgt_status":"bestaand","function":"rijbaan lokale weg","surfaceMaterial":"open verharding","plus_fysiekVoorkomenWegdeel":"betonstraatstenen"},"geometry":{"type":"Polygon","coordinates":[[[172534.857,559139.752],[172535.099,559139.458],[172535.401,559139.096],[172535.858,559138.811],[172536.297,559138.794],[172536.815,559138.846],[172537.159,559139.001],[172537.47,559139.269],[172537.78,559139.674],[172537.875,559140.14],[172537.875,559140.735],[172537.703,559141.071],[172537.418,559141.399],[172537.108,559141.658],[172536.668,559141.77],[172536.082,559141.796],[172535.504,559141.554],[172535.082,559141.097],[172534.814,559140.606],[172534.797,559140.235],[172534.857,559139.752]]]}},{"type":"Feature","properties":{"relatieveHoogteligging":0,"lokaalID":"G1900.0b3f16d7b14d4e8c8b7e74e9c1932ba4","bgt_status":"bestaand","function":"parkeervlak","surfaceMaterial":"open verharding","plus_fysiekVoorkomenWegdeel":"betonstraatstenen"},"geometry":{"type":"Polygon","coordinates":[[[172130.54,559283.07],[172135.336,559297.013],[172135.13,559297.02],[172134.81,559297.06],[172130.8,559298.45],[172128.9,559293.06],[172126.18,559285],[172126.946,559284.718],[172130.29,559283.49],[172130.45,559283.33],[172130.54,559283.07]]]}},{"type":"Feature","properties":{"relatieveHoogteligging":0,"lokaalID":"G1900.1371ef18046d4fdeae25cba5652f9b4e","bgt_status":"bestaand","function":"voetpad","surfaceMaterial":"half verhard"},"geometry":{"type":"Polygon","coordinates":[[[172209.34,559688.29],[172209.57,559687.59],[172209.51,559687.453],[172209.36,559687.11],[172209.02,559686.58],[172206.43,559682.88],[172203.57,559678.73],[172201.68,559675.54],[172200.31,559672.8],[172199.49,559670.6],[172199.08,559668.59],[172198.96,559666.75],[172198.92,559664.97],[172199.18,559662.73],[172199.65,559659.66],[172200.14,559656.26],[172200.44,559653.43],[172200.54,559650.93],[172200.5,559649.11],[172200.36,559647.4],[172200.09,559645.42],[172199.49,559643.8],[172198.79,559641.55],[172198.48,559640.83],[172198.16,559640.35],[172197.8,559640.2],[172197.48,559640.2],[172196.72,559640.45],[172162.88,559647.38],[172162.34,559647.56],[172162.19,559647.9],[172162.35,559648.32],[172159.822,559646.355],[172161.85,559645.93],[172196.44,559638.69],[172196.86,559638.23],[172196.81,559637.67],[172196.61,559637.23],[172196.32,559636.41],[172184.891,559613.236],[172187.558,559614.243],[172199.37,559637.62],[172201.03,559641.15],[172201.73,559643.78],[172202.29,559646.04],[172202.5,559648.9],[172202.42,559651.06],[172202.17,559654.18],[172201.87,559656.98],[172201.36,559660.31],[172200.99,559663.17],[172200.89,559665.81],[172201.09,559667.91],[172201.41,559669.99],[172202.05,559671.82],[172202.68,559673.4],[172203.86,559675.72],[172206.64,559679.88],[172210.1,559684.79],[172210.79,559685.34],[172211.371,559685.506],[172209.34,559688.29]]]}},{"type":"Feature","properties":{"relatieveHoogteligging":0,"lokaalID":"G1900.1e607b5c6fc148d4889998dc51f219e6","bgt_status":"bestaand","function":"parkeervlak","surfaceMaterial":"open verharding","plus_fysiekVoorkomenWegdeel":"betonstraatstenen"},"geometry":{"type":"Polygon","coordinates":[[[172113.022,559232.891],[172127.56,559274.62],[172127.3,559274.46],[172127,559274.34],[172125.45,559273.59],[172125.29,559273.45],[172125.13,559273.31],[172125.03,559273.13],[172124.95,559272.92],[172124.85,559272.71],[172119.58,559258.06],[172112.09,559236.05],[172112.01,559235.73],[172112.07,559235.39],[172112.13,559235.16],[172113.01,559233.27],[172113.022,559232.891]]]}},{"type":"Feature","properties":{"relatieveHoogteligging":0,"lokaalID":"G1900.1eee449732684203b633280b94b22f22","bgt_status":"bestaand","function":"rijbaan lokale weg","surfaceMaterial":"open verharding","plus_fysiekVoorkomenWegdeel":"betonstraatstenen"},"geometry":{"type":"Polygon","coordinates":[[[172209.172,559359.002],[172213.863,559354.649],[172214.089,559354.747],[172214.693,559355.011],[172215.643,559355.237],[172217.182,559355.373],[172218.389,559355.086],[172219.868,559354.483],[172220.713,559353.788],[172222.345,559351.999],[172226.974,559356.234],[172225.595,559357.7],[172224.802,559358.779],[172224.345,559359.796],[172224.172,559361.004],[172224.121,559362.065],[172224.302,559363.16],[172224.543,559363.747],[172225.103,559364.489],[172225.432,559364.821],[172225.547,559364.937],[172221.308,559369.556],[172219.648,559368.53],[172218.215,559368.182],[172216.857,559368.273],[172215.454,559368.892],[172214.217,559369.767],[172213.613,559370.341],[172208.995,559366.103],[172209.067,559366.006],[172209.715,559365.04],[172210.108,559364.134],[172210.334,559362.987],[172210.259,559361.568],[172209.897,559360.285],[172209.172,559359.002]]]}},{"type":"Feature","properties":{"relatieveHoogteligging":0,"lokaalID":"G1900.227b6c8a6b7e46988204188931d23822","bgt_status":"bestaand","function":"parkeervlak","surfaceMaterial":"open verharding","plus_fysiekVoorkomenWegdeel":"betonstraatstenen"},"geometry":{"type":"Polygon","coordinates":[[[172402.708,559283.237],[172401.88,559283.824],[172400.327,559285.652],[172379.865,559287.563],[172377.162,559285.455],[172399.716,559283.435],[172402.708,559283.237]]]}},{"type":"Feature","properties":{"relatieveHoogteligging":0,"lokaalID":"G1900.25f63888db03453082a760ebf47b4f4e","bgt_status":"bestaand","function":"parkeervlak","surfaceMaterial":"open verharding","plus_fysiekVoorkomenWegdeel":"betonstraatstenen"},"geometry":{"type":"Polygon","coordinates":[[[172063.07,559240.839],[172063.327,559240.217],[172063.629,559239.07],[172064.081,559238.602],[172068.049,559236.353],[172073.828,559233.37],[172077.041,559231.694],[172077.525,559232.341],[172077.732,559232.712],[172077.939,559232.867],[172063.07,559240.839]]]}},{"type":"Feature","properties":{"relatieveHoogteligging":0,"lokaalID":"G1900.26eae9e8aef94a94bf2494ed39a5a044","bgt_status":"bestaand","function":"parkeervlak","surfaceMaterial":"open verharding","plus_fysiekVoorkomenWegdeel":"betonstraatstenen"},"geometry":{"type":"Polygon","coordinates":[[[172085.53,559306.756],[172089.44,559303.78],[172101.13,559318.99],[172097.61,559321.37],[172097.18,559321.58],[172085.53,559306.756]]]}},{"type":"Feature","properties":{"relatieveHoogteligging":0,"lokaalID":"G1900.2b16b72f247049c2806cedc5d8863c81","bgt_status":"bestaand","function":"voetpad","surfaceMaterial":"open verharding","plus_fysiekVoorkomenWegdeel":"tegels"},"geometry":{"type":"Polygon","coordinates":[[[172444.663,559433.36],[172444.83,559435.33],[172429.441,559436.198],[172427.487,559435.062],[172414.179,559435.907],[172414.085,559433.119],[172416.525,559432.978],[172417.858,559432.9],[172420.205,559432.764],[172423.17,559432.592],[172426.171,559432.418],[172428.435,559432.465],[172430.284,559434.036],[172440.495,559433.435],[172442.77,559431.297],[172443.962,559431.281],[172444.444,559431.493],[172444.577,559432.066],[172444.663,559433.36]]]}},{"type":"Feature","properties":{"relatieveHoogteligging":0,"lokaalID":"G1900.2bf372cb436445f297ee765c00805713","bgt_status":"bestaand","function":"parkeervlak","surfaceMaterial":"open verharding","plus_fysiekVoorkomenWegdeel":"betonstraatstenen"},"geometry":{"type":"Polygon","coordinates":[[[172281.582,559607.289],[172295.372,559601.191],[172297.273,559605.425],[172297.016,559605.953],[172284.464,559611.614],[172283.785,559611.795],[172283.679,559611.591],[172281.582,559607.289]]]}},{"type":"Feature","properties":{"relatieveHoogteligging":0,"lokaalID":"G1900.3e5437bc0cbf4e539784eb41a8c3ca04","bgt_status":"bestaand","function":"voetpad","surfaceMaterial":"open verharding","plus_fysiekVoorkomenWegdeel":"tegels"},"geometry":{"type":"Polygon","coordinates":[[[172535.048,559695.312],[172543.286,559694.693],[172567.12,559692.27],[172567.26,559694.85],[172543.946,559696.669],[172542.798,559696.759],[172535.218,559697.35],[172535.057,559695.515],[172535.048,559695.312]]]}},{"type":"Feature","properties":{"relatieveHoogteligging":0,"lokaalID":"G1900.40ea80aa823d44e29a04f96c6baccc62","bgt_status":"bestaand","function":"parkeervlak","surfaceMaterial":"open verharding","plus_fysiekVoorkomenWegdeel":"betonstraatstenen"},"geometry":{"type":"Polygon","coordinates":[[[172426.996,559490.983],[172427.412,559495.976],[172393.165,559498.756],[172392.999,559495.045],[172392.773,559494.411],[172392.305,559494.034],[172426.996,559490.983]]]}},{"type":"Feature","properties":{"relatieveHoogteligging":0,"lokaalID":"G1900.42babf5f788f4aa7aa79f3f03a1e1de4","bgt_status":"bestaand","function":"parkeervlak","surfaceMaterial":"open verharding","plus_fysiekVoorkomenWegdeel":"betonstraatstenen"},"geometry":{"type":"Polygon","coordinates":[[[172038.553,559402.71],[172035.54,559401.85],[172034.396,559401.524],[172032.51,559400.986],[172030.49,559400.41],[172022.27,559398.01],[172022.46,559397.79],[172023.395,559394.441],[172023.56,559393.85],[172023.66,559393.57],[172024,559393.45],[172039.383,559398.07],[172039.494,559398.123],[172039.583,559398.207],[172039.643,559398.314],[172039.666,559398.435],[172039.653,559398.553],[172039.011,559400.98],[172038.553,559402.71]]]}},{"type":"Feature","properties":{"relatieveHoogteligging":0,"lokaalID":"G1900.4ddc8699cf80488d8c9f5e1138602865","bgt_status":"bestaand","function":"voetpad","surfaceMaterial":"open verharding","plus_fysiekVoorkomenWegdeel":"tegels"},"geometry":{"type":"Polygon","coordinates":[[[172478.269,559450.449],[172478.534,559451.825],[172478.56,559451.961],[172478.651,559452.471],[172476.746,559452.849],[172476.237,559450.11],[172476.205,559449.783],[172476.145,559449.46],[172476.058,559449.143],[172475.945,559448.834],[172475.805,559448.537],[172475.641,559448.252],[172475.453,559447.982],[172475.243,559447.73],[172475.012,559447.496],[172474.762,559447.282],[172474.494,559447.091],[172474.212,559446.923],[172473.916,559446.78],[172473.609,559446.663],[172473.293,559446.572],[172472.971,559446.508],[172472.644,559446.472],[172472.315,559446.464],[172471.987,559446.484],[172471.662,559446.532],[172471.342,559446.607],[172466.23,559447.393],[172465.88,559447.442],[172465.536,559447.521],[172465.201,559447.631],[172464.876,559447.769],[172464.565,559447.936],[172464.27,559448.13],[172463.993,559448.35],[172463.737,559448.592],[172463.503,559448.857],[172463.294,559449.141],[172463.11,559449.443],[172462.954,559449.76],[172462.827,559450.089],[172461.662,559453.556],[172461.519,559454.599],[172459.616,559454.269],[172459.591,559454.164],[172459.85,559452.882],[172459.893,559452.671],[172460.91,559449.641],[172461.088,559449.144],[172461.309,559448.665],[172461.572,559448.208],[172461.874,559447.776],[172462.214,559447.373],[172462.589,559447.001],[172462.995,559446.664],[172463.429,559446.365],[172463.889,559446.106],[172464.369,559445.888],[172464.867,559445.715],[172465.379,559445.586],[172471.453,559444.634],[172471.942,559444.568],[172472.434,559444.546],[172472.927,559444.566],[172473.416,559444.629],[172473.898,559444.734],[172474.369,559444.88],[172474.826,559445.067],[172475.264,559445.293],[172475.681,559445.556],[172476.074,559445.854],[172476.439,559446.186],[172476.774,559446.548],[172477.077,559446.937],[172477.344,559447.351],[172477.575,559447.788],[172477.766,559448.242],[172477.918,559448.711],[172478.028,559449.192],[172478.269,559450.449]]]}},{"type":"Feature","properties":{"relatieveHoogteligging":0,"lokaalID":"G1900.575f8cdb64294f609a3f224b23f90477","bgt_status":"bestaand","function":"rijbaan lokale weg","surfaceMaterial":"open verharding","plus_fysiekVoorkomenWegdeel":"betonstraatstenen"},"geometry":{"type":"Polygon","coordinates":[[[172362.142,559453.372],[172356.19,559454.026],[172355.99,559453.958],[172343.361,559455.161],[172335.097,559455.768],[172329.869,559455.742],[172322.714,559454.791],[172318.542,559453.708],[172314.582,559452.282],[172309.988,559450.142],[172305.119,559447.232],[172303.493,559446.012],[172302.724,559445.435],[172302.479,559445.25],[172300.868,559443.903],[172261.234,559406.892],[172255.119,559401.182],[172254.485,559400.59],[172254.142,559400.268],[172252.018,559398.275],[172225.401,559373.308],[172222.585,559370.728],[172226.749,559366.26],[172228.668,559368.058],[172255.662,559393.35],[172256.483,559394.122],[172256.709,559394.335],[172257.097,559394.7],[172257.662,559395.233],[172258.337,559395.868],[172258.568,559396.084],[172259.007,559396.498],[172259.304,559396.778],[172265.966,559403.047],[172304.51,559439.1],[172308.331,559442.128],[172313.875,559445.359],[172314.087,559445.483],[172314.91,559445.841],[172318.391,559447.358],[172323.275,559448.732],[172329.849,559449.63],[172334.177,559449.742],[172334.945,559449.762],[172335.387,559449.726],[172352.714,559448.335],[172355.191,559448.061],[172361.916,559447.319],[172361.222,559448.602],[172360.95,559449.568],[172361.041,559451.048],[172361.433,559452.285],[172362.142,559453.372]]]}},{"type":"Feature","properties":{"relatieveHoogteligging":0,"lokaalID":"G1900.6658e177ac7c425d9de9877a828b0efa","bgt_status":"bestaand","function":"parkeervlak","surfaceMaterial":"open verharding","plus_fysiekVoorkomenWegdeel":"betonstraatstenen"},"geometry":{"type":"Polygon","coordinates":[[[172193.263,559159.422],[172213.951,559144.166],[172216.21,559147.416],[172195.775,559162.412],[172193.263,559159.422]]]}},{"type":"Feature","properties":{"relatieveHoogteligging":0,"lokaalID":"G1900.6a0d91f009da40d2811bf487b3a8ffa9","bgt_status":"bestaand","function":"parkeervlak","surfaceMaterial":"open verharding","plus_fysiekVoorkomenWegdeel":"betonstraatstenen"},"geometry":{"type":"Polygon","coordinates":[[[172227.622,559377.7],[172225.467,559375.68],[172225.401,559373.308],[172252.018,559398.275],[172249.677,559398.377],[172238.759,559388.142],[172238.145,559387.566],[172238.049,559387.476],[172228.334,559378.368],[172228.086,559378.136],[172227.622,559377.7]]]}},{"type":"Feature","properties":{"relatieveHoogteligging":0,"lokaalID":"G1900.70772291bfd7434bbb967064416b5f70","bgt_status":"bestaand","function":"rijbaan lokale weg","surfaceMaterial":"open verharding","plus_fysiekVoorkomenWegdeel":"betonstraatstenen"},"geometry":{"type":"Polygon","coordinates":[[[172189.39,559154.439],[172189.737,559154.164],[172208.54,559140.476],[172208.57,559140.132],[172217.381,559142.257],[172216.062,559142.688],[172214.253,559143.942],[172213.951,559144.166],[172193.263,559159.422],[172189.39,559154.439]]]}},{"type":"Feature","properties":{"relatieveHoogteligging":0,"lokaalID":"G1900.74520093d454437387771605b00450ab","bgt_status":"bestaand","function":"rijbaan lokale weg","surfaceMaterial":"open verharding","plus_fysiekVoorkomenWegdeel":"betonstraatstenen"},"geometry":{"type":"Polygon","coordinates":[[[172189.626,559307.373],[172195.706,559307.237],[172195.865,559315.718],[172196.763,559324.277],[172198.03,559330.088],[172200.142,559336.269],[172202.651,559341.315],[172206.875,559347.496],[172210.175,559351.458],[172212.432,559353.615],[172207.966,559357.797],[172205.316,559354.873],[172199.817,559348.401],[172194.966,559339.745],[172191.408,559329.552],[172190.033,559321.057],[172189.626,559307.373]]]}},{"type":"Feature","properties":{"relatieveHoogteligging":0,"lokaalID":"G1900.7ad5ca4c6e7841f1815db9b1a8b19109","bgt_status":"bestaand","function":"parkeervlak","surfaceMaterial":"open verharding","plus_fysiekVoorkomenWegdeel":"betonstraatstenen"},"geometry":{"type":"Polygon","coordinates":[[[172178.654,559382.411],[172149.381,559375.69],[172150.644,559370.935],[172179.692,559377.634],[172178.654,559382.411]]]}},{"type":"Feature","properties":{"relatieveHoogteligging":0,"lokaalID":"G1900.7f8f8cf7d65943f49ca2f96f4dd891b6","bgt_status":"bestaand","function":"parkeervlak","surfaceMaterial":"open verharding","plus_fysiekVoorkomenWegdeel":"betonstraatstenen"},"geometry":{"type":"Polygon","coordinates":[[[172577.68,559697.418],[172577.99,559697.599],[172581.596,559697.401],[172581.971,559697.453],[172582.178,559697.584],[172582.402,559697.817],[172583.114,559706.665],[172583.04,559707.222],[172582.861,559707.333],[172582.606,559707.494],[172582.129,559707.509],[172579.157,559707.668],[172578.83,559707.951],[172578.727,559708.24],[172578.01,559700.99],[172577.68,559697.418]]]}},{"type":"Feature","properties":{"relatieveHoogteligging":0,"lokaalID":"G1900.816340120f134d62ada33c7cbf77153e","bgt_status":"bestaand","function":"voetpad","surfaceMaterial":"open verharding","plus_fysiekVoorkomenWegdeel":"tegels"},"geometry":{"type":"Polygon","coordinates":[[[172251.662,559540.35],[172249.804,559539.414],[172249.099,559539.059],[172248.701,559538.859],[172240.464,559531.014],[172202.741,559495.495],[172201.548,559494.444],[172200.555,559493.619],[172174.877,559469.632],[172176.237,559468.198],[172178.019,559469.86],[172196.876,559487.516],[172242.532,559530.224],[172249.65,559536.779],[172251.18,559538.118],[172252.416,559538.768],[172252.532,559538.818],[172251.662,559540.35]]]}},{"type":"Feature","properties":{"relatieveHoogteligging":0,"lokaalID":"G1900.9bb80085b95a4cc181e324d90e48e43d","bgt_status":"bestaand","function":"parkeervlak","surfaceMaterial":"open verharding","plus_fysiekVoorkomenWegdeel":"betonstraatstenen"},"geometry":{"type":"Polygon","coordinates":[[[172593.592,558959.642],[172574.172,558961.936],[172573.408,558956.985],[172592.887,558954.481],[172593.592,558959.642]]]}},{"type":"Feature","properties":{"relatieveHoogteligging":0,"lokaalID":"G1900.9c99f1170fb24b8484c3e4a6f9f7cc35","bgt_status":"bestaand","function":"rijbaan lokale weg","surfaceMaterial":"open verharding","plus_fysiekVoorkomenWegdeel":"betonstraatstenen"},"geometry":{"type":"Polygon","coordinates":[[[172565.057,559300.933],[172570.939,559305.775],[172583.639,559316.605],[172599.809,559330.501],[172601.691,559332.118],[172602.827,559333.094],[172604.598,559334.617],[172613.021,559341.96],[172618.17,559348.723],[172622.21,559355.089],[172622.29,559355.178],[172617.588,559358.55],[172616.513,559356.919],[172609.001,559346.288],[172605.384,559342.986],[172582.545,559323.517],[172572.317,559314.911],[172568.762,559311.92],[172561.141,559305.449],[172565.057,559300.933]]]}},{"type":"Feature","properties":{"relatieveHoogteligging":0,"lokaalID":"G1900.a2504f58d7724b29aa0833d9e111281c","bgt_status":"bestaand","function":"voetpad","surfaceMaterial":"open verharding","plus_fysiekVoorkomenWegdeel":"tegels"},"geometry":{"type":"Polygon","coordinates":[[[172221.963,559502.624],[172212.403,559493.659],[172206.81,559488.414],[172210.325,559484.897],[172212.63,559483.012],[172244.932,559456.596],[172246.415,559455.431],[172252.883,559450.35],[172254.233,559451.65],[172246.958,559458.265],[172246.509,559459.506],[172248.991,559461.963],[172250.074,559461.54],[172256.322,559453.662],[172257.724,559455.013],[172252.807,559460.96],[172252.834,559461.673],[172227.204,559496.354],[172227.077,559496.525],[172226.393,559497.451],[172226.249,559497.646],[172225.291,559498.943],[172225.064,559499.25],[172222.544,559502.659],[172221.963,559502.624]],[[172230.404,559473.021],[172210.787,559489.528],[172214.681,559492.971],[172221.138,559499.051],[172236.002,559479.335],[172230.404,559473.021]],[[172245.34,559459.752],[172231.205,559472.394],[172236.555,559478.42],[172248.437,559462.94],[172245.34,559459.752]]]}},{"type":"Feature","properties":{"relatieveHoogteligging":0,"lokaalID":"G1900.b536ffae077046babe0714626767bde5","bgt_status":"bestaand","function":"parkeervlak","surfaceMaterial":"open verharding","plus_fysiekVoorkomenWegdeel":"betonstraatstenen"},"geometry":{"type":"Polygon","coordinates":[[[172060.19,559362.59],[172059.91,559362.59],[172059.59,559362.68],[172056.87,559366.23],[172052.65,559363.41],[172041.46,559355.69],[172044.349,559351.474],[172060.19,559362.59]]]}},{"type":"Feature","properties":{"relatieveHoogteligging":0,"lokaalID":"G1900.c213eb3f10fc4c1282bf9913f2d9f21c","bgt_status":"bestaand","function":"voetpad","surfaceMaterial":"open verharding","plus_fysiekVoorkomenWegdeel":"tegels"},"geometry":{"type":"Polygon","coordinates":[[[172368.783,559435.747],[172373.768,559435.458],[172373.888,559438.549],[172367.329,559439.12],[172367.022,559435.792],[172368.783,559435.747]]]}},{"type":"Feature","properties":{"relatieveHoogteligging":0,"lokaalID":"G1900.c28e3ec43fa046b19ca48027d80fd400","bgt_status":"bestaand","function":"rijbaan lokale weg","surfaceMaterial":"open verharding","plus_fysiekVoorkomenWegdeel":"gebakken klinkers"},"geometry":{"type":"Polygon","coordinates":[[[172525.022,559690.754],[172534.775,559690.063],[172535.08,559689.849],[172553.35,559688.3],[172553.55,559688.34],[172554.19,559688.38],[172560.205,559687.709],[172566.005,559687.204],[172612.953,559682.994],[172613.07,559683.048],[172613.296,559683.063],[172613.443,559683.072],[172613.805,559688.296],[172582.45,559691.14],[172581.731,559691.253],[172567.633,559692.211],[172567.12,559692.27],[172543.286,559694.693],[172535.048,559695.312],[172533.242,559695.448],[172527.744,559695.842],[172525.485,559696.027],[172525.022,559690.754]]]}},{"type":"Feature","properties":{"relatieveHoogteligging":0,"lokaalID":"G1900.c654f6ce2757496085f0e08e08265f88","bgt_status":"bestaand","function":"rijbaan lokale weg","surfaceMaterial":"open verharding","plus_fysiekVoorkomenWegdeel":"betonstraatstenen"},"geometry":{"type":"Polygon","coordinates":[[[172063.086,559368.435],[172063.21,559367.83],[172063.24,559367.45],[172063.24,559367.07],[172063.18,559366.63],[172063.11,559366.13],[172062.97,559365.67],[172062.847,559365.267],[172062.64,559364.81],[172062.4,559364.37],[172062.12,559364.02],[172061.61,559363.58],[172061.19,559363.22],[172060.97,559362.94],[172060.69,559362.77],[172060.516,559362.707],[172060.19,559362.59],[172044.349,559351.474],[172044.973,559350.564],[172046.059,559348.98],[172046.554,559348.258],[172047.173,559347.355],[172062.722,559358.191],[172062.81,559358.35],[172063.92,559359.1],[172064.14,559359.28],[172064.78,559359.52],[172065.29,559359.81],[172065.69,559359.89],[172066.07,559359.93],[172066.26,559359.935],[172066.43,559359.94],[172066.85,559359.94],[172067.24,559359.94],[172067.61,559359.92],[172068.06,559359.83],[172068.54,559359.71],[172069.102,559359.437],[172063.086,559368.435]]]}},{"type":"Feature","properties":{"relatieveHoogteligging":0,"lokaalID":"G1900.d1e155e241ff41148d6e64d6b33f7008","bgt_status":"bestaand","function":"parkeervlak","surfaceMaterial":"open verharding","plus_fysiekVoorkomenWegdeel":"betonstraatstenen"},"geometry":{"type":"Polygon","coordinates":[[[172180.194,559463.45],[172180.644,559463.263],[172181.884,559461.982],[172182.15,559461.71],[172183.63,559460.06],[172194.643,559470.09],[172194.75,559470.186],[172191.323,559473.531],[172191.147,559473.723],[172180.194,559463.45]]]}},{"type":"Feature","properties":{"relatieveHoogteligging":0,"lokaalID":"G1900.e0c316210c054a04b25995e6caebc71c","bgt_status":"bestaand","function":"rijbaan lokale weg","surfaceMaterial":"open verharding","plus_fysiekVoorkomenWegdeel":"betonstraatstenen"},"geometry":{"type":"Polygon","coordinates":[[[172523.015,559048.074],[172523.17,559047.79],[172523.09,559047.14],[172522.1,559040.28],[172522,559040.07],[172521.979,559039.896],[172520.72,559029.38],[172520.062,559024.485],[172519.95,559023.65],[172519.922,559023.49],[172519.834,559022.986],[172519.33,559020.1],[172518.059,559008.803],[172517.652,559005.611],[172517.627,559005.413],[172517.46,559004.11],[172517.458,559002.802],[172517.572,559001.069],[172517.535,559000.111],[172523.853,559000.925],[172522.938,559002.83],[172523.179,559005.23],[172527.734,559037.422],[172529.503,559050.339],[172530.216,559051.29],[172532.203,559052.176],[172529.935,559052.2],[172529.291,559051.169],[172527.834,559050.246],[172526.282,559050.039],[172525.049,559050.263],[172524.118,559050.765],[172523.303,559051.822],[172522.966,559052.455],[172520.826,559052.5],[172521.565,559052.289],[172522.542,559051.523],[172523.07,559050.757],[172523.202,559049.674],[172523.064,559048.496],[172523.015,559048.074]]]}},{"type":"Feature","properties":{"relatieveHoogteligging":0,"lokaalID":"G1900.e59d6760450f4733ad9391d584321349","bgt_status":"bestaand","function":"rijbaan lokale weg","surfaceMaterial":"gesloten verharding","plus_fysiekVoorkomenWegdeel":"asfalt"},"geometry":{"type":"Polygon","coordinates":[[[172492.458,559551.861],[172491.497,559552.132],[172491.486,559552.135],[172491.426,559551.898],[172491.107,559550.626],[172490.316,559547.526],[172489.047,559542.553],[172488.209,559537.256],[172487.161,559532.319],[172486.809,559528.325],[172486.291,559522.446],[172485.858,559517.528],[172485.872,559512.339],[172485.886,559507.149],[172485.899,559502.287],[172486.218,559497.516],[172486.454,559493.988],[172486.892,559487.427],[172486.925,559483.427],[172486.951,559480.333],[172486.82,559477.548],[172486.647,559473.867],[172486.511,559470.969],[172486.246,559468.478],[172485.735,559463.673],[172485.197,559460.023],[172484.71,559456.725],[172484.224,559453.428],[172483.612,559450.883],[172484.872,559450.65],[172484.899,559450.821],[172486.009,559456.67],[172486.689,559461.13],[172487.266,559465.805],[172487.915,559473.769],[172488.129,559481.757],[172487.908,559489.744],[172487.6,559494.915],[172487.478,559499.303],[172487.277,559501.871],[172487.015,559506.865],[172486.912,559511.843],[172487.01,559516.784],[172487.403,559521.811],[172487.82,559527.325],[172488.409,559531.666],[172489.028,559535.247],[172489.229,559536.454],[172491.355,559546.832],[172492,559550.23],[172492.458,559551.861]]]}},{"type":"Feature","properties":{"relatieveHoogteligging":0,"lokaalID":"G1900.e686bf181d794e989ea75fee4dfdd118","bgt_status":"bestaand","function":"parkeervlak","surfaceMaterial":"open verharding","plus_fysiekVoorkomenWegdeel":"betonstraatstenen"},"geometry":{"type":"Polygon","coordinates":[[[172204.665,559188.799],[172198.745,559195.409],[172195.185,559200.33],[172190.336,559210.667],[172189.834,559213.23],[172187.97,559225.733],[172185.692,559225.246],[172185.767,559224.758],[172186.857,559217.623],[172187.787,559213.452],[172188.282,559211.231],[172189.444,559208.035],[172192.401,559201.14],[172194.989,559196.755],[172198.157,559192.74],[172201.325,559189.174],[172201.88,559188.83],[172204.665,559188.799]]]}},{"type":"Feature","properties":{"relatieveHoogteligging":0,"lokaalID":"G1900.f366502259bf42fb9de432e78c41e148","bgt_status":"bestaand","function":"voetpad","surfaceMaterial":"open verharding","plus_fysiekVoorkomenWegdeel":"tegels"},"geometry":{"type":"Polygon","coordinates":[[[172229.043,559360.842],[172230.265,559359.495],[172263.31,559390.666],[172263.684,559391.018],[172264.352,559391.648],[172311.876,559436.477],[172316.31,559440.731],[172316.688,559441.093],[172320.041,559443.153],[172325.163,559444.976],[172331.157,559445.953],[172333.891,559446.345],[172335.119,559446.292],[172337.44,559446.191],[172355.948,559444.347],[172356.578,559444.284],[172356.763,559446.106],[172335.438,559448.097],[172335.26,559448.096],[172334.038,559448.088],[172332.873,559448.082],[172329.855,559447.719],[172324.213,559446.542],[172320.215,559445.395],[172318.163,559444.142],[172317.069,559443.365],[172316.247,559442.566],[172315.99,559442.315],[172305.139,559432.137],[172304.332,559431.38],[172292.132,559419.937],[172291.337,559419.191],[172285.61,559413.82],[172277.994,559406.657],[172277.122,559405.837],[172263.152,559392.699],[172262.286,559391.885],[172252.866,559383.026],[172246.87,559377.454],[172246.078,559376.718],[172236.18,559367.52],[172229.043,559360.842]]]}},{"type":"Feature","properties":{"relatieveHoogteligging":0,"lokaalID":"G1900.f921de5a33b643f683389a6678d7116d","bgt_status":"bestaand","function":"voetpad","surfaceMaterial":"open verharding","plus_fysiekVoorkomenWegdeel":"tegels"},"geometry":{"type":"Polygon","coordinates":[[[172294.913,559541.05],[172300.045,559540.289],[172308.071,559536.032],[172308.225,559535.95],[172332.243,559523.11],[172335.051,559521.609],[172336.574,559520.794],[172344.374,559516.61],[172347.105,559515.145],[172368.895,559503.457],[172369.787,559504.864],[172368.685,559505.437],[172367.582,559506.012],[172347.688,559516.371],[172345.287,559518.212],[172335.65,559523.257],[172333.055,559524.736],[172318.96,559532.132],[172317.857,559532.711],[172312.76,559535.387],[172311.778,559535.903],[172300.8,559541.667],[172295.136,559542.478],[172294.913,559541.05]]]}},{"type":"Feature","properties":{"relatieveHoogteligging":0,"lokaalID":"G1900.fd310441aa854f97b018b3eb0caba8eb","bgt_status":"bestaand","function":"parkeervlak","surfaceMaterial":"open verharding","plus_fysiekVoorkomenWegdeel":"betonstraatstenen"},"geometry":{"type":"Polygon","coordinates":[[[172118.905,559230.859],[172119.25,559230.8],[172124.4,559229.1],[172124.6,559229.1],[172124.88,559229.24],[172125.02,559229.48],[172128.96,559242.51],[172128.82,559242.75],[172128.56,559242.91],[172123.76,559244.39],[172123.568,559244.608],[172118.905,559230.859]]]}},{"type":"Feature","properties":{"relatieveHoogteligging":0,"lokaalID":"G1900.0240d13e9e7d4a859e692c90fb626a99","bgt_status":"bestaand","function":"parkeervlak","surfaceMaterial":"open verharding","plus_fysiekVoorkomenWegdeel":"betonstraatstenen"},"geometry":{"type":"Polygon","coordinates":[[[172274.837,559543.713],[172263.713,559545.067],[172259.624,559545.535],[172259.126,559545.097],[172259.005,559544.644],[172259.503,559540.629],[172274.236,559538.823],[172274.837,559543.713]]]}},{"type":"Feature","properties":{"relatieveHoogteligging":0,"lokaalID":"G1900.09093d430b0b4f799133fc1ffb0fac21","bgt_status":"bestaand","function":"parkeervlak","surfaceMaterial":"open verharding","plus_fysiekVoorkomenWegdeel":"betonstraatstenen"},"geometry":{"type":"Polygon","coordinates":[[[172566.005,559687.204],[172568.296,559684.648],[172609.98,559680.857],[172610.173,559680.884],[172610.366,559680.941],[172610.686,559681.114],[172612.717,559682.837],[172612.854,559682.948],[172612.953,559682.994],[172566.005,559687.204]]]}},{"type":"Feature","properties":{"relatieveHoogteligging":0,"lokaalID":"G1900.0c3fe895c3d84e56be3a3f8a1a70623b","bgt_status":"bestaand","function":"voetpad","surfaceMaterial":"open verharding","plus_fysiekVoorkomenWegdeel":"tegels"},"geometry":{"type":"Polygon","coordinates":[[[172377.079,559435.266],[172378.07,559435.209],[172387.34,559434.671],[172388.938,559434.578],[172389.122,559437.651],[172377.214,559438.285],[172377.079,559435.266]]]}},{"type":"Feature","properties":{"relatieveHoogteligging":0,"lokaalID":"G1900.0f365bee3f4444708777ed6625552c50","bgt_status":"bestaand","function":"parkeervlak","surfaceMaterial":"open verharding","plus_fysiekVoorkomenWegdeel":"betonstraatstenen"},"geometry":{"type":"Polygon","coordinates":[[[172128.57,559199.12],[172132.19,559198.01],[172132.4,559197.93],[172132.547,559197.618],[172136.122,559209.222],[172132.26,559210.35],[172131.94,559210.29],[172131.74,559210.07],[172128.54,559199.39],[172128.57,559199.12]]]}},{"type":"Feature","properties":{"relatieveHoogteligging":0,"lokaalID":"G1900.22a0434dac1a444993365f07947a6987","bgt_status":"bestaand","function":"rijbaan lokale weg","surfaceMaterial":"open verharding","plus_fysiekVoorkomenWegdeel":"betonstraatstenen"},"geometry":{"type":"Polygon","coordinates":[[[172252.532,559538.818],[172252.416,559538.768],[172251.18,559538.118],[172249.65,559536.779],[172242.532,559530.224],[172196.876,559487.516],[172178.019,559469.86],[172176.237,559468.198],[172175.347,559467.367],[172174.148,559466.418],[172172.069,559461.466],[172178.359,559459.84],[172178.52,559460.748],[172179.47,559462.696],[172180.194,559463.45],[172191.147,559473.723],[172192.115,559474.631],[172192.481,559474.974],[172193.35,559475.789],[172206.81,559488.414],[172212.403,559493.659],[172221.963,559502.624],[172236.752,559516.494],[172237.316,559517.023],[172237.41,559517.111],[172238.774,559518.39],[172251.121,559529.969],[172254.621,559533.252],[172255.5,559533.537],[172253.725,559539.325],[172252.532,559538.818]]]}},{"type":"Feature","properties":{"relatieveHoogteligging":0,"lokaalID":"G1900.28fee469ba6c45e9838a88a19686687b","bgt_status":"bestaand","function":"parkeervlak","surfaceMaterial":"open verharding","plus_fysiekVoorkomenWegdeel":"betonstraatstenen"},"geometry":{"type":"Polygon","coordinates":[[[172237.316,559517.023],[172236.752,559516.494],[172221.963,559502.624],[172222.544,559502.659],[172225.064,559499.25],[172235.795,559508.48],[172241.133,559513.443],[172240.959,559513.606],[172238.334,559516.069],[172238.054,559516.331],[172237.434,559516.912],[172237.316,559517.023]]]}},{"type":"Feature","properties":{"relatieveHoogteligging":0,"lokaalID":"G1900.29cbb74388e6492390995b925d5c2294","bgt_status":"bestaand","function":"parkeervlak","surfaceMaterial":"open verharding","plus_fysiekVoorkomenWegdeel":"betonstraatstenen"},"geometry":{"type":"Polygon","coordinates":[[[172206.81,559488.414],[172193.35,559475.789],[172192.481,559474.974],[172195.63,559471.577],[172195.998,559471.59],[172196.52,559471.608],[172201.364,559476.317],[172210.325,559484.897],[172206.81,559488.414]]]}},{"type":"Feature","properties":{"relatieveHoogteligging":0,"lokaalID":"G1900.351a8b98a1be496eb4e27567c6131126","bgt_status":"bestaand","function":"voetpad","surfaceMaterial":"open verharding","plus_fysiekVoorkomenWegdeel":"tegels"},"geometry":{"type":"Polygon","coordinates":[[[172293.219,559591.051],[172291.464,559576.275],[172287.391,559542.166],[172294.913,559541.05],[172295.136,559542.478],[172288.813,559543.384],[172289.308,559547.404],[172292.903,559576.636],[172294.864,559590.823],[172293.219,559591.051]]]}},{"type":"Feature","properties":{"relatieveHoogteligging":0,"lokaalID":"G1900.7eb54b2855044ea88a21476a5a4f2fb2","bgt_status":"bestaand","function":"parkeervlak","surfaceMaterial":"open verharding","plus_fysiekVoorkomenWegdeel":"betonstraatstenen"},"geometry":{"type":"Polygon","coordinates":[[[172535.08,559689.849],[172537.49,559687.54],[172537.66,559687.41],[172537.97,559687.33],[172550.34,559686.27],[172550.56,559686.31],[172553.35,559688.3],[172535.08,559689.849]]]}},{"type":"Feature","properties":{"relatieveHoogteligging":0,"lokaalID":"G1900.421781dd79f749858fa462170573502c","bgt_status":"bestaand","function":"parkeervlak","surfaceMaterial":"open verharding","plus_fysiekVoorkomenWegdeel":"betonstraatstenen"},"geometry":{"type":"Polygon","coordinates":[[[172173.227,559161.979],[172173.316,559162.589],[172175.428,559165.532],[172165.245,559173.2],[172162.57,559169.76],[172173.227,559161.979]]]}},{"type":"Feature","properties":{"relatieveHoogteligging":0,"lokaalID":"G1900.441cb3e72572492b8d1ce265a9f7641f","bgt_status":"bestaand","function":"voetpad","surfaceMaterial":"open verharding","plus_fysiekVoorkomenWegdeel":"tegels"},"geometry":{"type":"Polygon","coordinates":[[[172395.938,559434.172],[172396.225,559437.149],[172392.344,559437.413],[172392.165,559434.391],[172392.309,559434.383],[172395.257,559434.212],[172395.938,559434.172]]]}},{"type":"Feature","properties":{"relatieveHoogteligging":0,"lokaalID":"G1900.4689246d32874bc5b2a79b17db38be0e","bgt_status":"bestaand","function":"parkeervlak","surfaceMaterial":"open verharding"},"geometry":{"type":"Polygon","coordinates":[[[172386.813,559235.048],[172387.329,559240.479],[172388.34,559252.14],[172388.14,559252.13],[172387.84,559252.17],[172383.75,559252.45],[172381.967,559235.539],[172386.813,559235.048]]]}},{"type":"Feature","properties":{"relatieveHoogteligging":0,"lokaalID":"G1900.4a5534a768f44922954d9dac0016f901","bgt_status":"bestaand","function":"fietspad","surfaceMaterial":"gesloten verharding","plus_fysiekVoorkomenWegdeel":"asfalt"},"geometry":{"type":"Polygon","coordinates":[[[172512.676,559545.268],[172512.643,559544.836],[172512.093,559539.225],[172511.052,559530.872],[172510.988,559530.474],[172510.446,559527.063],[172508.693,559517.945],[172506.52,559508.917],[172503.932,559500],[172503.844,559499.722],[172503.756,559499.444],[172503.667,559499.166],[172502.698,559496.233],[172499.98,559488.745],[172499.502,559487.436],[172499.146,559486.088],[172498.913,559484.714],[172498.806,559483.324],[172498.665,559475.544],[172498.308,559442.551],[172498.301,559441.341],[172501.237,559440.582],[172501.492,559441.615],[172501.731,559443.008],[172501.778,559444.01],[172502.198,559483.009],[172502.217,559483.799],[172502.307,559484.584],[172502.467,559485.358],[172502.697,559486.114],[172506.014,559495.187],[172507.587,559500],[172508.203,559501.885],[172510.771,559510.986],[172512.895,559520.202],[172514.57,559529.509],[172514.87,559531.16],[172515.901,559539.192],[172516.414,559544.504],[172516.452,559544.919],[172514.111,559545.135],[172512.676,559545.268]]]}},{"type":"Feature","properties":{"relatieveHoogteligging":0,"lokaalID":"G1900.5fef73ade7b44fd08cfced0c1d32f116","bgt_status":"bestaand","function":"parkeervlak","surfaceMaterial":"open verharding","plus_fysiekVoorkomenWegdeel":"betonstraatstenen"},"geometry":{"type":"Polygon","coordinates":[[[172093.375,559325.099],[172093.1,559324.93],[172092.76,559324.93],[172092.48,559324.99],[172092.3,559325.13],[172088.9,559327.44],[172088.39,559326.72],[172077.67,559312.74],[172081.532,559309.8],[172093.375,559325.099]]]}},{"type":"Feature","properties":{"relatieveHoogteligging":0,"lokaalID":"G1900.6576f2a289bd48eaae4fac4ec9fab578","bgt_status":"bestaand","function":"rijbaan lokale weg","surfaceMaterial":"open verharding","plus_fysiekVoorkomenWegdeel":"betonstraatstenen"},"geometry":{"type":"Polygon","coordinates":[[[172531.369,559012.525],[172526.261,559013.178],[172525.9,559009.942],[172526.072,559009.92],[172530.987,559009.289],[172531.369,559012.525]]]}},{"type":"Feature","properties":{"relatieveHoogteligging":0,"lokaalID":"G1900.6864abb8527a4d2f82a092bf7d43260f","bgt_status":"bestaand","function":"voetpad","surfaceMaterial":"open verharding","plus_fysiekVoorkomenWegdeel":"tegels"},"geometry":{"type":"Polygon","coordinates":[[[172069.102,559359.437],[172068.54,559359.71],[172068.06,559359.83],[172067.61,559359.92],[172067.24,559359.94],[172066.85,559359.94],[172066.43,559359.94],[172066.26,559359.935],[172069.461,559356.031],[172069.7,559355.74],[172074.57,559349.64],[172079.68,559343.68],[172081.72,559341.46],[172084.51,559338.63],[172089.44,559333.98],[172091.808,559331.895],[172095.19,559328.919],[172095.19,559329.39],[172095.18,559329.73],[172095.18,559329.95],[172095.12,559330.17],[172095.08,559330.37],[172095.04,559330.69],[172094.93,559331.09],[172094.79,559331.4],[172094.57,559331.79],[172094.42,559332.06],[172094.22,559332.32],[172094.06,559332.5],[172093.875,559332.741],[172093.39,559333.23],[172088.02,559338.08],[172086.77,559339.17],[172085.66,559340.3],[172083.16,559342.72],[172081.69,559344.35],[172080.44,559345.84],[172079.03,559347.45],[172077.57,559349.22],[172075.9,559351.17],[172074.71,559352.6],[172073.34,559354.27],[172071.156,559356.933],[172069.102,559359.437]]]}},{"type":"Feature","properties":{"relatieveHoogteligging":0,"lokaalID":"G1900.74b3c9c8e83e43619c666b0fb8114a5f","bgt_status":"bestaand","function":"voetpad","surfaceMaterial":"open verharding","plus_fysiekVoorkomenWegdeel":"tegels"},"geometry":{"type":"Polygon","coordinates":[[[172310.935,559465.578],[172312.447,559466.925],[172309.212,559472.935],[172305.608,559478.39],[172302.466,559483.66],[172299.001,559490.548],[172296.783,559488.976],[172310.935,559465.578]]]}},{"type":"Feature","properties":{"relatieveHoogteligging":0,"lokaalID":"G1900.88289d1d6ea34fc784ed22032148dc3c","bgt_status":"bestaand","function":"parkeervlak","surfaceMaterial":"open verharding","plus_fysiekVoorkomenWegdeel":"betonstraatstenen"},"geometry":{"type":"Polygon","coordinates":[[[172195.125,559281.878],[172194.976,559278.132],[172194.395,559259.694],[172193.602,559236.718],[172195.568,559238.452],[172195.828,559253.279],[172196.281,559262.894],[172197.022,559279.96],[172195.125,559281.878]]]}},{"type":"Feature","properties":{"relatieveHoogteligging":0,"lokaalID":"G1900.9b348da56b36451d9b19b10bfb3d3b1f","bgt_status":"bestaand","function":"voetpad","surfaceMaterial":"open verharding","plus_fysiekVoorkomenWegdeel":"tegels"},"geometry":{"type":"Polygon","coordinates":[[[172186.99,559713.855],[172203.876,559695.71],[172206.007,559693.419],[172205.781,559691.985],[172208.284,559689.385],[172209.34,559688.29],[172211.371,559685.506],[172214.112,559684.693],[172243.66,559652.959],[172250.404,559637.837],[172252.002,559638.426],[172245.263,559653.532],[172245.081,559653.925],[172209.185,559692.436],[172203.654,559698.369],[172195.14,559707.521],[172189.009,559714.077],[172186.99,559713.855]]]}},{"type":"Feature","properties":{"relatieveHoogteligging":0,"lokaalID":"G1900.9abb50521eee459594d60e501214e519","bgt_status":"bestaand","function":"rijbaan lokale weg","surfaceMaterial":"open verharding","plus_fysiekVoorkomenWegdeel":"betonstraatstenen"},"geometry":{"type":"Polygon","coordinates":[[[172193.065,559383.363],[172199.356,559376.661],[172205.587,559369.974],[172207.879,559367.437],[172212.457,559371.585],[172192.284,559394.004],[172191.589,559396.917],[172191.545,559397.101],[172189.65,559405.237],[172188.605,559409.576],[172188.549,559409.811],[172181.787,559437.895],[172179.254,559448.413],[172179.207,559448.667],[172177.871,559455.888],[172178.082,559458.273],[172178.359,559459.84],[172172.069,559461.466],[172170.51,559457.751],[172171.475,559455.336],[172172.622,559450.37],[172185.295,559396.208],[172192.084,559384.317],[172193.065,559383.363]]]}},{"type":"Feature","properties":{"relatieveHoogteligging":0,"lokaalID":"G1900.a9a7464ae77d4fe7b8a189d12d152f56","bgt_status":"bestaand","function":"voetpad","surfaceMaterial":"open verharding","plus_fysiekVoorkomenWegdeel":"tegels"},"geometry":{"type":"Polygon","coordinates":[[[172578.742,559693.663],[172584.54,559693.3],[172584.926,559698.055],[172585.555,559705.804],[172586.252,559714.385],[172587.15,559725.448],[172588.399,559740.824],[172588.55,559742.68],[172588.621,559743.56],[172586.076,559743.782],[172583.964,559717.761],[172583.787,559717.549],[172583.571,559717.443],[172583.346,559717.394],[172579.811,559717.685],[172579.715,559717.654],[172579.489,559717.458],[172579.36,559715.813],[172583.85,559715.559],[172584.313,559715.409],[172584.613,559715.064],[172584.128,559707.722],[172583.81,559707.479],[172583.526,559707.473],[172582.606,559707.494],[172582.861,559707.333],[172583.04,559707.222],[172583.114,559706.665],[172582.402,559697.817],[172582.178,559697.584],[172581.971,559697.453],[172581.596,559697.401],[172577.99,559697.599],[172577.68,559697.418],[172577.546,559697.139],[172577.4,559695.93],[172577.776,559695.236],[172578.053,559694.62],[172578.426,559694.005],[172578.742,559693.663]]]}},{"type":"Feature","properties":{"relatieveHoogteligging":0,"lokaalID":"G1900.ab44d1705e6d4493855348b158064206","bgt_status":"bestaand","function":"parkeervlak","surfaceMaterial":"open verharding","plus_fysiekVoorkomenWegdeel":"betonstraatstenen"},"geometry":{"type":"Polygon","coordinates":[[[172384.826,559488.589],[172385.196,559488.245],[172384.826,559483.517],[172385.539,559482.988],[172393.803,559482.46],[172420.998,559480.162],[172425.835,559479.779],[172426.367,559485.161],[172384.826,559488.589]]]}},{"type":"Feature","properties":{"relatieveHoogteligging":0,"lokaalID":"G1900.afc8707226ad4b05bd55f5a6e62ac50d","bgt_status":"bestaand","function":"parkeervlak","surfaceMaterial":"open verharding","plus_fysiekVoorkomenWegdeel":"betonstraatstenen"},"geometry":{"type":"Polygon","coordinates":[[[172162.993,559161.876],[172109.501,559200.443],[172109.686,559197.828],[172110.715,559197.194],[172123.679,559187.922],[172135.349,559179.39],[172160.168,559161.533],[172162.517,559161.982],[172162.993,559161.876]]]}},{"type":"Feature","properties":{"relatieveHoogteligging":0,"lokaalID":"G1900.bbe857ac784e4808833b4e31745f0e3f","bgt_status":"bestaand","function":"parkeervlak","surfaceMaterial":"open verharding","plus_fysiekVoorkomenWegdeel":"betonstraatstenen"},"geometry":{"type":"Polygon","coordinates":[[[172137.554,559194.042],[172137.86,559193.99],[172141.47,559192.86],[172141.75,559192.86],[172141.89,559193.18],[172142.139,559193.938],[172142.303,559194.438],[172142.548,559195.182],[172146.08,559205.92],[172145.99,559206.22],[172145.83,559206.36],[172145.61,559206.45],[172141.763,559207.574],[172137.554,559194.042]]]}},{"type":"Feature","properties":{"relatieveHoogteligging":0,"lokaalID":"G1900.c027d76f5b0e432ea98ebe9501fe2037","bgt_status":"bestaand","function":"rijbaan lokale weg","surfaceMaterial":"open verharding","plus_fysiekVoorkomenWegdeel":"betonstraatstenen"},"geometry":{"type":"Polygon","coordinates":[[[172260.37,559320.112],[172271.865,559307.972],[172271.474,559309.147],[172271.368,559310.943],[172271.807,559313.429],[172272.32,559315.105],[172273.104,559316.328],[172278.779,559321.916],[172280.468,559323.534],[172283.861,559326.789],[172316.16,559357.73],[172317.07,559358.63],[172317.45,559358.82],[172349.145,559389.211],[172349.244,559389.301],[172351.061,559390.947],[172352.796,559392.094],[172355.436,559393.196],[172358.031,559393.513],[172360.219,559393.227],[172362.06,559392.487],[172363.388,559391.672],[172360.962,559394.425],[172360.22,559395.52],[172359.263,559397.271],[172358.53,559399.445],[172357.987,559402.214],[172357.901,559403.491],[172357.878,559404.261],[172357.297,559402.518],[172355.819,559400.351],[172354.155,559398.819],[172352.598,559398.053],[172350.248,559397.472],[172312.047,559360.672],[172271.208,559321.524],[172268.632,559319.203],[172266.957,559318.645],[172265.147,559318.358],[172263.819,559318.524],[172262.295,559318.931],[172260.37,559320.112]]]}},{"type":"Feature","properties":{"relatieveHoogteligging":0,"lokaalID":"G1900.cb9e3985bfa74329930aeaa6769b79cd","bgt_status":"bestaand","function":"voetpad","surfaceMaterial":"open verharding","plus_fysiekVoorkomenWegdeel":"tegels"},"geometry":{"type":"Polygon","coordinates":[[[172212.457,559371.585],[172212.825,559371.189],[172215.659,559373.823],[172214.421,559375.42],[172212.925,559374.031],[172200.619,559387.373],[172199.788,559388.275],[172194.808,559393.674],[172194.518,559395.021],[172194.782,559396.421],[172193.128,559398.322],[172191.589,559396.917],[172192.284,559394.004],[172212.457,559371.585]]]}},{"type":"Feature","properties":{"relatieveHoogteligging":0,"lokaalID":"G1900.d270bedf056e482c9e6909a9511ffb47","bgt_status":"bestaand","function":"parkeervlak","surfaceMaterial":"open verharding","plus_fysiekVoorkomenWegdeel":"betonstraatstenen"},"geometry":{"type":"Polygon","coordinates":[[[172189.65,559405.237],[172194.17,559406.363],[172194.325,559406.898],[172193.937,559408.381],[172189.459,559427.498],[172189.232,559428.675],[172187.079,559439.03],[172181.787,559437.895],[172188.549,559409.811],[172188.605,559409.576],[172189.65,559405.237]]]}},{"type":"Feature","properties":{"relatieveHoogteligging":0,"lokaalID":"G1900.d3f639ca04034d07af671ac20b19830c","bgt_status":"bestaand","function":"parkeervlak","surfaceMaterial":"open verharding","plus_fysiekVoorkomenWegdeel":"betonstraatstenen"},"geometry":{"type":"Polygon","coordinates":[[[172034.472,559458.237],[172030.115,559457.207],[172033.864,559441.041],[172036.996,559441.683],[172037.735,559441.91],[172038.263,559441.819],[172034.472,559458.237]]]}},{"type":"Feature","properties":{"relatieveHoogteligging":0,"lokaalID":"G1900.d8bb9aa7a30747d89ef921c8b16b7039","bgt_status":"bestaand","function":"rijbaan lokale weg","surfaceMaterial":"open verharding","plus_fysiekVoorkomenWegdeel":"betonstraatstenen"},"geometry":{"type":"Polygon","coordinates":[[[172562.388,559294.92],[172562.225,559296.978],[172562.965,559298.748],[172563.107,559298.916],[172564.232,559300.254],[172565.057,559300.933],[172561.141,559305.449],[172559.523,559304.075],[172557.966,559302.754],[172557.25,559302.146],[172555.981,559300.426],[172555.613,559299.927],[172554.874,559297.364],[172554.774,559295.559],[172562.388,559294.92]]]}},{"type":"Feature","properties":{"relatieveHoogteligging":0,"lokaalID":"G1900.d9eb4c26a34a41b69cd18491c175e2f8","bgt_status":"bestaand","function":"parkeervlak","surfaceMaterial":"open verharding","plus_fysiekVoorkomenWegdeel":"betonstraatstenen"},"geometry":{"type":"Polygon","coordinates":[[[172279.037,559601.48],[172277.211,559597.253],[172277.423,559596.831],[172284.861,559593.449],[172285.494,559593.646],[172286.837,559596.732],[172286.976,559597.052],[172287.32,559597.842],[172279.037,559601.48]]]}},{"type":"Feature","properties":{"relatieveHoogteligging":0,"lokaalID":"G1900.e15a47d1ee6247d39f2bbab7b7bede86","bgt_status":"bestaand","function":"parkeervlak","surfaceMaterial":"open verharding","plus_fysiekVoorkomenWegdeel":"betonstraatstenen"},"geometry":{"type":"Polygon","coordinates":[[[172081.706,559231.099],[172081.809,559230.823],[172082.077,559229.244],[172099.735,559220.931],[172100.912,559221.142],[172101.213,559221.414],[172101.5,559222.139],[172101.937,559222.093],[172081.706,559231.099]]]}},{"type":"Feature","properties":{"relatieveHoogteligging":0,"lokaalID":"G1900.eb42da8232bf4f45a601ffe1bc956f16","bgt_status":"bestaand","function":"voetpad","surfaceMaterial":"open verharding","plus_fysiekVoorkomenWegdeel":"tegels"},"geometry":{"type":"Polygon","coordinates":[[[172047.81,559401.12],[172047.61,559401.47],[172047.41,559401.8],[172047.11,559402.19],[172046.83,559402.49],[172046.47,559402.84],[172046.09,559403.2],[172045.67,559403.54],[172045.31,559403.75],[172044.89,559403.91],[172044.53,559404.01],[172044.19,559404.09],[172043.79,559404.14],[172043.39,559404.15],[172042.99,559404.11],[172042.59,559404.07],[172042.11,559404.01],[172041.75,559403.9],[172041.27,559403.75],[172038.553,559402.71],[172039.011,559400.98],[172042.63,559402.01],[172043.15,559402.06],[172043.57,559402.06],[172043.93,559401.99],[172044.31,559401.91],[172044.65,559401.8],[172044.91,559401.64],[172045.15,559401.46],[172045.35,559401.25],[172045.57,559401.04],[172045.75,559400.75],[172045.89,559400.54],[172046.01,559400.3],[172046.11,559400.01],[172046.523,559398.944],[172048.07,559394.95],[172048.5,559393.95],[172048.6,559393.64],[172049.13,559392.31],[172049.78,559390.93],[172050.39,559389.44],[172051,559388],[172051.57,559386.61],[172052.2,559385.27],[172052.81,559383.92],[172053.44,559382.54],[172054.05,559381.45],[172056.87,559375.85],[172058.22,559373.39],[172059.45,559371.42],[172060.596,559369.29],[172061.72,559367.2],[172062.847,559365.267],[172062.97,559365.67],[172063.11,559366.13],[172063.18,559366.63],[172063.24,559367.07],[172063.24,559367.45],[172063.21,559367.83],[172063.086,559368.435],[172061.77,559370.88],[172061.025,559372.266],[172060.11,559373.97],[172059.19,559375.7],[172058.14,559377.6],[172057.23,559379.43],[172055.05,559383.9],[172054.14,559385.93],[172053.06,559388.1],[172052.16,559390.41],[172051.23,559392.49],[172050.11,559395.13],[172048.85,559398.2],[172048.49,559399.13],[172047.97,559400.65],[172047.81,559401.12]]]}},{"type":"Feature","properties":{"relatieveHoogteligging":0,"lokaalID":"G1900.53cf85a1054a4498883e01e21dadf51d","bgt_status":"bestaand","function":"voetpad","surfaceMaterial":"open verharding","wegdeelOpTalud":"false","plus_fysiekVoorkomenWegdeel":"tegels"},"geometry":{"type":"Polygon","coordinates":[[[172495.138,559593.209],[172495.461,559594.362],[172494.872,559594.466],[172494.514,559594.53],[172485.969,559596.47],[172478.272,559598.887],[172470.12,559601.735],[172460.242,559605.499],[172448.765,559610.092],[172440.592,559613.54],[172432.941,559616.959],[172425.612,559620.347],[172419.408,559623.38],[172416.848,559624.64],[172414.446,559625.696],[172414.575,559624.886],[172415.227,559624.114],[172417.154,559623.163],[172417.998,559622.714],[172425.08,559619.34],[172432.316,559615.938],[172440.081,559612.454],[172448.235,559609.019],[172458.34,559604.931],[172469.602,559600.679],[172477.821,559597.809],[172485.517,559595.351],[172494.252,559593.369],[172494.605,559593.305],[172494.918,559593.249],[172495.138,559593.209]]]}},{"type":"Feature","properties":{"relatieveHoogteligging":0,"lokaalID":"G1900.a4c13908ddd241a7887337fd2331666a","bgt_status":"bestaand","function":"fietspad","surfaceMaterial":"gesloten verharding","wegdeelOpTalud":"false","plus_fysiekVoorkomenWegdeel":"asfalt"},"geometry":{"type":"Polygon","coordinates":[[[172416.25,559632.473],[172414.839,559631.997],[172413.569,559631.418],[172412.609,559630.698],[172412.539,559630.62],[172411.705,559629.682],[172410.957,559628.213],[172410.443,559627.49],[172410.073,559627.26],[172409.654,559627.14],[172409.155,559627.1],[172407.457,559627.943],[172407.254,559627.606],[172409.177,559626.731],[172415.227,559624.114],[172414.575,559624.886],[172414.446,559625.696],[172414.732,559626.465],[172415.217,559627.341],[172416.262,559628.285],[172417.395,559628.661],[172418.417,559628.615],[172419.091,559628.389],[172430.781,559622.68],[172441.346,559617.828],[172451.03,559613.643],[172461.8,559609.203],[172467.678,559606.917],[172468.917,559606.53],[172470.248,559606.22],[172471.425,559606.143],[172472.695,559606.329],[172473.624,559606.762],[172474.677,559607.263],[172473.05,559610.396],[172472.72,559610.932],[172472.018,559610.558],[172470.982,559610.497],[172469.908,559610.676],[172464.549,559612.879],[172453.681,559617.069],[172443.658,559621.367],[172432.962,559626.064],[172421.236,559631.726],[172419.811,559632.321],[172418.28,559632.615],[172416.37,559632.514],[172416.25,559632.473]]]}},{"type":"Feature","properties":{"relatieveHoogteligging":0,"lokaalID":"G1900.b4d5fc61008249e895c11a96aad7839d","bgt_status":"bestaand","function":"voetpad","surfaceMaterial":"open verharding","wegdeelOpTalud":"false","plus_fysiekVoorkomenWegdeel":"tegels"},"geometry":{"type":"Polygon","coordinates":[[[172414.446,559625.696],[172416.848,559624.64],[172417.041,559625.05],[172418.104,559627.167],[172429.899,559621.642],[172440.489,559616.718],[172450.352,559612.491],[172461.16,559608.047],[172468.359,559605.198],[172469.567,559604.842],[172470.666,559604.749],[172471.89,559604.78],[172473.051,559605.074],[172474.088,559605.523],[172475.327,559606.112],[172474.677,559607.263],[172473.624,559606.762],[172472.695,559606.329],[172471.425,559606.143],[172470.248,559606.22],[172468.917,559606.53],[172467.678,559606.917],[172461.8,559609.203],[172451.03,559613.643],[172441.346,559617.828],[172430.781,559622.68],[172419.091,559628.389],[172418.417,559628.615],[172417.395,559628.661],[172416.262,559628.285],[172415.217,559627.341],[172414.732,559626.465],[172414.446,559625.696]]]}},{"type":"Feature","properties":{"relatieveHoogteligging":1,"lokaalID":"G1900.150e5ee378774e2ea21ac34f708cc7ab","bgt_status":"bestaand","function":"fietspad","surfaceMaterial":"gesloten verharding","plus_fysiekVoorkomenWegdeel":"asfalt"},"geometry":{"type":"Polygon","coordinates":[[[172472.72,559610.932],[172474.677,559607.263],[172491.802,559616.394],[172490.105,559619.739],[172472.72,559610.932]]]}},{"type":"Feature","properties":{"relatieveHoogteligging":0,"lokaalID":"G1900.09c545e6da8945f1981711f9777b2b15","bgt_status":"bestaand","function":"voetpad","surfaceMaterial":"open verharding","plus_fysiekVoorkomenWegdeel":"tegels"},"geometry":{"type":"Polygon","coordinates":[[[172245.742,559338.843],[172240.108,559344.91],[172239.391,559345.682],[172231.652,559354.017],[172228.192,559357.744],[172230.265,559359.495],[172229.043,559360.842],[172225.755,559364.465],[172225.432,559364.821],[172225.103,559364.489],[172224.543,559363.747],[172224.302,559363.16],[172224.121,559362.065],[172224.172,559361.004],[172224.345,559359.796],[172224.802,559358.779],[172225.595,559357.7],[172226.974,559356.234],[172228.146,559354.926],[172260.163,559320.336],[172260.23,559320.42],[172261.32,559322.064],[172252.515,559331.548],[172251.658,559332.471],[172245.742,559338.843]]]}},{"type":"Feature","properties":{"relatieveHoogteligging":0,"lokaalID":"G1900.0b1726c1cba7460e940d4210b316dc10","bgt_status":"bestaand","function":"voetpad","surfaceMaterial":"open verharding","plus_fysiekVoorkomenWegdeel":"tegels"},"geometry":{"type":"Polygon","coordinates":[[[172260.163,559320.336],[172260.37,559320.112],[172262.295,559318.931],[172263.819,559318.524],[172265.147,559318.358],[172266.957,559318.645],[172268.632,559319.203],[172271.208,559321.524],[172312.047,559360.672],[172350.248,559397.472],[172352.598,559398.053],[172354.155,559398.819],[172355.819,559400.351],[172357.297,559402.518],[172357.878,559404.261],[172358.01,559405.899],[172356.426,559405.925],[172351.542,559400.88],[172350.327,559400.061],[172346.753,559396.553],[172346.508,559396.313],[172345.946,559395.76],[172339.707,559389.635],[172300.356,559352.098],[172299.426,559351.211],[172272.389,559325.419],[172267.794,559321.166],[172266.726,559320.828],[172265.207,559320.347],[172262.567,559320.929],[172261.32,559322.064],[172260.23,559320.42],[172260.163,559320.336]]]}},{"type":"Feature","properties":{"relatieveHoogteligging":0,"lokaalID":"G1900.189fdf8c3b6b469cb11fe9098adecbbd","bgt_status":"bestaand","function":"voetpad","surfaceMaterial":"open verharding","plus_fysiekVoorkomenWegdeel":"tegels"},"geometry":{"type":"Polygon","coordinates":[[[172147.221,559301.94],[172146.94,559301.87],[172146.7,559301.87],[172146.38,559301.83],[172146.04,559301.79],[172145.72,559301.73],[172145.38,559301.64],[172145,559301.5],[172144.72,559301.34],[172144.44,559301.19],[172144.2,559301.01],[172143.967,559300.803],[172150.711,559298.748],[172150.824,559298.715],[172159.977,559296.365],[172176.31,559293.331],[172182.691,559292.679],[172183.516,559292.595],[172183.571,559294.383],[172182.491,559294.454],[172180.838,559294.652],[172173.133,559295.596],[172166.701,559296.726],[172160.459,559298.201],[172153.08,559300.133],[172147.389,559301.88],[172147.221,559301.94]]]}},{"type":"Feature","properties":{"relatieveHoogteligging":0,"lokaalID":"G1900.4b7cf965107d456281e3252755fd4428","bgt_status":"bestaand","function":"voetpad","surfaceMaterial":"open verharding","plus_fysiekVoorkomenWegdeel":"tegels"},"geometry":{"type":"Polygon","coordinates":[[[172243.091,559511.347],[172243.974,559512.285],[172243.906,559512.368],[172242.151,559514.408],[172238.973,559518.104],[172238.774,559518.39],[172237.41,559517.111],[172237.316,559517.023],[172237.434,559516.912],[172238.054,559516.331],[172238.334,559516.069],[172240.959,559513.606],[172241.133,559513.443],[172242.002,559512.628],[172243.091,559511.347]]]}},{"type":"Feature","properties":{"relatieveHoogteligging":0,"lokaalID":"G1900.1d788d6f6249419d85095d7e2e249001","bgt_status":"bestaand","function":"parkeervlak","surfaceMaterial":"open verharding","plus_fysiekVoorkomenWegdeel":"betonstraatstenen"},"geometry":{"type":"Polygon","coordinates":[[[172133.651,559439.783],[172134.839,559438.436],[172136.971,559436.256],[172140.261,559439.404],[172145.474,559444.393],[172142.507,559447.897],[172142.49,559448.199],[172133.651,559439.783]]]}},{"type":"Feature","properties":{"relatieveHoogteligging":0,"lokaalID":"G1900.2826be27cc944afa831b072bff26d5c2","bgt_status":"bestaand","function":"voetpad","surfaceMaterial":"open verharding","plus_fysiekVoorkomenWegdeel":"tegels"},"geometry":{"type":"Polygon","coordinates":[[[172199.788,559388.275],[172200.619,559387.373],[172201.087,559388.656],[172201.616,559389.079],[172201.265,559389.453],[172200.39,559388.868],[172199.788,559388.275]]]}},{"type":"Feature","properties":{"relatieveHoogteligging":0,"lokaalID":"G1900.285d5508b48740969befc654d53aced4","bgt_status":"bestaand","function":"inrit","surfaceMaterial":"open verharding","plus_fysiekVoorkomenWegdeel":"betonstraatstenen"},"geometry":{"type":"Polygon","coordinates":[[[172463.003,559004.37],[172467.145,559003.905],[172467.39,559008.931],[172463.44,559009.39],[172463.003,559004.37]]]}},{"type":"Feature","properties":{"relatieveHoogteligging":0,"lokaalID":"G1900.315b15cf42bf48c9b3f2389ec219a878","bgt_status":"bestaand","function":"voetpad","surfaceMaterial":"open verharding","plus_fysiekVoorkomenWegdeel":"tegels"},"geometry":{"type":"Polygon","coordinates":[[[172037.146,559267.873],[172037.67,559267.43],[172038.99,559266.33],[172043.27,559262.51],[172045.13,559261.04],[172052.32,559255.54],[172053.4,559254.84],[172056.381,559252.832],[172058.251,559255.609],[172070.26,559273.44],[172062.57,559279.8],[172082.671,559305.732],[172081.234,559306.816],[172061.15,559280.93],[172053.423,559286.899],[172048.5,559281.11],[172039.599,559270.734],[172039.507,559270.626],[172037.146,559267.873]],[[172055.625,559256.239],[172055.349,559255.839],[172053.414,559257.095],[172046.284,559262.549],[172044.44,559264.007],[172040.002,559267.975],[172040.357,559268.389],[172041.652,559269.899],[172041.955,559270.252],[172041.728,559270.447],[172052.028,559282.193],[172052.253,559281.996],[172054.231,559284.251],[172067.496,559273.469],[172065.795,559270.999],[172066.043,559270.829],[172057.291,559258.121],[172057.041,559258.293],[172056.456,559257.445],[172055.625,559256.239]]]}},{"type":"Feature","properties":{"relatieveHoogteligging":0,"lokaalID":"G1900.5a325299ab3b47a0ae40c36574833670","bgt_status":"bestaand","function":"rijbaan lokale weg","surfaceMaterial":"open verharding","plus_fysiekVoorkomenWegdeel":"betonstraatstenen"},"geometry":{"type":"Polygon","coordinates":[[[172590.811,559050.933],[172592.11,559050.902],[172599.188,559050.329],[172599.614,559056.381],[172591.325,559056.957],[172573.398,559057.327],[172567.646,559057.445],[172553.357,559057.739],[172539.038,559058.034],[172537.127,559058.073],[172536.517,559058.099],[172526.549,559058.516],[172526.532,559057.741],[172527.265,559057.69],[172528.205,559057.327],[172529.446,559056.284],[172530.187,559055.162],[172530.351,559053.774],[172530.11,559052.48],[172529.935,559052.2],[172532.203,559052.176],[172539.727,559052.068],[172558.884,559051.794],[172562.315,559051.745],[172566.375,559051.687],[172575.703,559051.367],[172578.117,559051.285],[172579.635,559051.233],[172582.546,559051.133],[172587.381,559051.016],[172590.811,559050.933]]]}},{"type":"Feature","properties":{"relatieveHoogteligging":0,"lokaalID":"G1900.37eca59e95bd46dba600204aafce7fab","bgt_status":"bestaand","function":"parkeervlak","surfaceMaterial":"open verharding","plus_fysiekVoorkomenWegdeel":"betonstraatstenen"},"geometry":{"type":"Polygon","coordinates":[[[172603.987,559001.503],[172591.935,559002.851],[172591.53,559000.21],[172591.221,558997.666],[172603.35,558996.187],[172603.603,558998.299],[172603.987,559001.503]]]}},{"type":"Feature","properties":{"relatieveHoogteligging":0,"lokaalID":"G1900.43984277054349bb9a78ffb3b068de20","bgt_status":"bestaand","function":"voetpad","surfaceMaterial":"open verharding","plus_fysiekVoorkomenWegdeel":"tegels"},"geometry":{"type":"Polygon","coordinates":[[[172377.675,559454.31],[172378.622,559454.227],[172379.02,559458.097],[172377.946,559458.2],[172377.675,559454.31]]]}},{"type":"Feature","properties":{"relatieveHoogteligging":0,"lokaalID":"G1900.58b2799d4b964560bc927a546582186a","bgt_status":"bestaand","function":"voetpad","surfaceMaterial":"open verharding","plus_fysiekVoorkomenWegdeel":"tegels"},"geometry":{"type":"Polygon","coordinates":[[[172147.674,559444.856],[172147.588,559444.804],[172146.854,559445.724],[172146.669,559445.956],[172144.059,559448.915],[172143.748,559449.26],[172143.576,559449.225],[172142.49,559448.199],[172142.507,559447.897],[172145.474,559444.393],[172145.705,559444.119],[172147.507,559441.833],[172148.142,559440.504],[172148.335,559440.099],[172148.737,559438.357],[172149.866,559438.619],[172148.977,559442.303],[172148.689,559443.425],[172147.674,559444.856]]]}},{"type":"Feature","properties":{"relatieveHoogteligging":0,"lokaalID":"G1900.610ef239bed94adab51877f4c2dc4d6c","bgt_status":"bestaand","function":"voetpad","surfaceMaterial":"open verharding","plus_fysiekVoorkomenWegdeel":"betonstraatstenen"},"geometry":{"type":"Polygon","coordinates":[[[172454.4,559015.62],[172482.004,559012.225],[172486.522,559007.17],[172488.1,559006.93],[172487.683,559007.102],[172486.903,559008.087],[172487.639,559014.607],[172484.606,559014.954],[172481.665,559015.29],[172478.705,559015.628],[172475.754,559015.966],[172472.793,559016.304],[172469.833,559016.642],[172466.882,559016.979],[172463.931,559017.317],[172460.911,559017.662],[172461.151,559019.787],[172461.02,559019.8],[172458.042,559020.13],[172455.234,559020.441],[172454.76,559016.03],[172454.59,559015.73],[172454.4,559015.62]]]}},{"type":"Feature","properties":{"relatieveHoogteligging":0,"lokaalID":"G1900.614597265d5e47c7a9caa22114815ad2","bgt_status":"bestaand","function":"voetpad","surfaceMaterial":"open verharding","plus_fysiekVoorkomenWegdeel":"tegels"},"geometry":{"type":"Polygon","coordinates":[[[172206.488,559406.203],[172209.021,559403.124],[172210.697,559404.699],[172208.068,559407.757],[172206.488,559406.203]]]}},{"type":"Feature","properties":{"relatieveHoogteligging":0,"lokaalID":"G1900.6ad2ddb38daf4574846022e4a66b699c","bgt_status":"bestaand","function":"voetpad","surfaceMaterial":"open verharding"},"geometry":{"type":"Polygon","coordinates":[[[172311.778,559535.903],[172312.76,559535.387],[172313.449,559537.512],[172314.792,559541.654],[172326.497,559577.764],[172325.486,559578.066],[172318.938,559558.186],[172313.668,559541.845],[172313.496,559541.313],[172311.778,559535.903]]]}},{"type":"Feature","properties":{"relatieveHoogteligging":0,"lokaalID":"G1900.6c06774fdcc942dbaeba3257f2cea549","bgt_status":"bestaand","function":"voetpad","surfaceMaterial":"open verharding","plus_fysiekVoorkomenWegdeel":"tegels"},"geometry":{"type":"Polygon","coordinates":[[[172178.359,559459.84],[172178.082,559458.273],[172177.871,559455.888],[172179.207,559448.667],[172181.363,559449.06],[172193.849,559435.604],[172195.599,559433.747],[172189.232,559428.675],[172189.459,559427.498],[172196.263,559433.113],[172208.544,559420.056],[172209.751,559421.098],[172210.02,559420.814],[172213.613,559417.022],[172214.446,559417.89],[172214.374,559417.963],[172210.936,559421.662],[172195.286,559438.503],[172181.44,559453.323],[172181.171,559453.593],[172180.475,559454.29],[172179.821,559454.826],[172179.685,559455.792],[172180.017,559457.709],[172180.741,559460.275],[172181.884,559461.982],[172180.644,559463.263],[172180.194,559463.45],[172179.47,559462.696],[172178.52,559460.748],[172178.359,559459.84]]]}},{"type":"Feature","properties":{"relatieveHoogteligging":0,"lokaalID":"G1900.6c12801edc174104a2868e6e5ff6fe21","bgt_status":"bestaand","function":"voetpad","surfaceMaterial":"open verharding","plus_fysiekVoorkomenWegdeel":"tegels"},"geometry":{"type":"Polygon","coordinates":[[[172211.302,559410.851],[172214.157,559407.952],[172215.414,559409.133],[172212.727,559411.82],[172211.302,559410.851]]]}},{"type":"Feature","properties":{"relatieveHoogteligging":0,"lokaalID":"G1900.73c8abe567f94f5fbf6da0274808430c","bgt_status":"bestaand","function":"voetpad","surfaceMaterial":"open verharding","plus_fysiekVoorkomenWegdeel":"tegels"},"geometry":{"type":"Polygon","coordinates":[[[172106.98,559226.69],[172107.34,559226.67],[172107.86,559226.67],[172108.16,559226.74],[172108.62,559226.78],[172108.83,559226.88],[172109.14,559226.96],[172109.37,559227.02],[172109.59,559227.13],[172109.87,559227.23],[172110.11,559227.35],[172110.29,559227.49],[172110.47,559227.63],[172110.71,559227.8],[172110.97,559228.04],[172111.18,559228.28],[172111.32,559228.58],[172111.5,559228.96],[172111.7,559229.34],[172111.83,559229.6],[172111.95,559229.92],[172113.022,559232.891],[172113.01,559233.27],[172112.13,559235.16],[172112.07,559235.39],[172112.01,559235.73],[172112.09,559236.05],[172119.58,559258.06],[172124.85,559272.71],[172124.95,559272.92],[172125.03,559273.13],[172125.13,559273.31],[172125.29,559273.45],[172125.45,559273.59],[172127,559274.34],[172127.3,559274.46],[172127.56,559274.62],[172127.76,559274.95],[172130.46,559282.57],[172130.52,559282.81],[172130.531,559282.95],[172130.54,559283.07],[172130.45,559283.33],[172130.29,559283.49],[172126.946,559284.718],[172125.944,559281.882],[172125.491,559280.6],[172115.17,559251.39],[172107.456,559229.188],[172106.635,559226.823],[172106.77,559226.8],[172106.98,559226.69]]]}},{"type":"Feature","properties":{"relatieveHoogteligging":0,"lokaalID":"G1900.75b7e0d6b78b4e4cae1119ee6166b6a4","bgt_status":"bestaand","function":"voetpad","surfaceMaterial":"open verharding","plus_fysiekVoorkomenWegdeel":"tegels"},"geometry":{"type":"Polygon","coordinates":[[[172394.332,559452.859],[172395.401,559452.766],[172395.711,559456.489],[172394.718,559456.584],[172394.332,559452.859]]]}},{"type":"Feature","properties":{"relatieveHoogteligging":0,"lokaalID":"G1900.798314777d6648cca61d08c128725c72","bgt_status":"bestaand","function":"voetpad","surfaceMaterial":"open verharding","plus_fysiekVoorkomenWegdeel":"tegels"},"geometry":{"type":"Polygon","coordinates":[[[172426.568,559487.021],[172431.067,559486.585],[172431.222,559488.097],[172426.738,559488.599],[172426.585,559487.179],[172426.568,559487.021]]]}},{"type":"Feature","properties":{"relatieveHoogteligging":0,"lokaalID":"G1900.7e55a07a83a14822a5bcb0d5ad2771fe","bgt_status":"bestaand","function":"voetpad","surfaceMaterial":"open verharding","plus_fysiekVoorkomenWegdeel":"tegels"},"geometry":{"type":"Polygon","coordinates":[[[172195.998,559471.59],[172195.63,559471.577],[172192.481,559474.974],[172192.115,559474.631],[172191.147,559473.723],[172191.323,559473.531],[172194.75,559470.186],[172194.897,559470.043],[172198.497,559466.598],[172199.243,559467.442],[172197.232,559469.361],[172196.104,559470.61],[172195.94,559470.938],[172195.932,559471.196],[172195.998,559471.59]]]}},{"type":"Feature","properties":{"relatieveHoogteligging":0,"lokaalID":"G1900.809c495a416c4676830f9427c3d2bf1e","bgt_status":"bestaand","function":"voetpad","surfaceMaterial":"open verharding","plus_fysiekVoorkomenWegdeel":"tegels"},"geometry":{"type":"Polygon","coordinates":[[[172422.773,559453.882],[172421.849,559453.971],[172421.566,559450.486],[172422.504,559450.405],[172422.773,559453.882]]]}},{"type":"Feature","properties":{"relatieveHoogteligging":0,"lokaalID":"G1900.81ace0a5f035490db3a0f8c80e667486","bgt_status":"bestaand","function":"voetpad","surfaceMaterial":"open verharding","plus_fysiekVoorkomenWegdeel":"tegels"},"geometry":{"type":"Polygon","coordinates":[[[172383.033,559453.843],[172384.05,559453.754],[172384.33,559457.585],[172383.385,559457.676],[172383.033,559453.843]]]}},{"type":"Feature","properties":{"relatieveHoogteligging":0,"lokaalID":"G1900.8207f60818b74864be1da35de722bc7a","bgt_status":"bestaand","function":"rijbaan lokale weg","surfaceMaterial":"open verharding","plus_fysiekVoorkomenWegdeel":"betonstraatstenen"},"geometry":{"type":"Polygon","coordinates":[[[172535.504,559141.554],[172536.082,559141.796],[172536.668,559141.77],[172537.108,559141.658],[172537.418,559141.399],[172538.665,559141.331],[172538.756,559142.188],[172540.604,559142.029],[172541.046,559145.965],[172543,559145.806],[172543.03,559146.156],[172543.846,559155.743],[172544.255,559160.543],[172545.086,559170.305],[172545.258,559172.324],[172545.846,559179.233],[172546.036,559181.467],[172548.993,559181.23],[172551.383,559206.686],[172551.969,559212.923],[172547.961,559213.294],[172545.604,559186.372],[172544.211,559186.366],[172544.079,559185.388],[172541.439,559184.728],[172540.607,559174.905],[172538.713,559174.026],[172536.027,559146.85],[172535.504,559141.554]]]}},{"type":"Feature","properties":{"relatieveHoogteligging":0,"lokaalID":"G1900.86d5c383556d42a6b03580f3be0e5c44","bgt_status":"bestaand","function":"voetpad","surfaceMaterial":"open verharding"},"geometry":{"type":"Polygon","coordinates":[[[172251.905,559125.157],[172252.366,559123.595],[172255.19,559128.09],[172257.72,559126.6],[172260.65,559131.13],[172257.561,559133.101],[172257.25,559133.3],[172253.438,559127.492],[172251.905,559125.157]],[[172257.77,559127.83],[172255.662,559129.16],[172257.53,559132.12],[172259.64,559130.75],[172257.77,559127.83]]]}},{"type":"Feature","properties":{"relatieveHoogteligging":0,"lokaalID":"G1900.87b068e27ec84dd094c91032322e67e4","bgt_status":"bestaand","function":"rijbaan lokale weg","surfaceMaterial":"open verharding","plus_functieWegdeel":"verkeersdrempel"},"geometry":{"type":"Polygon","coordinates":[[[172440.428,559446.966],[172439.181,559447.059],[172438.759,559440.923],[172440.116,559440.805],[172440.428,559446.966]]]}},{"type":"Feature","properties":{"relatieveHoogteligging":0,"lokaalID":"G1900.95e2ce9944484a808833e22f99574c2e","bgt_status":"bestaand","function":"rijbaan lokale weg","surfaceMaterial":"open verharding","plus_fysiekVoorkomenWegdeel":"betonstraatstenen"},"geometry":{"type":"Polygon","coordinates":[[[172248.853,559149.67],[172249.653,559149.986],[172249.262,559152.894],[172247.724,559152.924],[172246.728,559153.181],[172246.004,559153.573],[172245.294,559154.283],[172244.872,559154.841],[172244.51,559155.52],[172244.133,559156.547],[172241.315,559156.167],[172241.627,559154.557],[172241.707,559154.144],[172241.662,559153.117],[172241.415,559152.489],[172240.915,559151.217],[172240.018,559149.794],[172238.363,559149.397],[172236.88,559149.276],[172225.837,559145.651],[172224.88,559144.072],[172224.268,559143.744],[172221.596,559142.956],[172218.777,559142.231],[172217.381,559142.257],[172208.57,559140.132],[172207.398,559139.123],[172206.312,559139.045],[172205.398,559139.123],[172204.699,559139.518],[172181.134,559156.206],[172179.353,559157.506],[172177.521,559158.844],[172173.227,559161.979],[172162.57,559169.76],[172158.196,559172.955],[172156.794,559173.978],[172139.785,559186.397],[172137.087,559188.367],[172136.942,559188.471],[172128.58,559194.52],[172128.291,559194.648],[172127.064,559195.531],[172118.715,559201.54],[172118.201,559201.914],[172117.095,559202.719],[172113.311,559205.392],[172111.832,559207.098],[172111.47,559208.185],[172111.304,559209.362],[172111.651,559210.781],[172112.345,559212.663],[172112.62,559214.127],[172112.707,559215.099],[172112.751,559216.122],[172112.751,559217.276],[172112.533,559218.626],[172112.098,559220.389],[172111.837,559221.172],[172111.489,559221.978],[172111.22,559222.53],[172106.117,559219.633],[172106.195,559219.474],[172106.841,559218.169],[172107.022,559216.78],[172106.916,559215.452],[172106.117,559213.686],[172105.589,559212.674],[172105.528,559212.236],[172105.408,559209.662],[172105.567,559207.681],[172106.095,559205.884],[172107.045,559203.824],[172107.705,559202.45],[172108.471,559201.341],[172109.501,559200.443],[172162.993,559161.876],[172172.445,559155.035],[172199.357,559135.562],[172202.097,559133.958],[172204.767,559133.158],[172207.558,559132.795],[172210.425,559133.158],[172216.732,559135.059],[172240.166,559141.997],[172242.358,559142.898],[172244.153,559144.845],[172245.481,559147.004],[172246.688,559148.378],[172248.061,559149.329],[172248.853,559149.67]]]}},{"type":"Feature","properties":{"relatieveHoogteligging":0,"lokaalID":"G1900.9a8340e44f67490c87ed377819afc1be","bgt_status":"bestaand","function":"voetpad","surfaceMaterial":"open verharding","plus_fysiekVoorkomenWegdeel":"tegels"},"geometry":{"type":"Polygon","coordinates":[[[172532.14,559099.53],[172532.38,559101.519],[172528.99,559101.87],[172522.16,559102.46],[172514.02,559103.21],[172503.44,559104.183],[172501.173,559104.392],[172499.33,559104.16],[172498.83,559104.04],[172498.31,559103.9],[172492.67,559101.81],[172491.855,559101.431],[172491.252,559101.15],[172492.185,559099.885],[172495.847,559101.763],[172496.766,559101.992],[172499.674,559102.715],[172500.991,559102.441],[172504.429,559102.124],[172518.24,559100.85],[172530.71,559099.7],[172531.106,559099.664],[172532.14,559099.53]]]}},{"type":"Feature","properties":{"relatieveHoogteligging":0,"lokaalID":"G1900.9e4cd2d234f64019a4cdeb7712b93e56","bgt_status":"bestaand","function":"voetpad","surfaceMaterial":"open verharding","plus_fysiekVoorkomenWegdeel":"tegels"},"geometry":{"type":"Polygon","coordinates":[[[172497.75,559179.045],[172497.865,559179.02],[172497.981,559179],[172498.098,559178.985],[172498.28,559178.97],[172499.85,559178.833],[172502.005,559178.614],[172512.8,559177.52],[172513.02,559177.39],[172522.65,559176.54],[172522.668,559176.751],[172529.827,559176.056],[172530.03,559177.929],[172521.71,559178.64],[172510.615,559179.665],[172505.679,559180.121],[172505.286,559180.157],[172498.44,559180.79],[172498.07,559180.82],[172497.969,559180.878],[172497.75,559179.045]]]}},{"type":"Feature","properties":{"relatieveHoogteligging":0,"lokaalID":"G1900.a92295f245bd4548b707a67bae8e399c","bgt_status":"bestaand","function":"voetpad","surfaceMaterial":"open verharding","plus_fysiekVoorkomenWegdeel":"tegels"},"geometry":{"type":"Polygon","coordinates":[[[172037.847,559248.052],[172039.344,559246.945],[172041.475,559250.517],[172042.795,559251.283],[172044.3,559251.283],[172046.87,559249.597],[172047.6,559249.117],[172059.718,559240.81],[172061.423,559239.134],[172061.377,559237.97],[172066.47,559234.836],[172071.249,559232.489],[172077.84,559229.322],[172079.154,559228.69],[172079.988,559228.289],[172099.358,559219.599],[172101.968,559219.84],[172102.436,559219.825],[172102.71,559219.686],[172103.258,559219.406],[172104.455,559218.415],[172106.195,559219.474],[172106.117,559219.633],[172105.211,559220.539],[172104.155,559221.112],[172101.937,559222.093],[172101.5,559222.139],[172101.213,559221.414],[172100.912,559221.142],[172099.735,559220.931],[172082.077,559229.244],[172081.809,559230.823],[172081.706,559231.099],[172078.102,559232.824],[172077.939,559232.867],[172077.732,559232.712],[172077.525,559232.341],[172077.041,559231.694],[172073.828,559233.37],[172068.049,559236.353],[172064.081,559238.602],[172063.629,559239.07],[172063.327,559240.217],[172063.07,559240.839],[172047.883,559251.218],[172045.564,559253.012],[172043.581,559253.4],[172042.098,559253.184],[172040.882,559252.451],[172039.951,559251.39],[172037.847,559248.052]]]}},{"type":"Feature","properties":{"relatieveHoogteligging":0,"lokaalID":"G1900.a9a598a756f94f64a46215cd385e1688","bgt_status":"bestaand","function":"voetpad","surfaceMaterial":"open verharding"},"geometry":{"type":"Polygon","coordinates":[[[172375.846,559501.708],[172377.045,559504.309],[172376.057,559504.882],[172374.847,559502.228],[172375.846,559501.708]]]}},{"type":"Feature","properties":{"relatieveHoogteligging":0,"lokaalID":"G1900.a9bf1ef858024d07aaaf4abf1632d5d2","bgt_status":"bestaand","function":"rijbaan lokale weg","surfaceMaterial":"open verharding","plus_fysiekVoorkomenWegdeel":"betonstraatstenen"},"geometry":{"type":"Polygon","coordinates":[[[172112.988,559214.486],[172113.56,559216.11],[172115.59,559221.77],[172118.61,559230.57],[172118.79,559230.84],[172118.905,559230.859],[172123.568,559244.608],[172123.56,559244.83],[172123.93,559245.84],[172129.71,559262.28],[172136.31,559280.97],[172136.37,559281.17],[172136.521,559281.304],[172141.31,559294.93],[172141.289,559295.094],[172141.27,559295.25],[172141.36,559295.51],[172142.4,559298.46],[172142.58,559298.88],[172142.76,559299.26],[172142.95,559299.6],[172143.13,559299.9],[172143.39,559300.21],[172143.63,559300.51],[172143.967,559300.803],[172144.2,559301.01],[172144.44,559301.19],[172144.72,559301.34],[172145,559301.5],[172145.38,559301.64],[172145.72,559301.73],[172146.04,559301.79],[172146.38,559301.83],[172146.7,559301.87],[172146.94,559301.87],[172147.221,559301.94],[172134.714,559306.41],[172135.03,559306.18],[172135.44,559305.87],[172135.65,559305.61],[172135.87,559305.37],[172136.01,559305.19],[172136.17,559305.01],[172136.4,559304.69],[172136.5,559304.46],[172136.58,559304.26],[172136.68,559304.04],[172136.84,559303.64],[172136.93,559303.26],[172136.94,559303.096],[172136.95,559302.94],[172136.97,559302.72],[172136.99,559302.4],[172136.99,559302.18],[172136.98,559301.82],[172136.96,559301.58],[172136.92,559301.22],[172136.84,559300.9],[172135.336,559297.013],[172130.54,559283.07],[172130.531,559282.95],[172130.52,559282.81],[172130.46,559282.57],[172127.76,559274.95],[172127.56,559274.62],[172113.022,559232.891],[172111.95,559229.92],[172111.83,559229.6],[172111.7,559229.34],[172111.5,559228.96],[172111.32,559228.58],[172111.18,559228.28],[172110.97,559228.04],[172110.71,559227.8],[172110.47,559227.63],[172110.29,559227.49],[172110.11,559227.35],[172109.87,559227.23],[172109.59,559227.13],[172109.37,559227.02],[172109.14,559226.96],[172108.83,559226.88],[172108.62,559226.78],[172108.16,559226.74],[172107.86,559226.67],[172107.34,559226.67],[172106.98,559226.69],[172107.659,559226.288],[172108.399,559225.765],[172109.204,559225.069],[172109.835,559224.459],[172110.466,559223.741],[172111.032,559222.914],[172111.22,559222.53],[172111.489,559221.978],[172111.837,559221.172],[172112.098,559220.389],[172112.533,559218.626],[172112.751,559217.276],[172112.751,559216.122],[172112.707,559215.099],[172112.62,559214.127],[172112.345,559212.663],[172112.988,559214.486]]]}},{"type":"Feature","properties":{"relatieveHoogteligging":0,"lokaalID":"G1900.ab07c0ae96234a0e94d763f57c4daea5","bgt_status":"bestaand","function":"rijbaan lokale weg","surfaceMaterial":"open verharding","plus_fysiekVoorkomenWegdeel":"betonstraatstenen","plus_functieWegdeel":"verkeersdrempel"},"geometry":{"type":"Polygon","coordinates":[[[172522.966,559052.455],[172523.303,559051.822],[172524.118,559050.765],[172525.049,559050.263],[172526.282,559050.039],[172527.834,559050.246],[172529.291,559051.169],[172529.935,559052.2],[172530.11,559052.48],[172530.351,559053.774],[172530.187,559055.162],[172529.446,559056.284],[172528.205,559057.327],[172527.265,559057.69],[172526.532,559057.741],[172525.653,559057.655],[172524.525,559057.226],[172523.424,559056.26],[172523.062,559055.611],[172522.775,559054.705],[172522.655,559053.815],[172522.7,559052.954],[172522.966,559052.455]]]}},{"type":"Feature","properties":{"relatieveHoogteligging":0,"lokaalID":"G1900.ac4d8018b94c4ed783e051b8e4f67b1a","bgt_status":"bestaand","function":"voetpad","surfaceMaterial":"open verharding","plus_fysiekVoorkomenWegdeel":"tegels"},"geometry":{"type":"Polygon","coordinates":[[[172266.418,559423.747],[172267.38,559424.628],[172250.748,559442.343],[172249.804,559443.348],[172248.642,559442.318],[172249.627,559441.289],[172254.55,559436.146],[172254.717,559436.302],[172257.341,559433.502],[172257.204,559433.373],[172266.418,559423.747]]]}},{"type":"Feature","properties":{"relatieveHoogteligging":0,"lokaalID":"G1900.ad68693c18fb42c6aa5bb0ecf6ac7b85","bgt_status":"bestaand","function":"voetpad","surfaceMaterial":"open verharding","plus_fysiekVoorkomenWegdeel":"tegels"},"geometry":{"type":"Polygon","coordinates":[[[172319.601,559488.078],[172319.911,559493.308],[172318.508,559493.082],[172317.298,559471.502],[172312.447,559466.925],[172310.935,559465.578],[172306.099,559461.07],[172286.88,559443.156],[172286.092,559442.328],[172285.729,559441.94],[172267.38,559424.628],[172266.418,559423.747],[172233.75,559393.328],[172233.101,559392.763],[172214.421,559375.42],[172215.659,559373.823],[172216.821,559374.903],[172217.197,559375.263],[172223.95,559381.718],[172227.622,559377.7],[172228.086,559378.136],[172228.334,559378.368],[172224.633,559382.315],[172234.336,559391.434],[172234.44,559391.326],[172238.049,559387.476],[172238.145,559387.566],[172238.759,559388.142],[172235.055,559392.051],[172235.154,559392.145],[172249.424,559405.385],[172254.142,559400.268],[172254.485,559400.59],[172255.119,559401.182],[172250.244,559406.33],[172267.747,559422.608],[172271.23,559418.843],[172271.921,559419.496],[172268.328,559423.321],[172277.147,559431.431],[172280.539,559427.642],[172281.338,559428.397],[172277.781,559432.092],[172297.847,559450.636],[172302.724,559445.435],[172303.493,559446.012],[172298.504,559451.387],[172319.844,559471.454],[172361.846,559467.676],[172362.011,559469.446],[172359.883,559469.637],[172327.082,559472.578],[172326.792,559472.609],[172326.538,559472.632],[172318.727,559473.327],[172319.521,559486.728],[172319.601,559488.078]]]}},{"type":"Feature","properties":{"relatieveHoogteligging":0,"lokaalID":"G1900.b63d283343834b42b04471287068bcec","bgt_status":"bestaand","function":"parkeervlak","surfaceMaterial":"open verharding","plus_fysiekVoorkomenWegdeel":"betonstraatstenen"},"geometry":{"type":"Polygon","coordinates":[[[172268.33,559463.272],[172270.594,559460.816],[172283.451,559472.831],[172281.397,559475.077],[172268.33,559463.272]]]}},{"type":"Feature","properties":{"relatieveHoogteligging":0,"lokaalID":"G1900.b96d48a618854406aeb2994ee9eb5048","bgt_status":"bestaand","function":"voetpad","surfaceMaterial":"open verharding","plus_fysiekVoorkomenWegdeel":"tegels"},"geometry":{"type":"Polygon","coordinates":[[[172161.04,559390.59],[172155.433,559414.941],[172154.226,559414.684],[172159.824,559390.301],[172160.842,559390.543],[172161.04,559390.59]]]}},{"type":"Feature","properties":{"relatieveHoogteligging":0,"lokaalID":"G1900.baa623d099644b25a62c3433d1cb66ff","bgt_status":"bestaand","function":"voetpad","surfaceMaterial":"open verharding","plus_fysiekVoorkomenWegdeel":"tegels"},"geometry":{"type":"Polygon","coordinates":[[[172413.981,559454.729],[172413.067,559454.817],[172412.879,559451.243],[172413.833,559451.16],[172413.981,559454.729]]]}},{"type":"Feature","properties":{"relatieveHoogteligging":0,"lokaalID":"G1900.c9633985e1104f0c9f4bbba00a7bc778","bgt_status":"bestaand","function":"voetpad","surfaceMaterial":"open verharding"},"geometry":{"type":"Polygon","coordinates":[[[172319.601,559488.078],[172319.521,559486.728],[172323.743,559486.426],[172323.366,559482.179],[172327.35,559481.827],[172327.842,559487.332],[172324.666,559487.609],[172319.601,559488.078]],[[172326.67,559482.64],[172324.18,559482.86],[172324.49,559486.36],[172326.982,559486.138],[172326.67,559482.64]]]}},{"type":"Feature","properties":{"relatieveHoogteligging":0,"lokaalID":"G1900.cfb8594cca564be3b669b7f01db6acd8","bgt_status":"bestaand","function":"voetpad","surfaceMaterial":"open verharding","plus_fysiekVoorkomenWegdeel":"tegels"},"geometry":{"type":"Polygon","coordinates":[[[172268.33,559463.272],[172267.485,559462.48],[172267.605,559462.351],[172268.572,559461.303],[172268.938,559460.917],[172269.761,559460.015],[172269.892,559459.873],[172272.448,559457.221],[172275.103,559454.394],[172275.022,559454.318],[172286.092,559442.328],[172286.88,559443.156],[172271.546,559459.784],[172270.594,559460.816],[172268.33,559463.272]]]}},{"type":"Feature","properties":{"relatieveHoogteligging":0,"lokaalID":"G1900.d8b54abf13b94c139fa71dd5a3adb177","bgt_status":"bestaand","function":"voetpad","surfaceMaterial":"open verharding","plus_fysiekVoorkomenWegdeel":"tegels"},"geometry":{"type":"Polygon","coordinates":[[[172201.944,559402.867],[172202.567,559402.175],[172205.063,559399.404],[172205.99,559400.275],[172203.363,559403.131],[172201.944,559402.867]]]}},{"type":"Feature","properties":{"relatieveHoogteligging":0,"lokaalID":"G1900.ef0a3d1a742342b98d0ea939cf28e155","bgt_status":"bestaand","function":"voetpad","surfaceMaterial":"open verharding","plus_fysiekVoorkomenWegdeel":"tegels"},"geometry":{"type":"Polygon","coordinates":[[[172142.303,559194.438],[172142.139,559193.938],[172141.89,559193.18],[172147.603,559189.293],[172147.68,559190.753],[172142.303,559194.438]]]}},{"type":"Feature","properties":{"relatieveHoogteligging":0,"lokaalID":"G1900.f277a64cb64f4374833f22224f03e882","bgt_status":"bestaand","function":"voetpad","surfaceMaterial":"open verharding","plus_fysiekVoorkomenWegdeel":"tegels"},"geometry":{"type":"Polygon","coordinates":[[[172168.413,559459.698],[172170.502,559451.364],[172170.709,559450.379],[172170.853,559449.849],[172171.061,559448.955],[172171.163,559448.514],[172182.529,559399.503],[172183.268,559395.884],[172185.427,559394.543],[172185.295,559396.208],[172172.622,559450.37],[172171.475,559455.336],[172170.51,559457.751],[172169.122,559459.306],[172168.413,559459.698]]]}},{"type":"Feature","properties":{"relatieveHoogteligging":0,"lokaalID":"G1900.f66b32dcab014c7e80552071d2e54a63","bgt_status":"bestaand","function":"voetpad","surfaceMaterial":"open verharding","plus_fysiekVoorkomenWegdeel":"tegels"},"geometry":{"type":"Polygon","coordinates":[[[172186.043,559252.215],[172186.506,559267.842],[172184.422,559268.001],[172185.268,559285.362],[172189.226,559285.117],[172189.197,559286.82],[172189.356,559290.571],[172189.171,559291.786],[172188.59,559292.631],[172187.191,559293.846],[172186.108,559294.216],[172183.571,559294.383],[172183.516,559292.595],[172183.318,559286.214],[172183.208,559282.672],[172183.011,559276.299],[172182.999,559275.913],[172182.976,559275.15],[172182.921,559273.378],[172182.848,559271.033],[172182.76,559268.186],[172182.718,559266.837],[172182.702,559266.307],[172181.698,559243.854],[172180.246,559213.978],[172178.583,559177.472],[172178.495,559175.934],[172177.913,559165.73],[172177.521,559158.844],[172179.353,559157.506],[172180.022,559170.872],[172180.86,559190.136],[172200.662,559177.943],[172209.78,559172.328],[172241.415,559152.489],[172241.662,559153.117],[172241.707,559154.144],[172241.627,559154.557],[172199.166,559180.914],[172180.895,559192.351],[172181.898,559213.722],[172187.787,559213.452],[172186.857,559217.623],[172185.767,559224.758],[172182.47,559224.84],[172183.068,559237.077],[172183.279,559238.926],[172187.461,559238.847],[172187.522,559240.442],[172185.757,559240.441],[172186.043,559252.215]],[[172186.253,559216.276],[172182.055,559216.461],[172182.398,559223.91],[172185.144,559223.725],[172186.253,559216.276]],[[172183.268,559240.439],[172183.817,559254.23],[172185.521,559254.184],[172185.057,559240.453],[172183.268,559240.439]],[[172185.458,559255.113],[172183.904,559255.113],[172184.361,559266.653],[172185.787,559266.6],[172185.458,559255.113]]]}},{"type":"Feature","properties":{"relatieveHoogteligging":0,"lokaalID":"G1900.5377ff32ddb742b8a769139f6d873a9b","bgt_status":"bestaand","function":"parkeervlak","surfaceMaterial":"open verharding","plus_fysiekVoorkomenWegdeel":"betonstraatstenen"},"geometry":{"type":"Polygon","coordinates":[[[172536.027,559146.85],[172538.713,559174.026],[172540.607,559174.905],[172541.439,559184.728],[172544.079,559185.388],[172544.211,559186.366],[172545.604,559186.372],[172543.45,559188.27],[172539.49,559188.63],[172539.485,559188.56],[172539.545,559188.554],[172539.29,559185.744],[172539.05,559183.1],[172538.76,559179.91],[172538.45,559177.18],[172531.31,559177.82],[172530.03,559177.929],[172529.827,559176.056],[172529.81,559175.9],[172529.61,559173.18],[172529.33,559169.94],[172528.78,559164.48],[172528.281,559158.82],[172528.028,559156.011],[172527.82,559153.33],[172527.53,559150.12],[172527.227,559147.324],[172528.6,559147.199],[172528.823,559148.75],[172535.784,559148.101],[172535.67,559146.878],[172536.027,559146.85]],[[172538.219,559174.191],[172531.654,559174.829],[172531.739,559175.871],[172538.32,559175.232],[172538.219,559174.191]]]}},{"type":"Feature","properties":{"relatieveHoogteligging":0,"lokaalID":"G1900.32a65867420f4c98a964dcdd3d662975","bgt_status":"bestaand","function":"voetpad","surfaceMaterial":"open verharding","plus_fysiekVoorkomenWegdeel":"tegels"},"geometry":{"type":"Polygon","coordinates":[[[172185.427,559394.543],[172183.268,559395.884],[172161.04,559390.59],[172160.842,559390.543],[172159.824,559390.301],[172147.763,559387.428],[172139.948,559385.658],[172135.908,559390.387],[172131.542,559409.574],[172127.605,559427.898],[172127.68,559429.589],[172128.284,559431.491],[172129.31,559433.121],[172129.787,559433.72],[172130.26,559434.313],[172134.839,559438.436],[172133.651,559439.783],[172131.196,559437.696],[172128.503,559435.213],[172127.341,559433.681],[172126.47,559432.176],[172125.757,559430.379],[172125.493,559428.398],[172126.153,559425.123],[172134.047,559390.951],[172134.654,559389.577],[172135.473,559388.415],[172136.476,559387.068],[172138.984,559384.294],[172140.516,559382.973],[172142.126,559381.917],[172143.446,559381.177],[172145.163,559380.781],[172147.09,559380.596],[172148.278,559380.49],[172147.196,559385.509],[172176.803,559392.506],[172185.427,559394.543]]]}},{"type":"Feature","properties":{"relatieveHoogteligging":0,"lokaalID":"G1900.477b5e6327734c38af0926a3eee726fd","bgt_status":"bestaand","function":"voetpad","surfaceMaterial":"open verharding","plus_fysiekVoorkomenWegdeel":"tegels"},"geometry":{"type":"Polygon","coordinates":[[[172263.506,559454.202],[172263.499,559454.21],[172262.527,559455.238],[172261.797,559454.556],[172261.806,559454.547],[172262.766,559453.515],[172263.506,559454.202]]]}},{"type":"Feature","properties":{"relatieveHoogteligging":0,"lokaalID":"G1900.5f395a501e4047958c7864bc56c64797","bgt_status":"bestaand","function":"voetpad","surfaceMaterial":"open verharding","plus_fysiekVoorkomenWegdeel":"tegels"},"geometry":{"type":"Polygon","coordinates":[[[172265.063,559455.65],[172267.119,559457.56],[172266.991,559457.725],[172266.202,559458.673],[172264.072,559456.683],[172265.061,559455.653],[172265.063,559455.65]]]}},{"type":"Feature","properties":{"relatieveHoogteligging":0,"lokaalID":"G1900.9a8542b90d32445d91a3bfac29facf5c","bgt_status":"bestaand","function":"voetpad","surfaceMaterial":"open verharding","plus_fysiekVoorkomenWegdeel":"tegels"},"geometry":{"type":"Polygon","coordinates":[[[172281.397,559475.077],[172283.451,559472.831],[172284.937,559474.219],[172287.839,559476.975],[172287.24,559477.54],[172285.948,559479.188],[172282.831,559476.373],[172281.397,559475.077]]]}},{"type":"Feature","properties":{"relatieveHoogteligging":0,"lokaalID":"G1900.ddc6da00acd74cbbaaf8f59bdf775363","bgt_status":"bestaand","function":"voetpad","surfaceMaterial":"open verharding","plus_fysiekVoorkomenWegdeel":"tegels"},"geometry":{"type":"Polygon","coordinates":[[[172612.579,558959.213],[172612.803,558961.083],[172614.585,558975.955],[172609.32,558976.65],[172612.081,558999.54],[172612.381,559001.757],[172608.341,559002.021],[172608.658,558999.67],[172609.421,558996.758],[172609.53,558996.342],[172609.556,558994.281],[172609.021,558989.475],[172607.602,558976.714],[172600.938,558977.355],[172600.44,558973.702],[172599.251,558962.818],[172599.015,558960.652],[172598.664,558958.904],[172597.918,558953.834],[172599.826,558953.589],[172602.488,558975.467],[172612.812,558974.225],[172610.154,558952.261],[172611.844,558952.044],[172612.455,558957.204],[172612.579,558959.213]]]}},{"type":"Feature","properties":{"relatieveHoogteligging":0,"lokaalID":"G1900.c90e3d7ab0134202a220d3575d60fe9a","bgt_status":"bestaand","function":"voetpad","surfaceMaterial":"open verharding","plus_fysiekVoorkomenWegdeel":"tegels"},"geometry":{"type":"Polygon","coordinates":[[[172148.737,559438.357],[172150.718,559429.77],[172152.401,559422.659],[172152.855,559420.975],[172154.031,559421.352],[172149.866,559438.619],[172148.737,559438.357]]]}},{"type":"Feature","properties":{"relatieveHoogteligging":0,"lokaalID":"G1900.cce09b85e6d74c91ab9f74dd1ced52dd","bgt_status":"bestaand","function":"voetpad","surfaceMaterial":"open verharding","plus_fysiekVoorkomenWegdeel":"tegels"},"geometry":{"type":"Polygon","coordinates":[[[172254.724,559446.041],[172253.771,559447.039],[172253.761,559447.046],[172253.039,559446.371],[172253.044,559446.366],[172253.95,559445.321],[172254.724,559446.041]]]}},{"type":"Feature","properties":{"relatieveHoogteligging":0,"lokaalID":"G1900.d4f8ac8382a147e5ac1d62f34eacf18e","bgt_status":"bestaand","function":"voetpad","surfaceMaterial":"open verharding","plus_fysiekVoorkomenWegdeel":"tegels"},"geometry":{"type":"Polygon","coordinates":[[[172259.425,559450.41],[172259.413,559450.42],[172258.396,559451.37],[172258.392,559451.374],[172257.469,559450.512],[172258.507,559449.556],[172259.425,559450.41]]]}},{"type":"Feature","properties":{"relatieveHoogteligging":0,"lokaalID":"G1900.dece909dae264cb8959cd836cc0f247d","bgt_status":"bestaand","function":"voetpad","surfaceMaterial":"open verharding"},"geometry":{"type":"Polygon","coordinates":[[[172183.318,559286.214],[172181.78,559286.235],[172181.643,559282.754],[172183.208,559282.672],[172183.318,559286.214]]]}},{"type":"Feature","properties":{"relatieveHoogteligging":0,"lokaalID":"G1900.9614e45e43e34be3bdc89a14a3181b7b","bgt_status":"bestaand","function":"rijbaan lokale weg","surfaceMaterial":"open verharding","plus_fysiekVoorkomenWegdeel":"betonstraatstenen","plus_functieWegdeel":"verkeersdrempel"},"geometry":{"type":"Polygon","coordinates":[[[172518.425,559702.571],[172518.539,559704.057],[172511.454,559704.719],[172511.306,559703.229],[172518.425,559702.571]]]}},{"type":"Feature","properties":{"relatieveHoogteligging":0,"lokaalID":"G1900.c5479d26643a4d66aa07ed14c7517109","bgt_status":"bestaand","function":"fietspad","surfaceMaterial":"gesloten verharding","plus_fysiekVoorkomenWegdeel":"asfalt"},"geometry":{"type":"Polygon","coordinates":[[[172506.598,559601.596],[172506.758,559602.156],[172506.936,559602.777],[172507.404,559603.771],[172509.365,559610.868],[172510.075,559614.049],[172511.463,559619.505],[172512,559622.007],[172512.633,559624.957],[172513.314,559629.19],[172513.843,559632.481],[172514.108,559635.349],[172514.434,559637.953],[172514.786,559642.043],[172515.12,559647.718],[172515.39,559657.45],[172515.496,559661.277],[172515.665,559667.408],[172515.959,559672.335],[172515.914,559675.102],[172516.267,559681.539],[172516.491,559685.61],[172515.008,559685.644],[172514.728,559679.621],[172514.446,559671.794],[172514.392,559664.795],[172513.798,559653.633],[172513.735,559647.879],[172513.312,559641.39],[172512.966,559636.093],[172512.258,559631.202],[172511.422,559625.425],[172510.53,559620.932],[172509.637,559616.439],[172508.153,559610.906],[172507.072,559606.879],[172505.349,559601.942],[172506.598,559601.596]]]}},{"type":"Feature","properties":{"relatieveHoogteligging":0,"lokaalID":"G1900.c5add587650d493184b40b8898297ba5","bgt_status":"bestaand","function":"voetpad","surfaceMaterial":"open verharding","plus_fysiekVoorkomenWegdeel":"tegels"},"geometry":{"type":"Polygon","coordinates":[[[172506.936,559602.777],[172509.31,559604.785],[172511.209,559611.425],[172512.675,559618.282],[172513.647,559622.392],[172514.309,559626.646],[172514.818,559629.924],[172515.235,559632.601],[172515.446,559634.641],[172515.84,559638.432],[172516.082,559640.768],[172516.328,559645.085],[172516.496,559648.032],[172516.732,559652.168],[172516.745,559655.833],[172516.961,559659.293],[172516.992,559663.015],[172517.312,559671.265],[172517.54,559677.157],[172517.866,559685.574],[172516.491,559685.61],[172516.267,559681.539],[172515.914,559675.102],[172515.959,559672.335],[172515.665,559667.408],[172515.496,559661.277],[172515.39,559657.45],[172515.12,559647.718],[172514.786,559642.043],[172514.434,559637.953],[172514.108,559635.349],[172513.843,559632.481],[172513.314,559629.19],[172512.633,559624.957],[172512,559622.007],[172511.463,559619.505],[172510.075,559614.049],[172509.365,559610.868],[172507.404,559603.771],[172506.936,559602.777]]]}},{"type":"Feature","properties":{"relatieveHoogteligging":0,"lokaalID":"G1900.20c2be2ef3ea4835a4bb1a733fc5e8db","bgt_status":"bestaand","function":"fietspad","surfaceMaterial":"gesloten verharding","plus_fysiekVoorkomenWegdeel":"asfalt"},"geometry":{"type":"Polygon","coordinates":[[[172500.54,559603.275],[172501.912,559602.895],[172503.578,559609.557],[172505.016,559614.741],[172506.266,559620.455],[172507.238,559624.454],[172508.259,559630.151],[172508.935,559635.098],[172509.187,559636.937],[172509.588,559642.018],[172509.85,559649.385],[172510.146,559654.603],[172510.267,559660.983],[172510.391,559667.534],[172510.657,559673.117],[172510.842,559677.009],[172510.857,559679.758],[172511.287,559685.819],[172509.975,559685.774],[172509.681,559673.898],[172509.258,559667.549],[172509.195,559662.925],[172509.101,559655.95],[172508.702,559649.928],[172508.277,559643.521],[172507.926,559638.224],[172507.25,559633.008],[172506.575,559627.792],[172505.522,559622.063],[172504.036,559615.793],[172500.54,559603.275]]]}},{"type":"Feature","properties":{"relatieveHoogteligging":0,"lokaalID":"G1900.2d94403df66e45c681f419c0f754e475","bgt_status":"bestaand","function":"rijbaan lokale weg","surfaceMaterial":"gesloten verharding","plus_fysiekVoorkomenWegdeel":"asfalt"},"geometry":{"type":"Polygon","coordinates":[[[172505.349,559601.942],[172507.072,559606.879],[172508.153,559610.906],[172509.637,559616.439],[172510.53,559620.932],[172511.422,559625.425],[172512.258,559631.202],[172512.966,559636.093],[172513.312,559641.39],[172513.735,559647.879],[172513.798,559653.633],[172514.392,559664.795],[172514.446,559671.794],[172514.728,559679.621],[172515.008,559685.644],[172511.287,559685.819],[172510.857,559679.758],[172510.842,559677.009],[172510.657,559673.117],[172510.391,559667.534],[172510.267,559660.983],[172510.146,559654.603],[172509.85,559649.385],[172509.588,559642.018],[172509.187,559636.937],[172508.935,559635.098],[172508.259,559630.151],[172507.238,559624.454],[172506.266,559620.455],[172505.016,559614.741],[172503.578,559609.557],[172501.912,559602.895],[172505.349,559601.942]]]}},{"type":"Feature","properties":{"relatieveHoogteligging":0,"lokaalID":"G1900.3a3b1bc52ba5440297441e054eff77ed","bgt_status":"bestaand","function":"voetpad","surfaceMaterial":"open verharding","plus_fysiekVoorkomenWegdeel":"tegels"},"geometry":{"type":"Polygon","coordinates":[[[172509.975,559685.774],[172510.129,559687.221],[172510.03,559688.705],[172509.827,559689.802],[172509.695,559690.095],[172508.911,559691.114],[172508.224,559691.794],[172506.99,559692.52],[172505.801,559692.844],[172504.489,559692.752],[172503.625,559692.412],[172503.444,559692.144],[172503.27,559691.887],[172503.074,559691.28],[172504.371,559690.832],[172508.008,559690.003],[172508.564,559689.045],[172508.641,559687.485],[172508.471,559685.926],[172509.975,559685.774]]]}},{"type":"Feature","properties":{"relatieveHoogteligging":0,"lokaalID":"G1900.3bc6ae3c08da4f3dbe2b2e25842529d3","bgt_status":"bestaand","function":"rijbaan lokale weg","surfaceMaterial":"open verharding","plus_fysiekVoorkomenWegdeel":"betonstraatstenen","plus_functieWegdeel":"verkeersdrempel"},"geometry":{"type":"Polygon","coordinates":[[[172523.617,559690.853],[172523.962,559690.829],[172525.022,559690.754],[172525.485,559696.027],[172524.086,559696.141],[172523.617,559690.853]]]}},{"type":"Feature","properties":{"relatieveHoogteligging":0,"lokaalID":"G1900.5b5bdb87bd0c449caedf5bd1f62ca12e","bgt_status":"bestaand","function":"rijbaan lokale weg","surfaceMaterial":"open verharding","plus_fysiekVoorkomenWegdeel":"betonstraatstenen","plus_functieWegdeel":"verkeersdrempel"},"geometry":{"type":"Polygon","coordinates":[[[172509.975,559685.774],[172511.287,559685.819],[172515.008,559685.644],[172516.491,559685.61],[172516.578,559687.052],[172510.129,559687.221],[172509.975,559685.774]]]}},{"type":"Feature","properties":{"relatieveHoogteligging":0,"lokaalID":"G1900.7e5bb3bed8504c569e2caa428ff7a7da","bgt_status":"bestaand","function":"voetpad","surfaceMaterial":"open verharding","plus_fysiekVoorkomenWegdeel":"tegels"},"geometry":{"type":"Polygon","coordinates":[[[172555.857,559633.138],[172555.75,559631.54],[172555.897,559631.699],[172556.354,559631.732],[172562.702,559631.287],[172562.73,559631.62],[172562.818,559632.679],[172555.857,559633.138]]]}},{"type":"Feature","properties":{"relatieveHoogteligging":0,"lokaalID":"G1900.9c638dbb07a34f838b317ecbb94a520a","bgt_status":"bestaand","function":"voetpad","surfaceMaterial":"open verharding","wegdeelOpTalud":"false","plus_fysiekVoorkomenWegdeel":"tegels"},"geometry":{"type":"Polygon","coordinates":[[[172517.866,559685.574],[172517.941,559686.336],[172521.462,559689.124],[172523.748,559688.922],[172527.479,559688.593],[172530.401,559688.336],[172532.249,559688.12],[172533.859,559687.992],[172536.88,559685.171],[172551.127,559683.944],[172554.033,559686.185],[172557.96,559685.91],[172560.026,559685.667],[172565.161,559685.222],[172567.357,559682.774],[172610.622,559678.914],[172613.626,559681.182],[172617.191,559680.965],[172617.705,559680.849],[172618.502,559680.467],[172619.017,559680.038],[172619.349,559679.633],[172619.576,559679.247],[172619.771,559678.752],[172619.818,559678.581],[172619.892,559678.125],[172619.9,559677.696],[172619.866,559677.363],[172621.405,559676.909],[172621.44,559677.309],[172621.485,559677.907],[172621.462,559678.403],[172621.399,559678.841],[172621.297,559679.262],[172621.2,559679.562],[172620.927,559680.174],[172620.574,559680.74],[172620.185,559681.209],[172619.574,559681.754],[172619.08,559682.078],[172618.614,559682.311],[172618.012,559682.526],[172617.599,559682.623],[172616.965,559682.699],[172616.551,559682.703],[172614.818,559682.909],[172613.443,559683.072],[172613.296,559683.063],[172613.07,559683.048],[172612.953,559682.994],[172612.854,559682.948],[172612.717,559682.837],[172610.686,559681.114],[172610.366,559680.941],[172610.173,559680.884],[172609.98,559680.857],[172568.296,559684.648],[172566.005,559687.204],[172560.205,559687.709],[172554.19,559688.38],[172553.55,559688.34],[172553.35,559688.3],[172550.56,559686.31],[172550.34,559686.27],[172537.97,559687.33],[172537.66,559687.41],[172537.49,559687.54],[172535.08,559689.849],[172534.775,559690.063],[172525.022,559690.754],[172523.962,559690.829],[172523.617,559690.853],[172522.253,559690.95],[172521.326,559690.95],[172520.343,559690.753],[172519.522,559690.446],[172518.781,559690.012],[172517.899,559689.23],[172517.269,559688.408],[172516.785,559687.662],[172516.578,559687.052],[172516.491,559685.61],[172517.866,559685.574]]]}},{"type":"Feature","properties":{"relatieveHoogteligging":0,"lokaalID":"G1900.a145157d6d1d45c88f899b883a95485b","bgt_status":"bestaand","function":"voetpad","surfaceMaterial":"open verharding","wegdeelOpTalud":"false","plus_fysiekVoorkomenWegdeel":"tegels"},"geometry":{"type":"Polygon","coordinates":[[[172525.469,559604.732],[172529.466,559653.89],[172532.249,559688.12],[172530.401,559688.336],[172527.377,559654.012],[172523.779,559604.591],[172525.28,559604.549],[172525.451,559604.544],[172525.469,559604.732]]]}},{"type":"Feature","properties":{"relatieveHoogteligging":0,"lokaalID":"G1900.b7212cceb2fe4a50b62e3705f12973d4","bgt_status":"bestaand","function":"rijbaan lokale weg","surfaceMaterial":"open verharding","plus_fysiekVoorkomenWegdeel":"betonstraatstenen"},"geometry":{"type":"Polygon","coordinates":[[[172615.829,559387.696],[172618.483,559393.153],[172620.927,559398.889],[172621.258,559399.592],[172621.528,559400.165],[172622.029,559401.228],[172628.04,559406.28],[172634.71,559412.1],[172639.02,559415.87],[172644.71,559420.85],[172650.257,559425.706],[172650.102,559425.878],[172653.929,559429.265],[172663.551,559418.5],[172668.05,559422.383],[172665.365,559425.404],[172665.098,559425.705],[172663.838,559427.121],[172662.802,559428.288],[172657,559434.815],[172656.144,559435.857],[172654.733,559437.575],[172653.149,559436.192],[172650.74,559434.09],[172646.436,559430.333],[172646.43,559430.34],[172640.74,559425.36],[172636.638,559421.677],[172625.654,559425.982],[172608.44,559433.194],[172605.694,559426.326],[172622.744,559419.629],[172623.048,559419.51],[172630.23,559416.566],[172630.275,559416.189],[172622.143,559409.11],[172619.196,559410.525],[172601.967,559417.08],[172599.391,559410.97],[172614.177,559404.917],[172616.104,559404.128],[172616.289,559403.811],[172612.17,559393.694],[172611.745,559393.247],[172610.639,559392.083],[172609.768,559391.997],[172606.589,559391.788],[172607.282,559391.116],[172615.113,559383.512],[172615.169,559386.269],[172615.829,559387.696]]]}},{"type":"Feature","properties":{"relatieveHoogteligging":0,"lokaalID":"G1900.0604f2901eea4b448859a2b4bb298cd5","bgt_status":"bestaand","function":"parkeervlak","surfaceMaterial":"half verhard","plus_fysiekVoorkomenWegdeel":"grasklinkers"},"geometry":{"type":"Polygon","coordinates":[[[172527.8,559502.36],[172527.194,559500],[172526.57,559497.57],[172542.71,559494.07],[172543.93,559498.9],[172538.802,559500],[172527.8,559502.36]]]}},{"type":"Feature","properties":{"relatieveHoogteligging":0,"lokaalID":"G1900.061f62d4fe414d3bbf32005fccee3ead","bgt_status":"bestaand","function":"rijbaan lokale weg","surfaceMaterial":"gesloten verharding","plus_fysiekVoorkomenWegdeel":"asfalt"},"geometry":{"type":"Polygon","coordinates":[[[172491.486,559552.135],[172487.891,559553.15],[172487.832,559552.96],[172487.759,559552.725],[172486.276,559547.842],[172485.413,559543.923],[172484.603,559540.239],[172483.918,559535.725],[172483.453,559532.665],[172482.82,559528.495],[172482.481,559525.484],[172482.311,559521.762],[172481.987,559518.828],[172481.834,559515.877],[172481.885,559512.034],[172481.925,559509.037],[172481.987,559504.404],[172482.157,559501.068],[172482.449,559498.293],[172482.558,559494.922],[172482.651,559492.049],[172483.038,559487.803],[172483.067,559483.262],[172483.098,559478.536],[172482.99,559474.892],[172482.604,559471.556],[172482.466,559468.596],[172482.26,559466.61],[172482.055,559464.623],[172481.688,559462.179],[172481.361,559460],[172481.02,559457.73],[172480.615,559455.788],[172480.161,559453.611],[172479.772,559451.743],[172479.742,559451.601],[172483.612,559450.883],[172484.224,559453.428],[172484.71,559456.725],[172485.197,559460.023],[172485.735,559463.673],[172486.246,559468.478],[172486.511,559470.969],[172486.647,559473.867],[172486.82,559477.548],[172486.951,559480.333],[172486.925,559483.427],[172486.892,559487.427],[172486.454,559493.988],[172486.218,559497.516],[172485.899,559502.287],[172485.886,559507.149],[172485.872,559512.339],[172485.858,559517.528],[172486.291,559522.446],[172486.809,559528.325],[172487.161,559532.319],[172488.209,559537.256],[172489.047,559542.553],[172490.316,559547.526],[172491.107,559550.626],[172491.426,559551.898],[172491.486,559552.135]]]}},{"type":"Feature","properties":{"relatieveHoogteligging":0,"lokaalID":"G1900.11aab1a81d674de7917940dc9a8a6d97","bgt_status":"bestaand","function":"voetpad","surfaceMaterial":"open verharding","plus_fysiekVoorkomenWegdeel":"tegels"},"geometry":{"type":"Polygon","coordinates":[[[172545.722,559140.989],[172545.99,559143.22],[172542.935,559143.47],[172543,559145.806],[172541.046,559145.965],[172540.604,559142.029],[172538.756,559142.188],[172538.665,559141.331],[172538.49,559138.41],[172539.95,559138.24],[172547.23,559137.59],[172550.483,559137.291],[172556.66,559136.742],[172556.84,559138.71],[172547.69,559139.54],[172545.607,559139.816],[172542.651,559140.089],[172542.804,559141.256],[172545.722,559140.989]],[[172542.217,559140.124],[172540.413,559140.267],[172540.505,559141.426],[172542.314,559141.292],[172542.217,559140.124]]]}},{"type":"Feature","properties":{"relatieveHoogteligging":0,"lokaalID":"G1900.25ac3a6bb4b44582b1a0035f54c84804","bgt_status":"bestaand","function":"voetpad","surfaceMaterial":"open verharding","plus_fysiekVoorkomenWegdeel":"tegels"},"geometry":{"type":"Polygon","coordinates":[[[172602.146,559288.831],[172602.298,559290.601],[172602.521,559293.196],[172600.82,559293.349],[172598.078,559293.595],[172599.355,559307.35],[172601.361,559328.959],[172601.55,559330.99],[172601.691,559332.118],[172599.809,559330.501],[172599.16,559324.12],[172596.28,559293.71],[172564.68,559297.01],[172564.364,559297.07],[172564,559297.14],[172563.67,559297.28],[172563.47,559297.48],[172563.26,559297.8],[172563.15,559298.02],[172563.1,559298.21],[172563.08,559298.61],[172563.107,559298.916],[172562.965,559298.748],[172562.225,559296.978],[172562.388,559294.92],[172564.146,559294.763],[172566.181,559294.57],[172569.04,559294.3],[172570.411,559294.17],[172570.96,559294.118],[172572.11,559294.009],[172572.11,559294.01],[172584.8,559292.81],[172584.8,559292.806],[172596.05,559291.74],[172596.138,559291.733],[172601.032,559291.321],[172601.31,559291.297],[172600.341,559274.66],[172598.99,559273.386],[172598.983,559273.379],[172594.394,559273.927],[172594.286,559272.775],[172593.9,559268.65],[172593.37,559262.98],[172592.83,559257.25],[172592.28,559251.31],[172592.29,559251.08],[172596.21,559247.772],[172597.67,559246.54],[172603.4,559245.98],[172609.29,559245.4],[172613.26,559245.126],[172615.09,559245],[172615.244,559246.685],[172598.5,559248.31],[172597.01,559249.52],[172597.032,559249.751],[172597.036,559249.794],[172594.25,559252.15],[172594.863,559259.167],[172595.15,559262.46],[172595.396,559265.092],[172595.397,559265.108],[172595.42,559265.347],[172595.504,559266.242],[172595.968,559271.205],[172600.597,559270.793],[172601.106,559276.717],[172601.618,559282.684],[172602.146,559288.831]]]}},{"type":"Feature","properties":{"relatieveHoogteligging":0,"lokaalID":"G1900.39590c587f414f5c98551e0258bcf805","bgt_status":"bestaand","function":"voetpad","surfaceMaterial":"open verharding","plus_fysiekVoorkomenWegdeel":"tegels"},"geometry":{"type":"Polygon","coordinates":[[[172607.209,559067.248],[172607.341,559068.226],[172571.459,559071.8],[172570.777,559071.868],[172569.928,559071.953],[172566.271,559072.317],[172566.231,559071.023],[172570.2,559070.657],[172571.712,559070.518],[172579.075,559069.84],[172607.209,559067.248]]]}},{"type":"Feature","properties":{"relatieveHoogteligging":0,"lokaalID":"G1900.39999e82be0648558cc72357e47c50a3","bgt_status":"bestaand","function":"fietspad","surfaceMaterial":"gesloten verharding","plus_fysiekVoorkomenWegdeel":"asfalt"},"geometry":{"type":"Polygon","coordinates":[[[172487.891,559553.15],[172486.393,559553.573],[172486.278,559553.175],[172484.813,559548.722],[172483.726,559543.792],[172482.522,559537.87],[172481.565,559531.72],[172480.738,559524.055],[172480.378,559517.798],[172480.268,559512.674],[172480.302,559507.388],[172480.602,559500.981],[172480.69,559500],[172481.124,559495.168],[172481.556,559488.401],[172481.716,559483.276],[172481.606,559477.325],[172481.275,559470.694],[172480.785,559466.242],[172480.261,559461.48],[172478.651,559452.471],[172478.56,559451.961],[172478.534,559451.825],[172479.742,559451.601],[172479.772,559451.743],[172480.161,559453.611],[172480.615,559455.788],[172481.02,559457.73],[172481.361,559460],[172481.688,559462.179],[172482.055,559464.623],[172482.26,559466.61],[172482.466,559468.596],[172482.604,559471.556],[172482.99,559474.892],[172483.098,559478.536],[172483.067,559483.262],[172483.038,559487.803],[172482.651,559492.049],[172482.558,559494.922],[172482.449,559498.293],[172482.157,559501.068],[172481.987,559504.404],[172481.925,559509.037],[172481.885,559512.034],[172481.834,559515.877],[172481.987,559518.828],[172482.311,559521.762],[172482.481,559525.484],[172482.82,559528.495],[172483.453,559532.665],[172483.918,559535.725],[172484.603,559540.239],[172485.413,559543.923],[172486.276,559547.842],[172487.759,559552.725],[172487.832,559552.96],[172487.891,559553.15]]]}},{"type":"Feature","properties":{"relatieveHoogteligging":0,"lokaalID":"G1900.40f2a243be0b441da6cbb0d2d90a1bd6","bgt_status":"bestaand","function":"rijbaan lokale weg","surfaceMaterial":"open verharding","plus_fysiekVoorkomenWegdeel":"betonstraatstenen","plus_functieWegdeel":"verkeersdrempel"},"geometry":{"type":"Polygon","coordinates":[[[172208.343,559358.174],[172207.966,559357.797],[172212.432,559353.615],[172213.156,559354.189],[172213.863,559354.649],[172209.172,559359.002],[172208.343,559358.174]]]}},{"type":"Feature","properties":{"relatieveHoogteligging":0,"lokaalID":"G1900.487d3b88777a49508c8e5e818d04f055","bgt_status":"bestaand","function":"rijbaan lokale weg","surfaceMaterial":"open verharding","plus_fysiekVoorkomenWegdeel":"betonstraatstenen"},"geometry":{"type":"Polygon","coordinates":[[[172499.862,559436.295],[172498.853,559432.745],[172501.521,559431.919],[172502.756,559435.316],[172499.862,559436.295]]]}},{"type":"Feature","properties":{"relatieveHoogteligging":0,"lokaalID":"G1900.4904849b727044769e361c71704fee79","bgt_status":"bestaand","function":"voetpad","surfaceMaterial":"open verharding","plus_fysiekVoorkomenWegdeel":"tegels"},"geometry":{"type":"Polygon","coordinates":[[[172371.567,559482.589],[172373.581,559482.494],[172376.927,559482.198],[172430.223,559477.482],[172429.572,559471.791],[172431.262,559471.606],[172432.345,559483.784],[172434.858,559506.413],[172435.28,559506.307],[172435.307,559507.628],[172414.884,559522.047],[172411.031,559524.767],[172423.923,559541.862],[172422.676,559542.648],[172418.131,559536.394],[172416.612,559534.303],[172415.314,559532.517],[172389.767,559497.359],[172389.004,559496.308],[172385.708,559496.573],[172375.846,559501.708],[172374.847,559502.228],[172369.787,559504.864],[172368.895,559503.457],[172368.815,559503.008],[172366.888,559499.046],[172368.314,559498.016],[172372.274,559496.167],[172374.677,559495.691],[172386.848,559494.397],[172391.601,559494.106],[172392.305,559494.034],[172392.773,559494.411],[172392.999,559495.045],[172393.165,559498.756],[172393.18,559499.09],[172408.124,559519.883],[172415.332,559519.54],[172433.031,559506.952],[172433.076,559506.137],[172431.989,559495.56],[172431.222,559488.097],[172431.067,559486.585],[172430.331,559479.423],[172425.835,559479.779],[172420.998,559480.162],[172393.803,559482.46],[172385.539,559482.988],[172384.826,559483.517],[172385.196,559488.245],[172384.826,559488.589],[172377.697,559489.143],[172375.797,559488.906],[172374.292,559488.245],[172373.077,559487.241],[172372.1,559485.894],[172371.678,559483.675],[172371.567,559482.589]]]}},{"type":"Feature","properties":{"relatieveHoogteligging":0,"lokaalID":"G1900.4a36df37b5684d4bbe2ad10c297c2d53","bgt_status":"bestaand","function":"voetpad","surfaceMaterial":"open verharding","plus_fysiekVoorkomenWegdeel":"tegels"},"geometry":{"type":"Polygon","coordinates":[[[172198.403,559259.785],[172198.53,559259.78],[172199.861,559259.732],[172204.387,559259.569],[172223.465,559258.883],[172223.497,559260.125],[172200.934,559260.851],[172199.278,559260.904],[172198.442,559260.931],[172198.422,559260.45],[172198.403,559259.785]]]}},{"type":"Feature","properties":{"relatieveHoogteligging":0,"lokaalID":"G1900.4a81cd529eff440c95e2aa58f8ee7787","bgt_status":"bestaand","function":"parkeervlak","surfaceMaterial":"open verharding","plus_fysiekVoorkomenWegdeel":"betonstraatstenen"},"geometry":{"type":"Polygon","coordinates":[[[172545.086,559170.305],[172544.255,559160.543],[172547.49,559160.173],[172547.5,559160.29],[172547.77,559163.69],[172548.31,559169.72],[172548.339,559170.038],[172545.086,559170.305]]]}},{"type":"Feature","properties":{"relatieveHoogteligging":0,"lokaalID":"G1900.4e78294486f94f5f8f2367086bf4c56b","bgt_status":"bestaand","function":"inrit","surfaceMaterial":"open verharding","plus_fysiekVoorkomenWegdeel":"betonstraatstenen"},"geometry":{"type":"Polygon","coordinates":[[[172546.22,559145.95],[172546.51,559149.23],[172546.76,559151.93],[172547.06,559155.2],[172547.081,559155.437],[172543.846,559155.743],[172543.03,559146.156],[172546.22,559145.95]],[[172546.006,559149.769],[172543.691,559149.985],[172543.907,559152.3],[172546.222,559152.084],[172546.006,559149.769]]]}},{"type":"Feature","properties":{"relatieveHoogteligging":0,"lokaalID":"G1900.51e5e4caeaff45dd90f1393073da12aa","bgt_status":"bestaand","function":"voetpad","surfaceMaterial":"open verharding","plus_fysiekVoorkomenWegdeel":"tegels"},"geometry":{"type":"Polygon","coordinates":[[[172501.237,559440.582],[172500.53,559438.643],[172499.862,559436.295],[172502.756,559435.316],[172503.866,559434.941],[172505.211,559434.902],[172507.804,559433.944],[172523.251,559427.753],[172525.291,559426.742],[172586.532,559402.273],[172591.997,559400.133],[172596.313,559398.186],[172601.036,559395.725],[172604.943,559393.386],[172606.589,559391.788],[172609.768,559391.997],[172604.778,559395.933],[172599.075,559399.235],[172591.709,559402.589],[172573.333,559409.722],[172549.201,559419.469],[172526.494,559428.503],[172524.907,559429.274],[172515.537,559433.006],[172515.81,559434.479],[172509.955,559437.008],[172503.026,559439.849],[172501.237,559440.582]]]}},{"type":"Feature","properties":{"relatieveHoogteligging":0,"lokaalID":"G1900.59c409e50b0444378217e385b9fee67f","bgt_status":"bestaand","function":"rijbaan lokale weg","surfaceMaterial":"open verharding","plus_fysiekVoorkomenWegdeel":"betonstraatstenen"},"geometry":{"type":"Polygon","coordinates":[[[172181.344,559300.772],[172180.838,559294.652],[172182.491,559294.454],[172183.098,559300.556],[172181.344,559300.772]]]}},{"type":"Feature","properties":{"relatieveHoogteligging":0,"lokaalID":"G1900.65b5ab23fd50401696ab17164c40da08","bgt_status":"bestaand","function":"parkeervlak","surfaceMaterial":"half verhard","plus_fysiekVoorkomenWegdeel":"grasklinkers"},"geometry":{"type":"Polygon","coordinates":[[[172526.57,559497.57],[172524.01,559498.4],[172517.24,559478.67],[172519.84,559478.01],[172526.57,559497.57]]]}},{"type":"Feature","properties":{"relatieveHoogteligging":0,"lokaalID":"G1900.70699c119a244f42addcc49dfb2ee79e","bgt_status":"bestaand","function":"inrit","surfaceMaterial":"open verharding","plus_fysiekVoorkomenWegdeel":"betonstraatstenen"},"geometry":{"type":"Polygon","coordinates":[[[172373.768,559435.458],[172377.079,559435.266],[172377.214,559438.285],[172377.689,559446.209],[172374.171,559446.485],[172373.888,559438.549],[172373.768,559435.458]]]}},{"type":"Feature","properties":{"relatieveHoogteligging":0,"lokaalID":"G1900.7a5fadf6c3e747a3b04b7dc7cabd73d5","bgt_status":"bestaand","function":"voetpad","surfaceMaterial":"open verharding","plus_fysiekVoorkomenWegdeel":"tegels"},"geometry":{"type":"Polygon","coordinates":[[[172478.6,559380.97],[172478.899,559380.935],[172482.554,559418.743],[172482.549,559418.908],[172482.516,559419.07],[172482.455,559419.224],[172482.369,559419.365],[172482.259,559419.488],[172482.129,559419.591],[172481.984,559419.67],[172481.827,559419.722],[172481.664,559419.746],[172481.249,559419.801],[172481.118,559419.769],[172481,559419.703],[172480.904,559419.609],[172480.837,559419.492],[172480.802,559419.362],[172480.372,559414.887],[172468.826,559415.977],[172469.213,559420.434],[172469.207,559420.564],[172469.169,559420.688],[172469.099,559420.798],[172469.004,559420.886],[172468.889,559420.946],[172468.762,559420.975],[172447.634,559422.975],[172447.467,559422.983],[172447.3,559422.977],[172447.134,559422.956],[172446.971,559422.921],[172446.811,559422.871],[172446.656,559422.807],[172446.508,559422.731],[172446.366,559422.641],[172446.234,559422.539],[172446.11,559422.426],[172445.997,559422.303],[172445.896,559422.17],[172445.806,559422.029],[172445.729,559421.881],[172445.665,559421.726],[172445.616,559421.566],[172445.58,559421.403],[172445.559,559421.237],[172444.912,559414.721],[172461.489,559413.168],[172461.475,559413.019],[172470.873,559412.138],[172470.901,559412.436],[172481.443,559411.448],[172478.6,559380.97]]]}},{"type":"Feature","properties":{"relatieveHoogteligging":0,"lokaalID":"G1900.7decf73f1e604acca88fd4fda10621fe","bgt_status":"bestaand","function":"voetpad","surfaceMaterial":"open verharding","plus_fysiekVoorkomenWegdeel":"tegels"},"geometry":{"type":"Polygon","coordinates":[[[172194.677,559114.257],[172194.917,559114.916],[172195.249,559115.827],[172194.86,559115.71],[172192.805,559117.288],[172192.464,559116.824],[172191.945,559116.118],[172192.058,559116.04],[172194.677,559114.257]]]}},{"type":"Feature","properties":{"relatieveHoogteligging":0,"lokaalID":"G1900.7ee2cc2d0bb2429c9f55a8e3d191865f","bgt_status":"bestaand","function":"parkeervlak","surfaceMaterial":"open verharding","plus_fysiekVoorkomenWegdeel":"betonstraatstenen"},"geometry":{"type":"Polygon","coordinates":[[[172548.525,559172.109],[172549.14,559178.93],[172545.846,559179.233],[172545.258,559172.324],[172548.525,559172.109]]]}},{"type":"Feature","properties":{"relatieveHoogteligging":0,"lokaalID":"G1900.8a015b74cfe642b0a5be5685abc33bf0","bgt_status":"bestaand","function":"inrit","surfaceMaterial":"open verharding","plus_fysiekVoorkomenWegdeel":"betonstraatstenen"},"geometry":{"type":"Polygon","coordinates":[[[172399.302,559433.977],[172399.552,559436.858],[172400.018,559444.262],[172396.713,559444.555],[172396.225,559437.149],[172395.938,559434.172],[172396.875,559434.118],[172399.302,559433.977]]]}},{"type":"Feature","properties":{"relatieveHoogteligging":0,"lokaalID":"G1900.8d17a367a220423995913c75f1e0d53c","bgt_status":"bestaand","function":"voetpad","surfaceMaterial":"open verharding","plus_fysiekVoorkomenWegdeel":"tegels"},"geometry":{"type":"Polygon","coordinates":[[[172493.655,559421.506],[172489.559,559421.949],[172489.306,559419.407],[172488.012,559419.525],[172487.842,559419.487],[172487.742,559419.426],[172487.64,559419.312],[172487.592,559419.202],[172487.578,559419.016],[172487.606,559418.908],[172487.665,559418.805],[172487.741,559418.727],[172487.866,559418.656],[172487.968,559418.631],[172492.325,559418.225],[172491.87,559413.353],[172487.479,559413.746],[172487.335,559413.712],[172487.218,559413.646],[172487.111,559413.537],[172487.045,559413.404],[172487.022,559413.293],[172486.816,559411.004],[172486.821,559410.874],[172486.86,559410.749],[172486.929,559410.639],[172487.025,559410.55],[172487.141,559410.49],[172487.268,559410.461],[172491.578,559410.079],[172491.702,559410.157],[172491.991,559410.145],[172492.545,559410.122],[172493.655,559421.506]]]}},{"type":"Feature","properties":{"relatieveHoogteligging":0,"lokaalID":"G1900.8e6fecb6d2f04567999d154c70c7107d","bgt_status":"bestaand","function":"voetpad","surfaceMaterial":"open verharding","plus_fysiekVoorkomenWegdeel":"tegels"},"geometry":{"type":"Polygon","coordinates":[[[172525.888,559008.643],[172526.072,559009.92],[172525.9,559009.942],[172526.261,559013.178],[172526.573,559015.508],[172530.92,559048.002],[172531.285,559048.838],[172532.394,559049.472],[172533.477,559049.763],[172532.203,559052.176],[172530.216,559051.29],[172529.503,559050.339],[172527.734,559037.422],[172523.179,559005.23],[172522.938,559002.83],[172523.853,559000.925],[172525.301,559001.23],[172524.528,559002.653],[172524.445,559004.284],[172525.312,559004.691],[172525.888,559008.643]]]}},{"type":"Feature","properties":{"relatieveHoogteligging":0,"lokaalID":"G1900.91c0f19ec66a4fea831e33571d77a3a0","bgt_status":"bestaand","function":"voetpad","surfaceMaterial":"open verharding","plus_fysiekVoorkomenWegdeel":"tegels"},"geometry":{"type":"Polygon","coordinates":[[[172042.699,559418.02],[172042.729,559417.894],[172043.363,559415.434],[172044.487,559415.683],[172043.548,559419.902],[172042.655,559423.604],[172042.615,559423.771],[172042.578,559423.925],[172042.528,559424.13],[172041.804,559427.136],[172038.263,559441.819],[172037.735,559441.91],[172036.996,559441.683],[172036.8,559441.457],[172037.117,559440.098],[172040.511,559427.222],[172042.699,559418.02]]]}},{"type":"Feature","properties":{"relatieveHoogteligging":0,"lokaalID":"G1900.967a06ec5c384f538c3ae50e68cf8ed9","bgt_status":"bestaand","function":"inrit","surfaceMaterial":"open verharding","plus_fysiekVoorkomenWegdeel":"betonstraatstenen"},"geometry":{"type":"Polygon","coordinates":[[[172392.165,559434.391],[172392.344,559437.413],[172392.645,559444.915],[172389.561,559445.189],[172389.122,559437.651],[172388.938,559434.578],[172389.435,559434.549],[172392.165,559434.391]]]}},{"type":"Feature","properties":{"relatieveHoogteligging":0,"lokaalID":"G1900.987c87c46047430b95088dfe0eb29ea0","bgt_status":"bestaand","function":"rijbaan lokale weg","surfaceMaterial":"open verharding","plus_fysiekVoorkomenWegdeel":"betonstraatstenen"},"geometry":{"type":"Polygon","coordinates":[[[172439.375,559012.19],[172462.613,559009.486],[172463.44,559009.39],[172467.39,559008.931],[172479.308,559007.545],[172483.971,559002.015],[172484.348,559001.97],[172515.851,558998.497],[172517.224,558997.573],[172517.722,558997.113],[172517.79,558997.32],[172517.535,559000.111],[172517.572,559001.069],[172517.458,559002.802],[172517.46,559004.11],[172517.29,559003.83],[172516.97,559003.7],[172516.65,559003.69],[172516.35,559003.68],[172507.553,559004.692],[172489.644,559006.752],[172488.1,559006.93],[172486.522,559007.17],[172482.004,559012.225],[172454.4,559015.62],[172454.389,559015.621],[172452.29,559015.88],[172452.14,559015.962],[172439.934,559017.405],[172439.759,559017.454],[172439.729,559017.2],[172439.182,559012.568],[172439.14,559012.217],[172439.375,559012.19]]]}},{"type":"Feature","properties":{"relatieveHoogteligging":0,"lokaalID":"G1900.a1131b6185cc44b69fc7bfa3e27b56fd","bgt_status":"bestaand","function":"rijbaan lokale weg","surfaceMaterial":"open verharding","plus_fysiekVoorkomenWegdeel":"betonstraatstenen","plus_functieWegdeel":"verkeersdrempel"},"geometry":{"type":"Polygon","coordinates":[[[172601.121,559056.298],[172599.614,559056.381],[172599.188,559050.329],[172600.648,559050.228],[172601.121,559056.298]]]}},{"type":"Feature","properties":{"relatieveHoogteligging":0,"lokaalID":"G1900.ab15a38f312849bdb64376a74691b389","bgt_status":"bestaand","function":"rijbaan lokale weg","surfaceMaterial":"open verharding","plus_fysiekVoorkomenWegdeel":"betonstraatstenen","plus_functieWegdeel":"verkeersdrempel"},"geometry":{"type":"Polygon","coordinates":[[[172368.434,559453.181],[172368.071,559453.569],[172366.849,559454.278],[172365.718,559454.565],[172364.481,559454.504],[172363.349,559454.142],[172362.142,559453.372],[172361.433,559452.285],[172361.041,559451.048],[172360.95,559449.568],[172361.222,559448.602],[172361.916,559447.319],[172362.912,559446.55],[172364.073,559446.006],[172365.205,559445.765],[172366.88,559446.021],[172367.921,559446.565],[172368.324,559446.943],[172368.886,559447.47],[172369.671,559449.085],[172369.686,559450.565],[172369.444,559451.697],[172368.946,559452.633],[172368.434,559453.181]]]}},{"type":"Feature","properties":{"relatieveHoogteligging":0,"lokaalID":"G1900.a62257a9c7744803a7fef3a56c87cf55","bgt_status":"bestaand","function":"inrit","surfaceMaterial":"gesloten verharding"},"geometry":{"type":"Polygon","coordinates":[[[172515.81,559434.479],[172515.856,559434.658],[172516.382,559436.734],[172516.208,559437.082],[172516.896,559438.733],[172525.731,559436.186],[172531.984,559434.383],[172532.042,559437.167],[172525.213,559438.811],[172525.591,559440.378],[172531.814,559438.88],[172531.629,559441.491],[172525.019,559443.16],[172525.266,559444.875],[172531.366,559443.422],[172531.262,559445.991],[172524.376,559447.898],[172524.818,559449.495],[172531.011,559447.78],[172530.884,559450.596],[172523.991,559452.274],[172524.417,559454.023],[172530.702,559452.493],[172530.594,559455.12],[172523.475,559456.835],[172523.722,559458.627],[172530.378,559456.958],[172530.226,559459.582],[172523.659,559461.305],[172524.108,559463.016],[172530.115,559461.44],[172529.948,559464.123],[172524.139,559465.565],[172524.565,559467.28],[172525.13,559469.557],[172525.224,559469.934],[172525.527,559471.156],[172528.565,559483.399],[172536.75,559482.87],[172543.141,559482.549],[172543.95,559493.99],[172542.71,559494.07],[172526.57,559497.57],[172519.84,559478.01],[172519.542,559476.819],[172517.76,559469.7],[172517.02,559466.8],[172510.6,559439.63],[172509.955,559437.008],[172515.81,559434.479]]]}},{"type":"Feature","properties":{"relatieveHoogteligging":0,"lokaalID":"G1900.a7ba641e6858433f9a85830303c300eb","bgt_status":"bestaand","function":"parkeervlak","surfaceMaterial":"open verharding","plus_fysiekVoorkomenWegdeel":"betonstraatstenen"},"geometry":{"type":"Polygon","coordinates":[[[172487.665,559418.805],[172487.218,559413.646],[172487.335,559413.712],[172487.479,559413.746],[172491.87,559413.353],[172492.325,559418.225],[172487.968,559418.631],[172487.866,559418.656],[172487.741,559418.727],[172487.665,559418.805]]]}},{"type":"Feature","properties":{"relatieveHoogteligging":0,"lokaalID":"G1900.aa839b2382bd4acfbc232517b8b54b8b","bgt_status":"bestaand","function":"parkeervlak","surfaceMaterial":"half verhard","plus_fysiekVoorkomenWegdeel":"grasklinkers"},"geometry":{"type":"Polygon","coordinates":[[[172510.6,559439.63],[172517.02,559466.8],[172513.17,559467.98],[172506.066,559444.331],[172505.15,559441.28],[172510.6,559439.63]]]}},{"type":"Feature","properties":{"relatieveHoogteligging":0,"lokaalID":"G1900.aea61ab4c185417e8618453d8eb0bee7","bgt_status":"bestaand","function":"voetpad","surfaceMaterial":"open verharding","plus_fysiekVoorkomenWegdeel":"tegels"},"geometry":{"type":"Polygon","coordinates":[[[172492.458,559551.861],[172492,559550.23],[172491.355,559546.832],[172489.229,559536.454],[172489.028,559535.247],[172488.409,559531.666],[172487.82,559527.325],[172487.403,559521.811],[172487.01,559516.784],[172486.912,559511.843],[172487.015,559506.865],[172487.277,559501.871],[172487.478,559499.303],[172487.6,559494.915],[172487.908,559489.744],[172488.129,559481.757],[172487.915,559473.769],[172487.266,559465.805],[172486.689,559461.13],[172486.009,559456.67],[172484.899,559450.821],[172484.872,559450.65],[172484.703,559449.594],[172484.671,559449.402],[172484.602,559448.689],[172484.603,559448.07],[172484.659,559447.453],[172484.771,559446.844],[172484.936,559446.248],[172485.155,559445.669],[172485.425,559445.112],[172485.745,559444.581],[172486.11,559444.082],[172486.519,559443.617],[172486.969,559443.191],[172487.454,559442.808],[172487.973,559442.469],[172488.519,559442.179],[172491.596,559441.503],[172493.69,559438.365],[172497.151,559437.196],[172497.711,559439.855],[172498.04,559441.42],[172497.258,559441.656],[172497.26,559441.829],[172494.27,559442.614],[172492.985,559442.951],[172490.334,559443.648],[172487.425,559444.559],[172486.498,559445.726],[172486.141,559446.949],[172486.013,559447.853],[172486.115,559449.441],[172487.122,559454.59],[172487.355,559455.888],[172488.353,559461.446],[172489.108,559467.995],[172489.751,559473.956],[172490.059,559482.855],[172490.059,559489.46],[172489.423,559498.45],[172488.807,559505.699],[172488.639,559510.4],[172488.779,559520.419],[172489.274,559527.576],[172490.057,559534.32],[172491.763,559541.765],[172492.744,559547.495],[172493.433,559551.585],[172492.458,559551.861]]]}},{"type":"Feature","properties":{"relatieveHoogteligging":0,"lokaalID":"G1900.b6d7642c9592433e861089dcd0c0070f","bgt_status":"bestaand","function":"parkeervlak","surfaceMaterial":"half verhard","plus_fysiekVoorkomenWegdeel":"grasklinkers"},"geometry":{"type":"Polygon","coordinates":[[[172519.542,559476.819],[172516.62,559476.97],[172513.78,559469.6],[172517.76,559469.7],[172519.542,559476.819]]]}},{"type":"Feature","properties":{"relatieveHoogteligging":0,"lokaalID":"G1900.c60ff2f3af5f40bebbd96f591ea340ca","bgt_status":"bestaand","function":"rijbaan lokale weg","surfaceMaterial":"open verharding","plus_fysiekVoorkomenWegdeel":"betonstraatstenen","plus_functieWegdeel":"verkeersdrempel"},"geometry":{"type":"Polygon","coordinates":[[[172189.582,559305.575],[172195.677,559305.454],[172195.706,559307.237],[172189.626,559307.373],[172189.582,559305.575]]]}},{"type":"Feature","properties":{"relatieveHoogteligging":0,"lokaalID":"G1900.c63373f1be1a47e2a79e38a7c3b57392","bgt_status":"bestaand","function":"parkeervlak","surfaceMaterial":"open verharding","plus_fysiekVoorkomenWegdeel":"betonstraatstenen"},"geometry":{"type":"Polygon","coordinates":[[[172532,559133.21],[172531.721,559130.384],[172531.44,559127.53],[172531.12,559124.75],[172530.901,559121.856],[172530.634,559119.066],[172530.361,559116.219],[172530.07,559113.44],[172529.831,559110.52],[172529.578,559107.697],[172529.321,559104.817],[172529.268,559104.822],[172528.99,559101.87],[172532.38,559101.519],[172532.14,559099.53],[172531.6,559093.75],[172531.08,559088.08],[172530.55,559082.4],[172530.54,559082.296],[172532.299,559082.269],[172532.959,559085.201],[172532.972,559085.338],[172532.847,559085.351],[172532.838,559085.245],[172531.105,559085.37],[172531.612,559090.956],[172532.411,559090.888],[172533.51,559090.867],[172534.517,559100.462],[172533.303,559104.768],[172531.639,559105.059],[172531.93,559111.504],[172534.857,559139.752],[172534.797,559140.235],[172534.814,559140.606],[172535.082,559141.097],[172535.504,559141.554],[172536.027,559146.85],[172535.67,559146.878],[172533.366,559147.084],[172533.334,559146.765],[172533.157,559144.97],[172532.989,559144.985],[172532.981,559144.901],[172532.17,559136.08],[172532,559133.21]],[[172533.808,559096.52],[172532.455,559096.644],[172532.565,559097.534],[172533.887,559097.386],[172533.808,559096.52]]]}},{"type":"Feature","properties":{"relatieveHoogteligging":0,"lokaalID":"G1900.c66fd48a087047e8b35c246fad7ac285","bgt_status":"bestaand","function":"parkeervlak","surfaceMaterial":"open verharding","plus_fysiekVoorkomenWegdeel":"betonstraatstenen"},"geometry":{"type":"Polygon","coordinates":[[[172462.613,559009.486],[172439.375,559012.19],[172439.14,559012.217],[172438.856,559012.25],[172438.198,559007.153],[172438.579,559007.116],[172462.13,559004.468],[172462.613,559009.486]]]}},{"type":"Feature","properties":{"relatieveHoogteligging":0,"lokaalID":"G1900.d2b9e3bb54604ae0b0a1c85615ce9911","bgt_status":"bestaand","function":"fietspad","surfaceMaterial":"open verharding","plus_fysiekVoorkomenWegdeel":"tegels"},"geometry":{"type":"Polygon","coordinates":[[[172497.711,559439.855],[172497.151,559437.196],[172496.14,559433.832],[172496.026,559433.43],[172494.33,559428.411],[172493.83,559423.292],[172493.655,559421.506],[172492.545,559410.122],[172489.969,559383.789],[172489.152,559383.12],[172485.595,559380.208],[172471.455,559368.634],[172470.457,559367.818],[172465.944,559364.09],[172464.778,559362.502],[172463.244,559359.823],[172462.422,559358.388],[172461.484,559355.25],[172461.23,559354.4],[172460.24,559337.61],[172459.03,559322.04],[172458.94,559320.14],[172458.45,559314.12],[172457.75,559305.57],[172456.83,559293.76],[172456.3,559284.23],[172455.24,559270.24],[172458.042,559270.152],[172459.308,559287.493],[172460.498,559305.127],[172461.182,559314.616],[172461.642,559321.008],[172464.034,559354.209],[172464.845,559356.608],[172468.523,559362.123],[172491.964,559381.318],[172493.091,559382.24],[172492.815,559382.51],[172493.6,559389.767],[172496.159,559417.688],[172497.163,559427.013],[172498.853,559432.745],[172499.862,559436.295],[172500.53,559438.643],[172501.237,559440.582],[172498.301,559441.341],[172498.04,559441.42],[172497.711,559439.855]]]}},{"type":"Feature","properties":{"relatieveHoogteligging":0,"lokaalID":"G1900.d44aa493107b4ffba5e4598900f33ac3","bgt_status":"bestaand","function":"rijbaan lokale weg","surfaceMaterial":"open verharding","plus_fysiekVoorkomenWegdeel":"betonstraatstenen","plus_functieWegdeel":"verkeersdrempel"},"geometry":{"type":"Polygon","coordinates":[[[172222.428,559351.913],[172222.836,559351.497],[172223.544,559350.775],[172228.146,559354.926],[172226.974,559356.234],[172222.345,559351.999],[172222.428,559351.913]]]}},{"type":"Feature","properties":{"relatieveHoogteligging":0,"lokaalID":"G1900.dc0ab5a19adf4aa899f8ae9df5d0acc1","bgt_status":"bestaand","function":"rijbaan lokale weg","surfaceMaterial":"open verharding","plus_fysiekVoorkomenWegdeel":"betonstraatstenen","plus_functieWegdeel":"verkeersdrempel"},"geometry":{"type":"Polygon","coordinates":[[[172221.308,559369.556],[172225.547,559364.937],[172226.749,559366.26],[172222.585,559370.728],[172221.937,559370.133],[172221.308,559369.556]]]}},{"type":"Feature","properties":{"relatieveHoogteligging":0,"lokaalID":"G1900.e068c97ee0874972be2138dbfe6426ec","bgt_status":"bestaand","function":"fietspad","surfaceMaterial":"open verharding","plus_fysiekVoorkomenWegdeel":"tegels"},"geometry":{"type":"Polygon","coordinates":[[[172493.83,559423.292],[172489.74,559423.761],[172489.559,559421.949],[172493.655,559421.506],[172493.83,559423.292]]]}},{"type":"Feature","properties":{"relatieveHoogteligging":0,"lokaalID":"G1900.e4769c3427e1489f8866489431301732","bgt_status":"bestaand","function":"rijbaan lokale weg","surfaceMaterial":"open verharding","plus_fysiekVoorkomenWegdeel":"betonstraatstenen","plus_functieWegdeel":"verkeersdrempel"},"geometry":{"type":"Polygon","coordinates":[[[172348.726,559084.001],[172349.664,559085.145],[172345.047,559088.028],[172344.243,559086.736],[172348.726,559084.001]]]}},{"type":"Feature","properties":{"relatieveHoogteligging":0,"lokaalID":"G1900.e4b8047049b14833939590f84f8684af","bgt_status":"bestaand","function":"rijbaan lokale weg","surfaceMaterial":"open verharding","plus_functieWegdeel":"verkeersdrempel"},"geometry":{"type":"Polygon","coordinates":[[[172484.671,559449.402],[172484.703,559449.594],[172484.872,559450.65],[172483.612,559450.883],[172479.742,559451.601],[172478.534,559451.825],[172478.269,559450.449],[172484.671,559449.402]]]}},{"type":"Feature","properties":{"relatieveHoogteligging":0,"lokaalID":"G1900.ef44e5f5a8fb4cb7ad698bbbe7e2c9b2","bgt_status":"bestaand","function":"parkeervlak","surfaceMaterial":"open verharding","plus_fysiekVoorkomenWegdeel":"betonstraatstenen"},"geometry":{"type":"Polygon","coordinates":[[[172491.578,559410.079],[172487.268,559410.461],[172487.141,559410.49],[172487.025,559410.55],[172486.929,559410.639],[172484.148,559383.525],[172484.421,559383.772],[172488.928,559383.375],[172491.578,559410.079]]]}},{"type":"Feature","properties":{"relatieveHoogteligging":0,"lokaalID":"G1900.f2c50f732fd742acac083df77b6a9132","bgt_status":"bestaand","function":"parkeervlak","surfaceMaterial":"open verharding","plus_fysiekVoorkomenWegdeel":"betonstraatstenen"},"geometry":{"type":"Polygon","coordinates":[[[172517.108,559039.799],[172516.919,559038.287],[172515.993,559030.864],[172515.92,559030.28],[172520.32,559029.72],[172520.51,559029.67],[172520.72,559029.38],[172521.979,559039.896],[172521.704,559039.604],[172520.786,559039.583],[172518.792,559039.875],[172517.546,559040.058],[172517.108,559039.799]]]}},{"type":"Feature","properties":{"relatieveHoogteligging":0,"lokaalID":"G1900.ff265799260c4bb88d659c8428a90965","bgt_status":"bestaand","function":"parkeervlak","surfaceMaterial":"open verharding","plus_fysiekVoorkomenWegdeel":"betonstraatstenen"},"geometry":{"type":"Polygon","coordinates":[[[172545.604,559186.372],[172547.961,559213.294],[172547.222,559213.362],[172547.033,559213.379],[172545.8,559213.474],[172545.643,559213.487],[172545.626,559212.841],[172545.31,559208.22],[172545.01,559205],[172544.781,559202.551],[172544.496,559199.517],[172544.267,559196.771],[172544.03,559193.95],[172543.76,559190.74],[172543.45,559188.27],[172545.604,559186.372]]]}},{"type":"Feature","properties":{"relatieveHoogteligging":0,"lokaalID":"G1900.ff3e30893c8a4e7fb494b2bcba40576b","bgt_status":"bestaand","function":"voetpad","surfaceMaterial":"open verharding","plus_fysiekVoorkomenWegdeel":"tegels"},"geometry":{"type":"Polygon","coordinates":[[[172543.846,559470.363],[172543.84,559470.56],[172546.519,559470.62],[172546.416,559475.279],[172536.4,559475.79],[172536.75,559482.87],[172528.565,559483.399],[172525.527,559471.156],[172530.073,559470.046],[172529.749,559465.936],[172524.565,559467.28],[172524.139,559465.565],[172529.948,559464.123],[172530.115,559461.44],[172524.108,559463.016],[172523.659,559461.305],[172530.226,559459.582],[172530.378,559456.958],[172523.722,559458.627],[172523.475,559456.835],[172530.594,559455.12],[172530.702,559452.493],[172524.417,559454.023],[172523.991,559452.274],[172530.884,559450.596],[172531.011,559447.78],[172524.818,559449.495],[172524.376,559447.898],[172531.262,559445.991],[172531.366,559443.422],[172525.266,559444.875],[172525.019,559443.16],[172531.629,559441.491],[172531.814,559438.88],[172525.591,559440.378],[172525.213,559438.811],[172532.042,559437.167],[172531.984,559434.383],[172525.731,559436.186],[172526.165,559434.366],[172532.14,559432.5],[172534.244,559432.049],[172531.85,559463.85],[172531.95,559469.96],[172543.846,559470.363]]]}},{"type":"Feature","properties":{"relatieveHoogteligging":0,"lokaalID":"G1900.9d3b7ee23b7b45ccacdd91d580c9090a","bgt_status":"bestaand","function":"parkeervlak","surfaceMaterial":"open verharding","plus_fysiekVoorkomenWegdeel":"betonstraatstenen"},"geometry":{"type":"Polygon","coordinates":[[[172551.654,559184.417],[172552.69,559195.56],[172553.529,559204.728],[172553.714,559206.737],[172554.133,559212.454],[172553.957,559212.74],[172551.969,559212.923],[172551.383,559206.686],[172548.993,559181.23],[172550.953,559180.884],[172551.294,559184.451],[172551.654,559184.417]]]}},{"type":"Feature","properties":{"relatieveHoogteligging":0,"lokaalID":"G1900.fdfa5fb57d29487facd89abd0212b233","bgt_status":"bestaand","function":"voetpad","surfaceMaterial":"open verharding","plus_fysiekVoorkomenWegdeel":"tegels"},"geometry":{"type":"Polygon","coordinates":[[[172254.141,559578.97],[172253.093,559571.119],[172251.366,559557.551],[172252.459,559556.644],[172255.056,559578.849],[172254.141,559578.97]]]}},{"type":"Feature","properties":{"relatieveHoogteligging":0,"lokaalID":"G1900.1a4d270e1ca74ecea2b27cdc0ec85f4e","bgt_status":"bestaand","function":"voetpad","surfaceMaterial":"open verharding","plus_fysiekVoorkomenWegdeel":"tegels"},"geometry":{"type":"Polygon","coordinates":[[[172529.47,559069.321],[172529.58,559070.653],[172529.461,559070.652],[172502.063,559071.148],[172502.09,559069.695],[172529.47,559069.321]]]}},{"type":"Feature","properties":{"relatieveHoogteligging":0,"lokaalID":"G1900.3a14fb8f1cf440208222675b0aaaa8b0","bgt_status":"bestaand","function":"parkeervlak","surfaceMaterial":"open verharding","plus_fysiekVoorkomenWegdeel":"betonstraatstenen"},"geometry":{"type":"Polygon","coordinates":[[[172439.759,559017.454],[172439.934,559017.405],[172452.14,559015.962],[172451.98,559016.05],[172451.92,559016.32],[172452.45,559020.39],[172452.37,559020.66],[172452.14,559020.83],[172440.318,559022.195],[172439.759,559017.454]]]}},{"type":"Feature","properties":{"relatieveHoogteligging":0,"lokaalID":"G1900.54d3daa017d04ee994f638ca70e4299a","bgt_status":"bestaand","function":"voetpad","surfaceMaterial":"open verharding","plus_fysiekVoorkomenWegdeel":"tegels"},"geometry":{"type":"Polygon","coordinates":[[[172429.91,559020.109],[172429.676,559018.321],[172431.362,559018.183],[172431.438,559018.25],[172431.329,559018.7],[172432.89,559025.398],[172434.474,559033.011],[172435.84,559039.575],[172437.412,559047.131],[172437.9,559049.79],[172436.08,559049.897],[172430.012,559020.6],[172429.91,559020.109]]]}},{"type":"Feature","properties":{"relatieveHoogteligging":0,"lokaalID":"G1900.5f4a4fb5dfbb4439bc9d18e7399e6011","bgt_status":"bestaand","function":"voetpad","surfaceMaterial":"open verharding","plus_fysiekVoorkomenWegdeel":"tegels"},"geometry":{"type":"Polygon","coordinates":[[[172555.02,559366.192],[172547.739,559366.907],[172547.28,559362.238],[172547.09,559360.339],[172554.506,559359.59],[172555.02,559366.192]]]}},{"type":"Feature","properties":{"relatieveHoogteligging":0,"lokaalID":"G1900.8663aae63eba44d9a2e95824d45cf289","bgt_status":"bestaand","function":"voetpad","surfaceMaterial":"open verharding","plus_fysiekVoorkomenWegdeel":"tegels"},"geometry":{"type":"Polygon","coordinates":[[[172547.09,559360.339],[172533.547,559361.617],[172531.739,559363.764],[172529.4,559363.994],[172528.955,559359.286],[172529.101,559359.102],[172529.275,559358.883],[172529.799,559358.224],[172532.55,559354.76],[172534.73,559352.12],[172534.61,559350.848],[172533.8,559342.26],[172526.792,559336.415],[172526.74,559335.87],[172524.06,559336.12],[172523.74,559332.75],[172526.42,559332.5],[172529.249,559332.074],[172529.06,559325.75],[172532.274,559324.885],[172535.488,559321.696],[172535.461,559316.048],[172529.843,559311.508],[172527.344,559300.387],[172524.481,559297.846],[172519.241,559298.468],[172517.196,559301.749],[172517.48,559304.782],[172515.88,559304.86],[172515.18,559297.393],[172515.885,559297.327],[172518.789,559297.054],[172525.235,559296.449],[172531.803,559288.649],[172534.528,559290.906],[172536.634,559288.367],[172544.159,559294.6],[172545.335,559295.574],[172542.273,559299.271],[172542.09,559299.48],[172542.06,559299.71],[172541.99,559300.25],[172541.99,559300.53],[172541.98,559300.88],[172542.131,559302.098],[172542.48,559304.9],[172542.935,559309.06],[172554.4,559308.01],[172557.966,559302.754],[172559.523,559304.075],[172556.04,559308.89],[172555.7,559309.45],[172555.52,559309.67],[172555.29,559309.86],[172554.99,559309.93],[172554.28,559310.03],[172546.1,559310.89],[172542.96,559311.32],[172542.16,559311.49],[172541.75,559311.6],[172541.32,559311.77],[172541.12,559311.84],[172540.82,559311.95],[172540.46,559312.14],[172540.21,559312.31],[172539.77,559312.62],[172539.49,559312.89],[172539.3,559313.16],[172539.1,559313.4],[172538.81,559313.87],[172538.65,559314.06],[172538.54,559314.31],[172538.46,559314.58],[172538.456,559314.801],[172538.458,559315.187],[172538.99,559320.637],[172539.085,559321.613],[172542.558,559327.423],[172547.09,559360.339]],[[172533.571,559292.063],[172530.126,559296.22],[172535.67,559300.814],[172539.116,559296.656],[172533.571,559292.063]]]}},{"type":"Feature","properties":{"relatieveHoogteligging":0,"lokaalID":"G1900.b7b2b7f3c182413c9d3eb781e6ca417d","bgt_status":"bestaand","function":"voetpad","surfaceMaterial":"open verharding","plus_fysiekVoorkomenWegdeel":"tegels"},"geometry":{"type":"Polygon","coordinates":[[[172574.961,559330.254],[172578.747,559334.111],[172586.107,559333.275],[172587.827,559339.144],[172581.639,559355.129],[172582.139,559356.18],[172559.034,559366.26],[172559.918,559376.269],[172549.104,559381.824],[172550.773,559399.255],[172550.94,559399.185],[172552.153,559394.829],[172553.487,559395.206],[172552.539,559398.521],[172555.594,559397.251],[172556.86,559392.952],[172558.21,559393.334],[172557.213,559396.578],[172560.32,559395.286],[172561.535,559391.045],[172562.876,559391.427],[172561.904,559394.628],[172564.949,559393.362],[172566.175,559389.13],[172566.895,559389.333],[172567.521,559389.51],[172566.562,559392.692],[172570.94,559390.872],[172572.143,559386.545],[172573.456,559386.916],[172572.537,559390.208],[172575.615,559388.929],[172576.776,559384.614],[172578.138,559384.999],[172577.196,559388.272],[172580.313,559386.976],[172580.325,559386.972],[172581.449,559382.702],[172582.77,559383.075],[172581.872,559386.363],[172581.879,559386.36],[172585.178,559385.051],[172586.325,559380.882],[172587.621,559381.251],[172586.31,559385.969],[172568.949,559393.166],[172550.855,559400.61],[172551.333,559405.763],[172551.598,559405.719],[172551.725,559407.535],[172548.985,559406.833],[172548.664,559404.452],[172548.622,559403.998],[172548.442,559402.087],[172547.849,559395.773],[172547.728,559394.489],[172546.577,559382.231],[172543.757,559382.492],[172543.146,559376.003],[172548.146,559375.512],[172548.589,559375.468],[172548.96,559380.352],[172558.5,559375.493],[172556.93,559357.758],[172553.402,559354.079],[172554.378,559353.14],[172556.736,559355.567],[172556.373,559351.464],[172552.836,559347.762],[172553.813,559346.824],[172556.18,559349.286],[172555.804,559345.03],[172552.283,559341.416],[172553.241,559340.496],[172555.615,559342.892],[172555.585,559342.557],[172557.002,559336.56],[172553.914,559333.351],[172554.911,559332.393],[172558.732,559336.357],[172561.981,559335.991],[172558.876,559332.874],[172559.829,559331.958],[172563.739,559335.793],[172566.999,559335.426],[172563.955,559332.279],[172564.927,559331.345],[172568.735,559335.23],[172572.003,559334.862],[172568.932,559331.766],[172569.923,559330.814],[172573.701,559334.671],[172573.721,559334.668],[172577.002,559334.285],[172573.976,559331.2],[172574.961,559330.254]],[[172585.122,559334.767],[172558.128,559337.719],[172556.931,559342.675],[172558.906,559364.825],[172579.915,559355.801],[172581.57,559351.573],[172579.338,559352.271],[172579.166,559352.112],[172578.838,559350.987],[172582.199,559349.967],[172583.43,559346.821],[172581.161,559347.534],[172581.024,559347.407],[172580.801,559346.64],[172580.682,559346.231],[172584.062,559345.207],[172585.271,559342.117],[172582.993,559342.83],[172582.832,559342.681],[172582.503,559341.553],[172585.914,559340.474],[172586.46,559339.079],[172586.029,559337.692],[172584.798,559338.083],[172584.641,559337.938],[172584.318,559336.829],[172585.623,559336.381],[172585.122,559334.767]]]}},{"type":"Feature","properties":{"relatieveHoogteligging":0,"lokaalID":"G1900.b7b711cffce547ec88133a6d62a28e6e","bgt_status":"bestaand","function":"rijbaan lokale weg","surfaceMaterial":"open verharding","plus_fysiekVoorkomenWegdeel":"betonstraatstenen"},"geometry":{"type":"Polygon","coordinates":[[[172439.182,559012.568],[172439.729,559017.2],[172431.457,559018.172],[172431.438,559018.25],[172431.362,559018.183],[172429.676,559018.321],[172429.91,559020.109],[172429.714,559020.627],[172423.519,559021.199],[172423.188,559018.073],[172423.153,559017.737],[172422.809,559014.471],[172423.503,559014.385],[172424.512,559014.268],[172435.484,559012.999],[172437.383,559012.779],[172439.182,559012.568]]]}},{"type":"Feature","properties":{"relatieveHoogteligging":0,"lokaalID":"G1900.d6f41f25fbb045faa8bb88d5c972ffca","bgt_status":"bestaand","function":"voetpad","surfaceMaterial":"open verharding","plus_fysiekVoorkomenWegdeel":"tegels"},"geometry":{"type":"Polygon","coordinates":[[[172411.162,559433.289],[172411.407,559436.277],[172399.552,559436.858],[172399.302,559433.977],[172401.257,559433.864],[172411.162,559433.289]]]}},{"type":"Feature","properties":{"relatieveHoogteligging":0,"lokaalID":"G1900.e7f831e3433547c1a4f814f4ff0e7d2d","bgt_status":"bestaand","function":"voetpad","surfaceMaterial":"open verharding","plus_fysiekVoorkomenWegdeel":"tegels"},"geometry":{"type":"Polygon","coordinates":[[[172548.442,559402.087],[172548.622,559403.998],[172546.384,559404.198],[172546.247,559402.441],[172544.344,559402.585],[172543.773,559396.463],[172547.706,559396.075],[172548.264,559402.108],[172548.442,559402.087]]]}},{"type":"Feature","properties":{"relatieveHoogteligging":0,"lokaalID":"G1900.f10474326f5b41a7a8c74a0de471f081","bgt_status":"bestaand","function":"voetpad","surfaceMaterial":"open verharding","plus_fysiekVoorkomenWegdeel":"tegels"},"geometry":{"type":"Polygon","coordinates":[[[172528.6,559147.199],[172527.227,559147.324],[172520.05,559148.06],[172510.46,559148.93],[172500.287,559149.794],[172500.12,559147.999],[172505.2,559147.42],[172521.71,559145.92],[172529.01,559145.25],[172532.981,559144.901],[172532.989,559144.985],[172533.157,559144.97],[172533.334,559146.765],[172528.6,559147.199]]]}},{"type":"Feature","properties":{"relatieveHoogteligging":0,"lokaalID":"G1900.8ae39a83ac4042bea4d4cbce56beb10c","bgt_status":"bestaand","function":"voetpad","surfaceMaterial":"open verharding","plus_fysiekVoorkomenWegdeel":"tegels"},"geometry":{"type":"Polygon","coordinates":[[[172578.117,559051.285],[172575.703,559051.367],[172574.924,559043.868],[172561.643,559045.532],[172562.315,559051.745],[172558.884,559051.794],[172558.481,559048.121],[172539.629,559050.842],[172539.727,559052.068],[172532.203,559052.176],[172533.477,559049.763],[172538.81,559048.865],[172556.74,559046.667],[172556.531,559044.392],[172574.695,559042.177],[172608.119,559037.809],[172609.31,559037.653],[172610.305,559037.516],[172610.49,559039.654],[172605.42,559040.262],[172605.997,559049.776],[172602.34,559050.085],[172601.141,559040.342],[172589.342,559041.851],[172590.811,559050.933],[172587.381,559051.016],[172586.413,559042.524],[172578.598,559043.395],[172579.635,559051.233],[172578.117,559051.285]]]}},{"type":"Feature","properties":{"relatieveHoogteligging":0,"lokaalID":"G1900.4acd87a1c6a843179197763cdb846559","bgt_status":"bestaand","function":"voetpad","surfaceMaterial":"open verharding","plus_fysiekVoorkomenWegdeel":"tegels"},"geometry":{"type":"Polygon","coordinates":[[[172453.082,559322.676],[172424.102,559325.102],[172423.943,559323.175],[172444.194,559321.253],[172453.26,559320.393],[172453.208,559322.665],[172453.082,559322.676]]]}},{"type":"Feature","properties":{"relatieveHoogteligging":0,"lokaalID":"G1900.2c79fefdac344485bad294002447431f","bgt_status":"bestaand","function":"parkeervlak","surfaceMaterial":"open verharding","plus_fysiekVoorkomenWegdeel":"betonstraatstenen"},"geometry":{"type":"Polygon","coordinates":[[[172599.502,559197.925],[172599.516,559198.086],[172599.87,559202.13],[172600.01,559202.34],[172600.41,559202.45],[172594.76,559203.03],[172594.43,559198.17],[172599.48,559197.67],[172599.502,559197.925]]]}},{"type":"Feature","properties":{"relatieveHoogteligging":0,"lokaalID":"G1900.01a607b4c9c14a5682bfa6d4acae25ec","bgt_status":"bestaand","function":"voetpad","surfaceMaterial":"open verharding","plus_fysiekVoorkomenWegdeel":"tegels"},"geometry":{"type":"Polygon","coordinates":[[[172512.724,559740.505],[172503.877,559741.16],[172501.824,559741.312],[172501.738,559740.331],[172502.57,559740.29],[172503.207,559740.247],[172503.724,559740.212],[172512.645,559739.609],[172512.724,559740.505]]]}},{"type":"Feature","properties":{"relatieveHoogteligging":0,"lokaalID":"G1900.01ce23787c65427c90ba3933c9e44151","bgt_status":"bestaand","function":"voetpad","surfaceMaterial":"open verharding","plus_fysiekVoorkomenWegdeel":"tegels"},"geometry":{"type":"Polygon","coordinates":[[[172260.233,559547.326],[172258.523,559547.391],[172257.018,559547.338],[172257.599,559542.689],[172252.688,559540.867],[172251.662,559540.35],[172252.532,559538.818],[172253.725,559539.325],[172254.872,559539.814],[172256.908,559540.342],[172259.503,559540.629],[172259.005,559544.644],[172259.126,559545.097],[172259.624,559545.535],[172263.713,559545.067],[172274.837,559543.713],[172281.624,559542.887],[172281.88,559543.25],[172282.077,559544.08],[172282.122,559544.548],[172280.621,559544.723],[172260.924,559547.02],[172260.351,559547.186],[172260.233,559547.326]]]}},{"type":"Feature","properties":{"relatieveHoogteligging":0,"lokaalID":"G1900.1a5ae24d39bc42678ca25c84452add1f","bgt_status":"bestaand","function":"rijbaan lokale weg","surfaceMaterial":"open verharding","plus_fysiekVoorkomenWegdeel":"betonstraatstenen"},"geometry":{"type":"Polygon","coordinates":[[[172463.257,559793.276],[172462.324,559792.371],[172463.977,559790.745],[172461.383,559788.364],[172461.475,559788.25],[172461.548,559788.123],[172461.597,559788.001],[172461.635,559787.843],[172461.647,559787.697],[172461.649,559786.211],[172472.87,559775.17],[172476,559772.42],[172478.28,559770.08],[172480.01,559768.34],[172481.63,559766.83],[172483.13,559765.63],[172484.99,559764.55],[172486.55,559763.76],[172488.18,559763.1],[172489.9,559762.53],[172491.88,559762.21],[172511.62,559760.41],[172515.95,559754.98],[172516.652,559763.065],[172517.36,559771.22],[172512.17,559766.43],[172493.75,559768.07],[172492.31,559768.31],[172490.94,559768.59],[172489.46,559769.16],[172488.08,559769.84],[172486.6,559770.66],[172485.26,559771.76],[172483.13,559773.83],[172466.137,559790.457],[172463.257,559793.276]]]}},{"type":"Feature","properties":{"relatieveHoogteligging":1,"lokaalID":"G1900.2a87a2ccf205401ca9ac2fd11dad3731","bgt_status":"bestaand","function":"fietspad","surfaceMaterial":"gesloten verharding","plus_fysiekVoorkomenWegdeel":"asfalt"},"geometry":{"type":"Polygon","coordinates":[[[172491.497,559552.132],[172491.432,559551.896],[172492.396,559551.65],[172492.458,559551.861],[172506.695,559601.92],[172505.471,559602.264],[172502.686,559593.074],[172491.497,559552.132]]]}},{"type":"Feature","properties":{"relatieveHoogteligging":1,"lokaalID":"G1900.50d394efc0594569acf8b25ad9e158cd","bgt_status":"bestaand","function":"rijbaan lokale weg","surfaceMaterial":"gesloten verharding","plus_fysiekVoorkomenWegdeel":"asfalt"},"geometry":{"type":"Polygon","coordinates":[[[172487.885,559553.152],[172487.831,559552.96],[172487.832,559552.96],[172491.426,559551.898],[172491.432,559551.896],[172491.497,559552.132],[172502.686,559593.074],[172505.471,559602.264],[172502.002,559603.24],[172487.885,559553.152]]]}},{"type":"Feature","properties":{"relatieveHoogteligging":0,"lokaalID":"G1900.50d8e4a6c01a4b918253901689093293","bgt_status":"bestaand","function":"voetpad","surfaceMaterial":"open verharding","plus_fysiekVoorkomenWegdeel":"tegels"},"geometry":{"type":"Polygon","coordinates":[[[172520.641,559705.966],[172520.816,559708.679],[172520.849,559709.043],[172519.071,559709.13],[172519.058,559708.991],[172518.691,559706.034],[172518.539,559704.057],[172518.425,559702.571],[172518.416,559702.286],[172518.41,559702.081],[172518.424,559701.779],[172518.436,559701.567],[172518.48,559701.239],[172518.505,559701.064],[172518.565,559700.796],[172518.621,559700.554],[172518.692,559700.33],[172518.774,559700.071],[172518.895,559699.779],[172518.97,559699.599],[172519.081,559699.385],[172519.21,559699.137],[172519.278,559699.029],[172519.486,559698.701],[172519.586,559698.57],[172519.788,559698.305],[172520.109,559697.949],[172520.354,559697.716],[172520.513,559697.568],[172520.638,559697.47],[172520.915,559697.254],[172521.206,559697.064],[172521.341,559696.976],[172521.557,559696.859],[172521.791,559696.733],[172522.262,559696.529],[172522.753,559696.365],[172523.248,559696.246],[172523.756,559696.168],[172524.086,559696.141],[172525.485,559696.027],[172527.744,559695.842],[172533.242,559695.448],[172535.048,559695.312],[172535.057,559695.515],[172535.218,559697.35],[172529.826,559697.598],[172523.949,559698.066],[172523.597,559698.123],[172523.25,559698.211],[172522.913,559698.328],[172522.587,559698.473],[172522.275,559698.646],[172521.979,559698.845],[172521.701,559699.069],[172521.443,559699.316],[172521.207,559699.585],[172520.996,559699.872],[172520.81,559700.177],[172520.651,559700.497],[172520.52,559700.829],[172520.418,559701.171],[172520.346,559701.521],[172520.304,559701.875],[172520.293,559702.232],[172520.313,559702.589],[172520.363,559702.942],[172520.594,559705.431],[172520.636,559705.89],[172520.641,559705.966]]]}},{"type":"Feature","properties":{"relatieveHoogteligging":0,"lokaalID":"G1900.547b8c46184c43e9be9aaf2d7d09d9c4","bgt_status":"bestaand","function":"voetpad","surfaceMaterial":"open verharding","plus_fysiekVoorkomenWegdeel":"tegels"},"geometry":{"type":"Polygon","coordinates":[[[172305.139,559432.137],[172302.709,559434.612],[172302.362,559434.287],[172301.905,559433.86],[172304.332,559431.38],[172305.139,559432.137]]]}},{"type":"Feature","properties":{"relatieveHoogteligging":1,"lokaalID":"G1900.5cfb0c4f337045f9b05ba399e7f30a5a","bgt_status":"bestaand","function":"fietspad","surfaceMaterial":"gesloten verharding"},"geometry":{"type":"Polygon","coordinates":[[[172506.695,559601.92],[172492.458,559551.861],[172493.433,559551.585],[172492.315,559547.588],[172492.744,559547.495],[172493.285,559547.377],[172494.74,559552.677],[172495.83,559556.604],[172504.79,559588.438],[172505.626,559591.41],[172506.13,559593.202],[172506.346,559593.969],[172508.163,559600.426],[172508.375,559601.104],[172508.596,559601.811],[172507.693,559602.085],[172507.577,559601.672],[172506.695,559601.92]]]}},{"type":"Feature","properties":{"relatieveHoogteligging":0,"lokaalID":"G1900.a5757b1bc07845f7b357029317991b3a","bgt_status":"bestaand","function":"voetpad","surfaceMaterial":"open verharding","plus_fysiekVoorkomenWegdeel":"tegels"},"geometry":{"type":"Polygon","coordinates":[[[172246.078,559376.718],[172246.87,559377.454],[172244.526,559380.003],[172243.706,559379.245],[172246.078,559376.718]]]}},{"type":"Feature","properties":{"relatieveHoogteligging":1,"lokaalID":"G1900.adbb716ecc3149659a85fcaa1d5b7cd3","bgt_status":"bestaand","function":"fietspad","surfaceMaterial":"gesloten verharding","plus_fysiekVoorkomenWegdeel":"asfalt"},"geometry":{"type":"Polygon","coordinates":[[[172486.393,559553.573],[172486.345,559553.399],[172487.831,559552.96],[172487.885,559553.152],[172502.002,559603.24],[172500.637,559603.624],[172487.886,559558.719],[172486.393,559553.573]]]}},{"type":"Feature","properties":{"relatieveHoogteligging":0,"lokaalID":"G1900.ae8a11eca4284a73b4475d1aecb2ef94","bgt_status":"bestaand","function":"rijbaan lokale weg","surfaceMaterial":"open verharding","plus_fysiekVoorkomenWegdeel":"betonstraatstenen","plus_functieWegdeel":"verkeersdrempel"},"geometry":{"type":"Polygon","coordinates":[[[172459.802,559789.923],[172462.324,559792.371],[172463.257,559793.276],[172462.413,559794.101],[172461.474,559793.208],[172458.927,559790.784],[172459.169,559790.546],[172459.802,559789.923]]]}},{"type":"Feature","properties":{"relatieveHoogteligging":0,"lokaalID":"G1900.b94aaf5538fe40c49a37068ef37e872e","bgt_status":"bestaand","function":"voetpad","surfaceMaterial":"open verharding","plus_fysiekVoorkomenWegdeel":"tegels"},"geometry":{"type":"Polygon","coordinates":[[[172292.132,559419.937],[172289.666,559422.404],[172288.886,559421.674],[172291.337,559419.191],[172292.132,559419.937]]]}},{"type":"Feature","properties":{"relatieveHoogteligging":1,"lokaalID":"G1900.ba26b82cc11e46adb80ee21a362d1590","bgt_status":"bestaand","function":"fietspad","surfaceMaterial":"gesloten verharding"},"geometry":{"type":"Polygon","coordinates":[[[172485.811,559559.878],[172484.594,559555.529],[172484.496,559555.557],[172483.052,559550.228],[172483.967,559549.948],[172485.078,559553.944],[172485.974,559553.691],[172486.393,559553.573],[172487.886,559558.719],[172500.637,559603.624],[172500.06,559603.786],[172499.133,559604.047],[172499.254,559604.421],[172498.391,559604.66],[172497.955,559603.274],[172495.665,559595.092],[172495.461,559594.362],[172495.138,559593.209],[172494.138,559589.635],[172485.811,559559.878]]]}},{"type":"Feature","properties":{"relatieveHoogteligging":0,"lokaalID":"G1900.cd72a4421ad94deea242547f37beaae2","bgt_status":"bestaand","function":"voetpad","surfaceMaterial":"open verharding","plus_fysiekVoorkomenWegdeel":"tegels"},"geometry":{"type":"Polygon","coordinates":[[[172511.096,559722.046],[172511.113,559722.241],[172511.196,559723.183],[172511.217,559723.423],[172502.29,559724.037],[172501.32,559724.13],[172500.331,559724.185],[172500.226,559722.982],[172502.183,559722.813],[172505.759,559722.505],[172511.096,559722.046]]]}},{"type":"Feature","properties":{"relatieveHoogteligging":0,"lokaalID":"G1900.d4e44fa59c704dadbfa7a7899e0b1e0b","bgt_status":"bestaand","function":"voetpad","surfaceMaterial":"open verharding","plus_fysiekVoorkomenWegdeel":"tegels"},"geometry":{"type":"Polygon","coordinates":[[[172318.96,559532.132],[172320.255,559534.536],[172319.144,559535.021],[172317.857,559532.711],[172318.96,559532.132]]]}},{"type":"Feature","properties":{"relatieveHoogteligging":0,"lokaalID":"G1900.dd7d35208db543aba20140e607ad4040","bgt_status":"bestaand","function":"voetpad","surfaceMaterial":"open verharding","plus_fysiekVoorkomenWegdeel":"tegels"},"geometry":{"type":"Polygon","coordinates":[[[172277.122,559405.837],[172277.994,559406.657],[172275.536,559409.178],[172275.293,559408.951],[172274.712,559408.407],[172277.122,559405.837]]]}},{"type":"Feature","properties":{"relatieveHoogteligging":0,"lokaalID":"G1900.e7220ca4b9124de7b114281149ecfa6a","bgt_status":"bestaand","function":"voetpad","surfaceMaterial":"open verharding","plus_fysiekVoorkomenWegdeel":"tegels"},"geometry":{"type":"Polygon","coordinates":[[[172262.286,559391.885],[172263.152,559392.699],[172259.304,559396.778],[172259.007,559396.498],[172258.568,559396.084],[172262.286,559391.885]]]}},{"type":"Feature","properties":{"relatieveHoogteligging":0,"lokaalID":"G1900.d04c22b84b39496ca50e611c1e832607","bgt_status":"bestaand","function":"rijbaan lokale weg","surfaceMaterial":"open verharding","plus_fysiekVoorkomenWegdeel":"betonstraatstenen"},"geometry":{"type":"Polygon","coordinates":[[[172257.724,559455.013],[172256.322,559453.662],[172254.233,559451.65],[172252.883,559450.35],[172249.571,559447.16],[172244.961,559442.721],[172244.82,559442.585],[172238.562,559439.712],[172232.967,559434.797],[172230.984,559433.055],[172228.431,559430.714],[172227.369,559429.741],[172224.284,559426.911],[172214.446,559417.89],[172213.613,559417.022],[172201.459,559405.927],[172193.128,559398.322],[172194.782,559396.421],[172198.531,559400.146],[172201.515,559402.787],[172201.944,559402.867],[172203.363,559403.131],[172206.488,559406.203],[172208.068,559407.757],[172211.02,559410.659],[172211.302,559410.851],[172212.727,559411.82],[172214.316,559412.9],[172215.196,559413.724],[172232.344,559429.793],[172232.648,559430.079],[172233.297,559430.671],[172233.607,559430.954],[172238.749,559433.786],[172243.468,559437.796],[172247.344,559441.09],[172248.642,559442.318],[172249.804,559443.348],[172253.039,559446.371],[172253.761,559447.046],[172255.285,559448.47],[172257.469,559450.512],[172258.392,559451.374],[172261.797,559454.556],[172262.527,559455.238],[172264.072,559456.683],[172266.202,559458.673],[172266.344,559458.806],[172266.397,559461.58],[172267.485,559462.48],[172268.33,559463.272],[172281.397,559475.077],[172282.831,559476.373],[172285.948,559479.188],[172296.783,559488.976],[172299.001,559490.548],[172296.844,559493.01],[172294.083,559491.802],[172290.478,559487.466],[172281.806,559479.106],[172280.948,559478.279],[172279.065,559476.464],[172275.829,559473.654],[172275.187,559473.097],[172271.074,559469.526],[172269.872,559468.482],[172264.048,559463.427],[172263.131,559462.523],[172262.629,559461.281],[172262.55,559460.092],[172262.286,559459.405],[172257.724,559455.013]]]}},{"type":"Feature","properties":{"relatieveHoogteligging":-1,"lokaalID":"G1900.4cd849266c414a9197bbe0284b67a9a4","bgt_status":"bestaand","function":"voetpad","surfaceMaterial":"open verharding","plus_fysiekVoorkomenWegdeel":"tegels"},"geometry":{"type":"Polygon","coordinates":[[[172516.452,559544.919],[172518.334,559544.745],[172521.251,559583.772],[172520.347,559583.845],[172516.452,559544.919]]]}},{"type":"Feature","properties":{"relatieveHoogteligging":-1,"lokaalID":"G1900.a3d35d35738a4ab5aa1abd82f05adebb","bgt_status":"bestaand","function":"fietspad","surfaceMaterial":"gesloten verharding","plus_fysiekVoorkomenWegdeel":"asfalt"},"geometry":{"type":"Polygon","coordinates":[[[172512.676,559545.268],[172516.452,559544.919],[172520.347,559583.845],[172515.92,559584.205],[172512.676,559545.268]]]}},{"type":"Feature","properties":{"relatieveHoogteligging":0,"lokaalID":"G1900.2773b7c70d904ace969fe4faf16e4f13","bgt_status":"bestaand","function":"voetpad","surfaceMaterial":"open verharding","plus_fysiekVoorkomenWegdeel":"tegels"},"geometry":{"type":"Polygon","coordinates":[[[172156.794,559173.978],[172158.196,559172.955],[172158.439,559177.846],[172157.081,559177.976],[172156.794,559173.978]]]}},{"type":"Feature","properties":{"relatieveHoogteligging":0,"lokaalID":"G1900.5078cfc67eae4d3bb9616cadb4322384","bgt_status":"bestaand","function":"voetpad","surfaceMaterial":"open verharding","plus_fysiekVoorkomenWegdeel":"tegels"},"geometry":{"type":"Polygon","coordinates":[[[172017.978,559286.326],[172019.155,559284.995],[172019.201,559285.711],[172020.673,559287.017],[172024.798,559290.677],[172040.244,559304.968],[172039.557,559305.787],[172036.679,559303.277],[172020.047,559288.201],[172017.978,559286.326]]]}},{"type":"Feature","properties":{"relatieveHoogteligging":0,"lokaalID":"G1900.cd622c49c52343a390dd7d85cb69cab5","bgt_status":"bestaand","function":"voetpad","surfaceMaterial":"open verharding","plus_fysiekVoorkomenWegdeel":"tegels"},"geometry":{"type":"Polygon","coordinates":[[[172139.981,559209.298],[172139.6,559208.206],[172139.709,559208.174],[172140.094,559208.062],[172140.696,559207.886],[172141.057,559208.987],[172140.084,559209.268],[172139.981,559209.298]]]}},{"type":"Feature","properties":{"relatieveHoogteligging":1,"lokaalID":"G1900.24b782bc614f40dbb6c4381a3414608a","bgt_status":"bestaand","function":"voetpad","surfaceMaterial":"open verharding"},"geometry":{"type":"Polygon","coordinates":[[[172460.776,559213.63],[172461.604,559212.566],[172463.142,559213.728],[172462.181,559214.905],[172455.088,559223.594],[172453.768,559222.643],[172460.776,559213.63]]]}},{"type":"Feature","properties":{"relatieveHoogteligging":1,"lokaalID":"G1900.af151818b94a4c73869c6bf4222ad34d","bgt_status":"bestaand","function":"voetpad","surfaceMaterial":"open verharding"},"geometry":{"type":"Polygon","coordinates":[[[172385.734,558993.043],[172386.646,558994.468],[172380.012,558998.773],[172374.861,559001.814],[172373.835,559000.474],[172375.335,558999.603],[172384.991,558993.529],[172385.557,558993.145],[172385.734,558993.043]]]}},{"type":"Feature","properties":{"relatieveHoogteligging":0,"lokaalID":"G1900.06d0d2aa82d74fbe81c5908a8aad0814","bgt_status":"bestaand","function":"voetpad","surfaceMaterial":"open verharding","wegdeelOpTalud":"false","plus_fysiekVoorkomenWegdeel":"tegels"},"geometry":{"type":"Polygon","coordinates":[[[172218.151,559190.307],[172228.811,559201.109],[172228.867,559201.196],[172230.851,559203.024],[172234.046,559206.242],[172252.462,559194.388],[172253.122,559195.365],[172239.868,559204.056],[172255.489,559221.508],[172254.417,559222.156],[172238.756,559204.759],[172233.924,559207.85],[172227.852,559202.133],[172216.672,559191.243],[172217.137,559190.949],[172218.151,559190.307]]]}},{"type":"Feature","properties":{"relatieveHoogteligging":0,"lokaalID":"G1900.17db429d11e74a51803256f1b0740016","bgt_status":"bestaand","function":"voetpad","surfaceMaterial":"open verharding","wegdeelOpTalud":"false","plus_fysiekVoorkomenWegdeel":"tegels"},"geometry":{"type":"Polygon","coordinates":[[[172333.458,559337.027],[172332.106,559337.162],[172331.702,559333.236],[172331.692,559333.128],[172328.96,559304.413],[172328.956,559304.321],[172327.954,559293.865],[172329.166,559293.791],[172333.458,559337.027]]]}},{"type":"Feature","properties":{"relatieveHoogteligging":0,"lokaalID":"G1900.23dc61bdd7124a5ea993c2fc16f4920a","bgt_status":"bestaand","function":"voetpad","surfaceMaterial":"open verharding","wegdeelOpTalud":"false","plus_fysiekVoorkomenWegdeel":"tegels"},"geometry":{"type":"Polygon","coordinates":[[[172361.88,559364.346],[172361.89,559364.371],[172361.921,559364.427],[172362.011,559364.545],[172363.686,559366.093],[172359.78,559366.43],[172355.14,559366.84],[172355.111,559366.53],[172354.94,559364.72],[172354.734,559364.74],[172354.447,559361.417],[172354.62,559361.4],[172354.39,559359.06],[172354.245,559359.074],[172353.958,559355.751],[172354.07,559355.74],[172353.84,559353.4],[172353.53,559350.09],[172353.3,559347.75],[172353.267,559347.753],[172352.614,559340.742],[172331.594,559342.852],[172331.437,559341.218],[172335.376,559340.851],[172354.302,559338.892],[172354.462,559340.307],[172354.939,559344.528],[172356.158,559356.722],[172356.89,559364.845],[172361.88,559364.346]]]}},{"type":"Feature","properties":{"relatieveHoogteligging":0,"lokaalID":"G1900.2efa12ab85fe4fcdadea4df754b994c6","bgt_status":"bestaand","function":"rijbaan lokale weg","surfaceMaterial":"open verharding","wegdeelOpTalud":"false","plus_fysiekVoorkomenWegdeel":"betonstraatstenen"},"geometry":{"type":"Polygon","coordinates":[[[172246.883,559164.838],[172246.46,559164.772],[172246.064,559164.736],[172245.513,559164.72],[172244.962,559164.744],[172244.414,559164.808],[172243.873,559164.911],[172243.34,559165.054],[172242.819,559165.234],[172242.312,559165.452],[172241.822,559165.706],[172241.353,559165.995],[172240.905,559166.317],[172240.711,559166.482],[172239.564,559167.458],[172221.271,559181.764],[172221.101,559181.897],[172220.41,559182.5],[172216.388,559186.011],[172209.211,559192.505],[172209.134,559192.575],[172203.636,559198.446],[172203.384,559198.737],[172200.678,559201.867],[172198.091,559207.46],[172196.243,559211.852],[172195.247,559216.841],[172195.165,559217.252],[172193.608,559225.974],[172193.639,559229.023],[172193.537,559234.83],[172193.602,559236.718],[172194.395,559259.694],[172194.976,559278.132],[172195.125,559281.878],[172195.251,559285.043],[172195.139,559285.043],[172189.226,559285.117],[172189.123,559282.405],[172187.522,559240.442],[172187.461,559238.847],[172187.442,559238.356],[172187.506,559228.847],[172187.97,559225.733],[172189.834,559213.23],[172190.336,559210.667],[172195.185,559200.33],[172198.745,559195.409],[172204.665,559188.799],[172204.747,559188.707],[172214.13,559179.771],[172235.173,559163.34],[172239.476,559159.88],[172240.744,559158.163],[172241.315,559156.167],[172244.133,559156.547],[172244.057,559157.543],[172244.269,559158.705],[172244.751,559159.596],[172245.506,559160.547],[172246.381,559161.287],[172247.407,559161.709],[172246.883,559164.838]]]}},{"type":"Feature","properties":{"relatieveHoogteligging":0,"lokaalID":"G1900.628595dd2cab41bfafae3b67bb969f23","bgt_status":"bestaand","function":"voetpad","surfaceMaterial":"open verharding","wegdeelOpTalud":"false","plus_fysiekVoorkomenWegdeel":"tegels"},"geometry":{"type":"Polygon","coordinates":[[[172318.105,559293.967],[172318.193,559294.155],[172312.94,559294.672],[172312.947,559294.752],[172311.523,559294.895],[172311.379,559292.77],[172286.731,559295.041],[172284.988,559296.415],[172284.782,559296.638],[172281.136,559300.583],[172271.575,559310.928],[172271.368,559310.943],[172271.474,559309.147],[172271.865,559307.972],[172272.794,559306.991],[172284.129,559294.819],[172285.743,559293.762],[172289.183,559293.339],[172313.007,559291.222],[172313.133,559291.211],[172313.59,559291.194],[172314.047,559291.217],[172314.5,559291.279],[172314.945,559291.382],[172315.103,559291.428],[172315.534,559291.582],[172315.949,559291.773],[172316.346,559292],[172316.722,559292.261],[172316.761,559292.312],[172316.805,559292.381],[172316.836,559292.456],[172316.848,559292.51],[172316.853,559292.591],[172316.842,559292.672],[172316.815,559292.749],[172316.774,559292.819],[172316.743,559292.856],[172317.391,559293.7],[172317.459,559293.654],[172317.534,559293.622],[172317.614,559293.605],[172317.696,559293.605],[172317.766,559293.617],[172317.843,559293.646],[172317.913,559293.689],[172317.973,559293.745],[172318.02,559293.812],[172318.071,559293.894],[172318.105,559293.967]]]}},{"type":"Feature","properties":{"relatieveHoogteligging":0,"lokaalID":"G1900.6c0f58305fcc4494b4baee435f6b8790","bgt_status":"bestaand","function":"rijbaan lokale weg","surfaceMaterial":"open verharding","wegdeelOpTalud":"false","plus_functieWegdeel":"verkeersdrempel"},"geometry":{"type":"Polygon","coordinates":[[[172249.262,559152.894],[172250.545,559153.256],[172251.525,559153.739],[172252.31,559154.57],[172252.793,559155.385],[172253.049,559156.245],[172253.11,559157.151],[172253.079,559158.147],[172252.898,559159.083],[172252.521,559159.943],[172251.782,559160.728],[172250.666,559161.468],[172249.655,559161.845],[172248.418,559161.875],[172247.407,559161.709],[172246.381,559161.287],[172245.506,559160.547],[172244.751,559159.596],[172244.269,559158.705],[172244.057,559157.543],[172244.133,559156.547],[172244.51,559155.52],[172244.872,559154.841],[172245.294,559154.283],[172246.004,559153.573],[172246.728,559153.181],[172247.724,559152.924],[172249.262,559152.894]]]}},{"type":"Feature","properties":{"relatieveHoogteligging":0,"lokaalID":"G1900.753a1a3acefb4d3e940b1e6f03f86f53","bgt_status":"bestaand","function":"rijbaan lokale weg","surfaceMaterial":"open verharding","wegdeelOpTalud":"false","plus_fysiekVoorkomenWegdeel":"betonstraatstenen","plus_functieWegdeel":"verkeersdrempel"},"geometry":{"type":"Polygon","coordinates":[[[172358.52,559087.213],[172359.027,559087.042],[172359.828,559086.55],[172362.863,559091.743],[172361.583,559092.496],[172358.52,559087.213]]]}},{"type":"Feature","properties":{"relatieveHoogteligging":0,"lokaalID":"G1900.75d0f388de9c4652b2aa30223ed1c50c","bgt_status":"bestaand","function":"rijbaan lokale weg","surfaceMaterial":"open verharding","wegdeelOpTalud":"false","plus_fysiekVoorkomenWegdeel":"betonstraatstenen"},"geometry":{"type":"Polygon","coordinates":[[[172358.52,559087.213],[172361.583,559092.496],[172360.617,559093.296],[172359.884,559094.15],[172359.584,559094.648],[172359.354,559095.106],[172359.16,559095.579],[172359.004,559096.067],[172358.887,559096.565],[172358.808,559097.071],[172358.791,559097.242],[172358.766,559097.754],[172358.781,559098.265],[172358.818,559098.61],[172358.836,559098.774],[172358.93,559099.277],[172359.063,559099.771],[172359.235,559100.254],[172359.444,559100.721],[172359.688,559101.171],[172359.967,559101.6],[172360.697,559102.818],[172355.485,559105.981],[172354.725,559104.772],[172354.41,559104.315],[172354.063,559103.881],[172353.971,559103.782],[172353.686,559103.474],[172353.281,559103.095],[172352.849,559102.746],[172352.393,559102.43],[172351.916,559102.146],[172351.42,559101.898],[172350.907,559101.687],[172350.459,559101.536],[172349.923,559101.395],[172349.377,559101.292],[172348.826,559101.229],[172348.271,559101.206],[172347.716,559101.223],[172347.164,559101.279],[172346.618,559101.376],[172346.08,559101.511],[172345.553,559101.685],[172345.039,559101.896],[172344.543,559102.144],[172344.439,559102.202],[172344.347,559102.26],[172343.95,559102.513],[172340.845,559097.251],[172341.38,559096.906],[172342.233,559096.32],[172342.931,559095.759],[172343.621,559094.931],[172344.242,559094.008],[172344.678,559093.251],[172344.934,559092.647],[172345.1,559092.013],[172345.117,559091.128],[172345.056,559089.015],[172345.047,559088.028],[172349.664,559085.145],[172350.259,559085.806],[172350.787,559086.38],[172351.778,559087.025],[172352.621,559087.425],[172353.435,559087.666],[172354.597,559087.772],[172355.744,559087.742],[172356.921,559087.576],[172358.067,559087.319],[172358.52,559087.213]]]}},{"type":"Feature","properties":{"relatieveHoogteligging":0,"lokaalID":"G1900.7ec68d56478042af81caef6362bc9b99","bgt_status":"bestaand","function":"rijbaan lokale weg","surfaceMaterial":"open verharding","wegdeelOpTalud":"false","plus_fysiekVoorkomenWegdeel":"betonstraatstenen","plus_functieWegdeel":"verkeersdrempel"},"geometry":{"type":"Polygon","coordinates":[[[172355.485,559105.981],[172360.697,559102.818],[172361.472,559104.109],[172360.944,559104.434],[172356.824,559106.97],[172356.296,559107.295],[172355.798,559106.478],[172355.485,559105.981]]]}},{"type":"Feature","properties":{"relatieveHoogteligging":0,"lokaalID":"G1900.8ed914ea91294f1e8cf2d4981c6a3c0c","bgt_status":"bestaand","function":"voetpad","surfaceMaterial":"open verharding","wegdeelOpTalud":"false","plus_fysiekVoorkomenWegdeel":"tegels"},"geometry":{"type":"Polygon","coordinates":[[[172405.521,559191.382],[172405.352,559189.555],[172437.77,559186.71],[172437.862,559188.39],[172437.87,559188.54],[172420.68,559190.1],[172405.521,559191.382]]]}},{"type":"Feature","properties":{"relatieveHoogteligging":0,"lokaalID":"G1900.9df2a2c18252488885a2fedf632c2749","bgt_status":"bestaand","function":"rijbaan lokale weg","surfaceMaterial":"open verharding","wegdeelOpTalud":"false","plus_fysiekVoorkomenWegdeel":"betonstraatstenen"},"geometry":{"type":"Polygon","coordinates":[[[172367.439,559082.21],[172370.909,559080.399],[172373.066,559079.07],[172375.873,559077.591],[172391.655,559068.796],[172392.832,559068.132],[172402.674,559062.629],[172407.189,559060.304],[172410.246,559058.848],[172417.877,559056.418],[172425.058,559054.807],[172432.953,559054.067],[172448.557,559053.75],[172461.394,559053.504],[172467.489,559053.398],[172478.559,559053.217],[172484.712,559053.118],[172496.053,559052.992],[172502.108,559052.882],[172512.971,559052.563],[172513.33,559052.616],[172520.826,559052.5],[172522.966,559052.455],[172522.7,559052.954],[172522.655,559053.815],[172522.775,559054.705],[172523.062,559055.611],[172523.424,559056.26],[172524.525,559057.226],[172525.653,559057.655],[172526.532,559057.741],[172526.549,559058.516],[172524.391,559058.553],[172520.288,559058.622],[172499.04,559059.053],[172498.911,559059.056],[172497.099,559059.093],[172494.284,559059.15],[172442.146,559060.053],[172436.974,559060.169],[172429.129,559060.344],[172422.265,559061.586],[172414.582,559064.016],[172408.667,559066.446],[172388.733,559077.408],[172362.863,559091.743],[172359.828,559086.55],[172367.439,559082.21]]]}},{"type":"Feature","properties":{"relatieveHoogteligging":0,"lokaalID":"G1900.a094c15c3f2a4f529a9be5907909e75a","bgt_status":"bestaand","function":"parkeervlak","surfaceMaterial":"open verharding","wegdeelOpTalud":"false","plus_fysiekVoorkomenWegdeel":"betonstraatstenen"},"geometry":{"type":"Polygon","coordinates":[[[172221.271,559181.764],[172239.564,559167.458],[172240.711,559166.482],[172239.982,559169.38],[172235.276,559173.037],[172234.016,559174.016],[172230.635,559176.644],[172230.182,559176.998],[172229.081,559177.858],[172228.824,559178.059],[172224.246,559181.636],[172221.271,559181.764]]]}},{"type":"Feature","properties":{"relatieveHoogteligging":0,"lokaalID":"G1900.e9659051561a4caaa35fe5f6f109f464","bgt_status":"bestaand","function":"rijbaan lokale weg","surfaceMaterial":"open verharding","wegdeelOpTalud":"false","plus_fysiekVoorkomenWegdeel":"betonstraatstenen"},"geometry":{"type":"Polygon","coordinates":[[[172559.016,559282.245],[172554.571,559236.115],[172551.68,559229.874],[172551.08,559227.896],[172556.703,559227.432],[172564.15,559292.17],[172562.388,559294.92],[172554.774,559295.559],[172554.293,559286.824],[172559.362,559286.428],[172559.016,559282.245]]]}},{"type":"Feature","properties":{"relatieveHoogteligging":0,"lokaalID":"G1900.f9fadd2e45f948ef982a22d038186213","bgt_status":"bestaand","function":"parkeervlak","surfaceMaterial":"open verharding","wegdeelOpTalud":"false","plus_fysiekVoorkomenWegdeel":"betonstraatstenen"},"geometry":{"type":"Polygon","coordinates":[[[172327.942,559289.95],[172344.322,559288.397],[172351.447,559287.759],[172349.648,559290.013],[172329.533,559291.96],[172327.942,559289.95]]]}},{"type":"Feature","properties":{"relatieveHoogteligging":0,"lokaalID":"G1900.1d042b0e9505435e9345188039674b9d","bgt_status":"bestaand","function":"voetpad","surfaceMaterial":"open verharding","wegdeelOpTalud":"false","plus_fysiekVoorkomenWegdeel":"tegels"},"geometry":{"type":"Polygon","coordinates":[[[172251.476,559167.539],[172251.554,559167.657],[172252.301,559168.78],[172262.979,559185.64],[172277.04,559207.706],[172275.32,559208.821],[172274.034,559206.692],[172272.144,559203.566],[172263.017,559189.302],[172255.621,559177.743],[172251.872,559171.826],[172249.865,559170.162],[172251.702,559168.993],[172250.999,559167.859],[172251.476,559167.539]]]}},{"type":"Feature","properties":{"relatieveHoogteligging":0,"lokaalID":"G1900.0d2fa8810ce54aa9b8e27dbdb7ba95e9","bgt_status":"bestaand","function":"voetpad","surfaceMaterial":"open verharding","wegdeelOpTalud":"false","plus_fysiekVoorkomenWegdeel":"tegels"},"geometry":{"type":"Polygon","coordinates":[[[172316.642,559322.676],[172321.026,559322.197],[172321.194,559323.91],[172315.93,559324.52],[172314.19,559324.7],[172313.99,559322.57],[172313.809,559322.587],[172313.721,559321.529],[172313.534,559319.284],[172313.69,559319.27],[172313.47,559316.9],[172313.336,559316.913],[172313.15,559313.58],[172312.92,559311.22],[172312.587,559307.913],[172312.62,559307.91],[172312.39,559305.55],[172312.08,559302.23],[172311.86,559299.88],[172311.623,559296.38],[172311.523,559294.895],[172312.947,559294.752],[172313.72,559303.403],[172315.682,559322.318],[172315.687,559322.349],[172315.715,559322.435],[172315.758,559322.513],[172315.816,559322.582],[172315.87,559322.627],[172315.948,559322.671],[172316.033,559322.7],[172316.122,559322.711],[172316.212,559322.705],[172316.642,559322.676]]]}},{"type":"Feature","properties":{"relatieveHoogteligging":0,"lokaalID":"G1900.0051ee1079364590ac01d485f37b76d2","bgt_status":"bestaand","function":"parkeervlak","surfaceMaterial":"open verharding","wegdeelOpTalud":"false","plus_fysiekVoorkomenWegdeel":"betonstraatstenen"},"geometry":{"type":"Polygon","coordinates":[[[172270.983,559178.991],[172267.975,559180.955],[172266.96,559179.371],[172269.967,559177.407],[172270.983,559178.991]]]}},{"type":"Feature","properties":{"relatieveHoogteligging":0,"lokaalID":"G1900.0ffcfbf2af514ef7bd81117f54eec128","bgt_status":"bestaand","function":"parkeervlak","surfaceMaterial":"open verharding","wegdeelOpTalud":"false","plus_fysiekVoorkomenWegdeel":"gebakken klinkers"},"geometry":{"type":"Polygon","coordinates":[[[172261.408,559225.298],[172261.405,559225.293],[172259.075,559221.537],[172272.873,559212.656],[172275.288,559216.53],[172275.294,559216.535],[172261.408,559225.298]],[[172274.837,559216.713],[172272.739,559213.392],[172271.216,559214.359],[172273.314,559217.68],[172274.837,559216.713]],[[172272.881,559217.939],[172270.785,559214.629],[172269.273,559215.62],[172271.369,559218.931],[172272.881,559217.939]],[[172268.851,559215.834],[172267.339,559216.817],[172269.423,559220.163],[172270.935,559219.181],[172268.851,559215.834]],[[172266.927,559217.057],[172265.404,559218.036],[172267.461,559221.395],[172268.984,559220.415],[172266.927,559217.057]],[[172264.961,559218.323],[172263.43,559219.28],[172265.518,559222.622],[172267.049,559221.666],[172264.961,559218.323]],[[172263.028,559219.615],[172261.49,559220.602],[172263.6,559223.857],[172265.139,559222.87],[172263.028,559219.615]],[[172261.093,559220.827],[172259.567,559221.805],[172261.653,559225.111],[172263.179,559224.133],[172261.093,559220.827]]]}},{"type":"Feature","properties":{"relatieveHoogteligging":0,"lokaalID":"G1900.1123268f48ff40928379d92c47623b2b","bgt_status":"bestaand","function":"rijbaan lokale weg","surfaceMaterial":"open verharding","wegdeelOpTalud":"false","plus_fysiekVoorkomenWegdeel":"gebakken klinkers"},"geometry":{"type":"Polygon","coordinates":[[[172260.286,559234.445],[172260.278,559234.433],[172260.019,559234.039],[172286.016,559217.559],[172285.98,559217.619],[172285.951,559217.698],[172285.95,559217.704],[172285.939,559217.787],[172285.944,559217.872],[172285.965,559217.954],[172286.002,559218.03],[172286.011,559218.042],[172260.286,559234.445]]]}},{"type":"Feature","properties":{"relatieveHoogteligging":0,"lokaalID":"G1900.1d02ce4bc3f84e78bcbe4175e9e80a9d","bgt_status":"bestaand","function":"parkeervlak","surfaceMaterial":"open verharding","wegdeelOpTalud":"false","plus_fysiekVoorkomenWegdeel":"betonstraatstenen"},"geometry":{"type":"Polygon","coordinates":[[[172274.014,559230.422],[172272.478,559231.378],[172270.422,559228.041],[172271.959,559227.084],[172274.014,559230.422]]]}},{"type":"Feature","properties":{"relatieveHoogteligging":0,"lokaalID":"G1900.254285471649447abc0b55268bd1753b","bgt_status":"bestaand","function":"inrit","surfaceMaterial":"open verharding","wegdeelOpTalud":"false","plus_fysiekVoorkomenWegdeel":"beton element"},"geometry":{"type":"Polygon","coordinates":[[[172290.784,559203.059],[172293.332,559201.403],[172293.603,559201.827],[172293.585,559201.839],[172291.034,559203.446],[172290.784,559203.059]]]}},{"type":"Feature","properties":{"relatieveHoogteligging":0,"lokaalID":"G1900.256aa235f8754c888ca588a86f5cb082","bgt_status":"bestaand","function":"parkeervlak","surfaceMaterial":"open verharding","wegdeelOpTalud":"false","plus_fysiekVoorkomenWegdeel":"gebakken klinkers"},"geometry":{"type":"Polygon","coordinates":[[[172390.723,559181.546],[172386.74,559181.901],[172386.707,559181.905],[172386.615,559181.902],[172386.525,559181.881],[172386.44,559181.843],[172386.435,559181.839],[172386.365,559181.79],[172386.335,559181.761],[172386.277,559181.688],[172386.235,559181.606],[172386.21,559181.517],[172385.156,559169.243],[172385.16,559169.158],[172385.18,559169.075],[172385.216,559168.998],[172385.266,559168.929],[172385.302,559168.893],[172385.371,559168.843],[172385.449,559168.807],[172385.532,559168.787],[172389.558,559168.4],[172389.598,559168.4],[172389.609,559168.399],[172390.306,559176.626],[172390.723,559181.546]],[[172390.306,559177.112],[172386.44,559177.477],[172386.603,559179.268],[172390.47,559178.903],[172390.306,559177.112]],[[172386.634,559179.656],[172386.791,559181.447],[172390.68,559181.089],[172390.523,559179.298],[172386.634,559179.656]],[[172390.283,559176.875],[172390.142,559175.082],[172386.255,559175.483],[172386.396,559177.277],[172390.283,559176.875]],[[172389.61,559168.805],[172385.714,559169.164],[172385.864,559170.978],[172389.76,559170.619],[172389.61,559168.805]],[[172385.86,559171.266],[172386.017,559173.04],[172389.928,559172.666],[172389.772,559170.891],[172385.86,559171.266]],[[172386.088,559173.375],[172386.229,559175.168],[172390.117,559174.767],[172389.976,559172.973],[172386.088,559173.375]]]}},{"type":"Feature","properties":{"relatieveHoogteligging":0,"lokaalID":"G1900.28caf4bb96164306aa101dd70996d12c","bgt_status":"bestaand","function":"inrit","surfaceMaterial":"open verharding","wegdeelOpTalud":"false","plus_fysiekVoorkomenWegdeel":"beton element"},"geometry":{"type":"Polygon","coordinates":[[[172384.744,559142.451],[172382.68,559138.976],[172382.668,559138.957],[172383.058,559138.756],[172385.153,559142.205],[172384.744,559142.451]]]}},{"type":"Feature","properties":{"relatieveHoogteligging":0,"lokaalID":"G1900.3a4735ee787e433bba2450c426682ab4","bgt_status":"bestaand","function":"voetpad","surfaceMaterial":"open verharding","wegdeelOpTalud":"false","plus_fysiekVoorkomenWegdeel":"tegels"},"geometry":{"type":"Polygon","coordinates":[[[172283.882,559205.677],[172283.66,559205.58],[172283.288,559205.374],[172282.937,559205.134],[172282.61,559204.861],[172282.31,559204.56],[172282.261,559204.501],[172286.825,559201.62],[172287.357,559201.285],[172287.945,559200.913],[172309.497,559187.294],[172328.692,559185.55],[172343.28,559184.124],[172349.746,559188.532],[172384.406,559185.573],[172384.696,559185.372],[172384.391,559182.011],[172386.435,559181.839],[172386.44,559181.843],[172386.525,559181.881],[172386.615,559181.902],[172386.707,559181.905],[172386.74,559181.901],[172390.723,559181.546],[172390.739,559181.545],[172390.826,559181.544],[172390.911,559181.56],[172390.988,559181.591],[172391.061,559181.638],[172391.123,559181.698],[172391.172,559181.77],[172391.206,559181.849],[172391.234,559181.955],[172391.226,559182.159],[172391.178,559182.622],[172391.09,559183.08],[172390.963,559183.528],[172390.799,559183.964],[172390.597,559184.384],[172390.361,559184.786],[172390.09,559185.165],[172389.789,559185.52],[172389.617,559185.697],[172389.271,559186.01],[172388.9,559186.291],[172388.506,559186.54],[172388.092,559186.754],[172387.662,559186.932],[172387.217,559187.072],[172386.763,559187.174],[172386.301,559187.236],[172382.935,559187.606],[172382.908,559187.184],[172379.862,559187.436],[172379.89,559187.86],[172367.762,559188.899],[172367.737,559188.901],[172367.726,559188.49],[172361.697,559188.996],[172361.72,559189.443],[172349.532,559190.524],[172349.528,559190.524],[172349.497,559190.098],[172343.481,559190.643],[172343.487,559191.045],[172343.46,559191.047],[172343.385,559191.029],[172343.29,559190.986],[172343.206,559190.924],[172343.187,559190.907],[172343.12,559190.828],[172343.07,559190.736],[172343.038,559190.638],[172342.948,559189.69],[172342.938,559189.577],[172342.63,559186.083],[172331.839,559187.195],[172332.197,559190.558],[172332.285,559191.598],[172332.249,559191.716],[172332.191,559191.826],[172332.175,559191.849],[172332.093,559191.941],[172331.995,559192.015],[172331.919,559192.053],[172331.893,559192.055],[172331.466,559192.095],[172331.425,559191.631],[172325.39,559192.167],[172325.43,559192.647],[172325.348,559192.63],[172325.236,559192.586],[172325.148,559192.536],[172325.143,559192.532],[172325.067,559192.464],[172325.006,559192.382],[172324.963,559192.291],[172324.945,559192.233],[172324.843,559191.245],[172324.835,559191.156],[172324.578,559187.842],[172313.772,559188.867],[172314.024,559192.131],[172314.115,559193.144],[172314.1,559193.245],[172314.066,559193.341],[172314.025,559193.413],[172313.959,559193.491],[172313.88,559193.554],[172313.805,559193.604],[172313.741,559193.639],[172313.72,559193.641],[172313.681,559193.2],[172308.645,559193.609],[172308.39,559190.058],[172292.548,559200.174],[172293.332,559201.403],[172290.784,559203.059],[172289.99,559201.832],[172283.882,559205.677]]]}},{"type":"Feature","properties":{"relatieveHoogteligging":0,"lokaalID":"G1900.3a716a23fd1b48f2adb55c0c1291933b","bgt_status":"bestaand","function":"inrit","surfaceMaterial":"open verharding","wegdeelOpTalud":"false","plus_fysiekVoorkomenWegdeel":"beton element"},"geometry":{"type":"Polygon","coordinates":[[[172373.898,559136.322],[172375.211,559138.52],[172377.043,559141.539],[172376.639,559141.769],[172373.519,559136.535],[172373.897,559136.32],[172373.898,559136.322]]]}},{"type":"Feature","properties":{"relatieveHoogteligging":0,"lokaalID":"G1900.3b669bc9516240fd8c6b0572301d4997","bgt_status":"bestaand","function":"parkeervlak","surfaceMaterial":"open verharding","wegdeelOpTalud":"false","plus_fysiekVoorkomenWegdeel":"betonstraatstenen"},"geometry":{"type":"Polygon","coordinates":[[[172386.634,559179.656],[172390.523,559179.298],[172390.68,559181.089],[172386.791,559181.447],[172386.634,559179.656]]]}},{"type":"Feature","properties":{"relatieveHoogteligging":0,"lokaalID":"G1900.3d16826abccc4c79b0349f9137d46d49","bgt_status":"bestaand","function":"parkeervlak","surfaceMaterial":"open verharding","wegdeelOpTalud":"false","plus_fysiekVoorkomenWegdeel":"betonstraatstenen"},"geometry":{"type":"Polygon","coordinates":[[[172261.093,559220.827],[172263.179,559224.133],[172261.653,559225.111],[172259.567,559221.805],[172261.093,559220.827]]]}},{"type":"Feature","properties":{"relatieveHoogteligging":0,"lokaalID":"G1900.4a2a766815944083940146caeac136e8","bgt_status":"bestaand","function":"parkeervlak","surfaceMaterial":"open verharding","wegdeelOpTalud":"false","plus_fysiekVoorkomenWegdeel":"betonstraatstenen"},"geometry":{"type":"Polygon","coordinates":[[[172266.213,559235.338],[172264.669,559236.272],[172262.623,559232.979],[172264.166,559232.045],[172266.213,559235.338]]]}},{"type":"Feature","properties":{"relatieveHoogteligging":0,"lokaalID":"G1900.4f9d2fff25c440f79f052bca1706a987","bgt_status":"bestaand","function":"parkeervlak","surfaceMaterial":"open verharding","wegdeelOpTalud":"false","plus_fysiekVoorkomenWegdeel":"betonstraatstenen"},"geometry":{"type":"Polygon","coordinates":[[[172400.783,559172.527],[172396.909,559172.859],[172396.763,559171.061],[172400.637,559170.729],[172400.783,559172.527]]]}},{"type":"Feature","properties":{"relatieveHoogteligging":0,"lokaalID":"G1900.4fb0aeb481d2430fbf69b4a8d92d98a8","bgt_status":"bestaand","function":"parkeervlak","surfaceMaterial":"open verharding","wegdeelOpTalud":"false","plus_fysiekVoorkomenWegdeel":"betonstraatstenen"},"geometry":{"type":"Polygon","coordinates":[[[172274.181,559184.531],[172271.39,559186.304],[172270.408,559184.776],[172273.198,559183.003],[172274.181,559184.531]]]}},{"type":"Feature","properties":{"relatieveHoogteligging":0,"lokaalID":"G1900.500fcef43588449dbe4170f3b3eea929","bgt_status":"bestaand","function":"parkeervlak","surfaceMaterial":"open verharding","wegdeelOpTalud":"false","plus_fysiekVoorkomenWegdeel":"betonstraatstenen"},"geometry":{"type":"Polygon","coordinates":[[[172280.315,559226.422],[172278.214,559223.097],[172279.742,559222.096],[172281.842,559225.421],[172280.315,559226.422]]]}},{"type":"Feature","properties":{"relatieveHoogteligging":0,"lokaalID":"G1900.53392e8ccf2e477baef6456bf090290f","bgt_status":"bestaand","function":"inrit","surfaceMaterial":"open verharding","wegdeelOpTalud":"false","plus_fysiekVoorkomenWegdeel":"beton element"},"geometry":{"type":"Polygon","coordinates":[[[172396.11,559169.171],[172395.876,559166.107],[172395.876,559166.102],[172396.303,559166.04],[172396.566,559169.135],[172396.11,559169.171]]]}},{"type":"Feature","properties":{"relatieveHoogteligging":0,"lokaalID":"G1900.5425db58715144a4a47afa36ff42bec3","bgt_status":"bestaand","function":"parkeervlak","surfaceMaterial":"open verharding","wegdeelOpTalud":"false","plus_fysiekVoorkomenWegdeel":"betonstraatstenen"},"geometry":{"type":"Polygon","coordinates":[[[172401.154,559176.902],[172397.271,559177.179],[172397.129,559175.388],[172401.011,559175.11],[172401.154,559176.902]]]}},{"type":"Feature","properties":{"relatieveHoogteligging":0,"lokaalID":"G1900.543bcd3100de47a290d6d9195eb9a85e","bgt_status":"bestaand","function":"inrit","surfaceMaterial":"open verharding","wegdeelOpTalud":"false","plus_fysiekVoorkomenWegdeel":"beton element"},"geometry":{"type":"Polygon","coordinates":[[[172261.261,559225.919],[172259.023,559227.364],[172258.679,559226.818],[172260.95,559225.415],[172261.261,559225.919]]]}},{"type":"Feature","properties":{"relatieveHoogteligging":0,"lokaalID":"G1900.55c412716e40438f8c6a3fb9924071c5","bgt_status":"bestaand","function":"rijbaan lokale weg","surfaceMaterial":"open verharding","wegdeelOpTalud":"false","plus_fysiekVoorkomenWegdeel":"betonstraatstenen"},"geometry":{"type":"Polygon","coordinates":[[[172256.579,559164.33],[172256.064,559164.671],[172252.06,559167.322],[172251.554,559167.657],[172251.476,559167.539],[172251.46,559167.515],[172251.246,559167.264],[172251.187,559167.202],[172250.864,559166.866],[172250.455,559166.497],[172250.019,559166.158],[172249.561,559165.852],[172249.081,559165.579],[172248.583,559165.343],[172248.069,559165.143],[172247.542,559164.98],[172247.005,559164.857],[172246.883,559164.838],[172247.407,559161.709],[172248.418,559161.875],[172249.655,559161.845],[172250.666,559161.468],[172251.782,559160.728],[172252.521,559159.943],[172252.898,559159.083],[172253.079,559158.147],[172255.521,559158.596],[172255.507,559158.649],[172255.484,559158.752],[172255.393,559159.282],[172255.341,559159.819],[172255.329,559160.357],[172255.356,559160.895],[172255.424,559161.429],[172255.531,559161.957],[172255.677,559162.475],[172255.707,559162.559],[172255.754,559162.686],[172255.861,559162.981],[172256.082,559163.472],[172256.339,559163.946],[172256.43,559164.095],[172256.528,559164.249],[172256.579,559164.33]]]}},{"type":"Feature","properties":{"relatieveHoogteligging":0,"lokaalID":"G1900.573d7f60f7224cedbecf1bbd9b7dde7d","bgt_status":"bestaand","function":"rijbaan lokale weg","surfaceMaterial":"open verharding","wegdeelOpTalud":"false","plus_fysiekVoorkomenWegdeel":"gebakken klinkers"},"geometry":{"type":"Polygon","coordinates":[[[172261.261,559225.919],[172261.339,559225.839],[172261.385,559225.77],[172261.428,559225.694],[172261.455,559225.61],[172261.46,559225.579],[172261.464,559225.491],[172261.451,559225.405],[172261.421,559225.323],[172261.408,559225.298],[172275.294,559216.535],[172275.359,559216.597],[172275.44,559216.649],[172275.531,559216.684],[172275.554,559216.69],[172275.65,559216.702],[172275.717,559216.698],[172261.261,559225.919]]]}},{"type":"Feature","properties":{"relatieveHoogteligging":0,"lokaalID":"G1900.598f9daf1a344d6ca63a34c23b83adef","bgt_status":"bestaand","function":"inrit","surfaceMaterial":"open verharding","wegdeelOpTalud":"false","plus_fysiekVoorkomenWegdeel":"beton element"},"geometry":{"type":"Polygon","coordinates":[[[172343.487,559191.045],[172343.481,559190.643],[172349.497,559190.098],[172349.528,559190.524],[172343.519,559191.042],[172343.487,559191.045]]]}},{"type":"Feature","properties":{"relatieveHoogteligging":0,"lokaalID":"G1900.5aa2e504d9374285a0fc5d6889ec893a","bgt_status":"bestaand","function":"parkeervlak","surfaceMaterial":"open verharding","wegdeelOpTalud":"false","plus_fysiekVoorkomenWegdeel":"betonstraatstenen"},"geometry":{"type":"Polygon","coordinates":[[[172401.568,559181.607],[172397.642,559181.882],[172397.513,559180.094],[172401.44,559179.82],[172401.568,559181.607]]]}},{"type":"Feature","properties":{"relatieveHoogteligging":0,"lokaalID":"G1900.5f4d356f91d8453fb11c2560f34ecdb3","bgt_status":"bestaand","function":"parkeervlak","surfaceMaterial":"open verharding","wegdeelOpTalud":"false","plus_fysiekVoorkomenWegdeel":"gebakken klinkers"},"geometry":{"type":"Polygon","coordinates":[[[172325.43,559192.647],[172325.466,559192.655],[172313.741,559193.639],[172313.805,559193.604],[172313.88,559193.554],[172313.959,559193.491],[172314.025,559193.413],[172314.066,559193.341],[172314.1,559193.245],[172314.115,559193.144],[172314.024,559192.131],[172314.029,559192.064],[172314.053,559191.967],[172314.095,559191.876],[172314.154,559191.794],[172314.185,559191.763],[172314.264,559191.701],[172314.354,559191.656],[172314.451,559191.63],[172324.35,559190.787],[172324.383,559190.785],[172324.472,559190.793],[172324.557,559190.818],[172324.637,559190.859],[172324.707,559190.915],[172324.713,559190.922],[172324.769,559190.991],[172324.81,559191.07],[172324.835,559191.156],[172324.843,559191.245],[172324.945,559192.233],[172324.963,559192.291],[172325.006,559192.382],[172325.067,559192.464],[172325.143,559192.532],[172325.148,559192.536],[172325.236,559192.586],[172325.348,559192.63],[172325.43,559192.647]]]}},{"type":"Feature","properties":{"relatieveHoogteligging":0,"lokaalID":"G1900.617fe33fb69f4114b0dc78a0ddbec1b4","bgt_status":"bestaand","function":"parkeervlak","surfaceMaterial":"open verharding","wegdeelOpTalud":"false","plus_fysiekVoorkomenWegdeel":"betonstraatstenen"},"geometry":{"type":"Polygon","coordinates":[[[172263.028,559219.615],[172265.139,559222.87],[172263.6,559223.857],[172261.49,559220.602],[172263.028,559219.615]]]}},{"type":"Feature","properties":{"relatieveHoogteligging":0,"lokaalID":"G1900.62464cdd7de24b5f89ca17f688d421da","bgt_status":"bestaand","function":"parkeervlak","surfaceMaterial":"open verharding","wegdeelOpTalud":"false","plus_fysiekVoorkomenWegdeel":"betonstraatstenen"},"geometry":{"type":"Polygon","coordinates":[[[172397.454,559179.525],[172397.328,559177.746],[172401.211,559177.455],[172401.337,559179.234],[172397.454,559179.525]]]}},{"type":"Feature","properties":{"relatieveHoogteligging":0,"lokaalID":"G1900.649e328b3d134bc8b1a944f7cb7ad052","bgt_status":"bestaand","function":"parkeervlak","surfaceMaterial":"open verharding","wegdeelOpTalud":"false","plus_fysiekVoorkomenWegdeel":"betonstraatstenen"},"geometry":{"type":"Polygon","coordinates":[[[172390.306,559177.112],[172390.47,559178.903],[172386.603,559179.268],[172386.44,559177.477],[172390.306,559177.112]]]}},{"type":"Feature","properties":{"relatieveHoogteligging":0,"lokaalID":"G1900.66d19758ef7f478b8755f9531326eab4","bgt_status":"bestaand","function":"parkeervlak","surfaceMaterial":"open verharding","wegdeelOpTalud":"false","plus_fysiekVoorkomenWegdeel":"betonstraatstenen"},"geometry":{"type":"Polygon","coordinates":[[[172272.668,559188.204],[172271.653,559186.696],[172274.43,559184.926],[172275.445,559186.433],[172272.668,559188.204]]]}},{"type":"Feature","properties":{"relatieveHoogteligging":0,"lokaalID":"G1900.68e568d960394de6b2e27d02c5ebca08","bgt_status":"bestaand","function":"rijbaan lokale weg","surfaceMaterial":"open verharding","wegdeelOpTalud":"false","plus_fysiekVoorkomenWegdeel":"gebakken klinkers"},"geometry":{"type":"Polygon","coordinates":[[[172323.236,559299.581],[172326.328,559329.98],[172326.252,559329.997],[172326.166,559330.035],[172326.09,559330.089],[172326.079,559330.099],[172326.034,559330.154],[172326.001,559330.217],[172325.985,559330.264],[172325.974,559330.334],[172325.977,559330.394],[172325.781,559330.418],[172322.624,559299.06],[172322.77,559299.049],[172322.795,559299.123],[172322.813,559299.16],[172322.9,559299.297],[172323.013,559299.414],[172323.117,559299.49],[172323.236,559299.581]]]}},{"type":"Feature","properties":{"relatieveHoogteligging":0,"lokaalID":"G1900.6e5631e7705e4107bc0d3593d52e06a1","bgt_status":"bestaand","function":"parkeervlak","surfaceMaterial":"open verharding","wegdeelOpTalud":"false","plus_fysiekVoorkomenWegdeel":"gebakken klinkers"},"geometry":{"type":"Polygon","coordinates":[[[172398.059,559187.045],[172396.704,559170.576],[172401.108,559170.234],[172401.193,559170.234],[172401.275,559170.25],[172401.353,559170.282],[172401.423,559170.329],[172401.451,559170.354],[172401.505,559170.418],[172401.546,559170.492],[172401.571,559170.572],[172401.58,559170.656],[172401.58,559170.677],[172402.955,559186.168],[172402.961,559186.256],[172402.95,559186.343],[172402.922,559186.426],[172402.878,559186.503],[172402.857,559186.529],[172402.795,559186.591],[172402.721,559186.639],[172402.64,559186.672],[172402.563,559186.688],[172398.059,559187.045]],[[172397.454,559179.525],[172401.337,559179.234],[172401.211,559177.455],[172397.328,559177.746],[172397.454,559179.525]],[[172401.154,559176.902],[172401.011,559175.11],[172397.129,559175.388],[172397.271,559177.179],[172401.154,559176.902]],[[172401.568,559181.607],[172401.44,559179.82],[172397.513,559180.094],[172397.642,559181.882],[172401.568,559181.607]],[[172400.954,559174.722],[172400.825,559172.929],[172396.948,559173.218],[172397.077,559175.011],[172400.954,559174.722]],[[172401.778,559183.973],[172401.618,559182.178],[172397.714,559182.447],[172397.874,559184.243],[172401.778,559183.973]],[[172400.783,559172.527],[172400.637,559170.729],[172396.763,559171.061],[172396.909,559172.859],[172400.783,559172.527]],[[172398.048,559186.669],[172401.963,559186.353],[172401.815,559184.499],[172397.899,559184.815],[172398.048,559186.669]]]}},{"type":"Feature","properties":{"relatieveHoogteligging":0,"lokaalID":"G1900.6fe722a2d47744f59e7639745d97653f","bgt_status":"bestaand","function":"inrit","surfaceMaterial":"open verharding","wegdeelOpTalud":"false","plus_fysiekVoorkomenWegdeel":"beton element"},"geometry":{"type":"Polygon","coordinates":[[[172381.98,559137.833],[172380.413,559135.27],[172380.733,559135.045],[172382.331,559137.578],[172381.98,559137.833]]]}},{"type":"Feature","properties":{"relatieveHoogteligging":0,"lokaalID":"G1900.7228a4a7f0264e0786436293353b3974","bgt_status":"bestaand","function":"inrit","surfaceMaterial":"open verharding","wegdeelOpTalud":"false","plus_fysiekVoorkomenWegdeel":"beton element"},"geometry":{"type":"Polygon","coordinates":[[[172385.96,559156.233],[172385.968,559156.247],[172385.436,559156.569],[172383.855,559153.946],[172384.371,559153.62],[172385.96,559156.233]]]}},{"type":"Feature","properties":{"relatieveHoogteligging":0,"lokaalID":"G1900.741f659262b645a182db4091b2c67bf6","bgt_status":"bestaand","function":"parkeervlak","surfaceMaterial":"open verharding","wegdeelOpTalud":"false","plus_fysiekVoorkomenWegdeel":"betonstraatstenen"},"geometry":{"type":"Polygon","coordinates":[[[172268.851,559215.834],[172270.935,559219.181],[172269.423,559220.163],[172267.339,559216.817],[172268.851,559215.834]]]}},{"type":"Feature","properties":{"relatieveHoogteligging":0,"lokaalID":"G1900.76c597d2d8a5406a905a9d5c3403de33","bgt_status":"bestaand","function":"rijbaan lokale weg","surfaceMaterial":"open verharding","wegdeelOpTalud":"false","plus_fysiekVoorkomenWegdeel":"gebakken klinkers"},"geometry":{"type":"Polygon","coordinates":[[[172390.723,559181.546],[172390.306,559176.626],[172389.609,559168.399],[172389.679,559168.388],[172389.756,559168.361],[172389.827,559168.319],[172389.888,559168.264],[172389.937,559168.198],[172389.959,559168.157],[172389.986,559168.079],[172390.006,559168.009],[172390.013,559167.926],[172391.234,559181.955],[172391.206,559181.849],[172391.172,559181.77],[172391.123,559181.698],[172391.061,559181.638],[172390.988,559181.591],[172390.911,559181.56],[172390.826,559181.544],[172390.739,559181.545],[172390.723,559181.546]]]}},{"type":"Feature","properties":{"relatieveHoogteligging":0,"lokaalID":"G1900.7820979339a14c588d8d86e0f914a23a","bgt_status":"bestaand","function":"parkeervlak","surfaceMaterial":"open verharding","wegdeelOpTalud":"false","plus_fysiekVoorkomenWegdeel":"betonstraatstenen"},"geometry":{"type":"Polygon","coordinates":[[[172386.088,559173.375],[172389.976,559172.973],[172390.117,559174.767],[172386.229,559175.168],[172386.088,559173.375]]]}},{"type":"Feature","properties":{"relatieveHoogteligging":0,"lokaalID":"G1900.81295f82e7fe49e59f0a87a32706ba4c","bgt_status":"bestaand","function":"parkeervlak","surfaceMaterial":"open verharding","wegdeelOpTalud":"false","plus_fysiekVoorkomenWegdeel":"betonstraatstenen"},"geometry":{"type":"Polygon","coordinates":[[[172277.814,559223.332],[172279.908,559226.644],[172278.362,559227.622],[172276.268,559224.31],[172277.814,559223.332]]]}},{"type":"Feature","properties":{"relatieveHoogteligging":0,"lokaalID":"G1900.8283905acc0a42119e354b1d039b3fe7","bgt_status":"bestaand","function":"parkeervlak","surfaceMaterial":"open verharding","wegdeelOpTalud":"false","plus_fysiekVoorkomenWegdeel":"betonstraatstenen"},"geometry":{"type":"Polygon","coordinates":[[[172264.961,559218.323],[172267.049,559221.666],[172265.518,559222.622],[172263.43,559219.28],[172264.961,559218.323]]]}},{"type":"Feature","properties":{"relatieveHoogteligging":0,"lokaalID":"G1900.89d9f3988f304261ab3c04059210b598","bgt_status":"bestaand","function":"inrit","surfaceMaterial":"open verharding","wegdeelOpTalud":"false","plus_fysiekVoorkomenWegdeel":"beton element"},"geometry":{"type":"Polygon","coordinates":[[[172394.07,559157.742],[172394.07,559157.741],[172390.146,559151.323],[172390.129,559151.294],[172390.699,559150.945],[172394.619,559157.383],[172394.07,559157.742]]]}},{"type":"Feature","properties":{"relatieveHoogteligging":0,"lokaalID":"G1900.8fc732884e1c456cac30f23b279d47cb","bgt_status":"bestaand","function":"parkeervlak","surfaceMaterial":"open verharding","wegdeelOpTalud":"false","plus_fysiekVoorkomenWegdeel":"betonstraatstenen"},"geometry":{"type":"Polygon","coordinates":[[[172285.725,559222.932],[172284.186,559223.915],[172282.115,559220.603],[172283.653,559219.62],[172285.725,559222.932]]]}},{"type":"Feature","properties":{"relatieveHoogteligging":0,"lokaalID":"G1900.938e89261b7c430f80f7b47347790548","bgt_status":"bestaand","function":"parkeervlak","surfaceMaterial":"open verharding","wegdeelOpTalud":"false","plus_fysiekVoorkomenWegdeel":"betonstraatstenen"},"geometry":{"type":"Polygon","coordinates":[[[172400.954,559174.722],[172397.077,559175.011],[172396.948,559173.218],[172400.825,559172.929],[172400.954,559174.722]]]}},{"type":"Feature","properties":{"relatieveHoogteligging":0,"lokaalID":"G1900.a4126e6680ec408080047a65e804ddef","bgt_status":"bestaand","function":"parkeervlak","surfaceMaterial":"open verharding","wegdeelOpTalud":"false","plus_fysiekVoorkomenWegdeel":"betonstraatstenen"},"geometry":{"type":"Polygon","coordinates":[[[172275.12,559192.038],[172274.135,559190.518],[172276.925,559188.775],[172277.91,559190.294],[172275.12,559192.038]]]}},{"type":"Feature","properties":{"relatieveHoogteligging":0,"lokaalID":"G1900.a4e24303bce84e9aae99314ab89040ea","bgt_status":"bestaand","function":"rijbaan lokale weg","surfaceMaterial":"open verharding","wegdeelOpTalud":"false","plus_fysiekVoorkomenWegdeel":"gebakken klinkers"},"geometry":{"type":"Polygon","coordinates":[[[172364.217,559339.547],[172366.144,559359.886],[172366.075,559359.961],[172365.967,559360.091],[172365.886,559360.24],[172365.884,559360.247],[172365.848,559360.364],[172365.659,559360.39],[172363.617,559339.325],[172363.838,559339.307],[172363.858,559339.338],[172363.903,559339.384],[172363.928,559339.403],[172363.989,559339.46],[172364.06,559339.505],[172364.139,559339.534],[172364.207,559339.547],[172364.217,559339.547]]]}},{"type":"Feature","properties":{"relatieveHoogteligging":0,"lokaalID":"G1900.a8e1e89b92aa4ff0be47722d7643ec45","bgt_status":"bestaand","function":"parkeervlak","surfaceMaterial":"open verharding","wegdeelOpTalud":"false","plus_fysiekVoorkomenWegdeel":"betonstraatstenen"},"geometry":{"type":"Polygon","coordinates":[[[172390.283,559176.875],[172386.396,559177.277],[172386.255,559175.483],[172390.142,559175.082],[172390.283,559176.875]]]}},{"type":"Feature","properties":{"relatieveHoogteligging":0,"lokaalID":"G1900.a8ee53cb226d4c61be56431a76341b06","bgt_status":"bestaand","function":"inrit","surfaceMaterial":"open verharding","wegdeelOpTalud":"false","plus_fysiekVoorkomenWegdeel":"beton element"},"geometry":{"type":"Polygon","coordinates":[[[172361.72,559189.443],[172361.697,559188.996],[172367.726,559188.49],[172367.737,559188.901],[172361.725,559189.442],[172361.72,559189.443]]]}},{"type":"Feature","properties":{"relatieveHoogteligging":0,"lokaalID":"G1900.a95bdb7a1d3e44afa4f598bdacf609b8","bgt_status":"bestaand","function":"inrit","surfaceMaterial":"open verharding","wegdeelOpTalud":"false","plus_fysiekVoorkomenWegdeel":"beton element"},"geometry":{"type":"Polygon","coordinates":[[[172382.935,559187.606],[172382.927,559187.607],[172379.914,559187.858],[172379.89,559187.86],[172379.862,559187.436],[172382.908,559187.184],[172382.935,559187.606]]]}},{"type":"Feature","properties":{"relatieveHoogteligging":0,"lokaalID":"G1900.abcfbdee8e124d59b173e90f12b2836d","bgt_status":"bestaand","function":"inrit","surfaceMaterial":"open verharding","wegdeelOpTalud":"false","plus_fysiekVoorkomenWegdeel":"beton element"},"geometry":{"type":"Polygon","coordinates":[[[172325.466,559192.655],[172325.43,559192.647],[172325.39,559192.167],[172331.425,559191.631],[172331.466,559192.095],[172325.466,559192.655]]]}},{"type":"Feature","properties":{"relatieveHoogteligging":0,"lokaalID":"G1900.b1eab756b10e4ef6921a02d969101bc8","bgt_status":"bestaand","function":"inrit","surfaceMaterial":"open verharding","wegdeelOpTalud":"false","plus_fysiekVoorkomenWegdeel":"beton element"},"geometry":{"type":"Polygon","coordinates":[[[172363.793,559107.98],[172363.79,559107.974],[172362.233,559105.378],[172362.57,559105.175],[172364.137,559107.766],[172363.793,559107.98]]]}},{"type":"Feature","properties":{"relatieveHoogteligging":0,"lokaalID":"G1900.b51eda5e05d1448c809e44f9b2298136","bgt_status":"bestaand","function":"parkeervlak","surfaceMaterial":"open verharding","wegdeelOpTalud":"false","plus_fysiekVoorkomenWegdeel":"betonstraatstenen"},"geometry":{"type":"Polygon","coordinates":[[[172398.048,559186.669],[172397.899,559184.815],[172401.815,559184.499],[172401.963,559186.353],[172398.048,559186.669]]]}},{"type":"Feature","properties":{"relatieveHoogteligging":0,"lokaalID":"G1900.bb57b00deba74a8e929f37f3fe611720","bgt_status":"bestaand","function":"inrit","surfaceMaterial":"open verharding","wegdeelOpTalud":"false","plus_fysiekVoorkomenWegdeel":"beton element"},"geometry":{"type":"Polygon","coordinates":[[[172398.029,559191.943],[172397.899,559190.478],[172398.55,559190.411],[172398.668,559191.899],[172398.029,559191.943]]]}},{"type":"Feature","properties":{"relatieveHoogteligging":0,"lokaalID":"G1900.c0ff1757744b4a208117cb89755bc6a5","bgt_status":"bestaand","function":"parkeervlak","surfaceMaterial":"open verharding","wegdeelOpTalud":"false","plus_fysiekVoorkomenWegdeel":"betonstraatstenen"},"geometry":{"type":"Polygon","coordinates":[[[172270.54,559232.618],[172268.484,559229.281],[172270.021,559228.324],[172272.076,559231.662],[172270.54,559232.618]]]}},{"type":"Feature","properties":{"relatieveHoogteligging":0,"lokaalID":"G1900.c1a290a537b842c2b54a448d18ad58a1","bgt_status":"bestaand","function":"rijbaan lokale weg","surfaceMaterial":"open verharding","wegdeelOpTalud":"false","plus_fysiekVoorkomenWegdeel":"betonstraatstenen"},"geometry":{"type":"Polygon","coordinates":[[[172546.952,559227.25],[172546.935,559227.011],[172546.688,559223.501],[172546.755,559223.496],[172556.148,559222.805],[172556.168,559222.804],[172556.302,559222.792],[172556.619,559226.469],[172551.021,559226.921],[172547.14,559227.235],[172546.952,559227.25]]]}},{"type":"Feature","properties":{"relatieveHoogteligging":0,"lokaalID":"G1900.c2047ae7ad6648c89cbcaefaac1051a5","bgt_status":"bestaand","function":"parkeervlak","surfaceMaterial":"open verharding","wegdeelOpTalud":"false","plus_fysiekVoorkomenWegdeel":"betonstraatstenen"},"geometry":{"type":"Polygon","coordinates":[[[172269.16,559182.845],[172268.198,559181.327],[172271.231,559179.352],[172272.193,559180.869],[172269.16,559182.845]]]}},{"type":"Feature","properties":{"relatieveHoogteligging":0,"lokaalID":"G1900.c25ea416c63345f5812ee6954e972048","bgt_status":"bestaand","function":"rijbaan lokale weg","surfaceMaterial":"open verharding","wegdeelOpTalud":"false","plus_fysiekVoorkomenWegdeel":"gebakken klinkers"},"geometry":{"type":"Polygon","coordinates":[[[172252.06,559167.322],[172253.408,559169.369],[172256.613,559174.43],[172273.484,559200.972],[172278.11,559208.232],[172278.912,559209.647],[172279.182,559210.455],[172279.349,559211.423],[172279.364,559212.218],[172279.286,559212.949],[172279.084,559213.749],[172278.833,559214.396],[172278.47,559215.065],[172277.965,559215.751],[172277.702,559216.041],[172277.38,559216.348],[172271.086,559220.387],[172260.248,559227.289],[172259.625,559227.677],[172259.636,559228.126],[172259.266,559231.773],[172259.264,559231.936],[172259.286,559232.066],[172259.34,559232.22],[172259.423,559232.36],[172259.436,559232.377],[172260.034,559233.297],[172261.226,559232.541],[172283.938,559218.142],[172285.78,559216.975],[172285.921,559216.811],[172286,559216.659],[172286.704,559213.226],[172286.784,559212.968],[172286.92,559212.716],[172287.032,559212.567],[172287.235,559212.368],[172287.43,559212.239],[172288.651,559211.46],[172302.697,559202.503],[172305.566,559200.673],[172306.061,559200.388],[172306.452,559200.196],[172306.985,559199.975],[172307.486,559199.807],[172308.573,559199.616],[172310.657,559199.435],[172332.008,559197.583],[172363.565,559194.814],[172397.427,559191.83],[172396.729,559184.076],[172395.392,559167.913],[172394.949,559162.772],[172394.863,559161.909],[172394.633,559160.735],[172394.292,559159.666],[172393.944,559158.836],[172393.556,559158.091],[172393.3,559157.671],[172392.295,559156.026],[172388.642,559150.044],[172380.521,559136.635],[172372.715,559123.858],[172365.315,559111.688],[172360.944,559104.434],[172361.472,559104.109],[172362.233,559105.378],[172363.79,559107.974],[172363.793,559107.98],[172363.866,559108.1],[172370.021,559118.259],[172370.73,559119.419],[172373.917,559124.636],[172379.281,559133.417],[172380.39,559135.233],[172380.413,559135.27],[172381.98,559137.833],[172382.668,559138.957],[172382.68,559138.976],[172384.744,559142.451],[172384.765,559142.485],[172390.129,559151.294],[172390.146,559151.323],[172394.07,559157.741],[172394.07,559157.742],[172394.227,559158.021],[172394.53,559158.62],[172394.796,559159.236],[172395.025,559159.867],[172395.216,559160.51],[172395.327,559160.967],[172395.452,559161.626],[172395.537,559162.292],[172395.583,559162.961],[172395.876,559166.102],[172395.876,559166.107],[172396.11,559169.171],[172396.199,559170.152],[172397.637,559187.529],[172397.899,559190.478],[172398.029,559191.943],[172398.033,559191.984],[172398.025,559192.052],[172397.998,559192.147],[172397.953,559192.234],[172397.892,559192.311],[172397.864,559192.338],[172397.784,559192.396],[172397.695,559192.436],[172397.599,559192.459],[172390.074,559193.114],[172389.838,559193.134],[172388.332,559193.266],[172384.853,559193.568],[172327.303,559198.618],[172308.654,559200.231],[172307.639,559200.41],[172307.203,559200.556],[172306.707,559200.761],[172306.353,559200.936],[172305.888,559201.203],[172287.768,559212.759],[172287.627,559212.852],[172287.499,559212.977],[172287.443,559213.052],[172287.358,559213.209],[172287.34,559213.268],[172287.305,559213.38],[172286.597,559216.836],[172286.562,559216.924],[172286.448,559217.14],[172286.344,559217.284],[172286.174,559217.459],[172286.016,559217.559],[172260.019,559234.039],[172259.584,559233.378],[172259.2,559232.746],[172259.053,559232.503],[172259.018,559232.458],[172258.935,559232.312],[172258.882,559232.152],[172258.871,559232.089],[172258.862,559231.922],[172258.887,559231.755],[172259.228,559228.119],[172259.237,559228.061],[172259.242,559227.898],[172259.216,559227.737],[172259.185,559227.646],[172259.111,559227.501],[172259.023,559227.364],[172261.261,559225.919],[172275.717,559216.698],[172275.896,559216.583],[172276.106,559216.462],[172276.656,559216.144],[172276.894,559215.954],[172277.231,559215.642],[172277.539,559215.302],[172277.817,559214.936],[172278.061,559214.548],[172278.272,559214.14],[172278.445,559213.715],[172278.581,559213.276],[172278.679,559212.828],[172278.706,559212.653],[172278.749,559212.196],[172278.751,559211.737],[172278.714,559211.279],[172278.637,559210.826],[172278.521,559210.382],[172278.367,559209.95],[172278.176,559209.533],[172278.01,559209.24],[172277.949,559209.133],[172277.04,559207.706],[172262.979,559185.64],[172252.301,559168.78],[172251.554,559167.657],[172252.06,559167.322]]]}},{"type":"Feature","properties":{"relatieveHoogteligging":0,"lokaalID":"G1900.c3a50ccceecb45349fe0e17230426288","bgt_status":"bestaand","function":"parkeervlak","surfaceMaterial":"open verharding","wegdeelOpTalud":"false","plus_fysiekVoorkomenWegdeel":"gebakken klinkers"},"geometry":{"type":"Polygon","coordinates":[[[172370.021,559118.259],[172363.866,559108.1],[172363.916,559108.137],[172364.017,559108.184],[172364.078,559108.202],[172364.189,559108.216],[172364.3,559108.209],[172364.37,559108.193],[172365.254,559107.653],[172365.314,559107.612],[172365.38,559107.584],[172365.451,559107.569],[172365.523,559107.568],[172365.594,559107.582],[172365.617,559107.589],[172365.682,559107.621],[172365.74,559107.664],[172365.788,559107.718],[172365.825,559107.78],[172365.837,559107.811],[172371.16,559116.48],[172371.2,559116.57],[172371.221,559116.665],[172371.224,559116.763],[172371.213,559116.835],[172371.182,559116.928],[172371.134,559117.014],[172371.07,559117.088],[172371.016,559117.133],[172370.164,559117.643],[172370.098,559117.693],[172370.044,559117.755],[172370.003,559117.826],[172369.976,559117.903],[172369.97,559117.932],[172369.965,559118.014],[172369.976,559118.096],[172369.983,559118.165],[172370.021,559118.259]]]}},{"type":"Feature","properties":{"relatieveHoogteligging":0,"lokaalID":"G1900.c3fdd5c3c2ee4e66b0a7e591bf46ff95","bgt_status":"bestaand","function":"parkeervlak","surfaceMaterial":"open verharding","wegdeelOpTalud":"false","plus_fysiekVoorkomenWegdeel":"betonstraatstenen"},"geometry":{"type":"Polygon","coordinates":[[[172272.881,559217.939],[172271.369,559218.931],[172269.273,559215.62],[172270.785,559214.629],[172272.881,559217.939]]]}},{"type":"Feature","properties":{"relatieveHoogteligging":0,"lokaalID":"G1900.c463ff4a6ffa4da98d2199da8d3ae30c","bgt_status":"bestaand","function":"rijbaan lokale weg","surfaceMaterial":"open verharding","wegdeelOpTalud":"false","plus_fysiekVoorkomenWegdeel":"betonstraatstenen","plus_functieWegdeel":"verkeersdrempel"},"geometry":{"type":"Polygon","coordinates":[[[172556.662,559226.964],[172556.703,559227.432],[172551.08,559227.896],[172551.021,559226.921],[172556.619,559226.469],[172556.662,559226.964]]]}},{"type":"Feature","properties":{"relatieveHoogteligging":0,"lokaalID":"G1900.cb3aa90beedc4fbab25b688caea9781f","bgt_status":"bestaand","function":"parkeervlak","surfaceMaterial":"open verharding","wegdeelOpTalud":"false","plus_fysiekVoorkomenWegdeel":"betonstraatstenen"},"geometry":{"type":"Polygon","coordinates":[[[172266.927,559217.057],[172268.984,559220.415],[172267.461,559221.395],[172265.404,559218.036],[172266.927,559217.057]]]}},{"type":"Feature","properties":{"relatieveHoogteligging":0,"lokaalID":"G1900.cbcd388210ee4d408e36e9bea7e23faf","bgt_status":"bestaand","function":"parkeervlak","surfaceMaterial":"open verharding","wegdeelOpTalud":"false","plus_fysiekVoorkomenWegdeel":"betonstraatstenen"},"geometry":{"type":"Polygon","coordinates":[[[172266.693,559178.945],[172265.734,559177.447],[172268.76,559175.498],[172269.719,559176.996],[172266.693,559178.945]]]}},{"type":"Feature","properties":{"relatieveHoogteligging":0,"lokaalID":"G1900.cd37feaa0d684c498ef9ff30c5acdd56","bgt_status":"bestaand","function":"parkeervlak","surfaceMaterial":"open verharding","wegdeelOpTalud":"false","plus_fysiekVoorkomenWegdeel":"betonstraatstenen"},"geometry":{"type":"Polygon","coordinates":[[[172268.168,559234.094],[172266.637,559235.056],[172264.579,559231.759],[172266.11,559230.797],[172268.168,559234.094]]]}},{"type":"Feature","properties":{"relatieveHoogteligging":0,"lokaalID":"G1900.ce6315d3dfa74567b4243e79e4209b6a","bgt_status":"bestaand","function":"inrit","surfaceMaterial":"open verharding","wegdeelOpTalud":"false","plus_fysiekVoorkomenWegdeel":"beton element"},"geometry":{"type":"Polygon","coordinates":[[[172374.288,559124.418],[172373.917,559124.636],[172370.73,559119.419],[172371.126,559119.204],[172374.288,559124.418]]]}},{"type":"Feature","properties":{"relatieveHoogteligging":0,"lokaalID":"G1900.cf95a591dfeb44518135fadc6818c7ec","bgt_status":"bestaand","function":"parkeervlak","surfaceMaterial":"open verharding","wegdeelOpTalud":"false","plus_fysiekVoorkomenWegdeel":"betonstraatstenen"},"geometry":{"type":"Polygon","coordinates":[[[172385.86,559171.266],[172389.772,559170.891],[172389.928,559172.666],[172386.017,559173.04],[172385.86,559171.266]]]}},{"type":"Feature","properties":{"relatieveHoogteligging":0,"lokaalID":"G1900.d1cc47b1b4054962ad756036266d0558","bgt_status":"bestaand","function":"rijbaan lokale weg","surfaceMaterial":"open verharding","wegdeelOpTalud":"false","plus_fysiekVoorkomenWegdeel":"gebakken klinkers"},"geometry":{"type":"Polygon","coordinates":[[[172359.77,559343.562],[172359.971,559343.547],[172361.713,559361.053],[172361.427,559361.072],[172361.402,559361.024],[172361.339,559360.948],[172361.056,559360.671],[172359.78,559347.205],[172359.466,559343.898],[172359.51,559343.884],[172359.586,559343.843],[172359.653,559343.787],[172359.708,559343.72],[172359.723,559343.695],[172359.758,559343.609],[172359.77,559343.562]]]}},{"type":"Feature","properties":{"relatieveHoogteligging":0,"lokaalID":"G1900.d2ec518623b9484f9ed952e00b119b07","bgt_status":"bestaand","function":"parkeervlak","surfaceMaterial":"open verharding","wegdeelOpTalud":"false","plus_fysiekVoorkomenWegdeel":"betonstraatstenen"},"geometry":{"type":"Polygon","coordinates":[[[172281.706,559220.854],[172283.781,559224.163],[172282.242,559225.141],[172280.167,559221.832],[172281.706,559220.854]]]}},{"type":"Feature","properties":{"relatieveHoogteligging":0,"lokaalID":"G1900.d36e17a287af4a7c9c5f2296216dfe98","bgt_status":"bestaand","function":"parkeervlak","surfaceMaterial":"open verharding","wegdeelOpTalud":"false","plus_fysiekVoorkomenWegdeel":"gebakken klinkers"},"geometry":{"type":"Polygon","coordinates":[[[172278.818,559190.314],[172278.787,559190.398],[172278.74,559190.475],[172278.679,559190.542],[172278.606,559190.595],[172275.389,559192.561],[172270.132,559184.376],[172273.346,559182.348],[172273.383,559182.317],[172273.444,559182.282],[172273.512,559182.26],[172273.582,559182.251],[172273.653,559182.255],[172273.721,559182.274],[172273.782,559182.304],[172273.838,559182.346],[172273.885,559182.4],[172278.757,559189.944],[172278.793,559190.009],[172278.821,559190.095],[172278.833,559190.185],[172278.826,559190.275],[172278.818,559190.313],[172278.818,559190.314]],[[172274.181,559184.531],[172273.198,559183.003],[172270.408,559184.776],[172271.39,559186.304],[172274.181,559184.531]],[[172272.668,559188.204],[172275.445,559186.433],[172274.43,559184.926],[172271.653,559186.696],[172272.668,559188.204]],[[172275.12,559192.038],[172277.91,559190.294],[172276.925,559188.775],[172274.135,559190.518],[172275.12,559192.038]],[[172276.652,559188.36],[172275.663,559186.845],[172272.888,559188.612],[172273.876,559190.127],[172276.652,559188.36]]]}},{"type":"Feature","properties":{"relatieveHoogteligging":0,"lokaalID":"G1900.d4875a97cdc24e909ac391ac590719fe","bgt_status":"bestaand","function":"parkeervlak","surfaceMaterial":"open verharding","wegdeelOpTalud":"false","plus_fysiekVoorkomenWegdeel":"betonstraatstenen"},"geometry":{"type":"Polygon","coordinates":[[[172389.61,559168.805],[172389.76,559170.619],[172385.864,559170.978],[172385.714,559169.164],[172389.61,559168.805]]]}},{"type":"Feature","properties":{"relatieveHoogteligging":0,"lokaalID":"G1900.d6c1af1202784445aad8e293d7bfcc3a","bgt_status":"bestaand","function":"parkeervlak","surfaceMaterial":"open verharding","wegdeelOpTalud":"false","plus_fysiekVoorkomenWegdeel":"gebakken klinkers"},"geometry":{"type":"Polygon","coordinates":[[[172332.197,559190.558],[172332.195,559190.523],[172332.202,559190.434],[172332.225,559190.347],[172332.266,559190.267],[172332.321,559190.197],[172332.344,559190.174],[172332.415,559190.121],[172332.496,559190.082],[172332.583,559190.06],[172342.492,559189.185],[172342.578,559189.198],[172342.668,559189.229],[172342.75,559189.278],[172342.821,559189.341],[172342.878,559189.418],[172342.919,559189.503],[172342.938,559189.577],[172342.948,559189.69],[172343.038,559190.638],[172343.07,559190.736],[172343.12,559190.828],[172343.187,559190.907],[172343.206,559190.924],[172343.29,559190.986],[172343.385,559191.029],[172343.46,559191.047],[172331.919,559192.053],[172331.995,559192.015],[172332.093,559191.941],[172332.175,559191.849],[172332.191,559191.826],[172332.249,559191.716],[172332.285,559191.598],[172332.197,559190.558]]]}},{"type":"Feature","properties":{"relatieveHoogteligging":0,"lokaalID":"G1900.db8bf5087db643b1827a55b19ceea4c8","bgt_status":"bestaand","function":"parkeervlak","surfaceMaterial":"open verharding","wegdeelOpTalud":"false","plus_fysiekVoorkomenWegdeel":"betonstraatstenen"},"geometry":{"type":"Polygon","coordinates":[[[172268.053,559229.552],[172270.11,559232.851],[172268.58,559233.826],[172266.522,559230.527],[172268.053,559229.552]]]}},{"type":"Feature","properties":{"relatieveHoogteligging":0,"lokaalID":"G1900.dc15a48662354d30b59d9038b1bc4339","bgt_status":"bestaand","function":"rijbaan lokale weg","surfaceMaterial":"open verharding","wegdeelOpTalud":"false","plus_fysiekVoorkomenWegdeel":"gebakken klinkers"},"geometry":{"type":"Polygon","coordinates":[[[172397.637,559187.529],[172396.199,559170.152],[172396.224,559170.267],[172396.256,559170.335],[172396.298,559170.406],[172396.353,559170.468],[172396.392,559170.5],[172396.463,559170.541],[172396.542,559170.568],[172396.623,559170.579],[172396.663,559170.579],[172396.704,559170.576],[172398.059,559187.045],[172397.958,559187.079],[172397.867,559187.132],[172397.788,559187.202],[172397.768,559187.223],[172397.709,559187.311],[172397.667,559187.408],[172397.637,559187.529]]]}},{"type":"Feature","properties":{"relatieveHoogteligging":0,"lokaalID":"G1900.df2a1252f31f4e7aa4576f733e17f31f","bgt_status":"bestaand","function":"parkeervlak","surfaceMaterial":"open verharding","wegdeelOpTalud":"false","plus_fysiekVoorkomenWegdeel":"betonstraatstenen"},"geometry":{"type":"Polygon","coordinates":[[[172274.837,559216.713],[172273.314,559217.68],[172271.216,559214.359],[172272.739,559213.392],[172274.837,559216.713]]]}},{"type":"Feature","properties":{"relatieveHoogteligging":0,"lokaalID":"G1900.e339f8e3fea54ad0849c7e8e21c9b079","bgt_status":"bestaand","function":"rijbaan lokale weg","surfaceMaterial":"open verharding","wegdeelOpTalud":"false","plus_fysiekVoorkomenWegdeel":"gebakken klinkers"},"geometry":{"type":"Polygon","coordinates":[[[172320.633,559318.704],[172320.608,559318.657],[172320.543,559318.576],[172320.462,559318.525],[172320.374,559318.49],[172320.313,559318.478],[172318.391,559297.448],[172318.489,559297.332],[172318.593,559297.191],[172318.669,559297.032],[172318.676,559297.011],[172318.714,559296.84],[172318.719,559296.673],[172318.935,559296.646],[172320.843,559318.681],[172320.633,559318.704]]]}},{"type":"Feature","properties":{"relatieveHoogteligging":0,"lokaalID":"G1900.e55a34f0a4c54581959cc373e9043862","bgt_status":"bestaand","function":"inrit","surfaceMaterial":"open verharding","wegdeelOpTalud":"false","plus_fysiekVoorkomenWegdeel":"beton element"},"geometry":{"type":"Polygon","coordinates":[[[172308.645,559193.609],[172313.681,559193.2],[172313.72,559193.641],[172308.677,559194.063],[172308.645,559193.609]]]}},{"type":"Feature","properties":{"relatieveHoogteligging":0,"lokaalID":"G1900.e5ebc38356ee43689c34a4245157570c","bgt_status":"bestaand","function":"parkeervlak","surfaceMaterial":"open verharding","wegdeelOpTalud":"false","plus_fysiekVoorkomenWegdeel":"betonstraatstenen"},"geometry":{"type":"Polygon","coordinates":[[[172277.939,559227.888],[172276.399,559228.844],[172274.316,559225.57],[172275.856,559224.614],[172277.939,559227.888]]]}},{"type":"Feature","properties":{"relatieveHoogteligging":0,"lokaalID":"G1900.e920f92758914430ad984b07d618bb5a","bgt_status":"bestaand","function":"inrit","surfaceMaterial":"open verharding","wegdeelOpTalud":"false","plus_fysiekVoorkomenWegdeel":"beton element"},"geometry":{"type":"Polygon","coordinates":[[[172388.332,559193.266],[172389.838,559193.134],[172389.877,559193.846],[172388.376,559193.963],[172388.332,559193.266]]]}},{"type":"Feature","properties":{"relatieveHoogteligging":0,"lokaalID":"G1900.e94ce5658c15480191b4ba3d716d0240","bgt_status":"bestaand","function":"parkeervlak","surfaceMaterial":"open verharding","wegdeelOpTalud":"false","plus_fysiekVoorkomenWegdeel":"betonstraatstenen"},"geometry":{"type":"Polygon","coordinates":[[[172285.595,559218.344],[172287.654,559221.754],[172286.157,559222.691],[172284.098,559219.28],[172285.595,559218.344]]]}},{"type":"Feature","properties":{"relatieveHoogteligging":0,"lokaalID":"G1900.ea59e23fbc33462dbc145bfd01b9d837","bgt_status":"bestaand","function":"parkeervlak","surfaceMaterial":"open verharding","wegdeelOpTalud":"false","plus_fysiekVoorkomenWegdeel":"betonstraatstenen"},"geometry":{"type":"Polygon","coordinates":[[[172268.491,559175.066],[172265.461,559177.015],[172264.483,559175.524],[172267.513,559173.575],[172268.491,559175.066]]]}},{"type":"Feature","properties":{"relatieveHoogteligging":0,"lokaalID":"G1900.f7fbf59148c640539e3f983d03899531","bgt_status":"bestaand","function":"parkeervlak","surfaceMaterial":"open verharding","wegdeelOpTalud":"false","plus_fysiekVoorkomenWegdeel":"betonstraatstenen"},"geometry":{"type":"Polygon","coordinates":[[[172276.652,559188.36],[172273.876,559190.127],[172272.888,559188.612],[172275.663,559186.845],[172276.652,559188.36]]]}},{"type":"Feature","properties":{"relatieveHoogteligging":0,"lokaalID":"G1900.fac70d1244fd4368b13b52db4b3c2f2c","bgt_status":"bestaand","function":"parkeervlak","surfaceMaterial":"open verharding","wegdeelOpTalud":"false","plus_fysiekVoorkomenWegdeel":"betonstraatstenen"},"geometry":{"type":"Polygon","coordinates":[[[172275.964,559229.181],[172274.427,559230.137],[172272.371,559226.8],[172273.908,559225.843],[172275.964,559229.181]]]}},{"type":"Feature","properties":{"relatieveHoogteligging":0,"lokaalID":"G1900.fe571366fe614408a599a5c52a49c073","bgt_status":"bestaand","function":"parkeervlak","surfaceMaterial":"open verharding","wegdeelOpTalud":"false","plus_fysiekVoorkomenWegdeel":"betonstraatstenen"},"geometry":{"type":"Polygon","coordinates":[[[172401.778,559183.973],[172397.874,559184.243],[172397.714,559182.447],[172401.618,559182.178],[172401.778,559183.973]]]}},{"type":"Feature","properties":{"relatieveHoogteligging":0,"lokaalID":"G1900.0d8bd33022b6491887931b7a0c3af678","bgt_status":"bestaand","function":"rijbaan lokale weg","surfaceMaterial":"open verharding","wegdeelOpTalud":"false","plus_fysiekVoorkomenWegdeel":"gebakken klinkers"},"geometry":{"type":"Polygon","coordinates":[[[172321.194,559323.91],[172321.026,559322.197],[172320.702,559318.898],[172320.674,559318.786],[172320.663,559318.758],[172320.633,559318.704],[172320.843,559318.681],[172318.935,559296.646],[172318.719,559296.673],[172318.719,559296.664],[172318.708,559296.578],[172318.575,559295.558],[172318.504,559295.12],[172318.393,559294.69],[172318.373,559294.625],[172318.218,559294.209],[172318.193,559294.155],[172318.105,559293.967],[172322.678,559293.484],[172322.692,559293.483],[172322.662,559293.545],[172322.656,559293.557],[172322.549,559293.97],[172322.49,559294.306],[172322.484,559294.386],[172322.454,559294.731],[172322.457,559295.158],[172322.467,559295.302],[172322.723,559298.807],[172322.744,559298.969],[172322.77,559299.049],[172322.624,559299.06],[172325.781,559330.418],[172325.977,559330.394],[172325.977,559330.406],[172325.979,559330.418],[172326.205,559332.685],[172326.215,559332.784],[172326.235,559332.854],[172326.278,559332.944],[172326.327,559333.013],[172330.506,559337.007],[172330.643,559337.116],[172330.798,559337.195],[172330.824,559337.205],[172330.994,559337.247],[172331.168,559337.255],[172331.254,559337.247],[172332.106,559337.162],[172333.458,559337.027],[172359.417,559334.439],[172361.249,559334.257],[172363.277,559334.054],[172363.288,559334.159],[172363.473,559335.999],[172363.786,559339.107],[172363.788,559339.171],[172363.802,559339.234],[172363.823,559339.284],[172363.838,559339.307],[172363.617,559339.325],[172365.659,559360.39],[172365.848,559360.364],[172365.835,559360.409],[172365.818,559360.577],[172365.826,559360.686],[172366.061,559362.063],[172366.078,559362.153],[172366.098,559362.21],[172366.143,559362.29],[172366.188,559362.346],[172371.614,559367.34],[172373.472,559369.05],[172377.198,559372.479],[172374.099,559375.814],[172373.72,559375.457],[172368.959,559370.968],[172363.686,559366.093],[172362.011,559364.545],[172361.921,559364.427],[172361.89,559364.371],[172361.88,559364.346],[172361.836,559364.232],[172361.817,559364.139],[172361.497,559361.299],[172361.479,559361.192],[172361.454,559361.12],[172361.427,559361.072],[172361.713,559361.053],[172359.971,559343.547],[172359.77,559343.562],[172359.778,559343.469],[172359.769,559343.382],[172359.55,559341.301],[172359.48,559340.958],[172359.372,559340.626],[172359.226,559340.307],[172359.044,559340.008],[172358.83,559339.731],[172358.586,559339.481],[172358.394,559339.319],[172358.105,559339.121],[172357.796,559338.957],[172357.47,559338.829],[172357.132,559338.74],[172356.785,559338.689],[172356.436,559338.679],[172356.107,559338.705],[172354.302,559338.892],[172335.376,559340.851],[172331.437,559341.218],[172328.801,559341.465],[172328.484,559341.494],[172322.972,559342.009],[172321.194,559323.91]]]}},{"type":"Feature","properties":{"relatieveHoogteligging":0,"lokaalID":"G1900.f2d17598895c4303844c26ff1e0a7913","bgt_status":"bestaand","function":"parkeervlak","surfaceMaterial":"open verharding","wegdeelOpTalud":"false","plus_fysiekVoorkomenWegdeel":"betonstraatstenen"},"geometry":{"type":"Polygon","coordinates":[[[172561.76,558997.315],[172561.11,558991.799],[172561.377,558991.767],[172565.572,558991.259],[172565.606,558991.524],[172567.121,559003.424],[172567.064,559003.365],[172567.031,559003.34],[172566.959,559003.3],[172566.931,559003.291],[172566.881,559003.275],[172566.8,559003.266],[172566.718,559003.273],[172566.682,559003.281],[172562.992,559003.727],[172562.894,559003.724],[172562.798,559003.702],[172562.709,559003.661],[172562.679,559003.643],[172562.612,559003.587],[172562.604,559003.58],[172562.542,559003.504],[172562.496,559003.417],[172562.468,559003.323],[172561.76,558997.315]]]}},{"type":"Feature","properties":{"relatieveHoogteligging":0,"lokaalID":"G1900.67268d1d8329414081cf15843130e080","bgt_status":"bestaand","function":"voetpad","surfaceMaterial":"open verharding","plus_fysiekVoorkomenWegdeel":"tegels"},"geometry":{"type":"Polygon","coordinates":[[[172521.606,559814.151],[172521.489,559814.319],[172521.434,559814.437],[172521.398,559814.546],[172521.367,559814.738],[172521.368,559814.885],[172521.78,559819.37],[172524.088,559844.894],[172524.773,559852.593],[172524.71,559852.943],[172524.524,559853.247],[172522.186,559856.08],[172522.077,559856.242],[172521.998,559856.422],[172521.954,559856.612],[172521.944,559856.807],[172522.661,559865.788],[172522.684,559865.972],[172522.738,559866.15],[172522.823,559866.315],[172522.935,559866.463],[172523.071,559866.589],[172525.878,559869.014],[172526.079,559869.193],[172526.183,559869.339],[172526.259,559869.502],[172526.304,559869.676],[172526.844,559875.479],[172527.513,559882.163],[172527.457,559883.034],[172527.456,559883.303],[172527.447,559883.424],[172527.444,559883.546],[172527.427,559883.701],[172527.412,559883.831],[172527.401,559883.932],[172527.387,559884.055],[172527.355,559884.213],[172527.326,559884.355],[172527.306,559884.456],[172527.286,559884.557],[172527.238,559884.72],[172527.171,559884.952],[172527.076,559885.219],[172526.988,559885.447],[172526.874,559885.696],[172526.767,559885.914],[172526.622,559886.168],[172526.504,559886.365],[172526.338,559886.603],[172526.203,559886.79],[172526.008,559887.022],[172525.864,559887.188],[172525.664,559887.388],[172525.488,559887.558],[172525.27,559887.74],[172525.09,559887.888],[172524.835,559888.065],[172524.66,559888.184],[172524.317,559888.379],[172524.21,559888.439],[172523.732,559888.658],[172522.696,559887.018],[172523.017,559886.909],[172523.327,559886.773],[172523.625,559886.611],[172523.907,559886.424],[172524.172,559886.213],[172524.418,559885.98],[172524.643,559885.727],[172524.845,559885.455],[172525.022,559885.167],[172525.175,559884.865],[172525.3,559884.55],[172525.398,559884.226],[172525.468,559883.895],[172525.509,559883.558],[172525.52,559883.22],[172524.882,559875.8],[172524.331,559869.873],[172518.819,559865.132],[172518.259,559858.261],[172521.061,559854.822],[172522.811,559852.675],[172522.722,559851.237],[172522.657,559850.186],[172522.626,559849.824],[172522.42,559847.45],[172521.99,559843.87],[172518.7,559808.04],[172518.488,559805.535],[172518.406,559804.623],[172515.48,559771.98],[172517.36,559771.22],[172519.883,559798.719],[172519.914,559798.891],[172519.975,559799.056],[172520.062,559799.207],[172520.175,559799.341],[172520.252,559799.411],[172521.606,559814.151]]]}},{"type":"Feature","properties":{"relatieveHoogteligging":0,"lokaalID":"G1900.078f95aa02f54e319e2fa8c88e6d9212","bgt_status":"bestaand","function":"voetpad","surfaceMaterial":"open verharding","plus_fysiekVoorkomenWegdeel":"tegels"},"geometry":{"type":"Polygon","coordinates":[[[172378.622,559454.227],[172377.675,559454.31],[172374.67,559454.571],[172374.557,559454.609],[172374.38,559452.761],[172377.126,559452.417],[172387.596,559451.436],[172426.019,559448.101],[172439.181,559447.059],[172440.428,559446.966],[172444.25,559447.041],[172448.791,559447.78],[172451.824,559449.244],[172453.77,559450.543],[172455.309,559452.943],[172455.747,559454.097],[172455.872,559454.427],[172456.164,559455.196],[172457.489,559460.011],[172455.726,559460.436],[172455.535,559460.208],[172455.475,559460.058],[172454.743,559457.301],[172454.643,559456.79],[172453.666,559453.7],[172452.214,559451.824],[172450.287,559450.107],[172447.831,559449.341],[172443.343,559448.76],[172438.353,559449.024],[172422.504,559450.405],[172421.566,559450.486],[172413.833,559451.16],[172412.879,559451.243],[172409.805,559451.511],[172408.822,559451.597],[172395.401,559452.766],[172394.332,559452.859],[172384.05,559453.754],[172383.033,559453.843],[172378.622,559454.227]]]}},{"type":"Feature","properties":{"relatieveHoogteligging":0,"lokaalID":"G1900.8ae059254d8d48449dc00643c2df7d5d","bgt_status":"bestaand","function":"rijbaan lokale weg","surfaceMaterial":"open verharding","plus_fysiekVoorkomenWegdeel":"betonstraatstenen"},"geometry":{"type":"Polygon","coordinates":[[[172371.567,559482.589],[172371.678,559483.675],[172372.1,559485.894],[172373.077,559487.241],[172374.292,559488.245],[172375.797,559488.906],[172377.697,559489.143],[172384.826,559488.589],[172426.367,559485.161],[172426.551,559486.867],[172426.568,559487.021],[172426.585,559487.179],[172426.738,559488.599],[172426.996,559490.983],[172392.305,559494.034],[172391.601,559494.106],[172386.848,559494.397],[172374.677,559495.691],[172372.274,559496.167],[172368.314,559498.016],[172366.888,559499.046],[172344.699,559510.786],[172342.111,559512.239],[172332.976,559517.047],[172330.315,559518.565],[172305.576,559531.802],[172298.794,559535.215],[172296.992,559535.955],[172293.851,559536.453],[172293.009,559530.074],[172295.141,559529.856],[172296.378,559529.434],[172326.632,559513.226],[172353.906,559498.882],[172361.114,559495.026],[172362.857,559493.494],[172364.177,559491.75],[172365.101,559489.452],[172365.715,559485.193],[172363.698,559466.542],[172363.222,559461.764],[172362.197,559458.776],[172360.552,559456.406],[172358.048,559454.655],[172356.19,559454.026],[172362.142,559453.372],[172363.349,559454.142],[172364.481,559454.504],[172365.718,559454.565],[172366.849,559454.278],[172368.071,559453.569],[172368.434,559453.181],[172373.746,559452.84],[172372.041,559453.7],[172370.487,559455.119],[172369.612,559456.916],[172369.31,559459.119],[172369.405,559460.71],[172370.991,559476.939],[172371.567,559482.589]]]}},{"type":"Feature","properties":{"relatieveHoogteligging":0,"lokaalID":"G1900.dcefc074f2e4432884548041db1fee95","bgt_status":"bestaand","function":"rijbaan lokale weg","surfaceMaterial":"open verharding","plus_fysiekVoorkomenWegdeel":"betonstraatstenen"},"geometry":{"type":"Polygon","coordinates":[[[172502.612,559431.55],[172503.155,559430.916],[172504.209,559428.864],[172515.694,559424.23],[172519.537,559422.679],[172531.389,559417.898],[172535.032,559416.428],[172541.543,559413.897],[172567.655,559403.41],[172581.384,559397.915],[172592.526,559393.583],[172599.681,559389.595],[172603.457,559386.795],[172606.757,559383.704],[172618.559,559370.438],[172620.946,559367.728],[172624.466,559363.732],[172625.22,559362.876],[172629.843,559357.626],[172631.529,559355.712],[172632.667,559354.408],[172634.874,559351.879],[172636.3,559350.245],[172638.487,559347.739],[172639.97,559346.039],[172641.879,559343.851],[172642.058,559343.649],[172645.338,559339.942],[172648.823,559335.187],[172649.092,559334.752],[172651.499,559330.86],[172652.678,559328.953],[172652.866,559328.429],[172654.685,559323.353],[172656.414,559315.934],[172656.519,559314.59],[172656.761,559313.217],[172656.896,559312.356],[172657.258,559308.885],[172656.918,559304.794],[172656.846,559303.927],[172656.836,559303.813],[172654.715,559275.911],[172654.704,559275.769],[172654.617,559274.615],[172654.565,559273.937],[172654.544,559273.658],[172653.671,559259.775],[172653.58,559258.511],[172653.294,559254.538],[172653.303,559254.388],[172653.426,559252.402],[172653.97,559252.375],[172657.015,559252.221],[172659.228,559252.109],[172659.464,559252.098],[172659.634,559260.206],[172663.075,559307.237],[172663.437,559308.656],[172663.859,559309.819],[172664.644,559310.981],[172665.504,559311.675],[172666.349,559312.022],[172666.014,559313.434],[172665.094,559312.347],[172663.721,559311.486],[172662.242,559311.23],[172660.703,559311.381],[172659.527,559311.939],[172658.636,559312.724],[172658.067,559313.468],[172657.975,559313.734],[172657.592,559314.841],[172657.618,559316.215],[172657.988,559317.43],[172658.78,559318.724],[172659.915,559319.675],[172661.42,559320.124],[172662.619,559320.211],[172663.464,559320.03],[172664.339,559319.517],[172665.199,559318.943],[172664.844,559320.41],[172664.301,559320.41],[172663.394,559320.814],[172662.777,559321.089],[172661.269,559322.13],[172660.577,559323.262],[172660.049,559324.713],[172657.25,559332.415],[172654.016,559337.916],[172648.725,559345.104],[172640.824,559354.257],[172626.408,559370.483],[172617.159,559381.23],[172615.615,559383.025],[172615.113,559383.512],[172607.282,559391.116],[172606.589,559391.788],[172604.943,559393.386],[172601.036,559395.725],[172596.313,559398.186],[172591.997,559400.133],[172586.532,559402.273],[172525.291,559426.742],[172523.251,559427.753],[172507.804,559433.944],[172505.211,559434.902],[172503.866,559434.941],[172502.612,559431.55]]]}},{"type":"Feature","properties":{"relatieveHoogteligging":0,"lokaalID":"G1900.fec6aebb57b94ad5ab9b5a2500b6b151","bgt_status":"bestaand","function":"voetpad","surfaceMaterial":"open verharding","plus_fysiekVoorkomenWegdeel":"tegels"},"geometry":{"type":"Polygon","coordinates":[[[172356.19,559454.026],[172358.048,559454.655],[172360.552,559456.406],[172362.197,559458.776],[172363.222,559461.764],[172363.698,559466.542],[172365.715,559485.193],[172365.101,559489.452],[172364.177,559491.75],[172362.857,559493.494],[172361.114,559495.026],[172353.906,559498.882],[172326.632,559513.226],[172296.378,559529.434],[172295.141,559529.856],[172293.009,559530.074],[172291.746,559530.204],[172279.676,559531.789],[172270.011,559533.045],[172260.823,559534.128],[172258.473,559534.26],[172256.836,559533.996],[172255.5,559533.537],[172254.621,559533.252],[172251.121,559529.969],[172252.298,559528.819],[172255.913,559532.032],[172256.169,559531.818],[172258.474,559529.385],[172260.254,559527.506],[172293.005,559492.94],[172294.083,559491.802],[172296.844,559493.01],[172276.989,559514.217],[172284.51,559529.248],[172295.124,559527.954],[172330.008,559509.377],[172332.513,559508.043],[172332.974,559507.798],[172358.948,559493.876],[172326.195,559496.675],[172324.122,559494.918],[172328.486,559494.536],[172361.937,559491.604],[172362.104,559491.59],[172363.212,559489.278],[172363.675,559486.227],[172362.011,559469.446],[172361.846,559467.676],[172361.605,559464.657],[172361.273,559461.699],[172360.745,559460.038],[172359.96,559458.574],[172358.542,559457.185],[172356.973,559456.264],[172355.839,559456.033],[172356.19,559454.026]],[[172260.177,559532.343],[172282.541,559529.438],[172275.887,559515.807],[172261.019,559531.458],[172260.177,559532.343]]]}},{"type":"Feature","properties":{"relatieveHoogteligging":0,"lokaalID":"G1900.174d0e82a86647849d8fb3e175ec1ca3","bgt_status":"bestaand","function":"voetpad","surfaceMaterial":"open verharding","plus_fysiekVoorkomenWegdeel":"tegels"},"geometry":{"type":"Polygon","coordinates":[[[172374.557,559454.609],[172373.006,559455.126],[172371.977,559456.473],[172371.29,559458.032],[172371.184,559459.881],[172372.085,559468.656],[172373.382,559481.309],[172373.581,559482.494],[172371.567,559482.589],[172370.991,559476.939],[172369.405,559460.71],[172369.31,559459.119],[172369.612,559456.916],[172370.487,559455.119],[172372.041,559453.7],[172373.746,559452.84],[172374.38,559452.761],[172374.557,559454.609]]]}},{"type":"Feature","properties":{"relatieveHoogteligging":0,"lokaalID":"G1900.913ce484d0ad40058f7e4bf68dac1e39","bgt_status":"bestaand","function":"rijbaan lokale weg","surfaceMaterial":"open verharding","plus_fysiekVoorkomenWegdeel":"betonstraatstenen"},"geometry":{"type":"Polygon","coordinates":[[[172293.009,559530.074],[172293.851,559536.453],[172291.283,559536.86],[172275.529,559538.664],[172274.236,559538.823],[172259.503,559540.629],[172256.908,559540.342],[172254.872,559539.814],[172253.725,559539.325],[172255.5,559533.537],[172256.836,559533.996],[172258.473,559534.26],[172260.823,559534.128],[172270.011,559533.045],[172279.676,559531.789],[172291.746,559530.204],[172293.009,559530.074]]]}},{"type":"Feature","properties":{"relatieveHoogteligging":0,"lokaalID":"G1900.09233128211040ff9023381d6df65e1d","bgt_status":"bestaand","function":"voetpad","surfaceMaterial":"open verharding","wegdeelOpTalud":"false","plus_fysiekVoorkomenWegdeel":"betonstraatstenen"},"geometry":{"type":"Polygon","coordinates":[[[172518.005,559419.063],[172519.282,559422.096],[172515.45,559423.629],[172514.115,559420.64],[172518.005,559419.063]]]}},{"type":"Feature","properties":{"relatieveHoogteligging":0,"lokaalID":"G1900.c47977b417be4aac988d06eccb9a4a7f","bgt_status":"bestaand","function":"voetpad","surfaceMaterial":"open verharding","wegdeelOpTalud":"false","plus_fysiekVoorkomenWegdeel":"betonstraatstenen"},"geometry":{"type":"Polygon","coordinates":[[[172533.818,559412.818],[172534.795,559415.881],[172531.157,559417.311],[172529.995,559414.377],[172533.818,559412.818]]]}},{"type":"Feature","properties":{"relatieveHoogteligging":0,"lokaalID":"G1900.ef1776cbce014c659f0288ce17bf13d0","bgt_status":"bestaand","function":"voetpad","surfaceMaterial":"open verharding","wegdeelOpTalud":"false","plus_fysiekVoorkomenWegdeel":"tegels"},"geometry":{"type":"Polygon","coordinates":[[[172519.537,559422.679],[172519.282,559422.096],[172518.005,559419.063],[172517.755,559418.517],[172529.719,559413.764],[172529.995,559414.377],[172531.157,559417.311],[172531.389,559417.898],[172519.537,559422.679]]]}},{"type":"Feature","properties":{"relatieveHoogteligging":0,"lokaalID":"G1900.de00de8265f54f9bbde93041341a6d00","bgt_status":"bestaand","function":"voetpad","surfaceMaterial":"open verharding","plus_fysiekVoorkomenWegdeel":"tegels"},"geometry":{"type":"Polygon","coordinates":[[[172233.101,559392.763],[172233.75,559393.328],[172218.39,559410.226],[172217.606,559411.089],[172215.315,559413.609],[172215.196,559413.724],[172214.316,559412.9],[172216.701,559410.343],[172219.44,559407.407],[172219.482,559407.446],[172222.107,559404.629],[172222.067,559404.592],[172233.101,559392.763]]]}},{"type":"Feature","properties":{"relatieveHoogteligging":0,"lokaalID":"G1900.b5d3c05893ec4320b240c97afc6d773e","bgt_status":"bestaand","function":"voetpad","surfaceMaterial":"open verharding","wegdeelOpTalud":"false","plus_fysiekVoorkomenWegdeel":"tegels"},"geometry":{"type":"Polygon","coordinates":[[[172404.006,559286.981],[172380.568,559289.22],[172380.679,559290.633],[172381.399,559299.773],[172382.693,559314.169],[172381.584,559314.248],[172381.548,559313.775],[172379.668,559289.228],[172377.706,559289.424],[172357.117,559291.478],[172355.334,559291.174],[172329.129,559293.419],[172329.166,559293.791],[172327.954,559293.865],[172322.484,559294.386],[172322.49,559294.306],[172322.549,559293.97],[172322.656,559293.557],[172322.662,559293.545],[172322.692,559293.483],[172322.727,559293.413],[172322.772,559293.325],[172322.785,559293.312],[172322.85,559293.26],[172322.925,559293.222],[172323.005,559293.198],[172323.089,559293.191],[172323.172,559293.201],[172323.196,559293.207],[172323.441,559292.76],[172323.445,559292.754],[172323.724,559292.329],[172323.662,559292.279],[172323.611,559292.218],[172323.573,559292.148],[172323.549,559292.073],[172323.547,559292.063],[172323.54,559291.984],[172323.549,559291.905],[172323.555,559291.886],[172323.655,559291.712],[172323.778,559291.579],[172324.104,559291.268],[172324.456,559290.987],[172324.832,559290.739],[172325.228,559290.525],[172325.384,559290.453],[172325.804,559290.289],[172326.236,559290.163],[172326.678,559290.075],[172327.126,559290.028],[172327.942,559289.95],[172329.533,559291.96],[172349.648,559290.013],[172351.447,559287.759],[172353.651,559287.561],[172356.855,559287.274],[172356.921,559289.597],[172379.865,559287.563],[172400.327,559285.652],[172401.88,559283.824],[172402.708,559283.237],[172403.474,559283.186],[172404.273,559283.358],[172406.543,559284.045],[172408.233,559285.101],[172409.426,559285.972],[172409.673,559286.443],[172409.672,559286.448],[172409.653,559286.536],[172409.617,559286.619],[172409.565,559286.693],[172409.518,559286.74],[172409.444,559286.793],[172409.43,559286.799],[172409.362,559286.83],[172409.274,559286.85],[172406.126,559287.118],[172404.006,559286.981]]]}},{"type":"Feature","properties":{"relatieveHoogteligging":0,"lokaalID":"G1900.0dc95dbf08624e85ab55c4b6c50901ba","bgt_status":"bestaand","function":"inrit","surfaceMaterial":"open verharding","wegdeelOpTalud":"false","plus_fysiekVoorkomenWegdeel":"betonstraatstenen"},"geometry":{"type":"Polygon","coordinates":[[[172290.979,559123.398],[172292.499,559125.651],[172289.014,559127.774],[172287.53,559125.549],[172288.106,559125.19],[172289.459,559124.346],[172290.979,559123.398]]]}},{"type":"Feature","properties":{"relatieveHoogteligging":0,"lokaalID":"G1900.1b5b406797994142b20931d4b8823b0b","bgt_status":"bestaand","function":"voetpad","surfaceMaterial":"open verharding","wegdeelOpTalud":"false","plus_fysiekVoorkomenWegdeel":"tegels"},"geometry":{"type":"Polygon","coordinates":[[[172221.865,559293.631],[172221.871,559295.936],[172220.412,559295.984],[172220.408,559293.68],[172220.408,559291.824],[172221.865,559291.788],[172221.865,559293.631]]]}},{"type":"Feature","properties":{"relatieveHoogteligging":0,"lokaalID":"G1900.1f7287fd30334832b87f127c3543af9c","bgt_status":"bestaand","function":"voetpad","surfaceMaterial":"open verharding","wegdeelOpTalud":"false","plus_fysiekVoorkomenWegdeel":"tegels"},"geometry":{"type":"Polygon","coordinates":[[[172271.141,559299.668],[172251.679,559300.227],[172253.566,559301.983],[172261.761,559309.606],[172260.539,559310.964],[172249.372,559300.333],[172199.804,559301.729],[172199.668,559300.029],[172248.927,559298.521],[172248.904,559297.276],[172250.367,559297.227],[172251.921,559297.176],[172251.963,559298.447],[172272.952,559297.841],[172271.141,559299.668]]]}},{"type":"Feature","properties":{"relatieveHoogteligging":0,"lokaalID":"G1900.2becbe50608c407bb06489c0dd546f53","bgt_status":"bestaand","function":"inrit","surfaceMaterial":"open verharding","wegdeelOpTalud":"false","plus_fysiekVoorkomenWegdeel":"betonstraatstenen"},"geometry":{"type":"Polygon","coordinates":[[[172270.576,559136.122],[172272.027,559138.294],[172268.636,559140.289],[172267.274,559138.181],[172269.135,559137.021],[172270.576,559136.122]]]}},{"type":"Feature","properties":{"relatieveHoogteligging":0,"lokaalID":"G1900.35a3cf579795448eb8fdeb3439d269ed","bgt_status":"bestaand","function":"voetpad","surfaceMaterial":"half verhard","wegdeelOpTalud":"false"},"geometry":{"type":"Polygon","coordinates":[[[172451.756,559229.873],[172451.442,559230.847],[172451.389,559234.096],[172451.89,559237.768],[172452.603,559240.489],[172453.211,559242.417],[172453.95,559243.315],[172454.98,559243.58],[172457.066,559243.421],[172459.706,559243.395],[172462.267,559243.263],[172464.538,559243.368],[172466.782,559243.606],[172470.083,559245.323],[172471.746,559246.406],[172473.568,559248.097],[172475.178,559251.32],[172477.084,559257.336],[172475.894,559257.637],[172473.673,559251.795],[172473.225,559250.316],[172472.591,559248.995],[172471.429,559247.885],[172470.03,559246.934],[172468.313,559245.878],[172466.28,559245.244],[172464.802,559244.927],[172463.218,559244.742],[172461.897,559244.848],[172459.257,559245.032],[172457.594,559245.165],[172454.003,559245.138],[172453.791,559245.429],[172454.531,559253.856],[172454.726,559256.424],[172453.557,559256.496],[172453.135,559253.444],[172452.95,559250.01],[172452.712,559245.546],[172451.894,559242.428],[172450.626,559239.364],[172450.019,559235.904],[172449.781,559232.337],[172450.098,559229.194],[172450.273,559228.812],[172451.128,559226.948],[172453.321,559223.371],[172453.768,559222.643],[172455.088,559223.594],[172453.29,559226.198],[172452.26,559228.311],[172451.756,559229.873]]]}},{"type":"Feature","properties":{"relatieveHoogteligging":0,"lokaalID":"G1900.4ef44ffbc6fd4019b9c300efc95da5c1","bgt_status":"bestaand","function":"inrit","surfaceMaterial":"open verharding","wegdeelOpTalud":"false","plus_fysiekVoorkomenWegdeel":"betonstraatstenen"},"geometry":{"type":"Polygon","coordinates":[[[172305.641,559114.615],[172306.987,559116.847],[172304.405,559118.389],[172303.045,559116.159],[172305.641,559114.615]]]}},{"type":"Feature","properties":{"relatieveHoogteligging":0,"lokaalID":"G1900.526cd82d7dc6490d98f3a7dc8eb67c83","bgt_status":"bestaand","function":"inrit","surfaceMaterial":"open verharding","wegdeelOpTalud":"false","plus_fysiekVoorkomenWegdeel":"betonstraatstenen"},"geometry":{"type":"Polygon","coordinates":[[[172285.503,559126.814],[172286.986,559129.038],[172284.365,559130.645],[172282.945,559128.408],[172283.088,559128.319],[172285.503,559126.814]]]}},{"type":"Feature","properties":{"relatieveHoogteligging":0,"lokaalID":"G1900.53b30cb6547046ffa40d6952ea55441f","bgt_status":"bestaand","function":"voetpad","surfaceMaterial":"open verharding","wegdeelOpTalud":"false","plus_fysiekVoorkomenWegdeel":"tegels"},"geometry":{"type":"Polygon","coordinates":[[[172230.867,559291.562],[172230.867,559293.417],[172230.849,559295.639],[172230.398,559295.654],[172229.928,559295.669],[172229.93,559293.439],[172229.93,559291.586],[172230.867,559291.562]]]}},{"type":"Feature","properties":{"relatieveHoogteligging":0,"lokaalID":"G1900.65b1deb65cb2421c9f517dc3d9a9b2ef","bgt_status":"bestaand","function":"parkeervlak","surfaceMaterial":"open verharding","wegdeelOpTalud":"false","plus_fysiekVoorkomenWegdeel":"betonstraatstenen"},"geometry":{"type":"Polygon","coordinates":[[[172566.008,559226.176],[172566.39,559230.04],[172567.08,559236.44],[172567.664,559242.283],[172564.34,559242.61],[172564.88,559248.3],[172565.27,559251.42],[172565.51,559254.08],[172565.75,559256.74],[172566.02,559260.73],[172566.48,559265.69],[172566.98,559271.26],[172567.5,559277.03],[172568,559282.69],[172568.52,559288.45],[172569.04,559294.3],[172566.181,559294.57],[172565.93,559291.99],[172564.15,559292.17],[172556.703,559227.432],[172556.662,559226.964],[172566.008,559226.176]],[[172566.25,559280.04],[172564.69,559280.2],[172565.41,559286.15],[172566.77,559285.99],[172566.25,559280.04]]]}},{"type":"Feature","properties":{"relatieveHoogteligging":0,"lokaalID":"G1900.68785ff9ce3c4d8295133beae04edd5d","bgt_status":"bestaand","function":"voetpad","surfaceMaterial":"open verharding","wegdeelOpTalud":"false","plus_fysiekVoorkomenWegdeel":"tegels"},"geometry":{"type":"Polygon","coordinates":[[[172199.804,559301.729],[172199.923,559306.321],[172198.116,559306.359],[172197.955,559301.887],[172195.6,559301.915],[172195.543,559299.26],[172195.538,559299.033],[172199.602,559298.9],[172199.668,559300.029],[172199.804,559301.729]]]}},{"type":"Feature","properties":{"relatieveHoogteligging":0,"lokaalID":"G1900.69bec08cc1504a70b43f88275061b3fa","bgt_status":"bestaand","function":"rijbaan lokale weg","surfaceMaterial":"open verharding","wegdeelOpTalud":"false","plus_fysiekVoorkomenWegdeel":"betonstraatstenen"},"geometry":{"type":"Polygon","coordinates":[[[172271.865,559307.972],[172260.37,559320.112],[172260.163,559320.336],[172228.146,559354.926],[172223.544,559350.775],[172260.539,559310.964],[172261.761,559309.606],[172269.257,559301.664],[172269.384,559301.529],[172271.141,559299.668],[172272.952,559297.841],[172273.625,559297.011],[172274.123,559296.396],[172278.521,559292.079],[172278.936,559291.672],[172279.757,559290.793],[172280.861,559289.611],[172281.943,559288.937],[172282.714,559288.457],[172282.801,559288.403],[172284.163,559287.929],[172285.82,559287.542],[172286.123,559287.516],[172294.559,559286.788],[172294.688,559286.777],[172295.589,559286.699],[172301.067,559286.226],[172309.081,559285.535],[172314.5,559284.973],[172323.489,559284.041],[172323.602,559284.029],[172343.552,559282.337],[172350.846,559281.718],[172351.559,559281.658],[172353.957,559281.454],[172354.385,559281.418],[172354.537,559281.405],[172356.331,559281.253],[172356.841,559281.21],[172386.671,559278.68],[172387.927,559278.564],[172397.89,559277.368],[172398.259,559277.324],[172398.315,559277.32],[172405.763,559276.77],[172407.998,559276.605],[172415.665,559275.999],[172416.271,559282.336],[172403.474,559283.186],[172402.708,559283.237],[172399.716,559283.435],[172377.162,559285.455],[172356.855,559287.274],[172353.651,559287.561],[172351.447,559287.759],[172344.322,559288.397],[172327.942,559289.95],[172327.126,559290.028],[172326.678,559290.075],[172313.59,559291.194],[172313.133,559291.211],[172313.007,559291.222],[172289.183,559293.339],[172285.743,559293.762],[172284.129,559294.819],[172272.794,559306.991],[172271.865,559307.972]]]}},{"type":"Feature","properties":{"relatieveHoogteligging":0,"lokaalID":"G1900.86f3cb096ca04ef594e232dcc57a421f","bgt_status":"bestaand","function":"rijbaan lokale weg","surfaceMaterial":"open verharding","wegdeelOpTalud":"false","plus_fysiekVoorkomenWegdeel":"betonstraatstenen"},"geometry":{"type":"Polygon","coordinates":[[[172195.463,559295.58],[172195.479,559296.323],[172195.49,559296.809],[172195.494,559296.974],[172195.538,559299.033],[172195.543,559299.26],[172195.6,559301.915],[172195.677,559305.454],[172189.582,559305.575],[172189.356,559304.216],[172189.054,559303.084],[172188.299,559301.922],[172187.364,559301.258],[172186.157,559300.684],[172185.252,559300.443],[172183.295,559300.546],[172183.098,559300.556],[172182.491,559294.454],[172183.571,559294.383],[172186.108,559294.216],[172187.191,559293.846],[172188.59,559292.631],[172189.171,559291.786],[172189.356,559290.571],[172189.197,559286.82],[172195.27,559286.635],[172195.424,559293.765],[172195.463,559295.58]]]}},{"type":"Feature","properties":{"relatieveHoogteligging":0,"lokaalID":"G1900.948414d0b4df4b958331ce01b1b4cdc2","bgt_status":"bestaand","function":"fietspad","surfaceMaterial":"open verharding","wegdeelOpTalud":"false","plus_fysiekVoorkomenWegdeel":"betonstraatstenen"},"geometry":{"type":"Polygon","coordinates":[[[172497.822,559243.272],[172489.443,559255.875],[172485.302,559258.914],[172481.169,559261.573],[172471.662,559264.809],[172465.014,559263.857],[172461.447,559263.346],[172457.886,559262.837],[172452.299,559262.015],[172447.744,559261.346],[172437.101,559259.781],[172432.748,559259.408],[172427.756,559259.988],[172425.024,559261.076],[172420.064,559264.898],[172416.794,559267.418],[172410.786,559271.96],[172405.733,559275.781],[172405.75,559276.336],[172405.763,559276.77],[172398.315,559277.32],[172398.798,559277.119],[172408.947,559269.67],[172409.845,559269.011],[172410.836,559268.262],[172424.057,559258.259],[172427.494,559257.082],[172433.047,559256.561],[172433.294,559256.587],[172437.56,559257.022],[172453.732,559259.374],[172454.906,559259.545],[172458.383,559260.05],[172459.076,559260.152],[172460.416,559260.348],[172471.385,559261.955],[172476.782,559260.093],[172477.866,559259.72],[172479.808,559259.05],[172483.635,559256.621],[172487.245,559253.961],[172497.362,559239.12],[172502.723,559233.626],[172506.017,559230.249],[172510.39,559229.884],[172499.376,559240.934],[172497.822,559243.272]]]}},{"type":"Feature","properties":{"relatieveHoogteligging":0,"lokaalID":"G1900.a690de99a201499899fdfc8d17cfe936","bgt_status":"bestaand","function":"voetpad","surfaceMaterial":"open verharding","wegdeelOpTalud":"false","plus_fysiekVoorkomenWegdeel":"tegels"},"geometry":{"type":"Polygon","coordinates":[[[172251.102,559148.267],[172250.13,559146.651],[172253.387,559144.739],[172253.503,559144.671],[172267.144,559136.103],[172305.471,559112.032],[172307.84,559110.544],[172309.667,559109.444],[172311.19,559108.464],[172342.597,559090.358],[172345.056,559089.015],[172345.117,559091.128],[172312.38,559110.606],[172310.871,559111.503],[172305.923,559114.447],[172305.641,559114.615],[172303.045,559116.159],[172302.963,559116.208],[172293.047,559122.108],[172290.979,559123.398],[172289.459,559124.346],[172288.106,559125.19],[172287.53,559125.549],[172285.544,559126.788],[172285.503,559126.814],[172283.088,559128.319],[172282.945,559128.408],[172270.576,559136.122],[172269.135,559137.021],[172267.274,559138.181],[172266.867,559138.435],[172251.102,559148.267]]]}},{"type":"Feature","properties":{"relatieveHoogteligging":0,"lokaalID":"G1900.ae84e1ca7e6f4f0b9d9450c0a208c47d","bgt_status":"bestaand","function":"rijbaan lokale weg","surfaceMaterial":"open verharding","wegdeelOpTalud":"false","plus_fysiekVoorkomenWegdeel":"betonstraatstenen"},"geometry":{"type":"Polygon","coordinates":[[[172312.485,559114.165],[172314.184,559113.159],[172339.621,559098.1],[172342.733,559103.284],[172334.078,559108.52],[172330.446,559110.717],[172328.943,559111.626],[172323.876,559114.691],[172321.941,559115.862],[172317.934,559118.286],[172315.996,559119.458],[172314.816,559120.172],[172314.204,559120.542],[172311.418,559122.228],[172308.715,559123.863],[172306.915,559124.951],[172303.827,559126.819],[172297.652,559130.555],[172292.42,559133.72],[172286.138,559137.52],[172284.314,559138.624],[172282.147,559139.935],[172279.449,559141.567],[172275.3,559144.077],[172272.652,559145.679],[172266.803,559149.217],[172262.436,559151.804],[172258.91,559153.893],[172258.755,559154.018],[172258.022,559154.61],[172257.616,559154.964],[172257.237,559155.347],[172256.888,559155.757],[172256.57,559156.192],[172256.286,559156.649],[172256.036,559157.126],[172255.822,559157.62],[172255.645,559158.129],[172255.521,559158.596],[172253.079,559158.147],[172253.11,559157.151],[172253.049,559156.245],[172252.793,559155.385],[172252.31,559154.57],[172251.525,559153.739],[172250.545,559153.256],[172249.262,559152.894],[172249.653,559149.986],[172251.609,559150.204],[172253.195,559150.031],[172255.67,559148.996],[172267.781,559141.42],[172268.915,559140.722],[172270.663,559139.646],[172272.269,559138.657],[172284.626,559131.055],[172285.102,559130.762],[172287.256,559129.444],[172289.295,559128.196],[172289.356,559128.159],[172292.778,559126.065],[172304.654,559118.798],[172307.217,559117.229],[172307.484,559117.066],[172312.485,559114.165]]]}},{"type":"Feature","properties":{"relatieveHoogteligging":0,"lokaalID":"G1900.d5b0d56a30e54c2ca345887f98e978e7","bgt_status":"bestaand","function":"voetpad","surfaceMaterial":"open verharding","wegdeelOpTalud":"false","plus_fysiekVoorkomenWegdeel":"tegels"},"geometry":{"type":"Polygon","coordinates":[[[172198.125,559219.269],[172197.562,559224.299],[172197.547,559230.11],[172198.403,559259.785],[172198.422,559260.45],[172198.442,559260.931],[172198.814,559269.718],[172199.497,559292.526],[172199.511,559292.983],[172199.552,559294.385],[172199.649,559296.671],[172199.627,559296.672],[172197.918,559296.728],[172197.851,559295.545],[172197.672,559295.547],[172195.463,559295.58],[172195.424,559293.765],[172197.639,559293.747],[172197.022,559279.96],[172196.281,559262.894],[172195.828,559253.279],[172195.568,559238.452],[172195.829,559226.19],[172193.608,559225.974],[172195.165,559217.252],[172195.247,559216.841],[172197.119,559215.62],[172198.606,559211.363],[172201.11,559205.657],[172203.425,559201.801],[172203.866,559202.033],[172208.369,559196.449],[172210.602,559194.004],[172209.211,559192.505],[172216.388,559186.011],[172220.41,559182.5],[172222.756,559185.174],[172230.413,559180.31],[172228.824,559178.059],[172229.081,559177.858],[172230.182,559176.998],[172231.627,559179.438],[172235.931,559176.823],[172234.016,559174.016],[172235.276,559173.037],[172237.172,559175.978],[172251.187,559167.202],[172251.246,559167.264],[172251.46,559167.515],[172251.476,559167.539],[172250.999,559167.859],[172251.702,559168.993],[172249.865,559170.162],[172248.728,559170.886],[172230.248,559182.656],[172218.151,559190.307],[172217.137,559190.949],[172216.672,559191.243],[172214.55,559192.585],[172211.578,559195.559],[172206.071,559202.366],[172203.084,559206.623],[172200.609,559211.876],[172200.308,559213.4],[172199.055,559212.963],[172197.758,559217.778],[172198.195,559218.638],[172198.125,559219.269]],[[172218.516,559185.869],[172216.464,559187.726],[172213.432,559190.232],[172212.662,559190.866],[172213.432,559191.59],[172219.587,559187.258],[172218.516,559185.869]]]}},{"type":"Feature","properties":{"relatieveHoogteligging":0,"lokaalID":"G1900.e98f44cc94eb48a6b8904ce01192ac9d","bgt_status":"bestaand","function":"voetpad","surfaceMaterial":"open verharding","wegdeelOpTalud":"false","plus_fysiekVoorkomenWegdeel":"tegels"},"geometry":{"type":"Polygon","coordinates":[[[172260.278,559234.433],[172253.872,559238.599],[172252.209,559251.516],[172252.209,559256.139],[172251.753,559294.951],[172250.993,559294.976],[172249.865,559295.013],[172249.862,559294.514],[172249.884,559292.981],[172249.886,559292.835],[172249.913,559290.972],[172250.351,559260.67],[172250.542,559252.721],[172250.562,559251.9],[172250.604,559251.522],[172251.407,559244.213],[172254.417,559222.156],[172255.489,559221.508],[172257.955,559220.017],[172273.766,559209.823],[172275.32,559208.821],[172277.04,559207.706],[172277.949,559209.133],[172278.01,559209.24],[172273.429,559212.175],[172276.106,559216.462],[172275.896,559216.583],[172275.717,559216.698],[172275.65,559216.702],[172275.554,559216.69],[172275.531,559216.684],[172275.44,559216.649],[172275.359,559216.597],[172275.294,559216.535],[172275.288,559216.53],[172272.873,559212.656],[172259.075,559221.537],[172261.405,559225.293],[172261.408,559225.298],[172261.421,559225.323],[172261.451,559225.405],[172261.464,559225.491],[172261.46,559225.579],[172261.455,559225.61],[172261.428,559225.694],[172261.385,559225.77],[172261.339,559225.839],[172261.261,559225.919],[172260.95,559225.415],[172258.679,559226.818],[172256.373,559223.166],[172255.636,559223.705],[172254.388,559236.106],[172259.2,559232.746],[172259.584,559233.378],[172260.019,559234.039],[172260.278,559234.433]]]}},{"type":"Feature","properties":{"relatieveHoogteligging":0,"lokaalID":"G1900.0ea006fe560c4bc1a3201abe2b346f9f","bgt_status":"bestaand","function":"voetpad","surfaceMaterial":"open verharding","wegdeelOpTalud":"false","plus_fysiekVoorkomenWegdeel":"tegels"},"geometry":{"type":"Polygon","coordinates":[[[172406.126,559287.118],[172408.037,559307.237],[172409.885,559326.75],[172414,559326.362],[172414.026,559326.358],[172414.081,559326.357],[172414.11,559326.357],[172414.193,559326.371],[172414.271,559326.402],[172414.342,559326.447],[172414.376,559326.477],[172414.431,559326.542],[172414.471,559326.615],[172414.501,559326.765],[172414.664,559328.37],[172408.169,559328.833],[172407.9,559326.42],[172407.54,559323.13],[172407.35,559320.75],[172407.03,559317.42],[172406.8,559315.08],[172406.48,559311.76],[172406.26,559309.4],[172405.94,559306.08],[172405.72,559303.73],[172405.39,559300.41],[172405.17,559298.05],[172404.85,559294.76],[172404.64,559292.42],[172404.526,559292.431],[172404.2,559289.018],[172404.006,559286.981],[172406.126,559287.118]]]}},{"type":"Feature","properties":{"relatieveHoogteligging":0,"lokaalID":"G1900.9ef79d8c8cfb49e4beb5f186e70433a1","bgt_status":"bestaand","function":"fietspad","surfaceMaterial":"open verharding","wegdeelOpTalud":"false","plus_fysiekVoorkomenWegdeel":"tegels"},"geometry":{"type":"Polygon","coordinates":[[[172546.688,559223.501],[172546.935,559227.011],[172546.952,559227.25],[172542.887,559227.579],[172527.058,559228.764],[172517.79,559229.499],[172514.175,559229.854],[172514.182,559229.569],[172513.835,559229.598],[172512.424,559229.715],[172510.39,559229.884],[172506.017,559230.249],[172509.522,559226.626],[172509.627,559226.52],[172511.129,559226.379],[172535.131,559224.354],[172536.81,559224.23],[172546.61,559223.506],[172546.613,559223.506],[172546.688,559223.501]]]}},{"type":"Feature","properties":{"relatieveHoogteligging":0,"lokaalID":"G1900.4a783606187e419493b143efa66e47c6","bgt_status":"bestaand","function":"inrit","surfaceMaterial":"open verharding","wegdeelOpTalud":"false","plus_fysiekVoorkomenWegdeel":"beton element"},"geometry":{"type":"Polygon","coordinates":[[[172287.256,559129.444],[172285.102,559130.762],[172284.626,559131.055],[172284.365,559130.645],[172286.986,559129.038],[172287.256,559129.444]]]}},{"type":"Feature","properties":{"relatieveHoogteligging":0,"lokaalID":"G1900.537c46bbf7b748f2a89e2b4e7840d821","bgt_status":"bestaand","function":"voetpad","surfaceMaterial":"open verharding","wegdeelOpTalud":"false","plus_fysiekVoorkomenWegdeel":"tegels"},"geometry":{"type":"Polygon","coordinates":[[[172459.076,559260.152],[172462.422,559257.561],[172463.003,559258.285],[172460.416,559260.348],[172459.076,559260.152]]]}},{"type":"Feature","properties":{"relatieveHoogteligging":0,"lokaalID":"G1900.696ba47318494833b6c0f7aab20b7604","bgt_status":"bestaand","function":"inrit","surfaceMaterial":"open verharding","wegdeelOpTalud":"false","plus_fysiekVoorkomenWegdeel":"beton element"},"geometry":{"type":"Polygon","coordinates":[[[172292.778,559126.065],[172289.356,559128.159],[172289.295,559128.196],[172289.014,559127.774],[172292.499,559125.651],[172292.778,559126.065]]]}},{"type":"Feature","properties":{"relatieveHoogteligging":0,"lokaalID":"G1900.8b19759c624540a39ca8e813b5cf0ba0","bgt_status":"bestaand","function":"parkeervlak","surfaceMaterial":"open verharding","wegdeelOpTalud":"false","plus_fysiekVoorkomenWegdeel":"gebakken klinkers"},"geometry":{"type":"Polygon","coordinates":[[[172409.43,559286.799],[172410.493,559288.834],[172411.91,559303.659],[172413.306,559318.259],[172414.081,559326.357],[172414.026,559326.358],[172414,559326.362],[172409.885,559326.75],[172408.037,559307.237],[172406.126,559287.118],[172409.274,559286.85],[172409.362,559286.83],[172409.43,559286.799]],[[172409.257,559287.357],[172406.635,559287.582],[172410.322,559326.222],[172413.555,559325.923],[172411.748,559307.011],[172410.017,559289.005],[172409.257,559287.357]]]}},{"type":"Feature","properties":{"relatieveHoogteligging":0,"lokaalID":"G1900.8b8915c70e134c548160c51c1f4b3f9e","bgt_status":"bestaand","function":"inrit","surfaceMaterial":"open verharding","wegdeelOpTalud":"false","plus_fysiekVoorkomenWegdeel":"beton element"},"geometry":{"type":"Polygon","coordinates":[[[172307.217,559117.229],[172304.654,559118.798],[172304.405,559118.389],[172306.987,559116.847],[172307.217,559117.229]]]}},{"type":"Feature","properties":{"relatieveHoogteligging":0,"lokaalID":"G1900.8f6fbe063e124f1990b2dfe091d10f2d","bgt_status":"bestaand","function":"inrit","surfaceMaterial":"open verharding","wegdeelOpTalud":"false","plus_fysiekVoorkomenWegdeel":"beton element"},"geometry":{"type":"Polygon","coordinates":[[[172272.269,559138.657],[172270.663,559139.646],[172268.915,559140.722],[172268.636,559140.289],[172272.027,559138.294],[172272.269,559138.657]]]}},{"type":"Feature","properties":{"relatieveHoogteligging":0,"lokaalID":"G1900.bfed972054714ca0830ca5ae659ea722","bgt_status":"bestaand","function":"voetpad","surfaceMaterial":"open verharding","wegdeelOpTalud":"false","plus_fysiekVoorkomenWegdeel":"betonstraatstenen"},"geometry":{"type":"Polygon","coordinates":[[[172454.726,559256.424],[172454.906,559259.545],[172453.732,559259.374],[172453.557,559256.496],[172454.726,559256.424]]]}},{"type":"Feature","properties":{"relatieveHoogteligging":0,"lokaalID":"G1900.c3093bbbd1884830974413e017f675e9","bgt_status":"bestaand","function":"voetpad","surfaceMaterial":"open verharding","wegdeelOpTalud":"false","plus_fysiekVoorkomenWegdeel":"betonstraatstenen"},"geometry":{"type":"Polygon","coordinates":[[[172477.084,559257.336],[172477.866,559259.72],[172476.782,559260.093],[172475.894,559257.637],[172477.084,559257.336]]]}},{"type":"Feature","properties":{"relatieveHoogteligging":0,"lokaalID":"G1900.d1ed9a4eea91436fb2b28b3039599d4b","bgt_status":"bestaand","function":"fietspad","surfaceMaterial":"open verharding","wegdeelOpTalud":"false","plus_fysiekVoorkomenWegdeel":"betonstraatstenen"},"geometry":{"type":"Polygon","coordinates":[[[172461.447,559263.346],[172456.666,559267.314],[172452.299,559262.015],[172457.886,559262.837],[172461.447,559263.346]]]}},{"type":"Feature","properties":{"relatieveHoogteligging":0,"lokaalID":"G1900.d43cf4d565b7440cb377f40784f4db31","bgt_status":"bestaand","function":"rijbaan lokale weg","surfaceMaterial":"open verharding","wegdeelOpTalud":"false","plus_fysiekVoorkomenWegdeel":"gebakken klinkers"},"geometry":{"type":"Polygon","coordinates":[[[172409.673,559286.443],[172410.864,559288.724],[172414.501,559326.765],[172414.471,559326.615],[172414.431,559326.542],[172414.376,559326.477],[172414.342,559326.447],[172414.271,559326.402],[172414.193,559326.371],[172414.11,559326.357],[172414.081,559326.357],[172413.306,559318.259],[172411.91,559303.659],[172410.493,559288.834],[172409.43,559286.799],[172409.444,559286.793],[172409.518,559286.74],[172409.565,559286.693],[172409.617,559286.619],[172409.653,559286.536],[172409.672,559286.448],[172409.673,559286.443]]]}},{"type":"Feature","properties":{"relatieveHoogteligging":0,"lokaalID":"G1900.0fe3c836bc6740b5a67c78d43058226c","bgt_status":"bestaand","function":"rijbaan lokale weg","surfaceMaterial":"open verharding","plus_fysiekVoorkomenWegdeel":"gebakken klinkers"},"geometry":{"type":"Polygon","coordinates":[[[172518.539,559704.057],[172518.691,559706.034],[172519.058,559708.991],[172519.071,559709.13],[172522.913,559751.201],[172526.778,559793.573],[172527.199,559798.38],[172526.97,559798.9],[172526.499,559799.421],[172525.78,559800.179],[172521.617,559800.55],[172521.539,559800.485],[172520.96,559799.922],[172520.252,559799.411],[172520.175,559799.341],[172520.062,559799.207],[172519.975,559799.056],[172519.914,559798.891],[172519.883,559798.719],[172517.36,559771.22],[172516.652,559763.065],[172515.95,559754.98],[172511.454,559704.719],[172518.539,559704.057]]]}},{"type":"Feature","properties":{"relatieveHoogteligging":0,"lokaalID":"G1900.1d1abd781dbe4cb88ab42113344fccd7","bgt_status":"bestaand","function":"parkeervlak","surfaceMaterial":"open verharding","wegdeelOpTalud":"false","plus_fysiekVoorkomenWegdeel":"gebakken klinkers"},"geometry":{"type":"Polygon","coordinates":[[[172331.702,559333.236],[172331.69,559333.345],[172331.657,559333.449],[172331.605,559333.544],[172331.546,559333.617],[172331.463,559333.687],[172331.368,559333.74],[172331.265,559333.774],[172331.156,559333.787],[172331.067,559333.798],[172330.978,559333.793],[172330.921,559333.78],[172330.838,559333.746],[172330.763,559333.696],[172330.7,559333.633],[172326.723,559330.098],[172326.648,559330.042],[172326.564,559330.002],[172326.473,559329.979],[172326.436,559329.974],[172326.343,559329.977],[172326.328,559329.98],[172323.236,559299.581],[172328.553,559303.63],[172328.695,559303.752],[172328.811,559303.899],[172328.849,559303.964],[172328.92,559304.137],[172328.956,559304.321],[172328.96,559304.413],[172331.692,559333.128],[172331.702,559333.236]]]}},{"type":"Feature","properties":{"relatieveHoogteligging":0,"lokaalID":"G1900.2c16ce7e1d084d73bb9af06521ca8537","bgt_status":"bestaand","function":"rijbaan lokale weg","surfaceMaterial":"gesloten verharding","plus_fysiekVoorkomenWegdeel":"cementbeton"},"geometry":{"type":"Polygon","coordinates":[[[172479.881,559428.167],[172476.386,559428.437],[172476.359,559428.131],[172476.323,559427.976],[172476.282,559427.868],[172476.228,559427.765],[172476.139,559427.639],[172475.986,559427.49],[172479.801,559427.164],[172479.801,559427.272],[172479.881,559428.167]]]}},{"type":"Feature","properties":{"relatieveHoogteligging":0,"lokaalID":"G1900.591f31314cd34245833a865f442569ea","bgt_status":"bestaand","function":"voetpad","surfaceMaterial":"open verharding","plus_fysiekVoorkomenWegdeel":"tegels"},"geometry":{"type":"Polygon","coordinates":[[[172330.315,559518.565],[172332.976,559517.047],[172335.051,559521.609],[172332.243,559523.11],[172330.737,559519.832],[172330.315,559518.565]]]}},{"type":"Feature","properties":{"relatieveHoogteligging":0,"lokaalID":"G1900.5ca73d86c9d146fdba1237ed8daa1962","bgt_status":"bestaand","function":"rijbaan lokale weg","surfaceMaterial":"open verharding","plus_fysiekVoorkomenWegdeel":"betonstraatstenen"},"geometry":{"type":"Polygon","coordinates":[[[172497.151,559437.196],[172493.69,559438.365],[172491.596,559441.503],[172488.519,559442.179],[172487.973,559442.469],[172487.454,559442.808],[172486.969,559443.191],[172486.519,559443.617],[172486.11,559444.082],[172485.745,559444.581],[172485.425,559445.112],[172485.155,559445.669],[172484.936,559446.248],[172484.771,559446.844],[172484.659,559447.453],[172484.603,559448.07],[172484.602,559448.689],[172484.671,559449.402],[172478.269,559450.449],[172478.028,559449.192],[172477.918,559448.711],[172477.766,559448.242],[172477.575,559447.788],[172477.344,559447.351],[172477.077,559446.937],[172476.774,559446.548],[172476.439,559446.186],[172476.074,559445.854],[172475.681,559445.556],[172475.264,559445.293],[172474.826,559445.067],[172474.369,559444.88],[172473.898,559444.734],[172473.416,559444.629],[172472.927,559444.566],[172472.434,559444.546],[172471.942,559444.568],[172471.453,559444.634],[172465.379,559445.586],[172464.867,559445.715],[172464.369,559445.888],[172463.889,559446.106],[172463.429,559446.365],[172462.995,559446.664],[172462.589,559447.001],[172462.214,559447.373],[172461.874,559447.776],[172461.572,559448.208],[172461.309,559448.665],[172461.088,559449.144],[172460.91,559449.641],[172459.893,559452.671],[172459.85,559452.882],[172455.747,559454.097],[172455.309,559452.943],[172453.77,559450.543],[172451.824,559449.244],[172448.791,559447.78],[172444.25,559447.041],[172440.428,559446.966],[172440.116,559440.805],[172443.454,559440.417],[172445.247,559438.383],[172444.83,559435.33],[172444.663,559433.36],[172450.888,559432.92],[172451.354,559437.628],[172451.392,559437.802],[172451.504,559438.044],[172451.677,559438.248],[172452.37,559438.807],[172452.574,559438.948],[172452.808,559439.032],[172453.055,559439.054],[172465.897,559437.909],[172468.145,559437.659],[172476.143,559436.369],[172476.311,559436.332],[172476.47,559436.267],[172476.681,559436.119],[172476.846,559435.922],[172476.954,559435.688],[172476.997,559435.434],[172476.386,559428.437],[172479.881,559428.167],[172480.399,559433.892],[172480.455,559434.064],[172480.539,559434.224],[172480.649,559434.367],[172480.782,559434.489],[172481.465,559434.953],[172481.61,559435.03],[172481.766,559435.083],[172481.928,559435.109],[172482.092,559435.107],[172482.254,559435.078],[172488.656,559433.508],[172488.993,559433.494],[172489.313,559433.601],[172492.03,559434.826],[172492.423,559434.915],[172492.824,559434.87],[172496.14,559433.832],[172497.151,559437.196]]]}},{"type":"Feature","properties":{"relatieveHoogteligging":0,"lokaalID":"G1900.69d5469bde234e04b4151c5dbfa0157d","bgt_status":"bestaand","function":"rijbaan lokale weg","surfaceMaterial":"open verharding","plus_fysiekVoorkomenWegdeel":"betonstraatstenen"},"geometry":{"type":"Polygon","coordinates":[[[172439.181,559447.059],[172426.019,559448.101],[172387.596,559451.436],[172377.126,559452.417],[172374.38,559452.761],[172373.746,559452.84],[172368.434,559453.181],[172368.946,559452.633],[172369.444,559451.697],[172369.686,559450.565],[172369.671,559449.085],[172368.886,559447.47],[172368.324,559446.943],[172373.863,559446.509],[172374.171,559446.485],[172377.689,559446.209],[172380.81,559445.964],[172389.561,559445.189],[172392.645,559444.915],[172396.418,559444.581],[172396.713,559444.555],[172400.018,559444.262],[172411.431,559443.251],[172414.365,559442.991],[172432.663,559441.37],[172438.759,559440.923],[172439.181,559447.059]]]}},{"type":"Feature","properties":{"relatieveHoogteligging":0,"lokaalID":"G1900.9522b1a7c54d487cb25a056d5bb42aa7","bgt_status":"bestaand","function":"parkeervlak","surfaceMaterial":"open verharding","wegdeelOpTalud":"false","plus_fysiekVoorkomenWegdeel":"gebakken klinkers"},"geometry":{"type":"Polygon","coordinates":[[[172356.158,559356.722],[172354.939,559344.528],[172354.94,559344.442],[172354.957,559344.358],[172354.99,559344.278],[172355.038,559344.207],[172355.099,559344.146],[172355.102,559344.144],[172355.175,559344.097],[172355.255,559344.065],[172355.339,559344.049],[172355.356,559344.048],[172355.432,559344.039],[172355.508,559344.044],[172355.535,559344.049],[172355.607,559344.075],[172355.673,559344.113],[172355.724,559344.158],[172359.78,559347.205],[172361.056,559360.671],[172360.705,559360.329],[172360.044,559359.74],[172359.357,559359.181],[172358.646,559358.653],[172357.911,559358.158],[172357.155,559357.697],[172356.495,559357.331],[172356.363,559357.198],[172356.277,559357.073],[172356.2,559356.902],[172356.158,559356.722]]]}},{"type":"Feature","properties":{"relatieveHoogteligging":0,"lokaalID":"G1900.a6a17dc6c3834c2c8942fe004b97d5bd","bgt_status":"bestaand","function":"parkeervlak","surfaceMaterial":"open verharding","wegdeelOpTalud":"false","plus_fysiekVoorkomenWegdeel":"gebakken klinkers"},"geometry":{"type":"Polygon","coordinates":[[[172370.325,559354.833],[172370.298,559355.054],[172370.231,559355.293],[172370.131,559355.509],[172366.144,559359.886],[172364.217,559339.547],[172364.291,559339.547],[172364.373,559339.53],[172364.451,559339.498],[172364.521,559339.452],[172364.557,559339.418],[172367.424,559335.806],[172367.619,559335.641],[172367.659,559335.616],[172367.817,559335.516],[172367.955,559335.519],[172368.089,559335.55],[172368.215,559335.606],[172368.253,559335.629],[172368.361,559335.716],[172368.449,559335.822],[172368.515,559335.943],[172368.555,559336.072],[172370.317,559354.585],[172370.325,559354.833]]]}},{"type":"Feature","properties":{"relatieveHoogteligging":0,"lokaalID":"G1900.b0ca3b6d44d84adebf8bedf135ffe1ec","bgt_status":"bestaand","function":"parkeervlak","surfaceMaterial":"open verharding","wegdeelOpTalud":"false","plus_fysiekVoorkomenWegdeel":"gebakken klinkers"},"geometry":{"type":"Polygon","coordinates":[[[172313.72,559303.403],[172313.727,559303.212],[172313.76,559303.061],[172313.833,559302.885],[172313.94,559302.726],[172313.959,559302.704],[172318.391,559297.448],[172320.313,559318.478],[172320.298,559318.475],[172320.203,559318.473],[172320.109,559318.489],[172320.02,559318.524],[172319.94,559318.575],[172319.933,559318.581],[172316.909,559322.512],[172316.864,559322.568],[172316.809,559322.614],[172316.778,559322.633],[172316.712,559322.661],[172316.642,559322.676],[172316.212,559322.705],[172316.122,559322.711],[172316.033,559322.7],[172315.948,559322.671],[172315.87,559322.627],[172315.816,559322.582],[172315.758,559322.513],[172315.715,559322.435],[172315.687,559322.349],[172315.682,559322.318],[172313.72,559303.403]]]}},{"type":"Feature","properties":{"relatieveHoogteligging":0,"lokaalID":"G1900.d9437c3d202b47bda2b13aee2bcb27d7","bgt_status":"bestaand","function":"voetpad","surfaceMaterial":"open verharding","plus_fysiekVoorkomenWegdeel":"betonstraatstenen"},"geometry":{"type":"Polygon","coordinates":[[[172455.475,559460.058],[172454.1,559460.226],[172453.07,559460.332],[172440.932,559461.585],[172441.052,559462.685],[172433.574,559463.5],[172433.059,559458.763],[172440.535,559457.949],[172440.641,559458.924],[172448.247,559458.03],[172452.92,559457.48],[172454.743,559457.301],[172455.475,559460.058]],[[172439.74,559458.94],[172434.05,559459.56],[172434.371,559462.509],[172440.061,559461.889],[172439.74,559458.94]]]}},{"type":"Feature","properties":{"relatieveHoogteligging":0,"lokaalID":"G1900.2456a834c60d4ff18cdd7d72103fef71","bgt_status":"bestaand","function":"rijbaan lokale weg","surfaceMaterial":"open verharding","wegdeelOpTalud":"false","plus_fysiekVoorkomenWegdeel":"gebakken klinkers"},"geometry":{"type":"Polygon","coordinates":[[[172380.696,559373.605],[172374.834,559379.813],[172375.124,559378.915],[172375.283,559377.911],[172374.96,559377.228],[172374.57,559376.405],[172374.316,559376.019],[172374.099,559375.814],[172377.198,559372.479],[172377.449,559372.711],[172378.214,559373.341],[172378.953,559373.817],[172379.639,559373.843],[172380.696,559373.605]]]}},{"type":"Feature","properties":{"relatieveHoogteligging":0,"lokaalID":"G1900.7498f2dd6f304276bab4d87ca3cf5d98","bgt_status":"bestaand","function":"inrit","surfaceMaterial":"open verharding","wegdeelOpTalud":"false","plus_fysiekVoorkomenWegdeel":"gebakken klinkers"},"geometry":{"type":"Polygon","coordinates":[[[172359.466,559343.898],[172359.78,559347.205],[172355.724,559344.158],[172355.673,559344.113],[172355.607,559344.075],[172355.535,559344.049],[172355.508,559344.044],[172355.432,559344.039],[172355.356,559344.048],[172355.339,559344.049],[172355.255,559344.065],[172355.175,559344.097],[172355.102,559344.144],[172355.099,559344.146],[172355.038,559344.207],[172354.99,559344.278],[172354.957,559344.358],[172354.94,559344.442],[172354.939,559344.528],[172354.462,559340.307],[172359.102,559343.85],[172359.179,559343.889],[172359.263,559343.912],[172359.349,559343.919],[172359.427,559343.91],[172359.466,559343.898]]]}},{"type":"Feature","properties":{"relatieveHoogteligging":0,"lokaalID":"G1900.8322780738fa4c46b093ca83d854fbbe","bgt_status":"bestaand","function":"rijbaan lokale weg","surfaceMaterial":"open verharding","wegdeelOpTalud":"false","plus_fysiekVoorkomenWegdeel":"gebakken klinkers"},"geometry":{"type":"Polygon","coordinates":[[[172323.182,559292.534],[172323.162,559292.57],[172322.772,559293.325],[172322.727,559293.413],[172322.692,559293.483],[172322.678,559293.484],[172318.105,559293.967],[172318.071,559293.894],[172317.848,559293.506],[172317.591,559293.139],[172317.518,559293.047],[172317.221,559292.712],[172316.895,559292.404],[172316.722,559292.261],[172316.346,559292],[172315.949,559291.773],[172315.534,559291.582],[172315.103,559291.428],[172314.945,559291.382],[172314.5,559291.279],[172314.047,559291.217],[172313.59,559291.194],[172326.678,559290.075],[172326.236,559290.163],[172325.804,559290.289],[172325.384,559290.453],[172325.228,559290.525],[172324.832,559290.739],[172324.456,559290.987],[172324.104,559291.268],[172323.778,559291.579],[172323.655,559291.712],[172323.555,559291.886],[172323.182,559292.534]]]}},{"type":"Feature","properties":{"relatieveHoogteligging":0,"lokaalID":"G1900.a4eed572d90c4f028730d0e234dd0fc8","bgt_status":"bestaand","function":"voetpad","surfaceMaterial":"open verharding","plus_fysiekVoorkomenWegdeel":"tegels"},"geometry":{"type":"Polygon","coordinates":[[[172449.856,559530.737],[172450.54,559531.616],[172449.808,559532.273],[172449.124,559531.394],[172449.856,559530.737]]]}},{"type":"Feature","properties":{"relatieveHoogteligging":0,"lokaalID":"G1900.53297edb95a44733af43c5caed8f48c3","bgt_status":"bestaand","function":"fietspad","surfaceMaterial":"gesloten verharding","wegdeelOpTalud":"false","plus_fysiekVoorkomenWegdeel":"asfalt"},"geometry":{"type":"Polygon","coordinates":[[[172503.074,559691.28],[172503.27,559691.887],[172503.444,559692.144],[172499.454,559692.665],[172499.408,559692.509],[172499.044,559691.268],[172498.354,559689.864],[172497.551,559687.897],[172497.216,559685.955],[172496.999,559684.7],[172496.89,559683.475],[172496.863,559681.79],[172497.172,559680.175],[172497.825,559678.048],[172498.248,559676.283],[172499.245,559673.221],[172499.828,559671.43],[172499.886,559671.037],[172500.03,559670.082],[172500.416,559667.501],[172500.369,559665.65],[172500.313,559663.443],[172500.045,559660.368],[172499.777,559657.293],[172499.549,559654.678],[172499.112,559649.66],[172498.789,559645.962],[172498.046,559641.463],[172496.776,559635.761],[172495.945,559632.027],[172494.561,559627.383],[172493.211,559624.113],[172492.328,559621.975],[172491.552,559620.8],[172490.961,559620.231],[172490.501,559619.967],[172490.105,559619.739],[172490.217,559619.522],[172491.802,559616.394],[172492.981,559617.183],[172493.872,559617.756],[172494.63,559618.365],[172495.16,559618.877],[172495.743,559619.666],[172496.602,559621.357],[172497.236,559622.606],[172497.62,559624.087],[172498.512,559627.519],[172499.238,559630.314],[172499.779,559632.397],[172500.399,559634.782],[172500.904,559637.098],[172501.923,559643],[172502.571,559647.185],[172503.086,559651.724],[172503.41,559656.027],[172503.586,559658.375],[172503.771,559659.892],[172503.859,559661.719],[172504.041,559663.307],[172504.062,559664.446],[172504.097,559666.326],[172504.133,559668.205],[172504.009,559669.82],[172503.738,559671.281],[172503.084,559673.743],[172502.509,559675.375],[172501.716,559677.628],[172501.145,559679.249],[172500.728,559681.149],[172500.528,559682.925],[172500.62,559684.624],[172501.006,559686.678],[172501.593,559688.685],[172502.334,559689.982],[172503.074,559691.28]]]}},{"type":"Feature","properties":{"relatieveHoogteligging":0,"lokaalID":"G1900.8cde3236488d4ce69b5a838143ade94f","bgt_status":"bestaand","function":"rijbaan lokale weg","surfaceMaterial":"open verharding","wegdeelOpTalud":"false","plus_fysiekVoorkomenWegdeel":"betonstraatstenen","plus_functieWegdeel":"verkeersdrempel"},"geometry":{"type":"Polygon","coordinates":[[[172498.689,559693.411],[172499.149,559698.811],[172497.787,559698.973],[172497.441,559693.457],[172497.559,559693.498],[172497.735,559693.523],[172498.312,559693.498],[172498.689,559693.411]]]}},{"type":"Feature","properties":{"relatieveHoogteligging":0,"lokaalID":"G1900.b6c76a3f088c48e2b8d40d3cc85343a1","bgt_status":"bestaand","function":"voetpad","surfaceMaterial":"open verharding","wegdeelOpTalud":"false","plus_fysiekVoorkomenWegdeel":"tegels"},"geometry":{"type":"Polygon","coordinates":[[[172511.306,559703.229],[172511.454,559704.719],[172515.95,559754.98],[172513.94,559754.28],[172512.724,559740.505],[172512.645,559739.609],[172511.217,559723.423],[172511.196,559723.183],[172511.113,559722.241],[172511.096,559722.046],[172510.022,559709.868],[172509.679,559706.633],[172509.377,559703.623],[172509.303,559703.311],[172509.206,559703.004],[172509.087,559702.706],[172506.191,559700.273],[172506.071,559700.245],[172505.949,559700.22],[172505.828,559700.199],[172505.376,559700.222],[172505.396,559699.996],[172505.547,559698.29],[172505.695,559698.302],[172505.87,559698.31],[172505.984,559698.325],[172506.091,559698.334],[172506.241,559698.36],[172506.39,559698.38],[172506.504,559698.405],[172506.629,559698.427],[172506.767,559698.464],[172506.902,559698.494],[172507.027,559698.533],[172507.156,559698.568],[172507.278,559698.613],[172507.402,559698.652],[172507.546,559698.711],[172507.668,559698.756],[172507.76,559698.799],[172507.886,559698.851],[172508.041,559698.931],[172508.245,559699.037],[172508.352,559699.092],[172508.511,559699.193],[172508.703,559699.314],[172508.795,559699.372],[172508.95,559699.49],[172509.141,559699.635],[172509.358,559699.821],[172509.544,559699.99],[172509.74,559700.19],[172509.916,559700.379],[172510.091,559700.595],[172510.247,559700.794],[172510.423,559701.056],[172510.54,559701.235],[172510.692,559701.511],[172510.8,559701.712],[172510.945,559702.043],[172511.009,559702.194],[172511.136,559702.572],[172511.181,559702.708],[172511.306,559703.229]]]}},{"type":"Feature","properties":{"relatieveHoogteligging":0,"lokaalID":"G1900.cfea8b9461544adab97a4f01c1f4565b","bgt_status":"bestaand","function":"rijbaan lokale weg","surfaceMaterial":"open verharding","wegdeelOpTalud":"false","plus_fysiekVoorkomenWegdeel":"betonstraatstenen"},"geometry":{"type":"Polygon","coordinates":[[[172516.578,559687.052],[172516.785,559687.662],[172517.269,559688.408],[172517.899,559689.23],[172518.781,559690.012],[172519.522,559690.446],[172520.343,559690.753],[172521.326,559690.95],[172522.253,559690.95],[172523.617,559690.853],[172524.086,559696.141],[172523.756,559696.168],[172523.248,559696.246],[172522.753,559696.365],[172522.262,559696.529],[172521.791,559696.733],[172521.557,559696.859],[172521.341,559696.976],[172521.206,559697.064],[172520.915,559697.254],[172520.638,559697.47],[172520.513,559697.568],[172520.354,559697.716],[172520.109,559697.949],[172519.788,559698.305],[172519.586,559698.57],[172519.486,559698.701],[172519.278,559699.029],[172519.21,559699.137],[172519.081,559699.385],[172518.97,559699.599],[172518.895,559699.779],[172518.774,559700.071],[172518.692,559700.33],[172518.621,559700.554],[172518.565,559700.796],[172518.505,559701.064],[172518.48,559701.239],[172518.436,559701.567],[172518.424,559701.779],[172518.41,559702.081],[172518.416,559702.286],[172518.425,559702.571],[172511.306,559703.229],[172511.181,559702.708],[172511.136,559702.572],[172511.009,559702.194],[172510.945,559702.043],[172510.8,559701.712],[172510.692,559701.511],[172510.54,559701.235],[172510.423,559701.056],[172510.247,559700.794],[172510.091,559700.595],[172509.916,559700.379],[172509.74,559700.19],[172509.544,559699.99],[172509.358,559699.821],[172509.141,559699.635],[172508.95,559699.49],[172508.795,559699.372],[172508.703,559699.314],[172508.511,559699.193],[172508.352,559699.092],[172508.245,559699.037],[172508.041,559698.931],[172507.886,559698.851],[172507.76,559698.799],[172507.668,559698.756],[172507.546,559698.711],[172507.402,559698.652],[172507.278,559698.613],[172507.156,559698.568],[172507.027,559698.533],[172506.902,559698.494],[172506.767,559698.464],[172506.629,559698.427],[172506.504,559698.405],[172506.39,559698.38],[172506.241,559698.36],[172506.091,559698.334],[172505.984,559698.325],[172505.87,559698.31],[172505.695,559698.302],[172505.547,559698.29],[172505.347,559698.286],[172504.823,559698.306],[172502.831,559698.414],[172500.45,559698.61],[172499.156,559698.81],[172499.149,559698.811],[172498.689,559693.411],[172498.911,559693.262],[172499.294,559692.934],[172499.454,559692.665],[172503.444,559692.144],[172503.625,559692.412],[172504.489,559692.752],[172505.801,559692.844],[172506.99,559692.52],[172508.224,559691.794],[172508.911,559691.114],[172509.695,559690.095],[172509.827,559689.802],[172510.03,559688.705],[172510.129,559687.221],[172516.578,559687.052]]]}},{"type":"Feature","properties":{"relatieveHoogteligging":0,"lokaalID":"G1900.6752ba721a1344529f94daa7f7fad878","bgt_status":"bestaand","function":"voetpad","surfaceMaterial":"open verharding","wegdeelOpTalud":"false","plus_fysiekVoorkomenWegdeel":"tegels"},"geometry":{"type":"Polygon","coordinates":[[[172430.519,559746.406],[172429.47,559745.34],[172391.012,559783],[172391.902,559783.893],[172391.938,559783.929],[172390.929,559784.909],[172390.907,559784.887],[172390.01,559783.99],[172380.5,559793.37],[172365.43,559808.25],[172365.42,559808.786],[172363.209,559808.665],[172363.293,559805.32],[172364.981,559803.676],[172366.372,559805.112],[172380.176,559791.643],[172397.106,559775.187],[172395.693,559773.742],[172403.247,559766.37],[172404.31,559765.333],[172405.702,559766.796],[172422.705,559750.176],[172435.279,559737.92],[172433.922,559736.453],[172442.977,559727.622],[172444.356,559726.278],[172445.748,559727.745],[172457.955,559715.83],[172457.972,559715.814],[172461.569,559712.304],[172460.173,559710.909],[172461.604,559709.524],[172462.053,559709.114],[172463.194,559708.148],[172464.385,559707.243],[172465.623,559706.404],[172466.904,559705.632],[172468.225,559704.929],[172468.298,559704.893],[172469.656,559704.266],[172470.498,559703.931],[172471.242,559705.813],[172472.693,559705.306],[172473.309,559705.115],[172474.792,559704.716],[172476.029,559704.445],[172475.571,559702.473],[172476.839,559702.262],[172481.757,559701.337],[172488.661,559700.188],[172494.605,559699.353],[172497.787,559698.973],[172499.149,559698.811],[172499.156,559698.81],[172500.45,559698.61],[172502.831,559698.414],[172504.823,559698.306],[172505.347,559698.286],[172505.547,559698.29],[172505.396,559699.996],[172505.376,559700.222],[172503.214,559700.333],[172500.722,559700.541],[172500.134,559700.672],[172498.06,559700.951],[172495.668,559701.287],[172493.259,559701.66],[172490.492,559702.439],[172488.165,559702.986],[172485.994,559703.555],[172483.88,559704.157],[172481.78,559704.785],[172479.326,559705.717],[172476.865,559706.673],[172474.339,559707.753],[172470.519,559709.478],[172468.673,559710.472],[172467.648,559711.091],[172466.322,559711.929],[172467.139,559714.306],[172466,559715.014],[172465.189,559712.649],[172464.96,559711.981],[172457.771,559718.482],[172457.6,559718.291],[172455.484,559720.36],[172455.166,559720.032],[172448.393,559726.824],[172430.37,559744.48],[172431.361,559745.499],[172430.519,559746.406]]]}},{"type":"Feature","properties":{"relatieveHoogteligging":0,"lokaalID":"G1900.80cedd2f46644f68b3a9cc1551bdbfbf","bgt_status":"bestaand","function":"parkeervlak","surfaceMaterial":"open verharding","wegdeelOpTalud":"false","plus_fysiekVoorkomenWegdeel":"betonstraatstenen"},"geometry":{"type":"Polygon","coordinates":[[[172395.693,559773.742],[172397.106,559775.187],[172380.176,559791.643],[172366.372,559805.112],[172364.981,559803.676],[172387.406,559781.831],[172395.693,559773.742]]]}},{"type":"Feature","properties":{"relatieveHoogteligging":0,"lokaalID":"G1900.afa23fcaa45e4e36b65b12b1d722d34e","bgt_status":"bestaand","function":"parkeervlak","surfaceMaterial":"open verharding","wegdeelOpTalud":"false","plus_fysiekVoorkomenWegdeel":"betonstraatstenen"},"geometry":{"type":"Polygon","coordinates":[[[172433.922,559736.453],[172435.279,559737.92],[172422.705,559750.176],[172405.702,559766.796],[172404.31,559765.333],[172427.322,559742.889],[172433.922,559736.453]]]}},{"type":"Feature","properties":{"relatieveHoogteligging":0,"lokaalID":"G1900.c7af97e3174f4594b6d976f02cdcfb4c","bgt_status":"bestaand","function":"parkeervlak","surfaceMaterial":"open verharding","wegdeelOpTalud":"false","plus_fysiekVoorkomenWegdeel":"betonstraatstenen"},"geometry":{"type":"Polygon","coordinates":[[[172457.955,559715.83],[172445.748,559727.745],[172444.356,559726.278],[172454.095,559716.786],[172456.593,559714.371],[172457.955,559715.83]]]}},{"type":"Feature","properties":{"relatieveHoogteligging":0,"lokaalID":"G1900.01a67dfb53e146368e6f64e8633f3c53","bgt_status":"bestaand","function":"parkeervlak","surfaceMaterial":"open verharding","plus_fysiekVoorkomenWegdeel":"tegels"},"geometry":{"type":"Polygon","coordinates":[[[172575.638,559757.43],[172575.638,559754.338],[172616.234,559750.811],[172619.772,559750.504],[172620.091,559753.67],[172619.341,559753.734],[172616.457,559753.978],[172596.147,559755.695],[172575.638,559757.43]]]}},{"type":"Feature","properties":{"relatieveHoogteligging":0,"lokaalID":"G1900.06863f0f38e04839be5f9fbb61e4a263","bgt_status":"bestaand","function":"rijbaan lokale weg","surfaceMaterial":"open verharding","plus_fysiekVoorkomenWegdeel":"betonstraatstenen"},"geometry":{"type":"Polygon","coordinates":[[[172414.365,559442.991],[172411.431,559443.251],[172411.407,559436.277],[172411.162,559433.289],[172414.085,559433.119],[172414.179,559435.907],[172414.365,559442.991]]]}},{"type":"Feature","properties":{"relatieveHoogteligging":0,"lokaalID":"G1900.65780280bbc34fe180cdf09e03930e52","bgt_status":"bestaand","function":"rijbaan lokale weg","surfaceMaterial":"open verharding","wegdeelOpTalud":"false","plus_fysiekVoorkomenWegdeel":"tegels"},"geometry":{"type":"Polygon","coordinates":[[[172615.253,559224.12],[172615.227,559224.163],[172615.174,559224.132],[172612.088,559222.305],[172611.138,559222.191],[172608.533,559221.88],[172607.797,559221.949],[172607.804,559222.191],[172601.37,559222.647],[172601.386,559222.925],[172583.729,559224.336],[172583.741,559224.525],[172578.614,559225.112],[172566.008,559226.176],[172556.662,559226.964],[172556.619,559226.469],[172556.302,559222.792],[172566.367,559221.898],[172586.189,559220.294],[172592.19,559219.814],[172601.179,559219.038],[172613.088,559218.025],[172617.79,559219.977],[172616.817,559221.565],[172616.68,559221.79],[172615.253,559224.12]]]}},{"type":"Feature","properties":{"relatieveHoogteligging":0,"lokaalID":"G1900.9d6eb96575764e378b5a2a649acf79c8","bgt_status":"bestaand","function":"rijbaan lokale weg","surfaceMaterial":"open verharding","plus_fysiekVoorkomenWegdeel":"tegels"},"geometry":{"type":"Polygon","coordinates":[[[172461.649,559786.211],[172461.647,559787.697],[172461.635,559787.843],[172461.597,559788.001],[172461.548,559788.123],[172461.475,559788.25],[172461.383,559788.364],[172459.802,559789.923],[172459.169,559790.546],[172458.927,559790.784],[172453.57,559796.055],[172453.458,559796.15],[172453.333,559796.228],[172453.236,559796.272],[172453.096,559796.316],[172452.95,559796.339],[172452.844,559796.342],[172452.539,559796.335],[172451.522,559796.176],[172461.649,559786.211]]]}},{"type":"Feature","properties":{"relatieveHoogteligging":0,"lokaalID":"G1900.a42f04cbf5f84552aa0c6bade269e07e","bgt_status":"bestaand","function":"rijbaan lokale weg","surfaceMaterial":"open verharding","plus_fysiekVoorkomenWegdeel":"betonstraatstenen"},"geometry":{"type":"Polygon","coordinates":[[[172450.888,559432.92],[172444.663,559433.36],[172444.577,559432.066],[172450.7,559431.736],[172450.828,559431.729],[172450.888,559432.808],[172450.888,559432.92]]]}},{"type":"Feature","properties":{"relatieveHoogteligging":0,"lokaalID":"G1900.a447866ef1804c9e8e7077804fbd578e","bgt_status":"bestaand","function":"rijbaan lokale weg","surfaceMaterial":"open verharding","plus_fysiekVoorkomenWegdeel":"betonstraatstenen","plus_functieWegdeel":"verkeersdrempel"},"geometry":{"type":"Polygon","coordinates":[[[172189.226,559285.117],[172195.139,559285.043],[172195.251,559285.043],[172195.27,559286.635],[172189.197,559286.82],[172189.226,559285.117]]]}},{"type":"Feature","properties":{"relatieveHoogteligging":0,"lokaalID":"G1900.da010091ccdb4f8187a51bc4ed33ef29","bgt_status":"bestaand","function":"rijbaan lokale weg","surfaceMaterial":"open verharding","wegdeelOpTalud":"false","plus_fysiekVoorkomenWegdeel":"betonstraatstenen","plus_functieWegdeel":"verkeersdrempel"},"geometry":{"type":"Polygon","coordinates":[[[172340.845,559097.251],[172343.95,559102.513],[172342.733,559103.284],[172339.621,559098.1],[172340.845,559097.251]]]}},{"type":"Feature","properties":{"relatieveHoogteligging":0,"lokaalID":"G1900.da73e32955744b90ae4709d4473aa8c3","bgt_status":"bestaand","function":"rijbaan lokale weg","surfaceMaterial":"open verharding","plus_fysiekVoorkomenWegdeel":"betonstraatstenen"},"geometry":{"type":"Polygon","coordinates":[[[172299.001,559490.548],[172307.122,559492.025],[172318.508,559493.082],[172319.911,559493.308],[172321.917,559493.613],[172323.342,559494.247],[172324.122,559494.918],[172326.195,559496.675],[172327.805,559499.081],[172329.019,559501.168],[172330.947,559505.183],[172332.513,559508.043],[172330.008,559509.377],[172326.867,559502.806],[172325.23,559499.424],[172323.039,559497.153],[172320.293,559496.254],[172315.698,559495.251],[172307.408,559494.696],[172301.942,559494.062],[172296.844,559493.01],[172299.001,559490.548]]]}},{"type":"Feature","properties":{"relatieveHoogteligging":0,"lokaalID":"G1900.dfeb95ce2ee24368a1549ba168fb45e7","bgt_status":"bestaand","function":"rijbaan lokale weg","surfaceMaterial":"open verharding","plus_fysiekVoorkomenWegdeel":"betonstraatstenen","plus_functieWegdeel":"verkeersdrempel"},"geometry":{"type":"Polygon","coordinates":[[[172207.879,559367.437],[172208.995,559366.103],[172213.613,559370.341],[172212.825,559371.189],[172212.457,559371.585],[172207.879,559367.437]]]}},{"type":"Feature","properties":{"relatieveHoogteligging":0,"lokaalID":"G1900.31e4f26db2cd4538b8c40c9adb1bb823","bgt_status":"bestaand","function":"rijbaan lokale weg","surfaceMaterial":"open verharding","plus_fysiekVoorkomenWegdeel":"tegels"},"geometry":{"type":"Polygon","coordinates":[[[172422.809,559014.471],[172423.153,559017.737],[172423.188,559018.073],[172414.266,559019.07],[172414.065,559017.498],[172413.965,559016.694],[172407.953,559017.35],[172407.182,559016.199],[172417.462,559015.128],[172422.808,559014.471],[172422.809,559014.471]]]}},{"type":"Feature","properties":{"relatieveHoogteligging":0,"lokaalID":"G1900.232564a6625244a3801886dbadd97cb4","bgt_status":"bestaand","function":"inrit","surfaceMaterial":"open verharding","wegdeelOpTalud":"false","plus_fysiekVoorkomenWegdeel":"tegels"},"geometry":{"type":"Polygon","coordinates":[[[172331.437,559341.218],[172331.594,559342.852],[172328.974,559343.113],[172328.801,559341.465],[172331.437,559341.218]]]}},{"type":"Feature","properties":{"relatieveHoogteligging":0,"lokaalID":"G1900.7f2cf58615ae443d82cb94d2cf4b124a","bgt_status":"bestaand","function":"inrit","surfaceMaterial":"open verharding","wegdeelOpTalud":"false","plus_fysiekVoorkomenWegdeel":"beton element"},"geometry":{"type":"Polygon","coordinates":[[[172531.389,559417.898],[172531.157,559417.311],[172534.795,559415.881],[172535.032,559416.428],[172531.389,559417.898]]]}},{"type":"Feature","properties":{"relatieveHoogteligging":0,"lokaalID":"G1900.954144da7386487398c5ff53ede09177","bgt_status":"bestaand","function":"inrit","surfaceMaterial":"open verharding","wegdeelOpTalud":"false","plus_fysiekVoorkomenWegdeel":"tegels"},"geometry":{"type":"Polygon","coordinates":[[[172318.071,559293.894],[172318.02,559293.812],[172317.973,559293.745],[172317.913,559293.689],[172317.843,559293.646],[172317.766,559293.617],[172317.696,559293.605],[172317.614,559293.605],[172317.534,559293.622],[172317.459,559293.654],[172317.391,559293.7],[172316.743,559292.856],[172316.774,559292.819],[172316.815,559292.749],[172316.842,559292.672],[172316.853,559292.591],[172316.848,559292.51],[172316.836,559292.456],[172316.805,559292.381],[172316.761,559292.312],[172316.722,559292.261],[172316.895,559292.404],[172317.221,559292.712],[172317.518,559293.047],[172317.591,559293.139],[172317.848,559293.506],[172318.071,559293.894]]]}},{"type":"Feature","properties":{"relatieveHoogteligging":0,"lokaalID":"G1900.b048761a2b1c4bd2a2d96a8770a95ea8","bgt_status":"bestaand","function":"inrit","surfaceMaterial":"open verharding","wegdeelOpTalud":"false","plus_fysiekVoorkomenWegdeel":"beton element"},"geometry":{"type":"Polygon","coordinates":[[[172515.694,559424.23],[172515.45,559423.629],[172519.282,559422.096],[172519.537,559422.679],[172515.694,559424.23]]]}},{"type":"Feature","properties":{"relatieveHoogteligging":0,"lokaalID":"G1900.bd9b2c9817984174bfc88539f0a415cf","bgt_status":"bestaand","function":"inrit","surfaceMaterial":"open verharding","wegdeelOpTalud":"false","plus_fysiekVoorkomenWegdeel":"beton element"},"geometry":{"type":"Polygon","coordinates":[[[172517.755,559418.517],[172518.005,559419.063],[172514.115,559420.64],[172513.894,559420.051],[172517.755,559418.517]]]}},{"type":"Feature","properties":{"relatieveHoogteligging":0,"lokaalID":"G1900.c99c395c907a4f4ca7161dbf0fa54475","bgt_status":"bestaand","function":"inrit","surfaceMaterial":"open verharding","wegdeelOpTalud":"false","plus_fysiekVoorkomenWegdeel":"beton element"},"geometry":{"type":"Polygon","coordinates":[[[172533.565,559412.236],[172533.818,559412.818],[172529.995,559414.377],[172529.719,559413.764],[172533.565,559412.236]]]}},{"type":"Feature","properties":{"relatieveHoogteligging":0,"lokaalID":"G1900.ddedacc456f24409852541528fd36e42","bgt_status":"bestaand","function":"inrit","surfaceMaterial":"open verharding","wegdeelOpTalud":"false","plus_fysiekVoorkomenWegdeel":"tegels"},"geometry":{"type":"Polygon","coordinates":[[[172323.555,559291.886],[172323.549,559291.905],[172323.54,559291.984],[172323.547,559292.063],[172323.549,559292.073],[172323.573,559292.148],[172323.611,559292.218],[172323.662,559292.279],[172323.724,559292.329],[172323.445,559292.754],[172323.441,559292.76],[172323.196,559293.207],[172323.172,559293.201],[172323.089,559293.191],[172323.005,559293.198],[172322.925,559293.222],[172322.85,559293.26],[172322.785,559293.312],[172322.772,559293.325],[172323.162,559292.57],[172323.182,559292.534],[172323.555,559291.886]]]}},{"type":"Feature","properties":{"relatieveHoogteligging":0,"lokaalID":"G1900.ab2cc992e11444d2b27a6ef5233a515f","bgt_status":"bestaand","function":"rijbaan lokale weg","surfaceMaterial":"gesloten verharding","plus_fysiekVoorkomenWegdeel":"cementbeton","plus_functieWegdeel":"verkeersdrempel"},"geometry":{"type":"Polygon","coordinates":[[[172502.756,559435.316],[172501.521,559431.919],[172502.612,559431.55],[172503.866,559434.941],[172502.756,559435.316]]]}},{"type":"Feature","properties":{"relatieveHoogteligging":0,"lokaalID":"G1900.234e19b86fee4d9aba9592485ce97ed9","bgt_status":"bestaand","function":"rijbaan lokale weg","surfaceMaterial":"open verharding","wegdeelOpTalud":"false","plus_fysiekVoorkomenWegdeel":"betonstraatstenen"},"geometry":{"type":"Polygon","coordinates":[[[172036.293,559460.524],[172036.656,559458.813],[172034.472,559458.237],[172038.263,559441.819],[172041.804,559427.136],[172042.528,559424.13],[172042.578,559423.925],[172042.615,559423.771],[172042.655,559423.604],[172043.548,559419.902],[172044.487,559415.683],[172044.559,559415.358],[172044.469,559413.32],[172045.962,559407.868],[172052.318,559409.619],[172052.101,559410.502],[172048.684,559424.558],[172046.334,559434.252],[172044.249,559443.63],[172041.555,559455.438],[172040.123,559459.613],[172036.78,559458.846],[172036.293,559460.524]]]}},{"type":"Feature","properties":{"relatieveHoogteligging":0,"lokaalID":"G1900.3c3818b96abc4d73a0e88c0e7705862a","bgt_status":"bestaand","function":"voetpad","surfaceMaterial":"open verharding","wegdeelOpTalud":"false","plus_fysiekVoorkomenWegdeel":"tegels"},"geometry":{"type":"Polygon","coordinates":[[[172407.953,559017.35],[172408.991,559018.899],[172416.528,559030.843],[172424.264,559043.074],[172428.621,559050.108],[172426.665,559050.241],[172405.331,559016.548],[172406.347,559015.94],[172406.333,559015.918],[172406.801,559015.63],[172407.182,559016.199],[172407.953,559017.35]]]}},{"type":"Feature","properties":{"relatieveHoogteligging":0,"lokaalID":"G1900.71a6aa5dbffb478da448b6a70033d5d7","bgt_status":"bestaand","function":"voetpad","surfaceMaterial":"open verharding","wegdeelOpTalud":"false","plus_fysiekVoorkomenWegdeel":"tegels"},"geometry":{"type":"Polygon","coordinates":[[[172148.329,559139.299],[172162.7,559159.712],[172161.029,559159.654],[172143.763,559135.145],[172144.694,559134.474],[172148.329,559139.299]]]}},{"type":"Feature","properties":{"relatieveHoogteligging":0,"lokaalID":"G1900.825d04dc2534415f8717715f306daafd","bgt_status":"bestaand","function":"voetpad","surfaceMaterial":"open verharding","wegdeelOpTalud":"false","plus_fysiekVoorkomenWegdeel":"tegels"},"geometry":{"type":"Polygon","coordinates":[[[172246.976,559141.877],[172249.308,559145.425],[172250.13,559146.651],[172251.102,559148.267],[172248.853,559149.67],[172248.061,559149.329],[172246.688,559148.378],[172245.481,559147.004],[172244.153,559144.845],[172242.358,559142.898],[172240.166,559141.997],[172216.732,559135.059],[172210.425,559133.158],[172207.558,559132.795],[172204.767,559133.158],[172202.097,559133.958],[172199.357,559135.562],[172172.445,559155.035],[172162.993,559161.876],[172162.517,559161.982],[172160.168,559161.533],[172135.349,559179.39],[172123.679,559187.922],[172110.715,559197.194],[172109.686,559197.828],[172109.501,559200.443],[172108.471,559201.341],[172107.705,559202.45],[172107.045,559203.824],[172106.095,559205.884],[172105.567,559207.681],[172105.408,559209.662],[172105.528,559212.236],[172105.589,559212.674],[172106.117,559213.686],[172106.916,559215.452],[172107.022,559216.78],[172106.841,559218.169],[172106.195,559219.474],[172104.455,559218.415],[172104.571,559218.319],[172104.993,559217.112],[172104.872,559215.693],[172103.892,559213.715],[172103.214,559211.752],[172103.319,559208.884],[172104.007,559205.872],[172104.24,559204.854],[172104.585,559203.879],[172104.794,559203.288],[172105.266,559201.956],[172106.458,559200.446],[172107.423,559199.435],[172107.861,559197.201],[172112.396,559193.516],[172132.906,559178.793],[172134.241,559177.834],[172152.863,559164.466],[172159.728,559159.561],[172161.029,559159.654],[172162.7,559159.712],[172174.715,559150.943],[172195.566,559135.826],[172200.057,559132.72],[172201.885,559131.918],[172202.868,559131.586],[172203.187,559131.478],[172204.238,559131.382],[172199.934,559124.911],[172196.08,559118.109],[172195.249,559115.827],[172194.917,559114.916],[172194.677,559114.257],[172193.723,559111.637],[172192.233,559105.088],[172192.224,559105.05],[172191.85,559103.47],[172191.847,559103.173],[172192.798,559102.946],[172193.745,559102.716],[172194.111,559104.585],[172194.936,559109.296],[172197.244,559116.058],[172200.216,559121.522],[172202.872,559126.126],[172206.221,559130.851],[172206.959,559130.884],[172209.596,559131.002],[172214.303,559132.088],[172227.459,559136.194],[172244.302,559140.967],[172245.113,559141.197],[172246.976,559141.877]]]}},{"type":"Feature","properties":{"relatieveHoogteligging":0,"lokaalID":"G1900.987518e6bcf14a219e607f7f617b86c7","bgt_status":"bestaand","function":"parkeervlak","surfaceMaterial":"open verharding","wegdeelOpTalud":"false","plus_fysiekVoorkomenWegdeel":"betonstraatstenen"},"geometry":{"type":"Polygon","coordinates":[[[172016.911,559231.788],[172021.663,559237.863],[172018.152,559240.61],[172017.943,559240.592],[172017.726,559240.573],[172013.32,559235.365],[172013.26,559234.807],[172016.911,559231.788]]]}},{"type":"Feature","properties":{"relatieveHoogteligging":0,"lokaalID":"G1900.bfd15d29b2824666a9c4cef1b7d5ab5e","bgt_status":"bestaand","function":"parkeervlak","surfaceMaterial":"open verharding","wegdeelOpTalud":"false","plus_fysiekVoorkomenWegdeel":"betonstraatstenen"},"geometry":{"type":"Polygon","coordinates":[[[172021.898,559228.17],[172025.621,559225.397],[172026.123,559225.529],[172041.407,559245.42],[172039.344,559246.945],[172037.847,559248.052],[172021.898,559228.17]]]}},{"type":"Feature","properties":{"relatieveHoogteligging":0,"lokaalID":"G1900.cd4f3c35213540e1903f771e9dc81de7","bgt_status":"bestaand","function":"rijbaan lokale weg","surfaceMaterial":"open verharding","wegdeelOpTalud":"false","plus_fysiekVoorkomenWegdeel":"betonstraatstenen"},"geometry":{"type":"Polygon","coordinates":[[[172133.898,559313.952],[172130.244,559315.601],[172122.579,559319.667],[172117.702,559322.437],[172110.369,559327.117],[172106.113,559330.398],[172098.917,559336.33],[172091.584,559342.897],[172086.077,559348.602],[172080.842,559354.519],[172077.132,559359.598],[172071.306,559367.775],[172071.232,559367.88],[172070.501,559368.942],[172070.28,559369.302],[172064.949,559377.97],[172062.094,559383.393],[172058.311,559391.679],[172055.874,559397.113],[172054.185,559402],[172052.318,559409.619],[172045.962,559407.868],[172047.81,559401.12],[172047.97,559400.65],[172048.49,559399.13],[172048.85,559398.2],[172050.11,559395.13],[172051.23,559392.49],[172052.16,559390.41],[172053.06,559388.1],[172054.14,559385.93],[172055.05,559383.9],[172057.23,559379.43],[172058.14,559377.6],[172059.19,559375.7],[172060.11,559373.97],[172061.025,559372.266],[172061.77,559370.88],[172063.086,559368.435],[172069.102,559359.437],[172071.156,559356.933],[172073.34,559354.27],[172074.71,559352.6],[172075.9,559351.17],[172077.57,559349.22],[172079.03,559347.45],[172080.44,559345.84],[172081.69,559344.35],[172083.16,559342.72],[172085.66,559340.3],[172086.77,559339.17],[172088.02,559338.08],[172093.39,559333.23],[172093.875,559332.741],[172094.06,559332.5],[172094.22,559332.32],[172104.17,559324.04],[172104.59,559323.8],[172104.789,559323.667],[172105.13,559323.44],[172106.02,559322.71],[172107.47,559321.52],[172109.312,559320.203],[172113.32,559317.648],[172117.079,559315.399],[172120.85,559313.348],[172123.9,559311.8],[172125.24,559311.15],[172126.35,559310.58],[172127.4,559310.01],[172130.24,559308.67],[172131.49,559308.06],[172132.67,559307.47],[172133.37,559307.12],[172134.1,559306.76],[172134.55,559306.53],[172134.714,559306.41],[172147.221,559301.94],[172147.389,559301.88],[172153.08,559300.133],[172160.459,559298.201],[172166.701,559296.726],[172173.133,559295.596],[172180.838,559294.652],[172181.344,559300.772],[172173.299,559301.833],[172166.359,559303.161],[172160.384,559304.61],[172154.244,559306.301],[172149.099,559307.81],[172143.283,559309.949],[172138.124,559312.052],[172135.56,559313.145],[172135.532,559313.159],[172134.029,559313.893],[172133.898,559313.952]]]}},{"type":"Feature","properties":{"relatieveHoogteligging":0,"lokaalID":"G1900.f1bee7c452574d92ad67712812378769","bgt_status":"bestaand","function":"voetpad","surfaceMaterial":"open verharding","wegdeelOpTalud":"false","plus_fysiekVoorkomenWegdeel":"tegels"},"geometry":{"type":"Polygon","coordinates":[[[172593.757,558905.79],[172594.281,558907.126],[172598.91,558945.698],[172597.311,558945.786],[172592.145,558906.004],[172593.757,558905.79]]]}},{"type":"Feature","properties":{"relatieveHoogteligging":0,"lokaalID":"G1900.43e7c5793799433686ea591ceaad191e","bgt_status":"bestaand","function":"voetpad","surfaceMaterial":"open verharding","plus_fysiekVoorkomenWegdeel":"tegels"},"geometry":{"type":"Polygon","coordinates":[[[172132.906,559178.793],[172114.215,559152.354],[172115.168,559151.698],[172119.602,559157.475],[172120.042,559158.086],[172119.896,559158.193],[172122.486,559161.73],[172122.601,559161.646],[172134.241,559177.834],[172132.906,559178.793]]]}},{"type":"Feature","properties":{"relatieveHoogteligging":0,"lokaalID":"G1900.def9f7c04a0d4300965ee15bfd1a7e4b","bgt_status":"bestaand","function":"voetpad","surfaceMaterial":"open verharding"},"geometry":{"type":"Polygon","coordinates":[[[172063.544,559200.715],[172066.327,559205.634],[172067.016,559206.872],[172066.807,559206.988],[172069.35,559211.558],[172069.559,559211.442],[172079.154,559228.69],[172077.84,559229.322],[172068.831,559213.045],[172068.898,559213.008],[172065.941,559207.692],[172065.886,559207.723],[172062.482,559201.249],[172063.544,559200.715]]]}},{"type":"Feature","properties":{"relatieveHoogteligging":0,"lokaalID":"G1900.4e46c3715adf4393b030a5f3c0f9457b","bgt_status":"bestaand","function":"voetpad","surfaceMaterial":"open verharding","wegdeelOpTalud":"false","plus_fysiekVoorkomenWegdeel":"tegels"},"geometry":{"type":"Polygon","coordinates":[[[172498.587,559069.046],[172497.4,559068.073],[172495.964,559066.897],[172493.06,559064.518],[172441.369,559065.739],[172437.776,559065.741],[172428.813,559066.25],[172419.849,559067.96],[172415.158,559069.689],[172411.07,559071.196],[172399.776,559077.455],[172384.818,559085.929],[172380.123,559088.589],[172364.38,559097.497],[172362.548,559098.533],[172361.663,559096.982],[172388.716,559081.542],[172405.64,559072.032],[172413.825,559068.123],[172420.056,559066.3],[172426.472,559064.926],[172437.054,559063.924],[172442.313,559063.797],[172493.829,559062.793],[172495.64,559064.181],[172497.099,559059.093],[172498.911,559059.056],[172499.04,559059.053],[172497.287,559065.638],[172502.09,559069.695],[172502.063,559071.148],[172501.218,559071.201],[172498.587,559069.046]]]}},{"type":"Feature","properties":{"relatieveHoogteligging":0,"lokaalID":"G1900.31dba01eb9544221b8ab0cdc4491387b","bgt_status":"bestaand","function":"voetpad","surfaceMaterial":"open verharding","wegdeelOpTalud":"false","plus_fysiekVoorkomenWegdeel":"tegels"},"geometry":{"type":"Polygon","coordinates":[[[172256.528,559164.249],[172256.43,559164.095],[172256.339,559163.946],[172256.082,559163.472],[172255.861,559162.981],[172255.754,559162.686],[172255.707,559162.559],[172261.862,559158.464],[172265.287,559156.321],[172274.49,559150.192],[172274.852,559149.74],[172277.99,559147.989],[172282.003,559145.438],[172284.629,559143.611],[172294.692,559137.136],[172299.867,559133.754],[172310.684,559127.022],[172313.445,559125.317],[172316.674,559123.445],[172319.993,559121.467],[172330.931,559114.977],[172336.212,559111.867],[172346.486,559105.814],[172344.347,559102.26],[172344.439,559102.202],[172344.543,559102.144],[172345.039,559101.896],[172345.553,559101.685],[172346.08,559101.511],[172346.618,559101.376],[172347.164,559101.279],[172347.716,559101.223],[172348.271,559101.206],[172348.826,559101.229],[172349.377,559101.292],[172349.923,559101.395],[172350.459,559101.536],[172350.907,559101.687],[172351.42,559101.898],[172351.916,559102.146],[172352.393,559102.43],[172352.849,559102.746],[172353.281,559103.095],[172353.686,559103.474],[172353.971,559103.782],[172351.511,559105.208],[172311.524,559128.876],[172295.79,559138.577],[172283.341,559146.759],[172263.448,559159.735],[172262.02,559160.666],[172256.528,559164.249]]]}},{"type":"Feature","properties":{"relatieveHoogteligging":0,"lokaalID":"G1900.0ca0edfd86f04121927f6473e463faa5","bgt_status":"bestaand","function":"voetpad","surfaceMaterial":"open verharding","wegdeelOpTalud":"false","plus_fysiekVoorkomenWegdeel":"betonstraatstenen"},"geometry":{"type":"Polygon","coordinates":[[[172299.867,559133.754],[172294.692,559137.136],[172292.42,559133.72],[172297.652,559130.555],[172299.867,559133.754]]]}},{"type":"Feature","properties":{"relatieveHoogteligging":0,"lokaalID":"G1900.2d420f7d47a94eb48f12a0e0d5dae8b9","bgt_status":"bestaand","function":"inrit","surfaceMaterial":"open verharding","wegdeelOpTalud":"false","plus_fysiekVoorkomenWegdeel":"betonstraatstenen"},"geometry":{"type":"Polygon","coordinates":[[[172262.436,559151.804],[172265.287,559156.321],[172261.862,559158.464],[172258.755,559154.018],[172258.91,559153.893],[172262.436,559151.804]]]}},{"type":"Feature","properties":{"relatieveHoogteligging":0,"lokaalID":"G1900.2dc3d3d3f7f04fbb8d56dd965f092fcc","bgt_status":"bestaand","function":"inrit","surfaceMaterial":"open verharding","wegdeelOpTalud":"false","plus_fysiekVoorkomenWegdeel":"betonstraatstenen"},"geometry":{"type":"Polygon","coordinates":[[[172311.418,559122.228],[172313.445,559125.317],[172310.684,559127.022],[172308.715,559123.863],[172311.418,559122.228]]]}},{"type":"Feature","properties":{"relatieveHoogteligging":0,"lokaalID":"G1900.88e4f1d25bef4613bfc9dd862198ee51","bgt_status":"bestaand","function":"inrit","surfaceMaterial":"open verharding","wegdeelOpTalud":"false","plus_fysiekVoorkomenWegdeel":"betonstraatstenen"},"geometry":{"type":"Polygon","coordinates":[[[172317.934,559118.286],[172319.993,559121.467],[172316.674,559123.445],[172314.816,559120.172],[172315.996,559119.458],[172317.934,559118.286]]]}},{"type":"Feature","properties":{"relatieveHoogteligging":0,"lokaalID":"G1900.8ff7c2f74d6342d5a8386518410b38dc","bgt_status":"bestaand","function":"inrit","surfaceMaterial":"open verharding","wegdeelOpTalud":"false","plus_fysiekVoorkomenWegdeel":"betonstraatstenen"},"geometry":{"type":"Polygon","coordinates":[[[172334.078,559108.52],[172336.212,559111.867],[172330.931,559114.977],[172328.943,559111.626],[172330.446,559110.717],[172334.078,559108.52]]]}},{"type":"Feature","properties":{"relatieveHoogteligging":0,"lokaalID":"G1900.a994cc10cd914f62b3bb2f0907738221","bgt_status":"bestaand","function":"voetpad","surfaceMaterial":"open verharding","wegdeelOpTalud":"false","plus_fysiekVoorkomenWegdeel":"betonstraatstenen"},"geometry":{"type":"Polygon","coordinates":[[[172282.147,559139.935],[172284.629,559143.611],[172282.003,559145.438],[172279.449,559141.567],[172282.147,559139.935]]]}},{"type":"Feature","properties":{"relatieveHoogteligging":0,"lokaalID":"G1900.c66f359cd05143c6b50a019e8eb9ceb3","bgt_status":"bestaand","function":"inrit","surfaceMaterial":"open verharding","wegdeelOpTalud":"false","plus_fysiekVoorkomenWegdeel":"betonstraatstenen"},"geometry":{"type":"Polygon","coordinates":[[[172275.3,559144.077],[172277.99,559147.989],[172274.852,559149.74],[172272.652,559145.679],[172275.3,559144.077]]]}},{"type":"Feature","properties":{"relatieveHoogteligging":0,"lokaalID":"G1900.d59d9f6116de452fb7e3281bb20c1a3e","bgt_status":"bestaand","function":"inrit","surfaceMaterial":"open verharding","wegdeelOpTalud":"false","plus_fysiekVoorkomenWegdeel":"betonstraatstenen"},"geometry":{"type":"Polygon","coordinates":[[[172442.146,559060.053],[172442.313,559063.797],[172437.054,559063.924],[172436.974,559060.169],[172442.146,559060.053]]]}},{"type":"Feature","properties":{"relatieveHoogteligging":0,"lokaalID":"G1900.fb23e3751e2142338de3e93ea3069af7","bgt_status":"bestaand","function":"inrit","surfaceMaterial":"open verharding","wegdeelOpTalud":"false","plus_fysiekVoorkomenWegdeel":"betonstraatstenen"},"geometry":{"type":"Polygon","coordinates":[[[172441.447,559067.457],[172441.897,559077.336],[172442.963,559078.225],[172440.261,559081.361],[172438.2,559078.921],[172437.776,559065.741],[172441.369,559065.739],[172441.447,559067.457]]]}},{"type":"Feature","properties":{"relatieveHoogteligging":0,"lokaalID":"G1900.0b89de278bed4e8aa0a412c965e20a92","bgt_status":"bestaand","function":"voetpad","surfaceMaterial":"open verharding","wegdeelOpTalud":"false","plus_fysiekVoorkomenWegdeel":"tegels"},"geometry":{"type":"Polygon","coordinates":[[[172290,559076.856],[172260.717,559095.057],[172254.703,559115.19],[172254.4,559116.202],[172254.358,559116.344],[172252.366,559123.595],[172251.905,559125.157],[172246.976,559141.877],[172245.113,559141.197],[172251.869,559119.345],[172252.635,559116.281],[172253.215,559114.577],[172253.765,559112.675],[172259.182,559093.946],[172278.244,559082.138],[172286.241,559077.036],[172295.787,559071.082],[172304.98,559065.348],[172313.596,559059.974],[172314.891,559059.283],[172311.815,559027.955],[172313.466,559027.749],[172316.55,559058.653],[172316.829,559059.14],[172316.965,559059.184],[172322.711,559061.044],[172328.374,559062.877],[172333.934,559064.677],[172339.745,559066.558],[172345.445,559068.403],[172351.13,559070.243],[172368.201,559075.769],[172362.857,559078.863],[172363.546,559076.395],[172340.234,559068.64],[172339.122,559071.866],[172338.51,559071.608],[172337.527,559071.219],[172337.372,559071.15],[172338.424,559068.037],[172334.449,559066.855],[172329.535,559065.085],[172324.255,559063.258],[172320.314,559062.018],[172318.013,559061.379],[172319.959,559067.023],[172319.364,559067.161],[172318.545,559067.446],[172318.269,559067.566],[172316.159,559061.62],[172315.935,559061.566],[172314.917,559061.592],[172314.486,559061.669],[172306.879,559066.359],[172301.295,559069.939],[172303.86,559071.508],[172308.049,559073.779],[172307.458,559074.138],[172300.752,559070.391],[172298.081,559071.81],[172294.261,559074.241],[172292.035,559075.626],[172290,559076.856]]]}},{"type":"Feature","properties":{"relatieveHoogteligging":0,"lokaalID":"G1900.200efb6b3dfb477bba41f858a9df80dc","bgt_status":"bestaand","function":"rijbaan lokale weg","surfaceMaterial":"open verharding","wegdeelOpTalud":"false","plus_fysiekVoorkomenWegdeel":"betonstraatstenen"},"geometry":{"type":"Polygon","coordinates":[[[172320.775,559073.265],[172298.649,559086.96],[172295.34,559081.713],[172295.275,559081.601],[172295.202,559081.408],[172295.174,559081.272],[172295.166,559081.065],[172296.204,559077.8],[172296.218,559077.757],[172296.228,559077.725],[172296.266,559077.648],[172296.317,559077.58],[172296.381,559077.523],[172296.455,559077.479],[172296.458,559077.478],[172296.539,559077.451],[172296.623,559077.439],[172296.709,559077.445],[172296.791,559077.467],[172299.685,559078.298],[172300.082,559078.338],[172300.494,559078.301],[172300.844,559078.204],[172301.216,559078.023],[172307.217,559074.285],[172307.458,559074.138],[172308.049,559073.779],[172318.269,559067.566],[172318.545,559067.446],[172319.364,559067.161],[172319.959,559067.023],[172320.838,559066.893],[172322.076,559066.938],[172323.207,559067.044],[172324.429,559067.316],[172337.372,559071.15],[172337.527,559071.219],[172338.51,559071.608],[172339.122,559071.866],[172340.57,559072.642],[172342.124,559073.865],[172343.693,559075.873],[172345.971,559079.45],[172348.726,559084.001],[172344.243,559086.736],[172342.36,559083.386],[172341.402,559082.477],[172339.803,559081.934],[172338.657,559082.115],[172336.499,559083.413],[172307.922,559100.965],[172307.893,559100.976],[172307.787,559101.003],[172307.678,559101.008],[172307.571,559100.991],[172307.475,559100.957],[172307.381,559100.902],[172307.3,559100.83],[172306.5,559099.541],[172304.273,559095.953],[172330.133,559079.975],[172330.764,559079.84],[172331.579,559079.175],[172331.866,559078.285],[172331.885,559076.862],[172331.568,559075.541],[172330.96,559074.802],[172327.29,559073.64],[172323.911,559072.847],[172322.353,559072.609],[172320.775,559073.265]]]}},{"type":"Feature","properties":{"relatieveHoogteligging":0,"lokaalID":"G1900.cc13708ea2d24309ba20cda972fcbe2d","bgt_status":"bestaand","function":"voetpad","surfaceMaterial":"open verharding","plus_fysiekVoorkomenWegdeel":"tegels"},"geometry":{"type":"Polygon","coordinates":[[[172520.826,559052.5],[172513.33,559052.616],[172512.971,559052.563],[172512.876,559052.408],[172513.195,559052.054],[172513.471,559051.778],[172513.583,559051.329],[172513.531,559050.967],[172513.411,559050.562],[172513.031,559050.182],[172509.264,559050.217],[172502.091,559050.303],[172502.108,559052.882],[172496.053,559052.992],[172496.062,559050.396],[172484.712,559050.659],[172484.712,559053.118],[172478.559,559053.217],[172478.654,559050.772],[172467.474,559050.983],[172467.489,559053.398],[172461.394,559053.504],[172461.394,559051.104],[172435.217,559051.663],[172429.53,559051.934],[172426.935,559052.1],[172420.598,559052.734],[172416.223,559053.715],[172408.932,559055.682],[172407.374,559056.078],[172405.605,559057.055],[172407.189,559060.304],[172402.674,559062.629],[172400.932,559059.697],[172390.997,559065.136],[172392.832,559068.132],[172391.655,559068.796],[172389.875,559065.868],[172374.105,559074.695],[172375.873,559077.591],[172373.066,559079.07],[172371.316,559076.021],[172369.279,559077.244],[172370.909,559080.399],[172367.439,559082.21],[172365.764,559079.191],[172351.778,559087.025],[172350.787,559086.38],[172350.259,559085.806],[172362.857,559078.863],[172368.201,559075.769],[172368.506,559075.598],[172379.005,559069.713],[172384.178,559066.813],[172389.483,559063.839],[172394.808,559060.854],[172402.594,559056.49],[172403.467,559056.001],[172404.69,559055.386],[172405.264,559055.097],[172405.557,559054.95],[172408.744,559053.734],[172411.928,559052.923],[172413.567,559052.506],[172416.277,559051.815],[172418.62,559051.219],[172420.156,559051.022],[172423.102,559050.554],[172426.665,559050.241],[172428.621,559050.108],[172436.08,559049.897],[172437.9,559049.79],[172464.179,559049.189],[172464.181,559049.189],[172472.8,559049.014],[172481.505,559048.838],[172490.081,559048.664],[172498.681,559048.49],[172507.349,559048.314],[172516.033,559048.138],[172518.155,559048.119],[172523.015,559048.074],[172523.064,559048.496],[172523.202,559049.674],[172523.07,559050.757],[172522.542,559051.523],[172521.565,559052.289],[172520.826,559052.5]]]}},{"type":"Feature","properties":{"relatieveHoogteligging":0,"lokaalID":"G1900.4df1685d6e0c4686a461dccc5f6252ab","bgt_status":"bestaand","function":"parkeervlak","surfaceMaterial":"open verharding","wegdeelOpTalud":"false","plus_fysiekVoorkomenWegdeel":"betonstraatstenen"},"geometry":{"type":"Polygon","coordinates":[[[172322.888,559076.884],[172300.956,559090.623],[172300.705,559090.22],[172298.649,559086.96],[172320.775,559073.265],[172322.888,559076.884]]]}},{"type":"Feature","properties":{"relatieveHoogteligging":0,"lokaalID":"G1900.cfb72450d70d4a89992d8d6dbe7c4995","bgt_status":"bestaand","function":"parkeervlak","surfaceMaterial":"open verharding","wegdeelOpTalud":"false","plus_fysiekVoorkomenWegdeel":"betonstraatstenen"},"geometry":{"type":"Polygon","coordinates":[[[172330.133,559079.975],[172304.273,559095.953],[172302.262,559092.711],[172301.971,559092.246],[172323.962,559078.641],[172327.87,559076.217],[172328.048,559076.462],[172330.133,559079.975]]]}},{"type":"Feature","properties":{"relatieveHoogteligging":0,"lokaalID":"G1900.aa9a6cecab8a46f5bc57ec16441ac8e8","bgt_status":"bestaand","function":"voetpad","surfaceMaterial":"open verharding","wegdeelOpTalud":"false","plus_fysiekVoorkomenWegdeel":"tegels"},"geometry":{"type":"Polygon","coordinates":[[[172226.522,559106.655],[172229.53,559107.548],[172230.172,559107.738],[172253.215,559114.577],[172252.635,559116.281],[172251.737,559115.488],[172243.022,559113.016],[172237.344,559111.405],[172231.425,559109.726],[172225.648,559108.087],[172219.915,559106.46],[172214.151,559104.825],[172213.19,559104.552],[172208.912,559103.839],[172203.13,559103.522],[172199.909,559103.575],[172197.559,559103.813],[172195.632,559104.156],[172194.111,559104.585],[172193.745,559102.716],[172195.261,559102.346],[172199.987,559101.739],[172206.561,559101.871],[172212.924,559102.742],[172223.485,559105.754],[172226.522,559106.655]]]}},{"type":"Feature","properties":{"relatieveHoogteligging":0,"lokaalID":"G1900.4a59e543a1934a208c315c59f825643d","bgt_status":"bestaand","function":"voetpad","surfaceMaterial":"open verharding","wegdeelOpTalud":"false","plus_fysiekVoorkomenWegdeel":"tegels"},"geometry":{"type":"Polygon","coordinates":[[[172300.956,559090.623],[172301.971,559092.246],[172302.262,559092.711],[172304.273,559095.953],[172306.5,559099.541],[172305.834,559099.917],[172311.19,559108.464],[172309.667,559109.444],[172303.256,559099.128],[172303.744,559098.845],[172292.476,559080.817],[172290,559076.856],[172292.035,559075.626],[172292.654,559076.598],[172296.204,559077.8],[172295.166,559081.065],[172295.174,559081.272],[172295.202,559081.408],[172295.275,559081.601],[172295.34,559081.713],[172298.649,559086.96],[172300.705,559090.22],[172300.956,559090.623]]]}},{"type":"Feature","properties":{"relatieveHoogteligging":0,"lokaalID":"G1900.49f749b5cbd44c25a9b16974696159f8","bgt_status":"bestaand","function":"voetpad","surfaceMaterial":"open verharding","plus_fysiekVoorkomenWegdeel":"tegels"},"geometry":{"type":"Polygon","coordinates":[[[172294.217,559282.764],[172295.354,559282.669],[172295.589,559286.699],[172294.688,559286.777],[172294.559,559286.788],[172294.217,559282.764]]]}},{"type":"Feature","properties":{"relatieveHoogteligging":0,"lokaalID":"G1900.7406d062aa9a4f1da5e30ae0eca65bcf","bgt_status":"bestaand","function":"voetpad","surfaceMaterial":"open verharding","plus_fysiekVoorkomenWegdeel":"tegels"},"geometry":{"type":"Polygon","coordinates":[[[172406.801,559015.63],[172406.797,559015.624],[172406.91,559015.617],[172422.729,559013.73],[172422.731,559013.729],[172435.299,559012.23],[172435.382,559012.22],[172437.209,559012.032],[172437.183,559011.641],[172436.752,559007.77],[172436.593,559005.513],[172442.914,559004.875],[172451.162,559004.043],[172447.469,558968.251],[172448.901,558968.078],[172452.826,559003.907],[172515.835,558996.461],[172516.846,558995.888],[172517.23,558995.146],[172519.323,558995.024],[172518.624,558996.279],[172517.722,558997.113],[172517.224,558997.573],[172515.851,558998.497],[172484.348,559001.97],[172483.971,559002.015],[172467.145,559003.905],[172463.003,559004.37],[172462.13,559004.468],[172438.579,559007.116],[172438.198,559007.153],[172438.856,559012.25],[172439.14,559012.217],[172439.182,559012.568],[172437.383,559012.779],[172435.484,559012.999],[172424.512,559014.268],[172423.503,559014.385],[172422.809,559014.471],[172422.808,559014.471],[172417.462,559015.128],[172407.182,559016.199],[172406.801,559015.63]]]}},{"type":"Feature","properties":{"relatieveHoogteligging":0,"lokaalID":"G1900.26221b287730402ba739445a9b6546be","bgt_status":"bestaand","function":"voetpad","surfaceMaterial":"open verharding","wegdeelOpTalud":"false","plus_fysiekVoorkomenWegdeel":"tegels"},"geometry":{"type":"Polygon","coordinates":[[[172237.504,559429.895],[172244.582,559436.548],[172243.468,559437.796],[172238.749,559433.786],[172233.607,559430.954],[172233.297,559430.671],[172237.504,559429.895]]]}},{"type":"Feature","properties":{"relatieveHoogteligging":0,"lokaalID":"G1900.57774337f63c44f7ad890373b00b9dff","bgt_status":"bestaand","function":"voetpad","surfaceMaterial":"open verharding","wegdeelOpTalud":"false","plus_fysiekVoorkomenWegdeel":"tegels"},"geometry":{"type":"Polygon","coordinates":[[[172218.39,559410.226],[172231.371,559422.307],[172230.586,559423.393],[172234.73,559427.288],[172232.344,559429.793],[172215.196,559413.724],[172215.315,559413.609],[172217.606,559411.089],[172218.39,559410.226]]]}},{"type":"Feature","properties":{"relatieveHoogteligging":0,"lokaalID":"G1900.6ef4bf09db634a529f77cc5912ec7537","bgt_status":"bestaand","function":"fietspad","surfaceMaterial":"open verharding","wegdeelOpTalud":"false","plus_fysiekVoorkomenWegdeel":"betonstraatstenen"},"geometry":{"type":"Polygon","coordinates":[[[172452.299,559262.015],[172456.666,559267.314],[172461.447,559263.346],[172465.014,559263.857],[172458.034,559270.043],[172458.042,559270.152],[172455.24,559270.24],[172448.58,559262.31],[172447.906,559261.533],[172447.744,559261.346],[172452.299,559262.015]]]}},{"type":"Feature","properties":{"relatieveHoogteligging":0,"lokaalID":"G1900.86c3b6b6ad3a458196635134c5257cf1","bgt_status":"bestaand","function":"parkeervlak","surfaceMaterial":"open verharding","wegdeelOpTalud":"false","plus_fysiekVoorkomenWegdeel":"betonstraatstenen"},"geometry":{"type":"Polygon","coordinates":[[[172409.257,559287.357],[172410.017,559289.005],[172411.748,559307.011],[172413.555,559325.923],[172410.322,559326.222],[172406.635,559287.582],[172409.257,559287.357]]]}},{"type":"Feature","properties":{"relatieveHoogteligging":0,"lokaalID":"G1900.54dc3c72060946e68a4306d772d5d199","bgt_status":"bestaand","function":"voetpad","surfaceMaterial":"open verharding","wegdeelOpTalud":"false","plus_fysiekVoorkomenWegdeel":"betonstraatstenen"},"geometry":{"type":"Polygon","coordinates":[[[172312.38,559110.606],[172314.184,559113.159],[172312.485,559114.165],[172310.871,559111.503],[172312.38,559110.606]]]}},{"type":"Feature","properties":{"relatieveHoogteligging":0,"lokaalID":"G1900.f3689ffdcf124ef592ac1315815e679f","bgt_status":"bestaand","function":"parkeervlak","surfaceMaterial":"open verharding","plus_fysiekVoorkomenWegdeel":"betonstraatstenen"},"geometry":{"type":"Polygon","coordinates":[[[172466.082,559382.366],[172466.051,559382.139],[172465.63,559378.18],[172465.38,559375.3],[172471.213,559368.9],[172471.455,559368.634],[172485.595,559380.208],[172483.899,559380.567],[172484.148,559383.525],[172486.929,559410.639],[172486.86,559410.749],[172486.821,559410.874],[172486.816,559411.004],[172487.022,559413.293],[172487.045,559413.404],[172487.111,559413.537],[172487.218,559413.646],[172487.665,559418.805],[172487.606,559418.908],[172487.578,559419.016],[172487.592,559419.202],[172487.64,559419.312],[172487.742,559419.426],[172487.842,559419.487],[172488.012,559419.525],[172489.306,559419.407],[172489.559,559421.949],[172489.74,559423.761],[172489.775,559424.11],[172488.885,559424.206],[172488.637,559424.274],[172488.414,559424.404],[172488.233,559424.587],[172488.105,559424.811],[172488.039,559425.06],[172488.032,559425.232],[172488.23,559427.683],[172488.405,559429.843],[172481.325,559430.492],[172481.212,559429.255],[172481.166,559428.754],[172481.136,559428.434],[172481.01,559427.089],[172480.931,559426.914],[172480.786,559426.787],[172480.64,559426.737],[172480.524,559426.734],[172480.137,559426.773],[172479.968,559426.86],[172479.838,559427.031],[172479.801,559427.164],[172475.986,559427.49],[172475.877,559427.415],[172475.764,559427.358],[172475.634,559427.312],[172475.497,559427.285],[172475.341,559427.278],[172475.233,559427.307],[172475.135,559427.362],[172475.055,559427.44],[172474.998,559427.537],[172474.967,559427.644],[172474.964,559427.756],[172475.157,559429.888],[172475.363,559432.168],[172454.903,559434.118],[172454.732,559432.026],[172454.654,559431.075],[172454.642,559430.949],[172454.62,559430.825],[172454.587,559430.703],[172454.544,559430.584],[172454.491,559430.47],[172454.428,559430.36],[172454.357,559430.256],[172454.276,559430.158],[172454.188,559430.068],[172454.092,559429.986],[172453.99,559429.912],[172453.881,559429.847],[172453.768,559429.791],[172453.65,559429.746],[172453.529,559429.71],[172453.405,559429.686],[172453.279,559429.671],[172453.153,559429.668],[172453.027,559429.675],[172452.029,559429.756],[172451.898,559429.777],[172451.768,559429.809],[172451.643,559429.852],[172451.521,559429.906],[172451.404,559429.97],[172451.294,559430.044],[172451.19,559430.127],[172451.093,559430.219],[172451.005,559430.319],[172450.926,559430.426],[172450.856,559430.539],[172450.796,559430.658],[172450.747,559430.781],[172450.709,559430.909],[172450.681,559431.039],[172450.665,559431.171],[172450.66,559431.304],[172450.667,559431.437],[172450.7,559431.736],[172444.577,559432.066],[172444.444,559431.493],[172443.962,559431.281],[172442.77,559431.297],[172440.495,559433.435],[172430.284,559434.036],[172428.435,559432.465],[172426.171,559432.418],[172425.125,559421.804],[172441.13,559420.45],[172440.243,559409.921],[172439.365,559400.547],[172439.313,559399.996],[172438.245,559388.594],[172440.5,559388.09],[172448.229,559386.361],[172448.407,559388.873],[172442.542,559389.422],[172444.912,559414.721],[172445.559,559421.237],[172445.58,559421.403],[172445.616,559421.566],[172445.665,559421.726],[172445.729,559421.881],[172445.806,559422.029],[172445.896,559422.17],[172445.997,559422.303],[172446.11,559422.426],[172446.234,559422.539],[172446.366,559422.641],[172446.508,559422.731],[172446.656,559422.807],[172446.811,559422.871],[172446.971,559422.921],[172447.134,559422.956],[172447.3,559422.977],[172447.467,559422.983],[172447.634,559422.975],[172468.762,559420.975],[172468.889,559420.946],[172469.004,559420.886],[172469.099,559420.798],[172469.169,559420.688],[172469.207,559420.564],[172469.213,559420.434],[172468.826,559415.977],[172480.372,559414.887],[172480.802,559419.362],[172480.837,559419.492],[172480.904,559419.609],[172481,559419.703],[172481.118,559419.769],[172481.249,559419.801],[172481.664,559419.746],[172481.827,559419.722],[172481.984,559419.67],[172482.129,559419.591],[172482.259,559419.488],[172482.369,559419.365],[172482.455,559419.224],[172482.516,559419.07],[172482.549,559418.908],[172482.554,559418.743],[172478.899,559380.935],[172478.6,559380.97],[172467.98,559381.96],[172466.082,559382.366]]]}},{"type":"Feature","properties":{"relatieveHoogteligging":0,"lokaalID":"G1900.5c8e4fc689864542a8b108477a525ae2","bgt_status":"bestaand","function":"voetpad","surfaceMaterial":"half verhard","wegdeelOpTalud":"false"},"geometry":{"type":"Polygon","coordinates":[[[172050.123,559746.897],[172057.27,559753.023],[172068.227,559763.378],[172078.187,559772.728],[172083.302,559777.921],[172088.024,559782.434],[172091.117,559786.464],[172094.315,559789.468],[172092.444,559790.328],[172089.241,559786.232],[172084.432,559781.207],[172068.389,559765.743],[172051.236,559750.02],[172048.961,559748.047],[172050.123,559746.897]]]}},{"type":"Feature","properties":{"relatieveHoogteligging":0,"lokaalID":"G1900.0da1eb5b71c4429d845d912fa572ab7a","bgt_status":"bestaand","function":"voetpad","surfaceMaterial":"open verharding","wegdeelOpTalud":"false","plus_fysiekVoorkomenWegdeel":"tegels"},"geometry":{"type":"Polygon","coordinates":[[[172286.837,559596.732],[172285.494,559593.646],[172284.861,559593.449],[172287.921,559592.016],[172288.162,559592.318],[172287.845,559596.061],[172287.498,559596.65],[172286.837,559596.732]]]}},{"type":"Feature","properties":{"relatieveHoogteligging":0,"lokaalID":"G1900.26996d65532d4a1dafd60b3da3a1d3f7","bgt_status":"bestaand","function":"parkeervlak","surfaceMaterial":"open verharding","wegdeelOpTalud":"false","plus_fysiekVoorkomenWegdeel":"betonstraatstenen"},"geometry":{"type":"Polygon","coordinates":[[[172321.09,559272.67],[172319.521,559254.341],[172323.826,559253.929],[172323.929,559253.929],[172324.03,559253.951],[172324.124,559253.993],[172324.207,559254.053],[172324.276,559254.13],[172324.328,559254.219],[172324.36,559254.317],[172325.933,559271.572],[172325.926,559271.71],[172325.895,559271.809],[172325.845,559271.9],[172325.751,559272.002],[172325.665,559272.059],[172325.568,559272.097],[172321.38,559272.44],[172321.09,559272.67]]]}},{"type":"Feature","properties":{"relatieveHoogteligging":0,"lokaalID":"G1900.2d91f881f6d9411a9e09079e57f4f29b","bgt_status":"bestaand","function":"rijbaan lokale weg","surfaceMaterial":"open verharding","wegdeelOpTalud":"false","plus_fysiekVoorkomenWegdeel":"betonstraatstenen","plus_functieWegdeel":"verkeersdrempel"},"geometry":{"type":"Polygon","coordinates":[[[172461.383,559788.364],[172463.977,559790.745],[172462.324,559792.371],[172459.802,559789.923],[172461.383,559788.364]]]}},{"type":"Feature","properties":{"relatieveHoogteligging":0,"lokaalID":"G1900.6880558302074cc39a964f6c859ffbcd","bgt_status":"bestaand","function":"rijbaan lokale weg","surfaceMaterial":"open verharding","wegdeelOpTalud":"false","plus_fysiekVoorkomenWegdeel":"betonstraatstenen","plus_functieWegdeel":"verkeersdrempel"},"geometry":{"type":"Polygon","coordinates":[[[172459.85,559452.882],[172459.591,559454.164],[172456.164,559455.196],[172455.872,559454.427],[172455.747,559454.097],[172459.85,559452.882]]]}},{"type":"Feature","properties":{"relatieveHoogteligging":0,"lokaalID":"G1900.8e1aa220bb424472825976661b98744f","bgt_status":"bestaand","function":"parkeervlak","surfaceMaterial":"open verharding","wegdeelOpTalud":"false","plus_fysiekVoorkomenWegdeel":"betonstraatstenen"},"geometry":{"type":"Polygon","coordinates":[[[172344.699,559510.786],[172366.888,559499.046],[172368.815,559503.008],[172368.895,559503.457],[172347.105,559515.145],[172345.042,559511.13],[172344.699,559510.786]]]}},{"type":"Feature","properties":{"relatieveHoogteligging":0,"lokaalID":"G1900.af5d487e4cd54bd69112780a777fc3c5","bgt_status":"bestaand","function":"inrit","surfaceMaterial":"open verharding","wegdeelOpTalud":"false","plus_fysiekVoorkomenWegdeel":"tegels"},"geometry":{"type":"Polygon","coordinates":[[[172461.182,559314.616],[172460.498,559305.127],[172459.308,559287.493],[172461.153,559287.363],[172461.965,559297.689],[172462.901,559309.398],[172463.38,559309.76],[172464.069,559309.694],[172466.106,559310.011],[172466.251,559312.281],[172463.12,559312.467],[172462.684,559312.951],[172461.379,559314.397],[172461.182,559314.616]]]}},{"type":"Feature","properties":{"relatieveHoogteligging":0,"lokaalID":"G1900.d1bd307f05464ffbbbccb4e2da060681","bgt_status":"bestaand","function":"voetpad","surfaceMaterial":"open verharding","wegdeelOpTalud":"false","plus_fysiekVoorkomenWegdeel":"tegels"},"geometry":{"type":"Polygon","coordinates":[[[172335.387,559449.726],[172334.945,559449.762],[172334.177,559449.742],[172334.038,559448.088],[172335.26,559448.096],[172335.387,559449.726]]]}},{"type":"Feature","properties":{"relatieveHoogteligging":1,"lokaalID":"G1900.eb548ee0fcde40269594434c70b86b0c","bgt_status":"bestaand","function":"rijbaan lokale weg","surfaceMaterial":"open verharding","wegdeelOpTalud":"false","plus_fysiekVoorkomenWegdeel":"betonstraatstenen"},"geometry":{"type":"Polygon","coordinates":[[[172553.957,559212.74],[172553.767,559213.068],[172553.631,559213.522],[172553.694,559214.546],[172553.856,559217.199],[172554.08,559219.708],[172554.203,559221.099],[172554.407,559221.805],[172555.023,559222.888],[172547.84,559223.416],[172548.055,559222.082],[172548.125,559221.399],[172548.138,559220.559],[172547.81,559215.069],[172547.665,559214.501],[172547.441,559213.627],[172547.222,559213.362],[172547.961,559213.294],[172551.969,559212.923],[172553.957,559212.74]]]}},{"type":"Feature","properties":{"relatieveHoogteligging":0,"lokaalID":"G1900.31b7f80236e44bf19ce2c3a86bc8ff3c","bgt_status":"bestaand","function":"voetpad","surfaceMaterial":"gesloten verharding","wegdeelOpTalud":"false","plus_fysiekVoorkomenWegdeel":"cementbeton"},"geometry":{"type":"Polygon","coordinates":[[[172504.371,559690.832],[172503.074,559691.28],[172502.334,559689.982],[172501.593,559688.685],[172501.006,559686.678],[172500.62,559684.624],[172500.528,559682.925],[172500.728,559681.149],[172501.145,559679.249],[172501.716,559677.628],[172502.509,559675.375],[172503.084,559673.743],[172503.738,559671.281],[172504.009,559669.82],[172504.133,559668.205],[172504.097,559666.326],[172504.062,559664.446],[172504.041,559663.307],[172503.859,559661.719],[172503.771,559659.892],[172503.586,559658.375],[172503.41,559656.027],[172503.086,559651.724],[172502.571,559647.185],[172501.923,559643],[172500.904,559637.098],[172500.399,559634.782],[172499.779,559632.397],[172499.238,559630.314],[172498.512,559627.519],[172497.62,559624.087],[172497.236,559622.606],[172496.602,559621.357],[172495.743,559619.666],[172495.16,559618.877],[172494.63,559618.365],[172493.872,559617.756],[172492.981,559617.183],[172491.802,559616.394],[172492.438,559615.139],[172494.75,559616.608],[172496.425,559618.202],[172497.559,559619.824],[172498.208,559621.527],[172499.181,559624.083],[172501.395,559632.985],[172502.667,559638.099],[172503.34,559642.877],[172504.106,559648.315],[172504.582,559653.957],[172505.003,559658.942],[172505.424,559663.927],[172505.419,559667.929],[172505.068,559670.686],[172504.912,559671.909],[172504.455,559673.52],[172503.943,559675.322],[172503.235,559677.134],[172502.803,559678.755],[172502.305,559680.624],[172502.128,559682.197],[172502.102,559683.723],[172502.085,559684.696],[172502.243,559685.729],[172502.569,559686.85],[172503.321,559688.762],[172504.371,559690.832]]]}},{"type":"Feature","properties":{"relatieveHoogteligging":1,"lokaalID":"G1900.34ea51561c574734beebbeb1e59e46ea","bgt_status":"bestaand","function":"voetpad","surfaceMaterial":"gesloten verharding","wegdeelOpTalud":"false","plus_fysiekVoorkomenWegdeel":"cementbeton"},"geometry":{"type":"Polygon","coordinates":[[[172474.677,559607.263],[172475.327,559606.112],[172492.438,559615.139],[172491.802,559616.394],[172474.677,559607.263]]]}},{"type":"Feature","properties":{"relatieveHoogteligging":0,"lokaalID":"G1900.5e3dcfe1fb4a4abab3cc2cfaa2a1cd33","bgt_status":"bestaand","function":"voetpad","surfaceMaterial":"open verharding","wegdeelOpTalud":"false","plus_fysiekVoorkomenWegdeel":"tegels"},"geometry":{"type":"Polygon","coordinates":[[[172572.492,559101.444],[172572.68,559103.3],[172564.595,559104.062],[172562.529,559104.257],[172549.56,559105.48],[172541.42,559106.24],[172535.519,559106.798],[172535.475,559106.326],[172536.03,559105.084],[172536.98,559104.556],[172538.221,559104.503],[172539.356,559104.503],[172539.53,559104.46],[172543.98,559104.02],[172556.46,559102.82],[172567.275,559101.78],[172567.285,559101.891],[172572.492,559101.444]]]}},{"type":"Feature","properties":{"relatieveHoogteligging":0,"lokaalID":"G1900.f70797f59fb3424ab6e75e6501d77d82","bgt_status":"bestaand","function":"voetpad","surfaceMaterial":"open verharding","wegdeelOpTalud":"false","plus_fysiekVoorkomenWegdeel":"tegels"},"geometry":{"type":"Polygon","coordinates":[[[172372.69,559359.38],[172372.89,559361.85],[172373.161,559365.207],[172373.351,559367.551],[172373.472,559369.05],[172371.614,559367.34],[172370.325,559354.833],[172370.317,559354.585],[172368.555,559336.072],[172368.515,559335.943],[172368.449,559335.822],[172368.361,559335.716],[172368.253,559335.629],[172368.215,559335.606],[172368.089,559335.55],[172367.955,559335.519],[172367.817,559335.516],[172367.659,559335.616],[172363.473,559335.999],[172363.288,559334.159],[172364.29,559334.069],[172368.124,559333.683],[172370.193,559333.475],[172370.5,559336.77],[172370.72,559339.14],[172371.03,559342.45],[172371.26,559344.8],[172371.487,559347.095],[172371.59,559348.13],[172371.81,559350.5],[172372.12,559353.82],[172372.34,559356.22],[172372.446,559357.178],[172372.69,559359.38]]]}},{"type":"Feature","properties":{"relatieveHoogteligging":0,"lokaalID":"G1900.da0e76550700424b847ccc8226ea7f59","bgt_status":"bestaand","function":"voetpad","surfaceMaterial":"open verharding","wegdeelOpTalud":"false","plus_fysiekVoorkomenWegdeel":"tegels"},"geometry":{"type":"Polygon","coordinates":[[[172342.111,559512.239],[172344.699,559510.786],[172345.042,559511.13],[172347.105,559515.145],[172344.374,559516.61],[172342.111,559512.239]]]}},{"type":"Feature","properties":{"relatieveHoogteligging":0,"lokaalID":"L0002.a1c33112913d4a46b3d16b05bdff31e6","bgt_status":"bestaand","function":"rijbaan autoweg","surfaceMaterial":"gesloten verharding","wegdeelOpTalud":"false"},"geometry":{"type":"Polygon","coordinates":[[[172278.291,559688.698],[172240.14,559715.047],[172236.027,559717.779],[172207.169,559737.705],[172206.447,559738.206],[172207.219,559736.689],[172205.285,559733.909],[172203.353,559731.131],[172202.462,559730.398],[172204.207,559729.187],[172206.442,559727.636],[172207.62,559726.818],[172209.046,559725.779],[172210.782,559724.575],[172213.221,559722.875],[172215.701,559721.235],[172218.677,559719.155],[172221.654,559717.075],[172224.436,559715.158],[172232.651,559709.501],[172240.232,559704.318],[172269.132,559684.454],[172273.761,559681.288],[172276.529,559679.393],[172291.007,559669.388],[172298.911,559663.977],[172301.644,559662.093],[172303.283,559660.865],[172305.664,559659.191],[172309.891,559656.092],[172319.44,559649.161],[172321.637,559647.419],[172324.831,559645.348],[172328.216,559643.052],[172331.994,559640.65],[172335.374,559638.308],[172337.844,559636.534],[172343.401,559632.887],[172345.804,559631.472],[172348.185,559629.93],[172353.55,559626.531],[172356.407,559624.641],[172359.266,559622.852],[172364.406,559619.822],[172367.048,559618.378],[172374.902,559613.896],[172377.44,559612.429],[172388.37,559606.288],[172398.252,559601.037],[172400.672,559599.773],[172404.534,559597.84],[172409.758,559595.11],[172429.706,559585.36],[172432.546,559584.061],[172436.849,559582.071],[172453.429,559574.755],[172456.102,559573.643],[172468.147,559568.651],[172471.619,559567.202],[172474.668,559565.977],[172477.327,559564.878],[172483.901,559562.32],[172487.464,559561.007],[172491.027,559559.693],[172514.762,559551.315],[172527.535,559547.166],[172531.386,559546.006],[172540.671,559543.242],[172544.92,559542.039],[172548.397,559541.124],[172550.927,559550.188],[172545.17,559551.681],[172531.771,559555.537],[172512.474,559561.796],[172498.864,559566.592],[172479.396,559573.997],[172465.093,559579.737],[172446.208,559587.896],[172443.771,559589.036],[172441.636,559590.043],[172438.854,559591.295],[172431.996,559594.549],[172428.056,559596.378],[172400.925,559610.112],[172397.821,559611.753],[172395.279,559613.152],[172378.697,559622.405],[172375.727,559624.136],[172372.381,559626.042],[172367.264,559629.055],[172365.99,559629.828],[172362.683,559631.924],[172360.383,559633.373],[172358.111,559634.781],[172352.732,559638.168],[172346.36,559642.286],[172343.214,559644.328],[172340.199,559646.351],[172336.833,559648.557],[172334.416,559650.158],[172308.401,559667.914],[172306.595,559669.147],[172278.291,559688.698]]]}},{"type":"Feature","properties":{"relatieveHoogteligging":0,"lokaalID":"G1900.d92cab7a36be4ad7b2f65a209233a180","bgt_status":"bestaand","function":"rijbaan lokale weg","surfaceMaterial":"open verharding","plus_fysiekVoorkomenWegdeel":"betonstraatstenen"},"geometry":{"type":"Polygon","coordinates":[[[172529.58,559070.653],[172529.47,559069.321],[172529.372,559068.129],[172529.25,559067.349],[172536.423,559067.095],[172536.709,559072.514],[172537.046,559078.902],[172537.175,559081.343],[172537.342,559084.514],[172538.051,559084.484],[172539.356,559104.503],[172538.221,559104.503],[172536.98,559104.556],[172536.03,559105.084],[172535.475,559106.326],[172535.519,559106.798],[172538.49,559138.41],[172538.665,559141.331],[172537.418,559141.399],[172537.703,559141.071],[172537.875,559140.735],[172537.875,559140.14],[172537.78,559139.674],[172537.47,559139.269],[172537.159,559139.001],[172536.815,559138.846],[172536.297,559138.794],[172535.858,559138.811],[172535.401,559139.096],[172535.099,559139.458],[172534.857,559139.752],[172531.93,559111.504],[172531.639,559105.059],[172533.303,559104.768],[172534.517,559100.462],[172533.51,559090.867],[172533.408,559089.896],[172532.972,559085.338],[172532.959,559085.201],[172532.299,559082.269],[172530.54,559082.296],[172529.831,559073.701],[172529.744,559072.639],[172529.627,559071.23],[172529.617,559071.106],[172529.58,559070.653]]]}},{"type":"Feature","properties":{"relatieveHoogteligging":0,"lokaalID":"G1900.0df22b0f9ca349b8a382bb01ac67abe9","bgt_status":"bestaand","function":"rijbaan lokale weg","surfaceMaterial":"half verhard","wegdeelOpTalud":"false","plus_fysiekVoorkomenWegdeel":"grasklinkers"},"geometry":{"type":"Polygon","coordinates":[[[172292.476,559080.817],[172289.777,559079.95],[172262.841,559096.583],[172258.427,559111.67],[172254.703,559115.19],[172260.717,559095.057],[172290,559076.856],[172292.476,559080.817]]]}},{"type":"Feature","properties":{"relatieveHoogteligging":0,"lokaalID":"G1900.234e3cfa1a6f4e6e9030e4ed9d50d5cd","bgt_status":"bestaand","function":"rijbaan lokale weg","surfaceMaterial":"half verhard","wegdeelOpTalud":"false"},"geometry":{"type":"Polygon","coordinates":[[[172002.899,559477.34],[172006.096,559476.701],[172016.111,559476.967],[172016.271,559478.406],[172016.697,559479.365],[172017.334,559482.771],[172015.293,559483.095],[172014.876,559485.427],[172014.806,559486.924],[172014.284,559487.429],[172011.014,559487.62],[172006.666,559487.463],[172004.543,559487.133],[172002.313,559486.454],[172002.252,559485.099],[172001.994,559479.365],[172002.899,559477.34]]]}},{"type":"Feature","properties":{"relatieveHoogteligging":0,"lokaalID":"G1900.815011ce952c4421b42f12497bdebb22","bgt_status":"bestaand","function":"rijbaan lokale weg","surfaceMaterial":"open verharding","plus_fysiekVoorkomenWegdeel":"betonstraatstenen"},"geometry":{"type":"Polygon","coordinates":[[[172524.427,559059.1],[172536.569,559058.666],[172536.74,559060.546],[172536.212,559061.074],[172535.487,559062.297],[172535.457,559063.233],[172535.729,559064.787],[172536.347,559065.663],[172536.397,559066.597],[172529.169,559066.831],[172528.896,559065.086],[172527.916,559063.109],[172525.999,559061.418],[172524.521,559060.543],[172524.427,559059.1]]]}},{"type":"Feature","properties":{"relatieveHoogteligging":0,"lokaalID":"G1900.a2345aec96534c00ac465174c618ae15","bgt_status":"bestaand","function":"voetpad","surfaceMaterial":"open verharding","wegdeelOpTalud":"false","plus_fysiekVoorkomenWegdeel":"tegels"},"geometry":{"type":"Polygon","coordinates":[[[172314.91,559445.841],[172314.087,559445.483],[172313.875,559445.359],[172315.249,559443.629],[172316.247,559442.566],[172317.069,559443.365],[172315.611,559444.761],[172314.91,559445.841]]]}},{"type":"Feature","properties":{"relatieveHoogteligging":0,"lokaalID":"G1900.2839d7ef6e3a42f0a191bc214b03e417","bgt_status":"bestaand","function":"rijbaan lokale weg","surfaceMaterial":"open verharding","plus_functieWegdeel":"verkeersdrempel"},"geometry":{"type":"Polygon","coordinates":[[[172536.397,559066.597],[172536.423,559067.095],[172529.25,559067.349],[172529.169,559066.831],[172536.397,559066.597]]]}},{"type":"Feature","properties":{"relatieveHoogteligging":0,"lokaalID":"G1900.74236a4e4a344addbaafcd4f5cba1ece","bgt_status":"bestaand","function":"rijbaan lokale weg","surfaceMaterial":"open verharding","plus_functieWegdeel":"verkeersdrempel"},"geometry":{"type":"Polygon","coordinates":[[[172536.517,559058.099],[172536.569,559058.666],[172524.427,559059.1],[172524.391,559058.553],[172526.549,559058.516],[172536.517,559058.099]]]}},{"type":"Feature","properties":{"relatieveHoogteligging":0,"lokaalID":"G1900.1b253a77deee4248b057d0a246fa9470","bgt_status":"bestaand","function":"voetpad","surfaceMaterial":"open verharding","wegdeelOpTalud":"false","plus_fysiekVoorkomenWegdeel":"tegels"},"geometry":{"type":"Polygon","coordinates":[[[172431.994,559691.595],[172429.044,559694.476],[172401.564,559721.308],[172415.876,559736.028],[172414.576,559737.295],[172400.227,559722.546],[172365.645,559756.289],[172379.956,559770.993],[172378.695,559772.219],[172364.337,559757.531],[172340.779,559780.456],[172338.289,559782.88],[172337.033,559781.594],[172339.527,559779.169],[172363.076,559756.275],[172348.895,559741.664],[172349.659,559740.918],[172350.159,559740.432],[172364.399,559754.998],[172398.968,559721.274],[172384.749,559706.711],[172386.036,559705.457],[172400.301,559719.999],[172427.79,559693.188],[172430.741,559690.31],[172431.353,559690.937],[172431.994,559691.595]]]}},{"type":"Feature","properties":{"relatieveHoogteligging":0,"lokaalID":"G1900.65cb1f8aeb114ba9b7ba08390a2b7316","bgt_status":"bestaand","function":"rijbaan lokale weg","surfaceMaterial":"open verharding","wegdeelOpTalud":"false","plus_fysiekVoorkomenWegdeel":"betonstraatstenen"},"geometry":{"type":"Polygon","coordinates":[[[172303.492,559847.068],[172302.567,559846.121],[172302.325,559845.874],[172300.842,559844.355],[172300.166,559843.664],[172288.16,559831.389],[172288.156,559831.384],[172280.954,559824.024],[172250.352,559792.75],[172247.881,559792.725],[172243.071,559787.935],[172247.763,559783.483],[172255.087,559790.716],[172262.584,559798.119],[172262.994,559798.564],[172264.357,559799.968],[172272.732,559808.594],[172273.658,559809.548],[172275.491,559811.417],[172288.136,559824.319],[172288.843,559825.041],[172290.911,559827.155],[172303.555,559840.083],[172304.269,559840.813],[172306.05,559842.622],[172307.038,559843.624],[172303.492,559847.068]]]}},{"type":"Feature","properties":{"relatieveHoogteligging":0,"lokaalID":"G1900.80f5caf6de9f4af0abf9608b9b4a741c","bgt_status":"bestaand","function":"rijbaan lokale weg","surfaceMaterial":"open verharding","wegdeelOpTalud":"false","plus_fysiekVoorkomenWegdeel":"betonstraatstenen"},"geometry":{"type":"Polygon","coordinates":[[[172404.31,559765.333],[172403.247,559766.37],[172395.693,559773.742],[172387.406,559781.831],[172364.981,559803.676],[172363.293,559805.32],[172363.209,559808.665],[172363.111,559812.568],[172363.106,559812.753],[172363.137,559812.935],[172363.14,559812.945],[172363.207,559813.117],[172363.308,559813.273],[172363.343,559813.314],[172359.033,559817.544],[172358.468,559816.991],[172358.342,559816.876],[172358.196,559816.787],[172358.179,559816.778],[172358.017,559816.723],[172357.848,559816.7],[172357.774,559816.701],[172354.511,559816.654],[172351.68,559816.613],[172349.266,559818.954],[172334.193,559833.574],[172323.057,559844.43],[172321.257,559846.184],[172317.15,559841.954],[172317.927,559841.198],[172318.923,559840.227],[172326.871,559832.45],[172335.832,559823.682],[172346.57,559813.176],[172347.461,559812.304],[172347.886,559811.753],[172348.245,559811.157],[172348.533,559810.523],[172348.747,559809.861],[172348.884,559809.178],[172348.941,559808.484],[172348.943,559808.405],[172348.911,559807.709],[172348.8,559807.022],[172348.611,559806.352],[172348.346,559805.708],[172348.009,559805.099],[172347.785,559804.785],[172347.605,559804.532],[172347.498,559804.403],[172347.376,559804.279],[172350.947,559800.845],[172350.953,559800.85],[172351.085,559800.975],[172351.212,559801.079],[172351.615,559801.406],[172352.191,559801.772],[172352.806,559802.068],[172353.452,559802.289],[172354.119,559802.434],[172354.798,559802.5],[172355.086,559802.504],[172355.767,559802.457],[172356.438,559802.33],[172357.09,559802.126],[172357.713,559801.847],[172358.299,559801.497],[172358.84,559801.08],[172359.99,559799.959],[172379.678,559780.77],[172388.737,559771.942],[172401.301,559759.696],[172403.66,559757.397],[172416.225,559745.15],[172423.667,559737.896],[172423.682,559737.882],[172446.986,559715.169],[172448.323,559713.865],[172448.727,559713.427],[172459.131,559703.409],[172459.752,559702.98],[172461.132,559702.094],[172462.641,559701.278],[172464.106,559700.404],[172465.611,559699.599],[172467.151,559698.866],[172467.169,559698.858],[172468.742,559698.198],[172470.345,559697.614],[172471.973,559697.104],[172473.623,559696.672],[172475.292,559696.318],[172476.975,559696.042],[172477.804,559695.936],[172489.024,559694.139],[172496.904,559692.868],[172496.969,559693.033],[172497.065,559693.182],[172497.188,559693.309],[172497.24,559693.35],[172497.392,559693.44],[172497.441,559693.457],[172497.787,559698.973],[172494.605,559699.353],[172488.661,559700.188],[172481.757,559701.337],[172476.839,559702.262],[172475.571,559702.473],[172475.364,559702.508],[172473.904,559702.832],[172472.463,559703.234],[172471.046,559703.712],[172470.498,559703.931],[172469.656,559704.266],[172468.298,559704.893],[172468.225,559704.929],[172466.904,559705.632],[172465.623,559706.404],[172464.385,559707.243],[172463.194,559708.148],[172462.053,559709.114],[172461.604,559709.524],[172460.173,559710.909],[172456.593,559714.371],[172454.095,559716.786],[172444.356,559726.278],[172442.977,559727.622],[172433.922,559736.453],[172427.322,559742.889],[172404.31,559765.333]]]}},{"type":"Feature","properties":{"relatieveHoogteligging":0,"lokaalID":"G1900.1c903bd95e2d4e78b7605f78cdbb1508","bgt_status":"bestaand","function":"parkeervlak","surfaceMaterial":"open verharding","wegdeelOpTalud":"false","plus_fysiekVoorkomenWegdeel":"betonstraatstenen"},"geometry":{"type":"Polygon","coordinates":[[[172331.332,559787.886],[172343.948,559800.776],[172342.496,559802.156],[172329.906,559789.276],[172331.332,559787.886]]]}},{"type":"Feature","properties":{"relatieveHoogteligging":0,"lokaalID":"G1900.cb33e54e34be424b885160625f1101ee","bgt_status":"bestaand","function":"rijbaan lokale weg","surfaceMaterial":"open verharding","wegdeelOpTalud":"false","plus_fysiekVoorkomenWegdeel":"betonstraatstenen"},"geometry":{"type":"Polygon","coordinates":[[[172334.955,559733.582],[172313.686,559754.342],[172313.289,559754.796],[172313.239,559754.868],[172312.891,559755.365],[172312.56,559755.977],[172312.303,559756.622],[172312.12,559757.293],[172312.017,559757.98],[172311.992,559758.674],[172312.031,559759.234],[172312.151,559759.918],[172312.348,559760.585],[172312.621,559761.224],[172312.966,559761.827],[172313.377,559762.387],[172313.85,559762.896],[172314.391,559763.45],[172315.424,559764.507],[172332.345,559781.817],[172334.306,559783.823],[172334.883,559784.411],[172347.504,559797.275],[172349.325,559799.132],[172350.15,559800.003],[172350.947,559800.845],[172347.376,559804.279],[172346.772,559803.661],[172343.948,559800.776],[172331.332,559787.886],[172331.291,559787.843],[172328.752,559785.247],[172316.227,559772.442],[172313.656,559769.813],[172308.705,559764.751],[172305.257,559761.209],[172303.005,559758.895],[172302.457,559758.465],[172301.864,559758.102],[172301.233,559757.809],[172300.572,559757.591],[172299.891,559757.449],[172299.199,559757.387],[172299.084,559757.384],[172298.389,559757.415],[172297.702,559757.525],[172297.033,559757.713],[172296.389,559757.977],[172295.78,559758.313],[172295.213,559758.717],[172295.083,559758.824],[172294.53,559759.363],[172281.633,559771.937],[172281.223,559772.338],[172275.827,559777.595],[172263.025,559790.067],[172262.901,559790.201],[172262.559,559790.573],[172262.154,559791.13],[172261.817,559791.73],[172261.551,559792.365],[172261.361,559793.027],[172261.249,559793.706],[172261.216,559794.308],[172261.253,559794.995],[172261.37,559795.674],[172261.564,559796.334],[172261.571,559796.35],[172261.834,559796.967],[172262.176,559797.565],[172262.584,559798.119],[172255.087,559790.716],[172258.93,559786.929],[172270.438,559775.841],[172292.831,559753.725],[172293.458,559753.373],[172294.329,559752.965],[172295.231,559752.631],[172296.158,559752.373],[172297.103,559752.193],[172297.79,559752.112],[172298.751,559752.068],[172299.712,559752.104],[172300.667,559752.22],[172301.609,559752.415],[172302.531,559752.687],[172303.288,559752.954],[172303.566,559753.045],[172304.204,559753.193],[172304.855,559753.262],[172305.51,559753.251],[172306.159,559753.161],[172306.791,559752.992],[172307.289,559752.799],[172307.869,559752.495],[172308.408,559752.123],[172308.897,559751.688],[172336.031,559725.538],[172336.113,559725.46],[172336.823,559724.852],[172337.583,559724.306],[172338.386,559723.827],[172339.228,559723.419],[172339.308,559723.385],[172340.184,559723.057],[172341.084,559722.805],[172342.003,559722.63],[172342.933,559722.535],[172354.77,559722],[172355.045,559721.971],[172355.682,559721.845],[172356.299,559721.643],[172356.887,559721.366],[172357.063,559721.264],[172357.598,559720.896],[172358.084,559720.466],[172386.287,559693.215],[172408.971,559671.093],[172409.158,559670.934],[172409.862,559670.403],[172410.611,559669.938],[172411.399,559669.542],[172412.22,559669.22],[172413.067,559668.973],[172413.933,559668.803],[172414.81,559668.713],[172415.692,559668.703],[172415.797,559668.707],[172416.675,559668.786],[172417.543,559668.945],[172418.393,559669.181],[172419.218,559669.493],[172420.011,559669.879],[172420.766,559670.335],[172421.477,559670.857],[172452.564,559702.601],[172452.919,559702.888],[172453.491,559703.266],[172454.103,559703.575],[172454.747,559703.811],[172455.414,559703.97],[172456.095,559704.05],[172456.491,559704.06],[172457.175,559704.014],[172457.849,559703.889],[172458.504,559703.686],[172459.131,559703.409],[172448.727,559713.427],[172449.133,559712.875],[172449.473,559712.28],[172449.742,559711.648],[172449.935,559710.99],[172450.05,559710.314],[172450.085,559709.63],[172450.046,559708.991],[172449.928,559708.315],[172449.732,559707.658],[172449.461,559707.028],[172449.118,559706.435],[172448.84,559706.062],[172448.75,559705.94],[172448.708,559705.885],[172448.237,559705.386],[172419.618,559676.056],[172419.284,559675.721],[172418.761,559675.293],[172418.192,559674.93],[172417.584,559674.637],[172416.946,559674.417],[172416.286,559674.275],[172415.9,559674.238],[172415.614,559674.211],[172414.961,559674.226],[172414.292,559674.32],[172413.639,559674.492],[172413.011,559674.74],[172412.417,559675.06],[172411.865,559675.448],[172411.362,559675.899],[172407.623,559679.535],[172385.825,559700.729],[172385.819,559700.736],[172379.002,559707.373],[172378.722,559707.646],[172362.117,559723.853],[172361.467,559724.523],[172360.88,559725.127],[172360.632,559725.348],[172360.005,559725.831],[172359.333,559726.249],[172358.621,559726.598],[172358.379,559726.696],[172357.628,559726.946],[172356.855,559727.119],[172356.068,559727.213],[172343.57,559727.564],[172343.335,559727.571],[172342.635,559727.646],[172341.949,559727.8],[172341.284,559728.031],[172341.046,559728.134],[172340.425,559728.465],[172339.846,559728.864],[172339.343,559729.302],[172339.315,559729.327],[172334.955,559733.582]]]}},{"type":"Feature","properties":{"relatieveHoogteligging":0,"lokaalID":"G1900.24ea4534fc15462f92e5a4994342d888","bgt_status":"bestaand","function":"parkeervlak","surfaceMaterial":"open verharding","wegdeelOpTalud":"false","plus_fysiekVoorkomenWegdeel":"betonstraatstenen"},"geometry":{"type":"Polygon","coordinates":[[[172401.301,559759.696],[172388.737,559771.942],[172387.777,559770.949],[172385.063,559768.142],[172397.023,559756.49],[172397.644,559755.88],[172401.301,559759.696]]]}},{"type":"Feature","properties":{"relatieveHoogteligging":0,"lokaalID":"G1900.4806d6cf9ae9445ba9330af623844e75","bgt_status":"bestaand","function":"parkeervlak","surfaceMaterial":"open verharding","wegdeelOpTalud":"false","plus_fysiekVoorkomenWegdeel":"betonstraatstenen"},"geometry":{"type":"Polygon","coordinates":[[[172336.334,559783.045],[172348.263,559795.234],[172348.914,559795.902],[172347.504,559797.275],[172334.883,559784.411],[172336.334,559783.045]]]}},{"type":"Feature","properties":{"relatieveHoogteligging":0,"lokaalID":"G1900.4f84e8919ffd4917870a12e32bf569aa","bgt_status":"bestaand","function":"voetpad","surfaceMaterial":"open verharding","wegdeelOpTalud":"false","plus_fysiekVoorkomenWegdeel":"tegels"},"geometry":{"type":"Polygon","coordinates":[[[172329.906,559789.276],[172342.496,559802.156],[172342.578,559802.24],[172345.337,559805.031],[172346.772,559803.661],[172347.376,559804.279],[172347.498,559804.403],[172347.605,559804.532],[172347.785,559804.785],[172343.533,559808.962],[172343.001,559809.483],[172332.633,559819.617],[172332.241,559820.004],[172328.427,559823.772],[172331.047,559826.429],[172334.869,559822.696],[172335.832,559823.682],[172326.871,559832.45],[172325.903,559831.452],[172329.744,559827.745],[172327.118,559825.026],[172323.28,559828.745],[172322.85,559829.161],[172314.285,559837.534],[172313.647,559838.157],[172307.527,559844.091],[172307.114,559843.701],[172307.694,559843.117],[172306.67,559842.036],[172307.63,559841.129],[172305.106,559838.561],[172304.044,559837.48],[172292.456,559825.662],[172292.051,559825.249],[172289.677,559822.828],[172277.033,559809.934],[172276.809,559809.706],[172274.297,559807.118],[172265.902,559798.469],[172265.619,559798.177],[172262.733,559795.246],[172261.571,559796.35],[172261.564,559796.334],[172261.37,559795.674],[172261.253,559794.995],[172261.216,559794.308],[172261.249,559793.706],[172261.361,559793.027],[172261.551,559792.365],[172261.817,559791.73],[172262.154,559791.13],[172262.559,559790.573],[172262.901,559790.201],[172264.25,559791.649],[172277.191,559779.072],[172275.827,559777.595],[172281.223,559772.338],[172281.633,559771.937],[172283.006,559773.39],[172295.917,559760.811],[172295.923,559760.806],[172296.303,559760.394],[172296.739,559760.04],[172297.22,559759.751],[172297.738,559759.533],[172298.281,559759.392],[172298.838,559759.329],[172298.848,559759.328],[172299.409,559759.346],[172299.961,559759.444],[172300.495,559759.619],[172300.998,559759.868],[172301.46,559760.185],[172301.873,559760.566],[172301.883,559760.576],[172303.841,559762.611],[172304.376,559763.167],[172312.222,559771.199],[172312.717,559771.706],[172314.817,559773.852],[172327.317,559786.628],[172327.424,559786.737],[172329.906,559789.276]],[[172327.347,559822.663],[172344.268,559806.123],[172342.344,559804.156],[172328.377,559789.879],[172305.893,559766.873],[172300.865,559761.697],[172300.558,559761.39],[172300.519,559761.364],[172300.199,559761.144],[172299.801,559760.968],[172299.378,559760.868],[172298.987,559760.845],[172298.555,559760.895],[172298.14,559761.023],[172297.755,559761.226],[172297.413,559761.495],[172297.228,559761.692],[172283.258,559775.284],[172282.106,559776.406],[172280.817,559777.66],[172263.825,559794.203],[172265.345,559795.757],[172307.212,559838.576],[172309.092,559840.498],[172314.955,559834.775],[172326.056,559823.925],[172327.347,559822.663]]]}},{"type":"Feature","properties":{"relatieveHoogteligging":0,"lokaalID":"G1900.526ab9b62a9c4758886e41bd43c183dd","bgt_status":"bestaand","function":"parkeervlak","surfaceMaterial":"open verharding","wegdeelOpTalud":"false","plus_fysiekVoorkomenWegdeel":"betonstraatstenen"},"geometry":{"type":"Polygon","coordinates":[[[172305.257,559761.209],[172308.705,559764.751],[172313.656,559769.813],[172312.222,559771.199],[172304.376,559763.167],[172303.841,559762.611],[172305.257,559761.209]]]}},{"type":"Feature","properties":{"relatieveHoogteligging":0,"lokaalID":"G1900.5786c393628e49ffa0b2ec9d5412503f","bgt_status":"bestaand","function":"parkeervlak","surfaceMaterial":"open verharding","wegdeelOpTalud":"false","plus_fysiekVoorkomenWegdeel":"betonstraatstenen"},"geometry":{"type":"Polygon","coordinates":[[[172416.225,559745.15],[172403.66,559757.397],[172399.969,559753.609],[172412.373,559741.563],[172412.584,559741.356],[172415.242,559744.126],[172416.225,559745.15]]]}},{"type":"Feature","properties":{"relatieveHoogteligging":0,"lokaalID":"G1900.72c09b1a2c6b46689d6af79124d40466","bgt_status":"bestaand","function":"parkeervlak","surfaceMaterial":"open verharding","wegdeelOpTalud":"false","plus_fysiekVoorkomenWegdeel":"betonstraatstenen"},"geometry":{"type":"Polygon","coordinates":[[[172408.976,559680.964],[172387.196,559702.135],[172385.825,559700.729],[172407.623,559679.535],[172408.976,559680.964]]]}},{"type":"Feature","properties":{"relatieveHoogteligging":0,"lokaalID":"G1900.7327083594dc49398eddb2e969d713b2","bgt_status":"bestaand","function":"parkeervlak","surfaceMaterial":"open verharding","wegdeelOpTalud":"false","plus_fysiekVoorkomenWegdeel":"betonstraatstenen"},"geometry":{"type":"Polygon","coordinates":[[[172275.827,559777.595],[172277.191,559779.072],[172264.25,559791.649],[172262.901,559790.201],[172263.025,559790.067],[172275.827,559777.595]]]}},{"type":"Feature","properties":{"relatieveHoogteligging":0,"lokaalID":"G1900.8d56f24b490941fbbf382feed1ace60c","bgt_status":"bestaand","function":"parkeervlak","surfaceMaterial":"open verharding","wegdeelOpTalud":"false","plus_fysiekVoorkomenWegdeel":"betonstraatstenen"},"geometry":{"type":"Polygon","coordinates":[[[172378.722,559707.646],[172380.085,559709.057],[172363.069,559725.733],[172362.845,559725.952],[172361.467,559724.523],[172362.117,559723.853],[172378.722,559707.646]]]}},{"type":"Feature","properties":{"relatieveHoogteligging":0,"lokaalID":"G1900.9756bb02ae5e43fda2ae194f57595505","bgt_status":"bestaand","function":"parkeervlak","surfaceMaterial":"open verharding","wegdeelOpTalud":"false","plus_fysiekVoorkomenWegdeel":"betonstraatstenen"},"geometry":{"type":"Polygon","coordinates":[[[172295.917,559760.811],[172283.006,559773.39],[172281.633,559771.937],[172294.53,559759.363],[172295.917,559760.811]]]}},{"type":"Feature","properties":{"relatieveHoogteligging":0,"lokaalID":"G1900.9a6ec0c6214746d1859c5aa4e329294d","bgt_status":"bestaand","function":"parkeervlak","surfaceMaterial":"open verharding","wegdeelOpTalud":"false","plus_fysiekVoorkomenWegdeel":"betonstraatstenen"},"geometry":{"type":"Polygon","coordinates":[[[172336.144,559734.816],[172339.269,559738.058],[172317.521,559759.279],[172313.239,559754.868],[172313.289,559754.796],[172313.686,559754.342],[172334.955,559733.582],[172336.144,559734.816]]]}},{"type":"Feature","properties":{"relatieveHoogteligging":0,"lokaalID":"G1900.b0eee9306fe449d8a5551b1248d6226a","bgt_status":"bestaand","function":"parkeervlak","surfaceMaterial":"open verharding","wegdeelOpTalud":"false","plus_fysiekVoorkomenWegdeel":"betonstraatstenen"},"geometry":{"type":"Polygon","coordinates":[[[172333.793,559780.442],[172332.345,559781.817],[172315.424,559764.507],[172316.857,559763.096],[172333.793,559780.442]]]}},{"type":"Feature","properties":{"relatieveHoogteligging":0,"lokaalID":"G1900.bbf65e1f48694df38497f331c1ec8819","bgt_status":"bestaand","function":"parkeervlak","surfaceMaterial":"open verharding","wegdeelOpTalud":"false","plus_fysiekVoorkomenWegdeel":"betonstraatstenen"},"geometry":{"type":"Polygon","coordinates":[[[172316.227,559772.442],[172328.752,559785.247],[172327.317,559786.628],[172314.817,559773.852],[172316.227,559772.442]]]}},{"type":"Feature","properties":{"relatieveHoogteligging":0,"lokaalID":"G1900.c3ed562173894fc8914c28a99a90dd8f","bgt_status":"bestaand","function":"voetpad","surfaceMaterial":"open verharding","wegdeelOpTalud":"false","plus_fysiekVoorkomenWegdeel":"tegels"},"geometry":{"type":"Polygon","coordinates":[[[172325.442,559820.716],[172327.347,559822.663],[172326.056,559823.925],[172324.152,559821.979],[172282.301,559779.178],[172280.817,559777.66],[172282.106,559776.406],[172283.587,559777.92],[172325.442,559820.716]]]}},{"type":"Feature","properties":{"relatieveHoogteligging":0,"lokaalID":"G1900.c6d7252e38a14cf1b34a1444b126ce4a","bgt_status":"bestaand","function":"parkeervlak","surfaceMaterial":"open verharding","wegdeelOpTalud":"false","plus_fysiekVoorkomenWegdeel":"betonstraatstenen"},"geometry":{"type":"Polygon","coordinates":[[[172379.678,559780.77],[172359.99,559799.959],[172356.296,559796.136],[172360.217,559792.323],[172375.742,559777.171],[172376.004,559776.918],[172378.713,559779.758],[172379.678,559780.77]]]}},{"type":"Feature","properties":{"relatieveHoogteligging":0,"lokaalID":"G1900.d994e16331b94b0498714afeaf443a22","bgt_status":"bestaand","function":"voetpad","surfaceMaterial":"open verharding","wegdeelOpTalud":"false","plus_fysiekVoorkomenWegdeel":"tegels"},"geometry":{"type":"Polygon","coordinates":[[[172415.242,559744.126],[172418.306,559741.123],[172415.639,559738.375],[172412.584,559741.356],[172412.373,559741.563],[172399.969,559753.609],[172398.953,559754.596],[172397.644,559755.88],[172397.023,559756.49],[172385.063,559768.142],[172384.689,559768.507],[172381.034,559772.093],[172383.728,559774.871],[172387.777,559770.949],[172388.737,559771.942],[172379.678,559780.77],[172378.713,559779.758],[172382.422,559776.148],[172379.72,559773.329],[172376.004,559776.918],[172375.742,559777.171],[172360.217,559792.323],[172356.296,559796.136],[172351.212,559801.079],[172351.085,559800.975],[172350.953,559800.85],[172350.947,559800.845],[172350.15,559800.003],[172351.574,559798.632],[172348.914,559795.902],[172348.263,559795.234],[172336.334,559783.045],[172336.104,559782.809],[172333.793,559780.442],[172316.857,559763.096],[172315.424,559764.507],[172314.391,559763.45],[172316.891,559761.009],[172321.778,559765.986],[172347.822,559740.597],[172349.122,559739.33],[172362.845,559725.952],[172363.069,559725.733],[172380.085,559709.057],[172378.722,559707.646],[172379.002,559707.373],[172385.819,559700.736],[172385.825,559700.729],[172387.196,559702.135],[172408.976,559680.964],[172409.087,559680.856],[172415.9,559674.238],[172416.286,559674.275],[172416.946,559674.417],[172417.584,559674.637],[172418.192,559674.93],[172418.761,559675.293],[172419.284,559675.721],[172419.618,559676.056],[172448.237,559705.386],[172448.708,559705.885],[172448.75,559705.94],[172443.324,559711.396],[172420.008,559734.119],[172416.938,559737.103],[172419.579,559739.846],[172422.685,559736.867],[172423.682,559737.882],[172423.667,559737.896],[172416.225,559745.15],[172415.242,559744.126]],[[172350.159,559740.432],[172349.659,559740.918],[172348.895,559741.664],[172325.365,559764.605],[172322.839,559767.067],[172337.033,559781.594],[172338.289,559782.88],[172352.644,559797.571],[172355.099,559795.181],[172378.695,559772.219],[172379.956,559770.993],[172397.883,559753.548],[172411.209,559740.573],[172414.576,559737.295],[172415.876,559736.028],[172429.735,559722.534],[172443.393,559709.223],[172446.354,559706.337],[172431.994,559691.595],[172431.353,559690.937],[172430.741,559690.31],[172417.199,559676.445],[172417.189,559676.435],[172417.046,559676.313],[172416.882,559676.221],[172416.703,559676.163],[172416.516,559676.141],[172416.463,559676.141],[172416.277,559676.166],[172416.099,559676.227],[172415.936,559676.322],[172415.795,559676.446],[172413.591,559678.594],[172386.036,559705.457],[172384.749,559706.711],[172350.159,559740.432]]]}},{"type":"Feature","properties":{"relatieveHoogteligging":0,"lokaalID":"G1900.de353d746ae64365897c79da5a9ef304","bgt_status":"bestaand","function":"parkeervlak","surfaceMaterial":"open verharding","wegdeelOpTalud":"false","plus_fysiekVoorkomenWegdeel":"betonstraatstenen"},"geometry":{"type":"Polygon","coordinates":[[[172446.986,559715.169],[172423.682,559737.882],[172422.685,559736.867],[172420.008,559734.119],[172443.324,559711.396],[172446.986,559715.169]]]}},{"type":"Feature","properties":{"relatieveHoogteligging":0,"lokaalID":"G1900.50833aa3e2714f79a571a575a4c44952","bgt_status":"bestaand","function":"voetpad","surfaceMaterial":"half verhard","wegdeelOpTalud":"false","plus_fysiekVoorkomenWegdeel":"grind"},"geometry":{"type":"Polygon","coordinates":[[[172097.878,559375.526],[172097.814,559375.55],[172081.787,559372.151],[172078.724,559374.143],[172074.451,559377.281],[172071.507,559379.84],[172070.307,559381.188],[172069.179,559383.241],[172067.774,559386.232],[172064.244,559395.462],[172061.251,559403.972],[172058.235,559413.126],[172056.832,559418.019],[172055.357,559424.009],[172054.523,559428.563],[172053.146,559437.358],[172052.299,559442.344],[172051.522,559445.51],[172050.466,559449.07],[172048.809,559453.807],[172044.722,559464.633],[172040.627,559475.819],[172039.091,559475.044],[172040.188,559472.767],[172045.096,559459.775],[172048.799,559449.719],[172049.842,559446.169],[172050.904,559442.416],[172051.456,559439.172],[172052.088,559435.215],[172053.008,559429.088],[172053.901,559424.374],[172055.015,559419.872],[172056.39,559414.127],[172061.539,559398.618],[172066.099,559386.857],[172067.641,559383.311],[172067.944,559382.575],[172068.393,559381.672],[172068.912,559380.808],[172069.497,559379.987],[172069.699,559379.734],[172070.367,559378.98],[172071.093,559378.28],[172071.873,559377.641],[172075.622,559374.688],[172079.323,559372.045],[172079.255,559371.632],[172070.28,559369.302],[172070.501,559368.942],[172071.232,559367.88],[172071.306,559367.775],[172072.096,559368.419],[172080.876,559370.665],[172082.384,559369.214],[172083.654,559364.874],[172083.747,559364.593],[172084.382,559362.817],[172085.092,559361.07],[172085.875,559359.354],[172086.73,559357.673],[172087.656,559356.03],[172088.651,559354.428],[172089.401,559353.311],[172090.51,559351.785],[172091.682,559350.308],[172092.915,559348.881],[172094.208,559347.508],[172095.558,559346.191],[172096.963,559344.932],[172098.42,559343.735],[172099.926,559342.6],[172123.524,559325.288],[172130.724,559319.454],[172131.27,559319.027],[172131.889,559318.452],[172132.451,559317.821],[172132.951,559317.14],[172133.142,559316.838],[172133.546,559316.096],[172133.877,559315.319],[172134.134,559314.514],[172133.898,559313.952],[172134.029,559313.893],[172135.532,559313.159],[172135.766,559313.648],[172135.687,559314.079],[172135.462,559314.982],[172135.16,559315.862],[172134.783,559316.713],[172134.335,559317.528],[172134.252,559317.664],[172133.724,559318.43],[172133.132,559319.149],[172132.481,559319.813],[172131.775,559320.419],[172131.02,559320.963],[172122.339,559327.886],[172098.564,559345.581],[172098.267,559345.838],[172096.813,559347.164],[172095.415,559348.548],[172094.073,559349.988],[172092.792,559351.481],[172091.572,559353.025],[172090.416,559354.617],[172089.548,559355.909],[172088.511,559357.581],[172087.542,559359.293],[172086.644,559361.044],[172085.818,559362.83],[172085.065,559364.648],[172083.479,559370.112],[172083.456,559370.166],[172083.412,559370.33],[172083.401,559370.5],[172083.423,559370.669],[172083.478,559370.83],[172083.563,559370.978],[172083.671,559371.101],[172083.805,559371.206],[172083.958,559371.283],[172084.122,559371.328],[172097.967,559374.232],[172098.122,559374.246],[172097.878,559375.526]]]}},{"type":"Feature","properties":{"relatieveHoogteligging":0,"lokaalID":"G1900.0115374be6df4eb7bd8f1c0fb1f9d1e6","bgt_status":"bestaand","function":"rijbaan lokale weg","surfaceMaterial":"gesloten verharding","wegdeelOpTalud":"false","plus_fysiekVoorkomenWegdeel":"asfalt"},"geometry":{"type":"Polygon","coordinates":[[[172036.834,559469.876],[172034.826,559473.719],[172034.598,559474.155],[172033.782,559475.214],[172031.918,559477.569],[172029.187,559479.675],[172027.147,559480.845],[172026.076,559481.298],[172024.989,559481.328],[172022.095,559482.034],[172017.816,559482.695],[172017.334,559482.771],[172016.697,559479.365],[172017.244,559479.385],[172019.573,559479.472],[172024.315,559478.033],[172027.511,559476.86],[172029.748,559474.729],[172032.092,559471.691],[172032.651,559470.374],[172032.703,559470.235],[172033.504,559468.094],[172034.627,559465.946],[172035.428,559463.51],[172036.293,559460.524],[172036.78,559458.846],[172040.123,559459.613],[172038.745,559464.586],[172037.735,559467.765],[172037.23,559469.118],[172036.834,559469.876]]]}},{"type":"Feature","properties":{"relatieveHoogteligging":0,"lokaalID":"G1900.46b39af2a85144649f3433ac27b2c076","bgt_status":"bestaand","function":"voetpad","surfaceMaterial":"half verhard","wegdeelOpTalud":"false"},"geometry":{"type":"Polygon","coordinates":[[[172082.861,559484.292],[172082.693,559485.029],[172082.458,559486.564],[172082.298,559488.319],[172082.25,559489.935],[172082.572,559491.851],[172082.972,559493.349],[172083.897,559496.056],[172084.851,559498.207],[172086.145,559500.618],[172088.244,559503.692],[172089.523,559505.25],[172089.803,559505.577],[172091.17,559506.27],[172093.525,559507.464],[172097.67,559509.567],[172099.907,559510.702],[172103.93,559512.081],[172106.535,559512.671],[172111.069,559513.558],[172116.368,559514.551],[172119.813,559515.174],[172123.405,559515.913],[172127.353,559516.934],[172131.325,559518.193],[172135.942,559519.984],[172138.673,559521.224],[172140.894,559522.325],[172143.289,559523.615],[172145.906,559525.163],[172147.671,559526.287],[172149.185,559527.32],[172154.871,559531.534],[172157.913,559533.854],[172159.983,559535.472],[172161.513,559536.735],[172166.757,559541.062],[172170.272,559544.089],[172179.076,559552.201],[172181.465,559554.499],[172184.084,559557.05],[172186.01,559558.925],[172189.858,559562.674],[172192.604,559565.348],[172196.077,559568.73],[172197.505,559570.189],[172198.607,559571.328],[172202.604,559575.463],[172204.384,559577.304],[172206.307,559579.293],[172207.177,559580.193],[172209.816,559582.992],[172211.189,559584.611],[172212.701,559586.392],[172216.693,559591.108],[172217.915,559592.69],[172218.709,559593.718],[172219.819,559595.294],[172221.08,559597.172],[172225.467,559603.324],[172226.773,559605.131],[172228.413,559607.398],[172229.434,559608.81],[172230.323,559610.006],[172231.888,559611.971],[172233.035,559613.305],[172233.974,559614.348],[172235.24,559615.656],[172236.326,559616.703],[172238.462,559618.628],[172239.651,559619.611],[172240.57,559620.33],[172241.54,559621.072],[172242.627,559621.84],[172243.339,559622.341],[172244.75,559623.334],[172246.141,559624.314],[172247.614,559625.35],[172248.103,559625.695],[172250.549,559627.431],[172252.021,559628.626],[172252.873,559629.318],[172253.609,559629.707],[172252.954,559631.08],[172251.218,559630.197],[172251.193,559630.128],[172251.034,559629.695],[172250.488,559629.246],[172249.384,559628.461],[172247.125,559626.854],[172243.567,559624.324],[172241.359,559622.754],[172238.724,559620.802],[172237.409,559619.738],[172233.649,559616.227],[172231.651,559614.041],[172230.407,559612.537],[172229.299,559611.086],[172229.186,559610.937],[172227.173,559608.078],[172225.546,559605.805],[172221.602,559600.294],[172219.116,559596.763],[172217.716,559594.882],[172215.363,559591.723],[172213.183,559589.039],[172211.852,559587.518],[172205.972,559581.086],[172203.879,559578.903],[172202.889,559577.87],[172202.221,559577.173],[172197.733,559572.493],[172195.955,559570.67],[172193.622,559568.36],[172191.08,559565.843],[172188.015,559562.808],[172183.692,559558.634],[172182.187,559557.192],[172180.706,559555.772],[172178.523,559553.681],[172174.98,559550.285],[172172.113,559547.667],[172169.338,559545.202],[172166.422,559542.67],[172160.61,559537.847],[172159.177,559536.658],[172156.482,559534.592],[172155.018,559533.504],[172151.468,559530.866],[172147.834,559528.23],[172145.425,559526.649],[172141.529,559524.386],[172138.682,559522.928],[172136.001,559521.705],[172131.894,559520.074],[172129.559,559519.275],[172126.636,559518.426],[172123.495,559517.586],[172119.865,559516.719],[172118.369,559516.371],[172115.948,559515.925],[172115.499,559515.843],[172111.489,559515.133],[172107.628,559514.405],[172104.538,559513.703],[172100.735,559512.55],[172099.788,559512.136],[172094.664,559509.665],[172091.824,559508.203],[172088.571,559506.528],[172085.375,559505.007],[172082.655,559503.94],[172076.073,559501.866],[172073.358,559501.115],[172070.852,559500.535],[172070.335,559500.415],[172068.202,559499.921],[172065.521,559499.29],[172063.785,559498.874],[172061.753,559498.387],[172059.638,559497.88],[172057.802,559497.441],[172056.805,559497.186],[172054.641,559496.461],[172053.175,559495.801],[172052.036,559495.193],[172050.111,559493.94],[172048.36,559492.508],[172046.412,559490.43],[172045.291,559488.924],[172043.161,559485.822],[172042.175,559484.364],[172041.68,559483.631],[172041.314,559483.129],[172041.011,559482.89],[172040.509,559482.697],[172040.229,559482.675],[172040.192,559482.622],[172039.313,559481.374],[172038.912,559480.803],[172038.969,559480.406],[172038.955,559479.751],[172038.826,559479.135],[172038.756,559478.908],[172038.046,559477.649],[172037.674,559476.989],[172037.372,559476.453],[172037.121,559476.008],[172036.398,559474.725],[172036.291,559474.6],[172035.934,559474.265],[172035.528,559473.993],[172035.164,559473.82],[172034.826,559473.719],[172036.834,559469.876],[172036.854,559470.467],[172036.873,559470.861],[172036.947,559471.46],[172037.074,559472.048],[172037.297,559472.785],[172037.399,559473.073],[172037.787,559473.874],[172038.217,559474.573],[172038.772,559475.176],[172039.091,559475.044],[172040.627,559475.819],[172040.324,559476.779],[172040.235,559477.588],[172040.436,559478.181],[172040.766,559478.764],[172041.326,559479.719],[172041.94,559480.766],[172043.395,559483.225],[172044.864,559485.693],[172046.549,559488.467],[172047.727,559489.975],[172048.797,559491.115],[172049.802,559492.034],[172053.203,559494.332],[172055.351,559495.3],[172058.082,559496.093],[172060.808,559496.723],[172063.393,559497.341],[172066.023,559497.939],[172068.508,559498.467],[172069.806,559498.532],[172071.973,559497.663],[172072.685,559497.241],[172073.989,559496.328],[172076.536,559494.231],[172077.785,559493.032],[172078.973,559491.655],[172079.827,559490.198],[172080.296,559488.987],[172080.69,559487.127],[172080.908,559485.641],[172081.607,559482.509],[172082.104,559480.913],[172082.843,559478.988],[172083.501,559477.54],[172084.41,559475.842],[172085.466,559474.154],[172086.802,559472.309],[172087.271,559471.741],[172087.534,559471.428],[172087.98,559470.911],[172088.911,559469.915],[172088.975,559469.974],[172089.896,559470.827],[172089.973,559470.899],[172089.406,559471.507],[172088.418,559472.648],[172087.648,559473.625],[172086.92,559474.655],[172086.408,559475.452],[172085.226,559477.527],[172084.603,559478.821],[172084.222,559479.743],[172083.23,559482.675],[172082.861,559484.292]],[[172072.881,559499.475],[172073.915,559499.741],[172074.699,559499.943],[172075.545,559500.165],[172076.538,559500.451],[172077.996,559500.872],[172078.997,559501.183],[172079.931,559501.487],[172080.943,559501.816],[172081.515,559502.009],[172082.115,559502.223],[172083.252,559502.63],[172084.241,559502.999],[172084.902,559503.279],[172085.469,559503.52],[172085.971,559503.733],[172086.125,559503.479],[172085.868,559503.032],[172085.386,559502.19],[172084.916,559501.326],[172084.4,559500.335],[172083.92,559499.359],[172083.247,559497.857],[172082.831,559496.85],[172082.49,559495.993],[172082.06,559494.799],[172081.802,559494.063],[172081.602,559493.431],[172081.249,559492.285],[172080.724,559492.112],[172079.963,559492.914],[172079.627,559493.27],[172079.251,559493.646],[172078.753,559494.127],[172078.448,559494.422],[172077.95,559494.89],[172077.537,559495.252],[172077.055,559495.669],[172076.72,559495.959],[172076.205,559496.383],[172075.555,559496.898],[172074.97,559497.354],[172074.732,559497.529],[172074.221,559497.905],[172073.783,559498.212],[172073.287,559498.56],[172072.766,559498.924],[172072.707,559499.43],[172072.881,559499.475]]]}},{"type":"Feature","properties":{"relatieveHoogteligging":0,"lokaalID":"G1900.6b09ead1ae6149ca8839ecaa252e48f0","bgt_status":"bestaand","function":"voetpad","surfaceMaterial":"open verharding","wegdeelOpTalud":"false","plus_fysiekVoorkomenWegdeel":"tegels"},"geometry":{"type":"Polygon","coordinates":[[[172277.557,559604.08],[172274.975,559605.465],[172271.886,559607.552],[172268.981,559609.956],[172265.998,559613.02],[172262.565,559617.432],[172259.001,559622.953],[172255.78,559629.135],[172253.299,559635.057],[172251.63,559634.43],[172251.506,559634.394],[172251.34,559634.346],[172252.203,559632.464],[172252.954,559631.08],[172253.609,559629.707],[172256.281,559623.825],[172258.393,559620.232],[172261.192,559616.217],[172264.176,559612.254],[172269.43,559607.13],[172273.681,559604.303],[172277,559602.5],[172277.06,559603.209],[172277.557,559604.08]]]}},{"type":"Feature","properties":{"relatieveHoogteligging":0,"lokaalID":"G1900.1ce182fb222345f5bfc65cf80a8fabbb","bgt_status":"bestaand","function":"voetpad","surfaceMaterial":"open verharding","wegdeelOpTalud":"false","plus_fysiekVoorkomenWegdeel":"tegels"},"geometry":{"type":"Polygon","coordinates":[[[172252.203,559632.464],[172249.789,559631.12],[172250.271,559629.822],[172251.086,559630.275],[172251.193,559630.128],[172251.218,559630.197],[172252.954,559631.08],[172252.203,559632.464]]]}},{"type":"Feature","properties":{"relatieveHoogteligging":0,"lokaalID":"G1900.06115ab565c24e72992c98396cb9829a","bgt_status":"bestaand","function":"parkeervlak","surfaceMaterial":"open verharding","plus_fysiekVoorkomenWegdeel":"betonstraatstenen"},"geometry":{"type":"Polygon","coordinates":[[[172416.45,559345.506],[172416.305,559345.693],[172416.198,559345.905],[172416.134,559346.14],[172416.12,559346.261],[172416.071,559348.275],[172416.052,559348.474],[172416,559348.653],[172415.909,559348.83],[172415.785,559348.987],[172410.99,559353.962],[172408.523,559356.544],[172374.612,559392.03],[172371.633,559391.859],[172373.146,559390.299],[172409.78,559352.452],[172416.45,559345.506]]]}},{"type":"Feature","properties":{"relatieveHoogteligging":0,"lokaalID":"G1900.556596210e1e4358a663ca6f5d65fcd4","bgt_status":"bestaand","function":"parkeervlak","surfaceMaterial":"open verharding","plus_fysiekVoorkomenWegdeel":"betonstraatstenen"},"geometry":{"type":"Polygon","coordinates":[[[172143.748,559449.26],[172144.059,559448.915],[172146.669,559445.956],[172146.854,559445.724],[172156.246,559454.79],[172157.737,559456.247],[172154.709,559459.414],[172154.704,559459.428],[172153.229,559458.096],[172143.748,559449.26]]]}},{"type":"Feature","properties":{"relatieveHoogteligging":0,"lokaalID":"G1900.7757f3442c5844619512f85e81f26bd5","bgt_status":"bestaand","function":"rijbaan lokale weg","surfaceMaterial":"open verharding","wegdeelOpTalud":"false","plus_fysiekVoorkomenWegdeel":"betonstraatstenen"},"geometry":{"type":"Polygon","coordinates":[[[172021.898,559228.17],[172037.847,559248.052],[172039.951,559251.39],[172040.882,559252.451],[172042.098,559253.184],[172043.581,559253.4],[172045.564,559253.012],[172035.389,559261.209],[172035.932,559260.105],[172036.458,559259.001],[172036.527,559258.035],[172035.803,559256.154],[172034.354,559254.033],[172031.673,559250.535],[172028.188,559246.203],[172027.4,559245.197],[172026.925,559244.589],[172021.705,559237.916],[172021.663,559237.863],[172016.911,559231.788],[172016.723,559230.827],[172016.713,559230.774],[172016,559229.503],[172019.775,559226.03],[172020.836,559227.074],[172020.93,559227.171],[172021.898,559228.17]]]}},{"type":"Feature","properties":{"relatieveHoogteligging":0,"lokaalID":"G1900.775d1821ddf64f2599f7fb7982aac7da","bgt_status":"bestaand","function":"rijbaan lokale weg","surfaceMaterial":"open verharding","plus_fysiekVoorkomenWegdeel":"betonstraatstenen"},"geometry":{"type":"Polygon","coordinates":[[[172142.49,559448.199],[172143.576,559449.225],[172143.748,559449.26],[172153.229,559458.096],[172154.704,559459.428],[172154.577,559459.745],[172154.648,559460.019],[172155.611,559460.775],[172155.632,559460.789],[172156.905,559461.646],[172158.252,559462.228],[172160.047,559462.412],[172163.057,559461.726],[172167.176,559460.431],[172168.413,559459.698],[172169.122,559459.306],[172170.51,559457.751],[172172.069,559461.466],[172174.148,559466.418],[172172.484,559465.651],[172171.372,559465.375],[172169.441,559465.28],[172168.079,559465.521],[172165.605,559466.367],[172162.372,559467.212],[172160.596,559467.281],[172158.121,559467.022],[172156.13,559466.617],[172154.604,559465.97],[172153.656,559465.418],[172152.811,559464.857],[172148.61,559460.894],[172129.179,559442.637],[172125.075,559438.577],[172123.898,559437.249],[172122.616,559435.302],[172121.559,559433.264],[172120.79,559431.151],[172120.549,559429.249],[172120.534,559427.105],[172120.835,559425.082],[172124.864,559407.758],[172126.84,559399.244],[172128.711,559391.456],[172129.556,559388.12],[172130.627,559386.203],[172136.782,559379.44],[172138.071,559378.538],[172141.649,559376.45],[172144.563,559375.666],[172149.381,559375.69],[172178.654,559382.411],[172182.782,559383.473],[172185.838,559384.619],[172186.894,559385.072],[172188.176,559385.374],[172189.594,559385.313],[172190.831,559384.981],[172192.084,559384.317],[172185.295,559396.208],[172185.427,559394.543],[172185.327,559393.374],[172185.182,559392.709],[172184.974,559392.024],[172184.684,559391.443],[172184.289,559390.799],[172182.628,559389.097],[172181.528,559388.682],[172177.912,559387.633],[172148.278,559380.49],[172147.09,559380.596],[172145.163,559380.781],[172143.446,559381.177],[172142.126,559381.917],[172140.516,559382.973],[172138.984,559384.294],[172136.476,559387.068],[172135.473,559388.415],[172134.654,559389.577],[172134.047,559390.951],[172126.153,559425.123],[172125.493,559428.398],[172125.757,559430.379],[172126.47,559432.176],[172127.341,559433.681],[172128.503,559435.213],[172131.196,559437.696],[172133.651,559439.783],[172142.49,559448.199]]]}},{"type":"Feature","properties":{"relatieveHoogteligging":0,"lokaalID":"G1900.9b9b401faa2e4610bb4ac2b970edd413","bgt_status":"bestaand","function":"rijbaan lokale weg","surfaceMaterial":"gesloten verharding","wegdeelOpTalud":"false","plus_fysiekVoorkomenWegdeel":"asfalt"},"geometry":{"type":"Polygon","coordinates":[[[172467.79,559516.768],[172467.424,559518.062],[172466.953,559519.323],[172466.382,559520.54],[172465.713,559521.708],[172464.952,559522.817],[172464.103,559523.86],[172461.66,559526.53],[172457.776,559529.989],[172451.37,559535.68],[172437.39,559548.61],[172424.16,559560.32],[172421.8,559562.16],[172419.29,559563.94],[172417.27,559565.37],[172415.03,559566.57],[172412.22,559568.26],[172408.04,559570.39],[172398.49,559575.31],[172386.82,559581.23],[172380.5,559584.39],[172380.25,559584.51],[172375.53,559586.82],[172370.76,559589.3],[172365.62,559592.01],[172360.27,559594.9],[172354.95,559597.79],[172349.02,559601.34],[172344.89,559603.72],[172341.05,559605.97],[172336.77,559608.57],[172332.17,559611.13],[172327.38,559614.1],[172323.36,559616.45],[172318.23,559619.7],[172313.08,559623.07],[172309.47,559625.36],[172306.08,559627.57],[172303.22,559629.52],[172300.16,559631.74],[172297.48,559633.55],[172294.54,559635.58],[172291.83,559637.38],[172289.09,559639.25],[172286.11,559640.99],[172284.14,559642.13],[172282.52,559643.07],[172280.77,559643.64],[172279.21,559644.02],[172277.52,559644.41],[172275.38,559644.65],[172273.76,559644.79],[172271.96,559644.8],[172270.42,559644.65],[172268.68,559644.45],[172267.46,559644.24],[172266.09,559643.76],[172264.03,559643.11],[172257.71,559640.576],[172252.679,559638.675],[172252.002,559638.426],[172250.404,559637.837],[172244.3,559635.59],[172239.4,559633.76],[172230.61,559630.36],[172222.84,559627.49],[172212.57,559623.64],[172203.25,559620.19],[172187.558,559614.243],[172184.891,559613.236],[172157.356,559602.943],[172157.93,559605.92],[172158.43,559608.88],[172158.98,559611.63],[172159.28,559613.67],[172159.15,559615.13],[172158.98,559616.47],[172158.55,559617.7],[172158,559618.66],[172157.19,559619.71],[172155.96,559621.24],[172153.67,559623.7],[172152.1,559625.55],[172151.25,559626.68],[172150.82,559627.79],[172150.06,559629.49],[172148.208,559635.627],[172159.822,559646.355],[172162.35,559648.32],[172162.92,559648.94],[172171.55,559656.72],[172178.47,559663.09],[172188.23,559672.69],[172197.11,559680.61],[172206.56,559689.08],[172208.284,559689.385],[172205.781,559691.985],[172205.32,559690.39],[172193.12,559679.4],[172179.2,559666.45],[172167.13,559655.12],[172158.87,559647.79],[172148.9,559638.58],[172147.03,559636.8],[172146.54,559636.16],[172146.29,559635.57],[172146.57,559634.74],[172147.75,559630.31],[172148.92,559627.14],[172150.44,559625.03],[172152.16,559622.83],[172154.08,559620.66],[172155.9,559618.52],[172156.61,559617.39],[172157.1,559616.13],[172157.28,559614.61],[172157.27,559613.45],[172156.97,559611.03],[172155.96,559605.56],[172155.805,559602.318],[172153.47,559601.56],[172152,559601.12],[172150.06,559600.67],[172148.38,559600.41],[172146.71,559600.34],[172145.37,559600.38],[172143.86,559600.53],[172142.4,559600.8],[172141,559601.22],[172139.61,559601.75],[172138.15,559602.42],[172136.64,559603.15],[172134.95,559604.27],[172133.68,559605.46],[172132.51,559606.69],[172130.21,559609.05],[172123.172,559616.966],[172122.818,559617.365],[172121.647,559618.683],[172115.031,559626.125],[172114.793,559625.901],[172112.112,559623.387],[172115.174,559620.119],[172118.914,559616.129],[172120.219,559614.736],[172122.84,559611.94],[172124.82,559609.76],[172125.772,559608.908],[172126.35,559608.39],[172128.11,559606.45],[172129.38,559605.14],[172130.35,559604.07],[172131.48,559602.92],[172132.91,559601.69],[172134.49,559600.51],[172136.01,559599.5],[172137.2,559598.87],[172138.77,559598.13],[172140.53,559597.52],[172142.32,559597.12],[172143.74,559596.91],[172145.4,559596.87],[172146.94,559596.88],[172148.15,559597.01],[172150.33,559597.27],[172153.85,559598.02],[172156.334,559598.813],[172158.088,559599.372],[172159.27,559599.75],[172166.41,559602.46],[172173.52,559605.22],[172183.269,559608.761],[172182.848,559604.951],[172181.378,559582.429],[172181.258,559577.789],[172180.706,559555.772],[172182.187,559557.192],[172182.555,559578.647],[172182.744,559580.857],[172184.91,559606.182],[172185.373,559609.528],[172203.7,559616.62],[172207.22,559617.89],[172210.73,559619.24],[172214.18,559620.55],[172217.27,559621.62],[172219.72,559622.58],[172223.09,559623.97],[172225.891,559624.924],[172228.63,559625.86],[172231.44,559626.91],[172233.9,559627.75],[172237.66,559629.3],[172239.85,559630.13],[172242.52,559631.21],[172244.58,559632.09],[172246.99,559632.91],[172249.74,559633.88],[172251.34,559634.346],[172251.506,559634.394],[172251.63,559634.43],[172253.299,559635.057],[172253.533,559635.145],[172253.65,559635.19],[172255.44,559635.87],[172255.581,559635.926],[172258.233,559636.984],[172258.45,559637.07],[172260.68,559637.97],[172262.42,559638.69],[172263.97,559639.22],[172265.45,559639.78],[172267.04,559640.29],[172268.64,559640.59],[172269.98,559640.72],[172271.51,559640.91],[172272.95,559641.01],[172274.23,559641],[172275.77,559640.97],[172277.44,559640.71],[172278.62,559640.4],[172280.18,559639.89],[172281.63,559639.29],[172283.1,559638.52],[172285.37,559637.22],[172289.15,559634.79],[172292.71,559632.35],[172296.5,559629.9],[172299.35,559627.87],[172302.07,559626.05],[172305.09,559624.1],[172307.42,559622.46],[172309.23,559621.34],[172311.37,559619.92],[172313.86,559618.22],[172316.68,559616.46],[172319.17,559615.07],[172321.82,559613.39],[172326.17,559610.61],[172330.57,559607.93],[172335.02,559605.45],[172338.76,559603.09],[172342.42,559600.94],[172345.79,559599.05],[172348.39,559597.55],[172352.41,559595.31],[172357.43,559592.58],[172362.26,559589.92],[172367.83,559586.87],[172372.31,559584.47],[172376.01,559582.53],[172379.32,559580.92],[172380.5,559580.37],[172386.01,559577.67],[172399.42,559570.97],[172405.4,559567.95],[172409.87,559565.4],[172413.73,559563.24],[172417.12,559561.07],[172420.07,559558.94],[172424.53,559555.47],[172427.389,559552.834],[172429.776,559550.633],[172430.18,559550.26],[172439.36,559541.8],[172444.008,559537.554],[172448.16,559533.76],[172448.62,559533.34],[172449.808,559532.273],[172450.54,559531.616],[172452.148,559530.171],[172452.74,559529.64],[172452.949,559529.454],[172454.648,559527.945],[172455.714,559527],[172455.95,559526.79],[172457.339,559525.697],[172458.545,559524.713],[172458.779,559524.501],[172459.599,559523.756],[172459.705,559523.66],[172460.501,559522.799],[172460.631,559522.648],[172460.758,559522.502],[172461.17,559521.992],[172461.331,559521.785],[172461.407,559521.687],[172461.631,559521.398],[172461.718,559521.267],[172462.141,559520.632],[172462.388,559520.249],[172462.513,559520.056],[172462.569,559519.952],[172462.958,559519.234],[172463.308,559518.571],[172463.696,559517.651],[172463.917,559517.128],[172464.397,559515.637],[172467.384,559500.194],[172467.414,559500],[172467.701,559498.136],[172467.628,559495.746],[172467.29,559492.481],[172466.655,559490.094],[172457.489,559460.011],[172456.164,559455.196],[172459.591,559454.164],[172459.616,559454.269],[172471.452,559493.957],[172471.533,559494.541],[172471.562,559494.751],[172471.578,559494.868],[172471.584,559494.981],[172471.592,559495.128],[172471.627,559495.787],[172471.61,559496.354],[172471.604,559496.58],[172471.6,559496.706],[172471.588,559496.812],[172471.568,559496.988],[172471.496,559497.62],[172471.035,559500],[172467.79,559516.768]]]}},{"type":"Feature","properties":{"relatieveHoogteligging":0,"lokaalID":"G1900.bc1f62a87e4a4318878fc68b8b38565e","bgt_status":"bestaand","function":"rijbaan lokale weg","surfaceMaterial":"open verharding","wegdeelOpTalud":"false","plus_fysiekVoorkomenWegdeel":"betonstraatstenen"},"geometry":{"type":"Polygon","coordinates":[[[172366.633,559397.321],[172365.202,559398.884],[172364.573,559399.914],[172364.28,559401.535],[172364.28,559404.141],[172364.793,559411.659],[172367.022,559435.792],[172367.329,559439.12],[172367.427,559440.175],[172368.087,559442.077],[172369.064,559443.583],[172370.305,559444.825],[172371.757,559445.617],[172373.863,559446.509],[172368.324,559446.943],[172367.921,559446.565],[172366.88,559446.021],[172365.205,559445.765],[172364.073,559446.006],[172362.912,559446.55],[172361.916,559447.319],[172355.191,559448.061],[172356.22,559447.689],[172357.375,559447.275],[172359.151,559445.846],[172360.101,559444.657],[172360.893,559443.019],[172361.237,559441.144],[172361.105,559437.445],[172359.124,559417],[172358.01,559405.899],[172357.878,559404.261],[172357.901,559403.491],[172357.987,559402.214],[172358.53,559399.445],[172359.263,559397.271],[172360.22,559395.52],[172360.962,559394.425],[172363.388,559391.672],[172374.834,559379.813],[172380.696,559373.605],[172388.435,559365.685],[172390.424,559363.649],[172393.685,559360.311],[172396.883,559357.038],[172396.978,559356.941],[172412.126,559341.333],[172414.661,559338.45],[172415.144,559337.665],[172415.249,559336.578],[172415.159,559334.283],[172415.03,559331.966],[172414.664,559328.37],[172414.501,559326.765],[172410.864,559288.724],[172409.673,559286.443],[172409.426,559285.972],[172408.233,559285.101],[172406.543,559284.045],[172404.273,559283.358],[172403.474,559283.186],[172416.271,559282.336],[172416.446,559284.209],[172418.642,559307.675],[172420.75,559330.199],[172421.008,559332.953],[172421.305,559337.366],[172421.331,559337.754],[172421.192,559338.343],[172420.777,559340.105],[172419.589,559342.165],[172417.628,559344.369],[172416.45,559345.506],[172409.78,559352.452],[172373.146,559390.299],[172371.633,559391.859],[172366.633,559397.321]]]}},{"type":"Feature","properties":{"relatieveHoogteligging":0,"lokaalID":"G1900.c178ceb3ea5f462b85fdc5b847982c43","bgt_status":"bestaand","function":"rijbaan lokale weg","surfaceMaterial":"open verharding","wegdeelOpTalud":"false","plus_fysiekVoorkomenWegdeel":"betonstraatstenen"},"geometry":{"type":"Polygon","coordinates":[[[172356.824,559106.97],[172360.944,559104.434],[172365.315,559111.688],[172372.715,559123.858],[172380.521,559136.635],[172388.642,559150.044],[172392.295,559156.026],[172393.3,559157.671],[172393.556,559158.091],[172393.944,559158.836],[172394.292,559159.666],[172394.633,559160.735],[172394.863,559161.909],[172394.949,559162.772],[172395.392,559167.913],[172396.729,559184.076],[172397.427,559191.83],[172363.565,559194.814],[172332.008,559197.583],[172310.657,559199.435],[172308.573,559199.616],[172307.486,559199.807],[172306.985,559199.975],[172306.452,559200.196],[172306.061,559200.388],[172305.566,559200.673],[172302.697,559202.503],[172288.651,559211.46],[172287.43,559212.239],[172287.235,559212.368],[172287.032,559212.567],[172286.92,559212.716],[172286.784,559212.968],[172286.704,559213.226],[172286,559216.659],[172285.921,559216.811],[172285.78,559216.975],[172283.938,559218.142],[172261.226,559232.541],[172260.034,559233.297],[172259.436,559232.377],[172259.423,559232.36],[172259.34,559232.22],[172259.286,559232.066],[172259.264,559231.936],[172259.266,559231.773],[172259.636,559228.126],[172259.625,559227.677],[172260.248,559227.289],[172271.086,559220.387],[172277.38,559216.348],[172277.702,559216.041],[172277.965,559215.751],[172278.47,559215.065],[172278.833,559214.396],[172279.084,559213.749],[172279.286,559212.949],[172279.364,559212.218],[172279.349,559211.423],[172279.182,559210.455],[172278.912,559209.647],[172278.11,559208.232],[172273.484,559200.972],[172256.613,559174.43],[172253.408,559169.369],[172252.06,559167.322],[172256.064,559164.671],[172260.659,559171.904],[172263.169,559175.845],[172270.145,559186.798],[172274.372,559193.409],[172281.163,559204.031],[172282.15,559205.279],[172282.628,559205.67],[172283.197,559206.036],[172283.616,559206.242],[172284.739,559206.579],[172285.52,559206.663],[172286.184,559206.638],[172287.097,559206.462],[172288.586,559205.742],[172292.2,559203.444],[172297.004,559200.369],[172301.087,559197.732],[172302.232,559196.993],[172304.232,559195.843],[172305.829,559195.233],[172306.874,559194.952],[172308.044,559194.753],[172310.206,559194.583],[172313.849,559194.252],[172326.297,559193.2],[172351.34,559190.986],[172377.246,559188.709],[172383.882,559188.126],[172384.803,559188.025],[172386.408,559187.847],[172387.615,559187.597],[172388.968,559186.981],[172389.651,559186.494],[172390.394,559185.764],[172390.845,559185.176],[172391.295,559184.367],[172391.62,559183.488],[172391.82,559182.466],[172391.853,559181.906],[172391.764,559180.893],[172391.675,559179.869],[172390.95,559171.539],[172390.765,559169.415],[172390.554,559166.975],[172390.422,559165.444],[172390.323,559164.297],[172390.26,559163.56],[172390.067,559162.386],[172389.696,559161.465],[172389.26,559160.643],[172388.31,559159.022],[172384.068,559151.925],[172376.241,559139.022],[172365.772,559121.658],[172356.824,559106.97]]]}},{"type":"Feature","properties":{"relatieveHoogteligging":0,"lokaalID":"G1900.c20fe21cb0a04cf2b679aa192de20275","bgt_status":"bestaand","function":"rijbaan lokale weg","surfaceMaterial":"open verharding","plus_fysiekVoorkomenWegdeel":"betonstraatstenen"},"geometry":{"type":"Polygon","coordinates":[[[172287.414,559584.675],[172287.163,559582.629],[172285.371,559568.043],[172282.547,559547.623],[172282.122,559544.548],[172282.077,559544.08],[172281.88,559543.25],[172281.624,559542.887],[172281.166,559541.967],[172280.216,559540.865],[172278.782,559539.673],[172277.153,559539.009],[172275.529,559538.664],[172291.283,559536.86],[172290.179,559537.637],[172288.972,559538.905],[172288.033,559540.466],[172287.391,559542.166],[172291.464,559576.275],[172293.219,559591.051],[172293.753,559594.511],[172293.789,559594.742],[172294.43,559598.893],[172295.372,559601.191],[172281.582,559607.289],[172280.214,559607.888],[172279.806,559608.024],[172278.264,559605.319],[172277.557,559604.08],[172277.06,559603.209],[172277,559602.5],[172279.037,559601.48],[172287.32,559597.842],[172286.976,559597.052],[172286.837,559596.732],[172287.498,559596.65],[172287.845,559596.061],[172288.162,559592.318],[172288.194,559591.025],[172287.414,559584.675]]]}},{"type":"Feature","properties":{"relatieveHoogteligging":0,"lokaalID":"G1900.fa5a0957f69243db8ea6a1f514807cf4","bgt_status":"bestaand","function":"parkeervlak","surfaceMaterial":"open verharding","plus_fysiekVoorkomenWegdeel":"betonstraatstenen"},"geometry":{"type":"Polygon","coordinates":[[[172533.889,559397.111],[172534.793,559399.16],[172539.574,559409.987],[172536.369,559411.122],[172533.565,559412.236],[172529.719,559413.764],[172517.755,559418.517],[172513.894,559420.051],[172510.357,559421.456],[172508.19,559422.34],[172508.114,559422.299],[172504.361,559412.917],[172503.513,559410.797],[172503.402,559410.52],[172502.832,559409.094],[172502.786,559408.98],[172501.729,559406.338],[172502.479,559406.035],[172506.978,559404.223],[172510.53,559402.792],[172510.691,559402.727],[172523.251,559397.666],[172523.5,559397.566],[172527.463,559395.969],[172528.362,559395.651],[172528.4,559396.06],[172532.35,559395.7],[172532.36,559395.9],[172533.315,559395.812],[172533.889,559397.111]]]}},{"type":"Feature","properties":{"relatieveHoogteligging":0,"lokaalID":"G1900.08993a4a41394307bab35c24ad28cd30","bgt_status":"bestaand","function":"parkeervlak","surfaceMaterial":"open verharding","wegdeelOpTalud":"false","plus_fysiekVoorkomenWegdeel":"gebakken klinkers"},"geometry":{"type":"Polygon","coordinates":[[[172269.438,559183.316],[172264.235,559175.166],[172264.83,559174.762],[172267.412,559173.006],[172267.475,559172.973],[172267.567,559172.944],[172267.625,559172.937],[172267.662,559172.933],[172267.758,559172.941],[172267.772,559172.944],[172267.864,559172.973],[172267.948,559173.019],[172268.022,559173.081],[172268.082,559173.157],[172272.808,559180.648],[172272.844,559180.732],[172272.864,559180.827],[172272.865,559180.923],[172272.847,559181.018],[172272.831,559181.063],[172272.787,559181.149],[172272.726,559181.225],[172272.655,559181.285],[172272.652,559181.287],[172269.438,559183.316]],[[172266.693,559178.945],[172269.719,559176.996],[172268.76,559175.498],[172265.734,559177.447],[172266.693,559178.945]],[[172268.491,559175.066],[172267.513,559173.575],[172264.483,559175.524],[172265.461,559177.015],[172268.491,559175.066]],[[172270.983,559178.991],[172269.967,559177.407],[172266.96,559179.371],[172267.975,559180.955],[172270.983,559178.991]],[[172269.16,559182.845],[172272.193,559180.869],[172271.231,559179.352],[172268.198,559181.327],[172269.16,559182.845]]]}},{"type":"Feature","properties":{"relatieveHoogteligging":0,"lokaalID":"G1900.40ac5025e9a24a5798ba4aa520445430","bgt_status":"bestaand","function":"voetpad","surfaceMaterial":"open verharding","plus_fysiekVoorkomenWegdeel":"tegels"},"geometry":{"type":"Polygon","coordinates":[[[172451.464,559529.292],[172451.42,559529.23],[172452.302,559528.543],[172452.949,559529.454],[172452.74,559529.64],[172452.148,559530.171],[172451.464,559529.292]]]}},{"type":"Feature","properties":{"relatieveHoogteligging":0,"lokaalID":"G1900.617902a0f9e54a06a3f518d09bf07bfd","bgt_status":"bestaand","function":"rijbaan lokale weg","surfaceMaterial":"open verharding","wegdeelOpTalud":"false","plus_fysiekVoorkomenWegdeel":"gebakken klinkers"},"geometry":{"type":"Polygon","coordinates":[[[172275.072,559193.3],[172274.922,559193.067],[172269.339,559184.404],[172269.403,559184.448],[172269.468,559184.48],[172269.568,559184.515],[172269.666,559184.537],[172269.754,559184.54],[172269.853,559184.526],[172269.948,559184.492],[172270.132,559184.376],[172275.389,559192.561],[172275.158,559192.702],[172275.121,559192.734],[172275.068,559192.796],[172275.028,559192.867],[172275.003,559192.944],[172274.996,559192.986],[172274.995,559193.021],[172274.994,559193.067],[172275.009,559193.147],[172275.027,559193.211],[172275.072,559193.3]]]}},{"type":"Feature","properties":{"relatieveHoogteligging":0,"lokaalID":"G1900.663f5a451e7f48928bdab6c602580221","bgt_status":"bestaand","function":"voetpad","surfaceMaterial":"open verharding","wegdeelOpTalud":"false","plus_fysiekVoorkomenWegdeel":"tegels"},"geometry":{"type":"Polygon","coordinates":[[[172502.612,559431.55],[172501.521,559431.919],[172498.853,559432.745],[172497.163,559427.013],[172496.159,559417.688],[172493.6,559389.767],[172492.815,559382.51],[172493.091,559382.24],[172497.765,559386.885],[172497.307,559387.407],[172496.744,559388.047],[172496.85,559388.6],[172496.833,559388.791],[172497.161,559392.546],[172497.913,559402.01],[172498.025,559403.421],[172498.192,559405.527],[172498.253,559406.293],[172498.488,559409.244],[172498.501,559409.408],[172498.622,559410.94],[172498.636,559411.114],[172498.892,559414.338],[172499.955,559425.664],[172508.138,559422.361],[172508.19,559422.34],[172510.357,559421.456],[172513.894,559420.051],[172514.115,559420.64],[172515.45,559423.629],[172515.694,559424.23],[172504.209,559428.864],[172503.155,559430.916],[172502.612,559431.55]]]}},{"type":"Feature","properties":{"relatieveHoogteligging":0,"lokaalID":"G1900.6a0dbb362c4743d1bb924643a2f32d92","bgt_status":"bestaand","function":"rijbaan lokale weg","surfaceMaterial":"open verharding","wegdeelOpTalud":"false","plus_fysiekVoorkomenWegdeel":"gebakken klinkers"},"geometry":{"type":"Polygon","coordinates":[[[172356.824,559106.97],[172365.772,559121.658],[172376.241,559139.022],[172384.068,559151.925],[172388.31,559159.022],[172389.26,559160.643],[172389.696,559161.465],[172390.067,559162.386],[172390.26,559163.56],[172390.323,559164.297],[172390.422,559165.444],[172390.554,559166.975],[172390.765,559169.415],[172390.95,559171.539],[172391.675,559179.869],[172391.764,559180.893],[172391.853,559181.906],[172391.82,559182.466],[172391.62,559183.488],[172391.295,559184.367],[172390.845,559185.176],[172390.394,559185.764],[172389.651,559186.494],[172388.968,559186.981],[172387.615,559187.597],[172386.408,559187.847],[172384.803,559188.025],[172383.882,559188.126],[172377.246,559188.709],[172351.34,559190.986],[172326.297,559193.2],[172313.849,559194.252],[172310.206,559194.583],[172308.044,559194.753],[172306.874,559194.952],[172305.829,559195.233],[172304.232,559195.843],[172302.232,559196.993],[172301.087,559197.732],[172297.004,559200.369],[172292.2,559203.444],[172288.586,559205.742],[172287.097,559206.462],[172286.184,559206.638],[172285.52,559206.663],[172284.739,559206.579],[172283.616,559206.242],[172283.197,559206.036],[172282.628,559205.67],[172282.15,559205.279],[172281.163,559204.031],[172274.372,559193.409],[172270.145,559186.798],[172263.169,559175.845],[172260.659,559171.904],[172256.064,559164.671],[172256.579,559164.33],[172257.168,559165.257],[172260.606,559170.665],[172263.41,559175.075],[172263.505,559175.224],[172263.686,559175.508],[172269.117,559184.052],[172269.339,559184.404],[172274.922,559193.067],[172275.072,559193.3],[172281.801,559203.879],[172282.039,559204.231],[172282.261,559204.501],[172282.31,559204.56],[172282.61,559204.861],[172282.937,559205.134],[172283.288,559205.374],[172283.66,559205.58],[172283.882,559205.677],[172284.05,559205.75],[172284.454,559205.883],[172284.664,559205.936],[172285.083,559206.011],[172285.507,559206.046],[172285.933,559206.041],[172286.356,559205.996],[172286.773,559205.912],[172287.18,559205.789],[172287.574,559205.628],[172287.738,559205.548],[172291.014,559203.459],[172291.034,559203.446],[172293.585,559201.839],[172293.603,559201.827],[172302.019,559196.392],[172302.635,559195.994],[172303.272,559195.63],[172303.928,559195.301],[172304.601,559195.008],[172304.611,559195.004],[172305.298,559194.749],[172305.999,559194.532],[172306.711,559194.353],[172307.431,559194.213],[172307.472,559194.206],[172308.256,559194.098],[172308.677,559194.063],[172313.72,559193.641],[172313.741,559193.639],[172325.466,559192.655],[172331.466,559192.095],[172331.893,559192.055],[172331.919,559192.053],[172343.46,559191.047],[172343.487,559191.045],[172343.519,559191.042],[172349.528,559190.524],[172349.532,559190.524],[172361.72,559189.443],[172361.725,559189.442],[172367.737,559188.901],[172367.762,559188.899],[172379.89,559187.86],[172379.914,559187.858],[172382.927,559187.607],[172382.935,559187.606],[172386.301,559187.236],[172386.763,559187.174],[172387.217,559187.072],[172387.662,559186.932],[172388.092,559186.754],[172388.506,559186.54],[172388.9,559186.291],[172389.271,559186.01],[172389.617,559185.697],[172389.789,559185.52],[172390.09,559185.165],[172390.361,559184.786],[172390.597,559184.384],[172390.799,559183.964],[172390.963,559183.528],[172391.09,559183.08],[172391.178,559182.622],[172391.226,559182.159],[172391.234,559181.955],[172390.013,559167.926],[172389.587,559162.97],[172389.467,559162.54],[172389.293,559162.031],[172388.777,559161.046],[172385.968,559156.247],[172385.96,559156.233],[172384.371,559153.62],[172384.368,559153.614],[172377.043,559141.539],[172375.211,559138.52],[172373.898,559136.322],[172373.897,559136.32],[172365.906,559123.068],[172356.296,559107.295],[172356.824,559106.97]]]}},{"type":"Feature","properties":{"relatieveHoogteligging":0,"lokaalID":"G1900.d93ea7dbe58948bab4fd9ddd76df2f3b","bgt_status":"bestaand","function":"voetpad","surfaceMaterial":"open verharding","wegdeelOpTalud":"false","plus_fysiekVoorkomenWegdeel":"tegels"},"geometry":{"type":"Polygon","coordinates":[[[172551.725,559407.535],[172561.317,559403.737],[172570.607,559400.142],[172571.637,559399.739],[172571.89,559399.64],[172576.168,559397.965],[172585.664,559393.921],[172586.066,559393.75],[172586.933,559393.381],[172587.331,559393.211],[172592.017,559391.216],[172600.057,559386.732],[172603.707,559383.865],[172609.124,559377.843],[172612.44,559374.157],[172618.955,559366.714],[172619.368,559365.856],[172619.437,559364.597],[172618.601,559363.019],[172617.629,559361.646],[172618.958,559360.629],[172619.629,559361.647],[172620.843,559363.972],[172620.975,559365.61],[172620.946,559367.728],[172618.559,559370.438],[172606.757,559383.704],[172603.457,559386.795],[172599.681,559389.595],[172592.526,559393.583],[172581.384,559397.915],[172567.655,559403.41],[172541.543,559413.897],[172535.032,559416.428],[172534.795,559415.881],[172533.818,559412.818],[172533.565,559412.236],[172536.369,559411.122],[172539.574,559409.987],[172539.779,559409.914],[172547.385,559407.428],[172547.792,559407.276],[172547.888,559407.24],[172548.985,559406.833],[172551.725,559407.535]]]}},{"type":"Feature","properties":{"relatieveHoogteligging":0,"lokaalID":"G1900.fe75b363f06149bf99f004ceffce7c28","bgt_status":"bestaand","function":"rijbaan lokale weg","surfaceMaterial":"open verharding","wegdeelOpTalud":"false","plus_fysiekVoorkomenWegdeel":"gebakken klinkers"},"geometry":{"type":"Polygon","coordinates":[[[172269.438,559183.316],[172269.277,559183.417],[172269.273,559183.42],[172269.221,559183.46],[172269.162,559183.525],[172269.116,559183.6],[172269.086,559183.682],[172269.072,559183.769],[172269.072,559183.795],[172269.08,559183.882],[172269.085,559183.957],[172269.117,559184.052],[172263.686,559175.508],[172263.505,559175.224],[172263.524,559175.239],[172263.622,559175.29],[172263.728,559175.321],[172263.743,559175.324],[172263.854,559175.331],[172263.963,559175.316],[172264,559175.303],[172264.068,559175.28],[172264.235,559175.166],[172269.438,559183.316]]]}},{"type":"Feature","properties":{"relatieveHoogteligging":0,"lokaalID":"G1900.23cd34559c63423f9aee355515b41deb","bgt_status":"bestaand","function":"voetpad","surfaceMaterial":"open verharding","plus_fysiekVoorkomenWegdeel":"tegels"},"geometry":{"type":"Polygon","coordinates":[[[172502.832,559409.094],[172503.402,559410.52],[172500.13,559410.808],[172499.919,559410.826],[172498.622,559410.94],[172498.501,559409.408],[172502.832,559409.094]]]}},{"type":"Feature","properties":{"relatieveHoogteligging":0,"lokaalID":"G1900.450fd38f9fcf4df2b9cf2c09886399dd","bgt_status":"bestaand","function":"voetpad","surfaceMaterial":"open verharding","plus_fysiekVoorkomenWegdeel":"tegels"},"geometry":{"type":"Polygon","coordinates":[[[172528.362,559395.651],[172527.463,559395.969],[172523.5,559397.566],[172523.32,559396.35],[172522.885,559393.416],[172522.788,559392.364],[172528.01,559391.88],[172528.362,559395.651]]]}},{"type":"Feature","properties":{"relatieveHoogteligging":0,"lokaalID":"G1900.57e6da0ccbf3474db0dd4e74a404b9cd","bgt_status":"bestaand","function":"voetpad","surfaceMaterial":"open verharding","plus_fysiekVoorkomenWegdeel":"tegels"},"geometry":{"type":"Polygon","coordinates":[[[172533.889,559397.111],[172533.315,559395.812],[172544.91,559394.75],[172547.728,559394.489],[172547.849,559395.773],[172541.638,559396.351],[172533.889,559397.111]]]}},{"type":"Feature","properties":{"relatieveHoogteligging":0,"lokaalID":"G1900.832f440cccce49caac8084448a5c8246","bgt_status":"bestaand","function":"voetpad","surfaceMaterial":"open verharding","wegdeelOpTalud":"false","plus_fysiekVoorkomenWegdeel":"tegels"},"geometry":{"type":"Polygon","coordinates":[[[172454.932,559526.208],[172455.714,559527],[172454.648,559527.945],[172453.856,559527.163],[172454.932,559526.208]]]}},{"type":"Feature","properties":{"relatieveHoogteligging":0,"lokaalID":"G1900.dbcc2b226a694915be675626e94fa116","bgt_status":"bestaand","function":"rijbaan lokale weg","surfaceMaterial":"open verharding","plus_fysiekVoorkomenWegdeel":"tegels"},"geometry":{"type":"Polygon","coordinates":[[[172510.53,559402.792],[172506.978,559404.223],[172502.479,559406.035],[172502.37,559405.28],[172498.192,559405.527],[172498.025,559403.421],[172499.3,559403.306],[172500.104,559403.233],[172499.22,559391.45],[172501.07,559391.3],[172500.841,559388.48],[172500.73,559387.1],[172497.307,559387.407],[172497.765,559386.885],[172493.091,559382.24],[172492.96,559381.29],[172493.996,559379.571],[172493.438,559376.008],[172488.033,559371.665],[172488.52,559371.095],[172491.068,559368.112],[172496.079,559375.537],[172496.344,559376.652],[172496.992,559377.393],[172497.336,559377.491],[172499.856,559377.142],[172501.916,559376.856],[172503.391,559375.128],[172504.046,559374.737],[172503.975,559374.079],[172512.96,559373.22],[172513.184,559375.561],[172512.937,559375.83],[172508.488,559380.684],[172510.001,559397.072],[172510.401,559401.397],[172510.53,559402.792]]]}},{"type":"Feature","properties":{"relatieveHoogteligging":0,"lokaalID":"G1900.56724ef5b78745d995aca1339f1fdeba","bgt_status":"bestaand","function":"voetpad","surfaceMaterial":"open verharding","wegdeelOpTalud":"false","plus_fysiekVoorkomenWegdeel":"tegels"},"geometry":{"type":"Polygon","coordinates":[[[172513.823,559592.913],[172512.362,559593.024],[172506.879,559593.145],[172506.564,559593.152],[172505.068,559593.284],[172504.56,559593.329],[172500.515,559593.685],[172495.461,559594.362],[172495.138,559593.209],[172500.475,559592.587],[172505.863,559592.234],[172512.473,559592.156],[172513.292,559592.18],[172514.21,559592.08],[172515.521,559591.586],[172516.555,559591.011],[172517.532,559590.32],[172518.441,559589.492],[172519.222,559588.515],[172519.613,559587.732],[172520.073,559586.732],[172520.28,559585.938],[172520.326,559585.305],[172520.343,559584.086],[172520.347,559583.845],[172521.251,559583.771],[172521.245,559584.003],[172521.185,559584.455],[172521.164,559584.61],[172520.907,559586.081],[172520.433,559587.497],[172520.302,559587.755],[172519.876,559588.593],[172519.247,559589.567],[172518.487,559590.452],[172517.47,559591.345],[172516.537,559591.935],[172515.247,559592.531],[172513.823,559592.913]]]}},{"type":"Feature","properties":{"relatieveHoogteligging":0,"lokaalID":"L0002.364a57afbdb947b7bcdb4f8c2f7261bf","bgt_status":"bestaand","function":"rijbaan autoweg","surfaceMaterial":"gesloten verharding","wegdeelOpTalud":"false"},"geometry":{"type":"Polygon","coordinates":[[[172759.561,559521.297],[172722.835,559523.078],[172695.99,559524.722],[172674.963,559526.622],[172650.396,559529.625],[172639.566,559531.196],[172636.702,559531.641],[172613.993,559535.51],[172580.113,559542.713],[172574.436,559544.089],[172550.927,559550.188],[172548.397,559541.124],[172549.867,559540.737],[172552.424,559539.893],[172555.038,559539.188],[172557.65,559538.495],[172562.277,559537.359],[172565.936,559536.349],[172568.993,559535.522],[172583.302,559531.332],[172586.325,559530.451],[172590.081,559529.613],[172593.794,559528.638],[172603.821,559525.951],[172606.65,559525.24],[172613.122,559523.629],[172616.147,559522.937],[172617.756,559522.553],[172619.681,559522.139],[172628.561,559520.5],[172632.886,559519.76],[172636.737,559519.168],[172640.609,559518.675],[172643.704,559518.214],[172646.799,559517.752],[172664.195,559515.331],[172685.688,559513.046],[172693.318,559512.288],[172700.613,559511.485],[172703.582,559511.154],[172709.522,559510.539],[172715.556,559509.901],[172722.06,559509.229],[172731.356,559508.044],[172741.023,559506.925],[172743.728,559506.668],[172743.801,559507.217],[172747.033,559506.775],[172749.918,559506.446],[172752.802,559506.117],[172767.383,559504.634],[172770.992,559504.271],[172774.209,559503.978],[172781.002,559503.411],[172784.649,559503.101],[172792.151,559502.512],[172807.181,559501.557],[172810.019,559501.397],[172812.858,559501.237],[172824.585,559500.604],[172836.707,559499.969],[172851.465,559499.193],[172853.069,559499.102],[172855.171,559498.972],[172855.59,559498.952],[172856.321,559498.856],[172857.391,559498.708],[172860.702,559498.252],[172863.041,559497.941],[172865.779,559497.519],[172869.165,559497.075],[172878.888,559495.668],[172881.649,559495.215],[172885.365,559494.672],[172889.591,559494.117],[172891.359,559493.908],[172892.846,559493.774],[172895.588,559493.591],[172898.106,559493.48],[172901.508,559493.336],[172906.997,559493.078],[172909.717,559492.918],[172916.398,559492.62],[172924.437,559492.162],[172928.256,559491.972],[172937.981,559491.452],[172939.805,559491.258],[172941.465,559491.036],[172944.408,559490.496],[172946.923,559489.726],[172947.657,559499.587],[172941.259,559499.876],[172924.774,559500.722],[172917.541,559501.042],[172904.951,559501.639],[172858.287,559503.877],[172846.181,559504.451],[172825.44,559505.434],[172816.791,559505.864],[172811.132,559506.145],[172805.047,559506.516],[172783.855,559508.061],[172755.95,559510.809],[172751.949,559511.257],[172749.323,559511.57],[172747.274,559511.861],[172745.538,559512.075],[172744.47,559512.558],[172744.335,559512.774],[172744.394,559512.807],[172744.524,559512.839],[172744.937,559512.892],[172746.655,559512.863],[172755.307,559512.402],[172757.688,559512.274],[172785.881,559511.167],[172803.894,559510.044],[172823.453,559508.704],[172832.232,559508.309],[172843.878,559507.751],[172862.119,559506.802],[172866.22,559506.574],[172869.556,559506.369],[172872.89,559506.234],[172876.209,559506.005],[172879.532,559505.842],[172883.149,559505.735],[172893.98,559505.266],[172897.598,559505.036],[172901.115,559504.892],[172904.627,559504.721],[172908.147,559504.513],[172922.115,559503.85],[172924.892,559503.722],[172925.272,559513.401],[172913.948,559513.947],[172866.481,559516.26],[172819.777,559518.466],[172772.293,559520.815],[172759.561,559521.297]]]}},{"type":"Feature","properties":{"relatieveHoogteligging":0,"lokaalID":"L0002.72641ae75d72449488e0a0bff512b75c","bgt_status":"bestaand","function":"rijbaan autoweg","surfaceMaterial":"gesloten verharding","wegdeelOpTalud":"false"},"geometry":{"type":"Polygon","coordinates":[[[172369.633,559640.794],[172361.789,559645.601],[172359.273,559647.116],[172346.392,559655.317],[172343.759,559657.064],[172341.126,559658.71],[172338.479,559660.558],[172335.675,559662.284],[172332.968,559664.178],[172330.192,559665.99],[172327.346,559667.666],[172318.863,559673.44],[172315.769,559675.655],[172312.617,559677.786],[172311.885,559678.312],[172309.474,559679.936],[172306.887,559681.623],[172297.353,559688.051],[172294.208,559690.171],[172282.296,559698.245],[172279.176,559700.265],[172274.299,559703.625],[172262.778,559711.563],[172259.987,559713.414],[172256.901,559715.593],[172255.386,559716.596],[172241.574,559726.102],[172237.314,559728.94],[172231.678,559733.017],[172224.499,559737.945],[172218.113,559742.476],[172215.001,559744.677],[172213.506,559745.703],[172211.984,559746.844],[172212.703,559744.374],[172210.686,559741.629],[172208.661,559738.874],[172207.264,559738.678],[172232.843,559720.952],[172235.181,559719.344],[172264.762,559698.998],[172268.019,559696.918],[172267.921,559696.765],[172280.82,559687.871],[172283.659,559685.916],[172286.499,559683.961],[172288.826,559682.379],[172291.154,559680.797],[172293.454,559679.199],[172306.782,559669.975],[172310.213,559667.641],[172310.26,559667.7],[172313.453,559665.836],[172317.229,559663.339],[172322.198,559660.053],[172324.522,559658.505],[172342.295,559646.832],[172345.052,559645.011],[172347.809,559643.191],[172373.966,559627.16],[172395.518,559614.997],[172398.155,559613.601],[172413.266,559605.691],[172437.615,559593.875],[172440.166,559592.71],[172442.716,559591.545],[172461.192,559583.39],[172476.191,559577.265],[172477.901,559576.559],[172479.715,559575.836],[172488.375,559572.542],[172499.36,559568.546],[172503.022,559567.214],[172506.558,559566.014],[172521.345,559560.997],[172548.102,559553.007],[172551.43,559551.993],[172554.578,559563.273],[172537.177,559568.132],[172526.594,559571.199],[172509.142,559576.469],[172502.231,559578.888],[172480.892,559585.757],[172456.011,559595.346],[172437.263,559603.899],[172420.503,559611.934],[172403.354,559620.962],[172389.402,559628.564],[172369.633,559640.794]]]}},{"type":"Feature","properties":{"relatieveHoogteligging":0,"lokaalID":"L0002.d9f5121e1a8d48c8b3c0b24005a76a35","bgt_status":"bestaand","function":"rijbaan autoweg","surfaceMaterial":"gesloten verharding","wegdeelOpTalud":"false"},"geometry":{"type":"Polygon","coordinates":[[[172743.095,559535.951],[172720.244,559536.513],[172700.374,559537.895],[172680.546,559539.796],[172658.559,559542.344],[172647.89,559543.726],[172628.624,559546.707],[172602.749,559551.631],[172575.19,559557.679],[172554.578,559563.273],[172551.43,559551.993],[172552.281,559551.734],[172571.973,559546.51],[172583.798,559543.67],[172603.257,559539.504],[172626.124,559535.222],[172635.726,559533.683],[172657.208,559530.628],[172678.236,559528.239],[172685.659,559527.62],[172692.293,559526.913],[172717.022,559524.957],[172720.154,559524.78],[172768.576,559522.209],[172816.603,559519.846],[172864.604,559517.555],[172866.511,559517.415],[172866.55,559517.412],[172914.005,559515.1],[172925.318,559514.558],[172925.684,559523.877],[172905.319,559524.773],[172901.505,559524.939],[172897.69,559525.105],[172852.893,559527.334],[172849.922,559527.471],[172824.494,559528.767],[172821.073,559528.919],[172817.655,559529.072],[172814.954,559529.212],[172812.25,559529.353],[172807.08,559529.581],[172788.481,559530.529],[172787.95,559530.599],[172787.753,559530.697],[172787.75,559530.71],[172787.779,559530.831],[172787.849,559531.135],[172788.162,559531.167],[172788.387,559531.183],[172791.513,559531.229],[172794.876,559531.378],[172816.677,559531.625],[172824.879,559531.519],[172841.39,559531.247],[172851.088,559530.972],[172858.584,559530.639],[172872.959,559529.948],[172908.56,559528.127],[172918.05,559527.743],[172925.816,559527.24],[172926.164,559536.066],[172921.241,559536.297],[172898.105,559537.367],[172894.144,559537.498],[172891.447,559537.602],[172880.244,559537.636],[172847.112,559539.061],[172832.339,559539.32],[172820.244,559539.58],[172812.512,559539.623],[172805.946,559539.493],[172799.726,559538.975],[172791.173,559538.024],[172785.73,559537.42],[172780.806,559536.858],[172770.784,559536.037],[172765.73,559535.821],[172756.788,559535.692],[172743.095,559535.951]]]}},{"type":"Feature","properties":{"relatieveHoogteligging":0,"lokaalID":"G1900.0d0b727862b946d984da3aa38248ae1e","bgt_status":"bestaand","function":"woonerf","surfaceMaterial":"open verharding","plus_fysiekVoorkomenWegdeel":"betonstraatstenen"},"geometry":{"type":"Polygon","coordinates":[[[172582.776,559859.357],[172582.226,559853.662],[172581.66,559847.8],[172581.18,559847.38],[172576.935,559847.778],[172576.913,559847.523],[172571.428,559783.423],[172571.41,559783.21],[172571.544,559783.199],[172572.497,559783.118],[172572.731,559783.099],[172580.454,559782.448],[172580.788,559786.891],[172581.91,559801.806],[172582.288,559806.831],[172583.428,559821.975],[172583.8,559826.928],[172585.169,559845.119],[172586.22,559859.085],[172586.167,559859.09],[172582.776,559859.357]]]}},{"type":"Feature","properties":{"relatieveHoogteligging":0,"lokaalID":"G1900.143a06b360a049fe82ca0cefccb61ccc","bgt_status":"bestaand","function":"voetpad","surfaceMaterial":"open verharding","wegdeelOpTalud":"false","plus_fysiekVoorkomenWegdeel":"tegels"},"geometry":{"type":"Polygon","coordinates":[[[172601.289,559628.232],[172601.605,559631.88],[172611.462,559631.03],[172611.243,559627.353],[172611.84,559627.3],[172612.82,559627.3],[172613.1,559627.44],[172615.242,559629.17],[172615.394,559630.691],[172615.575,559632.48],[172579.571,559635.592],[172581.394,559658.313],[172580.416,559658.403],[172580.257,559656.682],[172578.313,559635.701],[172568.947,559636.509],[172568.843,559634.713],[172587.953,559633.061],[172587.639,559629.437],[172589.135,559629.305],[172589.448,559632.932],[172600.109,559632.011],[172599.794,559628.364],[172601.289,559628.232]]]}},{"type":"Feature","properties":{"relatieveHoogteligging":0,"lokaalID":"G1900.56d3619820634a5a830076cf54d495d6","bgt_status":"bestaand","function":"parkeervlak","surfaceMaterial":"open verharding","plus_fysiekVoorkomenWegdeel":"tegels"},"geometry":{"type":"Polygon","coordinates":[[[172610.049,559793.541],[172604.545,559794.055],[172596.989,559794.762],[172594.404,559795.004],[172593.91,559789.794],[172596.639,559789.572],[172604.338,559788.948],[172609.598,559788.522],[172610.049,559793.541]]]}},{"type":"Feature","properties":{"relatieveHoogteligging":0,"lokaalID":"G1900.766c87e6d3c64f67909a17b70e02d4c8","bgt_status":"bestaand","function":"voetpad","surfaceMaterial":"open verharding","plus_fysiekVoorkomenWegdeel":"tegels"},"geometry":{"type":"Polygon","coordinates":[[[172570.57,559860.35],[172570.06,559854.71],[172565.54,559854.9],[172564.886,559848.434],[172564.773,559847.32],[172566.407,559845.278],[172561.595,559788.194],[172561.406,559786.041],[172559.519,559786.18],[172559.458,559785.185],[172559.434,559784.793],[172559.303,559782.669],[172559.42,559782.52],[172559.564,559782.335],[172560.304,559782.273],[172571.636,559781.324],[172572.317,559781.267],[172572.319,559781.286],[172572.476,559782.897],[172572.497,559783.118],[172571.544,559783.199],[172571.527,559783.011],[172571.459,559782.242],[172562.314,559783.031],[172562.42,559784.01],[172567.89,559848.16],[172566.48,559848.32],[172566.82,559852.88],[172570.04,559852.605],[172571.941,559852.442],[172573.059,559850.608],[172574.496,559851.485],[172574.746,559851.075],[172573.309,559850.198],[172574.831,559847.701],[172576.913,559847.523],[172576.935,559847.778],[172581.18,559847.38],[172581.66,559847.8],[172582.226,559853.662],[172572.01,559854.38],[172572.41,559860.08],[172572.359,559860.087],[172570.57,559860.35]]]}},{"type":"Feature","properties":{"relatieveHoogteligging":0,"lokaalID":"G1900.d95e42c11e8a4303bcde83ab467dbd8a","bgt_status":"bestaand","function":"voetpad","surfaceMaterial":"half verhard","wegdeelOpTalud":"false"},"geometry":{"type":"Polygon","coordinates":[[[172199.027,559069.361],[172198.684,559070.098],[172198.357,559070.872],[172197.767,559072.423],[172197.252,559074.001],[172196.814,559075.601],[172195.607,559080.447],[172193.667,559089.804],[172192.408,559098.194],[172191.847,559103.173],[172191.85,559103.47],[172192.224,559105.05],[172189.814,559104.819],[172189.128,559104.968],[172188.246,559105.233],[172187.389,559105.572],[172187.205,559105.657],[172186.39,559106.086],[172185.615,559106.583],[172185.406,559106.744],[172184.886,559107.146],[172176.796,559112.79],[172176.787,559113.202],[172176.782,559113.414],[172176.067,559113.94],[172175.865,559113.84],[172175.499,559113.659],[172171.918,559116.092],[172171.87,559116.529],[172170.943,559117.126],[172170.58,559116.96],[172167.604,559119.043],[172167.566,559119.596],[172167.561,559119.678],[172166.824,559120.318],[172166.666,559120.22],[172166.274,559119.975],[172162.056,559122.781],[172161.94,559123.28],[172160.95,559123.936],[172160.481,559123.846],[172157.083,559126.074],[172157.131,559126.548],[172157.156,559126.796],[172156.246,559127.44],[172155.972,559127.266],[172155.649,559127.06],[172152.513,559129.036],[172152.493,559129.403],[172152.482,559129.607],[172150.731,559130.757],[172150.699,559130.777],[172150.677,559130.79],[172150.465,559130.35],[172144.444,559133.984],[172144.654,559134.396],[172144.694,559134.474],[172143.763,559135.145],[172143.414,559135.046],[172142.864,559134.891],[172136.58,559138.27],[172136.363,559138.727],[172136.236,559138.993],[172134.223,559139.938],[172134.096,559139.836],[172133.901,559139.678],[172127.155,559143.347],[172127.006,559143.785],[172126.143,559144.288],[172125.725,559144.171],[172124.07,559145.099],[172123.959,559145.639],[172123.064,559146.247],[172122.39,559146.221],[172118.127,559148.99],[172118.134,559149.453],[172118.139,559149.713],[172117.11,559150.437],[172116.408,559150.072],[172115.104,559150.987],[172115.168,559151.698],[172114.215,559152.354],[172113.741,559152.257],[172113.382,559152.183],[172110.401,559154.175],[172110.481,559154.425],[172110.527,559154.57],[172109.386,559155.441],[172108.709,559155.396],[172104.171,559158.496],[172104.127,559159.219],[172102.971,559160.01],[172101.538,559160.991],[172100.924,559160.908],[172094.883,559165.496],[172094.736,559166.238],[172093.732,559166.933],[172093.27,559166.94],[172092.488,559167.55],[172092.589,559167.829],[172092.739,559168.247],[172091.908,559168.804],[172091.233,559168.593],[172086.787,559172.575],[172086.896,559173.42],[172086.253,559174.008],[172085.478,559173.862],[172083.81,559175.412],[172082.993,559176.647],[172083.154,559177.143],[172081.708,559178.146],[172081.328,559178.147],[172081.113,559178.442],[172080.675,559179.14],[172080.307,559179.878],[172080.206,559180.119],[172079.935,559180.897],[172079.741,559181.697],[172079.625,559182.513],[172079.987,559182.927],[172079.982,559184.004],[172079.59,559184.242],[172079.393,559185.624],[172079.093,559187.223],[172079.434,559187.827],[172078.71,559188.775],[172078.335,559188.878],[172075.38,559191.739],[172075.41,559192.139],[172075.415,559192.21],[172074.603,559192.837],[172074.528,559192.811],[172074.192,559192.694],[172072.377,559194.043],[172065.574,559198.663],[172065.579,559198.894],[172065.584,559199.177],[172063.447,559200.523],[172063.544,559200.715],[172062.482,559201.249],[172061.835,559201.091],[172053.364,559206.55],[172053.482,559206.931],[172053.57,559207.213],[172052.678,559207.866],[172052.399,559207.637],[172052.076,559207.372],[172045.315,559211.877],[172045.415,559212.147],[172045.477,559212.314],[172044.461,559213.027],[172044.303,559212.756],[172044.163,559212.515],[172043.422,559213.001],[172043.486,559213.198],[172043.596,559213.538],[172042.646,559214.039],[172042.45,559213.757],[172042.33,559213.587],[172039.948,559214.761],[172034.701,559217.668],[172034.8,559217.972],[172034.942,559218.41],[172034.217,559218.861],[172033.865,559218.668],[172033.514,559218.475],[172030.449,559220.324],[172030.532,559220.738],[172030.572,559220.937],[172029.717,559221.49],[172029.528,559221.347],[172029.223,559221.117],[172028.509,559221.504],[172025.946,559222.893],[172025.187,559223.541],[172020.93,559227.171],[172020.836,559227.074],[172019.775,559226.03],[172019.19,559225.544],[172020.784,559225.266],[172024.268,559222.573],[172025.088,559221.939],[172029.198,559219.54],[172036.407,559215.103],[172041.003,559212.785],[172044.724,559210.649],[172049.897,559207.28],[172061.874,559199.563],[172072.648,559192.283],[172075.806,559189.552],[172075.98,559189.374],[172076.485,559188.777],[172076.927,559188.131],[172077.301,559187.444],[172077.569,559186.813],[172077.805,559186.067],[172077.963,559185.301],[172078.167,559181.887],[172078.168,559181.881],[172078.281,559181.082],[172078.473,559180.299],[172078.742,559179.538],[172079.085,559178.808],[172079.425,559178.226],[172079.894,559177.57],[172080.426,559176.963],[172081.015,559176.412],[172086.121,559171.404],[172093.082,559165.316],[172098.688,559161.021],[172107.907,559154.373],[172115.654,559149.063],[172124.161,559143.608],[172130.399,559140.037],[172139.379,559135.288],[172146.101,559131.461],[172150.823,559128.573],[172157.21,559124.422],[172169.459,559116.228],[172184.617,559105.759],[172185.038,559105.527],[172188.8,559103.458],[172189.28,559103.091],[172189.706,559102.664],[172190.073,559102.184],[172190.162,559102.046],[172190.443,559101.511],[172190.651,559100.945],[172190.783,559100.355],[172190.835,559099.754],[172190.902,559099.259],[172191.861,559092.12],[172191.935,559091.484],[172192.281,559088.916],[172192.706,559086.36],[172193.21,559083.819],[172193.792,559081.294],[172194.452,559078.789],[172195.189,559076.305],[172195.346,559075.809],[172196.174,559073.355],[172197.078,559070.926],[172198.057,559068.527],[172198.556,559067.404],[172199.109,559066.16],[172199.402,559065.586],[172199.902,559064.757],[172200.468,559063.972],[172201.097,559063.236],[172201.784,559062.554],[172202.526,559061.932],[172203.316,559061.373],[172204.15,559060.881],[172205.022,559060.459],[172205.925,559060.111],[172206.242,559060.009],[172207.178,559059.763],[172208.131,559059.595],[172209.096,559059.507],[172210.064,559059.498],[172211.029,559059.57],[172211.985,559059.72],[172212.926,559059.95],[172213.845,559060.256],[172214.735,559060.636],[172220.309,559062.273],[172226.581,559064.391],[172231.951,559066.721],[172232.129,559066.782],[172233.011,559067.035],[172233.911,559067.21],[172234.823,559067.307],[172235.74,559067.323],[172236.655,559067.259],[172236.837,559067.237],[172237.741,559067.078],[172238.627,559066.841],[172239.489,559066.528],[172240.32,559066.141],[172241.115,559065.683],[172245.804,559063.066],[172263.692,559051.818],[172285.951,559037.889],[172302.984,559027.144],[172303.123,559027.068],[172304.306,559026.474],[172305.523,559025.954],[172306.77,559025.507],[172307.923,559025.168],[172309.213,559024.868],[172310.518,559024.646],[172311.834,559024.504],[172321.202,559023.399],[172322.872,559023.17],[172324.913,559022.818],[172326.94,559022.386],[172326.981,559022.377],[172328.989,559021.866],[172330.975,559021.278],[172334.146,559020.213],[172338.924,559018.444],[172344.976,559015.757],[172354.624,559011.046],[172358.968,559008.925],[172368.324,559003.818],[172373.814,559000.446],[172373.835,559000.474],[172374.802,559001.737],[172365.484,559007.036],[172353.123,559013.5],[172340.251,559019.378],[172338.682,559020.05],[172336.367,559020.968],[172334.025,559021.811],[172331.656,559022.579],[172331.532,559022.617],[172329.139,559023.304],[172326.725,559023.914],[172324.292,559024.446],[172320.097,559024.965],[172314.441,559025.769],[172314.257,559025.847],[172313.995,559026.012],[172313.771,559026.225],[172313.593,559026.478],[172313.557,559026.546],[172313.445,559026.834],[172313.391,559027.138],[172313.399,559027.448],[172313.466,559027.749],[172311.815,559027.955],[172311.782,559027.817],[172311.638,559027.449],[172311.426,559027.115],[172311.152,559026.83],[172310.828,559026.603],[172310.558,559026.476],[172310.176,559026.372],[172309.782,559026.345],[172309.39,559026.394],[172309,559026.459],[172307.831,559026.706],[172306.681,559027.031],[172305.555,559027.432],[172304.626,559027.829],[172303.558,559028.366],[172302.529,559028.973],[172301.543,559029.647],[172283.882,559040.816],[172259.344,559056.101],[172242.997,559066.191],[172242.601,559066.47],[172241.745,559066.999],[172240.849,559067.459],[172239.92,559067.846],[172238.963,559068.158],[172237.985,559068.394],[172236.99,559068.55],[172236.183,559068.619],[172235.177,559068.632],[172234.173,559068.565],[172233.177,559068.419],[172232.195,559068.194],[172231.235,559067.892],[172230.302,559067.515],[172216.712,559062.773],[172215.135,559062.222],[172214.703,559062.03],[172213.776,559061.683],[172212.825,559061.411],[172211.855,559061.217],[172210.873,559061.103],[172209.884,559061.068],[172208.896,559061.113],[172207.915,559061.237],[172207.526,559061.309],[172206.565,559061.544],[172205.626,559061.855],[172204.716,559062.242],[172203.839,559062.7],[172204.135,559063.482],[172202.261,559065.128],[172201.671,559064.66],[172201,559065.696],[172200.158,559067.125],[172199.385,559068.594],[172199.027,559069.361]]]}},{"type":"Feature","properties":{"relatieveHoogteligging":0,"lokaalID":"G1900.dddb28c1e5b848aa9edeb5983c3be7d2","bgt_status":"bestaand","function":"voetpad","surfaceMaterial":"open verharding","plus_fysiekVoorkomenWegdeel":"tegels"},"geometry":{"type":"Polygon","coordinates":[[[172572.731,559783.099],[172572.497,559783.118],[172572.476,559782.897],[172572.319,559781.286],[172572.317,559781.267],[172571.636,559781.324],[172572.428,559778.11],[172574.524,559773.807],[172574.617,559774.913],[172576.827,559774.727],[172576.972,559776.88],[172573.995,559777.13],[172572.636,559782.412],[172572.7,559782.87],[172572.731,559783.099]]]}},{"type":"Feature","properties":{"relatieveHoogteligging":0,"lokaalID":"G1900.e08bf7e28da8414099d71a29a7173b74","bgt_status":"bestaand","function":"parkeervlak","surfaceMaterial":"open verharding","wegdeelOpTalud":"false","plus_fysiekVoorkomenWegdeel":"betonstraatstenen"},"geometry":{"type":"Polygon","coordinates":[[[172551.08,559227.896],[172551.68,559229.874],[172554.571,559236.115],[172559.016,559282.245],[172554.04,559282.61],[172552.96,559271.11],[172552.895,559270.56],[172552.48,559267.02],[172554.19,559266.82],[172555.59,559266.72],[172555.344,559263.924],[172555.243,559263.694],[172554.93,559259.27],[172554.67,559256.14],[172554.459,559253.613],[172554.214,559250.669],[172554.209,559250.615],[172554.194,559250.465],[172553.992,559247.97],[172553.76,559245.1],[172553.5,559241.89],[172553.425,559241.896],[172553.21,559239.29],[172548.209,559239.6],[172548.002,559237.011],[172547.78,559234.24],[172547.52,559231],[172547.454,559231.006],[172547.23,559228.29],[172547.14,559227.235],[172551.021,559226.921],[172551.08,559227.896]]]}},{"type":"Feature","properties":{"relatieveHoogteligging":0,"lokaalID":"G1900.0edbb4a4eba6484ea49775fbd38d26ff","bgt_status":"bestaand","function":"voetpad","surfaceMaterial":"half verhard"},"geometry":{"type":"Polygon","coordinates":[[[172914.711,559565.271],[172914.477,559562.643],[172914.449,559562.391],[172914.381,559562.147],[172914.275,559561.916],[172914.139,559561.709],[172913.967,559561.522],[172913.769,559561.364],[172913.548,559561.239],[172913.311,559561.15],[172913.121,559561.108],[172905.427,559561.173],[172891.535,559561.842],[172876.968,559562.476],[172859.247,559563.352],[172847.651,559563.913],[172843.882,559563.821],[172841.941,559563.514],[172841.072,559563.767],[172840.404,559564.097],[172840.112,559564.602],[172839.585,559565.513],[172836.39,559571.036],[172836.388,559570.965],[172833.766,559571.22],[172834.076,559570.726],[172837.585,559565.137],[172837.609,559565.107],[172837.609,559565.099],[172838.368,559563.89],[172838.385,559563.59],[172838.368,559563.378],[172838.173,559563.201],[172837.908,559563.095],[172834.442,559562.742],[172830.104,559562.201],[172823.608,559561.452],[172817.712,559560.952],[172813.864,559560.902],[172809.167,559561.002],[172805.02,559561.102],[172799.481,559561.629],[172794.557,559561.802],[172783.457,559562.36],[172783.524,559564.754],[172783.569,559566.385],[172781.876,559566.531],[172781.774,559564.849],[172781.629,559562.445],[172763.573,559563.276],[172762.439,559563.342],[172760.062,559563.482],[172757.728,559563.619],[172757.603,559563.628],[172757.483,559563.66],[172757.371,559563.716],[172757.273,559563.792],[172757.245,559563.82],[172757.169,559563.919],[172757.114,559564.031],[172757.081,559564.151],[172757.073,559564.275],[172757.073,559564.285],[172757.225,559567.338],[172757.248,559567.807],[172757.627,559569.769],[172756.078,559570.116],[172755.304,559563.603],[172735.596,559564.431],[172715.345,559565.123],[172698.043,559566.419],[172680.112,559568.233],[172679.926,559568.274],[172679.752,559568.351],[172679.596,559568.46],[172679.464,559568.597],[172679.376,559568.732],[172679.301,559568.907],[172679.263,559569.094],[172679.261,559569.284],[172679.278,559569.399],[172679.615,559573.125],[172679.937,559575.312],[172680.161,559577.628],[172678.326,559577.651],[172678.134,559575.26],[172677.962,559573.13],[172677.499,559569.507],[172677.495,559569.352],[172677.461,559569.201],[172677.398,559569.059],[172677.32,559568.945],[172677.21,559568.837],[172677.08,559568.751],[172676.937,559568.693],[172676.785,559568.663],[172676.73,559568.66],[172669.473,559569.483],[172668.588,559569.59],[172666.22,559569.877],[172651.824,559571.618],[172652.133,559575.76],[172652.303,559578.048],[172650.748,559578.192],[172650.472,559575.997],[172649.958,559571.9],[172633.325,559574.54],[172625.221,559576.044],[172625.026,559576.115],[172624.848,559576.222],[172624.833,559576.233],[172624.682,559576.375],[172624.56,559576.543],[172624.472,559576.731],[172624.422,559576.933],[172624.813,559579.62],[172625.122,559581.747],[172623.573,559581.996],[172622.773,559577.224],[172622.761,559577.124],[172622.73,559577.028],[172622.681,559576.939],[172622.616,559576.862],[172622.579,559576.829],[172622.494,559576.774],[172622.4,559576.736],[172622.3,559576.718],[172622.199,559576.719],[172622.1,559576.74],[172612.979,559578.688],[172612.839,559578.706],[172612.704,559578.752],[172612.581,559578.822],[172612.55,559578.846],[172612.448,559578.945],[172612.368,559579.062],[172612.312,559579.192],[172612.293,559579.265],[172612.764,559583.568],[172611.345,559583.657],[172610.78,559580.158],[172610.775,559580.028],[172610.744,559579.903],[172610.69,559579.786],[172610.614,559579.681],[172610.568,559579.634],[172610.465,559579.557],[172610.348,559579.501],[172610.223,559579.468],[172610.094,559579.461],[172609.966,559579.479],[172609.9,559579.499],[172596.209,559582.964],[172570.872,559589.942],[172526.795,559602.162],[172526.498,559602.373],[172526.227,559602.615],[172526.2,559602.643],[172525.96,559602.916],[172525.752,559603.214],[172525.578,559603.533],[172525.439,559603.87],[172525.339,559604.219],[172525.28,559604.549],[172523.779,559604.591],[172522.976,559600.978],[172547.957,559594.033],[172579.074,559585.448],[172599.109,559580.009],[172613.273,559576.445],[172630.768,559572.9],[172647.586,559570.064],[172666.865,559567.584],[172688.343,559565.09],[172701.469,559564.02],[172732.065,559562.351],[172747.837,559561.616],[172762.147,559561.049],[172768.43,559560.777],[172784.045,559560.21],[172796.614,559559.621],[172799.771,559559.585],[172806.918,559559.502],[172809.207,559559.476],[172813.364,559559.53],[172820.003,559559.617],[172820.174,559559.63],[172826.815,559560.136],[172829.854,559560.368],[172834.271,559560.815],[172840.118,559561.407],[172840.631,559561.459],[172846.251,559561.61],[172847.791,559561.651],[172852.29,559561.446],[172897.201,559559.396],[172929.3,559557.77],[172929.768,559557.738],[172930.238,559557.745],[172930.705,559557.792],[172931.167,559557.879],[172931.619,559558.004],[172932.059,559558.168],[172932.484,559558.369],[172932.89,559558.605],[172933.274,559558.874],[172933.53,559559.083],[172933.872,559559.405],[172934.184,559559.756],[172934.466,559560.131],[172934.715,559560.529],[172934.929,559560.947],[172935.107,559561.382],[172935.247,559561.83],[172935.349,559562.289],[172935.404,559562.683],[172935.353,559565.035],[172933.35,559565.827],[172933.389,559565.116],[172933.294,559563.822],[172932.948,559562.392],[172932.349,559561.339],[172931.461,559560.61],[172930.713,559560.232],[172928.917,559560.163],[172919.895,559560.451],[172916.897,559560.564],[172916.701,559560.725],[172916.532,559560.915],[172916.396,559561.129],[172916.342,559561.24],[172916.259,559561.479],[172916.215,559561.729],[172916.208,559561.931],[172916.503,559565.153],[172914.711,559565.271]]]}},{"type":"Feature","properties":{"relatieveHoogteligging":0,"lokaalID":"G1900.b4d9c75d2558470b8ee4d5ac74550e8c","bgt_status":"bestaand","function":"parkeervlak","surfaceMaterial":"open verharding","wegdeelOpTalud":"false","plus_fysiekVoorkomenWegdeel":"betonstraatstenen"},"geometry":{"type":"Polygon","coordinates":[[[172262.63,559237.398],[172260.654,559234.249],[172262.191,559233.258],[172264.263,559236.561],[172262.727,559237.552],[172262.63,559237.398]]]}},{"type":"Feature","properties":{"relatieveHoogteligging":0,"lokaalID":"G1900.dd5f7652c1ff40a080af26a18b1a233b","bgt_status":"bestaand","function":"parkeervlak","surfaceMaterial":"open verharding","wegdeelOpTalud":"false","plus_fysiekVoorkomenWegdeel":"gebakken klinkers"},"geometry":{"type":"Polygon","coordinates":[[[172286.011,559218.042],[172286.021,559218.057],[172288.07,559221.379],[172288.101,559221.429],[172288.121,559221.483],[172288.13,559221.54],[172288.128,559221.588],[172288.117,559221.645],[172288.095,559221.698],[172288.062,559221.746],[172288.021,559221.786],[172288.004,559221.799],[172262.875,559237.824],[172262.838,559237.855],[172262.795,559237.879],[172262.748,559237.894],[172262.714,559237.899],[172262.665,559237.898],[172262.617,559237.887],[172262.572,559237.867],[172262.532,559237.839],[172262.498,559237.803],[172262.483,559237.782],[172260.286,559234.445],[172286.011,559218.042]],[[172277.939,559227.888],[172275.856,559224.614],[172274.316,559225.57],[172276.399,559228.844],[172277.939,559227.888]],[[172275.964,559229.181],[172273.908,559225.843],[172272.371,559226.8],[172274.427,559230.137],[172275.964,559229.181]],[[172270.54,559232.618],[172272.076,559231.662],[172270.021,559228.324],[172268.484,559229.281],[172270.54,559232.618]],[[172274.014,559230.422],[172271.959,559227.084],[172270.422,559228.041],[172272.478,559231.378],[172274.014,559230.422]],[[172266.213,559235.338],[172264.166,559232.045],[172262.623,559232.979],[172264.669,559236.272],[172266.213,559235.338]],[[172277.814,559223.332],[172276.268,559224.31],[172278.362,559227.622],[172279.908,559226.644],[172277.814,559223.332]],[[172262.63,559237.398],[172262.727,559237.552],[172264.263,559236.561],[172262.191,559233.258],[172260.654,559234.249],[172262.63,559237.398]],[[172280.315,559226.422],[172281.842,559225.421],[172279.742,559222.096],[172278.214,559223.097],[172280.315,559226.422]],[[172281.706,559220.854],[172280.167,559221.832],[172282.242,559225.141],[172283.781,559224.163],[172281.706,559220.854]],[[172285.725,559222.932],[172283.653,559219.62],[172282.115,559220.603],[172284.186,559223.915],[172285.725,559222.932]],[[172285.595,559218.344],[172284.098,559219.28],[172286.157,559222.691],[172287.654,559221.754],[172285.595,559218.344]],[[172268.168,559234.094],[172266.11,559230.797],[172264.579,559231.759],[172266.637,559235.056],[172268.168,559234.094]],[[172268.053,559229.552],[172266.522,559230.527],[172268.58,559233.826],[172270.11,559232.851],[172268.053,559229.552]]]}},{"type":"Feature","properties":{"relatieveHoogteligging":0,"lokaalID":"G1900.bff9a402f84f4c7da59202aa280497d6","bgt_status":"bestaand","function":"parkeervlak","surfaceMaterial":"open verharding","wegdeelOpTalud":"false","plus_fysiekVoorkomenWegdeel":"tegels"},"geometry":{"type":"Polygon","coordinates":[[[172581.91,559801.806],[172580.788,559786.891],[172585.513,559786.441],[172586.812,559801.332],[172581.91,559801.806]]]}},{"type":"Feature","properties":{"relatieveHoogteligging":0,"lokaalID":"G1900.1463069828fb4ed485a94b21f121aae0","bgt_status":"bestaand","function":"voetpad","surfaceMaterial":"open verharding","plus_fysiekVoorkomenWegdeel":"tegels"},"geometry":{"type":"Polygon","coordinates":[[[172405.713,559856.805],[172405.669,559856.758],[172405.603,559856.689],[172404.564,559855.581],[172404.694,559850.615],[172405.776,559849.531],[172405.862,559849.445],[172406.925,559848.381],[172411.894,559843.407],[172455.706,559800.664],[172456.452,559799.934],[172462.413,559794.101],[172463.257,559793.276],[172466.137,559790.457],[172483.13,559773.83],[172485.26,559771.76],[172486.6,559770.66],[172488.08,559769.84],[172489.46,559769.16],[172490.94,559768.59],[172492.31,559768.31],[172493.75,559768.07],[172512.17,559766.43],[172517.36,559771.22],[172515.48,559771.98],[172511.3,559768.41],[172504.383,559768.98],[172492.86,559769.93],[172491.62,559770.11],[172490.64,559770.45],[172489.74,559770.86],[172488.82,559771.52],[172487.58,559772.26],[172486.35,559773.28],[172484.69,559774.97],[172465.644,559793.657],[172436.978,559821.708],[172412.827,559845.341],[172407.769,559850.389],[172406.638,559851.519],[172406.544,559854.892],[172407.79,559856.208],[172407.899,559856.323],[172407.791,559856.349],[172405.713,559856.805]]]}},{"type":"Feature","properties":{"relatieveHoogteligging":0,"lokaalID":"G1900.84b80195df4748748792b7d28b1fbbee","bgt_status":"bestaand","function":"voetpad","surfaceMaterial":"open verharding","wegdeelOpTalud":"false","plus_fysiekVoorkomenWegdeel":"tegels"},"geometry":{"type":"Polygon","coordinates":[[[172240.666,559785.496],[172241.838,559786.685],[172243.071,559787.935],[172247.881,559792.725],[172254.709,559799.777],[172279.541,559825.424],[172285.952,559832.045],[172286.724,559832.831],[172298.813,559845.145],[172299.42,559845.765],[172302.2,559848.611],[172302.384,559848.798],[172302.768,559849.175],[172303.171,559849.674],[172303.51,559850.219],[172303.778,559850.802],[172303.971,559851.414],[172304.087,559852.045],[172304.092,559852.085],[172304.124,559852.726],[172304.075,559853.366],[172303.948,559853.995],[172303.743,559854.603],[172303.465,559855.181],[172303.116,559855.72],[172303.464,559856.096],[172302.346,559857.168],[172301.749,559856.537],[172300.971,559855.714],[172301.615,559855.089],[172301.799,559854.887],[172302.107,559854.46],[172302.142,559854.39],[172302.346,559853.99],[172302.512,559853.49],[172302.601,559852.971],[172302.61,559852.444],[172302.539,559851.922],[172302.39,559851.416],[172302.269,559851.157],[172302.167,559850.939],[172301.874,559850.501],[172301.612,559850.216],[172301.518,559850.113],[172299.716,559848.276],[172298.421,559846.984],[172282.173,559830.523],[172280.799,559829.11],[172242.689,559790.054],[172241.782,559789.124],[172240.917,559788.238],[172240.593,559787.906],[172239.48,559786.766],[172239.551,559786.69],[172240.666,559785.496]]]}},{"type":"Feature","properties":{"relatieveHoogteligging":0,"lokaalID":"G1900.3a2c953faf1a499c960c86affd278f00","bgt_status":"bestaand","function":"voetpad","surfaceMaterial":"open verharding","wegdeelOpTalud":"false","plus_fysiekVoorkomenWegdeel":"tegels"},"geometry":{"type":"Polygon","coordinates":[[[172239.48,559786.766],[172238.79,559786.06],[172232.879,559791.907],[172228.062,559796.667],[172227.194,559797.519],[172207.213,559817.412],[172206.052,559818.567],[172204.853,559819.76],[172200.224,559824.364],[172198.944,559825.636],[172197.163,559827.409],[172185.064,559839.446],[172188.543,559842.915],[172188.626,559842.997],[172187.066,559844.624],[172186.924,559844.483],[172183.431,559841.025],[172178.498,559845.933],[172177.633,559846.759],[172176.526,559845.83],[172229.809,559792.934],[172234.978,559787.534],[172238.879,559783.677],[172239.113,559783.915],[172240.666,559785.496],[172239.551,559786.69],[172239.48,559786.766]]]}},{"type":"Feature","properties":{"relatieveHoogteligging":0,"lokaalID":"G1900.40a56f492a954ad68630df179111e1c8","bgt_status":"bestaand","function":"voetpad","surfaceMaterial":"half verhard","wegdeelOpTalud":"false"},"geometry":{"type":"Polygon","coordinates":[[[172405.331,559016.548],[172405.122,559016.673],[172392.467,558996.76],[172390.733,558994.232],[172390.674,558994.132],[172390.408,558993.782],[172390.083,558993.485],[172389.709,558993.252],[172389.3,558993.09],[172388.896,558993.008],[172388.456,558992.998],[172388.021,558993.066],[172386.76,558994.653],[172386.646,558994.468],[172385.734,558993.043],[172385.443,558992.5],[172386.131,558992.643],[172389.179,558990.62],[172396.599,558981.347],[172404.788,558969.575],[172411.505,558960.325],[172411.913,558959.818],[172412.78,558958.832],[172413.706,558957.902],[172414.686,558957.03],[172415.718,558956.219],[172416.797,558955.472],[172417.703,558954.916],[172418.858,558954.293],[172420.049,558953.741],[172421.271,558953.263],[172422.52,558952.86],[172429.481,558950.649],[172444.904,558945.544],[172450.555,558942.609],[172459.012,558938.5],[172477.117,558928.782],[172487.198,558923.555],[172492.127,558921],[172492.731,558920.654],[172493.996,558919.996],[172495.297,558919.411],[172496.628,558918.9],[172496.668,558918.886],[172498.027,558918.452],[172499.408,558918.095],[172500.806,558917.816],[172521.032,558915.116],[172529.618,558913.681],[172542.453,558911.465],[172552.862,558910.194],[172573.49,558907.271],[172578.803,558906.382],[172588.938,558904.687],[172589.789,558904.545],[172590.554,558904.337],[172591.953,558903.894],[172593.326,558903.374],[172593.69,558903.222],[172595.024,558902.609],[172596.323,558901.925],[172602.923,558898.32],[172616.144,558890.682],[172623.043,558887.301],[172630.953,558883.519],[172640.593,558879.236],[172652.951,558873.098],[172653.474,558872.819],[172654.059,558872.423],[172654.595,558871.964],[172655.014,558871.52],[172655.442,558870.959],[172655.804,558870.352],[172661.654,558862.161],[172665.401,558856.358],[172667.612,558852.934],[172672.737,558846.043],[172673.271,558845.323],[172674.01,558844.446],[172674.809,558843.622],[172675.663,558842.856],[172676.569,558842.152],[172677.521,558841.512],[172677.675,558841.417],[172678.676,558840.856],[172679.714,558840.366],[172680.783,558839.95],[172681.879,558839.609],[172682.995,558839.345],[172684.127,558839.16],[172692.78,558837.523],[172708.778,558834.728],[172729.322,558830.929],[172730.016,558830.711],[172730.763,558830.397],[172731.475,558830.011],[172732.117,558829.578],[172732.742,558829.062],[172735.004,558826.978],[172735.47,558826.595],[172736.181,558826.098],[172736.934,558825.669],[172737.284,558825.5],[172738.088,558825.175],[172738.918,558824.925],[172739.768,558824.753],[172745.828,558823.541],[172764.292,558819.902],[172794.961,558813.696],[172811.542,558810.705],[172812.377,558810.645],[172813.349,558810.649],[172814.317,558810.733],[172815.275,558810.897],[172815.855,558811.036],[172816.783,558811.324],[172817.684,558811.688],[172818.552,558812.125],[172819.382,558812.632],[172820.167,558813.205],[172835.083,558822.606],[172854.118,558834.519],[172868.443,558843.19],[172868.734,558843.487],[172869.412,558844.261],[172870.028,558845.084],[172870.578,558845.954],[172870.972,558846.697],[172869.79,558847.264],[172869.483,558846.672],[172869.033,558845.98],[172868.658,558845.497],[172868.099,558844.89],[172867.484,558844.34],[172866.818,558843.852],[172866.109,558843.431],[172835.927,558824.705],[172817.85,558813.423],[172817.137,558813.017],[172816.332,558812.647],[172815.498,558812.351],[172814.639,558812.131],[172814.623,558812.127],[172813.748,558811.988],[172812.864,558811.927],[172811.978,558811.947],[172811.098,558812.046],[172807.041,558812.804],[172807.011,558812.817],[172806.827,558812.921],[172806.666,558813.06],[172806.535,558813.227],[172806.44,558813.416],[172806.39,558813.586],[172806.367,558813.797],[172806.386,558814.008],[172806.446,558814.212],[172807.834,558823.603],[172808.286,558826.586],[172809.553,558834.942],[172809.582,558835.128],[172808.113,558835.271],[172808.091,558835.118],[172807.491,558830.933],[172805.135,558814.494],[172805.127,558814.418],[172805.072,558814.184],[172804.973,558813.965],[172804.833,558813.769],[172804.657,558813.605],[172804.453,558813.478],[172804.351,558813.433],[172804.119,558813.369],[172803.879,558813.352],[172803.64,558813.381],[172803.412,558813.457],[172789.689,558816.084],[172749.776,558824.11],[172739.926,558826.062],[172739.646,558826.119],[172738.826,558826.338],[172738.031,558826.634],[172737.267,558827.004],[172737.254,558827.011],[172736.529,558827.452],[172735.849,558827.959],[172733.869,558829.716],[172733.725,558829.907],[172733.349,558830.495],[172733.044,558831.122],[172732.812,558831.78],[172732.657,558832.46],[172732.601,558832.882],[172732.574,558833.579],[172732.626,558834.274],[172732.757,558834.96],[172732.966,558835.625],[172734.883,558845.653],[172733.362,558845.857],[172733.159,558845.884],[172732.851,558845.601],[172732.485,558845.264],[172727.879,558846.992],[172727.63,558847.57],[172726.472,558848.047],[172725.897,558847.684],[172724.051,558848.352],[172723.525,558848.542],[172723.517,558849.029],[172722.218,558849.568],[172721.735,558849.215],[172718.666,558850.368],[172716.742,558851.091],[172716.507,558851.594],[172716.471,558851.671],[172715.596,558851.951],[172715.287,558851.645],[172709.717,558853.65],[172709.634,558854.096],[172708.359,558854.621],[172708.311,558854.641],[172708.278,558854.611],[172708.034,558854.395],[172703.078,558856.213],[172695.867,558858.858],[172695.761,558859.31],[172693.943,558859.966],[172693.404,558860.161],[172692.94,558859.918],[172686.559,558862.097],[172681.94,558863.675],[172681.792,558864.169],[172681.782,558864.203],[172681.371,558864.351],[172681.289,558864.38],[172676.153,558866.232],[172676.129,558866.241],[172676.119,558866.245],[172676.11,558866.216],[172675.97,558865.79],[172669.45,558868.205],[172669.215,558868.712],[172668.96,558868.815],[172667.329,558869.477],[172667.093,558869.111],[172663.475,558870.413],[172663.333,558871.034],[172662.155,558871.505],[172661.89,558871.086],[172658.885,558872.231],[172658.483,558872.384],[172653.82,558874.161],[172653.531,558874.788],[172652.793,558875.224],[172652.694,558875.282],[172652.67,558875.275],[172651.99,558875.065],[172651.763,558875.174],[172641.231,558880.275],[172641.089,558880.847],[172639.585,558881.546],[172639.237,558881.232],[172636.532,558882.447],[172636.367,558883.067],[172634.208,558884.084],[172633.887,558883.714],[172631.602,558884.778],[172626.189,558887.299],[172622.114,558889.289],[172617.61,558891.486],[172607.345,558897.066],[172594.133,558904.575],[172593.876,558905.774],[172593.757,558905.79],[172592.145,558906.004],[172591.957,558906.029],[172591.372,558905.638],[172588.901,558906.056],[172577.357,558908.008],[172576.61,558908.126],[172566.471,558909.722],[172556.988,558911.059],[172544.413,558912.566],[172544.11,558913.573],[172542.648,558913.76],[172542.525,558913.465],[172542.323,558912.981],[172525.798,558915.654],[172525.304,558916.156],[172525.225,558916.236],[172523.505,558916.504],[172522.925,558916.158],[172519.727,558916.592],[172519.373,558917.231],[172515.356,558917.822],[172514.86,558917.318],[172505.016,558918.625],[172504.762,558919.359],[172503.736,558919.405],[172503.347,558918.889],[172501.207,558919.181],[172500.583,558919.275],[172499.315,558919.526],[172498.065,558919.855],[172497.968,558919.884],[172496.743,558920.295],[172495.546,558920.782],[172494.381,558921.341],[172493.253,558921.972],[172487.275,558925.127],[172473.797,558932.239],[172459.335,558939.914],[172445.955,558946.451],[172445.736,558947.856],[172449.018,558967.972],[172449.032,558968.062],[172448.901,558968.078],[172447.469,558968.251],[172447.441,558968.061],[172444.511,558948.318],[172443.587,558947.425],[172423.741,558953.969],[172423.183,558954.126],[172421.925,558954.541],[172420.695,558955.031],[172419.74,558955.48],[172419.496,558955.594],[172418.333,558956.229],[172418.236,558956.286],[172417.118,558956.996],[172416.044,558957.771],[172415.019,558958.61],[172414.047,558959.51],[172413.131,558960.466],[172406.188,558969.909],[172401.254,558976.988],[172397.044,558983.028],[172391.091,558990.476],[172390.985,558990.684],[172390.853,558991.079],[172390.798,558991.492],[172390.824,558991.908],[172390.87,558992.125],[172391.014,558992.515],[172391.231,558992.871],[172391.512,558993.179],[172397.479,559002.026],[172405.244,559014.21],[172406.333,559015.918],[172406.347,559015.94],[172405.331,559016.548]],[[172718.373,558849.043],[172728.247,558845.362],[172732.18,558843.978],[172732.419,558843.862],[172732.631,558843.701],[172732.807,558843.503],[172732.926,558843.305],[172733.02,558843.056],[172733.063,558842.794],[172733.054,558842.529],[172732.993,558842.27],[172732.883,558842.028],[172732.873,558842.011],[172731.624,558834.763],[172731.225,558832.732],[172731.034,558832.525],[172730.807,558832.359],[172730.627,558832.27],[172730.358,558832.188],[172730.077,558832.161],[172729.797,558832.188],[172729.527,558832.27],[172729.497,558832.283],[172709.227,558835.999],[172691.437,558839.198],[172683.766,558840.676],[172682.71,558840.87],[172681.672,558841.141],[172680.657,558841.489],[172679.671,558841.912],[172678.719,558842.407],[172678.469,558842.553],[172677.568,558843.135],[172676.713,558843.784],[172675.908,558844.494],[172675.159,558845.262],[172674.469,558846.083],[172674.148,558846.512],[172667.296,558855.877],[172662.246,558863.638],[172657.202,558870.307],[172657.123,558870.417],[172657.067,558870.541],[172657.037,558870.673],[172657.032,558870.808],[172657.054,558870.941],[172657.102,558871.068],[172657.124,558871.108],[172657.203,558871.218],[172657.302,558871.311],[172657.417,558871.382],[172657.543,558871.429],[172657.677,558871.451],[172657.812,558871.447],[172657.944,558871.416],[172658.067,558871.36],[172659.775,558870.635],[172663.853,558868.904],[172680.592,558862.747],[172694.598,558857.907],[172718.373,558849.043]]]}},{"type":"Feature","properties":{"relatieveHoogteligging":0,"lokaalID":"G1900.09c4ac92a85f4934819be464d904ba10","bgt_status":"bestaand","function":"voetpad","surfaceMaterial":"half verhard"},"geometry":{"type":"Polygon","coordinates":[[[172499.24,559149.706],[172499.161,559149.699],[172497.557,559149.644],[172494.233,559149.64],[172494.997,559156.194],[172495.65,559161.793],[172496.297,559167.345],[172496.312,559167.465],[172496.389,559168.088],[172496.371,559168.089],[172496.582,559171.349],[172496.793,559171.335],[172497.008,559173.071],[172497.75,559179.045],[172497.969,559180.878],[172498.033,559181.418],[172497.69,559181.973],[172497.373,559182.441],[172497.189,559182.712],[172496.687,559183.663],[172496.46,559184.292],[172496.238,559184.905],[172496.185,559185.327],[172496.08,559185.644],[172496.08,559186.358],[172496.185,559188.259],[172495.644,559192.512],[172495.063,559195.524],[172493.4,559199.618],[172491.34,559201.045],[172487.406,559202.418],[172482.892,559203.263],[172480.014,559203.686],[172473.096,559202.92],[172471.697,559202.788],[172470.641,559203.818],[172469.241,559205.747],[172466.707,559208.89],[172464.727,559211.947],[172463.142,559213.728],[172461.604,559212.566],[172463.655,559210.437],[172467.819,559205.592],[172471.259,559200.762],[172473.839,559196.611],[172474.488,559194.437],[172474.382,559192.58],[172472.617,559189.878],[172470.052,559187.72],[172466.899,559186.18],[172464.938,559185.773],[172461.785,559185.893],[172453.864,559186.603],[172437.862,559188.39],[172437.77,559186.71],[172446.09,559186.126],[172461.65,559184.959],[172463.393,559184.616],[172463.895,559184.035],[172463.895,559182.82],[172463.4,559180.23],[172463.261,559177.549],[172462.568,559173.204],[172459.459,559164.903],[172455.314,559157.216],[172454.759,559152.884],[172455.103,559148.604],[172455.789,559145.382],[172457.32,559141.578],[172460.515,559135.925],[172468.462,559126.072],[172471.212,559123.067],[172471.398,559122.864],[172471.543,559122.706],[172472.152,559122.041],[172478.495,559115.11],[172489.241,559102.113],[172493.096,559096.804],[172495.023,559093.766],[172495.261,559093.194],[172496.449,559090.332],[172497.347,559087.215],[172497.664,559084.362],[172497.743,559077.6],[172497.737,559077.437],[172497.702,559076.462],[172497.4,559068.073],[172498.587,559069.046],[172498.834,559074.511],[172498.872,559076.59],[172498.94,559080.375],[172498.702,559085.711],[172498.359,559087.904],[172497.699,559089.938],[172497.363,559091.181],[172497.013,559092.474],[172493.887,559097.579],[172492.185,559099.885],[172491.252,559101.15],[172487.999,559105.556],[172483.322,559111.063],[172480.079,559114.881],[172471.762,559124.153],[172464.395,559132.526],[172463.366,559133.821],[172463.313,559134.323],[172471.366,559138.285],[172482.455,559142.67],[172489.003,559144.862],[172489.617,559145.029],[172493.174,559145.998],[172497.267,559147.557],[172500.12,559147.999],[172500.287,559149.794],[172499.24,559149.706]],[[172483.632,559201.985],[172484.15,559201.92],[172486.625,559201.224],[172488.465,559200.616],[172488.72,559200.46],[172490.198,559200.044],[172490.476,559199.905],[172491.631,559199.443],[172491.908,559199.258],[172492.509,559198.796],[172492.693,559198.657],[172492.971,559197.917],[172493.063,559197.547],[172493.571,559195.745],[172494.403,559191.815],[172494.588,559190.798],[172494.449,559189.227],[172494.357,559188.117],[172494.357,559186.915],[172494.588,559185.02],[172495.281,559182.431],[172495.835,559181.645],[172496.205,559181.137],[172496.528,559179.75],[172493.313,559151.955],[172493.009,559149.33],[172492.666,559148.379],[172492.402,559147.957],[172490.738,559147.323],[172483.346,559144.628],[172475.821,559141.749],[172469.748,559139.293],[172462.065,559135.515],[172459.324,559139.787],[172458.109,559142.217],[172456.551,559145.942],[172455.97,559148.979],[172455.733,559152.757],[172456.181,559155.372],[172457.317,559158.331],[172458.868,559161.951],[172460.637,559165.57],[172462.327,559169.4],[172463.415,559172.654],[172464.014,559174.963],[172464.143,559176.74],[172464.383,559178.102],[172464.685,559180.245],[172465.159,559182.572],[172465.416,559183.871],[172466.08,559184.399],[172466.336,559184.565],[172467,559184.852],[172468.252,559185.425],[172469.218,559185.848],[172470.711,559186.452],[172472.343,559187.626],[172473.602,559188.971],[172474.643,559190.481],[172475.669,559192.821],[172475.729,559194.255],[172475.518,559195.794],[172474.932,559197.39],[172473.544,559199.684],[172472.654,559201.269],[172473.695,559201.571],[172476.048,559201.918],[172478.236,559202.235],[172480.801,559202.386],[172483.366,559202.145],[172483.632,559201.985]]]}},{"type":"Feature","properties":{"relatieveHoogteligging":0,"lokaalID":"G1900.0f4ed7046953415dae1721f287720572","bgt_status":"bestaand","function":"voetpad","surfaceMaterial":"open verharding","plus_fysiekVoorkomenWegdeel":"tegels"},"geometry":{"type":"Polygon","coordinates":[[[172542.798,559696.759],[172543.946,559696.669],[172544.243,559700.054],[172544.587,559704.155],[172544.539,559704.16],[172544.93,559708.252],[172545.222,559711.045],[172545.363,559713.756],[172545.392,559714.315],[172546.706,559730.832],[172546.538,559730.844],[172546.684,559732.881],[172546.866,559732.868],[172547.584,559741.993],[172548.068,559748.196],[172548.314,559750.432],[172546.973,559750.544],[172546.75,559747.8],[172546.358,559742.741],[172546.734,559742.707],[172546.536,559740.296],[172546.171,559740.329],[172543.349,559703.881],[172542.798,559696.759]]]}},{"type":"Feature","properties":{"relatieveHoogteligging":0,"lokaalID":"G1900.114815d45c9946528616da50cf4f7956","bgt_status":"bestaand","function":"rijbaan lokale weg","surfaceMaterial":"open verharding","wegdeelOpTalud":"false","plus_fysiekVoorkomenWegdeel":"betonstraatstenen"},"geometry":{"type":"Polygon","coordinates":[[[172530.987,559009.289],[172560.674,559005.481],[172560.677,559005.481],[172562.701,559005.229],[172566.861,559004.71],[172566.951,559004.694],[172567.036,559004.662],[172567.113,559004.613],[172567.157,559004.574],[172567.214,559004.504],[172567.257,559004.423],[172567.283,559004.336],[172567.292,559004.245],[172567.291,559004.216],[172567.21,559003.65],[172567.195,559003.569],[172567.165,559003.493],[172567.121,559003.424],[172565.606,558991.524],[172565.572,558991.259],[172571.605,558990.533],[172571.619,558990.531],[172571.66,558990.877],[172573.077,559002.901],[172573.098,559003.036],[172573.206,559003.399],[172573.382,559003.733],[172573.621,559004.027],[172573.912,559004.269],[172573.926,559004.279],[172574.261,559004.456],[172574.623,559004.565],[172575,559004.6],[172575.377,559004.562],[172576.47,559004.489],[172576.495,559004.488],[172576.589,559004.474],[172576.679,559004.442],[172576.761,559004.393],[172576.832,559004.328],[172576.87,559004.28],[172576.917,559004.197],[172576.946,559004.106],[172576.957,559004.011],[172576.95,559003.916],[172577.11,559001.97],[172580.115,559001.603],[172582.914,559001.262],[172585.714,559000.92],[172588.513,559000.578],[172591.53,559000.21],[172591.935,559002.851],[172603.987,559001.503],[172604.687,559001.425],[172605.229,559005.499],[172605.402,559006.568],[172604.218,559006.745],[172604.055,559006.77],[172604.041,559006.772],[172591.013,559008.391],[172578.319,559009.968],[172565.242,559011.593],[172554.768,559012.921],[172554.75,559012.77],[172554.559,559012.547],[172554.441,559011.789],[172554.175,559010.072],[172553.859,559009.649],[172531.369,559012.525],[172530.987,559009.289]]]}},{"type":"Feature","properties":{"relatieveHoogteligging":0,"lokaalID":"G1900.15dcd79486c6440985c0f148d5c760f0","bgt_status":"bestaand","function":"voetpad","surfaceMaterial":"open verharding","wegdeelOpTalud":"false","plus_fysiekVoorkomenWegdeel":"tegels"},"geometry":{"type":"Polygon","coordinates":[[[172544.11,558913.573],[172545.444,558921.973],[172546.706,558931.317],[172547.117,558934.523],[172548.174,558942.767],[172548.634,558946.355],[172549.344,558952.298],[172547.563,558952.464],[172545.813,558939.935],[172542.996,558916.93],[172542.648,558913.76],[172544.11,558913.573]]]}},{"type":"Feature","properties":{"relatieveHoogteligging":0,"lokaalID":"G1900.2702d90b235845f897e8d09fba8b0c99","bgt_status":"bestaand","function":"voetpad","surfaceMaterial":"open verharding","wegdeelOpTalud":"false","plus_fysiekVoorkomenWegdeel":"tegels"},"geometry":{"type":"Polygon","coordinates":[[[172612.424,559129.04],[172612.434,559129.163],[172612.573,559130.893],[172581.9,559133.42],[172579.595,559135.979],[172579.367,559136.25],[172578.696,559131.881],[172578.87,559131.85],[172584.991,559131.337],[172612.424,559129.04]]]}},{"type":"Feature","properties":{"relatieveHoogteligging":0,"lokaalID":"G1900.3332172a8077436f87a6589885eb28c4","bgt_status":"bestaand","function":"voetpad","surfaceMaterial":"open verharding","plus_fysiekVoorkomenWegdeel":"tegels"},"geometry":{"type":"Polygon","coordinates":[[[172637.07,559688.85],[172612.479,559690.932],[172612.742,559694.731],[172612.796,559695.984],[172611.49,559696.091],[172611.125,559691.048],[172584.54,559693.3],[172578.742,559693.663],[172579.106,559693.269],[172579.553,559692.699],[172580.117,559692.268],[172580.866,559691.694],[172581.731,559691.253],[172582.45,559691.14],[172613.805,559688.296],[172615.172,559688.173],[172629.458,559686.877],[172630.646,559686.77],[172638.45,559686.062],[172639.642,559685.954],[172641.798,559685.758],[172642.202,559685.75],[172642.604,559685.776],[172643.003,559685.835],[172643.396,559685.928],[172643.78,559686.054],[172644.151,559686.211],[172644.509,559686.399],[172644.849,559686.616],[172645.169,559686.862],[172645.468,559687.133],[172645.743,559687.428],[172645.993,559687.745],[172646.215,559688.082],[172638.93,559688.62],[172637.07,559688.85]]]}},{"type":"Feature","properties":{"relatieveHoogteligging":0,"lokaalID":"G1900.e7ee2b8fb8a94782a2420a25a7ef619b","bgt_status":"bestaand","function":"voetpad","surfaceMaterial":"open verharding","plus_fysiekVoorkomenWegdeel":"tegels"},"geometry":{"type":"Polygon","coordinates":[[[172197.758,559217.778],[172203.416,559219.324],[172206.786,559220.433],[172206.52,559220.861],[172209.902,559222.128],[172210.238,559221.569],[172215.046,559223.15],[172214.977,559223.264],[172220.288,559225.168],[172220.52,559224.783],[172226.729,559226.509],[172227.733,559221.675],[172228.868,559221.912],[172224.96,559240.35],[172224.036,559245.766],[172224.237,559251.174],[172224.247,559251.439],[172224.281,559252.351],[172224.802,559266.37],[172225.251,559280.449],[172224.01,559280.476],[172223.991,559279.704],[172223.935,559277.483],[172223.497,559260.125],[172223.465,559258.883],[172223.202,559248.448],[172223.19,559247.993],[172223.088,559245.472],[172223.126,559245.423],[172225.564,559233.373],[172225.959,559233.364],[172226.525,559230.498],[172226.144,559230.507],[172226.717,559227.672],[172217.894,559225.374],[172198.125,559219.269],[172198.195,559218.638],[172197.758,559217.778]]]}},{"type":"Feature","properties":{"relatieveHoogteligging":0,"lokaalID":"G1900.4c0b96db6b85438a89ece989e29a8af3","bgt_status":"bestaand","function":"voetpad","surfaceMaterial":"open verharding","plus_fysiekVoorkomenWegdeel":"tegels"},"geometry":{"type":"Polygon","coordinates":[[[172299.426,559351.211],[172300.356,559352.098],[172283.916,559369.469],[172297.355,559383.02],[172310.478,559395.621],[172309.316,559396.519],[172282.947,559370.568],[172264.352,559391.648],[172263.684,559391.018],[172263.31,559390.666],[172278.01,559374.172],[172280.034,559371.963],[172278.232,559370.311],[172253.438,559346.678],[172254.151,559345.806],[172280.897,559370.77],[172296.027,559354.761],[172299.426,559351.211]]]}},{"type":"Feature","properties":{"relatieveHoogteligging":0,"lokaalID":"G1900.5b8e9e3abf1a4ee49198a26d9d20290b","bgt_status":"bestaand","function":"parkeervlak","surfaceMaterial":"open verharding","wegdeelOpTalud":"false","plus_fysiekVoorkomenWegdeel":"betonstraatstenen"},"geometry":{"type":"Polygon","coordinates":[[[172576.617,558995.571],[172576.338,558995.605],[172576.886,559000.12],[172577.101,559001.896],[172573.464,559002.412],[172573.43,559002.416],[172573.349,559002.438],[172573.274,559002.475],[172573.207,559002.526],[172573.152,559002.589],[172573.113,559002.656],[172573.085,559002.735],[172573.073,559002.818],[172573.077,559002.901],[172571.66,558990.877],[172571.619,558990.531],[172572.487,558990.423],[172573.175,558990.341],[172575.81,558990.021],[172576.617,558995.571]]]}},{"type":"Feature","properties":{"relatieveHoogteligging":0,"lokaalID":"G1900.5c8be8253da54808ab274079a39cf374","bgt_status":"bestaand","function":"voetpad","surfaceMaterial":"open verharding","plus_fysiekVoorkomenWegdeel":"tegels"},"geometry":{"type":"Polygon","coordinates":[[[172368.685,559505.437],[172370.548,559508.184],[172372.619,559511.645],[172374.133,559514.174],[172374.243,559514.358],[172374.246,559514.356],[172380.331,559524.114],[172383.319,559529],[172384.801,559531.201],[172393.216,559544.64],[172392.001,559545.3],[172380.485,559526.866],[172380.632,559526.775],[172378.822,559523.854],[172378.673,559523.946],[172372.515,559514.023],[172369.296,559508.796],[172367.582,559506.012],[172368.685,559505.437]]]}},{"type":"Feature","properties":{"relatieveHoogteligging":0,"lokaalID":"G1900.6ade418c08ba45c9b0f4fc0178b73f5d","bgt_status":"bestaand","function":"voetpad","surfaceMaterial":"open verharding","plus_fysiekVoorkomenWegdeel":"tegels"},"geometry":{"type":"Polygon","coordinates":[[[172287.947,559327.812],[172287.388,559323.164],[172288.333,559324.092],[172288.376,559324.908],[172288.507,559324.901],[172288.981,559328.803],[172287.947,559327.812]]]}},{"type":"Feature","properties":{"relatieveHoogteligging":0,"lokaalID":"G1900.7ee5d705302744caaed356415fab7d1d","bgt_status":"bestaand","function":"voetpad","surfaceMaterial":"open verharding","plus_fysiekVoorkomenWegdeel":"tegels"},"geometry":{"type":"Polygon","coordinates":[[[172345.946,559395.76],[172346.508,559396.313],[172346.753,559396.553],[172328.212,559415.875],[172331.962,559419.362],[172333.313,559421.439],[172333.841,559429.892],[172334.707,559440.999],[172335.088,559445.894],[172335.119,559446.292],[172333.891,559446.345],[172333.452,559441.112],[172331.842,559421.942],[172317.574,559407.739],[172317.735,559407.569],[172315.402,559405.362],[172315.297,559405.473],[172311.424,559401.617],[172311.439,559400.455],[172312.736,559400.908],[172327.262,559414.897],[172345.946,559395.76]]]}},{"type":"Feature","properties":{"relatieveHoogteligging":0,"lokaalID":"G1900.a2eaf3898b224b85b5d04f0579dca3db","bgt_status":"bestaand","function":"voetpad","surfaceMaterial":"open verharding","wegdeelOpTalud":"false","plus_fysiekVoorkomenWegdeel":"tegels"},"geometry":{"type":"Polygon","coordinates":[[[172483.682,559762.967],[172474.07,559736.87],[172442.833,559767.964],[172442.661,559767.789],[172438.844,559771.543],[172440.14,559772.86],[172456.21,559788.99],[172455.16,559790.11],[172439.5,559773.931],[172438.122,559772.517],[172436.139,559774.449],[172408.99,559801.06],[172426.32,559818.45],[172425.32,559819.27],[172416.176,559810.224],[172412.894,559806.874],[172407.943,559801.924],[172390.795,559818.723],[172389.955,559817.866],[172407.094,559801.076],[172390.929,559784.909],[172391.938,559783.929],[172407.97,559800.03],[172428.334,559780.176],[172430.985,559777.525],[172446.4,559762.55],[172430.519,559746.406],[172431.361,559745.499],[172447.2,559761.78],[172473.35,559735.99],[172466.023,559715.08],[172466,559715.014],[172467.139,559714.306],[172467.142,559714.316],[172475.31,559735.85],[172489.4,559734.46],[172489.41,559736.46],[172475.87,559737.96],[172479.551,559748.349],[172480.291,559750.155],[172484.66,559762.45],[172483.682,559762.967]]]}},{"type":"Feature","properties":{"relatieveHoogteligging":0,"lokaalID":"G1900.be5fbd5d00ce48e6b9fd24f1e2c33341","bgt_status":"bestaand","function":"voetpad","surfaceMaterial":"open verharding","plus_fysiekVoorkomenWegdeel":"tegels"},"geometry":{"type":"Polygon","coordinates":[[[172556.66,559136.742],[172565.326,559135.981],[172575.115,559135.122],[172577.056,559133.135],[172575.895,559126.094],[172574.966,559120.457],[172574.145,559115.476],[172573.904,559114.805],[172573.506,559110.484],[172573.387,559109.174],[172572.68,559103.3],[172572.492,559101.444],[172572.343,559100.175],[172571.363,559089.803],[172570.82,559084.058],[172570.587,559081.591],[172569.928,559071.953],[172570.777,559071.868],[172571.459,559071.8],[172572.251,559083.949],[172574.33,559103.179],[172574.424,559103.797],[172577.01,559120.884],[172578.696,559131.881],[172579.367,559136.25],[172579.595,559135.979],[172579.597,559136],[172579.929,559139.181],[172580.295,559143.537],[172581.445,559155.37],[172591.628,559175.729],[172591.938,559175.703],[172599.858,559191.544],[172604.729,559202.098],[172602.9,559202.249],[172600.646,559197.727],[172591.219,559178.813],[172590.48,559177.33],[172576.265,559178.6],[172576.202,559176.474],[172576.317,559176.466],[172579.777,559176.231],[172581.996,559176.081],[172583.49,559175.979],[172589.704,559175.557],[172589.824,559175.549],[172579.838,559155.533],[172577.82,559136.95],[172576.027,559137.101],[172574.829,559137.201],[172573.379,559137.323],[172573.171,559137.34],[172573.031,559137.352],[172571.944,559137.443],[172571.35,559137.493],[172556.84,559138.71],[172556.66,559136.742]]]}},{"type":"Feature","properties":{"relatieveHoogteligging":0,"lokaalID":"G1900.c6ac4fd539eb40a89e006f0b368812c1","bgt_status":"bestaand","function":"voetpad","surfaceMaterial":"open verharding","wegdeelOpTalud":"false"},"geometry":{"type":"Polygon","coordinates":[[[172083.154,559177.143],[172088.581,559183.863],[172088.238,559184.126],[172089.66,559186.078],[172089.979,559185.846],[172092.463,559189.369],[172092.163,559189.586],[172095.59,559194.336],[172095.839,559194.156],[172097.875,559197.044],[172100.251,559200.029],[172102.178,559201.852],[172104.585,559203.879],[172104.24,559204.854],[172104.007,559205.872],[172102.39,559204.916],[172100.304,559203.278],[172096.502,559198.497],[172089.294,559187.561],[172085.795,559183.119],[172081.735,559178.179],[172081.708,559178.146],[172083.154,559177.143]]]}},{"type":"Feature","properties":{"relatieveHoogteligging":0,"lokaalID":"G1900.ddeb9b68031c472092b3c3ecf9c504bc","bgt_status":"bestaand","function":"voetpad","surfaceMaterial":"open verharding","plus_fysiekVoorkomenWegdeel":"tegels"},"geometry":{"type":"Polygon","coordinates":[[[172148.004,559274.808],[172148,559274.786],[172145.93,559275.451],[172145.932,559275.46],[172145.384,559275.632],[172137.467,559278.123],[172137.068,559276.995],[172136.966,559276.706],[172149.527,559272.713],[172149.62,559273.03],[172153.32,559271.9],[172153.219,559271.558],[172159.346,559269.72],[172155.471,559247.049],[172154.309,559239.574],[172155.471,559239.468],[172158.507,559258.646],[172160.435,559269.397],[172165.055,559268.049],[172165.68,559267.89],[172169.53,559267.59],[172173.926,559267.204],[172182.718,559266.837],[172182.76,559268.186],[172178.257,559268.43],[172168.672,559268.948],[172163.946,559269.793],[172148.004,559274.808]]]}},{"type":"Feature","properties":{"relatieveHoogteligging":0,"lokaalID":"G1900.fa155440d7924b62a78e099777a40dc5","bgt_status":"bestaand","function":"voetpad","surfaceMaterial":"open verharding","wegdeelOpTalud":"false","plus_fysiekVoorkomenWegdeel":"tegels"},"geometry":{"type":"Polygon","coordinates":[[[172357.117,559291.478],[172359.275,559313.827],[172359.473,559315.875],[172359.932,559320.646],[172360.12,559322.917],[172360.152,559322.914],[172360.473,559326.304],[172360.695,559328.658],[172361.249,559334.257],[172359.417,559334.439],[172358.381,559323.457],[172358.191,559321.447],[172355.334,559291.174],[172357.117,559291.478]]]}},{"type":"Feature","properties":{"relatieveHoogteligging":0,"lokaalID":"G1900.273a6b25beed4d5988c287558a24e9d3","bgt_status":"bestaand","function":"voetpad","surfaceMaterial":"open verharding","wegdeelOpTalud":"false","plus_fysiekVoorkomenWegdeel":"tegels"},"geometry":{"type":"Polygon","coordinates":[[[172358.818,559098.61],[172361.663,559096.982],[172362.548,559098.533],[172364.579,559101.922],[172364.978,559102.589],[172381.995,559130.636],[172381.928,559130.969],[172381.376,559133.178],[172386.825,559142.438],[172403.504,559169.528],[172403.95,559173.53],[172404.48,559179.52],[172405.352,559189.555],[172405.521,559191.382],[172401.732,559191.688],[172398.668,559191.899],[172398.55,559190.411],[172397.899,559190.478],[172397.637,559187.529],[172397.667,559187.408],[172397.709,559187.311],[172397.768,559187.223],[172397.788,559187.202],[172397.867,559187.132],[172397.958,559187.079],[172398.059,559187.045],[172402.563,559186.688],[172402.64,559186.672],[172402.721,559186.639],[172402.795,559186.591],[172402.857,559186.529],[172402.878,559186.503],[172402.922,559186.426],[172402.95,559186.343],[172402.961,559186.256],[172402.955,559186.168],[172401.58,559170.677],[172401.58,559170.656],[172401.571,559170.572],[172401.546,559170.492],[172401.505,559170.418],[172401.451,559170.354],[172401.423,559170.329],[172401.353,559170.282],[172401.275,559170.25],[172401.193,559170.234],[172401.108,559170.234],[172396.704,559170.576],[172396.663,559170.579],[172396.623,559170.579],[172396.542,559170.568],[172396.463,559170.541],[172396.392,559170.5],[172396.353,559170.468],[172396.298,559170.406],[172396.256,559170.335],[172396.224,559170.267],[172396.199,559170.152],[172396.11,559169.171],[172396.566,559169.135],[172396.303,559166.04],[172395.876,559166.102],[172395.583,559162.961],[172395.537,559162.292],[172395.452,559161.626],[172395.327,559160.967],[172395.216,559160.51],[172395.025,559159.867],[172394.796,559159.236],[172394.53,559158.62],[172394.227,559158.021],[172394.07,559157.742],[172394.619,559157.383],[172390.699,559150.945],[172390.129,559151.294],[172384.765,559142.485],[172384.744,559142.451],[172385.153,559142.205],[172383.058,559138.756],[172382.668,559138.957],[172381.98,559137.833],[172382.331,559137.578],[172380.733,559135.045],[172380.413,559135.27],[172380.39,559135.233],[172379.281,559133.417],[172379.787,559133.087],[172380.248,559130.875],[172375.883,559123.476],[172374.288,559124.418],[172371.126,559119.204],[172370.73,559119.419],[172370.021,559118.259],[172369.983,559118.165],[172369.976,559118.096],[172369.965,559118.014],[172369.97,559117.932],[172369.976,559117.903],[172370.003,559117.826],[172370.044,559117.755],[172370.098,559117.693],[172370.164,559117.643],[172371.016,559117.133],[172371.07,559117.088],[172371.134,559117.014],[172371.182,559116.928],[172371.213,559116.835],[172371.224,559116.763],[172371.221,559116.665],[172371.2,559116.57],[172371.16,559116.48],[172365.837,559107.811],[172365.825,559107.78],[172365.788,559107.718],[172365.74,559107.664],[172365.682,559107.621],[172365.617,559107.589],[172365.594,559107.582],[172365.523,559107.568],[172365.451,559107.569],[172365.38,559107.584],[172365.314,559107.612],[172365.254,559107.653],[172364.37,559108.193],[172364.3,559108.209],[172364.189,559108.216],[172364.078,559108.202],[172364.017,559108.184],[172363.916,559108.137],[172363.866,559108.1],[172363.793,559107.98],[172364.137,559107.766],[172362.57,559105.175],[172362.233,559105.378],[172361.472,559104.109],[172360.697,559102.818],[172359.967,559101.6],[172359.688,559101.171],[172359.444,559100.721],[172359.235,559100.254],[172359.063,559099.771],[172358.93,559099.277],[172358.836,559098.774],[172358.818,559098.61]]]}},{"type":"Feature","properties":{"relatieveHoogteligging":0,"lokaalID":"G1900.47579bdf37a14ba8be87be9b07f8930e","bgt_status":"bestaand","function":"voetpad","surfaceMaterial":"open verharding","plus_fysiekVoorkomenWegdeel":"tegels"},"geometry":{"type":"Polygon","coordinates":[[[172012.648,559403.6],[172009.414,559416.673],[172007.408,559424.627],[172007.528,559424.839],[172006.294,559430.562],[172006.29,559430.582],[172005.416,559430.351],[172004.935,559430.223],[172006.575,559423.274],[172007.186,559421.041],[172008.319,559416.19],[172010.666,559405.94],[172011.354,559403.225],[172012.648,559403.6]]]}},{"type":"Feature","properties":{"relatieveHoogteligging":0,"lokaalID":"G1900.aaf5354d1a2c4e519892125c89331c3e","bgt_status":"bestaand","function":"voetpad","surfaceMaterial":"open verharding","plus_fysiekVoorkomenWegdeel":"tegels"},"geometry":{"type":"Polygon","coordinates":[[[172148.781,559188.867],[172149.601,559200.502],[172151.053,559211.729],[172153.006,559224.408],[172155.243,559238.072],[172154.073,559238.205],[172152.056,559226.521],[172151.689,559224.285],[172151.859,559224.236],[172151.444,559222.796],[172149.97,559213.815],[172149.109,559206.642],[172149.029,559205.972],[172148.341,559199.443],[172147.76,559192.417],[172147.68,559190.753],[172147.603,559189.293],[172148.756,559188.509],[172148.781,559188.867]]]}},{"type":"Feature","properties":{"relatieveHoogteligging":0,"lokaalID":"G1900.c3b3de8924174df88b42773f38a2c447","bgt_status":"bestaand","function":"voetpad","surfaceMaterial":"open verharding","wegdeelOpTalud":"false","plus_fysiekVoorkomenWegdeel":"tegels"},"geometry":{"type":"Polygon","coordinates":[[[172355.485,559105.981],[172355.798,559106.478],[172356.296,559107.295],[172365.906,559123.068],[172373.897,559136.32],[172373.519,559136.535],[172376.639,559141.769],[172377.043,559141.539],[172384.368,559153.614],[172384.371,559153.62],[172383.855,559153.946],[172385.436,559156.569],[172384.053,559157.406],[172385.156,559169.243],[172386.21,559181.517],[172386.235,559181.606],[172386.277,559181.688],[172386.335,559181.761],[172386.365,559181.79],[172386.435,559181.839],[172384.391,559182.011],[172382.933,559166.375],[172382.786,559164.339],[172382.658,559162.933],[172381.78,559153.266],[172374.507,559141.308],[172373.309,559139.34],[172373.013,559138.854],[172372.843,559138.574],[172372.373,559137.802],[172353.431,559106.662],[172351.511,559105.208],[172353.971,559103.782],[172354.063,559103.881],[172354.41,559104.315],[172354.725,559104.772],[172355.485,559105.981]]]}},{"type":"Feature","properties":{"relatieveHoogteligging":0,"lokaalID":"G1900.c5c2dcee72d7427ab8ac77831a6a9e93","bgt_status":"bestaand","function":"voetpad","surfaceMaterial":"open verharding","plus_fysiekVoorkomenWegdeel":"tegels"},"geometry":{"type":"Polygon","coordinates":[[[172199.243,559467.442],[172198.497,559466.598],[172202.033,559463.215],[172202.157,559463.323],[172202.712,559462.69],[172203.387,559461.92],[172214.166,559451.607],[172221.216,559445.03],[172221.929,559445.796],[172199.243,559467.442]]]}},{"type":"Feature","properties":{"relatieveHoogteligging":0,"lokaalID":"G1900.cf568e97633044b2a751e3016b63a49d","bgt_status":"bestaand","function":"voetpad","surfaceMaterial":"open verharding","wegdeelOpTalud":"false","plus_fysiekVoorkomenWegdeel":"tegels"},"geometry":{"type":"Polygon","coordinates":[[[172086.944,559431.486],[172086.732,559432.38],[172084.514,559441.723],[172084.356,559442.389],[172083.379,559446.615],[172100.708,559450.413],[172105.79,559451.498],[172109.635,559447.469],[172120.66,559435.913],[172121.521,559437.453],[172111.747,559447.929],[172112.037,559448.167],[172103.318,559457.328],[172103.309,559457.337],[172100.566,559460.219],[172106.084,559465.344],[172110.072,559469.049],[172113.829,559472.539],[172117.816,559476.243],[172116.832,559477.27],[172099.499,559461.009],[172089.896,559470.827],[172088.975,559469.974],[172104.47,559453.149],[172080.945,559448.051],[172097.878,559375.526],[172098.122,559374.246],[172098.354,559374.292],[172104.852,559375.582],[172119.988,559378.584],[172124.105,559379.68],[172132.24,559381.38],[172130.24,559383.633],[172118.97,559380.289],[172110.249,559378.617],[172099.96,559376.644],[172098.198,559384.066],[172096.933,559389.397],[172095.704,559394.577],[172094.463,559399.807],[172093.176,559405.229],[172091.949,559410.398],[172090.704,559415.642],[172089.43,559421.013],[172088.198,559426.203],[172088.086,559426.676],[172087.946,559426.653],[172086.944,559431.486]]]}},{"type":"Feature","properties":{"relatieveHoogteligging":0,"lokaalID":"G1900.d90df135cdd4404aa4987bf5d410b080","bgt_status":"bestaand","function":"voetpad","surfaceMaterial":"open verharding","plus_fysiekVoorkomenWegdeel":"tegels"},"geometry":{"type":"Polygon","coordinates":[[[172088.97,559300.61],[172100.25,559292.87],[172100.187,559292.779],[172104.343,559289.973],[172100.508,559282.911],[172099.183,559280.197],[172090.647,559263.379],[172084.25,559250.713],[172080.181,559242.828],[172079.241,559240.91],[172079.162,559240.962],[172078.399,559239.501],[172079.656,559238.847],[172080.196,559239.929],[172084.892,559249.343],[172084.904,559249.375],[172085.996,559251.556],[172091.089,559261.575],[172090.951,559261.629],[172092.049,559264.421],[172092.455,559264.261],[172093.019,559265.371],[172102.197,559283.234],[172102.206,559283.258],[172102.208,559283.257],[172105.068,559289.218],[172105.81,559289.512],[172110.229,559286.641],[172121.89,559282.09],[172121.837,559281.956],[172125.081,559280.736],[172125.491,559280.6],[172125.944,559281.882],[172120.654,559283.823],[172114.186,559286.196],[172111.229,559287.464],[172100.43,559294.095],[172091.995,559299.975],[172091.788,559300.15],[172083.969,559306.764],[172084.604,559307.461],[172082.8,559308.834],[172082.331,559309.191],[172081.804,559308.534],[172081.657,559308.349],[172073.949,559314.082],[172072.951,559314.825],[172067.656,559319.217],[172064.759,559321.587],[172059.735,559327.534],[172052.674,559337.753],[172051.327,559339.62],[172045.613,559347.535],[172046.554,559348.258],[172046.059,559348.98],[172044.973,559350.564],[172043.954,559349.92],[172037.998,559358.82],[172034.298,559364.35],[172031.854,559368.697],[172027.886,559380.124],[172024.642,559389.467],[172025.004,559389.618],[172023.66,559393.57],[172023.56,559393.85],[172023.395,559394.441],[172021.824,559394.011],[172027.616,559377.207],[172029.115,559372.859],[172029.024,559372.573],[172028.255,559372.044],[172006.381,559362.805],[172006.495,559362.433],[172006.38,559362.398],[172006.388,559362.381],[172006.718,559361.705],[172028.534,559371.396],[172029.025,559371.465],[172029.543,559371.034],[172030.034,559369.938],[172031.148,559367.317],[172031.17,559367.33],[172038.22,559355.61],[172042.92,559349.1],[172043.98,559347.64],[172051.032,559337.955],[172059.982,559325.645],[172060.095,559325.193],[172047.121,559313.371],[172043.455,559309.861],[172044.254,559309.061],[172057.335,559321.091],[172060.665,559324.397],[172063.633,559321.303],[172071.203,559314.563],[172081.234,559306.816],[172082.671,559305.732],[172088.97,559300.61]]]}},{"type":"Feature","properties":{"relatieveHoogteligging":0,"lokaalID":"G1900.ee3105cbb9304201ba69474a5875e879","bgt_status":"bestaand","function":"voetpad","surfaceMaterial":"open verharding","plus_fysiekVoorkomenWegdeel":"tegels"},"geometry":{"type":"Polygon","coordinates":[[[172563.394,559179.756],[172563.365,559179.497],[172557.706,559180.132],[172557.721,559180.267],[172557.594,559180.279],[172557.591,559180.249],[172553.725,559180.619],[172551.322,559180.849],[172550.953,559180.884],[172548.993,559181.23],[172546.036,559181.467],[172545.846,559179.233],[172549.14,559178.93],[172551.19,559178.7],[172557.35,559178.17],[172576.202,559176.474],[172576.265,559178.6],[172575.25,559178.69],[172569.32,559179.22],[172566.919,559179.437],[172566.907,559179.305],[172563.944,559179.569],[172563.956,559179.705],[172563.394,559179.756]]]}},{"type":"Feature","properties":{"relatieveHoogteligging":0,"lokaalID":"G1900.f1d273085271465eaedb369948a46451","bgt_status":"bestaand","function":"voetpad","surfaceMaterial":"open verharding","plus_fysiekVoorkomenWegdeel":"tegels"},"geometry":{"type":"Polygon","coordinates":[[[172125.004,559484.778],[172125.926,559483.776],[172129.867,559487.436],[172133.816,559491.105],[172137.861,559494.862],[172140.31,559492.256],[172140.459,559492.097],[172151.141,559480.73],[172158.67,559472.442],[172159.68,559473.462],[172150.165,559483.631],[172147.939,559486.011],[172154.697,559492.155],[172158.865,559495.945],[172162.831,559499.551],[172166.827,559503.185],[172170.826,559506.821],[172170.983,559506.965],[172170.882,559507.072],[172173.125,559509.189],[172173.256,559509.05],[172174.844,559510.561],[172180.172,559515.63],[172182.65,559512.877],[172190.495,559504.159],[172200.555,559493.619],[172201.548,559494.444],[172190.908,559505.592],[172183.526,559513.666],[172181.051,559516.373],[172186.73,559521.639],[172190.66,559525.282],[172194.609,559528.943],[172198.605,559532.648],[172202.62,559536.371],[172206.518,559539.985],[172210.537,559543.711],[172214.378,559547.273],[172218.29,559550.9],[172222.284,559554.603],[172226.406,559558.424],[172226.67,559558.669],[172226.57,559558.786],[172228.295,559560.256],[172228.333,559560.211],[172230.38,559562.109],[172234.298,559565.741],[172238.345,559569.494],[172240.86,559566.874],[172250.18,559557.165],[172252.128,559554.851],[172254.274,559552.116],[172255.95,559550.31],[172258.523,559547.391],[172260.233,559547.326],[172258.043,559549.918],[172257.805,559550.204],[172252.459,559556.644],[172251.366,559557.551],[172238.375,559571.498],[172185.029,559521.783],[172151.008,559490.522],[172147.042,559487.033],[172138.277,559496.437],[172138.126,559496.618],[172137.702,559496.236],[172125.004,559484.778]]]}},{"type":"Feature","properties":{"relatieveHoogteligging":0,"lokaalID":"G1900.f698e6a9cadc40b8b60b407ef4dfd6ed","bgt_status":"bestaand","function":"voetpad","surfaceMaterial":"open verharding","plus_fysiekVoorkomenWegdeel":"tegels"},"geometry":{"type":"Polygon","coordinates":[[[172243.974,559512.285],[172243.091,559511.347],[172249.941,559503.288],[172260.367,559491.392],[172262.241,559488.901],[172264.015,559486.672],[172267.606,559482.207],[172268.65,559483.038],[172261.529,559491.506],[172253.955,559500.624],[172248.599,559506.586],[172244.207,559511.998],[172243.974,559512.285]]]}},{"type":"Feature","properties":{"relatieveHoogteligging":0,"lokaalID":"G1900.177269bbda134bdb8b4e855d0d414180","bgt_status":"bestaand","function":"voetpad","surfaceMaterial":"open verharding","wegdeelOpTalud":"false","plus_fysiekVoorkomenWegdeel":"betonstraatstenen"},"geometry":{"type":"Polygon","coordinates":[[[172270.132,559184.376],[172269.948,559184.492],[172269.853,559184.526],[172269.754,559184.54],[172269.666,559184.537],[172269.568,559184.515],[172269.468,559184.48],[172269.403,559184.448],[172269.339,559184.404],[172269.117,559184.052],[172269.085,559183.957],[172269.08,559183.882],[172269.072,559183.795],[172269.072,559183.769],[172269.086,559183.682],[172269.116,559183.6],[172269.162,559183.525],[172269.221,559183.46],[172269.273,559183.42],[172269.277,559183.417],[172269.438,559183.316],[172272.652,559181.287],[172272.655,559181.285],[172272.687,559181.335],[172272.712,559181.376],[172272.72,559181.388],[172273.654,559180.816],[172274.211,559181.741],[172274.233,559181.777],[172273.999,559181.927],[172273.512,559182.26],[172273.444,559182.282],[172273.383,559182.317],[172273.346,559182.348],[172270.132,559184.376]]]}},{"type":"Feature","properties":{"relatieveHoogteligging":0,"lokaalID":"G1900.7ce127b289cc45c58ba468824762c331","bgt_status":"bestaand","function":"inrit","surfaceMaterial":"open verharding"},"geometry":{"type":"Polygon","coordinates":[[[172372.373,559137.802],[172372.843,559138.574],[172373.013,559138.854],[172373.309,559139.34],[172374.507,559141.308],[172361.48,559149.32],[172356.44,559152.31],[172353.963,559155.225],[172353.73,559155.019],[172351.625,559157.403],[172351.904,559157.65],[172350.541,559159.255],[172350.077,559158.488],[172348.524,559155.887],[172346.957,559153.264],[172345.401,559150.658],[172343.837,559148.04],[172343.753,559148.09],[172343.55,559147.67],[172347.43,559145.56],[172349.291,559146.434],[172355.78,559149.48],[172360.306,559146.609],[172359.442,559145.21],[172361.232,559144.127],[172361.31,559144.255],[172369.85,559139.09],[172372.373,559137.802]]]}},{"type":"Feature","properties":{"relatieveHoogteligging":0,"lokaalID":"G1900.bf075aa891b047a19f062167913567f1","bgt_status":"bestaand","function":"voetpad","surfaceMaterial":"open verharding","wegdeelOpTalud":"false"},"geometry":{"type":"Polygon","coordinates":[[[172273.654,559180.816],[172286.558,559172.996],[172286.882,559173.563],[172286.969,559173.714],[172287.064,559173.88],[172279.488,559178.544],[172279.429,559178.451],[172274.233,559181.777],[172274.211,559181.741],[172273.654,559180.816]]]}},{"type":"Feature","properties":{"relatieveHoogteligging":0,"lokaalID":"G1900.f2f531e57881451a895c781ccffedeb2","bgt_status":"bestaand","function":"parkeervlak","surfaceMaterial":"open verharding","wegdeelOpTalud":"false","plus_fysiekVoorkomenWegdeel":"betonstraatstenen"},"geometry":{"type":"Polygon","coordinates":[[[172273.999,559181.927],[172275.792,559184.727],[172276.017,559184.583],[172279.429,559189.959],[172279.499,559190.069],[172278.606,559190.595],[172278.679,559190.542],[172278.74,559190.475],[172278.787,559190.398],[172278.818,559190.314],[172278.818,559190.313],[172278.826,559190.275],[172278.833,559190.185],[172278.821,559190.095],[172278.793,559190.009],[172278.757,559189.944],[172273.885,559182.4],[172273.838,559182.346],[172273.782,559182.304],[172273.721,559182.274],[172273.653,559182.255],[172273.582,559182.251],[172273.512,559182.26],[172273.999,559181.927]]]}},{"type":"Feature","properties":{"relatieveHoogteligging":0,"lokaalID":"G1900.193a0ccdc6c94dbbb2ded59eb2aa2853","bgt_status":"bestaand","function":"voetpad","surfaceMaterial":"open verharding","plus_fysiekVoorkomenWegdeel":"tegels"},"geometry":{"type":"Polygon","coordinates":[[[172132.24,559381.38],[172133.74,559379.76],[172138.26,559374.9],[172139.719,559373.332],[172141.21,559371.73],[172145.61,559366.99],[172147.087,559365.408],[172148.57,559363.82],[172153.02,559359.02],[172154.449,559357.479],[172155.96,559355.85],[172158.19,559353.42],[172159.771,559354.891],[172161.35,559356.36],[172166.1,559360.79],[172167.681,559362.271],[172169.26,559363.75],[172173.99,559368.17],[172175.591,559369.65],[172177.17,559371.11],[172181.91,559375.55],[172183.505,559377.025],[172185.08,559378.48],[172187.549,559380.741],[172188.318,559381.412],[172189.36,559382.321],[172189.859,559382.583],[172190.719,559382.523],[172191.599,559382.023],[172191.78,559382.26],[172193.065,559383.363],[172192.084,559384.317],[172190.831,559384.981],[172189.594,559385.313],[172188.176,559385.374],[172186.894,559385.072],[172185.838,559384.619],[172187.256,559383.215],[172158.384,559356.295],[172155.698,559359.012],[172136.782,559379.44],[172130.627,559386.203],[172129.556,559388.12],[172128.711,559391.456],[172126.84,559399.244],[172124.864,559407.758],[172120.835,559425.082],[172120.534,559427.105],[172120.549,559429.249],[172120.79,559431.151],[172121.559,559433.264],[172122.616,559435.302],[172123.898,559437.249],[172125.075,559438.577],[172129.179,559442.637],[172148.61,559460.894],[172152.811,559464.857],[172153.656,559465.418],[172154.604,559465.97],[172156.13,559466.617],[172158.121,559467.022],[172160.596,559467.281],[172162.372,559467.212],[172165.605,559466.367],[172168.079,559465.521],[172169.441,559465.28],[172171.372,559465.375],[172172.484,559465.651],[172174.148,559466.418],[172175.347,559467.367],[172176.237,559468.198],[172174.877,559469.632],[172173.55,559468.392],[172171.913,559467.414],[172170.355,559467.23],[172168.243,559467.414],[172166.527,559467.784],[172164.309,559468.603],[172163.781,559469.079],[172159.68,559473.462],[172158.67,559472.442],[172122.788,559439.114],[172121.521,559437.453],[172120.66,559435.913],[172119.815,559433.996],[172119.045,559431.354],[172118.488,559427.92],[172118.955,559424.939],[172120.282,559419.716],[172127.674,559386.644],[172128.73,559385.405],[172130.24,559383.633],[172132.24,559381.38]]]}},{"type":"Feature","properties":{"relatieveHoogteligging":0,"lokaalID":"G1900.480a3c631623493ea47ebbaac877488e","bgt_status":"bestaand","function":"voetpad","surfaceMaterial":"open verharding","wegdeelOpTalud":"false","plus_fysiekVoorkomenWegdeel":"tegels"},"geometry":{"type":"Polygon","coordinates":[[[172354.385,559281.418],[172354.216,559279.609],[172354.137,559278.762],[172354.102,559278.38],[172354.008,559277.37],[172353.921,559276.44],[172352.77,559263.875],[172352.981,559263.865],[172352.893,559262.119],[172352.61,559262.133],[172349.723,559230.032],[172349.575,559227.648],[172346.391,559227.846],[172333.28,559228.8],[172315.51,559230.4],[172315.292,559230.42],[172315.298,559230.658],[172310.242,559231.032],[172305.476,559231.384],[172305.295,559229.514],[172314.648,559228.702],[172345.116,559226.058],[172356.751,559222.892],[172378.297,559220.911],[172389.122,559220.145],[172389.545,559219.299],[172390.284,559216.446],[172390.337,559214.148],[172389.677,559208.574],[172389.282,559204.809],[172388.554,559197.307],[172388.302,559193.968],[172388.376,559193.963],[172389.877,559193.846],[172389.838,559193.134],[172390.074,559193.114],[172390.455,559197.574],[172391.087,559204.61],[172391.451,559208.676],[172391.79,559212.453],[172391.993,559214.711],[172394.324,559240.679],[172397.703,559240.455],[172400.09,559240.28],[172400.295,559242.501],[172400.5,559244.72],[172400.7,559246.87],[172401,559250.16],[172403.508,559249.939],[172403.714,559253.437],[172403.592,559253.447],[172403.908,559257.275],[172403.94,559257.272],[172403.958,559257.577],[172404.441,559260.536],[172404.748,559260.916],[172410.836,559268.262],[172409.845,559269.011],[172408.947,559269.67],[172401.948,559260.76],[172399.255,559260.971],[172397.61,559242.539],[172392.831,559242.883],[172391.326,559227.799],[172390.86,559221.837],[172385.784,559222.252],[172385.598,559222.267],[172367.503,559223.745],[172360.46,559224.32],[172357.882,559224.531],[172356.06,559224.954],[172354.673,559226.845],[172352.126,559230.317],[172352.389,559231.773],[172352.69,559234.599],[172353.656,559245.664],[172353.953,559248.608],[172354.541,559256.224],[172354.852,559258.812],[172354.945,559259.114],[172355.221,559261.833],[172355.393,559263.675],[172355.726,559266.834],[172355.669,559268.097],[172356.465,559277.147],[172356.841,559281.21],[172356.331,559281.253],[172354.537,559281.405],[172354.385,559281.418]]]}},{"type":"Feature","properties":{"relatieveHoogteligging":0,"lokaalID":"G1900.93ac5a2e06cf43158e602f82b3c29ac6","bgt_status":"bestaand","function":"rijbaan lokale weg","surfaceMaterial":"open verharding"},"geometry":{"type":"Polygon","coordinates":[[[172310.242,559231.032],[172315.298,559230.658],[172315.292,559230.42],[172315.51,559230.4],[172315.73,559232.79],[172316.14,559237.38],[172316.35,559239.75],[172316.54,559241.894],[172318.37,559241.73],[172318.567,559243.891],[172318.87,559247.21],[172319.412,559253.147],[172319.413,559253.159],[172319.521,559254.341],[172321.09,559272.67],[172321.03,559272.87],[172321.05,559273.37],[172321.053,559273.413],[172321.603,559280.291],[172321.73,559281.88],[172321.76,559282.1],[172321.86,559282.4],[172322.06,559282.78],[172322.28,559283.1],[172322.51,559283.35],[172322.73,559283.57],[172322.97,559283.79],[172323.21,559283.91],[172323.489,559284.041],[172314.5,559284.973],[172314.9,559284.83],[172315.26,559284.71],[172315.49,559284.57],[172315.75,559284.4],[172315.91,559284.2],[172316.07,559283.98],[172316.27,559283.7],[172316.43,559283.44],[172316.56,559283.12],[172316.62,559282.84],[172316.64,559282.5],[172316.66,559282.18],[172316.66,559281.9],[172316.67,559281.42],[172316.67,559281.1],[172316.678,559280.245],[172316.68,559280],[172316.314,559276.572],[172315.636,559270.212],[172315.636,559270.211],[172315.58,559269.69],[172315.492,559269.442],[172314.261,559254.628],[172314.31,559254.4],[172314.106,559252.165],[172313.488,559245.456],[172313.45,559245.315],[172313.392,559245.18],[172313.314,559245.055],[172313.22,559244.944],[172313.109,559244.847],[172312.986,559244.767],[172312.852,559244.707],[172312.711,559244.666],[172312.566,559244.647],[172312.419,559244.65],[172311.63,559244.724],[172311.318,559241.74],[172311.012,559238.808],[172310.242,559231.032]]]}},{"type":"Feature","properties":{"relatieveHoogteligging":0,"lokaalID":"G1900.9e8e5db967514279aa03341c3a889142","bgt_status":"bestaand","function":"rijbaan lokale weg","surfaceMaterial":"open verharding","wegdeelOpTalud":"false","plus_fysiekVoorkomenWegdeel":"betonstraatstenen"},"geometry":{"type":"Polygon","coordinates":[[[172392.831,559242.883],[172395.236,559267.343],[172395.355,559268.938],[172395.836,559275.374],[172396.379,559276.305],[172397.233,559277.116],[172397.89,559277.368],[172387.927,559278.564],[172389.492,559277.438],[172390.179,559276.46],[172390.364,559274.69],[172390.316,559274.094],[172389.202,559260.188],[172388.582,559253.665],[172388.441,559252.18],[172388.34,559252.14],[172387.329,559240.479],[172386.813,559235.048],[172386.627,559233.088],[172385.779,559224.167],[172385.598,559222.267],[172385.784,559222.252],[172390.86,559221.837],[172391.326,559227.799],[172392.831,559242.883]]]}},{"type":"Feature","properties":{"relatieveHoogteligging":0,"lokaalID":"G1900.c985cf744467414f8bd8c0aaf8c805d1","bgt_status":"bestaand","function":"rijbaan lokale weg","surfaceMaterial":"open verharding","plus_fysiekVoorkomenWegdeel":"betonstraatstenen"},"geometry":{"type":"Polygon","coordinates":[[[172566.231,559071.023],[172566.271,559072.317],[172566.31,559073.03],[172563.459,559073.305],[172560.698,559073.572],[172557.949,559073.838],[172555.169,559074.106],[172552.418,559074.372],[172549.638,559074.64],[172546.858,559074.909],[172544.099,559075.176],[172541.36,559075.44],[172541.252,559074.644],[172540.77,559074.689],[172538.631,559072.523],[172536.709,559072.514],[172536.423,559067.095],[172540.925,559067.086],[172566.099,559066.758],[172566.231,559071.023]]]}},{"type":"Feature","properties":{"relatieveHoogteligging":0,"lokaalID":"G1900.dd19d8744a924bd1b7ee353e33fb5fa6","bgt_status":"bestaand","function":"voetpad","surfaceMaterial":"open verharding","plus_fysiekVoorkomenWegdeel":"tegels"},"geometry":{"type":"Polygon","coordinates":[[[172669.526,558937.951],[172668.108,558938.499],[172664.042,558939.08],[172612.31,558945.74],[172548.776,558954.034],[172544.736,558954.509],[172541.937,558955.83],[172539.667,558957.626],[172538.241,558959.158],[172536.076,558963.589],[172532.967,558969.425],[172532.451,558968.563],[172531.787,558966.118],[172529.207,558966.872],[172529.795,558969.076],[172527.245,558970.072],[172524.137,558975.854],[172524.771,558978.193],[172522.312,558978.933],[172519.089,558984.874],[172519.907,558987.251],[172517.505,558988.07],[172519.521,558994.667],[172519.323,558995.024],[172517.23,558995.146],[172517.299,558994.423],[172517.314,558993.593],[172517.329,558993.412],[172517.148,558992.325],[172516.594,558988.63],[172514.482,558985.328],[172504.739,558972.509],[172504.105,558964.928],[172533.788,558961.005],[172535.684,558960.754],[172535.974,558959.961],[172536.318,558958.746],[172536.423,558958.429],[172536.529,558958.297],[172537.928,558956.527],[172540.41,558954.519],[172543.341,558953.278],[172545.587,558952.845],[172547.563,558952.464],[172549.344,558952.298],[172597.311,558945.786],[172598.91,558945.698],[172605.334,558944.856],[172609.051,558944.369],[172609.814,558944.269],[172645.55,558939.586],[172668.353,558936.597],[172669.794,558937.744],[172669.526,558937.951]],[[172513.077,558968.799],[172509.354,558975.06],[172512.391,558978.573],[172515.163,558982.879],[172515.506,558982.958],[172517.117,558982.879],[172517.909,558982.589],[172525.434,558968.324],[172525.672,558967.188],[172513.077,558968.799]]]}},{"type":"Feature","properties":{"relatieveHoogteligging":0,"lokaalID":"G1900.1a0248d7c04248b4ad3ddc9c06748b9f","bgt_status":"bestaand","function":"voetpad","surfaceMaterial":"open verharding","wegdeelOpTalud":"false","plus_fysiekVoorkomenWegdeel":"tegels"},"geometry":{"type":"Polygon","coordinates":[[[172543.341,558953.278],[172540.41,558954.519],[172537.928,558956.527],[172536.529,558958.297],[172536.423,558958.429],[172536.318,558958.746],[172535.974,558959.961],[172535.684,558960.754],[172533.788,558961.005],[172533,558954.683],[172543.341,558953.278]]]}},{"type":"Feature","properties":{"relatieveHoogteligging":0,"lokaalID":"G1900.a14c324f25e14fd5ba8b8804eb7f5abc","bgt_status":"bestaand","function":"voetpad","surfaceMaterial":"open verharding","wegdeelOpTalud":"false","plus_fysiekVoorkomenWegdeel":"tegels"},"geometry":{"type":"Polygon","coordinates":[[[172321.179,559252.999],[172325.343,559252.623],[172325.45,559253.87],[172325.74,559257.14],[172325.85,559258.37],[172326.15,559261.66],[172326.25,559262.89],[172326.55,559266.19],[172326.65,559267.41],[172326.94,559270.69],[172327.149,559272.862],[172322.99,559273.238],[172321.053,559273.413],[172321.05,559273.37],[172321.03,559272.87],[172321.09,559272.67],[172321.38,559272.44],[172325.568,559272.097],[172325.665,559272.059],[172325.751,559272.002],[172325.845,559271.9],[172325.895,559271.809],[172325.926,559271.71],[172325.933,559271.572],[172324.36,559254.317],[172324.328,559254.219],[172324.276,559254.13],[172324.207,559254.053],[172324.124,559253.993],[172324.03,559253.951],[172323.929,559253.929],[172323.826,559253.929],[172319.521,559254.341],[172319.413,559253.159],[172319.412,559253.147],[172321.179,559252.999]]]}},{"type":"Feature","properties":{"relatieveHoogteligging":0,"lokaalID":"G1900.ceffa834e5584bcf805539e5d400d435","bgt_status":"bestaand","function":"voetpad","surfaceMaterial":"open verharding","wegdeelOpTalud":"false","plus_fysiekVoorkomenWegdeel":"tegels"},"geometry":{"type":"Polygon","coordinates":[[[172311.63,559244.724],[172312.419,559244.65],[172312.566,559244.647],[172312.711,559244.666],[172312.852,559244.707],[172312.986,559244.767],[172313.109,559244.847],[172313.22,559244.944],[172313.314,559245.055],[172313.392,559245.18],[172313.45,559245.315],[172313.488,559245.456],[172314.106,559252.165],[172314.31,559254.4],[172314.261,559254.628],[172314.09,559254.82],[172313.91,559254.92],[172310.95,559255.12],[172310.69,559255.15],[172310.5,559255.24],[172310.32,559255.49],[172311.48,559268.82],[172311.5,559269.1],[172311.6,559269.3],[172312.04,559269.41],[172314.66,559269.17],[172314.9,559269.15],[172315.26,559269.21],[172315.492,559269.442],[172315.58,559269.69],[172315.636,559270.211],[172315.636,559270.212],[172310.731,559270.619],[172310.57,559268.86],[172310.45,559267.63],[172310.15,559264.35],[172310.05,559263.11],[172309.74,559259.81],[172309.63,559258.61],[172309.33,559255.33],[172309.188,559253.923],[172313.073,559253.557],[172312.971,559252.314],[172312.97,559252.3],[172312.675,559249.08],[172312.38,559245.86],[172311.732,559245.921],[172311.63,559244.724]]]}},{"type":"Feature","properties":{"relatieveHoogteligging":0,"lokaalID":"G1900.fd62696937f74e3f8353ee8f8d471e49","bgt_status":"bestaand","function":"voetpad","surfaceMaterial":"open verharding","wegdeelOpTalud":"false","plus_fysiekVoorkomenWegdeel":"tegels"},"geometry":{"type":"Polygon","coordinates":[[[172386.813,559235.048],[172381.967,559235.539],[172383.75,559252.45],[172387.84,559252.17],[172388.14,559252.13],[172388.34,559252.14],[172388.441,559252.18],[172388.582,559253.665],[172385.37,559253.92],[172381.5,559254.222],[172381.33,559252.05],[172381.08,559248.78],[172380.96,559247.54],[172380.61,559244.28],[172380.5,559243.05],[172380.2,559239.76],[172380.08,559238.52],[172379.894,559236.417],[172379.79,559235.24],[172379.672,559233.862],[172383.45,559233.48],[172386.627,559233.088],[172386.813,559235.048]]]}},{"type":"Feature","properties":{"relatieveHoogteligging":0,"lokaalID":"G1900.fde7c9c92bad4b3ca92991ed3a1a6439","bgt_status":"bestaand","function":"parkeervlak","surfaceMaterial":"open verharding","plus_fysiekVoorkomenWegdeel":"betonstraatstenen"},"geometry":{"type":"Polygon","coordinates":[[[172540.714,559061.724],[172553.704,559061.751],[172563.103,559061.513],[172565.189,559061.909],[172565.717,559062.569],[172566.034,559064.656],[172566.099,559066.758],[172540.925,559067.086],[172540.714,559061.724]]]}},{"type":"Feature","properties":{"relatieveHoogteligging":0,"lokaalID":"G1900.8da75927d29a4d00a78e7f8d91500f4e","bgt_status":"bestaand","function":"voetpad","surfaceMaterial":"open verharding","plus_fysiekVoorkomenWegdeel":"tegels"},"geometry":{"type":"Polygon","coordinates":[[[172224.237,559251.174],[172224.339,559251.175],[172224.339,559251.391],[172227.795,559251.391],[172227.795,559251.223],[172229.134,559251.241],[172229.135,559251.391],[172233.839,559251.355],[172250.301,559251.518],[172250.47,559251.52],[172250.604,559251.522],[172250.562,559251.9],[172250.542,559252.721],[172250.03,559252.713],[172224.281,559252.351],[172224.247,559251.439],[172224.237,559251.174]]]}},{"type":"Feature","properties":{"relatieveHoogteligging":0,"lokaalID":"G1900.ad459484b7ed4dc69e4a5152eb520306","bgt_status":"bestaand","function":"parkeervlak","surfaceMaterial":"open verharding","wegdeelOpTalud":"false","plus_fysiekVoorkomenWegdeel":"betonstraatstenen"},"geometry":{"type":"Polygon","coordinates":[[[172564.837,559658.058],[172560.684,559658.229],[172560.287,559658.229],[172560.236,559658.229],[172560.052,559658.173],[172559.892,559658.077],[172559.765,559657.957],[172559.661,559657.773],[172559.497,559655.924],[172559.411,559654.955],[172557.785,559636.573],[172557.802,559636.42],[172557.87,559636.279],[172557.949,559636.166],[172558.09,559636.03],[172558.237,559635.968],[172562.583,559635.67],[172562.734,559635.65],[172562.866,559635.558],[172562.954,559635.45],[172563.032,559635.242],[172563.08,559635.82],[172562.973,559635.86],[172564.837,559658.058]]]}},{"type":"Feature","properties":{"relatieveHoogteligging":0,"lokaalID":"G1900.04ed7c402c3c40eb9d1ce2075a12a066","bgt_status":"bestaand","function":"voetpad","surfaceMaterial":"open verharding","plus_fysiekVoorkomenWegdeel":"tegels"},"geometry":{"type":"Polygon","coordinates":[[[172581.394,559658.313],[172591.203,559657.607],[172594.174,559657.329],[172602.865,559656.592],[172602.968,559657.788],[172589.816,559658.922],[172587.723,559659.102],[172581.891,559659.678],[172557.956,559661.744],[172557.785,559660.504],[172561.081,559660.198],[172561.981,559660.114],[172567.577,559659.595],[172568.464,559659.512],[172580.416,559658.403],[172581.394,559658.313]]]}},{"type":"Feature","properties":{"relatieveHoogteligging":0,"lokaalID":"G1900.11074bf547a74a89a7481c1ba4251586","bgt_status":"bestaand","function":"rijbaan lokale weg","surfaceMaterial":"open verharding"},"geometry":{"type":"Polygon","coordinates":[[[172615.242,559629.17],[172613.1,559627.44],[172612.82,559627.3],[172611.84,559627.3],[172611.243,559627.353],[172601.289,559628.232],[172599.794,559628.364],[172589.135,559629.305],[172587.639,559629.437],[172582.4,559629.9],[172577.773,559630.287],[172572.83,559630.7],[172572.43,559630.76],[172572.19,559630.9],[172568.843,559634.713],[172568.947,559636.509],[172568.98,559636.93],[172570.35,559651.05],[172570.86,559657.57],[172568.339,559657.768],[172567.43,559657.84],[172565.14,559658.02],[172564.837,559658.058],[172562.973,559635.86],[172563.08,559635.82],[172563.032,559635.242],[172562.818,559632.679],[172562.73,559631.62],[172562.702,559631.287],[172556.354,559631.732],[172555.897,559631.699],[172555.75,559631.54],[172555.51,559630.54],[172555.36,559627.72],[172555.52,559627.46],[172555.78,559627.34],[172556.06,559627.2],[172557.708,559627.014],[172562.1,559626.52],[172566.492,559626.155],[172568.168,559626.016],[172573.17,559625.6],[172581.07,559624.84],[172582.85,559624.661],[172584.45,559624.5],[172601.902,559623.022],[172602.87,559622.94],[172603.501,559622.881],[172612.13,559622.08],[172612.39,559622.04],[172612.73,559621.82],[172614.166,559619.708],[172615.92,559617.13],[172617.468,559632.318],[172617.11,559630.75],[172616.89,559630.49],[172615.242,559629.17]]]}},{"type":"Feature","properties":{"relatieveHoogteligging":0,"lokaalID":"G1900.189fed2ba16c4e4fa864043157143ac2","bgt_status":"bestaand","function":"voetpad","surfaceMaterial":"open verharding","plus_fysiekVoorkomenWegdeel":"tegels"},"geometry":{"type":"Polygon","coordinates":[[[172614.04,559618.92],[172610.76,559619.18],[172606.44,559619.67],[172603.22,559620],[172603.501,559622.881],[172602.87,559622.94],[172601.902,559623.022],[172601.58,559620],[172595.74,559620.41],[172588.23,559621.07],[172584.19,559621.64],[172584.45,559624.5],[172582.85,559624.661],[172582.59,559621.7],[172567.93,559623.05],[172568.168,559626.016],[172566.492,559626.155],[172566.21,559623.15],[172557.55,559623.89],[172557.708,559627.014],[172556.06,559627.2],[172555.78,559627.34],[172555.52,559627.46],[172555.36,559627.72],[172555.51,559630.54],[172555.75,559631.54],[172555.857,559633.138],[172556.164,559637.701],[172556.23,559641.54],[172557.344,559655.122],[172557.423,559656.084],[172557.785,559660.504],[172557.956,559661.744],[172558.769,559671.159],[172559.48,559679.39],[172560.026,559685.667],[172557.96,559685.91],[172557.98,559685.41],[172557.47,559679.19],[172556.67,559669.11],[172555.957,559660.654],[172555.78,559658.56],[172554.322,559637.869],[172551.265,559606.456],[172554.079,559606.196],[172555.06,559617.34],[172555.53,559622.42],[172581.62,559619.88],[172581.92,559619.72],[172583.82,559619.5],[172587.82,559619.33],[172596.28,559618.67],[172606.84,559617.83],[172613.82,559617.12],[172613.98,559616.98],[172614.04,559618.92]]]}},{"type":"Feature","properties":{"relatieveHoogteligging":0,"lokaalID":"G1900.276ae8996f92448988753774eb8ae246","bgt_status":"bestaand","function":"voetpad","surfaceMaterial":"open verharding","wegdeelOpTalud":"false","plus_fysiekVoorkomenWegdeel":"tegels"},"geometry":{"type":"Polygon","coordinates":[[[172346.518,559735.791],[172342.889,559731.848],[172345.729,559729.262],[172349.357,559733.386],[172346.518,559735.791]],[[172348.398,559733.354],[172346.096,559730.669],[172344.833,559731.788],[172347.119,559734.505],[172348.398,559733.354]]]}},{"type":"Feature","properties":{"relatieveHoogteligging":0,"lokaalID":"G1900.5e63ccf77f3147b3ae26febd841d2e6c","bgt_status":"bestaand","function":"voetpad","surfaceMaterial":"open verharding","wegdeelOpTalud":"false","plus_fysiekVoorkomenWegdeel":"tegels"},"geometry":{"type":"Polygon","coordinates":[[[172339.343,559729.302],[172342.326,559732.361],[172346.054,559736.184],[172349.122,559739.33],[172347.822,559740.597],[172339.256,559731.814],[172336.144,559734.816],[172334.955,559733.582],[172339.315,559729.327],[172339.343,559729.302]]]}},{"type":"Feature","properties":{"relatieveHoogteligging":0,"lokaalID":"G1900.65b0f5c69af948559c721ff64752615b","bgt_status":"bestaand","function":"voetpad","surfaceMaterial":"open verharding","plus_fysiekVoorkomenWegdeel":"tegels"},"geometry":{"type":"Polygon","coordinates":[[[172568.464,559659.512],[172567.577,559659.595],[172567.43,559657.84],[172568.339,559657.768],[172568.464,559659.512]]]}},{"type":"Feature","properties":{"relatieveHoogteligging":0,"lokaalID":"G1900.ac8134cffb5344f9925ed7f669c65516","bgt_status":"bestaand","function":"woonerf","surfaceMaterial":"open verharding","plus_fysiekVoorkomenWegdeel":"betonstraatstenen"},"geometry":{"type":"Polygon","coordinates":[[[172573.15,559757.64],[172575.638,559757.43],[172596.147,559755.695],[172616.457,559753.978],[172619.341,559753.734],[172620.091,559753.67],[172620.953,559753.598],[172622.085,559753.502],[172623.317,559753.398],[172623.692,559753.366],[172635.151,559752.397],[172636.442,559752.288],[172642.399,559751.784],[172642.618,559755.604],[172638.11,559756],[172637.69,559756.73],[172638.087,559760.529],[172573.86,559765.89],[172573.15,559757.64]]]}},{"type":"Feature","properties":{"relatieveHoogteligging":0,"lokaalID":"G1900.ee387ed5dcac44faa55e0a344c786e7c","bgt_status":"bestaand","function":"voetpad","surfaceMaterial":"open verharding","wegdeelOpTalud":"false","plus_fysiekVoorkomenWegdeel":"tegels"},"geometry":{"type":"Polygon","coordinates":[[[172557.344,559655.122],[172559.411,559654.955],[172559.497,559655.924],[172557.423,559656.084],[172557.344,559655.122]]]}}]}